<?xml version='1.0' encoding='UTF-8'?>
<gpx version="1.1" creator="https://www.komoot.de" xmlns="http://www.topografix.com/GPX/1/1" xmlns:xsi="http://www.w3.org/2001/XMLSchema-instance" xsi:schemaLocation="http://www.topografix.com/GPX/1/1 http://www.topografix.com/GPX/1/1/gpx.xsd">
  <metadata>
    <name>Bike Tour</name>
    <author>
      <link href="https://www.komoot.de">
        <text>komoot</text>
        <type>text/html</type>
      </link>
    </author>
  </metadata>
  <trk>
    <name>Bike Tour</name>
    <trkseg>
      <trkpt lat="37.401463" lon="-121.941344">
        <ele>7.266045</ele>
        <time>2022-07-31T22:10:22.999Z</time>
      </trkpt>
      <trkpt lat="37.401395" lon="-121.941265">
        <ele>7.266045</ele>
        <time>2022-07-31T22:10:26.998Z</time>
      </trkpt>
      <trkpt lat="37.401282" lon="-121.941311">
        <ele>7.266045</ele>
        <time>2022-07-31T22:10:32.998Z</time>
      </trkpt>
      <trkpt lat="37.401195" lon="-121.941439">
        <ele>7.266045</ele>
        <time>2022-07-31T22:10:35.998Z</time>
      </trkpt>
      <trkpt lat="37.401131" lon="-121.941525">
        <ele>7.266045</ele>
        <time>2022-07-31T22:10:37.998Z</time>
      </trkpt>
      <trkpt lat="37.401038" lon="-121.941559">
        <ele>7.266045</ele>
        <time>2022-07-31T22:10:39.998Z</time>
      </trkpt>
      <trkpt lat="37.400946" lon="-121.941564">
        <ele>7.266045</ele>
        <time>2022-07-31T22:10:41.998Z</time>
      </trkpt>
      <trkpt lat="37.400824" lon="-121.941510">
        <ele>7.266045</ele>
        <time>2022-07-31T22:10:44.998Z</time>
      </trkpt>
      <trkpt lat="37.400743" lon="-121.941444">
        <ele>7.266045</ele>
        <time>2022-07-31T22:10:46.998Z</time>
      </trkpt>
      <trkpt lat="37.400637" lon="-121.941365">
        <ele>7.273996</ele>
        <time>2022-07-31T22:10:49.998Z</time>
      </trkpt>
      <trkpt lat="37.400710" lon="-121.941472">
        <ele>7.285515</ele>
        <time>2022-07-31T22:10:59.998Z</time>
      </trkpt>
      <trkpt lat="37.400794" lon="-121.941560">
        <ele>7.296751</ele>
        <time>2022-07-31T22:11:02.998Z</time>
      </trkpt>
      <trkpt lat="37.400865" lon="-121.941662">
        <ele>7.307827</ele>
        <time>2022-07-31T22:11:05.998Z</time>
      </trkpt>
      <trkpt lat="37.400939" lon="-121.941756">
        <ele>7.318635</ele>
        <time>2022-07-31T22:11:08.998Z</time>
      </trkpt>
      <trkpt lat="37.401002" lon="-121.941868">
        <ele>7.329844</ele>
        <time>2022-07-31T22:11:11.998Z</time>
      </trkpt>
      <trkpt lat="37.401033" lon="-121.941991">
        <ele>7.340383</ele>
        <time>2022-07-31T22:11:15.998Z</time>
      </trkpt>
      <trkpt lat="37.401097" lon="-121.942131">
        <ele>7.353575</ele>
        <time>2022-07-31T22:11:18.998Z</time>
      </trkpt>
      <trkpt lat="37.401142" lon="-121.942240">
        <ele>7.363608</ele>
        <time>2022-07-31T22:11:20.998Z</time>
      </trkpt>
      <trkpt lat="37.401186" lon="-121.942360">
        <ele>7.374402</ele>
        <time>2022-07-31T22:11:22.998Z</time>
      </trkpt>
      <trkpt lat="37.401222" lon="-121.942481">
        <ele>7.384955</ele>
        <time>2022-07-31T22:11:24.998Z</time>
      </trkpt>
      <trkpt lat="37.401258" lon="-121.942604">
        <ele>7.395661</ele>
        <time>2022-07-31T22:11:26.998Z</time>
      </trkpt>
      <trkpt lat="37.401282" lon="-121.942725">
        <ele>7.405846</ele>
        <time>2022-07-31T22:11:28.998Z</time>
      </trkpt>
      <trkpt lat="37.401303" lon="-121.942852">
        <ele>7.416441</ele>
        <time>2022-07-31T22:11:30.998Z</time>
      </trkpt>
      <trkpt lat="37.401324" lon="-121.942982">
        <ele>7.427276</ele>
        <time>2022-07-31T22:11:32.998Z</time>
      </trkpt>
      <trkpt lat="37.401335" lon="-121.943112">
        <ele>7.437953</ele>
        <time>2022-07-31T22:11:34.998Z</time>
      </trkpt>
      <trkpt lat="37.401337" lon="-121.943246">
        <ele>7.448899</ele>
        <time>2022-07-31T22:11:36.998Z</time>
      </trkpt>
      <trkpt lat="37.401323" lon="-121.943389">
        <ele>7.351886</ele>
        <time>2022-07-31T22:11:38.998Z</time>
      </trkpt>
      <trkpt lat="37.401313" lon="-121.943512">
        <ele>7.248775</ele>
        <time>2022-07-31T22:11:40.998Z</time>
      </trkpt>
      <trkpt lat="37.401300" lon="-121.943645">
        <ele>7.137023</ele>
        <time>2022-07-31T22:11:42.998Z</time>
      </trkpt>
      <trkpt lat="37.401290" lon="-121.943777">
        <ele>7.026443</ele>
        <time>2022-07-31T22:11:44.998Z</time>
      </trkpt>
      <trkpt lat="37.401277" lon="-121.943904">
        <ele>6.919656</ele>
        <time>2022-07-31T22:11:46.998Z</time>
      </trkpt>
      <trkpt lat="37.401267" lon="-121.944034">
        <ele>6.810735</ele>
        <time>2022-07-31T22:11:48.998Z</time>
      </trkpt>
      <trkpt lat="37.401256" lon="-121.944164">
        <ele>6.701709</ele>
        <time>2022-07-31T22:11:50.998Z</time>
      </trkpt>
      <trkpt lat="37.401243" lon="-121.944299">
        <ele>6.588302</ele>
        <time>2022-07-31T22:11:52.998Z</time>
      </trkpt>
      <trkpt lat="37.401237" lon="-121.944439">
        <ele>6.471379</ele>
        <time>2022-07-31T22:11:54.998Z</time>
      </trkpt>
      <trkpt lat="37.401233" lon="-121.944579">
        <ele>6.354551</ele>
        <time>2022-07-31T22:11:56.998Z</time>
      </trkpt>
      <trkpt lat="37.401234" lon="-121.944726">
        <ele>6.231956</ele>
        <time>2022-07-31T22:11:58.998Z</time>
      </trkpt>
      <trkpt lat="37.401246" lon="-121.944864">
        <ele>6.116184</ele>
        <time>2022-07-31T22:12:00.998Z</time>
      </trkpt>
      <trkpt lat="37.401253" lon="-121.944997">
        <ele>6.005025</ele>
        <time>2022-07-31T22:12:02.998Z</time>
      </trkpt>
      <trkpt lat="37.401270" lon="-121.945133">
        <ele>5.890213</ele>
        <time>2022-07-31T22:12:04.998Z</time>
      </trkpt>
      <trkpt lat="37.401283" lon="-121.945268">
        <ele>5.776806</ele>
        <time>2022-07-31T22:12:06.998Z</time>
      </trkpt>
      <trkpt lat="37.401299" lon="-121.945402">
        <ele>5.663801</ele>
        <time>2022-07-31T22:12:08.998Z</time>
      </trkpt>
      <trkpt lat="37.401326" lon="-121.945531">
        <ele>5.557724</ele>
        <time>2022-07-31T22:12:10.998Z</time>
      </trkpt>
      <trkpt lat="37.401349" lon="-121.945663">
        <ele>5.502023</ele>
        <time>2022-07-31T22:12:12.998Z</time>
      </trkpt>
      <trkpt lat="37.401375" lon="-121.945798">
        <ele>5.444766</ele>
        <time>2022-07-31T22:12:14.998Z</time>
      </trkpt>
      <trkpt lat="37.401402" lon="-121.945932">
        <ele>5.387785</ele>
        <time>2022-07-31T22:12:16.998Z</time>
      </trkpt>
      <trkpt lat="37.401437" lon="-121.946065">
        <ele>5.330035</ele>
        <time>2022-07-31T22:12:18.998Z</time>
      </trkpt>
      <trkpt lat="37.401470" lon="-121.946194">
        <ele>5.274175</ele>
        <time>2022-07-31T22:12:20.998Z</time>
      </trkpt>
      <trkpt lat="37.401503" lon="-121.946324">
        <ele>5.217922</ele>
        <time>2022-07-31T22:12:22.998Z</time>
      </trkpt>
      <trkpt lat="37.401542" lon="-121.946450">
        <ele>5.162184</ele>
        <time>2022-07-31T22:12:24.998Z</time>
      </trkpt>
      <trkpt lat="37.401588" lon="-121.946571">
        <ele>5.106894</ele>
        <time>2022-07-31T22:12:26.998Z</time>
      </trkpt>
      <trkpt lat="37.401627" lon="-121.946688">
        <ele>5.054595</ele>
        <time>2022-07-31T22:12:28.998Z</time>
      </trkpt>
      <trkpt lat="37.401679" lon="-121.946808">
        <ele>4.998253</ele>
        <time>2022-07-31T22:12:30.998Z</time>
      </trkpt>
      <trkpt lat="37.401731" lon="-121.946926">
        <ele>4.942634</ele>
        <time>2022-07-31T22:12:32.998Z</time>
      </trkpt>
      <trkpt lat="37.401775" lon="-121.947043">
        <ele>4.889278</ele>
        <time>2022-07-31T22:12:34.998Z</time>
      </trkpt>
      <trkpt lat="37.401823" lon="-121.947157">
        <ele>4.836097</ele>
        <time>2022-07-31T22:12:36.998Z</time>
      </trkpt>
      <trkpt lat="37.401873" lon="-121.947275">
        <ele>4.780974</ele>
        <time>2022-07-31T22:12:38.998Z</time>
      </trkpt>
      <trkpt lat="37.401931" lon="-121.947387">
        <ele>4.725867</ele>
        <time>2022-07-31T22:12:40.998Z</time>
      </trkpt>
      <trkpt lat="37.401995" lon="-121.947492">
        <ele>4.671316</ele>
        <time>2022-07-31T22:12:42.998Z</time>
      </trkpt>
      <trkpt lat="37.402066" lon="-121.947589">
        <ele>4.630440</ele>
        <time>2022-07-31T22:12:44.998Z</time>
      </trkpt>
      <trkpt lat="37.402134" lon="-121.947678">
        <ele>4.634090</ele>
        <time>2022-07-31T22:12:46.998Z</time>
      </trkpt>
      <trkpt lat="37.402205" lon="-121.947767">
        <ele>4.637818</ele>
        <time>2022-07-31T22:12:48.998Z</time>
      </trkpt>
      <trkpt lat="37.402273" lon="-121.947860">
        <ele>4.641554</ele>
        <time>2022-07-31T22:12:50.998Z</time>
      </trkpt>
      <trkpt lat="37.402353" lon="-121.947950">
        <ele>4.645546</ele>
        <time>2022-07-31T22:12:52.998Z</time>
      </trkpt>
      <trkpt lat="37.402431" lon="-121.948047">
        <ele>4.649626</ele>
        <time>2022-07-31T22:12:54.998Z</time>
      </trkpt>
      <trkpt lat="37.402507" lon="-121.948144">
        <ele>4.653653</ele>
        <time>2022-07-31T22:12:56.998Z</time>
      </trkpt>
      <trkpt lat="37.402581" lon="-121.948236">
        <ele>4.657523</ele>
        <time>2022-07-31T22:12:58.998Z</time>
      </trkpt>
      <trkpt lat="37.402651" lon="-121.948330">
        <ele>4.661331</ele>
        <time>2022-07-31T22:13:00.998Z</time>
      </trkpt>
      <trkpt lat="37.402728" lon="-121.948415">
        <ele>4.665141</ele>
        <time>2022-07-31T22:13:02.998Z</time>
      </trkpt>
      <trkpt lat="37.402803" lon="-121.948501">
        <ele>4.668916</ele>
        <time>2022-07-31T22:13:04.998Z</time>
      </trkpt>
      <trkpt lat="37.402880" lon="-121.948585">
        <ele>4.672707</ele>
        <time>2022-07-31T22:13:06.998Z</time>
      </trkpt>
      <trkpt lat="37.402958" lon="-121.948674">
        <ele>4.676624</ele>
        <time>2022-07-31T22:13:08.998Z</time>
      </trkpt>
      <trkpt lat="37.403036" lon="-121.948761">
        <ele>4.680502</ele>
        <time>2022-07-31T22:13:10.998Z</time>
      </trkpt>
      <trkpt lat="37.403112" lon="-121.948853">
        <ele>4.684425</ele>
        <time>2022-07-31T22:13:12.998Z</time>
      </trkpt>
      <trkpt lat="37.403187" lon="-121.948944">
        <ele>4.688301</ele>
        <time>2022-07-31T22:13:14.998Z</time>
      </trkpt>
      <trkpt lat="37.403264" lon="-121.949031">
        <ele>4.692150</ele>
        <time>2022-07-31T22:13:16.998Z</time>
      </trkpt>
      <trkpt lat="37.403336" lon="-121.949124">
        <ele>4.695989</ele>
        <time>2022-07-31T22:13:18.998Z</time>
      </trkpt>
      <trkpt lat="37.403404" lon="-121.949226">
        <ele>4.700608</ele>
        <time>2022-07-31T22:13:20.998Z</time>
      </trkpt>
      <trkpt lat="37.403475" lon="-121.949324">
        <ele>4.705302</ele>
        <time>2022-07-31T22:13:22.998Z</time>
      </trkpt>
      <trkpt lat="37.403543" lon="-121.949424">
        <ele>4.709960</ele>
        <time>2022-07-31T22:13:24.998Z</time>
      </trkpt>
      <trkpt lat="37.403609" lon="-121.949524">
        <ele>4.714561</ele>
        <time>2022-07-31T22:13:26.998Z</time>
      </trkpt>
      <trkpt lat="37.403673" lon="-121.949619">
        <ele>4.718968</ele>
        <time>2022-07-31T22:13:28.998Z</time>
      </trkpt>
      <trkpt lat="37.403734" lon="-121.949721">
        <ele>4.723486</ele>
        <time>2022-07-31T22:13:30.998Z</time>
      </trkpt>
      <trkpt lat="37.403790" lon="-121.949828">
        <ele>4.728021</ele>
        <time>2022-07-31T22:13:32.998Z</time>
      </trkpt>
      <trkpt lat="37.403847" lon="-121.949939">
        <ele>4.732698</ele>
        <time>2022-07-31T22:13:34.998Z</time>
      </trkpt>
      <trkpt lat="37.403907" lon="-121.950050">
        <ele>4.737449</ele>
        <time>2022-07-31T22:13:36.998Z</time>
      </trkpt>
      <trkpt lat="37.403970" lon="-121.950160">
        <ele>4.742248</ele>
        <time>2022-07-31T22:13:38.998Z</time>
      </trkpt>
      <trkpt lat="37.404023" lon="-121.950274">
        <ele>4.746922</ele>
        <time>2022-07-31T22:13:40.998Z</time>
      </trkpt>
      <trkpt lat="37.404086" lon="-121.950380">
        <ele>4.751607</ele>
        <time>2022-07-31T22:13:42.998Z</time>
      </trkpt>
      <trkpt lat="37.404144" lon="-121.950487">
        <ele>4.756191</ele>
        <time>2022-07-31T22:13:44.998Z</time>
      </trkpt>
      <trkpt lat="37.404206" lon="-121.950593">
        <ele>4.760849</ele>
        <time>2022-07-31T22:13:46.998Z</time>
      </trkpt>
      <trkpt lat="37.404267" lon="-121.950698">
        <ele>4.765452</ele>
        <time>2022-07-31T22:13:48.998Z</time>
      </trkpt>
      <trkpt lat="37.404335" lon="-121.950791">
        <ele>4.769925</ele>
        <time>2022-07-31T22:13:50.998Z</time>
      </trkpt>
      <trkpt lat="37.404396" lon="-121.950884">
        <ele>4.774193</ele>
        <time>2022-07-31T22:13:52.998Z</time>
      </trkpt>
      <trkpt lat="37.404466" lon="-121.950971">
        <ele>4.765756</ele>
        <time>2022-07-31T22:13:54.998Z</time>
      </trkpt>
      <trkpt lat="37.404538" lon="-121.951055">
        <ele>4.741950</ele>
        <time>2022-07-31T22:13:56.998Z</time>
      </trkpt>
      <trkpt lat="37.404604" lon="-121.951141">
        <ele>4.718915</ele>
        <time>2022-07-31T22:13:58.998Z</time>
      </trkpt>
      <trkpt lat="37.404676" lon="-121.951233">
        <ele>4.694036</ele>
        <time>2022-07-31T22:14:00.998Z</time>
      </trkpt>
      <trkpt lat="37.404753" lon="-121.951316">
        <ele>4.669453</ele>
        <time>2022-07-31T22:14:02.998Z</time>
      </trkpt>
      <trkpt lat="37.404830" lon="-121.951403">
        <ele>4.644362</ele>
        <time>2022-07-31T22:14:04.998Z</time>
      </trkpt>
      <trkpt lat="37.404910" lon="-121.951482">
        <ele>4.619705</ele>
        <time>2022-07-31T22:14:06.998Z</time>
      </trkpt>
      <trkpt lat="37.404997" lon="-121.951548">
        <ele>4.595073</ele>
        <time>2022-07-31T22:14:08.998Z</time>
      </trkpt>
      <trkpt lat="37.405087" lon="-121.951605">
        <ele>4.570641</ele>
        <time>2022-07-31T22:14:10.998Z</time>
      </trkpt>
      <trkpt lat="37.405171" lon="-121.951661">
        <ele>4.547591</ele>
        <time>2022-07-31T22:14:12.998Z</time>
      </trkpt>
      <trkpt lat="37.405249" lon="-121.951730">
        <ele>4.524472</ele>
        <time>2022-07-31T22:14:14.998Z</time>
      </trkpt>
      <trkpt lat="37.405332" lon="-121.951800">
        <ele>4.500245</ele>
        <time>2022-07-31T22:14:16.998Z</time>
      </trkpt>
      <trkpt lat="37.405419" lon="-121.951850">
        <ele>4.477052</ele>
        <time>2022-07-31T22:14:18.998Z</time>
      </trkpt>
      <trkpt lat="37.405502" lon="-121.951908">
        <ele>4.454032</ele>
        <time>2022-07-31T22:14:20.998Z</time>
      </trkpt>
      <trkpt lat="37.405592" lon="-121.951949">
        <ele>4.430821</ele>
        <time>2022-07-31T22:14:22.998Z</time>
      </trkpt>
      <trkpt lat="37.405679" lon="-121.951999">
        <ele>4.407629</ele>
        <time>2022-07-31T22:14:24.998Z</time>
      </trkpt>
      <trkpt lat="37.405771" lon="-121.952048">
        <ele>4.383404</ele>
        <time>2022-07-31T22:14:26.998Z</time>
      </trkpt>
      <trkpt lat="37.405851" lon="-121.952110">
        <ele>4.360622</ele>
        <time>2022-07-31T22:14:28.998Z</time>
      </trkpt>
      <trkpt lat="37.405936" lon="-121.952179">
        <ele>4.335003</ele>
        <time>2022-07-31T22:14:30.998Z</time>
      </trkpt>
      <trkpt lat="37.406019" lon="-121.952256">
        <ele>4.303667</ele>
        <time>2022-07-31T22:14:32.998Z</time>
      </trkpt>
      <trkpt lat="37.406106" lon="-121.952325">
        <ele>4.272415</ele>
        <time>2022-07-31T22:14:34.998Z</time>
      </trkpt>
      <trkpt lat="37.406195" lon="-121.952392">
        <ele>4.240898</ele>
        <time>2022-07-31T22:14:36.998Z</time>
      </trkpt>
      <trkpt lat="37.406278" lon="-121.952461">
        <ele>4.210668</ele>
        <time>2022-07-31T22:14:38.998Z</time>
      </trkpt>
      <trkpt lat="37.406362" lon="-121.952534">
        <ele>4.179645</ele>
        <time>2022-07-31T22:14:40.998Z</time>
      </trkpt>
      <trkpt lat="37.406446" lon="-121.952611">
        <ele>4.148064</ele>
        <time>2022-07-31T22:14:42.998Z</time>
      </trkpt>
      <trkpt lat="37.406534" lon="-121.952682">
        <ele>4.116297</ele>
        <time>2022-07-31T22:14:44.998Z</time>
      </trkpt>
      <trkpt lat="37.406622" lon="-121.952755">
        <ele>4.084266</ele>
        <time>2022-07-31T22:14:46.998Z</time>
      </trkpt>
      <trkpt lat="37.406705" lon="-121.952838">
        <ele>4.052050</ele>
        <time>2022-07-31T22:14:48.998Z</time>
      </trkpt>
      <trkpt lat="37.406790" lon="-121.952923">
        <ele>4.019057</ele>
        <time>2022-07-31T22:14:50.998Z</time>
      </trkpt>
      <trkpt lat="37.406872" lon="-121.953014">
        <ele>3.985834</ele>
        <time>2022-07-31T22:14:52.998Z</time>
      </trkpt>
      <trkpt lat="37.406949" lon="-121.953108">
        <ele>3.953235</ele>
        <time>2022-07-31T22:14:54.998Z</time>
      </trkpt>
      <trkpt lat="37.407025" lon="-121.953196">
        <ele>3.921852</ele>
        <time>2022-07-31T22:14:56.998Z</time>
      </trkpt>
      <trkpt lat="37.407095" lon="-121.953294">
        <ele>3.890034</ele>
        <time>2022-07-31T22:14:58.998Z</time>
      </trkpt>
      <trkpt lat="37.407167" lon="-121.953398">
        <ele>3.856728</ele>
        <time>2022-07-31T22:15:00.998Z</time>
      </trkpt>
      <trkpt lat="37.407237" lon="-121.953500">
        <ele>3.824185</ele>
        <time>2022-07-31T22:15:02.998Z</time>
      </trkpt>
      <trkpt lat="37.407310" lon="-121.953595">
        <ele>3.793286</ele>
        <time>2022-07-31T22:15:04.998Z</time>
      </trkpt>
      <trkpt lat="37.407396" lon="-121.953678">
        <ele>3.782987</ele>
        <time>2022-07-31T22:15:06.998Z</time>
      </trkpt>
      <trkpt lat="37.407477" lon="-121.953767">
        <ele>3.772769</ele>
        <time>2022-07-31T22:15:08.998Z</time>
      </trkpt>
      <trkpt lat="37.407546" lon="-121.953868">
        <ele>3.762712</ele>
        <time>2022-07-31T22:15:10.998Z</time>
      </trkpt>
      <trkpt lat="37.407617" lon="-121.953969">
        <ele>3.752530</ele>
        <time>2022-07-31T22:15:12.998Z</time>
      </trkpt>
      <trkpt lat="37.407689" lon="-121.954063">
        <ele>3.742672</ele>
        <time>2022-07-31T22:15:14.998Z</time>
      </trkpt>
      <trkpt lat="37.407758" lon="-121.954157">
        <ele>3.733009</ele>
        <time>2022-07-31T22:15:16.998Z</time>
      </trkpt>
      <trkpt lat="37.407829" lon="-121.954257">
        <ele>3.722884</ele>
        <time>2022-07-31T22:15:18.998Z</time>
      </trkpt>
      <trkpt lat="37.407894" lon="-121.954364">
        <ele>3.712714</ele>
        <time>2022-07-31T22:15:20.998Z</time>
      </trkpt>
      <trkpt lat="37.407958" lon="-121.954471">
        <ele>3.702602</ele>
        <time>2022-07-31T22:15:22.998Z</time>
      </trkpt>
      <trkpt lat="37.408025" lon="-121.954572">
        <ele>3.692668</ele>
        <time>2022-07-31T22:15:24.998Z</time>
      </trkpt>
      <trkpt lat="37.408090" lon="-121.954680">
        <ele>3.682439</ele>
        <time>2022-07-31T22:15:26.998Z</time>
      </trkpt>
      <trkpt lat="37.408149" lon="-121.954780">
        <ele>3.673035</ele>
        <time>2022-07-31T22:15:28.998Z</time>
      </trkpt>
      <trkpt lat="37.408213" lon="-121.954883">
        <ele>3.663163</ele>
        <time>2022-07-31T22:15:30.998Z</time>
      </trkpt>
      <trkpt lat="37.408272" lon="-121.954992">
        <ele>3.653205</ele>
        <time>2022-07-31T22:15:32.998Z</time>
      </trkpt>
      <trkpt lat="37.408335" lon="-121.955098">
        <ele>3.643211</ele>
        <time>2022-07-31T22:15:34.998Z</time>
      </trkpt>
      <trkpt lat="37.408393" lon="-121.955207">
        <ele>3.633306</ele>
        <time>2022-07-31T22:15:36.998Z</time>
      </trkpt>
      <trkpt lat="37.408450" lon="-121.955322">
        <ele>3.623073</ele>
        <time>2022-07-31T22:15:38.998Z</time>
      </trkpt>
      <trkpt lat="37.408511" lon="-121.955430">
        <ele>3.654767</ele>
        <time>2022-07-31T22:15:40.998Z</time>
      </trkpt>
      <trkpt lat="37.408563" lon="-121.955548">
        <ele>3.688223</ele>
        <time>2022-07-31T22:15:42.998Z</time>
      </trkpt>
      <trkpt lat="37.408613" lon="-121.955666">
        <ele>3.721380</ele>
        <time>2022-07-31T22:15:44.998Z</time>
      </trkpt>
      <trkpt lat="37.408666" lon="-121.955780">
        <ele>3.754129</ele>
        <time>2022-07-31T22:15:46.998Z</time>
      </trkpt>
      <trkpt lat="37.408717" lon="-121.955900">
        <ele>3.787871</ele>
        <time>2022-07-31T22:15:48.998Z</time>
      </trkpt>
      <trkpt lat="37.408760" lon="-121.956020">
        <ele>3.820509</ele>
        <time>2022-07-31T22:15:50.998Z</time>
      </trkpt>
      <trkpt lat="37.408816" lon="-121.956131">
        <ele>3.853110</ele>
        <time>2022-07-31T22:15:52.998Z</time>
      </trkpt>
      <trkpt lat="37.408862" lon="-121.956244">
        <ele>3.884591</ele>
        <time>2022-07-31T22:15:54.998Z</time>
      </trkpt>
      <trkpt lat="37.408907" lon="-121.956359">
        <ele>3.916374</ele>
        <time>2022-07-31T22:15:56.998Z</time>
      </trkpt>
      <trkpt lat="37.408957" lon="-121.956470">
        <ele>3.948011</ele>
        <time>2022-07-31T22:15:58.998Z</time>
      </trkpt>
      <trkpt lat="37.409003" lon="-121.956586">
        <ele>3.980155</ele>
        <time>2022-07-31T22:16:00.998Z</time>
      </trkpt>
      <trkpt lat="37.409037" lon="-121.956704">
        <ele>4.011275</ele>
        <time>2022-07-31T22:16:02.998Z</time>
      </trkpt>
      <trkpt lat="37.409087" lon="-121.956818">
        <ele>4.043561</ele>
        <time>2022-07-31T22:16:04.998Z</time>
      </trkpt>
      <trkpt lat="37.409130" lon="-121.956935">
        <ele>4.075522</ele>
        <time>2022-07-31T22:16:06.998Z</time>
      </trkpt>
      <trkpt lat="37.409166" lon="-121.957055">
        <ele>4.107324</ele>
        <time>2022-07-31T22:16:08.998Z</time>
      </trkpt>
      <trkpt lat="37.409209" lon="-121.957165">
        <ele>4.137719</ele>
        <time>2022-07-31T22:16:10.998Z</time>
      </trkpt>
      <trkpt lat="37.409242" lon="-121.957276">
        <ele>4.167103</ele>
        <time>2022-07-31T22:16:12.998Z</time>
      </trkpt>
      <trkpt lat="37.409277" lon="-121.957394">
        <ele>4.207956</ele>
        <time>2022-07-31T22:16:14.998Z</time>
      </trkpt>
      <trkpt lat="37.409313" lon="-121.957512">
        <ele>4.260635</ele>
        <time>2022-07-31T22:16:16.998Z</time>
      </trkpt>
      <trkpt lat="37.409355" lon="-121.957631">
        <ele>4.314903</ele>
        <time>2022-07-31T22:16:18.998Z</time>
      </trkpt>
      <trkpt lat="37.409390" lon="-121.957753">
        <ele>4.368960</ele>
        <time>2022-07-31T22:16:20.998Z</time>
      </trkpt>
      <trkpt lat="37.409429" lon="-121.957869">
        <ele>4.421455</ele>
        <time>2022-07-31T22:16:22.998Z</time>
      </trkpt>
      <trkpt lat="37.409469" lon="-121.957988">
        <ele>4.475305</ele>
        <time>2022-07-31T22:16:24.998Z</time>
      </trkpt>
      <trkpt lat="37.409509" lon="-121.958107">
        <ele>4.529156</ele>
        <time>2022-07-31T22:16:26.998Z</time>
      </trkpt>
      <trkpt lat="37.409547" lon="-121.958233">
        <ele>4.585323</ele>
        <time>2022-07-31T22:16:28.998Z</time>
      </trkpt>
      <trkpt lat="37.409588" lon="-121.958350">
        <ele>4.638617</ele>
        <time>2022-07-31T22:16:30.998Z</time>
      </trkpt>
      <trkpt lat="37.409621" lon="-121.958471">
        <ele>4.691933</ele>
        <time>2022-07-31T22:16:32.998Z</time>
      </trkpt>
      <trkpt lat="37.409641" lon="-121.958598">
        <ele>4.745889</ele>
        <time>2022-07-31T22:16:34.998Z</time>
      </trkpt>
      <trkpt lat="37.409659" lon="-121.958724">
        <ele>4.799242</ele>
        <time>2022-07-31T22:16:36.998Z</time>
      </trkpt>
      <trkpt lat="37.409698" lon="-121.958853">
        <ele>4.856764</ele>
        <time>2022-07-31T22:16:38.998Z</time>
      </trkpt>
      <trkpt lat="37.409748" lon="-121.959000">
        <ele>4.923406</ele>
        <time>2022-07-31T22:16:40.998Z</time>
      </trkpt>
      <trkpt lat="37.409804" lon="-121.959158">
        <ele>4.995509</ele>
        <time>2022-07-31T22:16:42.998Z</time>
      </trkpt>
      <trkpt lat="37.409863" lon="-121.959326">
        <ele>5.072060</ele>
        <time>2022-07-31T22:16:44.998Z</time>
      </trkpt>
      <trkpt lat="37.409929" lon="-121.959498">
        <ele>5.156746</ele>
        <time>2022-07-31T22:16:46.998Z</time>
      </trkpt>
      <trkpt lat="37.409980" lon="-121.959684">
        <ele>5.256261</ele>
        <time>2022-07-31T22:16:48.998Z</time>
      </trkpt>
      <trkpt lat="37.410025" lon="-121.959873">
        <ele>5.356048</ele>
        <time>2022-07-31T22:16:50.998Z</time>
      </trkpt>
      <trkpt lat="37.410090" lon="-121.960038">
        <ele>5.449194</ele>
        <time>2022-07-31T22:16:52.998Z</time>
      </trkpt>
      <trkpt lat="37.410186" lon="-121.960192">
        <ele>5.548199</ele>
        <time>2022-07-31T22:16:54.998Z</time>
      </trkpt>
      <trkpt lat="37.410268" lon="-121.960334">
        <ele>5.636987</ele>
        <time>2022-07-31T22:16:56.998Z</time>
      </trkpt>
      <trkpt lat="37.410379" lon="-121.960427">
        <ele>5.721881</ele>
        <time>2022-07-31T22:16:58.998Z</time>
      </trkpt>
      <trkpt lat="37.410464" lon="-121.960532">
        <ele>5.797702</ele>
        <time>2022-07-31T22:17:00.998Z</time>
      </trkpt>
      <trkpt lat="37.410539" lon="-121.960616">
        <ele>5.861616</ele>
        <time>2022-07-31T22:17:02.998Z</time>
      </trkpt>
      <trkpt lat="37.410614" lon="-121.960688">
        <ele>5.921668</ele>
        <time>2022-07-31T22:17:04.998Z</time>
      </trkpt>
      <trkpt lat="37.410705" lon="-121.960796">
        <ele>6.001295</ele>
        <time>2022-07-31T22:17:07.998Z</time>
      </trkpt>
      <trkpt lat="37.410793" lon="-121.960876">
        <ele>6.070405</ele>
        <time>2022-07-31T22:17:10.998Z</time>
      </trkpt>
      <trkpt lat="37.410879" lon="-121.960941">
        <ele>6.134272</ele>
        <time>2022-07-31T22:17:13.998Z</time>
      </trkpt>
      <trkpt lat="37.410959" lon="-121.961008">
        <ele>6.195449</ele>
        <time>2022-07-31T22:17:16.998Z</time>
      </trkpt>
      <trkpt lat="37.411036" lon="-121.961074">
        <ele>6.254759</ele>
        <time>2022-07-31T22:17:19.998Z</time>
      </trkpt>
      <trkpt lat="37.411145" lon="-121.961114">
        <ele>6.160818</ele>
        <time>2022-07-31T22:17:23.998Z</time>
      </trkpt>
      <trkpt lat="37.411235" lon="-121.961168">
        <ele>6.028768</ele>
        <time>2022-07-31T22:17:27.998Z</time>
      </trkpt>
      <trkpt lat="37.411334" lon="-121.961249">
        <ele>5.872385</ele>
        <time>2022-07-31T22:17:31.998Z</time>
      </trkpt>
      <trkpt lat="37.411408" lon="-121.961324">
        <ele>5.746559</ele>
        <time>2022-07-31T22:17:34.998Z</time>
      </trkpt>
      <trkpt lat="37.411496" lon="-121.961401">
        <ele>5.604617</ele>
        <time>2022-07-31T22:17:37.998Z</time>
      </trkpt>
      <trkpt lat="37.411590" lon="-121.961481">
        <ele>5.454336</ele>
        <time>2022-07-31T22:17:40.998Z</time>
      </trkpt>
      <trkpt lat="37.411686" lon="-121.961560">
        <ele>5.302432</ele>
        <time>2022-07-31T22:17:43.998Z</time>
      </trkpt>
      <trkpt lat="37.411784" lon="-121.961640">
        <ele>5.147733</ele>
        <time>2022-07-31T22:17:46.999Z</time>
      </trkpt>
      <trkpt lat="37.411881" lon="-121.961725">
        <ele>4.991200</ele>
        <time>2022-07-31T22:17:49.999Z</time>
      </trkpt>
      <trkpt lat="37.411973" lon="-121.961816">
        <ele>4.836237</ele>
        <time>2022-07-31T22:17:52.999Z</time>
      </trkpt>
      <trkpt lat="37.412062" lon="-121.961907">
        <ele>4.684379</ele>
        <time>2022-07-31T22:17:55.999Z</time>
      </trkpt>
      <trkpt lat="37.412160" lon="-121.961992">
        <ele>4.526757</ele>
        <time>2022-07-31T22:17:58.999Z</time>
      </trkpt>
      <trkpt lat="37.412261" lon="-121.962083">
        <ele>4.362256</ele>
        <time>2022-07-31T22:18:01.999Z</time>
      </trkpt>
      <trkpt lat="37.412369" lon="-121.962172">
        <ele>4.191292</ele>
        <time>2022-07-31T22:18:04.999Z</time>
      </trkpt>
      <trkpt lat="37.412476" lon="-121.962269">
        <ele>4.016654</ele>
        <time>2022-07-31T22:18:07.999Z</time>
      </trkpt>
      <trkpt lat="37.412552" lon="-121.962332">
        <ele>3.896132</ele>
        <time>2022-07-31T22:18:09.999Z</time>
      </trkpt>
      <trkpt lat="37.412626" lon="-121.962397">
        <ele>3.905775</ele>
        <time>2022-07-31T22:18:11.999Z</time>
      </trkpt>
      <trkpt lat="37.412701" lon="-121.962463">
        <ele>3.921693</ele>
        <time>2022-07-31T22:18:13.999Z</time>
      </trkpt>
      <trkpt lat="37.412813" lon="-121.962555">
        <ele>3.944955</ele>
        <time>2022-07-31T22:18:16.999Z</time>
      </trkpt>
      <trkpt lat="37.412888" lon="-121.962621">
        <ele>3.960873</ele>
        <time>2022-07-31T22:18:18.999Z</time>
      </trkpt>
      <trkpt lat="37.412999" lon="-121.962718">
        <ele>3.984377</ele>
        <time>2022-07-31T22:18:21.999Z</time>
      </trkpt>
      <trkpt lat="37.413074" lon="-121.962785">
        <ele>4.000374</ele>
        <time>2022-07-31T22:18:23.999Z</time>
      </trkpt>
      <trkpt lat="37.413185" lon="-121.962881">
        <ele>4.023799</ele>
        <time>2022-07-31T22:18:26.999Z</time>
      </trkpt>
      <trkpt lat="37.413291" lon="-121.962982">
        <ele>4.046923</ele>
        <time>2022-07-31T22:18:29.999Z</time>
      </trkpt>
      <trkpt lat="37.413367" lon="-121.963045">
        <ele>4.062752</ele>
        <time>2022-07-31T22:18:31.999Z</time>
      </trkpt>
      <trkpt lat="37.413470" lon="-121.963146">
        <ele>4.085462</ele>
        <time>2022-07-31T22:18:34.999Z</time>
      </trkpt>
      <trkpt lat="37.413577" lon="-121.963242">
        <ele>4.108317</ele>
        <time>2022-07-31T22:18:37.999Z</time>
      </trkpt>
      <trkpt lat="37.413680" lon="-121.963332">
        <ele>4.130127</ele>
        <time>2022-07-31T22:18:40.999Z</time>
      </trkpt>
      <trkpt lat="37.413788" lon="-121.963423">
        <ele>4.152732</ele>
        <time>2022-07-31T22:18:43.999Z</time>
      </trkpt>
      <trkpt lat="37.413898" lon="-121.963517">
        <ele>4.175858</ele>
        <time>2022-07-31T22:18:46.999Z</time>
      </trkpt>
      <trkpt lat="37.414004" lon="-121.963609">
        <ele>4.198254</ele>
        <time>2022-07-31T22:18:49.999Z</time>
      </trkpt>
      <trkpt lat="37.414107" lon="-121.963705">
        <ele>4.200801</ele>
        <time>2022-07-31T22:18:52.999Z</time>
      </trkpt>
      <trkpt lat="37.414215" lon="-121.963814">
        <ele>4.196726</ele>
        <time>2022-07-31T22:18:55.999Z</time>
      </trkpt>
      <trkpt lat="37.414312" lon="-121.963879">
        <ele>4.193491</ele>
        <time>2022-07-31T22:18:57.999Z</time>
      </trkpt>
      <trkpt lat="37.414400" lon="-121.963961">
        <ele>4.190268</ele>
        <time>2022-07-31T22:18:59.999Z</time>
      </trkpt>
      <trkpt lat="37.414490" lon="-121.964033">
        <ele>4.187129</ele>
        <time>2022-07-31T22:19:01.999Z</time>
      </trkpt>
      <trkpt lat="37.414570" lon="-121.964107">
        <ele>4.184206</ele>
        <time>2022-07-31T22:19:03.999Z</time>
      </trkpt>
      <trkpt lat="37.414645" lon="-121.964184">
        <ele>4.181357</ele>
        <time>2022-07-31T22:19:05.999Z</time>
      </trkpt>
      <trkpt lat="37.414725" lon="-121.964251">
        <ele>4.178529</ele>
        <time>2022-07-31T22:19:07.999Z</time>
      </trkpt>
      <trkpt lat="37.414805" lon="-121.964319">
        <ele>4.175687</ele>
        <time>2022-07-31T22:19:09.999Z</time>
      </trkpt>
      <trkpt lat="37.414882" lon="-121.964390">
        <ele>4.172877</ele>
        <time>2022-07-31T22:19:11.999Z</time>
      </trkpt>
      <trkpt lat="37.414961" lon="-121.964464">
        <ele>4.169978</ele>
        <time>2022-07-31T22:19:13.999Z</time>
      </trkpt>
      <trkpt lat="37.415034" lon="-121.964541">
        <ele>4.167175</ele>
        <time>2022-07-31T22:19:15.999Z</time>
      </trkpt>
      <trkpt lat="37.415106" lon="-121.964621">
        <ele>4.164348</ele>
        <time>2022-07-31T22:19:17.999Z</time>
      </trkpt>
      <trkpt lat="37.415185" lon="-121.964692">
        <ele>4.161490</ele>
        <time>2022-07-31T22:19:19.999Z</time>
      </trkpt>
      <trkpt lat="37.415263" lon="-121.964759">
        <ele>4.158710</ele>
        <time>2022-07-31T22:19:21.999Z</time>
      </trkpt>
      <trkpt lat="37.415342" lon="-121.964827">
        <ele>4.155893</ele>
        <time>2022-07-31T22:19:23.999Z</time>
      </trkpt>
      <trkpt lat="37.415419" lon="-121.964897">
        <ele>4.153097</ele>
        <time>2022-07-31T22:19:25.999Z</time>
      </trkpt>
      <trkpt lat="37.415499" lon="-121.964961">
        <ele>4.151476</ele>
        <time>2022-07-31T22:19:27.999Z</time>
      </trkpt>
      <trkpt lat="37.415577" lon="-121.965031">
        <ele>4.156889</ele>
        <time>2022-07-31T22:19:29.999Z</time>
      </trkpt>
      <trkpt lat="37.415668" lon="-121.965085">
        <ele>4.162573</ele>
        <time>2022-07-31T22:19:31.999Z</time>
      </trkpt>
      <trkpt lat="37.415750" lon="-121.965150">
        <ele>4.168048</ele>
        <time>2022-07-31T22:19:33.999Z</time>
      </trkpt>
      <trkpt lat="37.415829" lon="-121.965222">
        <ele>4.173559</ele>
        <time>2022-07-31T22:19:35.999Z</time>
      </trkpt>
      <trkpt lat="37.415908" lon="-121.965290">
        <ele>4.178966</ele>
        <time>2022-07-31T22:19:37.999Z</time>
      </trkpt>
      <trkpt lat="37.415980" lon="-121.965364">
        <ele>4.184218</ele>
        <time>2022-07-31T22:19:39.999Z</time>
      </trkpt>
      <trkpt lat="37.416054" lon="-121.965441">
        <ele>4.189643</ele>
        <time>2022-07-31T22:19:41.999Z</time>
      </trkpt>
      <trkpt lat="37.416137" lon="-121.965501">
        <ele>4.195051</ele>
        <time>2022-07-31T22:19:43.999Z</time>
      </trkpt>
      <trkpt lat="37.416213" lon="-121.965572">
        <ele>4.200398</ele>
        <time>2022-07-31T22:19:45.999Z</time>
      </trkpt>
      <trkpt lat="37.416290" lon="-121.965641">
        <ele>4.205739</ele>
        <time>2022-07-31T22:19:47.999Z</time>
      </trkpt>
      <trkpt lat="37.416368" lon="-121.965704">
        <ele>4.210975</ele>
        <time>2022-07-31T22:19:49.999Z</time>
      </trkpt>
      <trkpt lat="37.416444" lon="-121.965772">
        <ele>4.216243</ele>
        <time>2022-07-31T22:19:51.999Z</time>
      </trkpt>
      <trkpt lat="37.416525" lon="-121.965839">
        <ele>4.221720</ele>
        <time>2022-07-31T22:19:53.999Z</time>
      </trkpt>
      <trkpt lat="37.416607" lon="-121.965911">
        <ele>4.227369</ele>
        <time>2022-07-31T22:19:55.999Z</time>
      </trkpt>
      <trkpt lat="37.416685" lon="-121.965984">
        <ele>4.232860</ele>
        <time>2022-07-31T22:19:57.999Z</time>
      </trkpt>
      <trkpt lat="37.416763" lon="-121.966051">
        <ele>4.238196</ele>
        <time>2022-07-31T22:19:59.999Z</time>
      </trkpt>
      <trkpt lat="37.416839" lon="-121.966121">
        <ele>4.243517</ele>
        <time>2022-07-31T22:20:01.999Z</time>
      </trkpt>
      <trkpt lat="37.416914" lon="-121.966190">
        <ele>4.248765</ele>
        <time>2022-07-31T22:20:03.999Z</time>
      </trkpt>
      <trkpt lat="37.416994" lon="-121.966255">
        <ele>4.285285</ele>
        <time>2022-07-31T22:20:05.999Z</time>
      </trkpt>
      <trkpt lat="37.417066" lon="-121.966328">
        <ele>4.380630</ele>
        <time>2022-07-31T22:20:07.999Z</time>
      </trkpt>
      <trkpt lat="37.417146" lon="-121.966394">
        <ele>4.479279</ele>
        <time>2022-07-31T22:20:09.999Z</time>
      </trkpt>
      <trkpt lat="37.417222" lon="-121.966462">
        <ele>4.575443</ele>
        <time>2022-07-31T22:20:11.999Z</time>
      </trkpt>
      <trkpt lat="37.417295" lon="-121.966532">
        <ele>4.670085</ele>
        <time>2022-07-31T22:20:13.999Z</time>
      </trkpt>
      <trkpt lat="37.417372" lon="-121.966598">
        <ele>4.766160</ele>
        <time>2022-07-31T22:20:15.999Z</time>
      </trkpt>
      <trkpt lat="37.417443" lon="-121.966669">
        <ele>4.859677</ele>
        <time>2022-07-31T22:20:17.999Z</time>
      </trkpt>
      <trkpt lat="37.417554" lon="-121.966761">
        <ele>4.996742</ele>
        <time>2022-07-31T22:20:20.999Z</time>
      </trkpt>
      <trkpt lat="37.417664" lon="-121.966845">
        <ele>5.129433</ele>
        <time>2022-07-31T22:20:23.999Z</time>
      </trkpt>
      <trkpt lat="37.417768" lon="-121.966915">
        <ele>5.251065</ele>
        <time>2022-07-31T22:20:26.999Z</time>
      </trkpt>
      <trkpt lat="37.417869" lon="-121.966998">
        <ele>5.375462</ele>
        <time>2022-07-31T22:20:29.999Z</time>
      </trkpt>
      <trkpt lat="37.417981" lon="-121.967084">
        <ele>5.510767</ele>
        <time>2022-07-31T22:20:32.999Z</time>
      </trkpt>
      <trkpt lat="37.418064" lon="-121.967134">
        <ele>5.605668</ele>
        <time>2022-07-31T22:20:34.999Z</time>
      </trkpt>
      <trkpt lat="37.418154" lon="-121.967173">
        <ele>5.703839</ele>
        <time>2022-07-31T22:20:36.999Z</time>
      </trkpt>
      <trkpt lat="37.418241" lon="-121.967222">
        <ele>5.802140</ele>
        <time>2022-07-31T22:20:38.999Z</time>
      </trkpt>
      <trkpt lat="37.418332" lon="-121.967257">
        <ele>5.900279</ele>
        <time>2022-07-31T22:20:40.999Z</time>
      </trkpt>
      <trkpt lat="37.418450" lon="-121.967297">
        <ele>6.026319</ele>
        <time>2022-07-31T22:20:43.999Z</time>
      </trkpt>
      <trkpt lat="37.418555" lon="-121.967334">
        <ele>6.105923</ele>
        <time>2022-07-31T22:20:46.999Z</time>
      </trkpt>
      <trkpt lat="37.418648" lon="-121.967319">
        <ele>6.101119</ele>
        <time>2022-07-31T22:20:50.999Z</time>
      </trkpt>
      <trkpt lat="37.418662" lon="-121.967454">
        <ele>6.095579</ele>
        <time>2022-07-31T22:20:54.999Z</time>
      </trkpt>
      <trkpt lat="37.418660" lon="-121.967569">
        <ele>6.090897</ele>
        <time>2022-07-31T22:20:57.999Z</time>
      </trkpt>
      <trkpt lat="37.418659" lon="-121.967702">
        <ele>6.085485</ele>
        <time>2022-07-31T22:21:00.999Z</time>
      </trkpt>
      <trkpt lat="37.418662" lon="-121.967844">
        <ele>6.079704</ele>
        <time>2022-07-31T22:21:03.999Z</time>
      </trkpt>
      <trkpt lat="37.418663" lon="-121.967975">
        <ele>6.074372</ele>
        <time>2022-07-31T22:21:06.999Z</time>
      </trkpt>
      <trkpt lat="37.418659" lon="-121.968111">
        <ele>6.068834</ele>
        <time>2022-07-31T22:21:09.999Z</time>
      </trkpt>
      <trkpt lat="37.418651" lon="-121.968270">
        <ele>6.062350</ele>
        <time>2022-07-31T22:21:12.999Z</time>
      </trkpt>
      <trkpt lat="37.418641" lon="-121.968434">
        <ele>6.055656</ele>
        <time>2022-07-31T22:21:15.999Z</time>
      </trkpt>
      <trkpt lat="37.418626" lon="-121.968551">
        <ele>6.050833</ele>
        <time>2022-07-31T22:21:17.999Z</time>
      </trkpt>
      <trkpt lat="37.418600" lon="-121.968683">
        <ele>6.045299</ele>
        <time>2022-07-31T22:21:19.999Z</time>
      </trkpt>
      <trkpt lat="37.418583" lon="-121.968827">
        <ele>6.039374</ele>
        <time>2022-07-31T22:21:21.999Z</time>
      </trkpt>
      <trkpt lat="37.418555" lon="-121.968981">
        <ele>6.032945</ele>
        <time>2022-07-31T22:21:23.999Z</time>
      </trkpt>
      <trkpt lat="37.418531" lon="-121.969148">
        <ele>6.026038</ele>
        <time>2022-07-31T22:21:25.999Z</time>
      </trkpt>
      <trkpt lat="37.418503" lon="-121.969322">
        <ele>6.018813</ele>
        <time>2022-07-31T22:21:27.999Z</time>
      </trkpt>
      <trkpt lat="37.418472" lon="-121.969509">
        <ele>5.991234</ele>
        <time>2022-07-31T22:21:29.999Z</time>
      </trkpt>
      <trkpt lat="37.418442" lon="-121.969691">
        <ele>5.948634</ele>
        <time>2022-07-31T22:21:31.999Z</time>
      </trkpt>
      <trkpt lat="37.418415" lon="-121.969880">
        <ele>5.904624</ele>
        <time>2022-07-31T22:21:33.999Z</time>
      </trkpt>
      <trkpt lat="37.418378" lon="-121.970059">
        <ele>5.862235</ele>
        <time>2022-07-31T22:21:35.999Z</time>
      </trkpt>
      <trkpt lat="37.418335" lon="-121.970225">
        <ele>5.822219</ele>
        <time>2022-07-31T22:21:37.999Z</time>
      </trkpt>
      <trkpt lat="37.418291" lon="-121.970377">
        <ele>5.785142</ele>
        <time>2022-07-31T22:21:39.999Z</time>
      </trkpt>
      <trkpt lat="37.418245" lon="-121.970526">
        <ele>5.748505</ele>
        <time>2022-07-31T22:21:41.999Z</time>
      </trkpt>
      <trkpt lat="37.418200" lon="-121.970675">
        <ele>5.711972</ele>
        <time>2022-07-31T22:21:43.999Z</time>
      </trkpt>
      <trkpt lat="37.418146" lon="-121.970813">
        <ele>5.676715</ele>
        <time>2022-07-31T22:21:45.999Z</time>
      </trkpt>
      <trkpt lat="37.418090" lon="-121.970949">
        <ele>5.641606</ele>
        <time>2022-07-31T22:21:47.999Z</time>
      </trkpt>
      <trkpt lat="37.418035" lon="-121.971074">
        <ele>5.608856</ele>
        <time>2022-07-31T22:21:49.999Z</time>
      </trkpt>
      <trkpt lat="37.417977" lon="-121.971196">
        <ele>5.576270</ele>
        <time>2022-07-31T22:21:51.999Z</time>
      </trkpt>
      <trkpt lat="37.417921" lon="-121.971320">
        <ele>5.543579</ele>
        <time>2022-07-31T22:21:53.999Z</time>
      </trkpt>
      <trkpt lat="37.417856" lon="-121.971439">
        <ele>5.510479</ele>
        <time>2022-07-31T22:21:55.999Z</time>
      </trkpt>
      <trkpt lat="37.417794" lon="-121.971553">
        <ele>5.559935</ele>
        <time>2022-07-31T22:21:57.999Z</time>
      </trkpt>
      <trkpt lat="37.417732" lon="-121.971663">
        <ele>5.672426</ele>
        <time>2022-07-31T22:21:59.999Z</time>
      </trkpt>
      <trkpt lat="37.417669" lon="-121.971772">
        <ele>5.784853</ele>
        <time>2022-07-31T22:22:01.999Z</time>
      </trkpt>
      <trkpt lat="37.417609" lon="-121.971877">
        <ele>5.892730</ele>
        <time>2022-07-31T22:22:03.999Z</time>
      </trkpt>
      <trkpt lat="37.417551" lon="-121.971988">
        <ele>6.003539</ele>
        <time>2022-07-31T22:22:05.999Z</time>
      </trkpt>
      <trkpt lat="37.417496" lon="-121.972107">
        <ele>6.118364</ele>
        <time>2022-07-31T22:22:07.999Z</time>
      </trkpt>
      <trkpt lat="37.417447" lon="-121.972214">
        <ele>6.221371</ele>
        <time>2022-07-31T22:22:09.999Z</time>
      </trkpt>
      <trkpt lat="37.417405" lon="-121.972325">
        <ele>6.323911</ele>
        <time>2022-07-31T22:22:11.999Z</time>
      </trkpt>
      <trkpt lat="37.417359" lon="-121.972435">
        <ele>6.427588</ele>
        <time>2022-07-31T22:22:13.999Z</time>
      </trkpt>
      <trkpt lat="37.417318" lon="-121.972536">
        <ele>6.522185</ele>
        <time>2022-07-31T22:22:15.999Z</time>
      </trkpt>
      <trkpt lat="37.417257" lon="-121.972670">
        <ele>6.650994</ele>
        <time>2022-07-31T22:22:18.999Z</time>
      </trkpt>
      <trkpt lat="37.417268" lon="-121.972818">
        <ele>6.774963</ele>
        <time>2022-07-31T22:22:24.999Z</time>
      </trkpt>
      <trkpt lat="37.417352" lon="-121.972867">
        <ele>6.872174</ele>
        <time>2022-07-31T22:22:27.999Z</time>
      </trkpt>
      <trkpt lat="37.417446" lon="-121.972926">
        <ele>6.982463</ele>
        <time>2022-07-31T22:22:30.999Z</time>
      </trkpt>
      <trkpt lat="37.417548" lon="-121.972986">
        <ele>7.100681</ele>
        <time>2022-07-31T22:22:33.999Z</time>
      </trkpt>
      <trkpt lat="37.417656" lon="-121.973056">
        <ele>7.228230</ele>
        <time>2022-07-31T22:22:36.999Z</time>
      </trkpt>
      <trkpt lat="37.417742" lon="-121.973109">
        <ele>7.328772</ele>
        <time>2022-07-31T22:22:39.999Z</time>
      </trkpt>
      <trkpt lat="37.417840" lon="-121.973397">
        <ele>7.072313</ele>
        <time>2022-07-31T22:24:22.836Z</time>
      </trkpt>
      <trkpt lat="37.417942" lon="-121.973394">
        <ele>6.909002</ele>
        <time>2022-07-31T22:24:28.536Z</time>
      </trkpt>
      <trkpt lat="37.418049" lon="-121.973375">
        <ele>6.736037</ele>
        <time>2022-07-31T22:24:32.336Z</time>
      </trkpt>
      <trkpt lat="37.418139" lon="-121.973413">
        <ele>6.584095</ele>
        <time>2022-07-31T22:24:37.086Z</time>
      </trkpt>
      <trkpt lat="37.418225" lon="-121.973448">
        <ele>6.439426</ele>
        <time>2022-07-31T22:24:42.000Z</time>
      </trkpt>
      <trkpt lat="37.418157" lon="-121.973699">
        <ele>6.102283</ele>
        <time>2022-07-31T22:25:30.000Z</time>
      </trkpt>
      <trkpt lat="37.418099" lon="-121.973835">
        <ele>5.906041</ele>
        <time>2022-07-31T22:25:33.000Z</time>
      </trkpt>
      <trkpt lat="37.418066" lon="-121.973945">
        <ele>5.756558</ele>
        <time>2022-07-31T22:25:35.000Z</time>
      </trkpt>
      <trkpt lat="37.418009" lon="-121.974057">
        <ele>5.587451</ele>
        <time>2022-07-31T22:25:37.000Z</time>
      </trkpt>
      <trkpt lat="37.417955" lon="-121.974169">
        <ele>5.420886</ele>
        <time>2022-07-31T22:25:39.000Z</time>
      </trkpt>
      <trkpt lat="37.417907" lon="-121.974268">
        <ele>5.273431</ele>
        <time>2022-07-31T22:25:41.000Z</time>
      </trkpt>
      <trkpt lat="37.417862" lon="-121.974371">
        <ele>5.123986</ele>
        <time>2022-07-31T22:25:43.000Z</time>
      </trkpt>
      <trkpt lat="37.417835" lon="-121.974535">
        <ele>4.911064</ele>
        <time>2022-07-31T22:25:46.000Z</time>
      </trkpt>
      <trkpt lat="37.417771" lon="-121.974640">
        <ele>4.742801</ele>
        <time>2022-07-31T22:25:49.000Z</time>
      </trkpt>
      <trkpt lat="37.417717" lon="-121.974735">
        <ele>4.594286</ele>
        <time>2022-07-31T22:25:52.000Z</time>
      </trkpt>
      <trkpt lat="37.417648" lon="-121.974878">
        <ele>4.540230</ele>
        <time>2022-07-31T22:25:55.000Z</time>
      </trkpt>
      <trkpt lat="37.417603" lon="-121.974979">
        <ele>4.580784</ele>
        <time>2022-07-31T22:25:57.000Z</time>
      </trkpt>
      <trkpt lat="37.417555" lon="-121.975082">
        <ele>4.622603</ele>
        <time>2022-07-31T22:25:59.000Z</time>
      </trkpt>
      <trkpt lat="37.417506" lon="-121.975180">
        <ele>4.663155</ele>
        <time>2022-07-31T22:26:01.000Z</time>
      </trkpt>
      <trkpt lat="37.417436" lon="-121.975326">
        <ele>4.722876</ele>
        <time>2022-07-31T22:26:04.000Z</time>
      </trkpt>
      <trkpt lat="37.417392" lon="-121.975430">
        <ele>4.764140</ele>
        <time>2022-07-31T22:26:06.000Z</time>
      </trkpt>
      <trkpt lat="37.417344" lon="-121.975535">
        <ele>4.806565</ele>
        <time>2022-07-31T22:26:08.000Z</time>
      </trkpt>
      <trkpt lat="37.417298" lon="-121.975639">
        <ele>4.848251</ele>
        <time>2022-07-31T22:26:10.000Z</time>
      </trkpt>
      <trkpt lat="37.417254" lon="-121.975739">
        <ele>4.888284</ele>
        <time>2022-07-31T22:26:12.000Z</time>
      </trkpt>
      <trkpt lat="37.417208" lon="-121.975842">
        <ele>4.929664</ele>
        <time>2022-07-31T22:26:14.000Z</time>
      </trkpt>
      <trkpt lat="37.417151" lon="-121.975989">
        <ele>4.986949</ele>
        <time>2022-07-31T22:26:17.000Z</time>
      </trkpt>
      <trkpt lat="37.417124" lon="-121.976102">
        <ele>5.028272</ele>
        <time>2022-07-31T22:26:19.000Z</time>
      </trkpt>
      <trkpt lat="37.417085" lon="-121.976262">
        <ele>5.086881</ele>
        <time>2022-07-31T22:26:22.000Z</time>
      </trkpt>
      <trkpt lat="37.417049" lon="-121.976416">
        <ele>5.143097</ele>
        <time>2022-07-31T22:26:25.000Z</time>
      </trkpt>
      <trkpt lat="37.417020" lon="-121.976575">
        <ele>5.200225</ele>
        <time>2022-07-31T22:26:28.000Z</time>
      </trkpt>
      <trkpt lat="37.416976" lon="-121.976704">
        <ele>5.249389</ele>
        <time>2022-07-31T22:26:31.000Z</time>
      </trkpt>
      <trkpt lat="37.416951" lon="-121.976862">
        <ele>5.295780</ele>
        <time>2022-07-31T22:26:34.000Z</time>
      </trkpt>
      <trkpt lat="37.416914" lon="-121.977009">
        <ele>5.270163</ele>
        <time>2022-07-31T22:26:37.000Z</time>
      </trkpt>
      <trkpt lat="37.416862" lon="-121.977157">
        <ele>5.243280</ele>
        <time>2022-07-31T22:26:40.000Z</time>
      </trkpt>
      <trkpt lat="37.416802" lon="-121.977274">
        <ele>5.220144</ele>
        <time>2022-07-31T22:26:43.000Z</time>
      </trkpt>
      <trkpt lat="37.416714" lon="-121.977310">
        <ele>5.200791</ele>
        <time>2022-07-31T22:26:46.000Z</time>
      </trkpt>
      <trkpt lat="37.416615" lon="-121.977303">
        <ele>5.180052</ele>
        <time>2022-07-31T22:26:49.000Z</time>
      </trkpt>
      <trkpt lat="37.416437" lon="-121.977502">
        <ele>5.130264</ele>
        <time>2022-07-31T22:27:30.000Z</time>
      </trkpt>
      <trkpt lat="37.416382" lon="-121.977614">
        <ele>5.108390</ele>
        <time>2022-07-31T22:27:33.000Z</time>
      </trkpt>
      <trkpt lat="37.416342" lon="-121.977718">
        <ele>5.089194</ele>
        <time>2022-07-31T22:27:36.000Z</time>
      </trkpt>
      <trkpt lat="37.416348" lon="-121.977833">
        <ele>5.070049</ele>
        <time>2022-07-31T22:27:39.000Z</time>
      </trkpt>
      <trkpt lat="37.416317" lon="-121.977941">
        <ele>5.050973</ele>
        <time>2022-07-31T22:27:42.000Z</time>
      </trkpt>
      <trkpt lat="37.416257" lon="-121.978069">
        <ele>5.026282</ele>
        <time>2022-07-31T22:27:45.000Z</time>
      </trkpt>
      <trkpt lat="37.416200" lon="-121.978200">
        <ele>5.001469</ele>
        <time>2022-07-31T22:27:48.000Z</time>
      </trkpt>
      <trkpt lat="37.416139" lon="-121.978329">
        <ele>4.976529</ele>
        <time>2022-07-31T22:27:51.000Z</time>
      </trkpt>
      <trkpt lat="37.416079" lon="-121.978470">
        <ele>4.949956</ele>
        <time>2022-07-31T22:27:54.000Z</time>
      </trkpt>
      <trkpt lat="37.416021" lon="-121.978605">
        <ele>4.924459</ele>
        <time>2022-07-31T22:27:57.000Z</time>
      </trkpt>
      <trkpt lat="37.415960" lon="-121.978738">
        <ele>5.031114</ele>
        <time>2022-07-31T22:28:00.000Z</time>
      </trkpt>
      <trkpt lat="37.415897" lon="-121.978873">
        <ele>5.149161</ele>
        <time>2022-07-31T22:28:03.000Z</time>
      </trkpt>
      <trkpt lat="37.415838" lon="-121.979011">
        <ele>5.267318</ele>
        <time>2022-07-31T22:28:06.000Z</time>
      </trkpt>
      <trkpt lat="37.415778" lon="-121.979129">
        <ele>5.372950</ele>
        <time>2022-07-31T22:28:09.000Z</time>
      </trkpt>
      <trkpt lat="37.415723" lon="-121.979252">
        <ele>5.479369</ele>
        <time>2022-07-31T22:28:12.000Z</time>
      </trkpt>
      <trkpt lat="37.415665" lon="-121.979366">
        <ele>5.581438</ele>
        <time>2022-07-31T22:28:15.000Z</time>
      </trkpt>
      <trkpt lat="37.415615" lon="-121.979478">
        <ele>5.678302</ele>
        <time>2022-07-31T22:28:18.000Z</time>
      </trkpt>
      <trkpt lat="37.415556" lon="-121.979598">
        <ele>5.784704</ele>
        <time>2022-07-31T22:28:21.000Z</time>
      </trkpt>
      <trkpt lat="37.415502" lon="-121.979708">
        <ele>5.882198</ele>
        <time>2022-07-31T22:28:24.000Z</time>
      </trkpt>
      <trkpt lat="37.415450" lon="-121.979816">
        <ele>5.977415</ele>
        <time>2022-07-31T22:28:27.000Z</time>
      </trkpt>
      <trkpt lat="37.415395" lon="-121.979929">
        <ele>6.077333</ele>
        <time>2022-07-31T22:28:30.000Z</time>
      </trkpt>
      <trkpt lat="37.415344" lon="-121.980046">
        <ele>6.177954</ele>
        <time>2022-07-31T22:28:33.000Z</time>
      </trkpt>
      <trkpt lat="37.415293" lon="-121.980158">
        <ele>6.275286</ele>
        <time>2022-07-31T22:28:36.000Z</time>
      </trkpt>
      <trkpt lat="37.415232" lon="-121.980273">
        <ele>6.379545</ele>
        <time>2022-07-31T22:28:39.000Z</time>
      </trkpt>
      <trkpt lat="37.415177" lon="-121.980401">
        <ele>6.489265</ele>
        <time>2022-07-31T22:28:42.000Z</time>
      </trkpt>
      <trkpt lat="37.415110" lon="-121.980540">
        <ele>6.611850</ele>
        <time>2022-07-31T22:28:45.000Z</time>
      </trkpt>
      <trkpt lat="37.415046" lon="-121.980703">
        <ele>6.508847</ele>
        <time>2022-07-31T22:28:48.000Z</time>
      </trkpt>
      <trkpt lat="37.414997" lon="-121.980827">
        <ele>6.402244</ele>
        <time>2022-07-31T22:28:50.000Z</time>
      </trkpt>
      <trkpt lat="37.414938" lon="-121.980953">
        <ele>6.289662</ele>
        <time>2022-07-31T22:28:52.000Z</time>
      </trkpt>
      <trkpt lat="37.414877" lon="-121.981100">
        <ele>6.162005</ele>
        <time>2022-07-31T22:28:54.000Z</time>
      </trkpt>
      <trkpt lat="37.414807" lon="-121.981246">
        <ele>6.030741</ele>
        <time>2022-07-31T22:28:56.000Z</time>
      </trkpt>
      <trkpt lat="37.414738" lon="-121.981395">
        <ele>5.897986</ele>
        <time>2022-07-31T22:28:58.000Z</time>
      </trkpt>
      <trkpt lat="37.414671" lon="-121.981539">
        <ele>5.769531</ele>
        <time>2022-07-31T22:29:00.000Z</time>
      </trkpt>
      <trkpt lat="37.414603" lon="-121.981675">
        <ele>5.645836</ele>
        <time>2022-07-31T22:29:02.000Z</time>
      </trkpt>
      <trkpt lat="37.414541" lon="-121.981813">
        <ele>5.523802</ele>
        <time>2022-07-31T22:29:04.000Z</time>
      </trkpt>
      <trkpt lat="37.414479" lon="-121.981939">
        <ele>5.409715</ele>
        <time>2022-07-31T22:29:06.000Z</time>
      </trkpt>
      <trkpt lat="37.414419" lon="-121.982066">
        <ele>5.295977</ele>
        <time>2022-07-31T22:29:08.000Z</time>
      </trkpt>
      <trkpt lat="37.414360" lon="-121.982194">
        <ele>5.182066</ele>
        <time>2022-07-31T22:29:10.000Z</time>
      </trkpt>
      <trkpt lat="37.414305" lon="-121.982317">
        <ele>5.073420</ele>
        <time>2022-07-31T22:29:12.000Z</time>
      </trkpt>
      <trkpt lat="37.414250" lon="-121.982434">
        <ele>4.968773</ele>
        <time>2022-07-31T22:29:14.000Z</time>
      </trkpt>
      <trkpt lat="37.414195" lon="-121.982558">
        <ele>4.885483</ele>
        <time>2022-07-31T22:29:16.000Z</time>
      </trkpt>
      <trkpt lat="37.414142" lon="-121.982682">
        <ele>4.879145</ele>
        <time>2022-07-31T22:29:18.000Z</time>
      </trkpt>
      <trkpt lat="37.414083" lon="-121.982799">
        <ele>4.872907</ele>
        <time>2022-07-31T22:29:20.000Z</time>
      </trkpt>
      <trkpt lat="37.414030" lon="-121.982923">
        <ele>4.866569</ele>
        <time>2022-07-31T22:29:22.000Z</time>
      </trkpt>
      <trkpt lat="37.413978" lon="-121.983041">
        <ele>4.860495</ele>
        <time>2022-07-31T22:29:24.000Z</time>
      </trkpt>
      <trkpt lat="37.413923" lon="-121.983158">
        <ele>4.854376</ele>
        <time>2022-07-31T22:29:26.000Z</time>
      </trkpt>
      <trkpt lat="37.413864" lon="-121.983276">
        <ele>4.848100</ele>
        <time>2022-07-31T22:29:28.000Z</time>
      </trkpt>
      <trkpt lat="37.413810" lon="-121.983396">
        <ele>4.841892</ele>
        <time>2022-07-31T22:29:30.000Z</time>
      </trkpt>
      <trkpt lat="37.413758" lon="-121.983514">
        <ele>4.835818</ele>
        <time>2022-07-31T22:29:32.000Z</time>
      </trkpt>
      <trkpt lat="37.413707" lon="-121.983626">
        <ele>4.830008</ele>
        <time>2022-07-31T22:29:34.000Z</time>
      </trkpt>
      <trkpt lat="37.413653" lon="-121.983750">
        <ele>4.823643</ele>
        <time>2022-07-31T22:29:36.000Z</time>
      </trkpt>
      <trkpt lat="37.413599" lon="-121.983864">
        <ele>4.817668</ele>
        <time>2022-07-31T22:29:38.000Z</time>
      </trkpt>
      <trkpt lat="37.413540" lon="-121.983977">
        <ele>4.811582</ele>
        <time>2022-07-31T22:29:40.000Z</time>
      </trkpt>
      <trkpt lat="37.413466" lon="-121.984080">
        <ele>4.805330</ele>
        <time>2022-07-31T22:29:42.000Z</time>
      </trkpt>
      <trkpt lat="37.413426" lon="-121.984212">
        <ele>4.798971</ele>
        <time>2022-07-31T22:29:44.000Z</time>
      </trkpt>
      <trkpt lat="37.413381" lon="-121.984356">
        <ele>4.792006</ele>
        <time>2022-07-31T22:29:46.000Z</time>
      </trkpt>
      <trkpt lat="37.413323" lon="-121.984489">
        <ele>4.785177</ele>
        <time>2022-07-31T22:29:47.999Z</time>
      </trkpt>
      <trkpt lat="37.413261" lon="-121.984613">
        <ele>4.822579</ele>
        <time>2022-07-31T22:29:49.999Z</time>
      </trkpt>
      <trkpt lat="37.413198" lon="-121.984743">
        <ele>4.861477</ele>
        <time>2022-07-31T22:29:51.999Z</time>
      </trkpt>
      <trkpt lat="37.413135" lon="-121.984866">
        <ele>4.898859</ele>
        <time>2022-07-31T22:29:53.999Z</time>
      </trkpt>
      <trkpt lat="37.413077" lon="-121.984992">
        <ele>4.936057</ele>
        <time>2022-07-31T22:29:55.999Z</time>
      </trkpt>
      <trkpt lat="37.413025" lon="-121.985106">
        <ele>4.969635</ele>
        <time>2022-07-31T22:29:57.999Z</time>
      </trkpt>
      <trkpt lat="37.412976" lon="-121.985221">
        <ele>5.002968</ele>
        <time>2022-07-31T22:29:59.999Z</time>
      </trkpt>
      <trkpt lat="37.412922" lon="-121.985334">
        <ele>5.036652</ele>
        <time>2022-07-31T22:30:01.999Z</time>
      </trkpt>
      <trkpt lat="37.412873" lon="-121.985457">
        <ele>5.071799</ele>
        <time>2022-07-31T22:30:03.999Z</time>
      </trkpt>
      <trkpt lat="37.412831" lon="-121.985575">
        <ele>5.104827</ele>
        <time>2022-07-31T22:30:05.999Z</time>
      </trkpt>
      <trkpt lat="37.412810" lon="-121.985705">
        <ele>5.138712</ele>
        <time>2022-07-31T22:30:07.999Z</time>
      </trkpt>
      <trkpt lat="37.412791" lon="-121.985831">
        <ele>5.171470</ele>
        <time>2022-07-31T22:30:09.999Z</time>
      </trkpt>
      <trkpt lat="37.412786" lon="-121.985957">
        <ele>5.203694</ele>
        <time>2022-07-31T22:30:11.999Z</time>
      </trkpt>
      <trkpt lat="37.412793" lon="-121.986077">
        <ele>5.234427</ele>
        <time>2022-07-31T22:30:13.999Z</time>
      </trkpt>
      <trkpt lat="37.412791" lon="-121.986198">
        <ele>5.265340</ele>
        <time>2022-07-31T22:30:15.999Z</time>
      </trkpt>
      <trkpt lat="37.412773" lon="-121.986348">
        <ele>5.304088</ele>
        <time>2022-07-31T22:30:18.999Z</time>
      </trkpt>
      <trkpt lat="37.412729" lon="-121.986456">
        <ele>5.335091</ele>
        <time>2022-07-31T22:30:21.999Z</time>
      </trkpt>
      <trkpt lat="37.412670" lon="-121.986580">
        <ele>5.336671</ele>
        <time>2022-07-31T22:30:25.999Z</time>
      </trkpt>
      <trkpt lat="37.412611" lon="-121.986702">
        <ele>5.220245</ele>
        <time>2022-07-31T22:30:28.999Z</time>
      </trkpt>
      <trkpt lat="37.412565" lon="-121.986834">
        <ele>5.102750</ele>
        <time>2022-07-31T22:30:31.999Z</time>
      </trkpt>
      <trkpt lat="37.412508" lon="-121.986963">
        <ele>4.982425</ele>
        <time>2022-07-31T22:30:34.999Z</time>
      </trkpt>
      <trkpt lat="37.412444" lon="-121.987116">
        <ele>4.841475</ele>
        <time>2022-07-31T22:30:39.000Z</time>
      </trkpt>
      <trkpt lat="37.412391" lon="-121.987242">
        <ele>4.725258</ele>
        <time>2022-07-31T22:30:41.000Z</time>
      </trkpt>
      <trkpt lat="37.412335" lon="-121.987383">
        <ele>4.596760</ele>
        <time>2022-07-31T22:30:43.000Z</time>
      </trkpt>
      <trkpt lat="37.412280" lon="-121.987538">
        <ele>4.458382</ele>
        <time>2022-07-31T22:30:45.000Z</time>
      </trkpt>
      <trkpt lat="37.412213" lon="-121.987691">
        <ele>4.315972</ele>
        <time>2022-07-31T22:30:47.000Z</time>
      </trkpt>
      <trkpt lat="37.412141" lon="-121.987845">
        <ele>4.170312</ele>
        <time>2022-07-31T22:30:49.000Z</time>
      </trkpt>
      <trkpt lat="37.412071" lon="-121.987991">
        <ele>4.031304</ele>
        <time>2022-07-31T22:30:51.000Z</time>
      </trkpt>
      <trkpt lat="37.412012" lon="-121.988138">
        <ele>3.897053</ele>
        <time>2022-07-31T22:30:53.000Z</time>
      </trkpt>
      <trkpt lat="37.411953" lon="-121.988291">
        <ele>3.758419</ele>
        <time>2022-07-31T22:30:55.000Z</time>
      </trkpt>
      <trkpt lat="37.411893" lon="-121.988441">
        <ele>3.621522</ele>
        <time>2022-07-31T22:30:57.000Z</time>
      </trkpt>
      <trkpt lat="37.411827" lon="-121.988581">
        <ele>3.512812</ele>
        <time>2022-07-31T22:30:59.000Z</time>
      </trkpt>
      <trkpt lat="37.411768" lon="-121.988722">
        <ele>3.490586</ele>
        <time>2022-07-31T22:31:01.000Z</time>
      </trkpt>
      <trkpt lat="37.411720" lon="-121.988863">
        <ele>3.469192</ele>
        <time>2022-07-31T22:31:03.000Z</time>
      </trkpt>
      <trkpt lat="37.411688" lon="-121.989020">
        <ele>3.446587</ele>
        <time>2022-07-31T22:31:05.000Z</time>
      </trkpt>
      <trkpt lat="37.411646" lon="-121.989179">
        <ele>3.423218</ele>
        <time>2022-07-31T22:31:07.000Z</time>
      </trkpt>
      <trkpt lat="37.411605" lon="-121.989336">
        <ele>3.400169</ele>
        <time>2022-07-31T22:31:09.000Z</time>
      </trkpt>
      <trkpt lat="37.411567" lon="-121.989483">
        <ele>3.378610</ele>
        <time>2022-07-31T22:31:11.000Z</time>
      </trkpt>
      <trkpt lat="37.411533" lon="-121.989624">
        <ele>3.358059</ele>
        <time>2022-07-31T22:31:13.000Z</time>
      </trkpt>
      <trkpt lat="37.411498" lon="-121.989759">
        <ele>3.338254</ele>
        <time>2022-07-31T22:31:14.999Z</time>
      </trkpt>
      <trkpt lat="37.411473" lon="-121.989891">
        <ele>3.319329</ele>
        <time>2022-07-31T22:31:16.999Z</time>
      </trkpt>
      <trkpt lat="37.411446" lon="-121.990021">
        <ele>3.300589</ele>
        <time>2022-07-31T22:31:18.999Z</time>
      </trkpt>
      <trkpt lat="37.411412" lon="-121.990148">
        <ele>3.281898</ele>
        <time>2022-07-31T22:31:20.999Z</time>
      </trkpt>
      <trkpt lat="37.411384" lon="-121.990271">
        <ele>3.264054</ele>
        <time>2022-07-31T22:31:22.999Z</time>
      </trkpt>
      <trkpt lat="37.411362" lon="-121.990397">
        <ele>3.246062</ele>
        <time>2022-07-31T22:31:24.999Z</time>
      </trkpt>
      <trkpt lat="37.411331" lon="-121.990524">
        <ele>3.227532</ele>
        <time>2022-07-31T22:31:26.999Z</time>
      </trkpt>
      <trkpt lat="37.411305" lon="-121.990653">
        <ele>3.208971</ele>
        <time>2022-07-31T22:31:28.999Z</time>
      </trkpt>
      <trkpt lat="37.411273" lon="-121.990774">
        <ele>3.203523</ele>
        <time>2022-07-31T22:31:30.999Z</time>
      </trkpt>
      <trkpt lat="37.411244" lon="-121.990901">
        <ele>3.206205</ele>
        <time>2022-07-31T22:31:32.999Z</time>
      </trkpt>
      <trkpt lat="37.411217" lon="-121.991030">
        <ele>3.208912</ele>
        <time>2022-07-31T22:31:34.999Z</time>
      </trkpt>
      <trkpt lat="37.411192" lon="-121.991156">
        <ele>3.211548</ele>
        <time>2022-07-31T22:31:36.999Z</time>
      </trkpt>
      <trkpt lat="37.411171" lon="-121.991285">
        <ele>3.214221</ele>
        <time>2022-07-31T22:31:38.999Z</time>
      </trkpt>
      <trkpt lat="37.411142" lon="-121.991410">
        <ele>3.216864</ele>
        <time>2022-07-31T22:31:40.999Z</time>
      </trkpt>
      <trkpt lat="37.411117" lon="-121.991536">
        <ele>3.219500</ele>
        <time>2022-07-31T22:31:42.999Z</time>
      </trkpt>
      <trkpt lat="37.411094" lon="-121.991661">
        <ele>3.222104</ele>
        <time>2022-07-31T22:31:44.999Z</time>
      </trkpt>
      <trkpt lat="37.411063" lon="-121.991789">
        <ele>3.224820</ele>
        <time>2022-07-31T22:31:46.999Z</time>
      </trkpt>
      <trkpt lat="37.411030" lon="-121.991914">
        <ele>3.227493</ele>
        <time>2022-07-31T22:31:48.999Z</time>
      </trkpt>
      <trkpt lat="37.411000" lon="-121.992038">
        <ele>3.230124</ele>
        <time>2022-07-31T22:31:50.999Z</time>
      </trkpt>
      <trkpt lat="37.410986" lon="-121.992150">
        <ele>3.232425</ele>
        <time>2022-07-31T22:31:52.999Z</time>
      </trkpt>
      <trkpt lat="37.410959" lon="-121.992270">
        <ele>3.234957</ele>
        <time>2022-07-31T22:31:54.999Z</time>
      </trkpt>
      <trkpt lat="37.410938" lon="-121.992389">
        <ele>3.237431</ele>
        <time>2022-07-31T22:31:56.999Z</time>
      </trkpt>
      <trkpt lat="37.410926" lon="-121.992511">
        <ele>3.239926</ele>
        <time>2022-07-31T22:31:58.999Z</time>
      </trkpt>
      <trkpt lat="37.410906" lon="-121.992641">
        <ele>3.242613</ele>
        <time>2022-07-31T22:32:00.999Z</time>
      </trkpt>
      <trkpt lat="37.410890" lon="-121.992756">
        <ele>3.244983</ele>
        <time>2022-07-31T22:32:02.999Z</time>
      </trkpt>
      <trkpt lat="37.410864" lon="-121.992871">
        <ele>3.247409</ele>
        <time>2022-07-31T22:32:04.999Z</time>
      </trkpt>
      <trkpt lat="37.410833" lon="-121.993034">
        <ele>3.253076</ele>
        <time>2022-07-31T22:32:07.999Z</time>
      </trkpt>
      <trkpt lat="37.410810" lon="-121.993146">
        <ele>3.257260</ele>
        <time>2022-07-31T22:32:09.999Z</time>
      </trkpt>
      <trkpt lat="37.410795" lon="-121.993265">
        <ele>3.261618</ele>
        <time>2022-07-31T22:32:11.999Z</time>
      </trkpt>
      <trkpt lat="37.410789" lon="-121.993384">
        <ele>3.265930</ele>
        <time>2022-07-31T22:32:13.999Z</time>
      </trkpt>
      <trkpt lat="37.410788" lon="-121.993508">
        <ele>3.270415</ele>
        <time>2022-07-31T22:32:15.999Z</time>
      </trkpt>
      <trkpt lat="37.410791" lon="-121.993640">
        <ele>3.275191</ele>
        <time>2022-07-31T22:32:17.999Z</time>
      </trkpt>
      <trkpt lat="37.410810" lon="-121.993759">
        <ele>3.279581</ele>
        <time>2022-07-31T22:32:19.999Z</time>
      </trkpt>
      <trkpt lat="37.410831" lon="-121.993883">
        <ele>3.284166</ele>
        <time>2022-07-31T22:32:21.999Z</time>
      </trkpt>
      <trkpt lat="37.410855" lon="-121.994004">
        <ele>3.288677</ele>
        <time>2022-07-31T22:32:23.999Z</time>
      </trkpt>
      <trkpt lat="37.410870" lon="-121.994121">
        <ele>3.292963</ele>
        <time>2022-07-31T22:32:25.999Z</time>
      </trkpt>
      <trkpt lat="37.410888" lon="-121.994237">
        <ele>3.297237</ele>
        <time>2022-07-31T22:32:27.999Z</time>
      </trkpt>
      <trkpt lat="37.410897" lon="-121.994352">
        <ele>3.301417</ele>
        <time>2022-07-31T22:32:29.999Z</time>
      </trkpt>
      <trkpt lat="37.410904" lon="-121.994466">
        <ele>3.305552</ele>
        <time>2022-07-31T22:32:31.999Z</time>
      </trkpt>
      <trkpt lat="37.410916" lon="-121.994629">
        <ele>3.311472</ele>
        <time>2022-07-31T22:32:34.999Z</time>
      </trkpt>
      <trkpt lat="37.410914" lon="-121.994783">
        <ele>3.317042</ele>
        <time>2022-07-31T22:32:37.999Z</time>
      </trkpt>
      <trkpt lat="37.410906" lon="-121.994932">
        <ele>3.322443</ele>
        <time>2022-07-31T22:32:40.999Z</time>
      </trkpt>
      <trkpt lat="37.410898" lon="-121.995085">
        <ele>3.327989</ele>
        <time>2022-07-31T22:32:44.000Z</time>
      </trkpt>
      <trkpt lat="37.410871" lon="-121.995242">
        <ele>3.339850</ele>
        <time>2022-07-31T22:32:47.000Z</time>
      </trkpt>
      <trkpt lat="37.410851" lon="-121.995391">
        <ele>3.353609</ele>
        <time>2022-07-31T22:32:50.000Z</time>
      </trkpt>
      <trkpt lat="37.410830" lon="-121.995502">
        <ele>3.363998</ele>
        <time>2022-07-31T22:32:52.000Z</time>
      </trkpt>
      <trkpt lat="37.410785" lon="-121.995662">
        <ele>3.379452</ele>
        <time>2022-07-31T22:32:55.000Z</time>
      </trkpt>
      <trkpt lat="37.410705" lon="-121.995792">
        <ele>3.394424</ele>
        <time>2022-07-31T22:32:58.000Z</time>
      </trkpt>
      <trkpt lat="37.410598" lon="-121.995886">
        <ele>3.409380</ele>
        <time>2022-07-31T22:33:01.000Z</time>
      </trkpt>
      <trkpt lat="37.410522" lon="-121.995957">
        <ele>3.420228</ele>
        <time>2022-07-31T22:33:03.000Z</time>
      </trkpt>
      <trkpt lat="37.410449" lon="-121.996087">
        <ele>3.434724</ele>
        <time>2022-07-31T22:33:06.000Z</time>
      </trkpt>
      <trkpt lat="37.410407" lon="-121.996191">
        <ele>3.445346</ele>
        <time>2022-07-31T22:33:08.000Z</time>
      </trkpt>
      <trkpt lat="37.410363" lon="-121.996331">
        <ele>3.459055</ele>
        <time>2022-07-31T22:33:11.000Z</time>
      </trkpt>
      <trkpt lat="37.410334" lon="-121.996498">
        <ele>3.474619</ele>
        <time>2022-07-31T22:33:14.000Z</time>
      </trkpt>
      <trkpt lat="37.410323" lon="-121.996625">
        <ele>3.486250</ele>
        <time>2022-07-31T22:33:16.000Z</time>
      </trkpt>
      <trkpt lat="37.410317" lon="-121.996750">
        <ele>3.497652</ele>
        <time>2022-07-31T22:33:17.999Z</time>
      </trkpt>
      <trkpt lat="37.410322" lon="-121.996864">
        <ele>3.508047</ele>
        <time>2022-07-31T22:33:19.999Z</time>
      </trkpt>
      <trkpt lat="37.410322" lon="-121.996981">
        <ele>3.518700</ele>
        <time>2022-07-31T22:33:21.999Z</time>
      </trkpt>
      <trkpt lat="37.410339" lon="-121.997093">
        <ele>3.529082</ele>
        <time>2022-07-31T22:33:23.999Z</time>
      </trkpt>
      <trkpt lat="37.410357" lon="-121.997210">
        <ele>3.516987</ele>
        <time>2022-07-31T22:33:25.999Z</time>
      </trkpt>
      <trkpt lat="37.410405" lon="-121.997367">
        <ele>3.443348</ele>
        <time>2022-07-31T22:33:28.999Z</time>
      </trkpt>
      <trkpt lat="37.410456" lon="-121.997524">
        <ele>3.369098</ele>
        <time>2022-07-31T22:33:31.999Z</time>
      </trkpt>
      <trkpt lat="37.410520" lon="-121.997663">
        <ele>3.298769</ele>
        <time>2022-07-31T22:33:34.999Z</time>
      </trkpt>
      <trkpt lat="37.410578" lon="-121.997751">
        <ele>3.248714</ele>
        <time>2022-07-31T22:33:36.999Z</time>
      </trkpt>
      <trkpt lat="37.410646" lon="-121.997876">
        <ele>3.182394</ele>
        <time>2022-07-31T22:33:39.999Z</time>
      </trkpt>
      <trkpt lat="37.410726" lon="-121.997968">
        <ele>3.122682</ele>
        <time>2022-07-31T22:33:42.999Z</time>
      </trkpt>
      <trkpt lat="37.410811" lon="-121.998055">
        <ele>3.062312</ele>
        <time>2022-07-31T22:33:46.999Z</time>
      </trkpt>
      <trkpt lat="37.410904" lon="-121.998140">
        <ele>2.998978</ele>
        <time>2022-07-31T22:33:51.999Z</time>
      </trkpt>
      <trkpt lat="37.410997" lon="-121.998217">
        <ele>2.937637</ele>
        <time>2022-07-31T22:33:56.999Z</time>
      </trkpt>
      <trkpt lat="37.411090" lon="-121.998293">
        <ele>2.876534</ele>
        <time>2022-07-31T22:34:00.999Z</time>
      </trkpt>
      <trkpt lat="37.411159" lon="-121.998416">
        <ele>2.810619</ele>
        <time>2022-07-31T22:34:03.999Z</time>
      </trkpt>
      <trkpt lat="37.411204" lon="-121.998563">
        <ele>2.741659</ele>
        <time>2022-07-31T22:34:06.999Z</time>
      </trkpt>
      <trkpt lat="37.411194" lon="-121.998729">
        <ele>2.668787</ele>
        <time>2022-07-31T22:34:09.999Z</time>
      </trkpt>
      <trkpt lat="37.411156" lon="-121.998887">
        <ele>2.596524</ele>
        <time>2022-07-31T22:34:12.999Z</time>
      </trkpt>
      <trkpt lat="37.411138" lon="-121.999005">
        <ele>2.545293</ele>
        <time>2022-07-31T22:34:14.999Z</time>
      </trkpt>
      <trkpt lat="37.411121" lon="-121.999124">
        <ele>2.579315</ele>
        <time>2022-07-31T22:34:16.999Z</time>
      </trkpt>
      <trkpt lat="37.411117" lon="-121.999244">
        <ele>2.613110</ele>
        <time>2022-07-31T22:34:18.999Z</time>
      </trkpt>
      <trkpt lat="37.411161" lon="-121.999398">
        <ele>2.659162</ele>
        <time>2022-07-31T22:34:21.999Z</time>
      </trkpt>
      <trkpt lat="37.411247" lon="-121.999497">
        <ele>2.700443</ele>
        <time>2022-07-31T22:34:24.999Z</time>
      </trkpt>
      <trkpt lat="37.411341" lon="-121.999561">
        <ele>2.738301</ele>
        <time>2022-07-31T22:34:27.999Z</time>
      </trkpt>
      <trkpt lat="37.411445" lon="-121.999594">
        <ele>2.776296</ele>
        <time>2022-07-31T22:34:44.999Z</time>
      </trkpt>
      <trkpt lat="37.411544" lon="-121.999657">
        <ele>2.815593</ele>
        <time>2022-07-31T22:34:50.000Z</time>
      </trkpt>
      <trkpt lat="37.411626" lon="-121.999710">
        <ele>2.848246</ele>
        <time>2022-07-31T22:34:53.000Z</time>
      </trkpt>
      <trkpt lat="37.411709" lon="-121.999775">
        <ele>2.882874</ele>
        <time>2022-07-31T22:34:56.000Z</time>
      </trkpt>
      <trkpt lat="37.411783" lon="-121.999850">
        <ele>2.916527</ele>
        <time>2022-07-31T22:34:59.000Z</time>
      </trkpt>
      <trkpt lat="37.411876" lon="-121.999911">
        <ele>2.953676</ele>
        <time>2022-07-31T22:35:02.000Z</time>
      </trkpt>
      <trkpt lat="37.411953" lon="-122.000004">
        <ele>2.991476</ele>
        <time>2022-07-31T22:35:06.000Z</time>
      </trkpt>
      <trkpt lat="37.411995" lon="-122.000108">
        <ele>3.024305</ele>
        <time>2022-07-31T22:35:15.000Z</time>
      </trkpt>
      <trkpt lat="37.412076" lon="-122.000188">
        <ele>3.060776</ele>
        <time>2022-07-31T22:35:19.000Z</time>
      </trkpt>
      <trkpt lat="37.412137" lon="-122.000277">
        <ele>3.093853</ele>
        <time>2022-07-31T22:35:22.000Z</time>
      </trkpt>
      <trkpt lat="37.412228" lon="-122.000341">
        <ele>3.130779</ele>
        <time>2022-07-31T22:35:24.999Z</time>
      </trkpt>
      <trkpt lat="37.412324" lon="-122.000400">
        <ele>3.168624</ele>
        <time>2022-07-31T22:35:27.999Z</time>
      </trkpt>
      <trkpt lat="37.412418" lon="-122.000462">
        <ele>3.191356</ele>
        <time>2022-07-31T22:35:30.999Z</time>
      </trkpt>
      <trkpt lat="37.412504" lon="-122.000541">
        <ele>3.205987</ele>
        <time>2022-07-31T22:35:33.999Z</time>
      </trkpt>
      <trkpt lat="37.412606" lon="-122.000616">
        <ele>3.222220</ele>
        <time>2022-07-31T22:35:36.999Z</time>
      </trkpt>
      <trkpt lat="37.412703" lon="-122.000689">
        <ele>3.237751</ele>
        <time>2022-07-31T22:35:39.999Z</time>
      </trkpt>
      <trkpt lat="37.412813" lon="-122.000753">
        <ele>3.254404</ele>
        <time>2022-07-31T22:35:42.999Z</time>
      </trkpt>
      <trkpt lat="37.412932" lon="-122.000826">
        <ele>3.272596</ele>
        <time>2022-07-31T22:35:45.999Z</time>
      </trkpt>
      <trkpt lat="37.413014" lon="-122.000880">
        <ele>3.285314</ele>
        <time>2022-07-31T22:35:47.999Z</time>
      </trkpt>
      <trkpt lat="37.413095" lon="-122.000930">
        <ele>3.297711</ele>
        <time>2022-07-31T22:35:49.999Z</time>
      </trkpt>
      <trkpt lat="37.413178" lon="-122.000980">
        <ele>3.310356</ele>
        <time>2022-07-31T22:35:51.999Z</time>
      </trkpt>
      <trkpt lat="37.413299" lon="-122.001051">
        <ele>3.328703</ele>
        <time>2022-07-31T22:35:54.999Z</time>
      </trkpt>
      <trkpt lat="37.413415" lon="-122.001105">
        <ele>3.345699</ele>
        <time>2022-07-31T22:35:57.999Z</time>
      </trkpt>
      <trkpt lat="37.413495" lon="-122.001158">
        <ele>3.358123</ele>
        <time>2022-07-31T22:35:59.999Z</time>
      </trkpt>
      <trkpt lat="37.413599" lon="-122.001226">
        <ele>3.374228</ele>
        <time>2022-07-31T22:36:02.999Z</time>
      </trkpt>
      <trkpt lat="37.413705" lon="-122.001306">
        <ele>3.391212</ele>
        <time>2022-07-31T22:36:05.999Z</time>
      </trkpt>
      <trkpt lat="37.413801" lon="-122.001376">
        <ele>3.406458</ele>
        <time>2022-07-31T22:36:08.999Z</time>
      </trkpt>
      <trkpt lat="37.413886" lon="-122.001434">
        <ele>3.419745</ele>
        <time>2022-07-31T22:36:11.999Z</time>
      </trkpt>
      <trkpt lat="37.414080" lon="-122.001601">
        <ele>3.586162</ele>
        <time>2022-07-31T22:36:32.999Z</time>
      </trkpt>
      <trkpt lat="37.414157" lon="-122.001691">
        <ele>3.685097</ele>
        <time>2022-07-31T22:36:35.999Z</time>
      </trkpt>
      <trkpt lat="37.414233" lon="-122.001781">
        <ele>3.783344</ele>
        <time>2022-07-31T22:36:38.999Z</time>
      </trkpt>
      <trkpt lat="37.414297" lon="-122.001900">
        <ele>3.890829</ele>
        <time>2022-07-31T22:36:41.999Z</time>
      </trkpt>
      <trkpt lat="37.414347" lon="-122.002029">
        <ele>3.998184</ele>
        <time>2022-07-31T22:36:44.999Z</time>
      </trkpt>
      <trkpt lat="37.414412" lon="-122.002151">
        <ele>4.108056</ele>
        <time>2022-07-31T22:36:47.999Z</time>
      </trkpt>
      <trkpt lat="37.414467" lon="-122.002277">
        <ele>4.215586</ele>
        <time>2022-07-31T22:36:50.999Z</time>
      </trkpt>
      <trkpt lat="37.414526" lon="-122.002406">
        <ele>4.326919</ele>
        <time>2022-07-31T22:36:54.000Z</time>
      </trkpt>
      <trkpt lat="37.414571" lon="-122.002541">
        <ele>4.436418</ele>
        <time>2022-07-31T22:36:57.000Z</time>
      </trkpt>
      <trkpt lat="37.414612" lon="-122.002672">
        <ele>4.541726</ele>
        <time>2022-07-31T22:37:00.000Z</time>
      </trkpt>
      <trkpt lat="37.414647" lon="-122.002802">
        <ele>4.644388</ele>
        <time>2022-07-31T22:37:03.000Z</time>
      </trkpt>
      <trkpt lat="37.414673" lon="-122.002936">
        <ele>4.747554</ele>
        <time>2022-07-31T22:37:06.000Z</time>
      </trkpt>
      <trkpt lat="37.414698" lon="-122.003054">
        <ele>4.838893</ele>
        <time>2022-07-31T22:37:09.000Z</time>
      </trkpt>
      <trkpt lat="37.414723" lon="-122.003178">
        <ele>4.934574</ele>
        <time>2022-07-31T22:37:12.000Z</time>
      </trkpt>
      <trkpt lat="37.414746" lon="-122.003294">
        <ele>5.023994</ele>
        <time>2022-07-31T22:37:15.000Z</time>
      </trkpt>
      <trkpt lat="37.414772" lon="-122.003410">
        <ele>5.114139</ele>
        <time>2022-07-31T22:37:18.000Z</time>
      </trkpt>
      <trkpt lat="37.414799" lon="-122.003525">
        <ele>5.089626</ele>
        <time>2022-07-31T22:37:21.000Z</time>
      </trkpt>
      <trkpt lat="37.414821" lon="-122.003650">
        <ele>5.050429</ele>
        <time>2022-07-31T22:37:24.000Z</time>
      </trkpt>
      <trkpt lat="37.414853" lon="-122.003781">
        <ele>5.008468</ele>
        <time>2022-07-31T22:37:26.999Z</time>
      </trkpt>
      <trkpt lat="37.414879" lon="-122.003924">
        <ele>4.963555</ele>
        <time>2022-07-31T22:37:29.999Z</time>
      </trkpt>
      <trkpt lat="37.414910" lon="-122.004078">
        <ele>4.914917</ele>
        <time>2022-07-31T22:37:32.999Z</time>
      </trkpt>
      <trkpt lat="37.414941" lon="-122.004235">
        <ele>4.865387</ele>
        <time>2022-07-31T22:37:35.999Z</time>
      </trkpt>
      <trkpt lat="37.414964" lon="-122.004348">
        <ele>4.829674</ele>
        <time>2022-07-31T22:37:37.999Z</time>
      </trkpt>
      <trkpt lat="37.414982" lon="-122.004464">
        <ele>4.793488</ele>
        <time>2022-07-31T22:37:39.999Z</time>
      </trkpt>
      <trkpt lat="37.415008" lon="-122.004585">
        <ele>4.755112</ele>
        <time>2022-07-31T22:37:41.999Z</time>
      </trkpt>
      <trkpt lat="37.415032" lon="-122.004714">
        <ele>4.714549</ele>
        <time>2022-07-31T22:37:43.999Z</time>
      </trkpt>
      <trkpt lat="37.415060" lon="-122.004848">
        <ele>4.672128</ele>
        <time>2022-07-31T22:37:45.999Z</time>
      </trkpt>
      <trkpt lat="37.415088" lon="-122.004979">
        <ele>4.630595</ele>
        <time>2022-07-31T22:37:47.999Z</time>
      </trkpt>
      <trkpt lat="37.415113" lon="-122.005105">
        <ele>4.590834</ele>
        <time>2022-07-31T22:37:49.999Z</time>
      </trkpt>
      <trkpt lat="37.415143" lon="-122.005229">
        <ele>4.551148</ele>
        <time>2022-07-31T22:37:51.999Z</time>
      </trkpt>
      <trkpt lat="37.415166" lon="-122.005342">
        <ele>4.515435</ele>
        <time>2022-07-31T22:37:53.999Z</time>
      </trkpt>
      <trkpt lat="37.415190" lon="-122.005454">
        <ele>4.479919</ele>
        <time>2022-07-31T22:37:55.999Z</time>
      </trkpt>
      <trkpt lat="37.415218" lon="-122.005618">
        <ele>4.429122</ele>
        <time>2022-07-31T22:37:58.999Z</time>
      </trkpt>
      <trkpt lat="37.415251" lon="-122.005781">
        <ele>4.408765</ele>
        <time>2022-07-31T22:38:01.999Z</time>
      </trkpt>
      <trkpt lat="37.415280" lon="-122.005935">
        <ele>4.389612</ele>
        <time>2022-07-31T22:38:04.999Z</time>
      </trkpt>
      <trkpt lat="37.415312" lon="-122.006076">
        <ele>4.371865</ele>
        <time>2022-07-31T22:38:07.999Z</time>
      </trkpt>
      <trkpt lat="37.415335" lon="-122.006206">
        <ele>4.355747</ele>
        <time>2022-07-31T22:38:10.999Z</time>
      </trkpt>
      <trkpt lat="37.415368" lon="-122.006321">
        <ele>4.340950</ele>
        <time>2022-07-31T22:38:13.999Z</time>
      </trkpt>
      <trkpt lat="37.415425" lon="-122.006584">
        <ele>4.307958</ele>
        <time>2022-07-31T22:38:54.999Z</time>
      </trkpt>
      <trkpt lat="37.415454" lon="-122.006698">
        <ele>4.293472</ele>
        <time>2022-07-31T22:38:57.999Z</time>
      </trkpt>
      <trkpt lat="37.415484" lon="-122.006824">
        <ele>4.277553</ele>
        <time>2022-07-31T22:39:01.000Z</time>
      </trkpt>
      <trkpt lat="37.415515" lon="-122.006955">
        <ele>4.261011</ele>
        <time>2022-07-31T22:39:04.000Z</time>
      </trkpt>
      <trkpt lat="37.415548" lon="-122.007098">
        <ele>4.242990</ele>
        <time>2022-07-31T22:39:07.000Z</time>
      </trkpt>
      <trkpt lat="37.415582" lon="-122.007245">
        <ele>4.224462</ele>
        <time>2022-07-31T22:39:10.000Z</time>
      </trkpt>
      <trkpt lat="37.415617" lon="-122.007393">
        <ele>4.205774</ele>
        <time>2022-07-31T22:39:13.000Z</time>
      </trkpt>
      <trkpt lat="37.415650" lon="-122.007549">
        <ele>4.186237</ele>
        <time>2022-07-31T22:39:16.000Z</time>
      </trkpt>
      <trkpt lat="37.415684" lon="-122.007701">
        <ele>4.167127</ele>
        <time>2022-07-31T22:39:19.000Z</time>
      </trkpt>
      <trkpt lat="37.415715" lon="-122.007851">
        <ele>4.163692</ele>
        <time>2022-07-31T22:39:22.000Z</time>
      </trkpt>
      <trkpt lat="37.415751" lon="-122.008003">
        <ele>4.186140</ele>
        <time>2022-07-31T22:39:25.000Z</time>
      </trkpt>
      <trkpt lat="37.415779" lon="-122.008162">
        <ele>4.209189</ele>
        <time>2022-07-31T22:39:28.000Z</time>
      </trkpt>
      <trkpt lat="37.415814" lon="-122.008316">
        <ele>4.231858</ele>
        <time>2022-07-31T22:39:31.000Z</time>
      </trkpt>
      <trkpt lat="37.415843" lon="-122.008471">
        <ele>4.254394</ele>
        <time>2022-07-31T22:39:34.000Z</time>
      </trkpt>
      <trkpt lat="37.415877" lon="-122.008630">
        <ele>4.277698</ele>
        <time>2022-07-31T22:39:37.000Z</time>
      </trkpt>
      <trkpt lat="37.415907" lon="-122.008787">
        <ele>4.300551</ele>
        <time>2022-07-31T22:39:40.000Z</time>
      </trkpt>
      <trkpt lat="37.415941" lon="-122.008940">
        <ele>4.323035</ele>
        <time>2022-07-31T22:39:42.999Z</time>
      </trkpt>
      <trkpt lat="37.415973" lon="-122.009092">
        <ele>4.345290</ele>
        <time>2022-07-31T22:39:45.999Z</time>
      </trkpt>
      <trkpt lat="37.416004" lon="-122.009237">
        <ele>4.366541</ele>
        <time>2022-07-31T22:39:48.999Z</time>
      </trkpt>
      <trkpt lat="37.416028" lon="-122.009385">
        <ele>4.387918</ele>
        <time>2022-07-31T22:39:51.999Z</time>
      </trkpt>
      <trkpt lat="37.416052" lon="-122.009538">
        <ele>4.409990</ele>
        <time>2022-07-31T22:39:54.999Z</time>
      </trkpt>
      <trkpt lat="37.416078" lon="-122.009684">
        <ele>4.431165</ele>
        <time>2022-07-31T22:39:57.999Z</time>
      </trkpt>
      <trkpt lat="37.416102" lon="-122.009838">
        <ele>4.453375</ele>
        <time>2022-07-31T22:40:00.999Z</time>
      </trkpt>
      <trkpt lat="37.416133" lon="-122.009991">
        <ele>4.475721</ele>
        <time>2022-07-31T22:40:03.999Z</time>
      </trkpt>
      <trkpt lat="37.416157" lon="-122.010144">
        <ele>4.469870</ele>
        <time>2022-07-31T22:40:06.999Z</time>
      </trkpt>
      <trkpt lat="37.416192" lon="-122.010296">
        <ele>4.463671</ele>
        <time>2022-07-31T22:40:09.999Z</time>
      </trkpt>
      <trkpt lat="37.416222" lon="-122.010454">
        <ele>4.457306</ele>
        <time>2022-07-31T22:40:12.999Z</time>
      </trkpt>
      <trkpt lat="37.416255" lon="-122.010615">
        <ele>4.450792</ele>
        <time>2022-07-31T22:40:15.999Z</time>
      </trkpt>
      <trkpt lat="37.416287" lon="-122.010777">
        <ele>4.444253</ele>
        <time>2022-07-31T22:40:18.999Z</time>
      </trkpt>
      <trkpt lat="37.416322" lon="-122.010934">
        <ele>4.437864</ele>
        <time>2022-07-31T22:40:21.999Z</time>
      </trkpt>
      <trkpt lat="37.416356" lon="-122.011091">
        <ele>4.431489</ele>
        <time>2022-07-31T22:40:24.999Z</time>
      </trkpt>
      <trkpt lat="37.416388" lon="-122.011246">
        <ele>4.425215</ele>
        <time>2022-07-31T22:40:27.999Z</time>
      </trkpt>
      <trkpt lat="37.416404" lon="-122.011400">
        <ele>4.419131</ele>
        <time>2022-07-31T22:40:30.999Z</time>
      </trkpt>
      <trkpt lat="37.416429" lon="-122.011561">
        <ele>4.412704</ele>
        <time>2022-07-31T22:40:33.999Z</time>
      </trkpt>
      <trkpt lat="37.416444" lon="-122.011727">
        <ele>4.406159</ele>
        <time>2022-07-31T22:40:36.999Z</time>
      </trkpt>
      <trkpt lat="37.416453" lon="-122.011840">
        <ele>4.401710</ele>
        <time>2022-07-31T22:40:38.999Z</time>
      </trkpt>
      <trkpt lat="37.416455" lon="-122.012006">
        <ele>4.395206</ele>
        <time>2022-07-31T22:40:41.999Z</time>
      </trkpt>
      <trkpt lat="37.416460" lon="-122.012120">
        <ele>4.390733</ele>
        <time>2022-07-31T22:40:43.999Z</time>
      </trkpt>
      <trkpt lat="37.416458" lon="-122.012282">
        <ele>4.396526</ele>
        <time>2022-07-31T22:40:46.999Z</time>
      </trkpt>
      <trkpt lat="37.416449" lon="-122.012441">
        <ele>4.417159</ele>
        <time>2022-07-31T22:40:49.999Z</time>
      </trkpt>
      <trkpt lat="37.416443" lon="-122.012592">
        <ele>4.436729</ele>
        <time>2022-07-31T22:40:52.999Z</time>
      </trkpt>
      <trkpt lat="37.416446" lon="-122.012751">
        <ele>4.457316</ele>
        <time>2022-07-31T22:40:55.999Z</time>
      </trkpt>
      <trkpt lat="37.416447" lon="-122.012898">
        <ele>4.476345</ele>
        <time>2022-07-31T22:40:58.999Z</time>
      </trkpt>
      <trkpt lat="37.416461" lon="-122.013044">
        <ele>4.495380</ele>
        <time>2022-07-31T22:41:01.999Z</time>
      </trkpt>
      <trkpt lat="37.416471" lon="-122.013191">
        <ele>4.514478</ele>
        <time>2022-07-31T22:41:04.999Z</time>
      </trkpt>
      <trkpt lat="37.416486" lon="-122.013342">
        <ele>4.534176</ele>
        <time>2022-07-31T22:41:08.000Z</time>
      </trkpt>
      <trkpt lat="37.416506" lon="-122.013489">
        <ele>4.553481</ele>
        <time>2022-07-31T22:41:11.000Z</time>
      </trkpt>
      <trkpt lat="37.416524" lon="-122.013628">
        <ele>4.571711</ele>
        <time>2022-07-31T22:41:14.000Z</time>
      </trkpt>
      <trkpt lat="37.416557" lon="-122.013765">
        <ele>4.590242</ele>
        <time>2022-07-31T22:41:17.000Z</time>
      </trkpt>
      <trkpt lat="37.416582" lon="-122.013909">
        <ele>4.609322</ele>
        <time>2022-07-31T22:41:20.000Z</time>
      </trkpt>
      <trkpt lat="37.416614" lon="-122.014059">
        <ele>4.629426</ele>
        <time>2022-07-31T22:41:23.000Z</time>
      </trkpt>
      <trkpt lat="37.416648" lon="-122.014206">
        <ele>4.649244</ele>
        <time>2022-07-31T22:41:26.000Z</time>
      </trkpt>
      <trkpt lat="37.416680" lon="-122.014357">
        <ele>4.669473</ele>
        <time>2022-07-31T22:41:29.000Z</time>
      </trkpt>
      <trkpt lat="37.416714" lon="-122.014506">
        <ele>4.657513</ele>
        <time>2022-07-31T22:41:32.000Z</time>
      </trkpt>
      <trkpt lat="37.416747" lon="-122.014658">
        <ele>4.606905</ele>
        <time>2022-07-31T22:41:35.000Z</time>
      </trkpt>
      <trkpt lat="37.416779" lon="-122.014806">
        <ele>4.557644</ele>
        <time>2022-07-31T22:41:38.000Z</time>
      </trkpt>
      <trkpt lat="37.416816" lon="-122.014961">
        <ele>4.505664</ele>
        <time>2022-07-31T22:41:41.000Z</time>
      </trkpt>
      <trkpt lat="37.416851" lon="-122.015118">
        <ele>4.453293</ele>
        <time>2022-07-31T22:41:44.000Z</time>
      </trkpt>
      <trkpt lat="37.416871" lon="-122.015273">
        <ele>4.402861</ele>
        <time>2022-07-31T22:41:46.999Z</time>
      </trkpt>
      <trkpt lat="37.416906" lon="-122.015425">
        <ele>4.352034</ele>
        <time>2022-07-31T22:41:49.999Z</time>
      </trkpt>
      <trkpt lat="37.416933" lon="-122.015577">
        <ele>4.302012</ele>
        <time>2022-07-31T22:41:52.999Z</time>
      </trkpt>
      <trkpt lat="37.416971" lon="-122.015732">
        <ele>4.249915</ele>
        <time>2022-07-31T22:41:55.999Z</time>
      </trkpt>
      <trkpt lat="37.417007" lon="-122.015870">
        <ele>4.203265</ele>
        <time>2022-07-31T22:41:58.999Z</time>
      </trkpt>
      <trkpt lat="37.417035" lon="-122.015991">
        <ele>4.162789</ele>
        <time>2022-07-31T22:42:01.999Z</time>
      </trkpt>
      <trkpt lat="37.417113" lon="-122.016073">
        <ele>4.121700</ele>
        <time>2022-07-31T22:42:05.999Z</time>
      </trkpt>
      <trkpt lat="37.417172" lon="-122.016251">
        <ele>4.059755</ele>
        <time>2022-07-31T22:42:27.999Z</time>
      </trkpt>
      <trkpt lat="37.417183" lon="-122.016389">
        <ele>4.015212</ele>
        <time>2022-07-31T22:42:32.999Z</time>
      </trkpt>
      <trkpt lat="37.417170" lon="-122.016523">
        <ele>3.971857</ele>
        <time>2022-07-31T22:42:38.999Z</time>
      </trkpt>
      <trkpt lat="37.417204" lon="-122.016647">
        <ele>3.997090</ele>
        <time>2022-07-31T22:42:41.999Z</time>
      </trkpt>
      <trkpt lat="37.417224" lon="-122.016777">
        <ele>4.077479</ele>
        <time>2022-07-31T22:42:44.999Z</time>
      </trkpt>
      <trkpt lat="37.417255" lon="-122.016912">
        <ele>4.162792</ele>
        <time>2022-07-31T22:42:47.999Z</time>
      </trkpt>
      <trkpt lat="37.417287" lon="-122.017049">
        <ele>4.249485</ele>
        <time>2022-07-31T22:42:50.999Z</time>
      </trkpt>
      <trkpt lat="37.417319" lon="-122.017187">
        <ele>4.336761</ele>
        <time>2022-07-31T22:42:53.999Z</time>
      </trkpt>
      <trkpt lat="37.417353" lon="-122.017335">
        <ele>4.430293</ele>
        <time>2022-07-31T22:42:56.999Z</time>
      </trkpt>
      <trkpt lat="37.417390" lon="-122.017490">
        <ele>4.528550</ele>
        <time>2022-07-31T22:42:59.999Z</time>
      </trkpt>
      <trkpt lat="37.417425" lon="-122.017650">
        <ele>4.629301</ele>
        <time>2022-07-31T22:43:02.999Z</time>
      </trkpt>
      <trkpt lat="37.417454" lon="-122.017797">
        <ele>4.721254</ele>
        <time>2022-07-31T22:43:05.999Z</time>
      </trkpt>
      <trkpt lat="37.417479" lon="-122.017936">
        <ele>4.807776</ele>
        <time>2022-07-31T22:43:08.999Z</time>
      </trkpt>
      <trkpt lat="37.417507" lon="-122.018069">
        <ele>4.891306</ele>
        <time>2022-07-31T22:43:12.000Z</time>
      </trkpt>
      <trkpt lat="37.417532" lon="-122.018193">
        <ele>4.968973</ele>
        <time>2022-07-31T22:43:15.000Z</time>
      </trkpt>
      <trkpt lat="37.417552" lon="-122.018306">
        <ele>5.039256</ele>
        <time>2022-07-31T22:43:18.000Z</time>
      </trkpt>
      <trkpt lat="37.417578" lon="-122.018452">
        <ele>5.130091</ele>
        <time>2022-07-31T22:43:22.000Z</time>
      </trkpt>
      <trkpt lat="37.417594" lon="-122.018598">
        <ele>5.219565</ele>
        <time>2022-07-31T22:43:26.000Z</time>
      </trkpt>
      <trkpt lat="37.417601" lon="-122.018735">
        <ele>5.302908</ele>
        <time>2022-07-31T22:43:30.000Z</time>
      </trkpt>
      <trkpt lat="37.417627" lon="-122.018862">
        <ele>5.312453</ele>
        <time>2022-07-31T22:43:34.000Z</time>
      </trkpt>
      <trkpt lat="37.417652" lon="-122.018976">
        <ele>5.292210</ele>
        <time>2022-07-31T22:43:38.000Z</time>
      </trkpt>
      <trkpt lat="37.417747" lon="-122.019028">
        <ele>5.269885</ele>
        <time>2022-07-31T22:43:42.000Z</time>
      </trkpt>
      <trkpt lat="37.417843" lon="-122.018977">
        <ele>5.247430</ele>
        <time>2022-07-31T22:43:47.000Z</time>
      </trkpt>
      <trkpt lat="37.417945" lon="-122.018944">
        <ele>5.224734</ele>
        <time>2022-07-31T22:43:51.000Z</time>
      </trkpt>
      <trkpt lat="37.418061" lon="-122.018906">
        <ele>5.198902</ele>
        <time>2022-07-31T22:43:55.000Z</time>
      </trkpt>
      <trkpt lat="37.418176" lon="-122.018861">
        <ele>5.172949</ele>
        <time>2022-07-31T22:43:59.000Z</time>
      </trkpt>
      <trkpt lat="37.418270" lon="-122.018834">
        <ele>5.152171</ele>
        <time>2022-07-31T22:44:02.000Z</time>
      </trkpt>
      <trkpt lat="37.418364" lon="-122.018808">
        <ele>5.131430</ele>
        <time>2022-07-31T22:44:05.000Z</time>
      </trkpt>
      <trkpt lat="37.418455" lon="-122.018780">
        <ele>5.111241</ele>
        <time>2022-07-31T22:44:08.000Z</time>
      </trkpt>
      <trkpt lat="37.418550" lon="-122.018746">
        <ele>5.089956</ele>
        <time>2022-07-31T22:44:11.000Z</time>
      </trkpt>
      <trkpt lat="37.418645" lon="-122.018708">
        <ele>5.068475</ele>
        <time>2022-07-31T22:44:14.000Z</time>
      </trkpt>
      <trkpt lat="37.418737" lon="-122.018676">
        <ele>5.047905</ele>
        <time>2022-07-31T22:44:17.000Z</time>
      </trkpt>
      <trkpt lat="37.418831" lon="-122.018647">
        <ele>5.027048</ele>
        <time>2022-07-31T22:44:20.000Z</time>
      </trkpt>
      <trkpt lat="37.418927" lon="-122.018611">
        <ele>5.005460</ele>
        <time>2022-07-31T22:44:22.999Z</time>
      </trkpt>
      <trkpt lat="37.419029" lon="-122.018573">
        <ele>4.982536</ele>
        <time>2022-07-31T22:44:25.999Z</time>
      </trkpt>
      <trkpt lat="37.419125" lon="-122.018553">
        <ele>4.961566</ele>
        <time>2022-07-31T22:44:28.999Z</time>
      </trkpt>
      <trkpt lat="37.419226" lon="-122.018528">
        <ele>4.934824</ele>
        <time>2022-07-31T22:44:31.999Z</time>
      </trkpt>
      <trkpt lat="37.419321" lon="-122.018499">
        <ele>4.801400</ele>
        <time>2022-07-31T22:44:34.999Z</time>
      </trkpt>
      <trkpt lat="37.419399" lon="-122.018442">
        <ele>4.678304</ele>
        <time>2022-07-31T22:44:37.999Z</time>
      </trkpt>
      <trkpt lat="37.419501" lon="-122.018362">
        <ele>4.514281</ele>
        <time>2022-07-31T22:44:41.999Z</time>
      </trkpt>
      <trkpt lat="37.419580" lon="-122.018284">
        <ele>4.377254</ele>
        <time>2022-07-31T22:44:44.999Z</time>
      </trkpt>
      <trkpt lat="37.419668" lon="-122.018212">
        <ele>4.234009</ele>
        <time>2022-07-31T22:44:47.999Z</time>
      </trkpt>
      <trkpt lat="37.419756" lon="-122.018123">
        <ele>4.079946</ele>
        <time>2022-07-31T22:44:50.999Z</time>
      </trkpt>
      <trkpt lat="37.419842" lon="-122.018044">
        <ele>3.934644</ele>
        <time>2022-07-31T22:44:53.999Z</time>
      </trkpt>
      <trkpt lat="37.419926" lon="-122.017971">
        <ele>3.795333</ele>
        <time>2022-07-31T22:44:56.999Z</time>
      </trkpt>
      <trkpt lat="37.420014" lon="-122.017882">
        <ele>3.641271</ele>
        <time>2022-07-31T22:44:59.999Z</time>
      </trkpt>
      <trkpt lat="37.420104" lon="-122.017785">
        <ele>3.479570</ele>
        <time>2022-07-31T22:45:02.999Z</time>
      </trkpt>
      <trkpt lat="37.420187" lon="-122.017705">
        <ele>3.336899</ele>
        <time>2022-07-31T22:45:05.999Z</time>
      </trkpt>
      <trkpt lat="37.420269" lon="-122.017754">
        <ele>3.213011</ele>
        <time>2022-07-31T22:45:08.999Z</time>
      </trkpt>
      <trkpt lat="37.420327" lon="-122.017862">
        <ele>3.071683</ele>
        <time>2022-07-31T22:45:10.999Z</time>
      </trkpt>
      <trkpt lat="37.420373" lon="-122.017982">
        <ele>2.927241</ele>
        <time>2022-07-31T22:45:12.999Z</time>
      </trkpt>
      <trkpt lat="37.420414" lon="-122.018101">
        <ele>2.786627</ele>
        <time>2022-07-31T22:45:14.999Z</time>
      </trkpt>
      <trkpt lat="37.420453" lon="-122.018217">
        <ele>2.650077</ele>
        <time>2022-07-31T22:45:16.999Z</time>
      </trkpt>
      <trkpt lat="37.420494" lon="-122.018325">
        <ele>2.520316</ele>
        <time>2022-07-31T22:45:19.000Z</time>
      </trkpt>
      <trkpt lat="37.420529" lon="-122.018438">
        <ele>2.502971</ele>
        <time>2022-07-31T22:45:21.000Z</time>
      </trkpt>
      <trkpt lat="37.420575" lon="-122.018547">
        <ele>2.527598</ele>
        <time>2022-07-31T22:45:23.000Z</time>
      </trkpt>
      <trkpt lat="37.420610" lon="-122.018657">
        <ele>2.551242</ele>
        <time>2022-07-31T22:45:25.000Z</time>
      </trkpt>
      <trkpt lat="37.420662" lon="-122.018810">
        <ele>2.584447</ele>
        <time>2022-07-31T22:45:28.000Z</time>
      </trkpt>
      <trkpt lat="37.420720" lon="-122.018959">
        <ele>2.617555</ele>
        <time>2022-07-31T22:45:31.000Z</time>
      </trkpt>
      <trkpt lat="37.420770" lon="-122.019109">
        <ele>2.650013</ele>
        <time>2022-07-31T22:45:34.000Z</time>
      </trkpt>
      <trkpt lat="37.420815" lon="-122.019257">
        <ele>2.681633</ele>
        <time>2022-07-31T22:45:37.000Z</time>
      </trkpt>
      <trkpt lat="37.420868" lon="-122.019402">
        <ele>2.713481</ele>
        <time>2022-07-31T22:45:40.000Z</time>
      </trkpt>
      <trkpt lat="37.420915" lon="-122.019546">
        <ele>2.744544</ele>
        <time>2022-07-31T22:45:43.000Z</time>
      </trkpt>
      <trkpt lat="37.420968" lon="-122.019686">
        <ele>2.775488</ele>
        <time>2022-07-31T22:45:46.000Z</time>
      </trkpt>
      <trkpt lat="37.421012" lon="-122.019826">
        <ele>2.805529</ele>
        <time>2022-07-31T22:45:49.000Z</time>
      </trkpt>
      <trkpt lat="37.421061" lon="-122.019972">
        <ele>2.837154</ele>
        <time>2022-07-31T22:45:52.000Z</time>
      </trkpt>
      <trkpt lat="37.421106" lon="-122.020117">
        <ele>2.868216</ele>
        <time>2022-07-31T22:45:55.000Z</time>
      </trkpt>
      <trkpt lat="37.421155" lon="-122.020261">
        <ele>2.899473</ele>
        <time>2022-07-31T22:45:58.000Z</time>
      </trkpt>
      <trkpt lat="37.421204" lon="-122.020404">
        <ele>2.930547</ele>
        <time>2022-07-31T22:46:00.999Z</time>
      </trkpt>
      <trkpt lat="37.421255" lon="-122.020544">
        <ele>2.961912</ele>
        <time>2022-07-31T22:46:03.999Z</time>
      </trkpt>
      <trkpt lat="37.421307" lon="-122.020683">
        <ele>2.993371</ele>
        <time>2022-07-31T22:46:06.998Z</time>
      </trkpt>
      <trkpt lat="37.421351" lon="-122.020824">
        <ele>3.024389</ele>
        <time>2022-07-31T22:46:09.998Z</time>
      </trkpt>
      <trkpt lat="37.421403" lon="-122.020966">
        <ele>3.056405</ele>
        <time>2022-07-31T22:46:12.998Z</time>
      </trkpt>
      <trkpt lat="37.421448" lon="-122.021109">
        <ele>3.087898</ele>
        <time>2022-07-31T22:46:15.998Z</time>
      </trkpt>
      <trkpt lat="37.421501" lon="-122.021255">
        <ele>3.120766</ele>
        <time>2022-07-31T22:46:18.998Z</time>
      </trkpt>
      <trkpt lat="37.421545" lon="-122.021401">
        <ele>3.152739</ele>
        <time>2022-07-31T22:46:21.998Z</time>
      </trkpt>
      <trkpt lat="37.421599" lon="-122.021547">
        <ele>3.185714</ele>
        <time>2022-07-31T22:46:24.998Z</time>
      </trkpt>
      <trkpt lat="37.421641" lon="-122.021688">
        <ele>3.216547</ele>
        <time>2022-07-31T22:46:27.998Z</time>
      </trkpt>
      <trkpt lat="37.421699" lon="-122.021833">
        <ele>3.249788</ele>
        <time>2022-07-31T22:46:30.998Z</time>
      </trkpt>
      <trkpt lat="37.421747" lon="-122.021983">
        <ele>3.282899</ele>
        <time>2022-07-31T22:46:33.998Z</time>
      </trkpt>
      <trkpt lat="37.421793" lon="-122.022133">
        <ele>3.315821</ele>
        <time>2022-07-31T22:46:36.998Z</time>
      </trkpt>
      <trkpt lat="37.421849" lon="-122.022275">
        <ele>3.348282</ele>
        <time>2022-07-31T22:46:39.998Z</time>
      </trkpt>
      <trkpt lat="37.421894" lon="-122.022416">
        <ele>3.379395</ele>
        <time>2022-07-31T22:46:42.998Z</time>
      </trkpt>
      <trkpt lat="37.421944" lon="-122.022560">
        <ele>3.364704</ele>
        <time>2022-07-31T22:46:45.998Z</time>
      </trkpt>
      <trkpt lat="37.421989" lon="-122.022704">
        <ele>3.258551</ele>
        <time>2022-07-31T22:46:48.998Z</time>
      </trkpt>
      <trkpt lat="37.422040" lon="-122.022839">
        <ele>3.156000</ele>
        <time>2022-07-31T22:46:51.998Z</time>
      </trkpt>
      <trkpt lat="37.422081" lon="-122.022979">
        <ele>3.053641</ele>
        <time>2022-07-31T22:46:54.998Z</time>
      </trkpt>
      <trkpt lat="37.422112" lon="-122.023127">
        <ele>2.948644</ele>
        <time>2022-07-31T22:46:57.998Z</time>
      </trkpt>
      <trkpt lat="37.422130" lon="-122.023271">
        <ele>2.848646</ele>
        <time>2022-07-31T22:47:00.998Z</time>
      </trkpt>
      <trkpt lat="37.422155" lon="-122.023423">
        <ele>2.742164</ele>
        <time>2022-07-31T22:47:03.998Z</time>
      </trkpt>
      <trkpt lat="37.422224" lon="-122.023535">
        <ele>2.644928</ele>
        <time>2022-07-31T22:47:06.998Z</time>
      </trkpt>
      <trkpt lat="37.422312" lon="-122.023759">
        <ele>2.473496</ele>
        <time>2022-07-31T22:48:12.998Z</time>
      </trkpt>
      <trkpt lat="37.422361" lon="-122.023895">
        <ele>2.371051</ele>
        <time>2022-07-31T22:48:15.998Z</time>
      </trkpt>
      <trkpt lat="37.422414" lon="-122.024030">
        <ele>2.267747</ele>
        <time>2022-07-31T22:48:18.998Z</time>
      </trkpt>
      <trkpt lat="37.422460" lon="-122.024172">
        <ele>2.162546</ele>
        <time>2022-07-31T22:48:21.998Z</time>
      </trkpt>
      <trkpt lat="37.422509" lon="-122.024308">
        <ele>2.060101</ele>
        <time>2022-07-31T22:48:24.998Z</time>
      </trkpt>
      <trkpt lat="37.422550" lon="-122.024444">
        <ele>1.960312</ele>
        <time>2022-07-31T22:48:27.998Z</time>
      </trkpt>
      <trkpt lat="37.422596" lon="-122.024578">
        <ele>1.860172</ele>
        <time>2022-07-31T22:48:30.998Z</time>
      </trkpt>
      <trkpt lat="37.422634" lon="-122.024715">
        <ele>1.845500</ele>
        <time>2022-07-31T22:48:33.998Z</time>
      </trkpt>
      <trkpt lat="37.422678" lon="-122.024853">
        <ele>1.843493</ele>
        <time>2022-07-31T22:48:36.998Z</time>
      </trkpt>
      <trkpt lat="37.422720" lon="-122.024991">
        <ele>1.841499</ele>
        <time>2022-07-31T22:48:39.998Z</time>
      </trkpt>
      <trkpt lat="37.422761" lon="-122.025132">
        <ele>1.839472</ele>
        <time>2022-07-31T22:48:42.998Z</time>
      </trkpt>
      <trkpt lat="37.422810" lon="-122.025281">
        <ele>1.837296</ele>
        <time>2022-07-31T22:48:45.998Z</time>
      </trkpt>
      <trkpt lat="37.422861" lon="-122.025433">
        <ele>1.835069</ele>
        <time>2022-07-31T22:48:48.998Z</time>
      </trkpt>
      <trkpt lat="37.422910" lon="-122.025589">
        <ele>1.832806</ele>
        <time>2022-07-31T22:48:51.998Z</time>
      </trkpt>
      <trkpt lat="37.422961" lon="-122.025737">
        <ele>1.830628</ele>
        <time>2022-07-31T22:48:54.998Z</time>
      </trkpt>
      <trkpt lat="37.423002" lon="-122.025893">
        <ele>1.828411</ele>
        <time>2022-07-31T22:48:57.998Z</time>
      </trkpt>
      <trkpt lat="37.423050" lon="-122.026044">
        <ele>1.826216</ele>
        <time>2022-07-31T22:49:00.998Z</time>
      </trkpt>
      <trkpt lat="37.423101" lon="-122.026196">
        <ele>1.823990</ele>
        <time>2022-07-31T22:49:03.998Z</time>
      </trkpt>
      <trkpt lat="37.423155" lon="-122.026346">
        <ele>1.821767</ele>
        <time>2022-07-31T22:49:06.998Z</time>
      </trkpt>
      <trkpt lat="37.423220" lon="-122.026484">
        <ele>1.819602</ele>
        <time>2022-07-31T22:49:09.998Z</time>
      </trkpt>
      <trkpt lat="37.423290" lon="-122.026617">
        <ele>1.817449</ele>
        <time>2022-07-31T22:49:12.998Z</time>
      </trkpt>
      <trkpt lat="37.423377" lon="-122.026741">
        <ele>1.780224</ele>
        <time>2022-07-31T22:49:15.998Z</time>
      </trkpt>
      <trkpt lat="37.423469" lon="-122.026855">
        <ele>1.724148</ele>
        <time>2022-07-31T22:49:18.998Z</time>
      </trkpt>
      <trkpt lat="37.423574" lon="-122.026947">
        <ele>1.668575</ele>
        <time>2022-07-31T22:49:21.998Z</time>
      </trkpt>
      <trkpt lat="37.423686" lon="-122.027018">
        <ele>1.614099</ele>
        <time>2022-07-31T22:49:24.998Z</time>
      </trkpt>
      <trkpt lat="37.423795" lon="-122.027085">
        <ele>1.561405</ele>
        <time>2022-07-31T22:49:27.998Z</time>
      </trkpt>
      <trkpt lat="37.423913" lon="-122.027128">
        <ele>1.508037</ele>
        <time>2022-07-31T22:49:30.999Z</time>
      </trkpt>
      <trkpt lat="37.424036" lon="-122.027156">
        <ele>1.453735</ele>
        <time>2022-07-31T22:49:33.999Z</time>
      </trkpt>
      <trkpt lat="37.424163" lon="-122.027159">
        <ele>1.398551</ele>
        <time>2022-07-31T22:49:36.999Z</time>
      </trkpt>
      <trkpt lat="37.424293" lon="-122.027171">
        <ele>1.341922</ele>
        <time>2022-07-31T22:49:39.999Z</time>
      </trkpt>
      <trkpt lat="37.424427" lon="-122.027184">
        <ele>1.283535</ele>
        <time>2022-07-31T22:49:42.999Z</time>
      </trkpt>
      <trkpt lat="37.424517" lon="-122.027201">
        <ele>1.243998</ele>
        <time>2022-07-31T22:49:44.999Z</time>
      </trkpt>
      <trkpt lat="37.424639" lon="-122.027267">
        <ele>1.186312</ele>
        <time>2022-07-31T22:49:47.999Z</time>
      </trkpt>
      <trkpt lat="37.424721" lon="-122.027314">
        <ele>1.147171</ele>
        <time>2022-07-31T22:49:49.999Z</time>
      </trkpt>
      <trkpt lat="37.424827" lon="-122.027410">
        <ele>1.090446</ele>
        <time>2022-07-31T22:49:52.999Z</time>
      </trkpt>
      <trkpt lat="37.424897" lon="-122.027538">
        <ele>1.036827</ele>
        <time>2022-07-31T22:49:55.999Z</time>
      </trkpt>
      <trkpt lat="37.424945" lon="-122.027684">
        <ele>1.063850</ele>
        <time>2022-07-31T22:49:58.999Z</time>
      </trkpt>
      <trkpt lat="37.424987" lon="-122.027842">
        <ele>1.094924</ele>
        <time>2022-07-31T22:50:01.999Z</time>
      </trkpt>
      <trkpt lat="37.425013" lon="-122.027951">
        <ele>1.116151</ele>
        <time>2022-07-31T22:50:03.999Z</time>
      </trkpt>
      <trkpt lat="37.425044" lon="-122.028064">
        <ele>1.138448</ele>
        <time>2022-07-31T22:50:05.999Z</time>
      </trkpt>
      <trkpt lat="37.425068" lon="-122.028175">
        <ele>1.159903</ele>
        <time>2022-07-31T22:50:07.999Z</time>
      </trkpt>
      <trkpt lat="37.425099" lon="-122.028339">
        <ele>1.191344</ele>
        <time>2022-07-31T22:50:10.999Z</time>
      </trkpt>
      <trkpt lat="37.425138" lon="-122.028495">
        <ele>1.221847</ele>
        <time>2022-07-31T22:50:13.999Z</time>
      </trkpt>
      <trkpt lat="37.425168" lon="-122.028647">
        <ele>1.251058</ele>
        <time>2022-07-31T22:50:16.998Z</time>
      </trkpt>
      <trkpt lat="37.425202" lon="-122.028794">
        <ele>1.279613</ele>
        <time>2022-07-31T22:50:19.998Z</time>
      </trkpt>
      <trkpt lat="37.425233" lon="-122.028939">
        <ele>1.307619</ele>
        <time>2022-07-31T22:50:22.998Z</time>
      </trkpt>
      <trkpt lat="37.425263" lon="-122.029085">
        <ele>1.335745</ele>
        <time>2022-07-31T22:50:25.998Z</time>
      </trkpt>
      <trkpt lat="37.425293" lon="-122.029237">
        <ele>1.364956</ele>
        <time>2022-07-31T22:50:28.998Z</time>
      </trkpt>
      <trkpt lat="37.425326" lon="-122.029391">
        <ele>1.394705</ele>
        <time>2022-07-31T22:50:31.998Z</time>
      </trkpt>
      <trkpt lat="37.425354" lon="-122.029544">
        <ele>1.423988</ele>
        <time>2022-07-31T22:50:34.998Z</time>
      </trkpt>
      <trkpt lat="37.425393" lon="-122.029685">
        <ele>1.451834</ele>
        <time>2022-07-31T22:50:37.998Z</time>
      </trkpt>
      <trkpt lat="37.425418" lon="-122.029836">
        <ele>1.468428</ele>
        <time>2022-07-31T22:50:40.998Z</time>
      </trkpt>
      <trkpt lat="37.425446" lon="-122.029991">
        <ele>1.482353</ele>
        <time>2022-07-31T22:50:43.998Z</time>
      </trkpt>
      <trkpt lat="37.425479" lon="-122.030146">
        <ele>1.496410</ele>
        <time>2022-07-31T22:50:46.998Z</time>
      </trkpt>
      <trkpt lat="37.425496" lon="-122.030301">
        <ele>1.510117</ele>
        <time>2022-07-31T22:50:49.998Z</time>
      </trkpt>
      <trkpt lat="37.425532" lon="-122.030448">
        <ele>1.523593</ele>
        <time>2022-07-31T22:50:52.998Z</time>
      </trkpt>
      <trkpt lat="37.425559" lon="-122.030611">
        <ele>1.538179</ele>
        <time>2022-07-31T22:50:55.998Z</time>
      </trkpt>
      <trkpt lat="37.425585" lon="-122.030720">
        <ele>1.548148</ele>
        <time>2022-07-31T22:50:57.998Z</time>
      </trkpt>
      <trkpt lat="37.425622" lon="-122.030882">
        <ele>1.562915</ele>
        <time>2022-07-31T22:51:00.998Z</time>
      </trkpt>
      <trkpt lat="37.425644" lon="-122.030997">
        <ele>1.573277</ele>
        <time>2022-07-31T22:51:02.998Z</time>
      </trkpt>
      <trkpt lat="37.425665" lon="-122.031112">
        <ele>1.583614</ele>
        <time>2022-07-31T22:51:04.998Z</time>
      </trkpt>
      <trkpt lat="37.425700" lon="-122.031274">
        <ele>1.598321</ele>
        <time>2022-07-31T22:51:07.998Z</time>
      </trkpt>
      <trkpt lat="37.425721" lon="-122.031385">
        <ele>1.608316</ele>
        <time>2022-07-31T22:51:09.998Z</time>
      </trkpt>
      <trkpt lat="37.425745" lon="-122.031494">
        <ele>1.618225</ele>
        <time>2022-07-31T22:51:11.998Z</time>
      </trkpt>
      <trkpt lat="37.425775" lon="-122.031655">
        <ele>1.632711</ele>
        <time>2022-07-31T22:51:14.998Z</time>
      </trkpt>
      <trkpt lat="37.425802" lon="-122.031809">
        <ele>1.646526</ele>
        <time>2022-07-31T22:51:17.998Z</time>
      </trkpt>
      <trkpt lat="37.425843" lon="-122.031958">
        <ele>1.654283</ele>
        <time>2022-07-31T22:51:20.998Z</time>
      </trkpt>
      <trkpt lat="37.425870" lon="-122.032111">
        <ele>1.648635</ele>
        <time>2022-07-31T22:51:23.998Z</time>
      </trkpt>
      <trkpt lat="37.425899" lon="-122.032270">
        <ele>1.642757</ele>
        <time>2022-07-31T22:51:26.998Z</time>
      </trkpt>
      <trkpt lat="37.425937" lon="-122.032425">
        <ele>1.636911</ele>
        <time>2022-07-31T22:51:29.998Z</time>
      </trkpt>
      <trkpt lat="37.425950" lon="-122.032538">
        <ele>1.632797</ele>
        <time>2022-07-31T22:51:31.998Z</time>
      </trkpt>
      <trkpt lat="37.425980" lon="-122.032648">
        <ele>1.628606</ele>
        <time>2022-07-31T22:51:33.998Z</time>
      </trkpt>
      <trkpt lat="37.426003" lon="-122.032762">
        <ele>1.624368</ele>
        <time>2022-07-31T22:51:35.999Z</time>
      </trkpt>
      <trkpt lat="37.426031" lon="-122.032929">
        <ele>1.618217</ele>
        <time>2022-07-31T22:51:38.999Z</time>
      </trkpt>
      <trkpt lat="37.426055" lon="-122.033046">
        <ele>1.613863</ele>
        <time>2022-07-31T22:51:40.999Z</time>
      </trkpt>
      <trkpt lat="37.426078" lon="-122.033158">
        <ele>1.609694</ele>
        <time>2022-07-31T22:51:42.999Z</time>
      </trkpt>
      <trkpt lat="37.426097" lon="-122.033277">
        <ele>1.605320</ele>
        <time>2022-07-31T22:51:44.999Z</time>
      </trkpt>
      <trkpt lat="37.426126" lon="-122.033389">
        <ele>1.601075</ele>
        <time>2022-07-31T22:51:46.999Z</time>
      </trkpt>
      <trkpt lat="37.426145" lon="-122.033560">
        <ele>1.594853</ele>
        <time>2022-07-31T22:51:49.999Z</time>
      </trkpt>
      <trkpt lat="37.426175" lon="-122.033722">
        <ele>1.588859</ele>
        <time>2022-07-31T22:51:52.999Z</time>
      </trkpt>
      <trkpt lat="37.426189" lon="-122.033837">
        <ele>1.584667</ele>
        <time>2022-07-31T22:51:54.999Z</time>
      </trkpt>
      <trkpt lat="37.426199" lon="-122.033952">
        <ele>1.580498</ele>
        <time>2022-07-31T22:51:56.999Z</time>
      </trkpt>
      <trkpt lat="37.426197" lon="-122.034076">
        <ele>1.576029</ele>
        <time>2022-07-31T22:51:58.999Z</time>
      </trkpt>
      <trkpt lat="37.426211" lon="-122.034203">
        <ele>1.581330</ele>
        <time>2022-07-31T22:52:00.999Z</time>
      </trkpt>
      <trkpt lat="37.426246" lon="-122.034350">
        <ele>1.593934</ele>
        <time>2022-07-31T22:52:03.999Z</time>
      </trkpt>
      <trkpt lat="37.426280" lon="-122.034457">
        <ele>1.603400</ele>
        <time>2022-07-31T22:52:06.999Z</time>
      </trkpt>
      <trkpt lat="37.426386" lon="-122.034463">
        <ele>1.614373</ele>
        <time>2022-07-31T22:52:11.999Z</time>
      </trkpt>
      <trkpt lat="37.426440" lon="-122.034586">
        <ele>1.625916</ele>
        <time>2022-07-31T22:52:16.999Z</time>
      </trkpt>
      <trkpt lat="37.426471" lon="-122.034708">
        <ele>1.636437</ele>
        <time>2022-07-31T22:52:19.999Z</time>
      </trkpt>
      <trkpt lat="37.426506" lon="-122.034839">
        <ele>1.647788</ele>
        <time>2022-07-31T22:52:23.999Z</time>
      </trkpt>
      <trkpt lat="37.426583" lon="-122.034917">
        <ele>1.658008</ele>
        <time>2022-07-31T22:52:28.999Z</time>
      </trkpt>
      <trkpt lat="37.426687" lon="-122.034873">
        <ele>1.669355</ele>
        <time>2022-07-31T22:52:32.999Z</time>
      </trkpt>
      <trkpt lat="37.426751" lon="-122.034958">
        <ele>1.678975</ele>
        <time>2022-07-31T22:52:36.998Z</time>
      </trkpt>
      <trkpt lat="37.426779" lon="-122.035087">
        <ele>1.689958</ele>
        <time>2022-07-31T22:52:40.998Z</time>
      </trkpt>
      <trkpt lat="37.426808" lon="-122.035201">
        <ele>1.699790</ele>
        <time>2022-07-31T22:52:43.998Z</time>
      </trkpt>
      <trkpt lat="37.426837" lon="-122.035346">
        <ele>1.712070</ele>
        <time>2022-07-31T22:52:47.998Z</time>
      </trkpt>
      <trkpt lat="37.426864" lon="-122.035487">
        <ele>1.723982</ele>
        <time>2022-07-31T22:52:51.998Z</time>
      </trkpt>
      <trkpt lat="37.426880" lon="-122.035605">
        <ele>1.733814</ele>
        <time>2022-07-31T22:52:54.998Z</time>
      </trkpt>
      <trkpt lat="37.426906" lon="-122.035727">
        <ele>1.744188</ele>
        <time>2022-07-31T22:52:57.998Z</time>
      </trkpt>
      <trkpt lat="37.426922" lon="-122.035847">
        <ele>1.754182</ele>
        <time>2022-07-31T22:53:00.998Z</time>
      </trkpt>
      <trkpt lat="37.426936" lon="-122.035964">
        <ele>1.751106</ele>
        <time>2022-07-31T22:53:03.998Z</time>
      </trkpt>
      <trkpt lat="37.426951" lon="-122.036086">
        <ele>1.723626</ele>
        <time>2022-07-31T22:53:06.998Z</time>
      </trkpt>
      <trkpt lat="37.426955" lon="-122.036209">
        <ele>1.696225</ele>
        <time>2022-07-31T22:53:09.998Z</time>
      </trkpt>
      <trkpt lat="37.426968" lon="-122.036332">
        <ele>1.668606</ele>
        <time>2022-07-31T22:53:12.998Z</time>
      </trkpt>
      <trkpt lat="37.426969" lon="-122.036458">
        <ele>1.640558</ele>
        <time>2022-07-31T22:53:15.998Z</time>
      </trkpt>
      <trkpt lat="37.426980" lon="-122.036589">
        <ele>1.611237</ele>
        <time>2022-07-31T22:53:18.998Z</time>
      </trkpt>
      <trkpt lat="37.426985" lon="-122.036714">
        <ele>1.583379</ele>
        <time>2022-07-31T22:53:21.998Z</time>
      </trkpt>
      <trkpt lat="37.426998" lon="-122.036849">
        <ele>1.553109</ele>
        <time>2022-07-31T22:53:24.998Z</time>
      </trkpt>
      <trkpt lat="37.427009" lon="-122.036985">
        <ele>1.522681</ele>
        <time>2022-07-31T22:53:27.998Z</time>
      </trkpt>
      <trkpt lat="37.427015" lon="-122.037120">
        <ele>1.492585</ele>
        <time>2022-07-31T22:53:30.998Z</time>
      </trkpt>
      <trkpt lat="37.427030" lon="-122.037259">
        <ele>1.461361</ele>
        <time>2022-07-31T22:53:33.998Z</time>
      </trkpt>
      <trkpt lat="37.427042" lon="-122.037401">
        <ele>1.429575</ele>
        <time>2022-07-31T22:53:36.998Z</time>
      </trkpt>
      <trkpt lat="37.427056" lon="-122.037547">
        <ele>1.396841</ele>
        <time>2022-07-31T22:53:39.998Z</time>
      </trkpt>
      <trkpt lat="37.427076" lon="-122.037689">
        <ele>1.364741</ele>
        <time>2022-07-31T22:53:42.999Z</time>
      </trkpt>
      <trkpt lat="37.427088" lon="-122.037830">
        <ele>1.333177</ele>
        <time>2022-07-31T22:53:45.999Z</time>
      </trkpt>
      <trkpt lat="37.427100" lon="-122.037967">
        <ele>1.302497</ele>
        <time>2022-07-31T22:53:48.999Z</time>
      </trkpt>
      <trkpt lat="37.427114" lon="-122.038097">
        <ele>1.273296</ele>
        <time>2022-07-31T22:53:51.999Z</time>
      </trkpt>
      <trkpt lat="37.427130" lon="-122.038232">
        <ele>1.273723</ele>
        <time>2022-07-31T22:53:54.999Z</time>
      </trkpt>
      <trkpt lat="37.427140" lon="-122.038353">
        <ele>1.308927</ele>
        <time>2022-07-31T22:53:57.999Z</time>
      </trkpt>
      <trkpt lat="37.427162" lon="-122.038475">
        <ele>1.345130</ele>
        <time>2022-07-31T22:54:00.999Z</time>
      </trkpt>
      <trkpt lat="37.427173" lon="-122.038594">
        <ele>1.379799</ele>
        <time>2022-07-31T22:54:03.999Z</time>
      </trkpt>
      <trkpt lat="37.427178" lon="-122.038723">
        <ele>1.417173</ele>
        <time>2022-07-31T22:54:06.999Z</time>
      </trkpt>
      <trkpt lat="37.427194" lon="-122.038851">
        <ele>1.454670</ele>
        <time>2022-07-31T22:54:09.999Z</time>
      </trkpt>
      <trkpt lat="37.427201" lon="-122.038980">
        <ele>1.492087</ele>
        <time>2022-07-31T22:54:12.999Z</time>
      </trkpt>
      <trkpt lat="37.427213" lon="-122.039110">
        <ele>1.529960</ele>
        <time>2022-07-31T22:54:15.999Z</time>
      </trkpt>
      <trkpt lat="37.427223" lon="-122.039234">
        <ele>1.566028</ele>
        <time>2022-07-31T22:54:18.999Z</time>
      </trkpt>
      <trkpt lat="37.427231" lon="-122.039352">
        <ele>1.600299</ele>
        <time>2022-07-31T22:54:21.999Z</time>
      </trkpt>
      <trkpt lat="37.427247" lon="-122.039482">
        <ele>1.638367</ele>
        <time>2022-07-31T22:54:24.999Z</time>
      </trkpt>
      <trkpt lat="37.427252" lon="-122.039600">
        <ele>1.672563</ele>
        <time>2022-07-31T22:54:27.999Z</time>
      </trkpt>
      <trkpt lat="37.427264" lon="-122.039716">
        <ele>1.706415</ele>
        <time>2022-07-31T22:54:30.999Z</time>
      </trkpt>
      <trkpt lat="37.427275" lon="-122.039834">
        <ele>1.740796</ele>
        <time>2022-07-31T22:54:33.999Z</time>
      </trkpt>
      <trkpt lat="37.427283" lon="-122.039957">
        <ele>1.776509</ele>
        <time>2022-07-31T22:54:36.999Z</time>
      </trkpt>
      <trkpt lat="37.427295" lon="-122.040079">
        <ele>1.812083</ele>
        <time>2022-07-31T22:54:39.999Z</time>
      </trkpt>
      <trkpt lat="37.427311" lon="-122.040197">
        <ele>1.846724</ele>
        <time>2022-07-31T22:54:42.999Z</time>
      </trkpt>
      <trkpt lat="37.427327" lon="-122.040318">
        <ele>1.882221</ele>
        <time>2022-07-31T22:54:45.999Z</time>
      </trkpt>
      <trkpt lat="37.427343" lon="-122.040440">
        <ele>1.909011</ele>
        <time>2022-07-31T22:54:48.998Z</time>
      </trkpt>
      <trkpt lat="37.427352" lon="-122.040560">
        <ele>1.893845</ele>
        <time>2022-07-31T22:54:51.998Z</time>
      </trkpt>
      <trkpt lat="37.427353" lon="-122.040678">
        <ele>1.878996</ele>
        <time>2022-07-31T22:54:54.998Z</time>
      </trkpt>
      <trkpt lat="37.427367" lon="-122.040800">
        <ele>1.863486</ele>
        <time>2022-07-31T22:54:57.998Z</time>
      </trkpt>
      <trkpt lat="37.427375" lon="-122.040943">
        <ele>1.845448</ele>
        <time>2022-07-31T22:55:02.998Z</time>
      </trkpt>
      <trkpt lat="37.427390" lon="-122.041094">
        <ele>1.826300</ele>
        <time>2022-07-31T22:55:07.998Z</time>
      </trkpt>
      <trkpt lat="37.427409" lon="-122.041231">
        <ele>1.808801</ele>
        <time>2022-07-31T22:55:11.998Z</time>
      </trkpt>
      <trkpt lat="37.427430" lon="-122.041446">
        <ele>1.781544</ele>
        <time>2022-07-31T22:57:07.399Z</time>
      </trkpt>
      <trkpt lat="37.427443" lon="-122.041597">
        <ele>1.762433</ele>
        <time>2022-07-31T22:57:11.199Z</time>
      </trkpt>
      <trkpt lat="37.427457" lon="-122.041711">
        <ele>1.747918</ele>
        <time>2022-07-31T22:57:14.049Z</time>
      </trkpt>
      <trkpt lat="37.427468" lon="-122.041828">
        <ele>1.733094</ele>
        <time>2022-07-31T22:57:16.999Z</time>
      </trkpt>
      <trkpt lat="37.427476" lon="-122.041953">
        <ele>1.717314</ele>
        <time>2022-07-31T22:57:19.999Z</time>
      </trkpt>
      <trkpt lat="37.427490" lon="-122.042084">
        <ele>1.700682</ele>
        <time>2022-07-31T22:57:22.999Z</time>
      </trkpt>
      <trkpt lat="37.427504" lon="-122.042216">
        <ele>1.683926</ele>
        <time>2022-07-31T22:57:25.999Z</time>
      </trkpt>
      <trkpt lat="37.427518" lon="-122.042347">
        <ele>1.667294</ele>
        <time>2022-07-31T22:57:28.999Z</time>
      </trkpt>
      <trkpt lat="37.427526" lon="-122.042481">
        <ele>1.650385</ele>
        <time>2022-07-31T22:57:31.999Z</time>
      </trkpt>
      <trkpt lat="37.427539" lon="-122.042617">
        <ele>1.633149</ele>
        <time>2022-07-31T22:57:34.999Z</time>
      </trkpt>
      <trkpt lat="37.427553" lon="-122.042758">
        <ele>1.613398</ele>
        <time>2022-07-31T22:57:37.999Z</time>
      </trkpt>
      <trkpt lat="37.427569" lon="-122.042901">
        <ele>1.592263</ele>
        <time>2022-07-31T22:57:40.999Z</time>
      </trkpt>
      <trkpt lat="37.427578" lon="-122.043043">
        <ele>1.571415</ele>
        <time>2022-07-31T22:57:43.999Z</time>
      </trkpt>
      <trkpt lat="37.427590" lon="-122.043194">
        <ele>1.549205</ele>
        <time>2022-07-31T22:57:46.999Z</time>
      </trkpt>
      <trkpt lat="37.427600" lon="-122.043338">
        <ele>1.528050</ele>
        <time>2022-07-31T22:57:49.999Z</time>
      </trkpt>
      <trkpt lat="37.427597" lon="-122.043474">
        <ele>1.508139</ele>
        <time>2022-07-31T22:57:52.999Z</time>
      </trkpt>
      <trkpt lat="37.427589" lon="-122.043608">
        <ele>1.488472</ele>
        <time>2022-07-31T22:57:55.999Z</time>
      </trkpt>
      <trkpt lat="37.427566" lon="-122.043746">
        <ele>1.467836</ele>
        <time>2022-07-31T22:57:58.999Z</time>
      </trkpt>
      <trkpt lat="37.427534" lon="-122.043890">
        <ele>1.445951</ele>
        <time>2022-07-31T22:58:01.999Z</time>
      </trkpt>
      <trkpt lat="37.427496" lon="-122.044031">
        <ele>1.424160</ele>
        <time>2022-07-31T22:58:04.999Z</time>
      </trkpt>
      <trkpt lat="37.427462" lon="-122.044173">
        <ele>1.402454</ele>
        <time>2022-07-31T22:58:07.999Z</time>
      </trkpt>
      <trkpt lat="37.427424" lon="-122.044321">
        <ele>1.379690</ele>
        <time>2022-07-31T22:58:10.999Z</time>
      </trkpt>
      <trkpt lat="37.427390" lon="-122.044469">
        <ele>1.357141</ele>
        <time>2022-07-31T22:58:13.999Z</time>
      </trkpt>
      <trkpt lat="37.427355" lon="-122.044615">
        <ele>1.334822</ele>
        <time>2022-07-31T22:58:16.999Z</time>
      </trkpt>
      <trkpt lat="37.427316" lon="-122.044767">
        <ele>1.311444</ele>
        <time>2022-07-31T22:58:19.999Z</time>
      </trkpt>
      <trkpt lat="37.427279" lon="-122.044920">
        <ele>1.301617</ele>
        <time>2022-07-31T22:58:22.999Z</time>
      </trkpt>
      <trkpt lat="37.427237" lon="-122.045072">
        <ele>1.322304</ele>
        <time>2022-07-31T22:58:25.999Z</time>
      </trkpt>
      <trkpt lat="37.427204" lon="-122.045222">
        <ele>1.342311</ele>
        <time>2022-07-31T22:58:28.999Z</time>
      </trkpt>
      <trkpt lat="37.427169" lon="-122.045378">
        <ele>1.363148</ele>
        <time>2022-07-31T22:58:31.999Z</time>
      </trkpt>
      <trkpt lat="37.427137" lon="-122.045529">
        <ele>1.383237</ele>
        <time>2022-07-31T22:58:34.999Z</time>
      </trkpt>
      <trkpt lat="37.427102" lon="-122.045676">
        <ele>1.402964</ele>
        <time>2022-07-31T22:58:37.999Z</time>
      </trkpt>
      <trkpt lat="37.427063" lon="-122.045823">
        <ele>1.422886</ele>
        <time>2022-07-31T22:58:40.999Z</time>
      </trkpt>
      <trkpt lat="37.427029" lon="-122.045980">
        <ele>1.443803</ele>
        <time>2022-07-31T22:58:43.999Z</time>
      </trkpt>
      <trkpt lat="37.426998" lon="-122.046131">
        <ele>1.463851</ele>
        <time>2022-07-31T22:58:46.999Z</time>
      </trkpt>
      <trkpt lat="37.426968" lon="-122.046278">
        <ele>1.483361</ele>
        <time>2022-07-31T22:58:49.999Z</time>
      </trkpt>
      <trkpt lat="37.426939" lon="-122.046421">
        <ele>1.502332</ele>
        <time>2022-07-31T22:58:52.999Z</time>
      </trkpt>
      <trkpt lat="37.426908" lon="-122.046568">
        <ele>1.521882</ele>
        <time>2022-07-31T22:58:55.999Z</time>
      </trkpt>
      <trkpt lat="37.426876" lon="-122.046710">
        <ele>1.540855</ele>
        <time>2022-07-31T22:58:58.999Z</time>
      </trkpt>
      <trkpt lat="37.426848" lon="-122.046863">
        <ele>1.561038</ele>
        <time>2022-07-31T22:59:01.999Z</time>
      </trkpt>
      <trkpt lat="37.426822" lon="-122.047008">
        <ele>1.580145</ele>
        <time>2022-07-31T22:59:04.999Z</time>
      </trkpt>
      <trkpt lat="37.426809" lon="-122.047143">
        <ele>1.584453</ele>
        <time>2022-07-31T22:59:07.999Z</time>
      </trkpt>
      <trkpt lat="37.426801" lon="-122.047276">
        <ele>1.581476</ele>
        <time>2022-07-31T22:59:10.999Z</time>
      </trkpt>
      <trkpt lat="37.426810" lon="-122.047403">
        <ele>1.578630</ele>
        <time>2022-07-31T22:59:13.999Z</time>
      </trkpt>
      <trkpt lat="37.426814" lon="-122.047521">
        <ele>1.575995</ele>
        <time>2022-07-31T22:59:16.999Z</time>
      </trkpt>
      <trkpt lat="37.426821" lon="-122.047640">
        <ele>1.573332</ele>
        <time>2022-07-31T22:59:19.999Z</time>
      </trkpt>
      <trkpt lat="37.426828" lon="-122.047764">
        <ele>1.570557</ele>
        <time>2022-07-31T22:59:22.999Z</time>
      </trkpt>
      <trkpt lat="37.426833" lon="-122.047895">
        <ele>1.567630</ele>
        <time>2022-07-31T22:59:25.999Z</time>
      </trkpt>
      <trkpt lat="37.426836" lon="-122.048027">
        <ele>1.564683</ele>
        <time>2022-07-31T22:59:28.999Z</time>
      </trkpt>
      <trkpt lat="37.426837" lon="-122.048157">
        <ele>1.561782</ele>
        <time>2022-07-31T22:59:31.999Z</time>
      </trkpt>
      <trkpt lat="37.426836" lon="-122.048293">
        <ele>1.558746</ele>
        <time>2022-07-31T22:59:34.999Z</time>
      </trkpt>
      <trkpt lat="37.426829" lon="-122.048431">
        <ele>1.555660</ele>
        <time>2022-07-31T22:59:37.999Z</time>
      </trkpt>
      <trkpt lat="37.426822" lon="-122.048565">
        <ele>1.552663</ele>
        <time>2022-07-31T22:59:40.999Z</time>
      </trkpt>
      <trkpt lat="37.426832" lon="-122.048709">
        <ele>1.549437</ele>
        <time>2022-07-31T22:59:43.999Z</time>
      </trkpt>
      <trkpt lat="37.426846" lon="-122.048852">
        <ele>1.546222</ele>
        <time>2022-07-31T22:59:46.999Z</time>
      </trkpt>
      <trkpt lat="37.426889" lon="-122.048976">
        <ele>1.543202</ele>
        <time>2022-07-31T22:59:49.999Z</time>
      </trkpt>
      <trkpt lat="37.426962" lon="-122.049078">
        <ele>1.540138</ele>
        <time>2022-07-31T22:59:52.999Z</time>
      </trkpt>
      <trkpt lat="37.427043" lon="-122.049162">
        <ele>1.537189</ele>
        <time>2022-07-31T22:59:55.999Z</time>
      </trkpt>
      <trkpt lat="37.427125" lon="-122.049240">
        <ele>1.549136</ele>
        <time>2022-07-31T22:59:58.999Z</time>
      </trkpt>
      <trkpt lat="37.427217" lon="-122.049314">
        <ele>1.575366</ele>
        <time>2022-07-31T23:00:01.999Z</time>
      </trkpt>
      <trkpt lat="37.427309" lon="-122.049381">
        <ele>1.600901</ele>
        <time>2022-07-31T23:00:04.999Z</time>
      </trkpt>
      <trkpt lat="37.427392" lon="-122.049449">
        <ele>1.624693</ele>
        <time>2022-07-31T23:00:07.999Z</time>
      </trkpt>
      <trkpt lat="37.427477" lon="-122.049499">
        <ele>1.647235</ele>
        <time>2022-07-31T23:00:10.999Z</time>
      </trkpt>
      <trkpt lat="37.427556" lon="-122.049563">
        <ele>1.669805</ele>
        <time>2022-07-31T23:00:13.999Z</time>
      </trkpt>
      <trkpt lat="37.427627" lon="-122.049640">
        <ele>1.692319</ele>
        <time>2022-07-31T23:00:16.999Z</time>
      </trkpt>
      <trkpt lat="37.427718" lon="-122.049736">
        <ele>1.720843</ele>
        <time>2022-07-31T23:00:20.999Z</time>
      </trkpt>
      <trkpt lat="37.427812" lon="-122.049842">
        <ele>1.751161</ele>
        <time>2022-07-31T23:00:24.999Z</time>
      </trkpt>
      <trkpt lat="37.427906" lon="-122.049933">
        <ele>1.779649</ele>
        <time>2022-07-31T23:00:28.999Z</time>
      </trkpt>
      <trkpt lat="37.428003" lon="-122.050022">
        <ele>1.808486</ele>
        <time>2022-07-31T23:00:32.999Z</time>
      </trkpt>
      <trkpt lat="37.428078" lon="-122.050099">
        <ele>1.831736</ele>
        <time>2022-07-31T23:00:35.999Z</time>
      </trkpt>
      <trkpt lat="37.428156" lon="-122.050178">
        <ele>1.855787</ele>
        <time>2022-07-31T23:00:38.999Z</time>
      </trkpt>
      <trkpt lat="37.428234" lon="-122.050252">
        <ele>1.879252</ele>
        <time>2022-07-31T23:00:41.999Z</time>
      </trkpt>
      <trkpt lat="37.428313" lon="-122.050330">
        <ele>1.903373</ele>
        <time>2022-07-31T23:00:44.999Z</time>
      </trkpt>
      <trkpt lat="37.428400" lon="-122.050403">
        <ele>1.928492</ele>
        <time>2022-07-31T23:00:47.999Z</time>
      </trkpt>
      <trkpt lat="37.428486" lon="-122.050493">
        <ele>1.955359</ele>
        <time>2022-07-31T23:00:50.999Z</time>
      </trkpt>
      <trkpt lat="37.428562" lon="-122.050570">
        <ele>1.988694</ele>
        <time>2022-07-31T23:00:53.999Z</time>
      </trkpt>
      <trkpt lat="37.428642" lon="-122.050650">
        <ele>2.035780</ele>
        <time>2022-07-31T23:00:56.999Z</time>
      </trkpt>
      <trkpt lat="37.428722" lon="-122.050733">
        <ele>2.083556</ele>
        <time>2022-07-31T23:00:59.999Z</time>
      </trkpt>
      <trkpt lat="37.428803" lon="-122.050814">
        <ele>2.131231</ele>
        <time>2022-07-31T23:01:02.999Z</time>
      </trkpt>
      <trkpt lat="37.428886" lon="-122.050883">
        <ele>2.177071</ele>
        <time>2022-07-31T23:01:05.999Z</time>
      </trkpt>
      <trkpt lat="37.428974" lon="-122.050950">
        <ele>2.224469</ele>
        <time>2022-07-31T23:01:08.999Z</time>
      </trkpt>
      <trkpt lat="37.429066" lon="-122.050994">
        <ele>2.269829</ele>
        <time>2022-07-31T23:01:11.999Z</time>
      </trkpt>
      <trkpt lat="37.429152" lon="-122.051045">
        <ele>2.313644</ele>
        <time>2022-07-31T23:01:14.999Z</time>
      </trkpt>
      <trkpt lat="37.429238" lon="-122.051096">
        <ele>2.357458</ele>
        <time>2022-07-31T23:01:17.999Z</time>
      </trkpt>
      <trkpt lat="37.429349" lon="-122.051156">
        <ele>2.413135</ele>
        <time>2022-07-31T23:01:21.999Z</time>
      </trkpt>
      <trkpt lat="37.429447" lon="-122.051196">
        <ele>2.460618</ele>
        <time>2022-07-31T23:01:24.999Z</time>
      </trkpt>
      <trkpt lat="37.429541" lon="-122.051220">
        <ele>2.504826</ele>
        <time>2022-07-31T23:01:27.999Z</time>
      </trkpt>
      <trkpt lat="37.429639" lon="-122.051243">
        <ele>2.550774</ele>
        <time>2022-07-31T23:01:30.999Z</time>
      </trkpt>
      <trkpt lat="37.429741" lon="-122.051267">
        <ele>2.598601</ele>
        <time>2022-07-31T23:01:33.999Z</time>
      </trkpt>
      <trkpt lat="37.429846" lon="-122.051277">
        <ele>2.647136</ele>
        <time>2022-07-31T23:01:36.999Z</time>
      </trkpt>
      <trkpt lat="37.429956" lon="-122.051290">
        <ele>2.698060</ele>
        <time>2022-07-31T23:01:39.999Z</time>
      </trkpt>
      <trkpt lat="37.430051" lon="-122.051308">
        <ele>2.742340</ele>
        <time>2022-07-31T23:01:42.999Z</time>
      </trkpt>
      <trkpt lat="37.430141" lon="-122.051314">
        <ele>2.783881</ele>
        <time>2022-07-31T23:01:45.999Z</time>
      </trkpt>
      <trkpt lat="37.430255" lon="-122.051343">
        <ele>2.839939</ele>
        <time>2022-07-31T23:01:49.999Z</time>
      </trkpt>
      <trkpt lat="37.430339" lon="-122.051384">
        <ele>2.883980</ele>
        <time>2022-07-31T23:01:52.999Z</time>
      </trkpt>
      <trkpt lat="37.430426" lon="-122.051432">
        <ele>2.930413</ele>
        <time>2022-07-31T23:01:55.999Z</time>
      </trkpt>
      <trkpt lat="37.430543" lon="-122.051453">
        <ele>2.988188</ele>
        <time>2022-07-31T23:01:59.999Z</time>
      </trkpt>
      <trkpt lat="37.430635" lon="-122.051442">
        <ele>3.033365</ele>
        <time>2022-07-31T23:02:02.999Z</time>
      </trkpt>
      <trkpt lat="37.430728" lon="-122.051430">
        <ele>3.079067</ele>
        <time>2022-07-31T23:02:05.999Z</time>
      </trkpt>
      <trkpt lat="37.430824" lon="-122.051425">
        <ele>3.126038</ele>
        <time>2022-07-31T23:02:08.999Z</time>
      </trkpt>
      <trkpt lat="37.430921" lon="-122.051439">
        <ele>3.173768</ele>
        <time>2022-07-31T23:02:11.999Z</time>
      </trkpt>
      <trkpt lat="37.431013" lon="-122.051460">
        <ele>3.219476</ele>
        <time>2022-07-31T23:02:14.999Z</time>
      </trkpt>
      <trkpt lat="37.431099" lon="-122.051497">
        <ele>3.263904</ele>
        <time>2022-07-31T23:02:17.999Z</time>
      </trkpt>
      <trkpt lat="37.431212" lon="-122.051545">
        <ele>3.322203</ele>
        <time>2022-07-31T23:02:21.999Z</time>
      </trkpt>
      <trkpt lat="37.431321" lon="-122.051610">
        <ele>3.381161</ele>
        <time>2022-07-31T23:02:25.999Z</time>
      </trkpt>
      <trkpt lat="37.431402" lon="-122.051677">
        <ele>3.428537</ele>
        <time>2022-07-31T23:02:28.999Z</time>
      </trkpt>
      <trkpt lat="37.431490" lon="-122.051727">
        <ele>3.475733</ele>
        <time>2022-07-31T23:02:31.999Z</time>
      </trkpt>
      <trkpt lat="37.431576" lon="-122.051784">
        <ele>3.523242</ele>
        <time>2022-07-31T23:02:34.999Z</time>
      </trkpt>
      <trkpt lat="37.431672" lon="-122.051806">
        <ele>3.570944</ele>
        <time>2022-07-31T23:02:37.999Z</time>
      </trkpt>
      <trkpt lat="37.431771" lon="-122.051868">
        <ele>3.624995</ele>
        <time>2022-07-31T23:02:40.999Z</time>
      </trkpt>
      <trkpt lat="37.431878" lon="-122.051925">
        <ele>3.658298</ele>
        <time>2022-07-31T23:02:43.999Z</time>
      </trkpt>
      <trkpt lat="37.431977" lon="-122.051982">
        <ele>3.482373</ele>
        <time>2022-07-31T23:02:46.999Z</time>
      </trkpt>
      <trkpt lat="37.432085" lon="-122.052039">
        <ele>3.293124</ele>
        <time>2022-07-31T23:02:49.999Z</time>
      </trkpt>
      <trkpt lat="37.432190" lon="-122.052098">
        <ele>3.107306</ele>
        <time>2022-07-31T23:02:52.999Z</time>
      </trkpt>
      <trkpt lat="37.432290" lon="-122.052155">
        <ele>2.929911</ele>
        <time>2022-07-31T23:02:55.999Z</time>
      </trkpt>
      <trkpt lat="37.432386" lon="-122.052208">
        <ele>2.760509</ele>
        <time>2022-07-31T23:02:58.999Z</time>
      </trkpt>
      <trkpt lat="37.432478" lon="-122.052261">
        <ele>2.597008</ele>
        <time>2022-07-31T23:03:01.999Z</time>
      </trkpt>
      <trkpt lat="37.432571" lon="-122.052305">
        <ele>2.436452</ele>
        <time>2022-07-31T23:03:04.999Z</time>
      </trkpt>
      <trkpt lat="37.432662" lon="-122.052350">
        <ele>2.278454</ele>
        <time>2022-07-31T23:03:07.999Z</time>
      </trkpt>
      <trkpt lat="37.432745" lon="-122.052402">
        <ele>2.128634</ele>
        <time>2022-07-31T23:03:10.999Z</time>
      </trkpt>
      <trkpt lat="37.432855" lon="-122.052464">
        <ele>1.933868</ele>
        <time>2022-07-31T23:03:14.999Z</time>
      </trkpt>
      <trkpt lat="37.432962" lon="-122.052522">
        <ele>1.745605</ele>
        <time>2022-07-31T23:03:18.999Z</time>
      </trkpt>
      <trkpt lat="37.433048" lon="-122.052562">
        <ele>1.597442</ele>
        <time>2022-07-31T23:03:21.999Z</time>
      </trkpt>
      <trkpt lat="37.433135" lon="-122.052609">
        <ele>1.444449</ele>
        <time>2022-07-31T23:03:24.999Z</time>
      </trkpt>
      <trkpt lat="37.433227" lon="-122.052661">
        <ele>1.281478</ele>
        <time>2022-07-31T23:03:27.999Z</time>
      </trkpt>
      <trkpt lat="37.433324" lon="-122.052714">
        <ele>1.110595</ele>
        <time>2022-07-31T23:03:30.999Z</time>
      </trkpt>
      <trkpt lat="37.433423" lon="-122.052768">
        <ele>0.936237</ele>
        <time>2022-07-31T23:03:33.999Z</time>
      </trkpt>
      <trkpt lat="37.433520" lon="-122.052814">
        <ele>0.769502</ele>
        <time>2022-07-31T23:03:36.999Z</time>
      </trkpt>
      <trkpt lat="37.433617" lon="-122.052862">
        <ele>0.766392</ele>
        <time>2022-07-31T23:03:39.999Z</time>
      </trkpt>
      <trkpt lat="37.433708" lon="-122.052914">
        <ele>0.763410</ele>
        <time>2022-07-31T23:03:42.999Z</time>
      </trkpt>
      <trkpt lat="37.433801" lon="-122.052966">
        <ele>0.760374</ele>
        <time>2022-07-31T23:03:45.999Z</time>
      </trkpt>
      <trkpt lat="37.433897" lon="-122.053017">
        <ele>0.757265</ele>
        <time>2022-07-31T23:03:48.999Z</time>
      </trkpt>
      <trkpt lat="37.433991" lon="-122.053066">
        <ele>0.754229</ele>
        <time>2022-07-31T23:03:51.999Z</time>
      </trkpt>
      <trkpt lat="37.434084" lon="-122.053119">
        <ele>0.751183</ele>
        <time>2022-07-31T23:03:54.999Z</time>
      </trkpt>
      <trkpt lat="37.434176" lon="-122.053168">
        <ele>0.748203</ele>
        <time>2022-07-31T23:03:57.999Z</time>
      </trkpt>
      <trkpt lat="37.434264" lon="-122.053213">
        <ele>0.745369</ele>
        <time>2022-07-31T23:04:00.999Z</time>
      </trkpt>
      <trkpt lat="37.434349" lon="-122.053259">
        <ele>0.742608</ele>
        <time>2022-07-31T23:04:03.999Z</time>
      </trkpt>
      <trkpt lat="37.434434" lon="-122.053313">
        <ele>0.739767</ele>
        <time>2022-07-31T23:04:06.999Z</time>
      </trkpt>
      <trkpt lat="37.434521" lon="-122.053360">
        <ele>0.736943</ele>
        <time>2022-07-31T23:04:09.999Z</time>
      </trkpt>
      <trkpt lat="37.434610" lon="-122.053405">
        <ele>0.734081</ele>
        <time>2022-07-31T23:04:12.999Z</time>
      </trkpt>
      <trkpt lat="37.434693" lon="-122.053455">
        <ele>0.731336</ele>
        <time>2022-07-31T23:04:15.999Z</time>
      </trkpt>
      <trkpt lat="37.434787" lon="-122.053508">
        <ele>0.728263</ele>
        <time>2022-07-31T23:04:18.999Z</time>
      </trkpt>
      <trkpt lat="37.434891" lon="-122.053560">
        <ele>0.724924</ele>
        <time>2022-07-31T23:04:21.999Z</time>
      </trkpt>
      <trkpt lat="37.434992" lon="-122.053612">
        <ele>0.721668</ele>
        <time>2022-07-31T23:04:24.999Z</time>
      </trkpt>
      <trkpt lat="37.435087" lon="-122.053669">
        <ele>0.718528</ele>
        <time>2022-07-31T23:04:27.999Z</time>
      </trkpt>
      <trkpt lat="37.435182" lon="-122.053721">
        <ele>0.719973</ele>
        <time>2022-07-31T23:04:30.999Z</time>
      </trkpt>
      <trkpt lat="37.435276" lon="-122.053777">
        <ele>0.751209</ele>
        <time>2022-07-31T23:04:33.999Z</time>
      </trkpt>
      <trkpt lat="37.435369" lon="-122.053821">
        <ele>0.781051</ele>
        <time>2022-07-31T23:04:36.999Z</time>
      </trkpt>
      <trkpt lat="37.435461" lon="-122.053875">
        <ele>0.811540</ele>
        <time>2022-07-31T23:04:39.999Z</time>
      </trkpt>
      <trkpt lat="37.435553" lon="-122.053929">
        <ele>0.842029</ele>
        <time>2022-07-31T23:04:42.999Z</time>
      </trkpt>
      <trkpt lat="37.435645" lon="-122.053982">
        <ele>0.872418</ele>
        <time>2022-07-31T23:04:45.999Z</time>
      </trkpt>
      <trkpt lat="37.435737" lon="-122.054041">
        <ele>0.903430</ele>
        <time>2022-07-31T23:04:48.999Z</time>
      </trkpt>
      <trkpt lat="37.435818" lon="-122.054109">
        <ele>0.932671</ele>
        <time>2022-07-31T23:04:51.999Z</time>
      </trkpt>
      <trkpt lat="37.435890" lon="-122.054186">
        <ele>0.961045</ele>
        <time>2022-07-31T23:04:54.999Z</time>
      </trkpt>
      <trkpt lat="37.435919" lon="-122.054297">
        <ele>0.988916</ele>
        <time>2022-07-31T23:04:57.999Z</time>
      </trkpt>
      <trkpt lat="37.435920" lon="-122.054435">
        <ele>1.021832</ele>
        <time>2022-07-31T23:05:00.999Z</time>
      </trkpt>
      <trkpt lat="37.435883" lon="-122.054592">
        <ele>1.060894</ele>
        <time>2022-07-31T23:05:03.999Z</time>
      </trkpt>
      <trkpt lat="37.435846" lon="-122.054697">
        <ele>1.088293</ele>
        <time>2022-07-31T23:05:05.999Z</time>
      </trkpt>
      <trkpt lat="37.435802" lon="-122.054849">
        <ele>1.126881</ele>
        <time>2022-07-31T23:05:08.999Z</time>
      </trkpt>
      <trkpt lat="37.435749" lon="-122.054994">
        <ele>1.164954</ele>
        <time>2022-07-31T23:05:11.999Z</time>
      </trkpt>
      <trkpt lat="37.435714" lon="-122.055141">
        <ele>1.201558</ele>
        <time>2022-07-31T23:05:14.999Z</time>
      </trkpt>
      <trkpt lat="37.435662" lon="-122.055277">
        <ele>1.237561</ele>
        <time>2022-07-31T23:05:17.999Z</time>
      </trkpt>
      <trkpt lat="37.435615" lon="-122.055423">
        <ele>1.259396</ele>
        <time>2022-07-31T23:05:20.999Z</time>
      </trkpt>
      <trkpt lat="37.435583" lon="-122.055531">
        <ele>1.264124</ele>
        <time>2022-07-31T23:05:22.999Z</time>
      </trkpt>
      <trkpt lat="37.435532" lon="-122.055682">
        <ele>1.270853</ele>
        <time>2022-07-31T23:05:25.999Z</time>
      </trkpt>
      <trkpt lat="37.435487" lon="-122.055833">
        <ele>1.277468</ele>
        <time>2022-07-31T23:05:28.999Z</time>
      </trkpt>
      <trkpt lat="37.435439" lon="-122.055980">
        <ele>1.283986</ele>
        <time>2022-07-31T23:05:31.999Z</time>
      </trkpt>
      <trkpt lat="37.435387" lon="-122.056130">
        <ele>1.290699</ele>
        <time>2022-07-31T23:05:34.999Z</time>
      </trkpt>
      <trkpt lat="37.435335" lon="-122.056276">
        <ele>1.297261</ele>
        <time>2022-07-31T23:05:37.999Z</time>
      </trkpt>
      <trkpt lat="37.435291" lon="-122.056422">
        <ele>1.303665</ele>
        <time>2022-07-31T23:05:40.999Z</time>
      </trkpt>
      <trkpt lat="37.435241" lon="-122.056557">
        <ele>1.309775</ele>
        <time>2022-07-31T23:05:43.999Z</time>
      </trkpt>
      <trkpt lat="37.435196" lon="-122.056695">
        <ele>1.315893</ele>
        <time>2022-07-31T23:05:46.999Z</time>
      </trkpt>
      <trkpt lat="37.435156" lon="-122.056821">
        <ele>1.321458</ele>
        <time>2022-07-31T23:05:49.999Z</time>
      </trkpt>
      <trkpt lat="37.435111" lon="-122.056970">
        <ele>1.327996</ele>
        <time>2022-07-31T23:05:52.999Z</time>
      </trkpt>
      <trkpt lat="37.435057" lon="-122.057118">
        <ele>1.334676</ele>
        <time>2022-07-31T23:05:55.999Z</time>
      </trkpt>
      <trkpt lat="37.435009" lon="-122.057278">
        <ele>1.341690</ele>
        <time>2022-07-31T23:05:58.999Z</time>
      </trkpt>
      <trkpt lat="37.434971" lon="-122.057384">
        <ele>1.346460</ele>
        <time>2022-07-31T23:06:00.999Z</time>
      </trkpt>
      <trkpt lat="37.434919" lon="-122.057538">
        <ele>1.345899</ele>
        <time>2022-07-31T23:06:03.999Z</time>
      </trkpt>
      <trkpt lat="37.434873" lon="-122.057689">
        <ele>1.341073</ele>
        <time>2022-07-31T23:06:06.999Z</time>
      </trkpt>
      <trkpt lat="37.434829" lon="-122.057833">
        <ele>1.336468</ele>
        <time>2022-07-31T23:06:09.999Z</time>
      </trkpt>
      <trkpt lat="37.434786" lon="-122.057973">
        <ele>1.331989</ele>
        <time>2022-07-31T23:06:12.999Z</time>
      </trkpt>
      <trkpt lat="37.434738" lon="-122.058119">
        <ele>1.327274</ele>
        <time>2022-07-31T23:06:15.999Z</time>
      </trkpt>
      <trkpt lat="37.434689" lon="-122.058261">
        <ele>1.322654</ele>
        <time>2022-07-31T23:06:18.999Z</time>
      </trkpt>
      <trkpt lat="37.434638" lon="-122.058397">
        <ele>1.318165</ele>
        <time>2022-07-31T23:06:21.999Z</time>
      </trkpt>
      <trkpt lat="37.434588" lon="-122.058524">
        <ele>1.313935</ele>
        <time>2022-07-31T23:06:24.999Z</time>
      </trkpt>
      <trkpt lat="37.434538" lon="-122.058665">
        <ele>1.309327</ele>
        <time>2022-07-31T23:06:27.999Z</time>
      </trkpt>
      <trkpt lat="37.434492" lon="-122.058805">
        <ele>1.304806</ele>
        <time>2022-07-31T23:06:30.999Z</time>
      </trkpt>
      <trkpt lat="37.434451" lon="-122.058944">
        <ele>1.300381</ele>
        <time>2022-07-31T23:06:33.999Z</time>
      </trkpt>
      <trkpt lat="37.434410" lon="-122.059086">
        <ele>1.295873</ele>
        <time>2022-07-31T23:06:36.999Z</time>
      </trkpt>
      <trkpt lat="37.434361" lon="-122.059228">
        <ele>1.291252</ele>
        <time>2022-07-31T23:06:39.999Z</time>
      </trkpt>
      <trkpt lat="37.434316" lon="-122.059372">
        <ele>1.286635</ele>
        <time>2022-07-31T23:06:42.999Z</time>
      </trkpt>
      <trkpt lat="37.434269" lon="-122.059504">
        <ele>1.282318</ele>
        <time>2022-07-31T23:06:45.999Z</time>
      </trkpt>
      <trkpt lat="37.434219" lon="-122.059646">
        <ele>1.299664</ele>
        <time>2022-07-31T23:06:48.999Z</time>
      </trkpt>
      <trkpt lat="37.434175" lon="-122.059788">
        <ele>1.321781</ele>
        <time>2022-07-31T23:06:51.999Z</time>
      </trkpt>
      <trkpt lat="37.434125" lon="-122.059922">
        <ele>1.343263</ele>
        <time>2022-07-31T23:06:54.999Z</time>
      </trkpt>
      <trkpt lat="37.434077" lon="-122.060059">
        <ele>1.364990</ele>
        <time>2022-07-31T23:06:57.999Z</time>
      </trkpt>
      <trkpt lat="37.434034" lon="-122.060196">
        <ele>1.386365</ele>
        <time>2022-07-31T23:07:00.999Z</time>
      </trkpt>
      <trkpt lat="37.433983" lon="-122.060332">
        <ele>1.408187</ele>
        <time>2022-07-31T23:07:03.999Z</time>
      </trkpt>
      <trkpt lat="37.433941" lon="-122.060476">
        <ele>1.430446</ele>
        <time>2022-07-31T23:07:06.999Z</time>
      </trkpt>
      <trkpt lat="37.433905" lon="-122.060598">
        <ele>1.449330</ele>
        <time>2022-07-31T23:07:09.999Z</time>
      </trkpt>
      <trkpt lat="37.433868" lon="-122.060727">
        <ele>1.469231</ele>
        <time>2022-07-31T23:07:12.999Z</time>
      </trkpt>
      <trkpt lat="37.433828" lon="-122.060855">
        <ele>1.489190</ele>
        <time>2022-07-31T23:07:15.999Z</time>
      </trkpt>
      <trkpt lat="37.433791" lon="-122.060992">
        <ele>1.510186</ele>
        <time>2022-07-31T23:07:18.999Z</time>
      </trkpt>
      <trkpt lat="37.433745" lon="-122.061125">
        <ele>1.531235</ele>
        <time>2022-07-31T23:07:21.999Z</time>
      </trkpt>
      <trkpt lat="37.433706" lon="-122.061266">
        <ele>1.552899</ele>
        <time>2022-07-31T23:07:24.999Z</time>
      </trkpt>
      <trkpt lat="37.433675" lon="-122.061398">
        <ele>1.572872</ele>
        <time>2022-07-31T23:07:27.998Z</time>
      </trkpt>
      <trkpt lat="37.433652" lon="-122.061532">
        <ele>1.592764</ele>
        <time>2022-07-31T23:07:30.998Z</time>
      </trkpt>
      <trkpt lat="37.433623" lon="-122.061656">
        <ele>1.609012</ele>
        <time>2022-07-31T23:07:33.998Z</time>
      </trkpt>
      <trkpt lat="37.433619" lon="-122.061786">
        <ele>1.594715</ele>
        <time>2022-07-31T23:07:36.999Z</time>
      </trkpt>
      <trkpt lat="37.433626" lon="-122.062013">
        <ele>1.569750</ele>
        <time>2022-07-31T23:09:42.999Z</time>
      </trkpt>
      <trkpt lat="37.433647" lon="-122.062128">
        <ele>1.556783</ele>
        <time>2022-07-31T23:09:46.999Z</time>
      </trkpt>
      <trkpt lat="37.433671" lon="-122.062258">
        <ele>1.542115</ele>
        <time>2022-07-31T23:09:50.999Z</time>
      </trkpt>
      <trkpt lat="37.433694" lon="-122.062368">
        <ele>1.529615</ele>
        <time>2022-07-31T23:09:53.999Z</time>
      </trkpt>
      <trkpt lat="37.433725" lon="-122.062479">
        <ele>1.516684</ele>
        <time>2022-07-31T23:09:56.999Z</time>
      </trkpt>
      <trkpt lat="37.433757" lon="-122.062594">
        <ele>1.503293</ele>
        <time>2022-07-31T23:09:59.999Z</time>
      </trkpt>
      <trkpt lat="37.433784" lon="-122.062735">
        <ele>1.487353</ele>
        <time>2022-07-31T23:10:02.999Z</time>
      </trkpt>
      <trkpt lat="37.433830" lon="-122.062892">
        <ele>1.468963</ele>
        <time>2022-07-31T23:10:05.999Z</time>
      </trkpt>
      <trkpt lat="37.433863" lon="-122.063006">
        <ele>1.455628</ele>
        <time>2022-07-31T23:10:07.999Z</time>
      </trkpt>
      <trkpt lat="37.433897" lon="-122.063124">
        <ele>1.441833</ele>
        <time>2022-07-31T23:10:09.999Z</time>
      </trkpt>
      <trkpt lat="37.433930" lon="-122.063245">
        <ele>1.427774</ele>
        <time>2022-07-31T23:10:11.999Z</time>
      </trkpt>
      <trkpt lat="37.433965" lon="-122.063356">
        <ele>1.414649</ele>
        <time>2022-07-31T23:10:13.999Z</time>
      </trkpt>
      <trkpt lat="37.433995" lon="-122.063466">
        <ele>1.401867</ele>
        <time>2022-07-31T23:10:15.999Z</time>
      </trkpt>
      <trkpt lat="37.434025" lon="-122.063578">
        <ele>1.388878</ele>
        <time>2022-07-31T23:10:17.999Z</time>
      </trkpt>
      <trkpt lat="37.434068" lon="-122.063737">
        <ele>1.370419</ele>
        <time>2022-07-31T23:10:20.999Z</time>
      </trkpt>
      <trkpt lat="37.434102" lon="-122.063895">
        <ele>1.363146</ele>
        <time>2022-07-31T23:10:23.999Z</time>
      </trkpt>
      <trkpt lat="37.434140" lon="-122.064048">
        <ele>1.367134</ele>
        <time>2022-07-31T23:10:26.999Z</time>
      </trkpt>
      <trkpt lat="37.434178" lon="-122.064200">
        <ele>1.371099</ele>
        <time>2022-07-31T23:10:29.999Z</time>
      </trkpt>
      <trkpt lat="37.434220" lon="-122.064357">
        <ele>1.375221</ele>
        <time>2022-07-31T23:10:32.999Z</time>
      </trkpt>
      <trkpt lat="37.434255" lon="-122.064517">
        <ele>1.379350</ele>
        <time>2022-07-31T23:10:35.999Z</time>
      </trkpt>
      <trkpt lat="37.434283" lon="-122.064627">
        <ele>1.382224</ele>
        <time>2022-07-31T23:10:37.999Z</time>
      </trkpt>
      <trkpt lat="37.434325" lon="-122.064778">
        <ele>1.386204</ele>
        <time>2022-07-31T23:10:40.999Z</time>
      </trkpt>
      <trkpt lat="37.434363" lon="-122.064921">
        <ele>1.389956</ele>
        <time>2022-07-31T23:10:43.999Z</time>
      </trkpt>
      <trkpt lat="37.434402" lon="-122.065066">
        <ele>1.393765</ele>
        <time>2022-07-31T23:10:46.999Z</time>
      </trkpt>
      <trkpt lat="37.434432" lon="-122.065212">
        <ele>1.397517</ele>
        <time>2022-07-31T23:10:49.999Z</time>
      </trkpt>
      <trkpt lat="37.434472" lon="-122.065352">
        <ele>1.401219</ele>
        <time>2022-07-31T23:10:52.999Z</time>
      </trkpt>
      <trkpt lat="37.434494" lon="-122.065496">
        <ele>1.404867</ele>
        <time>2022-07-31T23:10:55.999Z</time>
      </trkpt>
      <trkpt lat="37.434538" lon="-122.065636">
        <ele>1.408613</ele>
        <time>2022-07-31T23:10:58.999Z</time>
      </trkpt>
      <trkpt lat="37.434581" lon="-122.065780">
        <ele>1.412441</ele>
        <time>2022-07-31T23:11:01.999Z</time>
      </trkpt>
      <trkpt lat="37.434627" lon="-122.065924">
        <ele>1.416303</ele>
        <time>2022-07-31T23:11:04.999Z</time>
      </trkpt>
      <trkpt lat="37.434658" lon="-122.066070">
        <ele>1.464504</ele>
        <time>2022-07-31T23:11:07.999Z</time>
      </trkpt>
      <trkpt lat="37.434695" lon="-122.066211">
        <ele>1.532868</ele>
        <time>2022-07-31T23:11:10.999Z</time>
      </trkpt>
      <trkpt lat="37.434732" lon="-122.066346">
        <ele>1.598615</ele>
        <time>2022-07-31T23:11:13.999Z</time>
      </trkpt>
      <trkpt lat="37.434761" lon="-122.066468">
        <ele>1.657241</ele>
        <time>2022-07-31T23:11:16.999Z</time>
      </trkpt>
      <trkpt lat="37.434785" lon="-122.066606">
        <ele>1.722277</ele>
        <time>2022-07-31T23:11:19.999Z</time>
      </trkpt>
      <trkpt lat="37.434808" lon="-122.066738">
        <ele>1.784490</ele>
        <time>2022-07-31T23:11:22.999Z</time>
      </trkpt>
      <trkpt lat="37.434831" lon="-122.066860">
        <ele>1.842215</ele>
        <time>2022-07-31T23:11:25.999Z</time>
      </trkpt>
      <trkpt lat="37.434857" lon="-122.066991">
        <ele>1.904378</ele>
        <time>2022-07-31T23:11:28.999Z</time>
      </trkpt>
      <trkpt lat="37.434879" lon="-122.067125">
        <ele>1.967371</ele>
        <time>2022-07-31T23:11:31.999Z</time>
      </trkpt>
      <trkpt lat="37.434881" lon="-122.067263">
        <ele>2.030911</ele>
        <time>2022-07-31T23:11:34.999Z</time>
      </trkpt>
      <trkpt lat="37.434890" lon="-122.067394">
        <ele>2.091444</ele>
        <time>2022-07-31T23:11:37.999Z</time>
      </trkpt>
      <trkpt lat="37.434878" lon="-122.067507">
        <ele>2.143927</ele>
        <time>2022-07-31T23:11:40.998Z</time>
      </trkpt>
      <trkpt lat="37.434780" lon="-122.067554">
        <ele>2.204725</ele>
        <time>2022-07-31T23:11:45.998Z</time>
      </trkpt>
      <trkpt lat="37.434670" lon="-122.067562">
        <ele>2.268605</ele>
        <time>2022-07-31T23:11:49.999Z</time>
      </trkpt>
      <trkpt lat="37.434574" lon="-122.067553">
        <ele>2.324417</ele>
        <time>2022-07-31T23:11:52.999Z</time>
      </trkpt>
      <trkpt lat="37.434468" lon="-122.067555">
        <ele>2.385879</ele>
        <time>2022-07-31T23:11:55.999Z</time>
      </trkpt>
      <trkpt lat="37.434354" lon="-122.067540">
        <ele>2.452332</ele>
        <time>2022-07-31T23:11:58.999Z</time>
      </trkpt>
      <trkpt lat="37.434240" lon="-122.067534">
        <ele>2.487652</ele>
        <time>2022-07-31T23:12:01.999Z</time>
      </trkpt>
      <trkpt lat="37.434120" lon="-122.067515">
        <ele>2.520606</ele>
        <time>2022-07-31T23:12:04.999Z</time>
      </trkpt>
      <trkpt lat="37.433993" lon="-122.067497">
        <ele>2.555428</ele>
        <time>2022-07-31T23:12:07.999Z</time>
      </trkpt>
      <trkpt lat="37.433862" lon="-122.067488">
        <ele>2.591175</ele>
        <time>2022-07-31T23:12:10.999Z</time>
      </trkpt>
      <trkpt lat="37.433725" lon="-122.067487">
        <ele>2.628504</ele>
        <time>2022-07-31T23:12:13.999Z</time>
      </trkpt>
      <trkpt lat="37.433590" lon="-122.067482">
        <ele>2.665304</ele>
        <time>2022-07-31T23:12:16.999Z</time>
      </trkpt>
      <trkpt lat="37.433497" lon="-122.067485">
        <ele>2.690652</ele>
        <time>2022-07-31T23:12:18.999Z</time>
      </trkpt>
      <trkpt lat="37.433401" lon="-122.067487">
        <ele>2.716812</ele>
        <time>2022-07-31T23:12:20.999Z</time>
      </trkpt>
      <trkpt lat="37.433302" lon="-122.067496">
        <ele>2.743857</ele>
        <time>2022-07-31T23:12:22.999Z</time>
      </trkpt>
      <trkpt lat="37.433206" lon="-122.067509">
        <ele>2.770165</ele>
        <time>2022-07-31T23:12:24.999Z</time>
      </trkpt>
      <trkpt lat="37.433111" lon="-122.067518">
        <ele>2.796123</ele>
        <time>2022-07-31T23:12:26.999Z</time>
      </trkpt>
      <trkpt lat="37.433011" lon="-122.067536">
        <ele>2.823647</ele>
        <time>2022-07-31T23:12:28.999Z</time>
      </trkpt>
      <trkpt lat="37.432912" lon="-122.067550">
        <ele>2.850791</ele>
        <time>2022-07-31T23:12:30.999Z</time>
      </trkpt>
      <trkpt lat="37.432814" lon="-122.067562">
        <ele>2.877619</ele>
        <time>2022-07-31T23:12:32.999Z</time>
      </trkpt>
      <trkpt lat="37.432715" lon="-122.067584">
        <ele>2.905011</ele>
        <time>2022-07-31T23:12:34.999Z</time>
      </trkpt>
      <trkpt lat="37.432614" lon="-122.067593">
        <ele>2.932599</ele>
        <time>2022-07-31T23:12:36.999Z</time>
      </trkpt>
      <trkpt lat="37.432512" lon="-122.067611">
        <ele>2.947963</ele>
        <time>2022-07-31T23:12:38.999Z</time>
      </trkpt>
      <trkpt lat="37.432408" lon="-122.067632">
        <ele>2.941174</ele>
        <time>2022-07-31T23:12:40.999Z</time>
      </trkpt>
      <trkpt lat="37.432306" lon="-122.067648">
        <ele>2.934548</ele>
        <time>2022-07-31T23:12:42.999Z</time>
      </trkpt>
      <trkpt lat="37.432202" lon="-122.067671">
        <ele>2.927742</ele>
        <time>2022-07-31T23:12:44.999Z</time>
      </trkpt>
      <trkpt lat="37.432102" lon="-122.067696">
        <ele>2.921171</ele>
        <time>2022-07-31T23:12:46.999Z</time>
      </trkpt>
      <trkpt lat="37.432001" lon="-122.067716">
        <ele>2.914580</ele>
        <time>2022-07-31T23:12:48.999Z</time>
      </trkpt>
      <trkpt lat="37.431903" lon="-122.067742">
        <ele>2.908125</ele>
        <time>2022-07-31T23:12:50.999Z</time>
      </trkpt>
      <trkpt lat="37.431804" lon="-122.067768">
        <ele>2.901606</ele>
        <time>2022-07-31T23:12:52.999Z</time>
      </trkpt>
      <trkpt lat="37.431704" lon="-122.067799">
        <ele>2.894968</ele>
        <time>2022-07-31T23:12:54.999Z</time>
      </trkpt>
      <trkpt lat="37.431602" lon="-122.067824">
        <ele>2.888269</ele>
        <time>2022-07-31T23:12:56.999Z</time>
      </trkpt>
      <trkpt lat="37.431499" lon="-122.067846">
        <ele>2.881535</ele>
        <time>2022-07-31T23:12:58.999Z</time>
      </trkpt>
      <trkpt lat="37.431396" lon="-122.067868">
        <ele>2.874801</ele>
        <time>2022-07-31T23:13:00.999Z</time>
      </trkpt>
      <trkpt lat="37.431294" lon="-122.067883">
        <ele>2.868182</ele>
        <time>2022-07-31T23:13:02.999Z</time>
      </trkpt>
      <trkpt lat="37.431189" lon="-122.067897">
        <ele>2.861376</ele>
        <time>2022-07-31T23:13:04.999Z</time>
      </trkpt>
      <trkpt lat="37.431083" lon="-122.067915">
        <ele>2.854481</ele>
        <time>2022-07-31T23:13:06.999Z</time>
      </trkpt>
      <trkpt lat="37.430979" lon="-122.067930">
        <ele>2.847734</ele>
        <time>2022-07-31T23:13:08.999Z</time>
      </trkpt>
      <trkpt lat="37.430874" lon="-122.067943">
        <ele>2.840933</ele>
        <time>2022-07-31T23:13:10.999Z</time>
      </trkpt>
      <trkpt lat="37.430770" lon="-122.067957">
        <ele>2.836005</ele>
        <time>2022-07-31T23:13:12.999Z</time>
      </trkpt>
      <trkpt lat="37.430665" lon="-122.067974">
        <ele>2.876143</ele>
        <time>2022-07-31T23:13:14.999Z</time>
      </trkpt>
      <trkpt lat="37.430561" lon="-122.067989">
        <ele>2.915833</ele>
        <time>2022-07-31T23:13:16.999Z</time>
      </trkpt>
      <trkpt lat="37.430458" lon="-122.068001">
        <ele>2.955052</ele>
        <time>2022-07-31T23:13:18.999Z</time>
      </trkpt>
      <trkpt lat="37.430359" lon="-122.068016">
        <ele>2.992859</ele>
        <time>2022-07-31T23:13:20.999Z</time>
      </trkpt>
      <trkpt lat="37.430268" lon="-122.068030">
        <ele>3.027618</ele>
        <time>2022-07-31T23:13:22.999Z</time>
      </trkpt>
      <trkpt lat="37.430182" lon="-122.068066">
        <ele>3.061979</ele>
        <time>2022-07-31T23:13:25.999Z</time>
      </trkpt>
      <trkpt lat="37.430167" lon="-122.068189">
        <ele>3.099446</ele>
        <time>2022-07-31T23:13:34.999Z</time>
      </trkpt>
      <trkpt lat="37.430168" lon="-122.068316">
        <ele>3.137686</ele>
        <time>2022-07-31T23:13:41.999Z</time>
      </trkpt>
      <trkpt lat="37.430186" lon="-122.068448">
        <ele>3.178010</ele>
        <time>2022-07-31T23:13:46.999Z</time>
      </trkpt>
      <trkpt lat="37.430210" lon="-122.068573">
        <ele>3.216730</ele>
        <time>2022-07-31T23:13:51.999Z</time>
      </trkpt>
      <trkpt lat="37.430115" lon="-122.068610">
        <ele>3.254432</ele>
        <time>2022-07-31T23:13:54.999Z</time>
      </trkpt>
      <trkpt lat="37.429995" lon="-122.068619">
        <ele>3.300011</ele>
        <time>2022-07-31T23:13:57.999Z</time>
      </trkpt>
      <trkpt lat="37.429865" lon="-122.068632">
        <ele>3.349456</ele>
        <time>2022-07-31T23:14:00.999Z</time>
      </trkpt>
      <trkpt lat="37.429735" lon="-122.068649">
        <ele>3.399010</ele>
        <time>2022-07-31T23:14:03.999Z</time>
      </trkpt>
      <trkpt lat="37.429646" lon="-122.068670">
        <ele>3.433342</ele>
        <time>2022-07-31T23:14:05.999Z</time>
      </trkpt>
      <trkpt lat="37.429540" lon="-122.068725">
        <ele>3.476810</ele>
        <time>2022-07-31T23:14:08.999Z</time>
      </trkpt>
      <trkpt lat="37.429499" lon="-122.068852">
        <ele>3.516077</ele>
        <time>2022-07-31T23:14:12.999Z</time>
      </trkpt>
      <trkpt lat="37.429519" lon="-122.068979">
        <ele>3.508302</ele>
        <time>2022-07-31T23:14:15.999Z</time>
      </trkpt>
      <trkpt lat="37.429525" lon="-122.069127">
        <ele>3.499403</ele>
        <time>2022-07-31T23:14:18.999Z</time>
      </trkpt>
      <trkpt lat="37.429518" lon="-122.069273">
        <ele>3.490619</ele>
        <time>2022-07-31T23:14:21.999Z</time>
      </trkpt>
      <trkpt lat="37.429595" lon="-122.069372">
        <ele>3.482298</ele>
        <time>2022-07-31T23:14:24.999Z</time>
      </trkpt>
      <trkpt lat="37.429704" lon="-122.069396">
        <ele>3.473930</ele>
        <time>2022-07-31T23:14:27.999Z</time>
      </trkpt>
      <trkpt lat="37.429814" lon="-122.069429">
        <ele>3.465378</ele>
        <time>2022-07-31T23:14:30.999Z</time>
      </trkpt>
      <trkpt lat="37.429925" lon="-122.069465">
        <ele>3.456710</ele>
        <time>2022-07-31T23:14:33.999Z</time>
      </trkpt>
      <trkpt lat="37.430043" lon="-122.069498">
        <ele>3.447570</ele>
        <time>2022-07-31T23:14:36.999Z</time>
      </trkpt>
      <trkpt lat="37.430156" lon="-122.069543">
        <ele>3.438607</ele>
        <time>2022-07-31T23:14:39.999Z</time>
      </trkpt>
      <trkpt lat="37.430277" lon="-122.069569">
        <ele>3.429325</ele>
        <time>2022-07-31T23:14:42.999Z</time>
      </trkpt>
      <trkpt lat="37.430391" lon="-122.069603">
        <ele>3.420465</ele>
        <time>2022-07-31T23:14:45.999Z</time>
      </trkpt>
      <trkpt lat="37.430506" lon="-122.069636">
        <ele>3.411546</ele>
        <time>2022-07-31T23:14:48.999Z</time>
      </trkpt>
      <trkpt lat="37.430616" lon="-122.069690">
        <ele>3.402618</ele>
        <time>2022-07-31T23:14:51.999Z</time>
      </trkpt>
      <trkpt lat="37.430717" lon="-122.069781">
        <ele>3.393226</ele>
        <time>2022-07-31T23:14:54.999Z</time>
      </trkpt>
      <trkpt lat="37.430809" lon="-122.069893">
        <ele>3.383549</ele>
        <time>2022-07-31T23:14:57.999Z</time>
      </trkpt>
      <trkpt lat="37.430904" lon="-122.070007">
        <ele>3.371975</ele>
        <time>2022-07-31T23:15:00.999Z</time>
      </trkpt>
      <trkpt lat="37.431003" lon="-122.070106">
        <ele>3.360083</ele>
        <time>2022-07-31T23:15:03.999Z</time>
      </trkpt>
      <trkpt lat="37.431108" lon="-122.070189">
        <ele>3.348420</ele>
        <time>2022-07-31T23:15:06.999Z</time>
      </trkpt>
      <trkpt lat="37.431231" lon="-122.070255">
        <ele>3.335843</ele>
        <time>2022-07-31T23:15:09.999Z</time>
      </trkpt>
      <trkpt lat="37.431356" lon="-122.070304">
        <ele>3.323527</ele>
        <time>2022-07-31T23:15:12.999Z</time>
      </trkpt>
      <trkpt lat="37.431476" lon="-122.070343">
        <ele>3.311869</ele>
        <time>2022-07-31T23:15:15.999Z</time>
      </trkpt>
      <trkpt lat="37.431591" lon="-122.070381">
        <ele>3.300684</ele>
        <time>2022-07-31T23:15:18.999Z</time>
      </trkpt>
      <trkpt lat="37.431703" lon="-122.070417">
        <ele>3.289810</ele>
        <time>2022-07-31T23:15:21.999Z</time>
      </trkpt>
      <trkpt lat="37.431811" lon="-122.070460">
        <ele>3.279155</ele>
        <time>2022-07-31T23:15:24.999Z</time>
      </trkpt>
      <trkpt lat="37.431917" lon="-122.070506">
        <ele>3.268608</ele>
        <time>2022-07-31T23:15:27.999Z</time>
      </trkpt>
      <trkpt lat="37.432026" lon="-122.070534">
        <ele>3.258143</ele>
        <time>2022-07-31T23:15:30.999Z</time>
      </trkpt>
      <trkpt lat="37.432136" lon="-122.070578">
        <ele>3.247285</ele>
        <time>2022-07-31T23:15:33.999Z</time>
      </trkpt>
      <trkpt lat="37.432249" lon="-122.070616">
        <ele>3.236283</ele>
        <time>2022-07-31T23:15:36.999Z</time>
      </trkpt>
      <trkpt lat="37.432361" lon="-122.070656">
        <ele>3.225331</ele>
        <time>2022-07-31T23:15:39.999Z</time>
      </trkpt>
      <trkpt lat="37.432467" lon="-122.070680">
        <ele>3.215200</ele>
        <time>2022-07-31T23:15:42.999Z</time>
      </trkpt>
      <trkpt lat="37.432581" lon="-122.070715">
        <ele>3.214859</ele>
        <time>2022-07-31T23:15:45.999Z</time>
      </trkpt>
      <trkpt lat="37.432689" lon="-122.070752">
        <ele>3.220352</ele>
        <time>2022-07-31T23:15:48.999Z</time>
      </trkpt>
      <trkpt lat="37.432795" lon="-122.070781">
        <ele>3.225675</ele>
        <time>2022-07-31T23:15:51.999Z</time>
      </trkpt>
      <trkpt lat="37.432894" lon="-122.070816">
        <ele>3.230722</ele>
        <time>2022-07-31T23:15:54.999Z</time>
      </trkpt>
      <trkpt lat="37.432993" lon="-122.070846">
        <ele>3.235719</ele>
        <time>2022-07-31T23:15:57.999Z</time>
      </trkpt>
      <trkpt lat="37.433085" lon="-122.070879">
        <ele>3.240413</ele>
        <time>2022-07-31T23:16:00.999Z</time>
      </trkpt>
      <trkpt lat="37.433178" lon="-122.070919">
        <ele>3.245236</ele>
        <time>2022-07-31T23:16:03.999Z</time>
      </trkpt>
      <trkpt lat="37.433272" lon="-122.070954">
        <ele>3.250047</ele>
        <time>2022-07-31T23:16:06.999Z</time>
      </trkpt>
      <trkpt lat="37.433368" lon="-122.070980">
        <ele>3.254866</ele>
        <time>2022-07-31T23:16:09.999Z</time>
      </trkpt>
      <trkpt lat="37.433462" lon="-122.071005">
        <ele>3.259581</ele>
        <time>2022-07-31T23:16:12.999Z</time>
      </trkpt>
      <trkpt lat="37.433554" lon="-122.071044">
        <ele>3.264344</ele>
        <time>2022-07-31T23:16:15.999Z</time>
      </trkpt>
      <trkpt lat="37.433649" lon="-122.071075">
        <ele>3.269161</ele>
        <time>2022-07-31T23:16:18.999Z</time>
      </trkpt>
      <trkpt lat="37.433743" lon="-122.071100">
        <ele>3.273875</ele>
        <time>2022-07-31T23:16:21.999Z</time>
      </trkpt>
      <trkpt lat="37.433838" lon="-122.071139">
        <ele>3.278779</ele>
        <time>2022-07-31T23:16:24.999Z</time>
      </trkpt>
      <trkpt lat="37.433941" lon="-122.071167">
        <ele>3.283950</ele>
        <time>2022-07-31T23:16:27.999Z</time>
      </trkpt>
      <trkpt lat="37.434038" lon="-122.071192">
        <ele>3.288809</ele>
        <time>2022-07-31T23:16:30.999Z</time>
      </trkpt>
      <trkpt lat="37.434136" lon="-122.071231">
        <ele>3.293853</ele>
        <time>2022-07-31T23:16:33.999Z</time>
      </trkpt>
      <trkpt lat="37.434230" lon="-122.071267">
        <ele>3.298675</ele>
        <time>2022-07-31T23:16:36.999Z</time>
      </trkpt>
      <trkpt lat="37.434320" lon="-122.071307">
        <ele>3.302185</ele>
        <time>2022-07-31T23:16:39.999Z</time>
      </trkpt>
      <trkpt lat="37.434414" lon="-122.071339">
        <ele>3.305525</ele>
        <time>2022-07-31T23:16:42.999Z</time>
      </trkpt>
      <trkpt lat="37.434511" lon="-122.071367">
        <ele>3.308938</ele>
        <time>2022-07-31T23:16:45.999Z</time>
      </trkpt>
      <trkpt lat="37.434604" lon="-122.071399">
        <ele>3.312245</ele>
        <time>2022-07-31T23:16:48.999Z</time>
      </trkpt>
      <trkpt lat="37.434699" lon="-122.071428">
        <ele>3.315598</ele>
        <time>2022-07-31T23:16:51.999Z</time>
      </trkpt>
      <trkpt lat="37.434794" lon="-122.071460">
        <ele>3.318971</ele>
        <time>2022-07-31T23:16:54.999Z</time>
      </trkpt>
      <trkpt lat="37.434889" lon="-122.071497">
        <ele>3.322381</ele>
        <time>2022-07-31T23:16:57.999Z</time>
      </trkpt>
      <trkpt lat="37.434981" lon="-122.071549">
        <ele>3.325840</ele>
        <time>2022-07-31T23:17:00.999Z</time>
      </trkpt>
      <trkpt lat="37.435087" lon="-122.071573">
        <ele>3.329534</ele>
        <time>2022-07-31T23:17:03.999Z</time>
      </trkpt>
      <trkpt lat="37.435184" lon="-122.071599">
        <ele>3.332936</ele>
        <time>2022-07-31T23:17:06.999Z</time>
      </trkpt>
      <trkpt lat="37.435289" lon="-122.071622">
        <ele>3.336591</ele>
        <time>2022-07-31T23:17:11.999Z</time>
      </trkpt>
      <trkpt lat="37.435378" lon="-122.071648">
        <ele>3.339725</ele>
        <time>2022-07-31T23:17:16.999Z</time>
      </trkpt>
      <trkpt lat="37.435468" lon="-122.071673">
        <ele>3.342886</ele>
        <time>2022-07-31T23:17:20.999Z</time>
      </trkpt>
      <trkpt lat="37.435556" lon="-122.071707">
        <ele>3.346043</ele>
        <time>2022-07-31T23:17:24.999Z</time>
      </trkpt>
      <trkpt lat="37.435650" lon="-122.071760">
        <ele>3.349576</ele>
        <time>2022-07-31T23:17:27.999Z</time>
      </trkpt>
      <trkpt lat="37.435742" lon="-122.071798">
        <ele>3.352897</ele>
        <time>2022-07-31T23:17:29.999Z</time>
      </trkpt>
      <trkpt lat="37.435841" lon="-122.071889">
        <ele>3.357100</ele>
        <time>2022-07-31T23:17:32.999Z</time>
      </trkpt>
      <trkpt lat="37.435874" lon="-122.072006">
        <ele>3.360482</ele>
        <time>2022-07-31T23:17:34.999Z</time>
      </trkpt>
      <trkpt lat="37.435879" lon="-122.072142">
        <ele>3.516373</ele>
        <time>2022-07-31T23:17:36.999Z</time>
      </trkpt>
      <trkpt lat="37.435889" lon="-122.072286">
        <ele>3.717599</ele>
        <time>2022-07-31T23:17:39.999Z</time>
      </trkpt>
      <trkpt lat="37.435889" lon="-122.072418">
        <ele>3.901354</ele>
        <time>2022-07-31T23:17:43.999Z</time>
      </trkpt>
      <trkpt lat="37.435878" lon="-122.072539">
        <ele>4.070896</ele>
        <time>2022-07-31T23:17:48.999Z</time>
      </trkpt>
      <trkpt lat="37.435859" lon="-122.072652">
        <ele>4.231690</ele>
        <time>2022-07-31T23:17:52.999Z</time>
      </trkpt>
      <trkpt lat="37.435858" lon="-122.072789">
        <ele>4.422413</ele>
        <time>2022-07-31T23:17:56.999Z</time>
      </trkpt>
      <trkpt lat="37.435857" lon="-122.072909">
        <ele>4.589472</ele>
        <time>2022-07-31T23:17:59.999Z</time>
      </trkpt>
      <trkpt lat="37.435857" lon="-122.073040">
        <ele>4.771835</ele>
        <time>2022-07-31T23:18:02.999Z</time>
      </trkpt>
      <trkpt lat="37.435857" lon="-122.073171">
        <ele>4.954198</ele>
        <time>2022-07-31T23:18:05.999Z</time>
      </trkpt>
      <trkpt lat="37.435853" lon="-122.073299">
        <ele>5.132523</ele>
        <time>2022-07-31T23:18:08.999Z</time>
      </trkpt>
      <trkpt lat="37.435855" lon="-122.073435">
        <ele>5.321879</ele>
        <time>2022-07-31T23:18:11.999Z</time>
      </trkpt>
      <trkpt lat="37.435846" lon="-122.073571">
        <ele>5.511859</ele>
        <time>2022-07-31T23:18:14.999Z</time>
      </trkpt>
      <trkpt lat="37.435838" lon="-122.073709">
        <ele>5.704478</ele>
        <time>2022-07-31T23:18:17.999Z</time>
      </trkpt>
      <trkpt lat="37.435827" lon="-122.073824">
        <ele>5.865725</ele>
        <time>2022-07-31T23:18:20.999Z</time>
      </trkpt>
      <trkpt lat="37.435817" lon="-122.073949">
        <ele>6.040616</ele>
        <time>2022-07-31T23:18:23.999Z</time>
      </trkpt>
      <trkpt lat="37.435801" lon="-122.074077">
        <ele>6.220998</ele>
        <time>2022-07-31T23:18:26.999Z</time>
      </trkpt>
      <trkpt lat="37.435791" lon="-122.074199">
        <ele>6.391735</ele>
        <time>2022-07-31T23:18:29.999Z</time>
      </trkpt>
      <trkpt lat="37.435778" lon="-122.074318">
        <ele>6.504422</ele>
        <time>2022-07-31T23:18:32.999Z</time>
      </trkpt>
      <trkpt lat="37.435763" lon="-122.074446">
        <ele>6.463607</ele>
        <time>2022-07-31T23:18:35.999Z</time>
      </trkpt>
      <trkpt lat="37.435750" lon="-122.074573">
        <ele>6.423213</ele>
        <time>2022-07-31T23:18:38.999Z</time>
      </trkpt>
      <trkpt lat="37.435737" lon="-122.074709">
        <ele>6.380002</ele>
        <time>2022-07-31T23:18:41.999Z</time>
      </trkpt>
      <trkpt lat="37.435731" lon="-122.074842">
        <ele>6.337980</ele>
        <time>2022-07-31T23:18:44.999Z</time>
      </trkpt>
      <trkpt lat="37.435722" lon="-122.074968">
        <ele>6.298072</ele>
        <time>2022-07-31T23:18:47.999Z</time>
      </trkpt>
      <trkpt lat="37.435716" lon="-122.075099">
        <ele>6.256680</ele>
        <time>2022-07-31T23:18:50.999Z</time>
      </trkpt>
      <trkpt lat="37.435706" lon="-122.075239">
        <ele>6.212338</ele>
        <time>2022-07-31T23:18:53.999Z</time>
      </trkpt>
      <trkpt lat="37.435704" lon="-122.075373">
        <ele>6.170061</ele>
        <time>2022-07-31T23:18:56.999Z</time>
      </trkpt>
      <trkpt lat="37.435686" lon="-122.075510">
        <ele>6.126256</ele>
        <time>2022-07-31T23:18:59.999Z</time>
      </trkpt>
      <trkpt lat="37.435676" lon="-122.075645">
        <ele>6.083486</ele>
        <time>2022-07-31T23:19:02.999Z</time>
      </trkpt>
      <trkpt lat="37.435673" lon="-122.075773">
        <ele>6.043091</ele>
        <time>2022-07-31T23:19:05.999Z</time>
      </trkpt>
      <trkpt lat="37.435663" lon="-122.075904">
        <ele>6.001576</ele>
        <time>2022-07-31T23:19:08.999Z</time>
      </trkpt>
      <trkpt lat="37.435627" lon="-122.076030">
        <ele>5.959335</ele>
        <time>2022-07-31T23:19:11.999Z</time>
      </trkpt>
      <trkpt lat="37.435599" lon="-122.076163">
        <ele>5.915930</ele>
        <time>2022-07-31T23:19:14.999Z</time>
      </trkpt>
      <trkpt lat="37.435580" lon="-122.076291">
        <ele>5.874853</ele>
        <time>2022-07-31T23:19:17.999Z</time>
      </trkpt>
      <trkpt lat="37.435566" lon="-122.076425">
        <ele>5.832218</ele>
        <time>2022-07-31T23:19:20.999Z</time>
      </trkpt>
      <trkpt lat="37.435553" lon="-122.076568">
        <ele>5.813862</ele>
        <time>2022-07-31T23:19:23.999Z</time>
      </trkpt>
      <trkpt lat="37.435534" lon="-122.076707">
        <ele>5.861043</ele>
        <time>2022-07-31T23:19:26.999Z</time>
      </trkpt>
      <trkpt lat="37.435504" lon="-122.076846">
        <ele>5.909227</ele>
        <time>2022-07-31T23:19:29.999Z</time>
      </trkpt>
      <trkpt lat="37.435466" lon="-122.076979">
        <ele>5.956509</ele>
        <time>2022-07-31T23:19:32.999Z</time>
      </trkpt>
      <trkpt lat="37.435447" lon="-122.077128">
        <ele>6.006990</ele>
        <time>2022-07-31T23:19:35.999Z</time>
      </trkpt>
      <trkpt lat="37.435442" lon="-122.077269">
        <ele>6.054204</ele>
        <time>2022-07-31T23:19:38.999Z</time>
      </trkpt>
      <trkpt lat="37.435442" lon="-122.077414">
        <ele>6.102708</ele>
        <time>2022-07-31T23:19:41.999Z</time>
      </trkpt>
      <trkpt lat="37.435416" lon="-122.077559">
        <ele>6.152433</ele>
        <time>2022-07-31T23:19:44.999Z</time>
      </trkpt>
      <trkpt lat="37.435379" lon="-122.077697">
        <ele>6.201157</ele>
        <time>2022-07-31T23:19:47.999Z</time>
      </trkpt>
      <trkpt lat="37.435349" lon="-122.077838">
        <ele>6.249987</ele>
        <time>2022-07-31T23:19:50.999Z</time>
      </trkpt>
      <trkpt lat="37.435360" lon="-122.077984">
        <ele>6.299045</ele>
        <time>2022-07-31T23:19:53.999Z</time>
      </trkpt>
      <trkpt lat="37.435373" lon="-122.078135">
        <ele>6.349852</ele>
        <time>2022-07-31T23:19:56.999Z</time>
      </trkpt>
      <trkpt lat="37.435363" lon="-122.078294">
        <ele>6.403207</ele>
        <time>2022-07-31T23:19:59.999Z</time>
      </trkpt>
      <trkpt lat="37.435334" lon="-122.078440">
        <ele>6.453550</ele>
        <time>2022-07-31T23:20:02.999Z</time>
      </trkpt>
      <trkpt lat="37.435304" lon="-122.078581">
        <ele>6.502380</ele>
        <time>2022-07-31T23:20:05.999Z</time>
      </trkpt>
      <trkpt lat="37.435288" lon="-122.078725">
        <ele>6.551020</ele>
        <time>2022-07-31T23:20:08.999Z</time>
      </trkpt>
      <trkpt lat="37.435270" lon="-122.078866">
        <ele>6.532019</ele>
        <time>2022-07-31T23:20:11.999Z</time>
      </trkpt>
      <trkpt lat="37.435249" lon="-122.079007">
        <ele>6.502079</ele>
        <time>2022-07-31T23:20:14.999Z</time>
      </trkpt>
      <trkpt lat="37.435237" lon="-122.079143">
        <ele>6.473521</ele>
        <time>2022-07-31T23:20:17.999Z</time>
      </trkpt>
      <trkpt lat="37.435220" lon="-122.079284">
        <ele>6.443757</ele>
        <time>2022-07-31T23:20:20.999Z</time>
      </trkpt>
      <trkpt lat="37.435232" lon="-122.079425">
        <ele>6.414162</ele>
        <time>2022-07-31T23:20:23.999Z</time>
      </trkpt>
      <trkpt lat="37.435231" lon="-122.079572">
        <ele>6.383482</ele>
        <time>2022-07-31T23:20:26.999Z</time>
      </trkpt>
      <trkpt lat="37.435195" lon="-122.079715">
        <ele>6.352174</ele>
        <time>2022-07-31T23:20:29.999Z</time>
      </trkpt>
      <trkpt lat="37.435163" lon="-122.079842">
        <ele>6.324367</ele>
        <time>2022-07-31T23:20:32.999Z</time>
      </trkpt>
      <trkpt lat="37.435134" lon="-122.079968">
        <ele>6.296988</ele>
        <time>2022-07-31T23:20:35.999Z</time>
      </trkpt>
      <trkpt lat="37.435141" lon="-122.080107">
        <ele>6.267921</ele>
        <time>2022-07-31T23:20:38.999Z</time>
      </trkpt>
      <trkpt lat="37.435145" lon="-122.080244">
        <ele>6.239309</ele>
        <time>2022-07-31T23:20:41.999Z</time>
      </trkpt>
      <trkpt lat="37.435127" lon="-122.080387">
        <ele>6.209093</ele>
        <time>2022-07-31T23:20:44.999Z</time>
      </trkpt>
      <trkpt lat="37.435087" lon="-122.080522">
        <ele>6.179021</ele>
        <time>2022-07-31T23:20:47.999Z</time>
      </trkpt>
      <trkpt lat="37.435081" lon="-122.080664">
        <ele>6.149343</ele>
        <time>2022-07-31T23:20:50.999Z</time>
      </trkpt>
      <trkpt lat="37.435085" lon="-122.080808">
        <ele>6.119272</ele>
        <time>2022-07-31T23:20:53.999Z</time>
      </trkpt>
      <trkpt lat="37.435076" lon="-122.080955">
        <ele>6.088502</ele>
        <time>2022-07-31T23:20:56.999Z</time>
      </trkpt>
      <trkpt lat="37.435041" lon="-122.081091">
        <ele>5.978282</ele>
        <time>2022-07-31T23:20:59.999Z</time>
      </trkpt>
      <trkpt lat="37.434999" lon="-122.081233">
        <ele>5.849875</ele>
        <time>2022-07-31T23:21:02.999Z</time>
      </trkpt>
      <trkpt lat="37.434977" lon="-122.081388">
        <ele>5.716446</ele>
        <time>2022-07-31T23:21:05.999Z</time>
      </trkpt>
      <trkpt lat="37.434961" lon="-122.081541">
        <ele>5.585674</ele>
        <time>2022-07-31T23:21:08.999Z</time>
      </trkpt>
      <trkpt lat="37.434897" lon="-122.081676">
        <ele>5.452437</ele>
        <time>2022-07-31T23:21:11.999Z</time>
      </trkpt>
      <trkpt lat="37.434810" lon="-122.081717">
        <ele>5.353304</ele>
        <time>2022-07-31T23:21:13.999Z</time>
      </trkpt>
      <trkpt lat="37.434676" lon="-122.081723">
        <ele>5.210209</ele>
        <time>2022-07-31T23:21:16.999Z</time>
      </trkpt>
      <trkpt lat="37.434541" lon="-122.081703">
        <ele>5.065145</ele>
        <time>2022-07-31T23:21:19.999Z</time>
      </trkpt>
      <trkpt lat="37.434442" lon="-122.081688">
        <ele>4.958730</ele>
        <time>2022-07-31T23:21:21.999Z</time>
      </trkpt>
      <trkpt lat="37.434347" lon="-122.081686">
        <ele>4.857333</ele>
        <time>2022-07-31T23:21:23.999Z</time>
      </trkpt>
      <trkpt lat="37.434236" lon="-122.081674">
        <ele>4.738438</ele>
        <time>2022-07-31T23:21:26.999Z</time>
      </trkpt>
      <trkpt lat="37.434163" lon="-122.081807">
        <ele>4.601429</ele>
        <time>2022-07-31T23:21:29.999Z</time>
      </trkpt>
      <trkpt lat="37.434114" lon="-122.081909">
        <ele>4.500406</ele>
        <time>2022-07-31T23:21:31.999Z</time>
      </trkpt>
      <trkpt lat="37.434052" lon="-122.082009">
        <ele>4.392893</ele>
        <time>2022-07-31T23:21:33.999Z</time>
      </trkpt>
      <trkpt lat="37.433985" lon="-122.082112">
        <ele>4.280062</ele>
        <time>2022-07-31T23:21:35.999Z</time>
      </trkpt>
      <trkpt lat="37.433916" lon="-122.082213">
        <ele>4.167156</ele>
        <time>2022-07-31T23:21:37.999Z</time>
      </trkpt>
      <trkpt lat="37.433844" lon="-122.082323">
        <ele>4.147836</ele>
        <time>2022-07-31T23:21:39.999Z</time>
      </trkpt>
      <trkpt lat="37.433769" lon="-122.082428">
        <ele>4.130154</ele>
        <time>2022-07-31T23:21:41.999Z</time>
      </trkpt>
      <trkpt lat="37.433693" lon="-122.082531">
        <ele>4.112551</ele>
        <time>2022-07-31T23:21:43.999Z</time>
      </trkpt>
      <trkpt lat="37.433613" lon="-122.082632">
        <ele>4.094691</ele>
        <time>2022-07-31T23:21:45.999Z</time>
      </trkpt>
      <trkpt lat="37.433532" lon="-122.082733">
        <ele>4.076718</ele>
        <time>2022-07-31T23:21:47.999Z</time>
      </trkpt>
      <trkpt lat="37.433452" lon="-122.082827">
        <ele>4.059467</ele>
        <time>2022-07-31T23:21:49.999Z</time>
      </trkpt>
      <trkpt lat="37.433369" lon="-122.082912">
        <ele>4.042600</ele>
        <time>2022-07-31T23:21:51.999Z</time>
      </trkpt>
      <trkpt lat="37.433292" lon="-122.082994">
        <ele>4.026701</ele>
        <time>2022-07-31T23:21:53.999Z</time>
      </trkpt>
      <trkpt lat="37.433200" lon="-122.083083">
        <ele>4.008409</ele>
        <time>2022-07-31T23:21:56.999Z</time>
      </trkpt>
      <trkpt lat="37.433121" lon="-122.083147">
        <ele>3.993599</ele>
        <time>2022-07-31T23:21:58.999Z</time>
      </trkpt>
      <trkpt lat="37.433045" lon="-122.083271">
        <ele>3.973988</ele>
        <time>2022-07-31T23:22:01.999Z</time>
      </trkpt>
      <trkpt lat="37.432968" lon="-122.083400">
        <ele>3.953783</ele>
        <time>2022-07-31T23:22:04.999Z</time>
      </trkpt>
      <trkpt lat="37.432892" lon="-122.083536">
        <ele>3.932962</ele>
        <time>2022-07-31T23:22:07.999Z</time>
      </trkpt>
      <trkpt lat="37.432802" lon="-122.083644">
        <ele>3.913361</ele>
        <time>2022-07-31T23:22:10.999Z</time>
      </trkpt>
      <trkpt lat="37.432702" lon="-122.083746">
        <ele>3.893071</ele>
        <time>2022-07-31T23:22:13.999Z</time>
      </trkpt>
      <trkpt lat="37.432651" lon="-122.083844">
        <ele>3.894900</ele>
        <time>2022-07-31T23:22:15.999Z</time>
      </trkpt>
      <trkpt lat="37.432616" lon="-122.083957">
        <ele>3.952602</ele>
        <time>2022-07-31T23:22:17.999Z</time>
      </trkpt>
      <trkpt lat="37.432573" lon="-122.084116">
        <ele>4.032511</ele>
        <time>2022-07-31T23:22:20.999Z</time>
      </trkpt>
      <trkpt lat="37.432535" lon="-122.084224">
        <ele>4.088708</ele>
        <time>2022-07-31T23:22:22.999Z</time>
      </trkpt>
      <trkpt lat="37.432473" lon="-122.084371">
        <ele>4.167893</ele>
        <time>2022-07-31T23:22:25.999Z</time>
      </trkpt>
      <trkpt lat="37.432430" lon="-122.084473">
        <ele>4.222832</ele>
        <time>2022-07-31T23:22:27.999Z</time>
      </trkpt>
      <trkpt lat="37.432375" lon="-122.084577">
        <ele>4.282277</ele>
        <time>2022-07-31T23:22:29.999Z</time>
      </trkpt>
      <trkpt lat="37.432306" lon="-122.084676">
        <ele>4.344943</ele>
        <time>2022-07-31T23:22:31.999Z</time>
      </trkpt>
      <trkpt lat="37.432243" lon="-122.084760">
        <ele>4.399912</ele>
        <time>2022-07-31T23:22:33.999Z</time>
      </trkpt>
      <trkpt lat="37.432154" lon="-122.084879">
        <ele>4.477681</ele>
        <time>2022-07-31T23:22:36.999Z</time>
      </trkpt>
      <trkpt lat="37.432108" lon="-122.084976">
        <ele>4.531430</ele>
        <time>2022-07-31T23:22:38.999Z</time>
      </trkpt>
      <trkpt lat="37.432072" lon="-122.085086">
        <ele>4.588032</ele>
        <time>2022-07-31T23:22:40.999Z</time>
      </trkpt>
      <trkpt lat="37.432069" lon="-122.085203">
        <ele>4.643722</ele>
        <time>2022-07-31T23:22:42.999Z</time>
      </trkpt>
      <trkpt lat="37.432072" lon="-122.085317">
        <ele>4.697986</ele>
        <time>2022-07-31T23:22:44.999Z</time>
      </trkpt>
      <trkpt lat="37.432070" lon="-122.085473">
        <ele>4.772210</ele>
        <time>2022-07-31T23:22:47.999Z</time>
      </trkpt>
      <trkpt lat="37.432085" lon="-122.085590">
        <ele>4.828592</ele>
        <time>2022-07-31T23:22:49.999Z</time>
      </trkpt>
      <trkpt lat="37.432091" lon="-122.085726">
        <ele>4.893392</ele>
        <time>2022-07-31T23:22:51.999Z</time>
      </trkpt>
      <trkpt lat="37.432098" lon="-122.085864">
        <ele>4.959177</ele>
        <time>2022-07-31T23:22:53.999Z</time>
      </trkpt>
      <trkpt lat="37.432109" lon="-122.085998">
        <ele>4.933040</ele>
        <time>2022-07-31T23:22:55.999Z</time>
      </trkpt>
      <trkpt lat="37.432127" lon="-122.086120">
        <ele>4.908649</ele>
        <time>2022-07-31T23:22:57.999Z</time>
      </trkpt>
      <trkpt lat="37.432195" lon="-122.086233">
        <ele>4.880780</ele>
        <time>2022-07-31T23:23:00.999Z</time>
      </trkpt>
      <trkpt lat="37.432287" lon="-122.086278">
        <ele>4.856348</ele>
        <time>2022-07-31T23:23:03.999Z</time>
      </trkpt>
      <trkpt lat="37.432370" lon="-122.086346">
        <ele>4.831837</ele>
        <time>2022-07-31T23:23:06.999Z</time>
      </trkpt>
      <trkpt lat="37.432417" lon="-122.086464">
        <ele>4.805888</ele>
        <time>2022-07-31T23:23:08.999Z</time>
      </trkpt>
      <trkpt lat="37.432415" lon="-122.086620">
        <ele>4.775220</ele>
        <time>2022-07-31T23:23:11.999Z</time>
      </trkpt>
      <trkpt lat="37.432413" lon="-122.086756">
        <ele>4.748483</ele>
        <time>2022-07-31T23:23:14.999Z</time>
      </trkpt>
      <trkpt lat="37.432512" lon="-122.086823">
        <ele>4.720662</ele>
        <time>2022-07-31T23:23:17.999Z</time>
      </trkpt>
      <trkpt lat="37.432626" lon="-122.086812">
        <ele>4.692360</ele>
        <time>2022-07-31T23:23:21.999Z</time>
      </trkpt>
      <trkpt lat="37.432728" lon="-122.086785">
        <ele>4.666559</ele>
        <time>2022-07-31T23:23:24.999Z</time>
      </trkpt>
      <trkpt lat="37.432847" lon="-122.086806">
        <ele>4.636814</ele>
        <time>2022-07-31T23:23:27.999Z</time>
      </trkpt>
      <trkpt lat="37.432935" lon="-122.086834">
        <ele>4.614346</ele>
        <time>2022-07-31T23:23:29.999Z</time>
      </trkpt>
      <trkpt lat="37.433039" lon="-122.086903">
        <ele>4.585248</ele>
        <time>2022-07-31T23:23:32.999Z</time>
      </trkpt>
      <trkpt lat="37.433155" lon="-122.086887">
        <ele>4.556361</ele>
        <time>2022-07-31T23:23:35.999Z</time>
      </trkpt>
      <trkpt lat="37.433202" lon="-122.086780">
        <ele>4.532326</ele>
        <time>2022-07-31T23:23:37.999Z</time>
      </trkpt>
      <trkpt lat="37.433288" lon="-122.086683">
        <ele>4.517932</ele>
        <time>2022-07-31T23:23:40.999Z</time>
      </trkpt>
      <trkpt lat="37.433413" lon="-122.086643">
        <ele>4.529396</ele>
        <time>2022-07-31T23:23:43.999Z</time>
      </trkpt>
      <trkpt lat="37.433537" lon="-122.086613">
        <ele>4.540620</ele>
        <time>2022-07-31T23:23:46.999Z</time>
      </trkpt>
      <trkpt lat="37.433617" lon="-122.086558">
        <ele>4.548722</ele>
        <time>2022-07-31T23:23:48.999Z</time>
      </trkpt>
      <trkpt lat="37.433703" lon="-122.086523">
        <ele>4.556756</ele>
        <time>2022-07-31T23:23:50.999Z</time>
      </trkpt>
      <trkpt lat="37.433832" lon="-122.086478">
        <ele>4.568654</ele>
        <time>2022-07-31T23:23:53.999Z</time>
      </trkpt>
      <trkpt lat="37.433918" lon="-122.086438">
        <ele>4.576804</ele>
        <time>2022-07-31T23:23:55.999Z</time>
      </trkpt>
      <trkpt lat="37.434006" lon="-122.086395">
        <ele>4.585194</ele>
        <time>2022-07-31T23:23:57.999Z</time>
      </trkpt>
      <trkpt lat="37.434122" lon="-122.086319">
        <ele>4.596817</ele>
        <time>2022-07-31T23:24:00.999Z</time>
      </trkpt>
      <trkpt lat="37.434239" lon="-122.086242">
        <ele>4.608552</ele>
        <time>2022-07-31T23:24:03.999Z</time>
      </trkpt>
      <trkpt lat="37.434316" lon="-122.086181">
        <ele>4.616638</ele>
        <time>2022-07-31T23:24:05.999Z</time>
      </trkpt>
      <trkpt lat="37.434395" lon="-122.086116">
        <ele>4.625026</ele>
        <time>2022-07-31T23:24:07.999Z</time>
      </trkpt>
      <trkpt lat="37.434473" lon="-122.086058">
        <ele>4.633078</ele>
        <time>2022-07-31T23:24:09.999Z</time>
      </trkpt>
      <trkpt lat="37.434583" lon="-122.085980">
        <ele>4.644299</ele>
        <time>2022-07-31T23:24:12.999Z</time>
      </trkpt>
      <trkpt lat="37.434676" lon="-122.085917">
        <ele>4.653686</ele>
        <time>2022-07-31T23:24:15.999Z</time>
      </trkpt>
      <trkpt lat="37.434763" lon="-122.085880">
        <ele>4.661848</ele>
        <time>2022-07-31T23:24:18.999Z</time>
      </trkpt>
      <trkpt lat="37.434875" lon="-122.085857">
        <ele>4.671935</ele>
        <time>2022-07-31T23:24:22.999Z</time>
      </trkpt>
      <trkpt lat="37.434992" lon="-122.085857">
        <ele>4.724483</ele>
        <time>2022-07-31T23:24:26.999Z</time>
      </trkpt>
      <trkpt lat="37.435089" lon="-122.085920">
        <ele>4.783624</ele>
        <time>2022-07-31T23:24:29.999Z</time>
      </trkpt>
      <trkpt lat="37.435157" lon="-122.086031">
        <ele>4.843947</ele>
        <time>2022-07-31T23:24:32.999Z</time>
      </trkpt>
      <trkpt lat="37.435182" lon="-122.086168">
        <ele>4.904432</ele>
        <time>2022-07-31T23:24:35.999Z</time>
      </trkpt>
      <trkpt lat="37.435188" lon="-122.086312">
        <ele>4.966478</ele>
        <time>2022-07-31T23:24:38.999Z</time>
      </trkpt>
      <trkpt lat="37.435200" lon="-122.086461">
        <ele>5.030918</ele>
        <time>2022-07-31T23:24:41.999Z</time>
      </trkpt>
      <trkpt lat="37.435214" lon="-122.086577">
        <ele>5.081404</ele>
        <time>2022-07-31T23:24:43.999Z</time>
      </trkpt>
      <trkpt lat="37.435216" lon="-122.086706">
        <ele>5.136920</ele>
        <time>2022-07-31T23:24:45.999Z</time>
      </trkpt>
      <trkpt lat="37.435217" lon="-122.086829">
        <ele>5.189847</ele>
        <time>2022-07-31T23:24:47.999Z</time>
      </trkpt>
      <trkpt lat="37.435231" lon="-122.086958">
        <ele>5.245869</ele>
        <time>2022-07-31T23:24:49.999Z</time>
      </trkpt>
      <trkpt lat="37.435241" lon="-122.087085">
        <ele>5.300782</ele>
        <time>2022-07-31T23:24:51.999Z</time>
      </trkpt>
      <trkpt lat="37.435260" lon="-122.087219">
        <ele>5.359352</ele>
        <time>2022-07-31T23:24:53.999Z</time>
      </trkpt>
      <trkpt lat="37.435262" lon="-122.087349">
        <ele>5.415298</ele>
        <time>2022-07-31T23:24:55.999Z</time>
      </trkpt>
      <trkpt lat="37.435274" lon="-122.087476">
        <ele>5.470329</ele>
        <time>2022-07-31T23:24:57.999Z</time>
      </trkpt>
      <trkpt lat="37.435282" lon="-122.087603">
        <ele>5.525146</ele>
        <time>2022-07-31T23:24:59.999Z</time>
      </trkpt>
      <trkpt lat="37.435294" lon="-122.087728">
        <ele>5.579323</ele>
        <time>2022-07-31T23:25:01.999Z</time>
      </trkpt>
      <trkpt lat="37.435302" lon="-122.087852">
        <ele>5.632853</ele>
        <time>2022-07-31T23:25:03.999Z</time>
      </trkpt>
      <trkpt lat="37.435305" lon="-122.087977">
        <ele>5.647767</ele>
        <time>2022-07-31T23:25:05.999Z</time>
      </trkpt>
      <trkpt lat="37.435309" lon="-122.088100">
        <ele>5.646434</ele>
        <time>2022-07-31T23:25:07.999Z</time>
      </trkpt>
      <trkpt lat="37.435314" lon="-122.088227">
        <ele>5.645058</ele>
        <time>2022-07-31T23:25:09.999Z</time>
      </trkpt>
      <trkpt lat="37.435316" lon="-122.088355">
        <ele>5.643672</ele>
        <time>2022-07-31T23:25:11.999Z</time>
      </trkpt>
      <trkpt lat="37.435319" lon="-122.088478">
        <ele>5.642340</ele>
        <time>2022-07-31T23:25:13.999Z</time>
      </trkpt>
      <trkpt lat="37.435322" lon="-122.088593">
        <ele>5.641095</ele>
        <time>2022-07-31T23:25:16.999Z</time>
      </trkpt>
      <trkpt lat="37.435320" lon="-122.088729">
        <ele>5.639622</ele>
        <time>2022-07-31T23:25:20.999Z</time>
      </trkpt>
      <trkpt lat="37.435319" lon="-122.088871">
        <ele>5.638085</ele>
        <time>2022-07-31T23:25:23.999Z</time>
      </trkpt>
      <trkpt lat="37.435324" lon="-122.089027">
        <ele>5.636395</ele>
        <time>2022-07-31T23:25:26.999Z</time>
      </trkpt>
      <trkpt lat="37.435342" lon="-122.089182">
        <ele>5.634700</ele>
        <time>2022-07-31T23:25:29.999Z</time>
      </trkpt>
      <trkpt lat="37.435356" lon="-122.089329">
        <ele>5.633097</ele>
        <time>2022-07-31T23:25:32.999Z</time>
      </trkpt>
      <trkpt lat="37.435362" lon="-122.089483">
        <ele>5.631428</ele>
        <time>2022-07-31T23:25:36.999Z</time>
      </trkpt>
      <trkpt lat="37.435378" lon="-122.089621">
        <ele>5.629919</ele>
        <time>2022-07-31T23:25:39.999Z</time>
      </trkpt>
      <trkpt lat="37.435388" lon="-122.089769">
        <ele>5.628311</ele>
        <time>2022-07-31T23:25:42.999Z</time>
      </trkpt>
      <trkpt lat="37.435397" lon="-122.089923">
        <ele>5.626639</ele>
        <time>2022-07-31T23:25:45.999Z</time>
      </trkpt>
      <trkpt lat="37.435411" lon="-122.090086">
        <ele>5.624865</ele>
        <time>2022-07-31T23:25:48.999Z</time>
      </trkpt>
      <trkpt lat="37.435420" lon="-122.090201">
        <ele>5.638796</ele>
        <time>2022-07-31T23:25:50.999Z</time>
      </trkpt>
      <trkpt lat="37.435434" lon="-122.090367">
        <ele>5.683603</ele>
        <time>2022-07-31T23:25:53.999Z</time>
      </trkpt>
      <trkpt lat="37.435438" lon="-122.090534">
        <ele>5.728448</ele>
        <time>2022-07-31T23:25:56.999Z</time>
      </trkpt>
      <trkpt lat="37.435450" lon="-122.090653">
        <ele>5.760646</ele>
        <time>2022-07-31T23:25:58.999Z</time>
      </trkpt>
      <trkpt lat="37.435453" lon="-122.090771">
        <ele>5.792335</ele>
        <time>2022-07-31T23:26:00.999Z</time>
      </trkpt>
      <trkpt lat="37.435465" lon="-122.090889">
        <ele>5.824267</ele>
        <time>2022-07-31T23:26:02.999Z</time>
      </trkpt>
      <trkpt lat="37.435473" lon="-122.091003">
        <ele>5.854985</ele>
        <time>2022-07-31T23:26:04.999Z</time>
      </trkpt>
      <trkpt lat="37.435474" lon="-122.091118">
        <ele>5.885855</ele>
        <time>2022-07-31T23:26:06.999Z</time>
      </trkpt>
      <trkpt lat="37.435486" lon="-122.091235">
        <ele>5.917520</ele>
        <time>2022-07-31T23:26:08.999Z</time>
      </trkpt>
      <trkpt lat="37.435499" lon="-122.091404">
        <ele>5.963094</ele>
        <time>2022-07-31T23:26:11.999Z</time>
      </trkpt>
      <trkpt lat="37.435509" lon="-122.091573">
        <ele>6.008582</ele>
        <time>2022-07-31T23:26:14.999Z</time>
      </trkpt>
      <trkpt lat="37.435522" lon="-122.091736">
        <ele>6.052554</ele>
        <time>2022-07-31T23:26:17.999Z</time>
      </trkpt>
      <trkpt lat="37.435527" lon="-122.091900">
        <ele>6.096606</ele>
        <time>2022-07-31T23:26:20.999Z</time>
      </trkpt>
      <trkpt lat="37.435539" lon="-122.092012">
        <ele>6.126941</ele>
        <time>2022-07-31T23:26:22.999Z</time>
      </trkpt>
      <trkpt lat="37.435550" lon="-122.092132">
        <ele>6.159364</ele>
        <time>2022-07-31T23:26:24.999Z</time>
      </trkpt>
      <trkpt lat="37.435554" lon="-122.092251">
        <ele>6.191334</ele>
        <time>2022-07-31T23:26:26.999Z</time>
      </trkpt>
      <trkpt lat="37.435564" lon="-122.092366">
        <ele>6.222386</ele>
        <time>2022-07-31T23:26:28.999Z</time>
      </trkpt>
      <trkpt lat="37.435573" lon="-122.092483">
        <ele>6.200590</ele>
        <time>2022-07-31T23:26:30.999Z</time>
      </trkpt>
      <trkpt lat="37.435579" lon="-122.092601">
        <ele>6.154404</ele>
        <time>2022-07-31T23:26:32.999Z</time>
      </trkpt>
      <trkpt lat="37.435579" lon="-122.092715">
        <ele>6.109876</ele>
        <time>2022-07-31T23:26:34.999Z</time>
      </trkpt>
      <trkpt lat="37.435574" lon="-122.092875">
        <ele>6.047331</ele>
        <time>2022-07-31T23:26:37.999Z</time>
      </trkpt>
      <trkpt lat="37.435594" lon="-122.093043">
        <ele>5.980977</ele>
        <time>2022-07-31T23:26:40.999Z</time>
      </trkpt>
      <trkpt lat="37.435602" lon="-122.093173">
        <ele>5.930047</ele>
        <time>2022-07-31T23:26:42.999Z</time>
      </trkpt>
      <trkpt lat="37.435600" lon="-122.093307">
        <ele>5.877697</ele>
        <time>2022-07-31T23:26:44.999Z</time>
      </trkpt>
      <trkpt lat="37.435601" lon="-122.093443">
        <ele>5.824573</ele>
        <time>2022-07-31T23:26:46.999Z</time>
      </trkpt>
      <trkpt lat="37.435602" lon="-122.093570">
        <ele>5.774965</ele>
        <time>2022-07-31T23:26:48.999Z</time>
      </trkpt>
      <trkpt lat="37.435597" lon="-122.093691">
        <ele>5.727638</ele>
        <time>2022-07-31T23:26:50.999Z</time>
      </trkpt>
      <trkpt lat="37.435568" lon="-122.093817">
        <ele>5.676396</ele>
        <time>2022-07-31T23:26:52.999Z</time>
      </trkpt>
      <trkpt lat="37.435572" lon="-122.093941">
        <ele>5.627922</ele>
        <time>2022-07-31T23:26:54.999Z</time>
      </trkpt>
      <trkpt lat="37.435575" lon="-122.094072">
        <ele>5.576732</ele>
        <time>2022-07-31T23:26:56.999Z</time>
      </trkpt>
      <trkpt lat="37.435562" lon="-122.094201">
        <ele>5.525940</ele>
        <time>2022-07-31T23:26:58.999Z</time>
      </trkpt>
      <trkpt lat="37.435561" lon="-122.094337">
        <ele>5.472816</ele>
        <time>2022-07-31T23:27:00.999Z</time>
      </trkpt>
      <trkpt lat="37.435550" lon="-122.094464">
        <ele>5.422916</ele>
        <time>2022-07-31T23:27:02.999Z</time>
      </trkpt>
      <trkpt lat="37.435546" lon="-122.094590">
        <ele>5.373661</ele>
        <time>2022-07-31T23:27:04.999Z</time>
      </trkpt>
      <trkpt lat="37.435533" lon="-122.094715">
        <ele>5.268418</ele>
        <time>2022-07-31T23:27:06.999Z</time>
      </trkpt>
      <trkpt lat="37.435518" lon="-122.094840">
        <ele>5.098845</ele>
        <time>2022-07-31T23:27:08.999Z</time>
      </trkpt>
      <trkpt lat="37.435509" lon="-122.094968">
        <ele>4.926479</ele>
        <time>2022-07-31T23:27:10.999Z</time>
      </trkpt>
      <trkpt lat="37.435491" lon="-122.095088">
        <ele>4.762670</ele>
        <time>2022-07-31T23:27:12.999Z</time>
      </trkpt>
      <trkpt lat="37.435470" lon="-122.095206">
        <ele>4.600463</ele>
        <time>2022-07-31T23:27:14.999Z</time>
      </trkpt>
      <trkpt lat="37.435430" lon="-122.095314">
        <ele>4.440613</ele>
        <time>2022-07-31T23:27:16.999Z</time>
      </trkpt>
      <trkpt lat="37.435367" lon="-122.095408">
        <ele>4.275615</ele>
        <time>2022-07-31T23:27:18.999Z</time>
      </trkpt>
      <trkpt lat="37.435256" lon="-122.095456">
        <ele>4.077359</ele>
        <time>2022-07-31T23:27:20.999Z</time>
      </trkpt>
      <trkpt lat="37.435120" lon="-122.095454">
        <ele>3.847601</ele>
        <time>2022-07-31T23:27:22.999Z</time>
      </trkpt>
      <trkpt lat="37.434977" lon="-122.095432">
        <ele>3.604238</ele>
        <time>2022-07-31T23:27:24.999Z</time>
      </trkpt>
      <trkpt lat="37.434839" lon="-122.095392">
        <ele>3.365022</ele>
        <time>2022-07-31T23:27:26.999Z</time>
      </trkpt>
      <trkpt lat="37.434727" lon="-122.095380">
        <ele>3.175139</ele>
        <time>2022-07-31T23:27:28.999Z</time>
      </trkpt>
      <trkpt lat="37.434636" lon="-122.095397">
        <ele>3.019732</ele>
        <time>2022-07-31T23:27:31.999Z</time>
      </trkpt>
      <trkpt lat="37.434524" lon="-122.095443">
        <ele>2.820725</ele>
        <time>2022-07-31T23:27:34.999Z</time>
      </trkpt>
      <trkpt lat="37.434421" lon="-122.095536">
        <ele>2.606630</ele>
        <time>2022-07-31T23:27:37.999Z</time>
      </trkpt>
      <trkpt lat="37.434322" lon="-122.095632">
        <ele>2.395559</ele>
        <time>2022-07-31T23:27:40.999Z</time>
      </trkpt>
      <trkpt lat="37.434214" lon="-122.095737">
        <ele>2.405485</ele>
        <time>2022-07-31T23:27:43.999Z</time>
      </trkpt>
      <trkpt lat="37.434129" lon="-122.095808">
        <ele>2.520975</ele>
        <time>2022-07-31T23:27:45.999Z</time>
      </trkpt>
      <trkpt lat="37.434046" lon="-122.095908">
        <ele>2.651036</ele>
        <time>2022-07-31T23:27:47.999Z</time>
      </trkpt>
      <trkpt lat="37.433957" lon="-122.095988">
        <ele>2.774845</ele>
        <time>2022-07-31T23:27:49.999Z</time>
      </trkpt>
      <trkpt lat="37.433862" lon="-122.096058">
        <ele>2.899471</ele>
        <time>2022-07-31T23:27:51.999Z</time>
      </trkpt>
      <trkpt lat="37.433766" lon="-122.096130">
        <ele>3.025986</ele>
        <time>2022-07-31T23:27:53.999Z</time>
      </trkpt>
      <trkpt lat="37.433664" lon="-122.096176">
        <ele>3.148661</ele>
        <time>2022-07-31T23:27:55.999Z</time>
      </trkpt>
      <trkpt lat="37.433572" lon="-122.096239">
        <ele>3.267235</ele>
        <time>2022-07-31T23:27:57.999Z</time>
      </trkpt>
      <trkpt lat="37.433487" lon="-122.096308">
        <ele>3.381741</ele>
        <time>2022-07-31T23:27:59.999Z</time>
      </trkpt>
      <trkpt lat="37.433435" lon="-122.096404">
        <ele>3.486224</ele>
        <time>2022-07-31T23:28:01.999Z</time>
      </trkpt>
      <trkpt lat="37.433420" lon="-122.096534">
        <ele>3.604335</ele>
        <time>2022-07-31T23:28:04.999Z</time>
      </trkpt>
      <trkpt lat="37.433333" lon="-122.096492">
        <ele>3.709833</ele>
        <time>2022-07-31T23:28:12.999Z</time>
      </trkpt>
      <trkpt lat="37.433240" lon="-122.096509">
        <ele>3.816239</ele>
        <time>2022-07-31T23:28:24.999Z</time>
      </trkpt>
      <trkpt lat="37.433135" lon="-122.096535">
        <ele>3.937405</ele>
        <time>2022-07-31T23:28:29.999Z</time>
      </trkpt>
      <trkpt lat="37.433033" lon="-122.096541">
        <ele>4.053024</ele>
        <time>2022-07-31T23:28:32.999Z</time>
      </trkpt>
      <trkpt lat="37.432938" lon="-122.096551">
        <ele>4.160966</ele>
        <time>2022-07-31T23:28:35.999Z</time>
      </trkpt>
      <trkpt lat="37.432838" lon="-122.096553">
        <ele>4.274208</ele>
        <time>2022-07-31T23:28:38.999Z</time>
      </trkpt>
      <trkpt lat="37.432745" lon="-122.096554">
        <ele>4.336048</ele>
        <time>2022-07-31T23:28:41.999Z</time>
      </trkpt>
      <trkpt lat="37.432639" lon="-122.096572">
        <ele>4.302021</ele>
        <time>2022-07-31T23:28:44.999Z</time>
      </trkpt>
      <trkpt lat="37.432538" lon="-122.096583">
        <ele>4.269769</ele>
        <time>2022-07-31T23:28:47.999Z</time>
      </trkpt>
      <trkpt lat="37.432444" lon="-122.096603">
        <ele>4.239441</ele>
        <time>2022-07-31T23:28:50.999Z</time>
      </trkpt>
      <trkpt lat="37.432334" lon="-122.096604">
        <ele>4.204446</ele>
        <time>2022-07-31T23:28:53.999Z</time>
      </trkpt>
      <trkpt lat="37.432233" lon="-122.096623">
        <ele>4.171958</ele>
        <time>2022-07-31T23:28:56.999Z</time>
      </trkpt>
      <trkpt lat="37.432131" lon="-122.096609">
        <ele>4.139316</ele>
        <time>2022-07-31T23:28:59.999Z</time>
      </trkpt>
      <trkpt lat="37.432030" lon="-122.096619">
        <ele>4.107086</ele>
        <time>2022-07-31T23:29:02.999Z</time>
      </trkpt>
      <trkpt lat="37.431929" lon="-122.096658">
        <ele>4.073478</ele>
        <time>2022-07-31T23:29:05.999Z</time>
      </trkpt>
      <trkpt lat="37.431824" lon="-122.096668">
        <ele>4.039979</ele>
        <time>2022-07-31T23:29:08.999Z</time>
      </trkpt>
      <trkpt lat="37.431711" lon="-122.096666">
        <ele>4.004027</ele>
        <time>2022-07-31T23:29:11.999Z</time>
      </trkpt>
      <trkpt lat="37.431596" lon="-122.096681">
        <ele>3.967246</ele>
        <time>2022-07-31T23:29:14.999Z</time>
      </trkpt>
      <trkpt lat="37.431471" lon="-122.096682">
        <ele>3.927479</ele>
        <time>2022-07-31T23:29:17.999Z</time>
      </trkpt>
      <trkpt lat="37.431345" lon="-122.096700">
        <ele>3.887137</ele>
        <time>2022-07-31T23:29:20.999Z</time>
      </trkpt>
      <trkpt lat="37.431226" lon="-122.096717">
        <ele>3.849036</ele>
        <time>2022-07-31T23:29:23.999Z</time>
      </trkpt>
      <trkpt lat="37.431100" lon="-122.096737">
        <ele>3.808635</ele>
        <time>2022-07-31T23:29:26.999Z</time>
      </trkpt>
      <trkpt lat="37.430973" lon="-122.096764">
        <ele>3.774590</ele>
        <time>2022-07-31T23:29:29.999Z</time>
      </trkpt>
      <trkpt lat="37.430876" lon="-122.096770">
        <ele>3.781148</ele>
        <time>2022-07-31T23:29:31.999Z</time>
      </trkpt>
      <trkpt lat="37.430743" lon="-122.096792">
        <ele>3.790206</ele>
        <time>2022-07-31T23:29:34.999Z</time>
      </trkpt>
      <trkpt lat="37.430622" lon="-122.096799">
        <ele>3.798385</ele>
        <time>2022-07-31T23:29:37.999Z</time>
      </trkpt>
      <trkpt lat="37.430523" lon="-122.096818">
        <ele>3.805148</ele>
        <time>2022-07-31T23:29:39.999Z</time>
      </trkpt>
      <trkpt lat="37.430429" lon="-122.096826">
        <ele>3.811510</ele>
        <time>2022-07-31T23:29:41.999Z</time>
      </trkpt>
      <trkpt lat="37.430300" lon="-122.096838">
        <ele>3.820244</ele>
        <time>2022-07-31T23:29:44.999Z</time>
      </trkpt>
      <trkpt lat="37.430210" lon="-122.096845">
        <ele>3.826333</ele>
        <time>2022-07-31T23:29:46.999Z</time>
      </trkpt>
      <trkpt lat="37.430116" lon="-122.096861">
        <ele>3.832738</ele>
        <time>2022-07-31T23:29:48.999Z</time>
      </trkpt>
      <trkpt lat="37.430020" lon="-122.096878">
        <ele>3.839285</ele>
        <time>2022-07-31T23:29:50.999Z</time>
      </trkpt>
      <trkpt lat="37.429884" lon="-122.096900">
        <ele>3.848544</ele>
        <time>2022-07-31T23:29:53.999Z</time>
      </trkpt>
      <trkpt lat="37.429753" lon="-122.096903">
        <ele>3.857391</ele>
        <time>2022-07-31T23:29:56.999Z</time>
      </trkpt>
      <trkpt lat="37.429659" lon="-122.096916">
        <ele>3.863777</ele>
        <time>2022-07-31T23:29:58.999Z</time>
      </trkpt>
      <trkpt lat="37.429568" lon="-122.096917">
        <ele>3.869922</ele>
        <time>2022-07-31T23:30:00.999Z</time>
      </trkpt>
      <trkpt lat="37.429475" lon="-122.096918">
        <ele>3.876202</ele>
        <time>2022-07-31T23:30:02.999Z</time>
      </trkpt>
      <trkpt lat="37.429374" lon="-122.096941">
        <ele>3.883133</ele>
        <time>2022-07-31T23:30:04.999Z</time>
      </trkpt>
      <trkpt lat="37.429273" lon="-122.096956">
        <ele>3.890001</ele>
        <time>2022-07-31T23:30:06.999Z</time>
      </trkpt>
      <trkpt lat="37.429182" lon="-122.096966">
        <ele>3.899259</ele>
        <time>2022-07-31T23:30:08.999Z</time>
      </trkpt>
      <trkpt lat="37.429087" lon="-122.096988">
        <ele>3.920867</ele>
        <time>2022-07-31T23:30:10.999Z</time>
      </trkpt>
      <trkpt lat="37.428990" lon="-122.097024">
        <ele>3.943489</ele>
        <time>2022-07-31T23:30:12.999Z</time>
      </trkpt>
      <trkpt lat="37.428896" lon="-122.097032">
        <ele>3.964565</ele>
        <time>2022-07-31T23:30:14.999Z</time>
      </trkpt>
      <trkpt lat="37.428799" lon="-122.097028">
        <ele>3.986276</ele>
        <time>2022-07-31T23:30:16.999Z</time>
      </trkpt>
      <trkpt lat="37.428705" lon="-122.097036">
        <ele>4.007352</ele>
        <time>2022-07-31T23:30:18.999Z</time>
      </trkpt>
      <trkpt lat="37.428613" lon="-122.097046">
        <ele>4.028009</ele>
        <time>2022-07-31T23:30:20.999Z</time>
      </trkpt>
      <trkpt lat="37.428519" lon="-122.097051">
        <ele>4.049055</ele>
        <time>2022-07-31T23:30:22.999Z</time>
      </trkpt>
      <trkpt lat="37.428425" lon="-122.097064">
        <ele>4.070210</ele>
        <time>2022-07-31T23:30:24.999Z</time>
      </trkpt>
      <trkpt lat="37.428333" lon="-122.097092">
        <ele>4.091383</ele>
        <time>2022-07-31T23:30:27.000Z</time>
      </trkpt>
      <trkpt lat="37.428199" lon="-122.097115">
        <ele>4.121636</ele>
        <time>2022-07-31T23:30:29.999Z</time>
      </trkpt>
      <trkpt lat="37.428074" lon="-122.097144">
        <ele>4.150069</ele>
        <time>2022-07-31T23:30:32.999Z</time>
      </trkpt>
      <trkpt lat="37.427979" lon="-122.097172">
        <ele>4.171895</ele>
        <time>2022-07-31T23:30:36.999Z</time>
      </trkpt>
      <trkpt lat="37.427891" lon="-122.097212">
        <ele>4.192824</ele>
        <time>2022-07-31T23:30:40.999Z</time>
      </trkpt>
      <trkpt lat="37.427816" lon="-122.097143">
        <ele>4.213603</ele>
        <time>2022-07-31T23:30:44.999Z</time>
      </trkpt>
      <trkpt lat="37.427823" lon="-122.097005">
        <ele>4.238168</ele>
        <time>2022-07-31T23:30:47.999Z</time>
      </trkpt>
      <trkpt lat="37.427833" lon="-122.096863">
        <ele>4.263493</ele>
        <time>2022-07-31T23:30:50.999Z</time>
      </trkpt>
      <trkpt lat="37.427822" lon="-122.096712">
        <ele>4.290430</ele>
        <time>2022-07-31T23:30:53.999Z</time>
      </trkpt>
      <trkpt lat="37.427805" lon="-122.096565">
        <ele>4.284206</ele>
        <time>2022-07-31T23:30:56.999Z</time>
      </trkpt>
      <trkpt lat="37.427791" lon="-122.096429">
        <ele>4.268085</ele>
        <time>2022-07-31T23:30:59.999Z</time>
      </trkpt>
      <trkpt lat="37.427758" lon="-122.096282">
        <ele>4.250129</ele>
        <time>2022-07-31T23:31:02.999Z</time>
      </trkpt>
      <trkpt lat="37.427712" lon="-122.096140">
        <ele>4.232102</ele>
        <time>2022-07-31T23:31:05.999Z</time>
      </trkpt>
      <trkpt lat="37.427673" lon="-122.095998">
        <ele>4.214440</ele>
        <time>2022-07-31T23:31:08.999Z</time>
      </trkpt>
      <trkpt lat="37.427606" lon="-122.095854">
        <ele>4.194822</ele>
        <time>2022-07-31T23:31:11.999Z</time>
      </trkpt>
      <trkpt lat="37.427534" lon="-122.095723">
        <ele>4.176095</ele>
        <time>2022-07-31T23:31:14.999Z</time>
      </trkpt>
      <trkpt lat="37.427483" lon="-122.095624">
        <ele>4.162223</ele>
        <time>2022-07-31T23:31:16.999Z</time>
      </trkpt>
      <trkpt lat="37.427393" lon="-122.095498">
        <ele>4.142302</ele>
        <time>2022-07-31T23:31:19.999Z</time>
      </trkpt>
      <trkpt lat="37.427325" lon="-122.095417">
        <ele>4.128447</ele>
        <time>2022-07-31T23:31:21.999Z</time>
      </trkpt>
      <trkpt lat="37.427219" lon="-122.095309">
        <ele>4.108264</ele>
        <time>2022-07-31T23:31:24.999Z</time>
      </trkpt>
      <trkpt lat="37.427144" lon="-122.095241">
        <ele>4.094584</ele>
        <time>2022-07-31T23:31:26.999Z</time>
      </trkpt>
      <trkpt lat="37.427030" lon="-122.095153">
        <ele>4.074791</ele>
        <time>2022-07-31T23:31:29.999Z</time>
      </trkpt>
      <trkpt lat="37.426936" lon="-122.095096">
        <ele>4.059348</ele>
        <time>2022-07-31T23:31:31.999Z</time>
      </trkpt>
      <trkpt lat="37.426848" lon="-122.095041">
        <ele>4.044806</ele>
        <time>2022-07-31T23:31:33.999Z</time>
      </trkpt>
      <trkpt lat="37.426762" lon="-122.094977">
        <ele>4.029876</ele>
        <time>2022-07-31T23:31:35.999Z</time>
      </trkpt>
      <trkpt lat="37.426666" lon="-122.094916">
        <ele>4.011528</ele>
        <time>2022-07-31T23:31:37.999Z</time>
      </trkpt>
      <trkpt lat="37.426582" lon="-122.094856">
        <ele>3.995049</ele>
        <time>2022-07-31T23:31:39.999Z</time>
      </trkpt>
      <trkpt lat="37.426490" lon="-122.094789">
        <ele>3.976914</ele>
        <time>2022-07-31T23:31:41.999Z</time>
      </trkpt>
      <trkpt lat="37.426399" lon="-122.094713">
        <ele>3.958281</ele>
        <time>2022-07-31T23:31:43.999Z</time>
      </trkpt>
      <trkpt lat="37.426330" lon="-122.094641">
        <ele>3.942990</ele>
        <time>2022-07-31T23:31:45.999Z</time>
      </trkpt>
      <trkpt lat="37.426253" lon="-122.094563">
        <ele>3.926127</ele>
        <time>2022-07-31T23:31:47.999Z</time>
      </trkpt>
      <trkpt lat="37.426168" lon="-122.094478">
        <ele>3.907606</ele>
        <time>2022-07-31T23:31:49.999Z</time>
      </trkpt>
      <trkpt lat="37.426089" lon="-122.094392">
        <ele>3.889787</ele>
        <time>2022-07-31T23:31:51.999Z</time>
      </trkpt>
      <trkpt lat="37.426013" lon="-122.094308">
        <ele>3.872531</ele>
        <time>2022-07-31T23:31:53.999Z</time>
      </trkpt>
      <trkpt lat="37.425930" lon="-122.094218">
        <ele>3.853841</ele>
        <time>2022-07-31T23:31:55.999Z</time>
      </trkpt>
      <trkpt lat="37.425865" lon="-122.094136">
        <ele>3.838141</ele>
        <time>2022-07-31T23:31:57.999Z</time>
      </trkpt>
      <trkpt lat="37.425782" lon="-122.094043">
        <ele>3.819183</ele>
        <time>2022-07-31T23:31:59.999Z</time>
      </trkpt>
      <trkpt lat="37.425708" lon="-122.093938">
        <ele>3.800159</ele>
        <time>2022-07-31T23:32:01.999Z</time>
      </trkpt>
      <trkpt lat="37.425629" lon="-122.093848">
        <ele>3.781981</ele>
        <time>2022-07-31T23:32:03.999Z</time>
      </trkpt>
      <trkpt lat="37.425562" lon="-122.093746">
        <ele>3.764043</ele>
        <time>2022-07-31T23:32:05.999Z</time>
      </trkpt>
      <trkpt lat="37.425500" lon="-122.093641">
        <ele>3.746313</ele>
        <time>2022-07-31T23:32:07.999Z</time>
      </trkpt>
      <trkpt lat="37.425446" lon="-122.093533">
        <ele>3.729018</ele>
        <time>2022-07-31T23:32:09.999Z</time>
      </trkpt>
      <trkpt lat="37.425387" lon="-122.093433">
        <ele>3.708721</ele>
        <time>2022-07-31T23:32:11.999Z</time>
      </trkpt>
      <trkpt lat="37.425323" lon="-122.093330">
        <ele>3.685912</ele>
        <time>2022-07-31T23:32:13.999Z</time>
      </trkpt>
      <trkpt lat="37.425274" lon="-122.093234">
        <ele>3.666009</ele>
        <time>2022-07-31T23:32:15.999Z</time>
      </trkpt>
      <trkpt lat="37.425220" lon="-122.093119">
        <ele>3.642708</ele>
        <time>2022-07-31T23:32:17.999Z</time>
      </trkpt>
      <trkpt lat="37.425171" lon="-122.093007">
        <ele>3.620407</ele>
        <time>2022-07-31T23:32:19.999Z</time>
      </trkpt>
      <trkpt lat="37.425118" lon="-122.092906">
        <ele>3.599293</ele>
        <time>2022-07-31T23:32:21.999Z</time>
      </trkpt>
      <trkpt lat="37.425067" lon="-122.092791">
        <ele>3.576321</ele>
        <time>2022-07-31T23:32:23.999Z</time>
      </trkpt>
      <trkpt lat="37.425017" lon="-122.092671">
        <ele>3.552687</ele>
        <time>2022-07-31T23:32:25.999Z</time>
      </trkpt>
      <trkpt lat="37.424971" lon="-122.092548">
        <ele>3.528975</ele>
        <time>2022-07-31T23:32:27.999Z</time>
      </trkpt>
      <trkpt lat="37.424934" lon="-122.092437">
        <ele>3.507980</ele>
        <time>2022-07-31T23:32:29.999Z</time>
      </trkpt>
      <trkpt lat="37.424897" lon="-122.092323">
        <ele>3.486501</ele>
        <time>2022-07-31T23:32:31.999Z</time>
      </trkpt>
      <trkpt lat="37.424868" lon="-122.092213">
        <ele>3.466287</ele>
        <time>2022-07-31T23:32:33.999Z</time>
      </trkpt>
      <trkpt lat="37.424828" lon="-122.092056">
        <ele>3.437530</ele>
        <time>2022-07-31T23:32:36.999Z</time>
      </trkpt>
      <trkpt lat="37.424797" lon="-122.091938">
        <ele>3.415853</ele>
        <time>2022-07-31T23:32:38.999Z</time>
      </trkpt>
      <trkpt lat="37.424776" lon="-122.091823">
        <ele>3.395273</ele>
        <time>2022-07-31T23:32:40.999Z</time>
      </trkpt>
      <trkpt lat="37.424681" lon="-122.091751">
        <ele>3.370922</ele>
        <time>2022-07-31T23:32:44.999Z</time>
      </trkpt>
      <trkpt lat="37.424590" lon="-122.091830">
        <ele>3.346648</ele>
        <time>2022-07-31T23:32:47.999Z</time>
      </trkpt>
      <trkpt lat="37.424478" lon="-122.091895">
        <ele>3.334776</ele>
        <time>2022-07-31T23:32:50.999Z</time>
      </trkpt>
      <trkpt lat="37.424422" lon="-122.091994">
        <ele>3.347641</ele>
        <time>2022-07-31T23:32:52.999Z</time>
      </trkpt>
      <trkpt lat="37.424446" lon="-122.092115">
        <ele>3.360842</ele>
        <time>2022-07-31T23:32:54.999Z</time>
      </trkpt>
      <trkpt lat="37.424499" lon="-122.092212">
        <ele>3.373304</ele>
        <time>2022-07-31T23:32:56.999Z</time>
      </trkpt>
      <trkpt lat="37.424534" lon="-122.092317">
        <ele>3.385357</ele>
        <time>2022-07-31T23:32:58.999Z</time>
      </trkpt>
      <trkpt lat="37.424595" lon="-122.092464">
        <ele>3.402912</ele>
        <time>2022-07-31T23:33:01.999Z</time>
      </trkpt>
      <trkpt lat="37.424640" lon="-122.092570">
        <ele>3.415635</ele>
        <time>2022-07-31T23:33:03.999Z</time>
      </trkpt>
      <trkpt lat="37.424671" lon="-122.092676">
        <ele>3.427591</ele>
        <time>2022-07-31T23:33:05.999Z</time>
      </trkpt>
      <trkpt lat="37.424650" lon="-122.092833">
        <ele>3.444443</ele>
        <time>2022-07-31T23:33:08.999Z</time>
      </trkpt>
      <trkpt lat="37.424565" lon="-122.092924">
        <ele>3.459313</ele>
        <time>2022-07-31T23:33:10.999Z</time>
      </trkpt>
      <trkpt lat="37.424438" lon="-122.092987">
        <ele>3.477505</ele>
        <time>2022-07-31T23:33:13.999Z</time>
      </trkpt>
      <trkpt lat="37.424342" lon="-122.092970">
        <ele>3.490426</ele>
        <time>2022-07-31T23:33:15.999Z</time>
      </trkpt>
      <trkpt lat="37.424251" lon="-122.092968">
        <ele>3.502557</ele>
        <time>2022-07-31T23:33:17.999Z</time>
      </trkpt>
      <trkpt lat="37.424159" lon="-122.092965">
        <ele>3.514823</ele>
        <time>2022-07-31T23:33:19.999Z</time>
      </trkpt>
      <trkpt lat="37.424057" lon="-122.092929">
        <ele>3.528941</ele>
        <time>2022-07-31T23:33:22.999Z</time>
      </trkpt>
      <trkpt lat="37.424190" lon="-122.092756">
        <ele>3.554427</ele>
        <time>2022-07-31T23:48:00.000Z</time>
      </trkpt>
      <trkpt lat="37.424279" lon="-122.092779">
        <ele>3.566536</ele>
        <time>2022-07-31T23:48:09.000Z</time>
      </trkpt>
      <trkpt lat="37.424358" lon="-122.092842">
        <ele>3.559210</ele>
        <time>2022-07-31T23:48:17.000Z</time>
      </trkpt>
      <trkpt lat="37.424466" lon="-122.092842">
        <ele>3.545796</ele>
        <time>2022-07-31T23:48:23.000Z</time>
      </trkpt>
      <trkpt lat="37.424537" lon="-122.092919">
        <ele>3.534158</ele>
        <time>2022-07-31T23:48:26.999Z</time>
      </trkpt>
      <trkpt lat="37.424625" lon="-122.092868">
        <ele>3.522126</ele>
        <time>2022-07-31T23:48:29.999Z</time>
      </trkpt>
      <trkpt lat="37.424625" lon="-122.092743">
        <ele>3.509797</ele>
        <time>2022-07-31T23:48:32.999Z</time>
      </trkpt>
      <trkpt lat="37.424581" lon="-122.092611">
        <ele>3.495677</ele>
        <time>2022-07-31T23:48:35.999Z</time>
      </trkpt>
      <trkpt lat="37.424555" lon="-122.092469">
        <ele>3.481304</ele>
        <time>2022-07-31T23:48:38.999Z</time>
      </trkpt>
      <trkpt lat="37.424501" lon="-122.092363">
        <ele>3.468882</ele>
        <time>2022-07-31T23:48:41.999Z</time>
      </trkpt>
      <trkpt lat="37.424466" lon="-122.092247">
        <ele>3.456643</ele>
        <time>2022-07-31T23:48:44.999Z</time>
      </trkpt>
      <trkpt lat="37.424432" lon="-122.092133">
        <ele>3.444632</ele>
        <time>2022-07-31T23:48:47.999Z</time>
      </trkpt>
      <trkpt lat="37.424432" lon="-122.091982">
        <ele>3.429738</ele>
        <time>2022-07-31T23:48:50.999Z</time>
      </trkpt>
      <trkpt lat="37.424483" lon="-122.091852">
        <ele>3.415436</ele>
        <time>2022-07-31T23:48:53.999Z</time>
      </trkpt>
      <trkpt lat="37.424533" lon="-122.091753">
        <ele>3.403864</ele>
        <time>2022-07-31T23:48:56.999Z</time>
      </trkpt>
      <trkpt lat="37.424630" lon="-122.091683">
        <ele>3.389978</ele>
        <time>2022-07-31T23:49:00.999Z</time>
      </trkpt>
      <trkpt lat="37.424718" lon="-122.091621">
        <ele>3.377454</ele>
        <time>2022-07-31T23:49:04.999Z</time>
      </trkpt>
      <trkpt lat="37.424691" lon="-122.091488">
        <ele>3.363914</ele>
        <time>2022-07-31T23:49:07.999Z</time>
      </trkpt>
      <trkpt lat="37.424646" lon="-122.091358">
        <ele>3.349927</ele>
        <time>2022-07-31T23:49:10.999Z</time>
      </trkpt>
      <trkpt lat="37.424596" lon="-122.091227">
        <ele>3.354202</ele>
        <time>2022-07-31T23:49:13.999Z</time>
      </trkpt>
      <trkpt lat="37.424534" lon="-122.091082">
        <ele>3.368890</ele>
        <time>2022-07-31T23:49:16.999Z</time>
      </trkpt>
      <trkpt lat="37.424482" lon="-122.090945">
        <ele>3.382433</ele>
        <time>2022-07-31T23:49:19.999Z</time>
      </trkpt>
      <trkpt lat="37.424409" lon="-122.090825">
        <ele>3.395916</ele>
        <time>2022-07-31T23:49:22.999Z</time>
      </trkpt>
      <trkpt lat="37.424337" lon="-122.090713">
        <ele>3.408768</ele>
        <time>2022-07-31T23:49:25.999Z</time>
      </trkpt>
      <trkpt lat="37.424250" lon="-122.090596">
        <ele>3.423064</ele>
        <time>2022-07-31T23:49:28.999Z</time>
      </trkpt>
      <trkpt lat="37.424176" lon="-122.090529">
        <ele>3.433301</ele>
        <time>2022-07-31T23:49:30.999Z</time>
      </trkpt>
      <trkpt lat="37.424078" lon="-122.090423">
        <ele>3.447811</ele>
        <time>2022-07-31T23:49:33.999Z</time>
      </trkpt>
      <trkpt lat="37.423998" lon="-122.090364">
        <ele>3.458223</ele>
        <time>2022-07-31T23:49:35.999Z</time>
      </trkpt>
      <trkpt lat="37.423893" lon="-122.090325">
        <ele>3.470518</ele>
        <time>2022-07-31T23:49:38.999Z</time>
      </trkpt>
      <trkpt lat="37.423788" lon="-122.090310">
        <ele>3.482387</ele>
        <time>2022-07-31T23:49:57.999Z</time>
      </trkpt>
      <trkpt lat="37.423706" lon="-122.090256">
        <ele>3.492780</ele>
        <time>2022-07-31T23:50:01.999Z</time>
      </trkpt>
      <trkpt lat="37.423610" lon="-122.090216">
        <ele>3.504137</ele>
        <time>2022-07-31T23:50:05.999Z</time>
      </trkpt>
      <trkpt lat="37.423594" lon="-122.090095">
        <ele>3.515078</ele>
        <time>2022-07-31T23:50:28.999Z</time>
      </trkpt>
      <trkpt lat="37.423630" lon="-122.089975">
        <ele>3.526519</ele>
        <time>2022-07-31T23:50:33.999Z</time>
      </trkpt>
      <trkpt lat="37.423679" lon="-122.089854">
        <ele>3.538634</ele>
        <time>2022-07-31T23:50:37.999Z</time>
      </trkpt>
      <trkpt lat="37.423763" lon="-122.089760">
        <ele>3.572285</ele>
        <time>2022-07-31T23:50:40.999Z</time>
      </trkpt>
      <trkpt lat="37.423786" lon="-122.089601">
        <ele>3.664788</ele>
        <time>2022-07-31T23:50:43.999Z</time>
      </trkpt>
      <trkpt lat="37.423807" lon="-122.089489">
        <ele>3.730655</ele>
        <time>2022-07-31T23:50:45.999Z</time>
      </trkpt>
      <trkpt lat="37.423812" lon="-122.089373">
        <ele>3.797147</ele>
        <time>2022-07-31T23:50:47.999Z</time>
      </trkpt>
      <trkpt lat="37.423813" lon="-122.089209">
        <ele>3.891017</ele>
        <time>2022-07-31T23:50:50.999Z</time>
      </trkpt>
      <trkpt lat="37.423793" lon="-122.089049">
        <ele>3.983722</ele>
        <time>2022-07-31T23:50:53.999Z</time>
      </trkpt>
      <trkpt lat="37.423765" lon="-122.088896">
        <ele>4.073588</ele>
        <time>2022-07-31T23:50:56.999Z</time>
      </trkpt>
      <trkpt lat="37.423736" lon="-122.088749">
        <ele>4.160283</ele>
        <time>2022-07-31T23:50:59.999Z</time>
      </trkpt>
      <trkpt lat="37.423710" lon="-122.088588">
        <ele>4.254319</ele>
        <time>2022-07-31T23:51:02.999Z</time>
      </trkpt>
      <trkpt lat="37.423677" lon="-122.088425">
        <ele>4.350598</ele>
        <time>2022-07-31T23:51:05.999Z</time>
      </trkpt>
      <trkpt lat="37.423651" lon="-122.088260">
        <ele>4.446878</ele>
        <time>2022-07-31T23:51:08.999Z</time>
      </trkpt>
      <trkpt lat="37.423618" lon="-122.088105">
        <ele>4.538727</ele>
        <time>2022-07-31T23:51:11.999Z</time>
      </trkpt>
      <trkpt lat="37.423593" lon="-122.087948">
        <ele>4.630377</ele>
        <time>2022-07-31T23:51:14.999Z</time>
      </trkpt>
      <trkpt lat="37.423563" lon="-122.087812">
        <ele>4.711165</ele>
        <time>2022-07-31T23:51:17.999Z</time>
      </trkpt>
      <trkpt lat="37.423520" lon="-122.087694">
        <ele>4.785475</ele>
        <time>2022-07-31T23:51:20.999Z</time>
      </trkpt>
      <trkpt lat="37.423514" lon="-122.087573">
        <ele>4.859155</ele>
        <time>2022-07-31T23:51:24.999Z</time>
      </trkpt>
      <trkpt lat="37.423663" lon="-122.087538">
        <ele>5.010259</ele>
        <time>2022-07-31T23:52:08.999Z</time>
      </trkpt>
      <trkpt lat="37.423758" lon="-122.087477">
        <ele>5.116570</ele>
        <time>2022-07-31T23:52:12.999Z</time>
      </trkpt>
      <trkpt lat="37.423750" lon="-122.087353">
        <ele>5.215067</ele>
        <time>2022-07-31T23:52:16.999Z</time>
      </trkpt>
      <trkpt lat="37.423727" lon="-122.087242">
        <ele>5.305891</ele>
        <time>2022-07-31T23:52:19.999Z</time>
      </trkpt>
      <trkpt lat="37.423700" lon="-122.087114">
        <ele>5.410745</ele>
        <time>2022-07-31T23:52:23.999Z</time>
      </trkpt>
      <trkpt lat="37.423669" lon="-122.086998">
        <ele>5.507645</ele>
        <time>2022-07-31T23:52:27.999Z</time>
      </trkpt>
      <trkpt lat="37.423627" lon="-122.086893">
        <ele>5.600726</ele>
        <time>2022-07-31T23:52:31.999Z</time>
      </trkpt>
      <trkpt lat="37.423571" lon="-122.086769">
        <ele>5.713663</ele>
        <time>2022-07-31T23:52:35.999Z</time>
      </trkpt>
      <trkpt lat="37.423549" lon="-122.086627">
        <ele>5.828207</ele>
        <time>2022-07-31T23:52:39.999Z</time>
      </trkpt>
      <trkpt lat="37.423533" lon="-122.086511">
        <ele>5.921422</ele>
        <time>2022-07-31T23:52:42.999Z</time>
      </trkpt>
      <trkpt lat="37.423510" lon="-122.086391">
        <ele>6.019157</ele>
        <time>2022-07-31T23:52:45.999Z</time>
      </trkpt>
      <trkpt lat="37.423487" lon="-122.086255">
        <ele>6.129246</ele>
        <time>2022-07-31T23:52:49.999Z</time>
      </trkpt>
      <trkpt lat="37.423576" lon="-122.086201">
        <ele>6.227736</ele>
        <time>2022-07-31T23:53:05.999Z</time>
      </trkpt>
      <trkpt lat="37.423664" lon="-122.086164">
        <ele>6.320227</ele>
        <time>2022-07-31T23:53:08.999Z</time>
      </trkpt>
      <trkpt lat="37.423780" lon="-122.086139">
        <ele>6.437552</ele>
        <time>2022-07-31T23:53:11.999Z</time>
      </trkpt>
      <trkpt lat="37.423799" lon="-122.086024">
        <ele>6.530550</ele>
        <time>2022-07-31T23:53:13.999Z</time>
      </trkpt>
      <trkpt lat="37.423811" lon="-122.085897">
        <ele>6.631807</ele>
        <time>2022-07-31T23:53:16.999Z</time>
      </trkpt>
      <trkpt lat="37.423846" lon="-122.085784">
        <ele>6.530888</ele>
        <time>2022-07-31T23:53:19.999Z</time>
      </trkpt>
      <trkpt lat="37.423884" lon="-122.085642">
        <ele>6.392891</ele>
        <time>2022-07-31T23:53:22.999Z</time>
      </trkpt>
      <trkpt lat="37.423961" lon="-122.085545">
        <ele>6.266586</ele>
        <time>2022-07-31T23:53:25.999Z</time>
      </trkpt>
      <trkpt lat="37.424067" lon="-122.085545">
        <ele>6.143666</ele>
        <time>2022-07-31T23:53:28.999Z</time>
      </trkpt>
      <trkpt lat="37.424152" lon="-122.085594">
        <ele>6.035259</ele>
        <time>2022-07-31T23:53:31.999Z</time>
      </trkpt>
      <trkpt lat="37.424255" lon="-122.085660">
        <ele>5.901242</ele>
        <time>2022-07-31T23:53:34.999Z</time>
      </trkpt>
      <trkpt lat="37.424368" lon="-122.085738">
        <ele>5.751807</ele>
        <time>2022-07-31T23:53:37.999Z</time>
      </trkpt>
      <trkpt lat="37.424448" lon="-122.085790">
        <ele>5.647406</ele>
        <time>2022-07-31T23:53:39.999Z</time>
      </trkpt>
      <trkpt lat="37.424558" lon="-122.085871">
        <ele>5.499637</ele>
        <time>2022-07-31T23:53:42.999Z</time>
      </trkpt>
      <trkpt lat="37.424671" lon="-122.085939">
        <ele>5.354404</ele>
        <time>2022-07-31T23:53:45.999Z</time>
      </trkpt>
      <trkpt lat="37.424793" lon="-122.085998">
        <ele>5.202855</ele>
        <time>2022-07-31T23:53:48.999Z</time>
      </trkpt>
      <trkpt lat="37.424912" lon="-122.086069">
        <ele>5.050152</ele>
        <time>2022-07-31T23:53:51.999Z</time>
      </trkpt>
      <trkpt lat="37.425029" lon="-122.086153">
        <ele>4.893972</ele>
        <time>2022-07-31T23:53:54.999Z</time>
      </trkpt>
      <trkpt lat="37.425110" lon="-122.086220">
        <ele>4.781590</ele>
        <time>2022-07-31T23:53:56.999Z</time>
      </trkpt>
      <trkpt lat="37.425197" lon="-122.086273">
        <ele>4.669516</ele>
        <time>2022-07-31T23:53:58.999Z</time>
      </trkpt>
      <trkpt lat="37.425313" lon="-122.086346">
        <ele>4.560865</ele>
        <time>2022-07-31T23:54:01.999Z</time>
      </trkpt>
      <trkpt lat="37.425438" lon="-122.086381">
        <ele>4.606620</ele>
        <time>2022-07-31T23:54:04.999Z</time>
      </trkpt>
      <trkpt lat="37.425572" lon="-122.086376">
        <ele>4.654521</ele>
        <time>2022-07-31T23:54:07.999Z</time>
      </trkpt>
      <trkpt lat="37.425697" lon="-122.086386">
        <ele>4.699275</ele>
        <time>2022-07-31T23:54:10.999Z</time>
      </trkpt>
      <trkpt lat="37.425820" lon="-122.086395">
        <ele>4.743299</ele>
        <time>2022-07-31T23:54:13.999Z</time>
      </trkpt>
      <trkpt lat="37.425936" lon="-122.086418">
        <ele>4.785258</ele>
        <time>2022-07-31T23:54:16.999Z</time>
      </trkpt>
      <trkpt lat="37.426046" lon="-122.086429">
        <ele>4.824686</ele>
        <time>2022-07-31T23:54:19.999Z</time>
      </trkpt>
      <trkpt lat="37.426145" lon="-122.086438">
        <ele>4.860152</ele>
        <time>2022-07-31T23:54:22.999Z</time>
      </trkpt>
      <trkpt lat="37.426263" lon="-122.086448">
        <ele>4.902410</ele>
        <time>2022-07-31T23:54:25.999Z</time>
      </trkpt>
      <trkpt lat="37.426366" lon="-122.086459">
        <ele>4.939346</ele>
        <time>2022-07-31T23:54:28.999Z</time>
      </trkpt>
      <trkpt lat="37.426489" lon="-122.086458">
        <ele>4.983296</ele>
        <time>2022-07-31T23:54:31.999Z</time>
      </trkpt>
      <trkpt lat="37.426614" lon="-122.086478">
        <ele>5.028320</ele>
        <time>2022-07-31T23:54:34.999Z</time>
      </trkpt>
      <trkpt lat="37.426739" lon="-122.086477">
        <ele>5.072985</ele>
        <time>2022-07-31T23:54:37.999Z</time>
      </trkpt>
      <trkpt lat="37.426856" lon="-122.086436">
        <ele>5.116379</ele>
        <time>2022-07-31T23:54:40.999Z</time>
      </trkpt>
      <trkpt lat="37.426960" lon="-122.086386">
        <ele>5.156156</ele>
        <time>2022-07-31T23:54:43.999Z</time>
      </trkpt>
      <trkpt lat="37.427066" lon="-122.086358">
        <ele>5.191778</ele>
        <time>2022-07-31T23:54:46.999Z</time>
      </trkpt>
      <trkpt lat="37.427167" lon="-122.086350">
        <ele>5.130379</ele>
        <time>2022-07-31T23:54:49.999Z</time>
      </trkpt>
      <trkpt lat="37.427265" lon="-122.086348">
        <ele>5.070914</ele>
        <time>2022-07-31T23:54:52.999Z</time>
      </trkpt>
      <trkpt lat="37.427366" lon="-122.086291">
        <ele>5.003763</ele>
        <time>2022-07-31T23:54:55.999Z</time>
      </trkpt>
      <trkpt lat="37.427490" lon="-122.086265">
        <ele>4.927496</ele>
        <time>2022-07-31T23:54:58.999Z</time>
      </trkpt>
      <trkpt lat="37.427610" lon="-122.086237">
        <ele>4.853451</ele>
        <time>2022-07-31T23:55:01.999Z</time>
      </trkpt>
      <trkpt lat="37.427702" lon="-122.086234">
        <ele>4.797615</ele>
        <time>2022-07-31T23:55:03.999Z</time>
      </trkpt>
      <trkpt lat="37.427804" lon="-122.086257">
        <ele>4.734746</ele>
        <time>2022-07-31T23:55:05.999Z</time>
      </trkpt>
      <trkpt lat="37.427899" lon="-122.086279">
        <ele>4.676142</ele>
        <time>2022-07-31T23:55:07.999Z</time>
      </trkpt>
      <trkpt lat="37.428036" lon="-122.086311">
        <ele>4.591605</ele>
        <time>2022-07-31T23:55:10.999Z</time>
      </trkpt>
      <trkpt lat="37.428131" lon="-122.086328">
        <ele>4.533388</ele>
        <time>2022-07-31T23:55:12.999Z</time>
      </trkpt>
      <trkpt lat="37.428227" lon="-122.086355">
        <ele>4.473709</ele>
        <time>2022-07-31T23:55:14.999Z</time>
      </trkpt>
      <trkpt lat="37.428349" lon="-122.086337">
        <ele>4.399184</ele>
        <time>2022-07-31T23:55:17.999Z</time>
      </trkpt>
      <trkpt lat="37.428465" lon="-122.086298">
        <ele>4.326340</ele>
        <time>2022-07-31T23:55:21.999Z</time>
      </trkpt>
      <trkpt lat="37.428573" lon="-122.086285">
        <ele>4.260517</ele>
        <time>2022-07-31T23:55:24.999Z</time>
      </trkpt>
      <trkpt lat="37.428685" lon="-122.086300">
        <ele>4.192182</ele>
        <time>2022-07-31T23:55:27.999Z</time>
      </trkpt>
      <trkpt lat="37.428775" lon="-122.086337">
        <ele>4.134742</ele>
        <time>2022-07-31T23:55:30.999Z</time>
      </trkpt>
      <trkpt lat="37.428869" lon="-122.086359">
        <ele>4.089870</ele>
        <time>2022-07-31T23:55:33.999Z</time>
      </trkpt>
      <trkpt lat="37.428962" lon="-122.086365">
        <ele>4.062222</ele>
        <time>2022-07-31T23:55:36.999Z</time>
      </trkpt>
      <trkpt lat="37.429048" lon="-122.086418">
        <ele>4.033794</ele>
        <time>2022-07-31T23:55:39.999Z</time>
      </trkpt>
      <trkpt lat="37.429160" lon="-122.086465">
        <ele>3.998743</ele>
        <time>2022-07-31T23:55:42.999Z</time>
      </trkpt>
      <trkpt lat="37.429267" lon="-122.086449">
        <ele>3.966751</ele>
        <time>2022-07-31T23:55:45.999Z</time>
      </trkpt>
      <trkpt lat="37.429384" lon="-122.086436">
        <ele>3.931878</ele>
        <time>2022-07-31T23:55:48.999Z</time>
      </trkpt>
      <trkpt lat="37.429493" lon="-122.086440">
        <ele>3.899502</ele>
        <time>2022-07-31T23:55:51.999Z</time>
      </trkpt>
      <trkpt lat="37.429606" lon="-122.086436">
        <ele>3.865939</ele>
        <time>2022-07-31T23:55:54.999Z</time>
      </trkpt>
      <trkpt lat="37.429739" lon="-122.086444">
        <ele>3.826405</ele>
        <time>2022-07-31T23:55:57.999Z</time>
      </trkpt>
      <trkpt lat="37.429873" lon="-122.086402">
        <ele>3.785406</ele>
        <time>2022-07-31T23:56:00.999Z</time>
      </trkpt>
      <trkpt lat="37.429963" lon="-122.086402">
        <ele>3.758685</ele>
        <time>2022-07-31T23:56:02.999Z</time>
      </trkpt>
      <trkpt lat="37.430086" lon="-122.086415">
        <ele>3.722037</ele>
        <time>2022-07-31T23:56:05.999Z</time>
      </trkpt>
      <trkpt lat="37.430213" lon="-122.086426">
        <ele>3.684241</ele>
        <time>2022-07-31T23:56:08.999Z</time>
      </trkpt>
      <trkpt lat="37.430313" lon="-122.086447">
        <ele>3.654141</ele>
        <time>2022-07-31T23:56:11.999Z</time>
      </trkpt>
      <trkpt lat="37.430403" lon="-122.086445">
        <ele>3.627415</ele>
        <time>2022-07-31T23:56:17.999Z</time>
      </trkpt>
      <trkpt lat="37.430513" lon="-122.086426">
        <ele>3.594450</ele>
        <time>2022-07-31T23:56:21.999Z</time>
      </trkpt>
      <trkpt lat="37.430635" lon="-122.086413">
        <ele>3.590374</ele>
        <time>2022-07-31T23:56:25.999Z</time>
      </trkpt>
      <trkpt lat="37.430732" lon="-122.086389">
        <ele>3.652683</ele>
        <time>2022-07-31T23:56:28.999Z</time>
      </trkpt>
      <trkpt lat="37.430800" lon="-122.086276">
        <ele>3.723647</ele>
        <time>2022-07-31T23:56:32.999Z</time>
      </trkpt>
      <trkpt lat="37.430799" lon="-122.086135">
        <ele>3.794222</ele>
        <time>2022-07-31T23:56:35.999Z</time>
      </trkpt>
      <trkpt lat="37.430801" lon="-122.086017">
        <ele>3.853297</ele>
        <time>2022-07-31T23:56:38.999Z</time>
      </trkpt>
      <trkpt lat="37.430811" lon="-122.085885">
        <ele>3.919665</ele>
        <time>2022-07-31T23:56:41.999Z</time>
      </trkpt>
      <trkpt lat="37.430815" lon="-122.085757">
        <ele>3.983781</ele>
        <time>2022-07-31T23:56:44.999Z</time>
      </trkpt>
      <trkpt lat="37.430836" lon="-122.085647">
        <ele>4.040406</ele>
        <time>2022-07-31T23:56:47.999Z</time>
      </trkpt>
      <trkpt lat="37.430933" lon="-122.085573">
        <ele>4.111890</ele>
        <time>2022-07-31T23:56:51.999Z</time>
      </trkpt>
      <trkpt lat="37.431048" lon="-122.085582">
        <ele>4.184514</ele>
        <time>2022-07-31T23:56:55.999Z</time>
      </trkpt>
      <trkpt lat="37.431139" lon="-122.085586">
        <ele>4.241907</ele>
        <time>2022-07-31T23:56:57.999Z</time>
      </trkpt>
      <trkpt lat="37.431230" lon="-122.085580">
        <ele>4.299343</ele>
        <time>2022-07-31T23:57:00.999Z</time>
      </trkpt>
      <trkpt lat="37.431352" lon="-122.085581">
        <ele>4.376242</ele>
        <time>2022-07-31T23:57:05.999Z</time>
      </trkpt>
      <trkpt lat="37.431465" lon="-122.085558">
        <ele>4.448391</ele>
        <time>2022-07-31T23:57:09.999Z</time>
      </trkpt>
      <trkpt lat="37.431556" lon="-122.085530">
        <ele>4.507435</ele>
        <time>2022-07-31T23:57:13.999Z</time>
      </trkpt>
      <trkpt lat="37.431652" lon="-122.085503">
        <ele>4.569435</ele>
        <time>2022-07-31T23:57:20.999Z</time>
      </trkpt>
      <trkpt lat="37.431727" lon="-122.085390">
        <ele>4.643148</ele>
        <time>2022-07-31T23:57:26.999Z</time>
      </trkpt>
      <trkpt lat="37.431821" lon="-122.085386">
        <ele>4.701949</ele>
        <time>2022-07-31T23:57:29.999Z</time>
      </trkpt>
      <trkpt lat="37.431911" lon="-122.085470">
        <ele>4.661170</ele>
        <time>2022-07-31T23:57:33.999Z</time>
      </trkpt>
      <trkpt lat="37.432003" lon="-122.085490">
        <ele>4.627185</ele>
        <time>2022-07-31T23:57:37.999Z</time>
      </trkpt>
      <trkpt lat="37.432047" lon="-122.085363">
        <ele>4.587132</ele>
        <time>2022-07-31T23:57:42.999Z</time>
      </trkpt>
      <trkpt lat="37.432060" lon="-122.085208">
        <ele>4.542078</ele>
        <time>2022-07-31T23:57:46.999Z</time>
      </trkpt>
      <trkpt lat="37.432085" lon="-122.085066">
        <ele>4.500034</ele>
        <time>2022-07-31T23:57:49.999Z</time>
      </trkpt>
      <trkpt lat="37.432125" lon="-122.084922">
        <ele>4.455936</ele>
        <time>2022-07-31T23:57:52.999Z</time>
      </trkpt>
      <trkpt lat="37.432199" lon="-122.084798">
        <ele>4.411098</ele>
        <time>2022-07-31T23:57:55.999Z</time>
      </trkpt>
      <trkpt lat="37.432285" lon="-122.084683">
        <ele>4.365435</ele>
        <time>2022-07-31T23:57:58.999Z</time>
      </trkpt>
      <trkpt lat="37.432349" lon="-122.084588">
        <ele>4.329423</ele>
        <time>2022-07-31T23:58:00.999Z</time>
      </trkpt>
      <trkpt lat="37.432415" lon="-122.084473">
        <ele>4.288408</ele>
        <time>2022-07-31T23:58:02.999Z</time>
      </trkpt>
      <trkpt lat="37.432467" lon="-122.084357">
        <ele>4.249903</ele>
        <time>2022-07-31T23:58:04.999Z</time>
      </trkpt>
      <trkpt lat="37.432521" lon="-122.084240">
        <ele>4.210785</ele>
        <time>2022-07-31T23:58:06.999Z</time>
      </trkpt>
      <trkpt lat="37.432569" lon="-122.084104">
        <ele>4.167765</ele>
        <time>2022-07-31T23:58:08.999Z</time>
      </trkpt>
      <trkpt lat="37.432605" lon="-122.083974">
        <ele>4.127967</ele>
        <time>2022-07-31T23:58:10.999Z</time>
      </trkpt>
      <trkpt lat="37.432650" lon="-122.083852">
        <ele>4.089083</ele>
        <time>2022-07-31T23:58:12.999Z</time>
      </trkpt>
      <trkpt lat="37.432698" lon="-122.083730">
        <ele>4.049726</ele>
        <time>2022-07-31T23:58:14.999Z</time>
      </trkpt>
      <trkpt lat="37.432778" lon="-122.083656">
        <ele>4.045271</ele>
        <time>2022-07-31T23:58:16.999Z</time>
      </trkpt>
      <trkpt lat="37.432854" lon="-122.083583">
        <ele>4.043103</ele>
        <time>2022-07-31T23:58:18.999Z</time>
      </trkpt>
      <trkpt lat="37.432914" lon="-122.083488">
        <ele>4.040917</ele>
        <time>2022-07-31T23:58:20.999Z</time>
      </trkpt>
      <trkpt lat="37.432973" lon="-122.083389">
        <ele>4.038688</ele>
        <time>2022-07-31T23:58:22.999Z</time>
      </trkpt>
      <trkpt lat="37.433032" lon="-122.083291">
        <ele>4.036472</ele>
        <time>2022-07-31T23:58:24.999Z</time>
      </trkpt>
      <trkpt lat="37.433080" lon="-122.083186">
        <ele>4.034290</ele>
        <time>2022-07-31T23:58:26.999Z</time>
      </trkpt>
      <trkpt lat="37.433147" lon="-122.083102">
        <ele>4.032146</ele>
        <time>2022-07-31T23:58:28.999Z</time>
      </trkpt>
      <trkpt lat="37.433222" lon="-122.083025">
        <ele>4.029951</ele>
        <time>2022-07-31T23:58:30.999Z</time>
      </trkpt>
      <trkpt lat="37.433296" lon="-122.082952">
        <ele>4.027819</ele>
        <time>2022-07-31T23:58:32.999Z</time>
      </trkpt>
      <trkpt lat="37.433401" lon="-122.082849">
        <ele>4.024800</ele>
        <time>2022-07-31T23:58:35.999Z</time>
      </trkpt>
      <trkpt lat="37.433497" lon="-122.082732">
        <ele>4.021770</ele>
        <time>2022-07-31T23:58:38.999Z</time>
      </trkpt>
      <trkpt lat="37.433564" lon="-122.082655">
        <ele>4.019712</ele>
        <time>2022-07-31T23:58:40.999Z</time>
      </trkpt>
      <trkpt lat="37.433656" lon="-122.082540">
        <ele>4.016772</ele>
        <time>2022-07-31T23:58:43.999Z</time>
      </trkpt>
      <trkpt lat="37.433743" lon="-122.082422">
        <ele>4.013872</ele>
        <time>2022-07-31T23:58:46.999Z</time>
      </trkpt>
      <trkpt lat="37.433823" lon="-122.082299">
        <ele>4.011008</ele>
        <time>2022-07-31T23:58:49.999Z</time>
      </trkpt>
      <trkpt lat="37.433910" lon="-122.082177">
        <ele>4.008055</ele>
        <time>2022-07-31T23:58:52.999Z</time>
      </trkpt>
      <trkpt lat="37.433990" lon="-122.082052">
        <ele>4.084594</ele>
        <time>2022-07-31T23:58:55.999Z</time>
      </trkpt>
      <trkpt lat="37.434066" lon="-122.081938">
        <ele>4.232335</ele>
        <time>2022-07-31T23:58:58.999Z</time>
      </trkpt>
      <trkpt lat="37.434134" lon="-122.081810">
        <ele>4.385192</ele>
        <time>2022-07-31T23:59:01.999Z</time>
      </trkpt>
      <trkpt lat="37.434186" lon="-122.081715">
        <ele>4.499716</ele>
        <time>2022-07-31T23:59:04.999Z</time>
      </trkpt>
      <trkpt lat="37.434282" lon="-122.081656">
        <ele>4.633239</ele>
        <time>2022-07-31T23:59:08.999Z</time>
      </trkpt>
      <trkpt lat="37.434394" lon="-122.081654">
        <ele>4.773250</ele>
        <time>2022-07-31T23:59:12.999Z</time>
      </trkpt>
      <trkpt lat="37.434489" lon="-122.081665">
        <ele>4.892498</ele>
        <time>2022-07-31T23:59:27.999Z</time>
      </trkpt>
      <trkpt lat="37.434592" lon="-122.081668">
        <ele>5.021279</ele>
        <time>2022-07-31T23:59:32.999Z</time>
      </trkpt>
      <trkpt lat="37.434688" lon="-122.081679">
        <ele>5.141772</ele>
        <time>2022-07-31T23:59:36.999Z</time>
      </trkpt>
      <trkpt lat="37.434794" lon="-122.081678">
        <ele>5.274272</ele>
        <time>2022-07-31T23:59:40.999Z</time>
      </trkpt>
      <trkpt lat="37.434895" lon="-122.081634">
        <ele>5.407859</ele>
        <time>2022-07-31T23:59:44.999Z</time>
      </trkpt>
      <trkpt lat="37.434936" lon="-122.081526">
        <ele>5.526674</ele>
        <time>2022-07-31T23:59:47.999Z</time>
      </trkpt>
      <trkpt lat="37.434954" lon="-122.081410">
        <ele>5.643985</ele>
        <time>2022-07-31T23:59:50.999Z</time>
      </trkpt>
      <trkpt lat="37.434970" lon="-122.081286">
        <ele>5.768673</ele>
        <time>2022-07-31T23:59:53.999Z</time>
      </trkpt>
      <trkpt lat="37.434993" lon="-122.081152">
        <ele>5.904744</ele>
        <time>2022-07-31T23:59:56.999Z</time>
      </trkpt>
      <trkpt lat="37.435027" lon="-122.081023">
        <ele>6.039649</ele>
        <time>2022-07-31T23:59:59.999Z</time>
      </trkpt>
      <trkpt lat="37.435061" lon="-122.080911">
        <ele>6.158659</ele>
        <time>2022-08-01T00:00:02.999Z</time>
      </trkpt>
      <trkpt lat="37.435072" lon="-122.080776">
        <ele>6.253587</ele>
        <time>2022-08-01T00:00:05.999Z</time>
      </trkpt>
      <trkpt lat="37.435063" lon="-122.080643">
        <ele>6.249321</ele>
        <time>2022-08-01T00:00:08.999Z</time>
      </trkpt>
      <trkpt lat="37.435068" lon="-122.080510">
        <ele>6.245065</ele>
        <time>2022-08-01T00:00:11.999Z</time>
      </trkpt>
      <trkpt lat="37.435103" lon="-122.080382">
        <ele>6.240738</ele>
        <time>2022-08-01T00:00:14.999Z</time>
      </trkpt>
      <trkpt lat="37.435126" lon="-122.080246">
        <ele>6.236293</ele>
        <time>2022-08-01T00:00:17.999Z</time>
      </trkpt>
      <trkpt lat="37.435132" lon="-122.080115">
        <ele>6.232099</ele>
        <time>2022-08-01T00:00:20.999Z</time>
      </trkpt>
      <trkpt lat="37.435123" lon="-122.079983">
        <ele>6.227864</ele>
        <time>2022-08-01T00:00:23.999Z</time>
      </trkpt>
      <trkpt lat="37.435141" lon="-122.079843">
        <ele>6.223331</ele>
        <time>2022-08-01T00:00:26.999Z</time>
      </trkpt>
      <trkpt lat="37.435177" lon="-122.079711">
        <ele>6.218870</ele>
        <time>2022-08-01T00:00:29.999Z</time>
      </trkpt>
      <trkpt lat="37.435215" lon="-122.079571">
        <ele>6.214141</ele>
        <time>2022-08-01T00:00:32.999Z</time>
      </trkpt>
      <trkpt lat="37.435215" lon="-122.079422">
        <ele>6.209378</ele>
        <time>2022-08-01T00:00:35.999Z</time>
      </trkpt>
      <trkpt lat="37.435206" lon="-122.079269">
        <ele>6.204475</ele>
        <time>2022-08-01T00:00:38.999Z</time>
      </trkpt>
      <trkpt lat="37.435217" lon="-122.079121">
        <ele>6.199723</ele>
        <time>2022-08-01T00:00:41.999Z</time>
      </trkpt>
      <trkpt lat="37.435236" lon="-122.078962">
        <ele>6.194584</ele>
        <time>2022-08-01T00:00:44.999Z</time>
      </trkpt>
      <trkpt lat="37.435265" lon="-122.078805">
        <ele>6.189432</ele>
        <time>2022-08-01T00:00:47.999Z</time>
      </trkpt>
      <trkpt lat="37.435282" lon="-122.078642">
        <ele>6.184177</ele>
        <time>2022-08-01T00:00:50.999Z</time>
      </trkpt>
      <trkpt lat="37.435295" lon="-122.078529">
        <ele>6.171857</ele>
        <time>2022-08-01T00:00:52.999Z</time>
      </trkpt>
      <trkpt lat="37.435316" lon="-122.078419">
        <ele>6.151720</ele>
        <time>2022-08-01T00:00:54.999Z</time>
      </trkpt>
      <trkpt lat="37.435355" lon="-122.078259">
        <ele>6.121929</ele>
        <time>2022-08-01T00:00:57.999Z</time>
      </trkpt>
      <trkpt lat="37.435366" lon="-122.078142">
        <ele>6.100959</ele>
        <time>2022-08-01T00:00:59.999Z</time>
      </trkpt>
      <trkpt lat="37.435361" lon="-122.078025">
        <ele>6.080104</ele>
        <time>2022-08-01T00:01:01.999Z</time>
      </trkpt>
      <trkpt lat="37.435342" lon="-122.077907">
        <ele>6.058673</ele>
        <time>2022-08-01T00:01:03.999Z</time>
      </trkpt>
      <trkpt lat="37.435341" lon="-122.077793">
        <ele>6.038381</ele>
        <time>2022-08-01T00:01:05.999Z</time>
      </trkpt>
      <trkpt lat="37.435373" lon="-122.077685">
        <ele>6.017863</ele>
        <time>2022-08-01T00:01:07.999Z</time>
      </trkpt>
      <trkpt lat="37.435407" lon="-122.077574">
        <ele>5.996687</ele>
        <time>2022-08-01T00:01:09.999Z</time>
      </trkpt>
      <trkpt lat="37.435439" lon="-122.077465">
        <ele>5.976002</ele>
        <time>2022-08-01T00:01:11.999Z</time>
      </trkpt>
      <trkpt lat="37.435453" lon="-122.077297">
        <ele>5.945936</ele>
        <time>2022-08-01T00:01:14.999Z</time>
      </trkpt>
      <trkpt lat="37.435450" lon="-122.077182">
        <ele>5.925455</ele>
        <time>2022-08-01T00:01:16.999Z</time>
      </trkpt>
      <trkpt lat="37.435457" lon="-122.077064">
        <ele>5.904394</ele>
        <time>2022-08-01T00:01:18.999Z</time>
      </trkpt>
      <trkpt lat="37.435470" lon="-122.076942">
        <ele>5.882484</ele>
        <time>2022-08-01T00:01:20.999Z</time>
      </trkpt>
      <trkpt lat="37.435497" lon="-122.076829">
        <ele>5.861480</ele>
        <time>2022-08-01T00:01:22.999Z</time>
      </trkpt>
      <trkpt lat="37.435524" lon="-122.076720">
        <ele>5.841157</ele>
        <time>2022-08-01T00:01:24.999Z</time>
      </trkpt>
      <trkpt lat="37.435549" lon="-122.076555">
        <ele>5.811259</ele>
        <time>2022-08-01T00:01:27.999Z</time>
      </trkpt>
      <trkpt lat="37.435567" lon="-122.076388">
        <ele>5.781262</ele>
        <time>2022-08-01T00:01:30.999Z</time>
      </trkpt>
      <trkpt lat="37.435584" lon="-122.076221">
        <ele>5.812800</ele>
        <time>2022-08-01T00:01:33.999Z</time>
      </trkpt>
      <trkpt lat="37.435606" lon="-122.076059">
        <ele>5.847924</ele>
        <time>2022-08-01T00:01:36.999Z</time>
      </trkpt>
      <trkpt lat="37.435610" lon="-122.075938">
        <ele>5.873806</ele>
        <time>2022-08-01T00:01:38.999Z</time>
      </trkpt>
      <trkpt lat="37.435624" lon="-122.075812">
        <ele>5.900996</ele>
        <time>2022-08-01T00:01:40.999Z</time>
      </trkpt>
      <trkpt lat="37.435633" lon="-122.075673">
        <ele>5.930801</ele>
        <time>2022-08-01T00:01:42.999Z</time>
      </trkpt>
      <trkpt lat="37.435650" lon="-122.075531">
        <ele>5.961491</ele>
        <time>2022-08-01T00:01:44.999Z</time>
      </trkpt>
      <trkpt lat="37.435669" lon="-122.075387">
        <ele>5.992688</ele>
        <time>2022-08-01T00:01:46.999Z</time>
      </trkpt>
      <trkpt lat="37.435707" lon="-122.075256">
        <ele>6.022494</ele>
        <time>2022-08-01T00:01:48.999Z</time>
      </trkpt>
      <trkpt lat="37.435703" lon="-122.075110">
        <ele>6.053715</ele>
        <time>2022-08-01T00:01:50.999Z</time>
      </trkpt>
      <trkpt lat="37.435713" lon="-122.074966">
        <ele>6.084607</ele>
        <time>2022-08-01T00:01:52.999Z</time>
      </trkpt>
      <trkpt lat="37.435720" lon="-122.074818">
        <ele>6.116292</ele>
        <time>2022-08-01T00:01:54.999Z</time>
      </trkpt>
      <trkpt lat="37.435726" lon="-122.074665">
        <ele>6.149030</ele>
        <time>2022-08-01T00:01:56.999Z</time>
      </trkpt>
      <trkpt lat="37.435743" lon="-122.074515">
        <ele>6.181412</ele>
        <time>2022-08-01T00:01:58.999Z</time>
      </trkpt>
      <trkpt lat="37.435763" lon="-122.074376">
        <ele>6.211602</ele>
        <time>2022-08-01T00:02:00.999Z</time>
      </trkpt>
      <trkpt lat="37.435778" lon="-122.074238">
        <ele>6.241370</ele>
        <time>2022-08-01T00:02:02.999Z</time>
      </trkpt>
      <trkpt lat="37.435795" lon="-122.074104">
        <ele>6.231286</ele>
        <time>2022-08-01T00:02:04.999Z</time>
      </trkpt>
      <trkpt lat="37.435807" lon="-122.073967">
        <ele>6.096904</ele>
        <time>2022-08-01T00:02:06.999Z</time>
      </trkpt>
      <trkpt lat="37.435818" lon="-122.073831">
        <ele>5.963620</ele>
        <time>2022-08-01T00:02:08.999Z</time>
      </trkpt>
      <trkpt lat="37.435825" lon="-122.073686">
        <ele>5.821986</ele>
        <time>2022-08-01T00:02:10.999Z</time>
      </trkpt>
      <trkpt lat="37.435834" lon="-122.073546">
        <ele>5.685042</ele>
        <time>2022-08-01T00:02:12.999Z</time>
      </trkpt>
      <trkpt lat="37.435839" lon="-122.073404">
        <ele>5.546458</ele>
        <time>2022-08-01T00:02:14.999Z</time>
      </trkpt>
      <trkpt lat="37.435851" lon="-122.073272">
        <ele>5.416920</ele>
        <time>2022-08-01T00:02:16.999Z</time>
      </trkpt>
      <trkpt lat="37.435849" lon="-122.073139">
        <ele>5.287224</ele>
        <time>2022-08-01T00:02:18.999Z</time>
      </trkpt>
      <trkpt lat="37.435851" lon="-122.073005">
        <ele>5.156553</ele>
        <time>2022-08-01T00:02:20.999Z</time>
      </trkpt>
      <trkpt lat="37.435862" lon="-122.072877">
        <ele>5.031027</ele>
        <time>2022-08-01T00:02:22.999Z</time>
      </trkpt>
      <trkpt lat="37.435860" lon="-122.072757">
        <ele>4.914003</ele>
        <time>2022-08-01T00:02:24.999Z</time>
      </trkpt>
      <trkpt lat="37.435847" lon="-122.072603">
        <ele>4.763010</ele>
        <time>2022-08-01T00:02:27.999Z</time>
      </trkpt>
      <trkpt lat="37.435878" lon="-122.072496">
        <ele>4.651959</ele>
        <time>2022-08-01T00:02:30.999Z</time>
      </trkpt>
      <trkpt lat="37.435883" lon="-122.072339">
        <ele>4.498764</ele>
        <time>2022-08-01T00:02:33.999Z</time>
      </trkpt>
      <trkpt lat="37.435870" lon="-122.072196">
        <ele>4.358431</ele>
        <time>2022-08-01T00:02:35.999Z</time>
      </trkpt>
      <trkpt lat="37.435866" lon="-122.072023">
        <ele>4.189687</ele>
        <time>2022-08-01T00:02:37.999Z</time>
      </trkpt>
      <trkpt lat="37.435842" lon="-122.071882">
        <ele>4.051549</ele>
        <time>2022-08-01T00:02:39.999Z</time>
      </trkpt>
      <trkpt lat="37.435742" lon="-122.071801">
        <ele>3.968221</ele>
        <time>2022-08-01T00:02:42.999Z</time>
      </trkpt>
      <trkpt lat="37.435631" lon="-122.071751">
        <ele>3.885601</ele>
        <time>2022-08-01T00:02:45.999Z</time>
      </trkpt>
      <trkpt lat="37.435545" lon="-122.071713">
        <ele>3.821727</ele>
        <time>2022-08-01T00:02:48.999Z</time>
      </trkpt>
      <trkpt lat="37.435438" lon="-122.071670">
        <ele>3.743012</ele>
        <time>2022-08-01T00:02:52.999Z</time>
      </trkpt>
      <trkpt lat="37.435328" lon="-122.071633">
        <ele>3.663217</ele>
        <time>2022-08-01T00:02:55.999Z</time>
      </trkpt>
      <trkpt lat="37.435209" lon="-122.071590">
        <ele>3.576451</ele>
        <time>2022-08-01T00:02:58.999Z</time>
      </trkpt>
      <trkpt lat="37.435082" lon="-122.071568">
        <ele>3.486607</ele>
        <time>2022-08-01T00:03:01.999Z</time>
      </trkpt>
      <trkpt lat="37.434955" lon="-122.071514">
        <ele>3.392664</ele>
        <time>2022-08-01T00:03:04.999Z</time>
      </trkpt>
      <trkpt lat="37.434867" lon="-122.071485">
        <ele>3.328913</ele>
        <time>2022-08-01T00:03:06.999Z</time>
      </trkpt>
      <trkpt lat="37.434778" lon="-122.071453">
        <ele>3.264046</ele>
        <time>2022-08-01T00:03:08.999Z</time>
      </trkpt>
      <trkpt lat="37.434692" lon="-122.071419">
        <ele>3.200873</ele>
        <time>2022-08-01T00:03:10.999Z</time>
      </trkpt>
      <trkpt lat="37.434600" lon="-122.071391">
        <ele>3.134540</ele>
        <time>2022-08-01T00:03:12.999Z</time>
      </trkpt>
      <trkpt lat="37.434503" lon="-122.071366">
        <ele>3.065149</ele>
        <time>2022-08-01T00:03:14.999Z</time>
      </trkpt>
      <trkpt lat="37.434402" lon="-122.071340">
        <ele>2.992901</ele>
        <time>2022-08-01T00:03:16.999Z</time>
      </trkpt>
      <trkpt lat="37.434304" lon="-122.071304">
        <ele>2.921356</ele>
        <time>2022-08-01T00:03:18.999Z</time>
      </trkpt>
      <trkpt lat="37.434203" lon="-122.071271">
        <ele>2.848228</ele>
        <time>2022-08-01T00:03:20.999Z</time>
      </trkpt>
      <trkpt lat="37.434102" lon="-122.071228">
        <ele>2.796143</ele>
        <time>2022-08-01T00:03:22.999Z</time>
      </trkpt>
      <trkpt lat="37.433997" lon="-122.071192">
        <ele>2.803087</ele>
        <time>2022-08-01T00:03:24.999Z</time>
      </trkpt>
      <trkpt lat="37.433891" lon="-122.071158">
        <ele>2.810067</ele>
        <time>2022-08-01T00:03:26.999Z</time>
      </trkpt>
      <trkpt lat="37.433787" lon="-122.071125">
        <ele>2.816910</ele>
        <time>2022-08-01T00:03:28.999Z</time>
      </trkpt>
      <trkpt lat="37.433682" lon="-122.071095">
        <ele>2.823780</ele>
        <time>2022-08-01T00:03:30.999Z</time>
      </trkpt>
      <trkpt lat="37.433580" lon="-122.071061">
        <ele>2.830513</ele>
        <time>2022-08-01T00:03:32.999Z</time>
      </trkpt>
      <trkpt lat="37.433479" lon="-122.071024">
        <ele>2.837225</ele>
        <time>2022-08-01T00:03:34.999Z</time>
      </trkpt>
      <trkpt lat="37.433371" lon="-122.070989">
        <ele>2.844341</ele>
        <time>2022-08-01T00:03:36.999Z</time>
      </trkpt>
      <trkpt lat="37.433261" lon="-122.070952">
        <ele>2.851606</ele>
        <time>2022-08-01T00:03:38.999Z</time>
      </trkpt>
      <trkpt lat="37.433152" lon="-122.070919">
        <ele>2.858759</ele>
        <time>2022-08-01T00:03:40.999Z</time>
      </trkpt>
      <trkpt lat="37.433045" lon="-122.070880">
        <ele>2.865867</ele>
        <time>2022-08-01T00:03:42.999Z</time>
      </trkpt>
      <trkpt lat="37.432937" lon="-122.070845">
        <ele>2.872982</ele>
        <time>2022-08-01T00:03:44.999Z</time>
      </trkpt>
      <trkpt lat="37.432829" lon="-122.070803">
        <ele>2.880195</ele>
        <time>2022-08-01T00:03:46.999Z</time>
      </trkpt>
      <trkpt lat="37.432715" lon="-122.070765">
        <ele>2.887720</ele>
        <time>2022-08-01T00:03:48.999Z</time>
      </trkpt>
      <trkpt lat="37.432606" lon="-122.070728">
        <ele>2.894923</ele>
        <time>2022-08-01T00:03:50.999Z</time>
      </trkpt>
      <trkpt lat="37.432495" lon="-122.070696">
        <ele>2.902189</ele>
        <time>2022-08-01T00:03:52.999Z</time>
      </trkpt>
      <trkpt lat="37.432383" lon="-122.070665">
        <ele>2.908855</ele>
        <time>2022-08-01T00:03:54.999Z</time>
      </trkpt>
      <trkpt lat="37.432274" lon="-122.070630">
        <ele>2.906360</ele>
        <time>2022-08-01T00:03:56.999Z</time>
      </trkpt>
      <trkpt lat="37.432161" lon="-122.070594">
        <ele>2.903774</ele>
        <time>2022-08-01T00:03:58.999Z</time>
      </trkpt>
      <trkpt lat="37.432046" lon="-122.070551">
        <ele>2.901113</ele>
        <time>2022-08-01T00:04:00.999Z</time>
      </trkpt>
      <trkpt lat="37.431933" lon="-122.070516">
        <ele>2.898532</ele>
        <time>2022-08-01T00:04:02.999Z</time>
      </trkpt>
      <trkpt lat="37.431825" lon="-122.070478">
        <ele>2.896045</ele>
        <time>2022-08-01T00:04:04.999Z</time>
      </trkpt>
      <trkpt lat="37.431717" lon="-122.070436">
        <ele>2.893537</ele>
        <time>2022-08-01T00:04:06.999Z</time>
      </trkpt>
      <trkpt lat="37.431606" lon="-122.070393">
        <ele>2.890961</ele>
        <time>2022-08-01T00:04:08.999Z</time>
      </trkpt>
      <trkpt lat="37.431490" lon="-122.070355">
        <ele>2.888302</ele>
        <time>2022-08-01T00:04:10.999Z</time>
      </trkpt>
      <trkpt lat="37.431371" lon="-122.070324">
        <ele>2.885607</ele>
        <time>2022-08-01T00:04:12.999Z</time>
      </trkpt>
      <trkpt lat="37.431261" lon="-122.070282">
        <ele>2.883057</ele>
        <time>2022-08-01T00:04:14.999Z</time>
      </trkpt>
      <trkpt lat="37.431160" lon="-122.070227">
        <ele>2.880616</ele>
        <time>2022-08-01T00:04:16.999Z</time>
      </trkpt>
      <trkpt lat="37.431064" lon="-122.070179">
        <ele>2.878324</ele>
        <time>2022-08-01T00:04:18.999Z</time>
      </trkpt>
      <trkpt lat="37.430979" lon="-122.070107">
        <ele>2.876052</ele>
        <time>2022-08-01T00:04:20.999Z</time>
      </trkpt>
      <trkpt lat="37.430901" lon="-122.070025">
        <ele>2.873798</ele>
        <time>2022-08-01T00:04:22.999Z</time>
      </trkpt>
      <trkpt lat="37.430830" lon="-122.069938">
        <ele>2.871601</ele>
        <time>2022-08-01T00:04:24.999Z</time>
      </trkpt>
      <trkpt lat="37.430756" lon="-122.069860">
        <ele>2.869460</ele>
        <time>2022-08-01T00:04:26.999Z</time>
      </trkpt>
      <trkpt lat="37.430694" lon="-122.069769">
        <ele>2.882505</ele>
        <time>2022-08-01T00:04:28.999Z</time>
      </trkpt>
      <trkpt lat="37.430588" lon="-122.069676">
        <ele>2.904092</ele>
        <time>2022-08-01T00:04:31.999Z</time>
      </trkpt>
      <trkpt lat="37.430469" lon="-122.069634">
        <ele>2.924742</ele>
        <time>2022-08-01T00:04:34.999Z</time>
      </trkpt>
      <trkpt lat="37.430379" lon="-122.069615">
        <ele>2.939990</ele>
        <time>2022-08-01T00:04:36.999Z</time>
      </trkpt>
      <trkpt lat="37.430246" lon="-122.069573">
        <ele>2.962901</ele>
        <time>2022-08-01T00:04:39.999Z</time>
      </trkpt>
      <trkpt lat="37.430152" lon="-122.069549">
        <ele>2.978927</ele>
        <time>2022-08-01T00:04:41.999Z</time>
      </trkpt>
      <trkpt lat="37.430057" lon="-122.069514">
        <ele>2.995466</ele>
        <time>2022-08-01T00:04:43.999Z</time>
      </trkpt>
      <trkpt lat="37.429963" lon="-122.069479">
        <ele>3.011845</ele>
        <time>2022-08-01T00:04:45.999Z</time>
      </trkpt>
      <trkpt lat="37.429864" lon="-122.069453">
        <ele>3.028743</ele>
        <time>2022-08-01T00:04:47.999Z</time>
      </trkpt>
      <trkpt lat="37.429768" lon="-122.069430">
        <ele>3.045071</ele>
        <time>2022-08-01T00:04:49.999Z</time>
      </trkpt>
      <trkpt lat="37.429675" lon="-122.069403">
        <ele>3.061018</ele>
        <time>2022-08-01T00:04:51.999Z</time>
      </trkpt>
      <trkpt lat="37.429579" lon="-122.069382">
        <ele>3.077299</ele>
        <time>2022-08-01T00:04:53.999Z</time>
      </trkpt>
      <trkpt lat="37.429514" lon="-122.069280">
        <ele>3.094652</ele>
        <time>2022-08-01T00:04:55.999Z</time>
      </trkpt>
      <trkpt lat="37.429511" lon="-122.069146">
        <ele>3.112440</ele>
        <time>2022-08-01T00:04:57.999Z</time>
      </trkpt>
      <trkpt lat="37.429503" lon="-122.069026">
        <ele>3.128418</ele>
        <time>2022-08-01T00:04:59.999Z</time>
      </trkpt>
      <trkpt lat="37.429496" lon="-122.068902">
        <ele>3.144913</ele>
        <time>2022-08-01T00:05:01.999Z</time>
      </trkpt>
      <trkpt lat="37.429505" lon="-122.068742">
        <ele>3.166196</ele>
        <time>2022-08-01T00:05:04.999Z</time>
      </trkpt>
      <trkpt lat="37.429587" lon="-122.068679">
        <ele>3.133916</ele>
        <time>2022-08-01T00:05:06.999Z</time>
      </trkpt>
      <trkpt lat="37.429689" lon="-122.068648">
        <ele>3.084116</ele>
        <time>2022-08-01T00:05:08.999Z</time>
      </trkpt>
      <trkpt lat="37.429795" lon="-122.068632">
        <ele>3.033448</ele>
        <time>2022-08-01T00:05:10.999Z</time>
      </trkpt>
      <trkpt lat="37.429889" lon="-122.068627">
        <ele>2.988795</ele>
        <time>2022-08-01T00:05:12.999Z</time>
      </trkpt>
      <trkpt lat="37.429979" lon="-122.068629">
        <ele>2.946074</ele>
        <time>2022-08-01T00:05:14.999Z</time>
      </trkpt>
      <trkpt lat="37.430104" lon="-122.068633">
        <ele>2.886729</ele>
        <time>2022-08-01T00:05:17.999Z</time>
      </trkpt>
      <trkpt lat="37.430194" lon="-122.068622">
        <ele>2.843814</ele>
        <time>2022-08-01T00:05:20.999Z</time>
      </trkpt>
      <trkpt lat="37.430200" lon="-122.068485">
        <ele>2.792103</ele>
        <time>2022-08-01T00:05:25.999Z</time>
      </trkpt>
      <trkpt lat="37.430188" lon="-122.068369">
        <ele>2.748015</ele>
        <time>2022-08-01T00:05:30.999Z</time>
      </trkpt>
      <trkpt lat="37.430188" lon="-122.068244">
        <ele>2.700905</ele>
        <time>2022-08-01T00:05:34.999Z</time>
      </trkpt>
      <trkpt lat="37.430182" lon="-122.068122">
        <ele>2.654838</ele>
        <time>2022-08-01T00:05:37.999Z</time>
      </trkpt>
      <trkpt lat="37.430261" lon="-122.068055">
        <ele>2.609634</ele>
        <time>2022-08-01T00:05:40.999Z</time>
      </trkpt>
      <trkpt lat="37.430375" lon="-122.068028">
        <ele>2.554580</ele>
        <time>2022-08-01T00:05:43.999Z</time>
      </trkpt>
      <trkpt lat="37.430500" lon="-122.068008">
        <ele>2.494777</ele>
        <time>2022-08-01T00:05:46.999Z</time>
      </trkpt>
      <trkpt lat="37.430622" lon="-122.067979">
        <ele>2.435853</ele>
        <time>2022-08-01T00:05:49.999Z</time>
      </trkpt>
      <trkpt lat="37.430749" lon="-122.067963">
        <ele>2.375277</ele>
        <time>2022-08-01T00:05:52.999Z</time>
      </trkpt>
      <trkpt lat="37.430878" lon="-122.067936">
        <ele>2.318190</ele>
        <time>2022-08-01T00:05:55.999Z</time>
      </trkpt>
      <trkpt lat="37.431001" lon="-122.067920">
        <ele>2.363720</ele>
        <time>2022-08-01T00:05:58.999Z</time>
      </trkpt>
      <trkpt lat="37.431123" lon="-122.067907">
        <ele>2.408801</ele>
        <time>2022-08-01T00:06:01.999Z</time>
      </trkpt>
      <trkpt lat="37.431247" lon="-122.067889">
        <ele>2.454760</ele>
        <time>2022-08-01T00:06:04.999Z</time>
      </trkpt>
      <trkpt lat="37.431359" lon="-122.067848">
        <ele>2.497705</ele>
        <time>2022-08-01T00:06:07.999Z</time>
      </trkpt>
      <trkpt lat="37.431484" lon="-122.067831">
        <ele>2.543998</ele>
        <time>2022-08-01T00:06:10.999Z</time>
      </trkpt>
      <trkpt lat="37.431597" lon="-122.067804">
        <ele>2.586347</ele>
        <time>2022-08-01T00:06:13.999Z</time>
      </trkpt>
      <trkpt lat="37.431715" lon="-122.067769">
        <ele>2.630983</ele>
        <time>2022-08-01T00:06:16.999Z</time>
      </trkpt>
      <trkpt lat="37.431832" lon="-122.067733">
        <ele>2.675330</ele>
        <time>2022-08-01T00:06:19.999Z</time>
      </trkpt>
      <trkpt lat="37.431948" lon="-122.067701">
        <ele>2.719054</ele>
        <time>2022-08-01T00:06:22.999Z</time>
      </trkpt>
      <trkpt lat="37.432066" lon="-122.067675">
        <ele>2.763162</ele>
        <time>2022-08-01T00:06:25.999Z</time>
      </trkpt>
      <trkpt lat="37.432184" lon="-122.067639">
        <ele>2.807866</ele>
        <time>2022-08-01T00:06:28.999Z</time>
      </trkpt>
      <trkpt lat="37.432307" lon="-122.067619">
        <ele>2.853531</ele>
        <time>2022-08-01T00:06:31.999Z</time>
      </trkpt>
      <trkpt lat="37.432423" lon="-122.067589">
        <ele>2.897133</ele>
        <time>2022-08-01T00:06:34.999Z</time>
      </trkpt>
      <trkpt lat="37.432538" lon="-122.067570">
        <ele>2.939839</ele>
        <time>2022-08-01T00:06:37.999Z</time>
      </trkpt>
      <trkpt lat="37.432633" lon="-122.067574">
        <ele>2.974838</ele>
        <time>2022-08-01T00:06:40.999Z</time>
      </trkpt>
      <trkpt lat="37.432727" lon="-122.067579">
        <ele>2.947851</ele>
        <time>2022-08-01T00:06:45.999Z</time>
      </trkpt>
      <trkpt lat="37.432864" lon="-122.067529">
        <ele>2.896638</ele>
        <time>2022-08-01T00:07:20.999Z</time>
      </trkpt>
      <trkpt lat="37.432984" lon="-122.067502">
        <ele>2.852871</ele>
        <time>2022-08-01T00:07:24.999Z</time>
      </trkpt>
      <trkpt lat="37.433084" lon="-122.067493">
        <ele>2.816876</ele>
        <time>2022-08-01T00:07:27.999Z</time>
      </trkpt>
      <trkpt lat="37.433181" lon="-122.067477">
        <ele>2.781751</ele>
        <time>2022-08-01T00:07:30.999Z</time>
      </trkpt>
      <trkpt lat="37.433276" lon="-122.067467">
        <ele>2.747523</ele>
        <time>2022-08-01T00:07:33.999Z</time>
      </trkpt>
      <trkpt lat="37.433369" lon="-122.067458">
        <ele>2.714034</ele>
        <time>2022-08-01T00:07:36.999Z</time>
      </trkpt>
      <trkpt lat="37.433471" lon="-122.067453">
        <ele>2.677384</ele>
        <time>2022-08-01T00:07:39.999Z</time>
      </trkpt>
      <trkpt lat="37.433576" lon="-122.067448">
        <ele>2.639658</ele>
        <time>2022-08-01T00:07:42.999Z</time>
      </trkpt>
      <trkpt lat="37.433677" lon="-122.067448">
        <ele>2.603395</ele>
        <time>2022-08-01T00:07:45.999Z</time>
      </trkpt>
      <trkpt lat="37.433776" lon="-122.067454">
        <ele>2.567809</ele>
        <time>2022-08-01T00:07:48.999Z</time>
      </trkpt>
      <trkpt lat="37.433877" lon="-122.067462">
        <ele>2.531474</ele>
        <time>2022-08-01T00:07:51.999Z</time>
      </trkpt>
      <trkpt lat="37.433972" lon="-122.067466">
        <ele>2.497346</ele>
        <time>2022-08-01T00:07:54.999Z</time>
      </trkpt>
      <trkpt lat="37.434069" lon="-122.067470">
        <ele>2.462501</ele>
        <time>2022-08-01T00:07:57.999Z</time>
      </trkpt>
      <trkpt lat="37.434169" lon="-122.067485">
        <ele>2.426343</ele>
        <time>2022-08-01T00:08:00.999Z</time>
      </trkpt>
      <trkpt lat="37.434268" lon="-122.067491">
        <ele>2.390757</ele>
        <time>2022-08-01T00:08:03.999Z</time>
      </trkpt>
      <trkpt lat="37.434369" lon="-122.067505">
        <ele>2.354275</ele>
        <time>2022-08-01T00:08:06.999Z</time>
      </trkpt>
      <trkpt lat="37.434471" lon="-122.067523">
        <ele>2.318381</ele>
        <time>2022-08-01T00:08:09.999Z</time>
      </trkpt>
      <trkpt lat="37.434570" lon="-122.067523">
        <ele>2.285378</ele>
        <time>2022-08-01T00:08:12.999Z</time>
      </trkpt>
      <trkpt lat="37.434670" lon="-122.067527">
        <ele>2.252023</ele>
        <time>2022-08-01T00:08:15.999Z</time>
      </trkpt>
      <trkpt lat="37.434769" lon="-122.067523">
        <ele>2.219003</ele>
        <time>2022-08-01T00:08:18.999Z</time>
      </trkpt>
      <trkpt lat="37.434870" lon="-122.067494">
        <ele>2.184468</ele>
        <time>2022-08-01T00:08:22.999Z</time>
      </trkpt>
      <trkpt lat="37.434891" lon="-122.067335">
        <ele>2.141800</ele>
        <time>2022-08-01T00:08:25.999Z</time>
      </trkpt>
      <trkpt lat="37.434877" lon="-122.067193">
        <ele>2.103922</ele>
        <time>2022-08-01T00:08:27.999Z</time>
      </trkpt>
      <trkpt lat="37.434860" lon="-122.067048">
        <ele>2.065123</ele>
        <time>2022-08-01T00:08:29.999Z</time>
      </trkpt>
      <trkpt lat="37.434840" lon="-122.066912">
        <ele>2.028510</ele>
        <time>2022-08-01T00:08:31.999Z</time>
      </trkpt>
      <trkpt lat="37.434811" lon="-122.066787">
        <ele>1.994037</ele>
        <time>2022-08-01T00:08:33.999Z</time>
      </trkpt>
      <trkpt lat="37.434782" lon="-122.066660">
        <ele>1.959056</ele>
        <time>2022-08-01T00:08:35.999Z</time>
      </trkpt>
      <trkpt lat="37.434756" lon="-122.066530">
        <ele>1.923569</ele>
        <time>2022-08-01T00:08:37.999Z</time>
      </trkpt>
      <trkpt lat="37.434735" lon="-122.066409">
        <ele>1.890782</ele>
        <time>2022-08-01T00:08:39.999Z</time>
      </trkpt>
      <trkpt lat="37.434703" lon="-122.066291">
        <ele>1.857774</ele>
        <time>2022-08-01T00:08:41.999Z</time>
      </trkpt>
      <trkpt lat="37.434673" lon="-122.066171">
        <ele>1.824472</ele>
        <time>2022-08-01T00:08:43.999Z</time>
      </trkpt>
      <trkpt lat="37.434643" lon="-122.066046">
        <ele>1.789904</ele>
        <time>2022-08-01T00:08:45.999Z</time>
      </trkpt>
      <trkpt lat="37.434611" lon="-122.065919">
        <ele>1.754633</ele>
        <time>2022-08-01T00:08:47.999Z</time>
      </trkpt>
      <trkpt lat="37.434574" lon="-122.065796">
        <ele>1.737975</ele>
        <time>2022-08-01T00:08:49.999Z</time>
      </trkpt>
      <trkpt lat="37.434540" lon="-122.065672">
        <ele>1.751544</ele>
        <time>2022-08-01T00:08:51.999Z</time>
      </trkpt>
      <trkpt lat="37.434503" lon="-122.065553">
        <ele>1.764762</ele>
        <time>2022-08-01T00:08:53.999Z</time>
      </trkpt>
      <trkpt lat="37.434470" lon="-122.065432">
        <ele>1.777994</ele>
        <time>2022-08-01T00:08:55.999Z</time>
      </trkpt>
      <trkpt lat="37.434435" lon="-122.065311">
        <ele>1.791314</ele>
        <time>2022-08-01T00:08:57.999Z</time>
      </trkpt>
      <trkpt lat="37.434407" lon="-122.065185">
        <ele>1.804847</ele>
        <time>2022-08-01T00:08:59.999Z</time>
      </trkpt>
      <trkpt lat="37.434371" lon="-122.065060">
        <ele>1.818600</ele>
        <time>2022-08-01T00:09:01.999Z</time>
      </trkpt>
      <trkpt lat="37.434338" lon="-122.064936">
        <ele>1.832126</ele>
        <time>2022-08-01T00:09:03.999Z</time>
      </trkpt>
      <trkpt lat="37.434311" lon="-122.064808">
        <ele>1.845825</ele>
        <time>2022-08-01T00:09:05.999Z</time>
      </trkpt>
      <trkpt lat="37.434282" lon="-122.064680">
        <ele>1.859592</ele>
        <time>2022-08-01T00:09:07.999Z</time>
      </trkpt>
      <trkpt lat="37.434250" lon="-122.064552">
        <ele>1.873472</ele>
        <time>2022-08-01T00:09:09.999Z</time>
      </trkpt>
      <trkpt lat="37.434218" lon="-122.064425">
        <ele>1.887253</ele>
        <time>2022-08-01T00:09:11.999Z</time>
      </trkpt>
      <trkpt lat="37.434189" lon="-122.064302">
        <ele>1.900524</ele>
        <time>2022-08-01T00:09:13.999Z</time>
      </trkpt>
      <trkpt lat="37.434157" lon="-122.064181">
        <ele>1.913715</ele>
        <time>2022-08-01T00:09:15.999Z</time>
      </trkpt>
      <trkpt lat="37.434126" lon="-122.064060">
        <ele>1.926865</ele>
        <time>2022-08-01T00:09:17.999Z</time>
      </trkpt>
      <trkpt lat="37.434095" lon="-122.063943">
        <ele>1.939623</ele>
        <time>2022-08-01T00:09:19.999Z</time>
      </trkpt>
      <trkpt lat="37.434067" lon="-122.063824">
        <ele>1.952460</ele>
        <time>2022-08-01T00:09:21.999Z</time>
      </trkpt>
      <trkpt lat="37.434032" lon="-122.063704">
        <ele>1.965683</ele>
        <time>2022-08-01T00:09:23.999Z</time>
      </trkpt>
      <trkpt lat="37.434006" lon="-122.063579">
        <ele>1.963291</ele>
        <time>2022-08-01T00:09:25.999Z</time>
      </trkpt>
      <trkpt lat="37.433974" lon="-122.063453">
        <ele>1.958839</ele>
        <time>2022-08-01T00:09:27.999Z</time>
      </trkpt>
      <trkpt lat="37.433946" lon="-122.063329">
        <ele>1.954501</ele>
        <time>2022-08-01T00:09:29.999Z</time>
      </trkpt>
      <trkpt lat="37.433912" lon="-122.063202">
        <ele>1.949991</ele>
        <time>2022-08-01T00:09:31.999Z</time>
      </trkpt>
      <trkpt lat="37.433880" lon="-122.063073">
        <ele>1.945443</ele>
        <time>2022-08-01T00:09:33.999Z</time>
      </trkpt>
      <trkpt lat="37.433846" lon="-122.062946">
        <ele>1.940933</ele>
        <time>2022-08-01T00:09:35.999Z</time>
      </trkpt>
      <trkpt lat="37.433811" lon="-122.062817">
        <ele>1.936345</ele>
        <time>2022-08-01T00:09:37.999Z</time>
      </trkpt>
      <trkpt lat="37.433777" lon="-122.062687">
        <ele>1.931739</ele>
        <time>2022-08-01T00:09:39.999Z</time>
      </trkpt>
      <trkpt lat="37.433741" lon="-122.062561">
        <ele>1.927233</ele>
        <time>2022-08-01T00:09:41.999Z</time>
      </trkpt>
      <trkpt lat="37.433710" lon="-122.062436">
        <ele>1.922826</ele>
        <time>2022-08-01T00:09:43.999Z</time>
      </trkpt>
      <trkpt lat="37.433675" lon="-122.062307">
        <ele>1.918239</ele>
        <time>2022-08-01T00:09:45.999Z</time>
      </trkpt>
      <trkpt lat="37.433647" lon="-122.062177">
        <ele>1.913706</ele>
        <time>2022-08-01T00:09:47.999Z</time>
      </trkpt>
      <trkpt lat="37.433624" lon="-122.062041">
        <ele>1.909027</ele>
        <time>2022-08-01T00:09:49.999Z</time>
      </trkpt>
      <trkpt lat="37.433618" lon="-122.061900">
        <ele>1.904275</ele>
        <time>2022-08-01T00:09:51.999Z</time>
      </trkpt>
      <trkpt lat="37.433616" lon="-122.061759">
        <ele>1.899529</ele>
        <time>2022-08-01T00:09:53.999Z</time>
      </trkpt>
      <trkpt lat="37.433634" lon="-122.061628">
        <ele>1.895055</ele>
        <time>2022-08-01T00:09:55.999Z</time>
      </trkpt>
      <trkpt lat="37.433648" lon="-122.061497">
        <ele>1.888474</ele>
        <time>2022-08-01T00:09:57.999Z</time>
      </trkpt>
      <trkpt lat="37.433670" lon="-122.061376">
        <ele>1.856975</ele>
        <time>2022-08-01T00:09:59.999Z</time>
      </trkpt>
      <trkpt lat="37.433695" lon="-122.061253">
        <ele>1.824757</ele>
        <time>2022-08-01T00:10:01.999Z</time>
      </trkpt>
      <trkpt lat="37.433732" lon="-122.061138">
        <ele>1.793271</ele>
        <time>2022-08-01T00:10:03.999Z</time>
      </trkpt>
      <trkpt lat="37.433762" lon="-122.061024">
        <ele>1.762796</ele>
        <time>2022-08-01T00:10:05.999Z</time>
      </trkpt>
      <trkpt lat="37.433805" lon="-122.060869">
        <ele>1.721133</ele>
        <time>2022-08-01T00:10:08.999Z</time>
      </trkpt>
      <trkpt lat="37.433850" lon="-122.060723">
        <ele>1.681392</ele>
        <time>2022-08-01T00:10:11.999Z</time>
      </trkpt>
      <trkpt lat="37.433897" lon="-122.060579">
        <ele>1.641885</ele>
        <time>2022-08-01T00:10:14.999Z</time>
      </trkpt>
      <trkpt lat="37.433934" lon="-122.060434">
        <ele>1.603237</ele>
        <time>2022-08-01T00:10:17.999Z</time>
      </trkpt>
      <trkpt lat="37.433990" lon="-122.060287">
        <ele>1.561865</ele>
        <time>2022-08-01T00:10:20.999Z</time>
      </trkpt>
      <trkpt lat="37.434039" lon="-122.060143">
        <ele>1.522111</ele>
        <time>2022-08-01T00:10:23.999Z</time>
      </trkpt>
      <trkpt lat="37.434083" lon="-122.060005">
        <ele>1.484375</ele>
        <time>2022-08-01T00:10:26.999Z</time>
      </trkpt>
      <trkpt lat="37.434134" lon="-122.059862">
        <ele>1.444597</ele>
        <time>2022-08-01T00:10:29.999Z</time>
      </trkpt>
      <trkpt lat="37.434175" lon="-122.059715">
        <ele>1.405061</ele>
        <time>2022-08-01T00:10:32.999Z</time>
      </trkpt>
      <trkpt lat="37.434225" lon="-122.059570">
        <ele>1.364947</ele>
        <time>2022-08-01T00:10:35.999Z</time>
      </trkpt>
      <trkpt lat="37.434270" lon="-122.059426">
        <ele>1.325679</ele>
        <time>2022-08-01T00:10:38.999Z</time>
      </trkpt>
      <trkpt lat="37.434312" lon="-122.059290">
        <ele>1.298363</ele>
        <time>2022-08-01T00:10:41.999Z</time>
      </trkpt>
      <trkpt lat="37.434363" lon="-122.059158">
        <ele>1.274272</ele>
        <time>2022-08-01T00:10:44.999Z</time>
      </trkpt>
      <trkpt lat="37.434406" lon="-122.059019">
        <ele>1.249790</ele>
        <time>2022-08-01T00:10:47.999Z</time>
      </trkpt>
      <trkpt lat="37.434445" lon="-122.058884">
        <ele>1.226214</ele>
        <time>2022-08-01T00:10:50.999Z</time>
      </trkpt>
      <trkpt lat="37.434489" lon="-122.058755">
        <ele>1.203173</ele>
        <time>2022-08-01T00:10:53.999Z</time>
      </trkpt>
      <trkpt lat="37.434528" lon="-122.058618">
        <ele>1.179288</ele>
        <time>2022-08-01T00:10:56.999Z</time>
      </trkpt>
      <trkpt lat="37.434572" lon="-122.058481">
        <ele>1.155035</ele>
        <time>2022-08-01T00:10:59.999Z</time>
      </trkpt>
      <trkpt lat="37.434624" lon="-122.058348">
        <ele>1.130706</ele>
        <time>2022-08-01T00:11:02.999Z</time>
      </trkpt>
      <trkpt lat="37.434673" lon="-122.058208">
        <ele>1.105597</ele>
        <time>2022-08-01T00:11:05.999Z</time>
      </trkpt>
      <trkpt lat="37.434728" lon="-122.058063">
        <ele>1.079225</ele>
        <time>2022-08-01T00:11:08.999Z</time>
      </trkpt>
      <trkpt lat="37.434779" lon="-122.057918">
        <ele>1.053198</ele>
        <time>2022-08-01T00:11:11.999Z</time>
      </trkpt>
      <trkpt lat="37.434825" lon="-122.057773">
        <ele>1.027573</ele>
        <time>2022-08-01T00:11:14.999Z</time>
      </trkpt>
      <trkpt lat="37.434871" lon="-122.057630">
        <ele>1.002252</ele>
        <time>2022-08-01T00:11:17.999Z</time>
      </trkpt>
      <trkpt lat="37.434915" lon="-122.057480">
        <ele>0.976009</ele>
        <time>2022-08-01T00:11:20.999Z</time>
      </trkpt>
      <trkpt lat="37.434964" lon="-122.057332">
        <ele>0.949694</ele>
        <time>2022-08-01T00:11:23.999Z</time>
      </trkpt>
      <trkpt lat="37.435015" lon="-122.057185">
        <ele>0.953016</ele>
        <time>2022-08-01T00:11:26.999Z</time>
      </trkpt>
      <trkpt lat="37.435053" lon="-122.057036">
        <ele>0.963530</ele>
        <time>2022-08-01T00:11:29.999Z</time>
      </trkpt>
      <trkpt lat="37.435098" lon="-122.056909">
        <ele>0.972873</ele>
        <time>2022-08-01T00:11:32.999Z</time>
      </trkpt>
      <trkpt lat="37.435139" lon="-122.056774">
        <ele>0.982583</ele>
        <time>2022-08-01T00:11:35.999Z</time>
      </trkpt>
      <trkpt lat="37.435184" lon="-122.056647">
        <ele>0.991926</ele>
        <time>2022-08-01T00:11:38.999Z</time>
      </trkpt>
      <trkpt lat="37.435237" lon="-122.056519">
        <ele>1.001624</ele>
        <time>2022-08-01T00:11:41.999Z</time>
      </trkpt>
      <trkpt lat="37.435284" lon="-122.056386">
        <ele>1.011404</ele>
        <time>2022-08-01T00:11:44.999Z</time>
      </trkpt>
      <trkpt lat="37.435330" lon="-122.056242">
        <ele>1.021832</ele>
        <time>2022-08-01T00:11:47.999Z</time>
      </trkpt>
      <trkpt lat="37.435378" lon="-122.056098">
        <ele>1.032324</ele>
        <time>2022-08-01T00:11:50.999Z</time>
      </trkpt>
      <trkpt lat="37.435421" lon="-122.055957">
        <ele>1.042471</ele>
        <time>2022-08-01T00:11:53.999Z</time>
      </trkpt>
      <trkpt lat="37.435467" lon="-122.055826">
        <ele>1.052094</ele>
        <time>2022-08-01T00:11:56.999Z</time>
      </trkpt>
      <trkpt lat="37.435507" lon="-122.055694">
        <ele>1.061586</ele>
        <time>2022-08-01T00:11:59.999Z</time>
      </trkpt>
      <trkpt lat="37.435551" lon="-122.055564">
        <ele>1.071080</ele>
        <time>2022-08-01T00:12:02.999Z</time>
      </trkpt>
      <trkpt lat="37.435589" lon="-122.055428">
        <ele>1.080766</ele>
        <time>2022-08-01T00:12:05.999Z</time>
      </trkpt>
      <trkpt lat="37.435634" lon="-122.055296">
        <ele>1.090416</ele>
        <time>2022-08-01T00:12:08.999Z</time>
      </trkpt>
      <trkpt lat="37.435679" lon="-122.055166">
        <ele>1.078290</ele>
        <time>2022-08-01T00:12:11.999Z</time>
      </trkpt>
      <trkpt lat="37.435723" lon="-122.055031">
        <ele>1.024936</ele>
        <time>2022-08-01T00:12:14.999Z</time>
      </trkpt>
      <trkpt lat="37.435768" lon="-122.054895">
        <ele>0.971068</ele>
        <time>2022-08-01T00:12:17.999Z</time>
      </trkpt>
      <trkpt lat="37.435818" lon="-122.054758">
        <ele>0.915942</ele>
        <time>2022-08-01T00:12:20.999Z</time>
      </trkpt>
      <trkpt lat="37.435862" lon="-122.054621">
        <ele>0.861911</ele>
        <time>2022-08-01T00:12:23.999Z</time>
      </trkpt>
      <trkpt lat="37.435903" lon="-122.054482">
        <ele>0.807697</ele>
        <time>2022-08-01T00:12:26.999Z</time>
      </trkpt>
      <trkpt lat="37.435918" lon="-122.054345">
        <ele>0.757135</ele>
        <time>2022-08-01T00:12:29.999Z</time>
      </trkpt>
      <trkpt lat="37.435901" lon="-122.054218">
        <ele>0.710047</ele>
        <time>2022-08-01T00:12:32.999Z</time>
      </trkpt>
      <trkpt lat="37.435825" lon="-122.054118">
        <ele>0.659438</ele>
        <time>2022-08-01T00:12:35.999Z</time>
      </trkpt>
      <trkpt lat="37.435715" lon="-122.054038">
        <ele>0.600949</ele>
        <time>2022-08-01T00:12:38.999Z</time>
      </trkpt>
      <trkpt lat="37.435602" lon="-122.053976">
        <ele>0.544195</ele>
        <time>2022-08-01T00:12:41.999Z</time>
      </trkpt>
      <trkpt lat="37.435487" lon="-122.053912">
        <ele>0.486304</ele>
        <time>2022-08-01T00:12:44.999Z</time>
      </trkpt>
      <trkpt lat="37.435373" lon="-122.053846">
        <ele>0.428532</ele>
        <time>2022-08-01T00:12:47.999Z</time>
      </trkpt>
      <trkpt lat="37.435254" lon="-122.053779">
        <ele>0.368512</ele>
        <time>2022-08-01T00:12:50.999Z</time>
      </trkpt>
      <trkpt lat="37.435166" lon="-122.053737">
        <ele>0.325181</ele>
        <time>2022-08-01T00:12:52.999Z</time>
      </trkpt>
      <trkpt lat="37.435084" lon="-122.053687">
        <ele>0.283231</ele>
        <time>2022-08-01T00:12:54.999Z</time>
      </trkpt>
      <trkpt lat="37.434994" lon="-122.053637">
        <ele>0.272141</ele>
        <time>2022-08-01T00:12:56.999Z</time>
      </trkpt>
      <trkpt lat="37.434900" lon="-122.053582">
        <ele>0.278002</ele>
        <time>2022-08-01T00:12:58.999Z</time>
      </trkpt>
      <trkpt lat="37.434802" lon="-122.053529">
        <ele>0.284032</ele>
        <time>2022-08-01T00:13:00.999Z</time>
      </trkpt>
      <trkpt lat="37.434702" lon="-122.053478">
        <ele>0.290133</ele>
        <time>2022-08-01T00:13:02.999Z</time>
      </trkpt>
      <trkpt lat="37.434607" lon="-122.053418">
        <ele>0.296142</ele>
        <time>2022-08-01T00:13:04.999Z</time>
      </trkpt>
      <trkpt lat="37.434508" lon="-122.053370">
        <ele>0.302141</ele>
        <time>2022-08-01T00:13:06.999Z</time>
      </trkpt>
      <trkpt lat="37.434407" lon="-122.053311">
        <ele>0.308436</ele>
        <time>2022-08-01T00:13:08.999Z</time>
      </trkpt>
      <trkpt lat="37.434303" lon="-122.053247">
        <ele>0.314981</ele>
        <time>2022-08-01T00:13:10.999Z</time>
      </trkpt>
      <trkpt lat="37.434199" lon="-122.053185">
        <ele>0.321487</ele>
        <time>2022-08-01T00:13:12.999Z</time>
      </trkpt>
      <trkpt lat="37.434085" lon="-122.053132">
        <ele>0.328358</ele>
        <time>2022-08-01T00:13:14.999Z</time>
      </trkpt>
      <trkpt lat="37.433978" lon="-122.053066">
        <ele>0.335095</ele>
        <time>2022-08-01T00:13:16.999Z</time>
      </trkpt>
      <trkpt lat="37.433866" lon="-122.053009">
        <ele>0.341926</ele>
        <time>2022-08-01T00:13:18.999Z</time>
      </trkpt>
      <trkpt lat="37.433754" lon="-122.052948">
        <ele>0.348826</ele>
        <time>2022-08-01T00:13:20.999Z</time>
      </trkpt>
      <trkpt lat="37.433641" lon="-122.052887">
        <ele>0.355778</ele>
        <time>2022-08-01T00:13:22.999Z</time>
      </trkpt>
      <trkpt lat="37.433528" lon="-122.052827">
        <ele>0.362712</ele>
        <time>2022-08-01T00:13:24.999Z</time>
      </trkpt>
      <trkpt lat="37.433416" lon="-122.052771">
        <ele>0.369526</ele>
        <time>2022-08-01T00:13:26.999Z</time>
      </trkpt>
      <trkpt lat="37.433307" lon="-122.052710">
        <ele>0.512881</ele>
        <time>2022-08-01T00:13:28.999Z</time>
      </trkpt>
      <trkpt lat="37.433200" lon="-122.052654">
        <ele>0.664564</ele>
        <time>2022-08-01T00:13:30.999Z</time>
      </trkpt>
      <trkpt lat="37.433094" lon="-122.052598">
        <ele>0.815039</ele>
        <time>2022-08-01T00:13:32.999Z</time>
      </trkpt>
      <trkpt lat="37.432988" lon="-122.052541">
        <ele>0.965919</ele>
        <time>2022-08-01T00:13:34.999Z</time>
      </trkpt>
      <trkpt lat="37.432883" lon="-122.052488">
        <ele>1.113999</ele>
        <time>2022-08-01T00:13:36.999Z</time>
      </trkpt>
      <trkpt lat="37.432777" lon="-122.052433">
        <ele>1.264075</ele>
        <time>2022-08-01T00:13:38.999Z</time>
      </trkpt>
      <trkpt lat="37.432666" lon="-122.052376">
        <ele>1.420996</ele>
        <time>2022-08-01T00:13:40.999Z</time>
      </trkpt>
      <trkpt lat="37.432556" lon="-122.052319">
        <ele>1.576705</ele>
        <time>2022-08-01T00:13:42.999Z</time>
      </trkpt>
      <trkpt lat="37.432447" lon="-122.052255">
        <ele>1.734139</ele>
        <time>2022-08-01T00:13:44.999Z</time>
      </trkpt>
      <trkpt lat="37.432334" lon="-122.052193">
        <ele>1.895492</ele>
        <time>2022-08-01T00:13:46.999Z</time>
      </trkpt>
      <trkpt lat="37.432222" lon="-122.052128">
        <ele>2.056925</ele>
        <time>2022-08-01T00:13:48.999Z</time>
      </trkpt>
      <trkpt lat="37.432105" lon="-122.052068">
        <ele>2.222297</ele>
        <time>2022-08-01T00:13:50.999Z</time>
      </trkpt>
      <trkpt lat="37.431988" lon="-122.052002">
        <ele>2.390120</ele>
        <time>2022-08-01T00:13:52.999Z</time>
      </trkpt>
      <trkpt lat="37.431881" lon="-122.051939">
        <ele>2.544741</ele>
        <time>2022-08-01T00:13:54.999Z</time>
      </trkpt>
      <trkpt lat="37.431768" lon="-122.051884">
        <ele>2.703328</ele>
        <time>2022-08-01T00:13:56.999Z</time>
      </trkpt>
      <trkpt lat="37.431657" lon="-122.051825">
        <ele>2.769690</ele>
        <time>2022-08-01T00:13:58.999Z</time>
      </trkpt>
      <trkpt lat="37.431544" lon="-122.051767">
        <ele>2.822459</ele>
        <time>2022-08-01T00:14:00.999Z</time>
      </trkpt>
      <trkpt lat="37.431426" lon="-122.051701">
        <ele>2.878294</ele>
        <time>2022-08-01T00:14:02.999Z</time>
      </trkpt>
      <trkpt lat="37.431319" lon="-122.051634">
        <ele>2.929970</ele>
        <time>2022-08-01T00:14:04.999Z</time>
      </trkpt>
      <trkpt lat="37.431208" lon="-122.051568">
        <ele>2.983053</ele>
        <time>2022-08-01T00:14:06.999Z</time>
      </trkpt>
      <trkpt lat="37.431090" lon="-122.051518">
        <ele>3.036893</ele>
        <time>2022-08-01T00:14:08.999Z</time>
      </trkpt>
      <trkpt lat="37.430973" lon="-122.051483">
        <ele>3.088897</ele>
        <time>2022-08-01T00:14:10.999Z</time>
      </trkpt>
      <trkpt lat="37.430849" lon="-122.051474">
        <ele>3.142609</ele>
        <time>2022-08-01T00:14:12.999Z</time>
      </trkpt>
      <trkpt lat="37.430712" lon="-122.051469">
        <ele>3.201879</ele>
        <time>2022-08-01T00:14:14.999Z</time>
      </trkpt>
      <trkpt lat="37.430578" lon="-122.051469">
        <ele>3.259826</ele>
        <time>2022-08-01T00:14:16.999Z</time>
      </trkpt>
      <trkpt lat="37.430448" lon="-122.051469">
        <ele>3.316044</ele>
        <time>2022-08-01T00:14:18.999Z</time>
      </trkpt>
      <trkpt lat="37.430325" lon="-122.051415">
        <ele>3.372374</ele>
        <time>2022-08-01T00:14:20.999Z</time>
      </trkpt>
      <trkpt lat="37.430207" lon="-122.051372">
        <ele>3.425496</ele>
        <time>2022-08-01T00:14:22.999Z</time>
      </trkpt>
      <trkpt lat="37.430076" lon="-122.051355">
        <ele>3.482447</ele>
        <time>2022-08-01T00:14:24.999Z</time>
      </trkpt>
      <trkpt lat="37.429942" lon="-122.051333">
        <ele>3.436553</ele>
        <time>2022-08-01T00:14:26.999Z</time>
      </trkpt>
      <trkpt lat="37.429811" lon="-122.051316">
        <ele>3.338967</ele>
        <time>2022-08-01T00:14:28.999Z</time>
      </trkpt>
      <trkpt lat="37.429683" lon="-122.051292">
        <ele>3.243073</ele>
        <time>2022-08-01T00:14:30.999Z</time>
      </trkpt>
      <trkpt lat="37.429562" lon="-122.051266">
        <ele>3.152116</ele>
        <time>2022-08-01T00:14:32.999Z</time>
      </trkpt>
      <trkpt lat="37.429441" lon="-122.051242">
        <ele>3.061349</ele>
        <time>2022-08-01T00:14:34.999Z</time>
      </trkpt>
      <trkpt lat="37.429326" lon="-122.051189">
        <ele>2.970606</ele>
        <time>2022-08-01T00:14:36.999Z</time>
      </trkpt>
      <trkpt lat="37.429218" lon="-122.051112">
        <ele>2.878641</ele>
        <time>2022-08-01T00:14:38.999Z</time>
      </trkpt>
      <trkpt lat="37.429104" lon="-122.051052">
        <ele>2.787086</ele>
        <time>2022-08-01T00:14:40.999Z</time>
      </trkpt>
      <trkpt lat="37.428989" lon="-122.050979">
        <ele>2.691656</ele>
        <time>2022-08-01T00:14:42.999Z</time>
      </trkpt>
      <trkpt lat="37.428878" lon="-122.050911">
        <ele>2.600188</ele>
        <time>2022-08-01T00:14:44.999Z</time>
      </trkpt>
      <trkpt lat="37.428769" lon="-122.050830">
        <ele>2.506403</ele>
        <time>2022-08-01T00:14:46.999Z</time>
      </trkpt>
      <trkpt lat="37.428670" lon="-122.050733">
        <ele>2.413454</ele>
        <time>2022-08-01T00:14:48.999Z</time>
      </trkpt>
      <trkpt lat="37.428574" lon="-122.050628">
        <ele>2.319231</ele>
        <time>2022-08-01T00:14:50.999Z</time>
      </trkpt>
      <trkpt lat="37.428475" lon="-122.050537">
        <ele>2.228407</ele>
        <time>2022-08-01T00:14:52.999Z</time>
      </trkpt>
      <trkpt lat="37.428374" lon="-122.050432">
        <ele>2.168668</ele>
        <time>2022-08-01T00:14:54.999Z</time>
      </trkpt>
      <trkpt lat="37.428271" lon="-122.050336">
        <ele>2.166272</ele>
        <time>2022-08-01T00:14:56.999Z</time>
      </trkpt>
      <trkpt lat="37.428169" lon="-122.050241">
        <ele>2.163900</ele>
        <time>2022-08-01T00:14:58.999Z</time>
      </trkpt>
      <trkpt lat="37.428071" lon="-122.050148">
        <ele>2.161606</ele>
        <time>2022-08-01T00:15:00.999Z</time>
      </trkpt>
      <trkpt lat="37.427971" lon="-122.050060">
        <ele>2.159325</ele>
        <time>2022-08-01T00:15:02.999Z</time>
      </trkpt>
      <trkpt lat="37.427879" lon="-122.049965">
        <ele>2.157101</ele>
        <time>2022-08-01T00:15:04.999Z</time>
      </trkpt>
      <trkpt lat="37.427789" lon="-122.049869">
        <ele>2.154896</ele>
        <time>2022-08-01T00:15:06.999Z</time>
      </trkpt>
      <trkpt lat="37.427694" lon="-122.049774">
        <ele>2.152628</ele>
        <time>2022-08-01T00:15:08.999Z</time>
      </trkpt>
      <trkpt lat="37.427603" lon="-122.049670">
        <ele>2.150330</ele>
        <time>2022-08-01T00:15:10.999Z</time>
      </trkpt>
      <trkpt lat="37.427502" lon="-122.049583">
        <ele>2.148043</ele>
        <time>2022-08-01T00:15:12.999Z</time>
      </trkpt>
      <trkpt lat="37.427388" lon="-122.049508">
        <ele>2.145638</ele>
        <time>2022-08-01T00:15:14.999Z</time>
      </trkpt>
      <trkpt lat="37.427280" lon="-122.049420">
        <ele>2.143233</ele>
        <time>2022-08-01T00:15:16.999Z</time>
      </trkpt>
      <trkpt lat="37.427174" lon="-122.049327">
        <ele>2.140818</ele>
        <time>2022-08-01T00:15:18.999Z</time>
      </trkpt>
      <trkpt lat="37.427075" lon="-122.049226">
        <ele>2.138436</ele>
        <time>2022-08-01T00:15:20.999Z</time>
      </trkpt>
      <trkpt lat="37.426982" lon="-122.049118">
        <ele>2.136070</ele>
        <time>2022-08-01T00:15:22.999Z</time>
      </trkpt>
      <trkpt lat="37.426899" lon="-122.049000">
        <ele>2.114262</ele>
        <time>2022-08-01T00:15:24.999Z</time>
      </trkpt>
      <trkpt lat="37.426834" lon="-122.048867">
        <ele>2.092119</ele>
        <time>2022-08-01T00:15:26.999Z</time>
      </trkpt>
      <trkpt lat="37.426806" lon="-122.048719">
        <ele>2.070546</ele>
        <time>2022-08-01T00:15:28.999Z</time>
      </trkpt>
      <trkpt lat="37.426808" lon="-122.048571">
        <ele>2.049557</ele>
        <time>2022-08-01T00:15:30.999Z</time>
      </trkpt>
      <trkpt lat="37.426810" lon="-122.048426">
        <ele>2.028994</ele>
        <time>2022-08-01T00:15:32.999Z</time>
      </trkpt>
      <trkpt lat="37.426816" lon="-122.048285">
        <ele>2.008972</ele>
        <time>2022-08-01T00:15:34.999Z</time>
      </trkpt>
      <trkpt lat="37.426820" lon="-122.048146">
        <ele>1.989250</ele>
        <time>2022-08-01T00:15:36.999Z</time>
      </trkpt>
      <trkpt lat="37.426821" lon="-122.048009">
        <ele>1.969823</ele>
        <time>2022-08-01T00:15:38.999Z</time>
      </trkpt>
      <trkpt lat="37.426814" lon="-122.047876">
        <ele>1.950923</ele>
        <time>2022-08-01T00:15:40.999Z</time>
      </trkpt>
      <trkpt lat="37.426810" lon="-122.047739">
        <ele>1.931484</ele>
        <time>2022-08-01T00:15:42.999Z</time>
      </trkpt>
      <trkpt lat="37.426801" lon="-122.047603">
        <ele>1.912134</ele>
        <time>2022-08-01T00:15:44.999Z</time>
      </trkpt>
      <trkpt lat="37.426798" lon="-122.047464">
        <ele>1.892417</ele>
        <time>2022-08-01T00:15:46.999Z</time>
      </trkpt>
      <trkpt lat="37.426795" lon="-122.047322">
        <ele>1.872275</ele>
        <time>2022-08-01T00:15:48.999Z</time>
      </trkpt>
      <trkpt lat="37.426799" lon="-122.047180">
        <ele>1.852127</ele>
        <time>2022-08-01T00:15:50.999Z</time>
      </trkpt>
      <trkpt lat="37.426810" lon="-122.047045">
        <ele>1.832885</ele>
        <time>2022-08-01T00:15:52.999Z</time>
      </trkpt>
      <trkpt lat="37.426825" lon="-122.046910">
        <ele>1.815450</ele>
        <time>2022-08-01T00:15:54.999Z</time>
      </trkpt>
      <trkpt lat="37.426850" lon="-122.046786">
        <ele>1.823788</ele>
        <time>2022-08-01T00:15:56.999Z</time>
      </trkpt>
      <trkpt lat="37.426875" lon="-122.046664">
        <ele>1.831999</ele>
        <time>2022-08-01T00:15:58.999Z</time>
      </trkpt>
      <trkpt lat="37.426900" lon="-122.046548">
        <ele>1.839833</ele>
        <time>2022-08-01T00:16:00.999Z</time>
      </trkpt>
      <trkpt lat="37.426926" lon="-122.046433">
        <ele>1.847625</ele>
        <time>2022-08-01T00:16:02.999Z</time>
      </trkpt>
      <trkpt lat="37.426950" lon="-122.046322">
        <ele>1.855122</ele>
        <time>2022-08-01T00:16:04.999Z</time>
      </trkpt>
      <trkpt lat="37.426983" lon="-122.046155">
        <ele>1.866338</ele>
        <time>2022-08-01T00:16:07.999Z</time>
      </trkpt>
      <trkpt lat="37.427020" lon="-122.045995">
        <ele>1.877198</ele>
        <time>2022-08-01T00:16:10.999Z</time>
      </trkpt>
      <trkpt lat="37.427054" lon="-122.045837">
        <ele>1.887867</ele>
        <time>2022-08-01T00:16:13.999Z</time>
      </trkpt>
      <trkpt lat="37.427089" lon="-122.045687">
        <ele>1.898055</ele>
        <time>2022-08-01T00:16:16.999Z</time>
      </trkpt>
      <trkpt lat="37.427118" lon="-122.045541">
        <ele>1.907863</ele>
        <time>2022-08-01T00:16:19.999Z</time>
      </trkpt>
      <trkpt lat="37.427153" lon="-122.045393">
        <ele>1.917927</ele>
        <time>2022-08-01T00:16:22.999Z</time>
      </trkpt>
      <trkpt lat="37.427187" lon="-122.045252">
        <ele>1.927531</ele>
        <time>2022-08-01T00:16:25.999Z</time>
      </trkpt>
      <trkpt lat="37.427216" lon="-122.045114">
        <ele>1.936834</ele>
        <time>2022-08-01T00:16:28.999Z</time>
      </trkpt>
      <trkpt lat="37.427251" lon="-122.044974">
        <ele>1.946399</ele>
        <time>2022-08-01T00:16:31.999Z</time>
      </trkpt>
      <trkpt lat="37.427288" lon="-122.044832">
        <ele>1.956139</ele>
        <time>2022-08-01T00:16:34.999Z</time>
      </trkpt>
      <trkpt lat="37.427325" lon="-122.044696">
        <ele>1.959929</ele>
        <time>2022-08-01T00:16:37.999Z</time>
      </trkpt>
      <trkpt lat="37.427355" lon="-122.044568">
        <ele>1.952701</ele>
        <time>2022-08-01T00:16:40.999Z</time>
      </trkpt>
      <trkpt lat="37.427382" lon="-122.044443">
        <ele>1.945685</ele>
        <time>2022-08-01T00:16:43.999Z</time>
      </trkpt>
      <trkpt lat="37.427410" lon="-122.044315">
        <ele>1.938494</ele>
        <time>2022-08-01T00:16:46.999Z</time>
      </trkpt>
      <trkpt lat="37.427440" lon="-122.044185">
        <ele>1.931162</ele>
        <time>2022-08-01T00:16:49.999Z</time>
      </trkpt>
      <trkpt lat="37.427471" lon="-122.044055">
        <ele>1.923811</ele>
        <time>2022-08-01T00:16:52.999Z</time>
      </trkpt>
      <trkpt lat="37.427505" lon="-122.043927">
        <ele>1.916500</ele>
        <time>2022-08-01T00:16:55.999Z</time>
      </trkpt>
      <trkpt lat="37.427534" lon="-122.043799">
        <ele>1.909291</ele>
        <time>2022-08-01T00:16:58.999Z</time>
      </trkpt>
      <trkpt lat="37.427557" lon="-122.043670">
        <ele>1.902130</ele>
        <time>2022-08-01T00:17:01.999Z</time>
      </trkpt>
      <trkpt lat="37.427577" lon="-122.043539">
        <ele>1.894905</ele>
        <time>2022-08-01T00:17:04.999Z</time>
      </trkpt>
      <trkpt lat="37.427589" lon="-122.043402">
        <ele>1.887440</ele>
        <time>2022-08-01T00:17:07.999Z</time>
      </trkpt>
      <trkpt lat="37.427588" lon="-122.043261">
        <ele>1.879803</ele>
        <time>2022-08-01T00:17:10.999Z</time>
      </trkpt>
      <trkpt lat="37.427583" lon="-122.043113">
        <ele>1.871780</ele>
        <time>2022-08-01T00:17:13.999Z</time>
      </trkpt>
      <trkpt lat="37.427566" lon="-122.042972">
        <ele>1.864056</ele>
        <time>2022-08-01T00:17:16.999Z</time>
      </trkpt>
      <trkpt lat="37.427553" lon="-122.042836">
        <ele>1.856637</ele>
        <time>2022-08-01T00:17:19.999Z</time>
      </trkpt>
      <trkpt lat="37.427539" lon="-122.042700">
        <ele>1.849210</ele>
        <time>2022-08-01T00:17:22.999Z</time>
      </trkpt>
      <trkpt lat="37.427533" lon="-122.042571">
        <ele>1.842211</ele>
        <time>2022-08-01T00:17:25.999Z</time>
      </trkpt>
      <trkpt lat="37.427573" lon="-122.042442">
        <ele>1.818987</ele>
        <time>2022-08-01T00:17:29.999Z</time>
      </trkpt>
      <trkpt lat="37.427503" lon="-122.042357">
        <ele>1.791825</ele>
        <time>2022-08-01T00:22:20.575Z</time>
      </trkpt>
      <trkpt lat="37.427501" lon="-122.042205">
        <ele>1.758104</ele>
        <time>2022-08-01T00:22:24.375Z</time>
      </trkpt>
      <trkpt lat="37.427478" lon="-122.042077">
        <ele>1.728994</ele>
        <time>2022-08-01T00:22:27.225Z</time>
      </trkpt>
      <trkpt lat="37.427464" lon="-122.041934">
        <ele>1.697034</ele>
        <time>2022-08-01T00:22:30.075Z</time>
      </trkpt>
      <trkpt lat="37.427451" lon="-122.041779">
        <ele>1.662461</ele>
        <time>2022-08-01T00:22:32.999Z</time>
      </trkpt>
      <trkpt lat="37.427438" lon="-122.041627">
        <ele>1.628550</ele>
        <time>2022-08-01T00:22:35.999Z</time>
      </trkpt>
      <trkpt lat="37.427426" lon="-122.041477">
        <ele>1.595109</ele>
        <time>2022-08-01T00:22:38.999Z</time>
      </trkpt>
      <trkpt lat="37.427415" lon="-122.041313">
        <ele>1.558602</ele>
        <time>2022-08-01T00:22:41.999Z</time>
      </trkpt>
      <trkpt lat="37.427398" lon="-122.041151">
        <ele>1.522355</ele>
        <time>2022-08-01T00:22:44.999Z</time>
      </trkpt>
      <trkpt lat="37.427379" lon="-122.040983">
        <ele>1.484714</ele>
        <time>2022-08-01T00:22:47.999Z</time>
      </trkpt>
      <trkpt lat="37.427357" lon="-122.040815">
        <ele>1.446946</ele>
        <time>2022-08-01T00:22:50.999Z</time>
      </trkpt>
      <trkpt lat="37.427343" lon="-122.040698">
        <ele>1.420700</ele>
        <time>2022-08-01T00:22:52.999Z</time>
      </trkpt>
      <trkpt lat="37.427338" lon="-122.040584">
        <ele>1.395374</ele>
        <time>2022-08-01T00:22:54.999Z</time>
      </trkpt>
      <trkpt lat="37.427321" lon="-122.040468">
        <ele>1.369209</ele>
        <time>2022-08-01T00:22:56.999Z</time>
      </trkpt>
      <trkpt lat="37.427313" lon="-122.040298">
        <ele>1.338243</ele>
        <time>2022-08-01T00:22:59.999Z</time>
      </trkpt>
      <trkpt lat="37.427293" lon="-122.040182">
        <ele>1.342022</ele>
        <time>2022-08-01T00:23:01.999Z</time>
      </trkpt>
      <trkpt lat="37.427280" lon="-122.040062">
        <ele>1.345878</ele>
        <time>2022-08-01T00:23:03.998Z</time>
      </trkpt>
      <trkpt lat="37.427274" lon="-122.039946">
        <ele>1.349578</ele>
        <time>2022-08-01T00:23:05.998Z</time>
      </trkpt>
      <trkpt lat="37.427262" lon="-122.039827">
        <ele>1.353397</ele>
        <time>2022-08-01T00:23:07.998Z</time>
      </trkpt>
      <trkpt lat="37.427250" lon="-122.039709">
        <ele>1.357184</ele>
        <time>2022-08-01T00:23:09.998Z</time>
      </trkpt>
      <trkpt lat="37.427238" lon="-122.039592">
        <ele>1.360940</ele>
        <time>2022-08-01T00:23:11.998Z</time>
      </trkpt>
      <trkpt lat="37.427229" lon="-122.039471">
        <ele>1.364808</ele>
        <time>2022-08-01T00:23:13.998Z</time>
      </trkpt>
      <trkpt lat="37.427218" lon="-122.039352">
        <ele>1.368622</ele>
        <time>2022-08-01T00:23:15.998Z</time>
      </trkpt>
      <trkpt lat="37.427208" lon="-122.039235">
        <ele>1.372368</ele>
        <time>2022-08-01T00:23:17.998Z</time>
      </trkpt>
      <trkpt lat="37.427197" lon="-122.039113">
        <ele>1.376277</ele>
        <time>2022-08-01T00:23:19.998Z</time>
      </trkpt>
      <trkpt lat="37.427193" lon="-122.038987">
        <ele>1.380291</ele>
        <time>2022-08-01T00:23:21.998Z</time>
      </trkpt>
      <trkpt lat="37.427175" lon="-122.038868">
        <ele>1.384148</ele>
        <time>2022-08-01T00:23:23.998Z</time>
      </trkpt>
      <trkpt lat="37.427162" lon="-122.038747">
        <ele>1.388035</ele>
        <time>2022-08-01T00:23:25.998Z</time>
      </trkpt>
      <trkpt lat="37.427159" lon="-122.038629">
        <ele>1.391793</ele>
        <time>2022-08-01T00:23:27.998Z</time>
      </trkpt>
      <trkpt lat="37.427144" lon="-122.038511">
        <ele>1.395598</ele>
        <time>2022-08-01T00:23:29.998Z</time>
      </trkpt>
      <trkpt lat="37.427136" lon="-122.038394">
        <ele>1.399336</ele>
        <time>2022-08-01T00:23:31.998Z</time>
      </trkpt>
      <trkpt lat="37.427117" lon="-122.038274">
        <ele>1.403231</ele>
        <time>2022-08-01T00:23:33.998Z</time>
      </trkpt>
      <trkpt lat="37.427103" lon="-122.038152">
        <ele>1.407155</ele>
        <time>2022-08-01T00:23:35.998Z</time>
      </trkpt>
      <trkpt lat="37.427096" lon="-122.038029">
        <ele>1.406971</ele>
        <time>2022-08-01T00:23:37.998Z</time>
      </trkpt>
      <trkpt lat="37.427076" lon="-122.037905">
        <ele>1.400586</ele>
        <time>2022-08-01T00:23:39.998Z</time>
      </trkpt>
      <trkpt lat="37.427069" lon="-122.037786">
        <ele>1.394564</ele>
        <time>2022-08-01T00:23:41.998Z</time>
      </trkpt>
      <trkpt lat="37.427059" lon="-122.037665">
        <ele>1.388424</ele>
        <time>2022-08-01T00:23:43.998Z</time>
      </trkpt>
      <trkpt lat="37.427050" lon="-122.037541">
        <ele>1.382141</ele>
        <time>2022-08-01T00:23:45.998Z</time>
      </trkpt>
      <trkpt lat="37.427038" lon="-122.037428">
        <ele>1.376387</ele>
        <time>2022-08-01T00:23:47.998Z</time>
      </trkpt>
      <trkpt lat="37.427027" lon="-122.037314">
        <ele>1.370592</ele>
        <time>2022-08-01T00:23:49.998Z</time>
      </trkpt>
      <trkpt lat="37.427014" lon="-122.037198">
        <ele>1.364680</ele>
        <time>2022-08-01T00:23:51.998Z</time>
      </trkpt>
      <trkpt lat="37.426997" lon="-122.037028">
        <ele>1.356033</ele>
        <time>2022-08-01T00:23:54.998Z</time>
      </trkpt>
      <trkpt lat="37.426996" lon="-122.036868">
        <ele>1.347958</ele>
        <time>2022-08-01T00:23:57.998Z</time>
      </trkpt>
      <trkpt lat="37.426979" lon="-122.036754">
        <ele>1.342104</ele>
        <time>2022-08-01T00:23:59.998Z</time>
      </trkpt>
      <trkpt lat="37.426977" lon="-122.036588">
        <ele>1.333726</ele>
        <time>2022-08-01T00:24:02.998Z</time>
      </trkpt>
      <trkpt lat="37.426973" lon="-122.036419">
        <ele>1.325193</ele>
        <time>2022-08-01T00:24:05.998Z</time>
      </trkpt>
      <trkpt lat="37.426954" lon="-122.036250">
        <ele>1.316579</ele>
        <time>2022-08-01T00:24:08.998Z</time>
      </trkpt>
      <trkpt lat="37.426942" lon="-122.036081">
        <ele>1.308017</ele>
        <time>2022-08-01T00:24:11.998Z</time>
      </trkpt>
      <trkpt lat="37.426931" lon="-122.035968">
        <ele>1.302271</ele>
        <time>2022-08-01T00:24:13.998Z</time>
      </trkpt>
      <trkpt lat="37.426915" lon="-122.035848">
        <ele>1.296131</ele>
        <time>2022-08-01T00:24:15.998Z</time>
      </trkpt>
      <trkpt lat="37.426902" lon="-122.035730">
        <ele>1.317035</ele>
        <time>2022-08-01T00:24:17.998Z</time>
      </trkpt>
      <trkpt lat="37.426880" lon="-122.035608">
        <ele>1.344235</ele>
        <time>2022-08-01T00:24:19.998Z</time>
      </trkpt>
      <trkpt lat="37.426860" lon="-122.035487">
        <ele>1.371106</ele>
        <time>2022-08-01T00:24:21.999Z</time>
      </trkpt>
      <trkpt lat="37.426843" lon="-122.035367">
        <ele>1.397608</ele>
        <time>2022-08-01T00:24:23.999Z</time>
      </trkpt>
      <trkpt lat="37.426817" lon="-122.035247">
        <ele>1.424652</ele>
        <time>2022-08-01T00:24:25.999Z</time>
      </trkpt>
      <trkpt lat="37.426794" lon="-122.035126">
        <ele>1.451702</ele>
        <time>2022-08-01T00:24:27.999Z</time>
      </trkpt>
      <trkpt lat="37.426777" lon="-122.035008">
        <ele>1.477776</ele>
        <time>2022-08-01T00:24:29.999Z</time>
      </trkpt>
      <trkpt lat="37.426708" lon="-122.034879">
        <ele>1.511591</ele>
        <time>2022-08-01T00:24:32.999Z</time>
      </trkpt>
      <trkpt lat="37.426591" lon="-122.034889">
        <ele>1.543697</ele>
        <time>2022-08-01T00:24:35.999Z</time>
      </trkpt>
      <trkpt lat="37.426506" lon="-122.034821">
        <ele>1.571267</ele>
        <time>2022-08-01T00:24:41.999Z</time>
      </trkpt>
      <trkpt lat="37.426483" lon="-122.034701">
        <ele>1.598107</ele>
        <time>2022-08-01T00:24:45.999Z</time>
      </trkpt>
      <trkpt lat="37.426447" lon="-122.034555">
        <ele>1.631344</ele>
        <time>2022-08-01T00:24:49.999Z</time>
      </trkpt>
      <trkpt lat="37.426363" lon="-122.034492">
        <ele>1.658112</ele>
        <time>2022-08-01T00:24:55.999Z</time>
      </trkpt>
      <trkpt lat="37.426275" lon="-122.034405">
        <ele>1.688742</ele>
        <time>2022-08-01T00:24:59.999Z</time>
      </trkpt>
      <trkpt lat="37.426235" lon="-122.034279">
        <ele>1.718245</ele>
        <time>2022-08-01T00:25:02.999Z</time>
      </trkpt>
      <trkpt lat="37.426216" lon="-122.034108">
        <ele>1.755785</ele>
        <time>2022-08-01T00:25:05.999Z</time>
      </trkpt>
      <trkpt lat="37.426210" lon="-122.033983">
        <ele>1.783012</ele>
        <time>2022-08-01T00:25:07.999Z</time>
      </trkpt>
      <trkpt lat="37.426203" lon="-122.033830">
        <ele>1.786066</ele>
        <time>2022-08-01T00:25:10.999Z</time>
      </trkpt>
      <trkpt lat="37.426167" lon="-122.033677">
        <ele>1.784188</ele>
        <time>2022-08-01T00:25:13.999Z</time>
      </trkpt>
      <trkpt lat="37.426134" lon="-122.033517">
        <ele>1.782244</ele>
        <time>2022-08-01T00:25:16.998Z</time>
      </trkpt>
      <trkpt lat="37.426105" lon="-122.033352">
        <ele>1.780255</ele>
        <time>2022-08-01T00:25:19.998Z</time>
      </trkpt>
      <trkpt lat="37.426084" lon="-122.033242">
        <ele>1.778924</ele>
        <time>2022-08-01T00:25:21.998Z</time>
      </trkpt>
      <trkpt lat="37.426047" lon="-122.033082">
        <ele>1.776964</ele>
        <time>2022-08-01T00:25:24.998Z</time>
      </trkpt>
      <trkpt lat="37.426020" lon="-122.032970">
        <ele>1.775587</ele>
        <time>2022-08-01T00:25:26.998Z</time>
      </trkpt>
      <trkpt lat="37.425990" lon="-122.032804">
        <ele>1.773584</ele>
        <time>2022-08-01T00:25:29.998Z</time>
      </trkpt>
      <trkpt lat="37.425964" lon="-122.032695">
        <ele>1.772245</ele>
        <time>2022-08-01T00:25:31.998Z</time>
      </trkpt>
      <trkpt lat="37.425944" lon="-122.032580">
        <ele>1.770860</ele>
        <time>2022-08-01T00:25:33.998Z</time>
      </trkpt>
      <trkpt lat="37.425910" lon="-122.032425">
        <ele>1.768968</ele>
        <time>2022-08-01T00:25:36.998Z</time>
      </trkpt>
      <trkpt lat="37.425882" lon="-122.032264">
        <ele>1.767029</ele>
        <time>2022-08-01T00:25:39.998Z</time>
      </trkpt>
      <trkpt lat="37.425848" lon="-122.032109">
        <ele>1.765137</ele>
        <time>2022-08-01T00:25:42.998Z</time>
      </trkpt>
      <trkpt lat="37.425812" lon="-122.031948">
        <ele>1.763169</ele>
        <time>2022-08-01T00:25:45.998Z</time>
      </trkpt>
      <trkpt lat="37.425776" lon="-122.031784">
        <ele>1.761167</ele>
        <time>2022-08-01T00:25:48.998Z</time>
      </trkpt>
      <trkpt lat="37.425740" lon="-122.031616">
        <ele>1.759479</ele>
        <time>2022-08-01T00:25:51.998Z</time>
      </trkpt>
      <trkpt lat="37.425720" lon="-122.031497">
        <ele>1.758326</ele>
        <time>2022-08-01T00:25:53.998Z</time>
      </trkpt>
      <trkpt lat="37.425704" lon="-122.031380">
        <ele>1.757200</ele>
        <time>2022-08-01T00:25:55.998Z</time>
      </trkpt>
      <trkpt lat="37.425682" lon="-122.031262">
        <ele>1.756050</ele>
        <time>2022-08-01T00:25:57.998Z</time>
      </trkpt>
      <trkpt lat="37.425656" lon="-122.031095">
        <ele>1.754437</ele>
        <time>2022-08-01T00:26:00.998Z</time>
      </trkpt>
      <trkpt lat="37.425630" lon="-122.030980">
        <ele>1.753303</ele>
        <time>2022-08-01T00:26:02.998Z</time>
      </trkpt>
      <trkpt lat="37.425601" lon="-122.030866">
        <ele>1.752168</ele>
        <time>2022-08-01T00:26:04.998Z</time>
      </trkpt>
      <trkpt lat="37.425561" lon="-122.030754">
        <ele>1.751003</ele>
        <time>2022-08-01T00:26:06.998Z</time>
      </trkpt>
      <trkpt lat="37.425535" lon="-122.030637">
        <ele>1.749851</ele>
        <time>2022-08-01T00:26:08.998Z</time>
      </trkpt>
      <trkpt lat="37.425514" lon="-122.030516">
        <ele>1.748676</ele>
        <time>2022-08-01T00:26:10.998Z</time>
      </trkpt>
      <trkpt lat="37.425491" lon="-122.030395">
        <ele>1.747496</ele>
        <time>2022-08-01T00:26:12.998Z</time>
      </trkpt>
      <trkpt lat="37.425469" lon="-122.030274">
        <ele>1.746319</ele>
        <time>2022-08-01T00:26:14.998Z</time>
      </trkpt>
      <trkpt lat="37.425447" lon="-122.030155">
        <ele>1.745160</ele>
        <time>2022-08-01T00:26:16.998Z</time>
      </trkpt>
      <trkpt lat="37.425432" lon="-122.030036">
        <ele>1.744018</ele>
        <time>2022-08-01T00:26:18.998Z</time>
      </trkpt>
      <trkpt lat="37.425405" lon="-122.029920">
        <ele>1.742871</ele>
        <time>2022-08-01T00:26:20.998Z</time>
      </trkpt>
      <trkpt lat="37.425379" lon="-122.029807">
        <ele>1.741756</ele>
        <time>2022-08-01T00:26:22.998Z</time>
      </trkpt>
      <trkpt lat="37.425351" lon="-122.029696">
        <ele>1.740651</ele>
        <time>2022-08-01T00:26:24.998Z</time>
      </trkpt>
      <trkpt lat="37.425328" lon="-122.029583">
        <ele>1.739545</ele>
        <time>2022-08-01T00:26:26.999Z</time>
      </trkpt>
      <trkpt lat="37.425311" lon="-122.029471">
        <ele>1.710547</ele>
        <time>2022-08-01T00:26:28.999Z</time>
      </trkpt>
      <trkpt lat="37.425287" lon="-122.029359">
        <ele>1.679648</ele>
        <time>2022-08-01T00:26:30.999Z</time>
      </trkpt>
      <trkpt lat="37.425267" lon="-122.029245">
        <ele>1.648550</ele>
        <time>2022-08-01T00:26:32.999Z</time>
      </trkpt>
      <trkpt lat="37.425243" lon="-122.029131">
        <ele>1.617136</ele>
        <time>2022-08-01T00:26:34.999Z</time>
      </trkpt>
      <trkpt lat="37.425221" lon="-122.029015">
        <ele>1.585369</ele>
        <time>2022-08-01T00:26:36.999Z</time>
      </trkpt>
      <trkpt lat="37.425198" lon="-122.028901">
        <ele>1.554038</ele>
        <time>2022-08-01T00:26:38.999Z</time>
      </trkpt>
      <trkpt lat="37.425173" lon="-122.028780">
        <ele>1.520735</ele>
        <time>2022-08-01T00:26:40.999Z</time>
      </trkpt>
      <trkpt lat="37.425153" lon="-122.028664">
        <ele>1.489117</ele>
        <time>2022-08-01T00:26:42.999Z</time>
      </trkpt>
      <trkpt lat="37.425130" lon="-122.028548">
        <ele>1.457271</ele>
        <time>2022-08-01T00:26:44.999Z</time>
      </trkpt>
      <trkpt lat="37.425105" lon="-122.028436">
        <ele>1.426282</ele>
        <time>2022-08-01T00:26:46.999Z</time>
      </trkpt>
      <trkpt lat="37.425082" lon="-122.028318">
        <ele>1.393918</ele>
        <time>2022-08-01T00:26:48.999Z</time>
      </trkpt>
      <trkpt lat="37.425061" lon="-122.028200">
        <ele>1.361707</ele>
        <time>2022-08-01T00:26:50.999Z</time>
      </trkpt>
      <trkpt lat="37.425036" lon="-122.028084">
        <ele>1.329691</ele>
        <time>2022-08-01T00:26:52.999Z</time>
      </trkpt>
      <trkpt lat="37.425011" lon="-122.027969">
        <ele>1.297932</ele>
        <time>2022-08-01T00:26:54.999Z</time>
      </trkpt>
      <trkpt lat="37.424985" lon="-122.027853">
        <ele>1.265827</ele>
        <time>2022-08-01T00:26:56.999Z</time>
      </trkpt>
      <trkpt lat="37.424954" lon="-122.027742">
        <ele>1.234485</ele>
        <time>2022-08-01T00:26:58.999Z</time>
      </trkpt>
      <trkpt lat="37.424919" lon="-122.027638">
        <ele>1.204399</ele>
        <time>2022-08-01T00:27:00.999Z</time>
      </trkpt>
      <trkpt lat="37.424877" lon="-122.027536">
        <ele>1.173795</ele>
        <time>2022-08-01T00:27:02.999Z</time>
      </trkpt>
      <trkpt lat="37.424823" lon="-122.027439">
        <ele>1.142241</ele>
        <time>2022-08-01T00:27:04.999Z</time>
      </trkpt>
      <trkpt lat="37.424747" lon="-122.027361">
        <ele>1.168049</ele>
        <time>2022-08-01T00:27:06.999Z</time>
      </trkpt>
      <trkpt lat="37.424663" lon="-122.027298">
        <ele>1.206921</ele>
        <time>2022-08-01T00:27:08.999Z</time>
      </trkpt>
      <trkpt lat="37.424573" lon="-122.027252">
        <ele>1.245539</ele>
        <time>2022-08-01T00:27:10.998Z</time>
      </trkpt>
      <trkpt lat="37.424478" lon="-122.027211">
        <ele>1.285466</ele>
        <time>2022-08-01T00:27:12.998Z</time>
      </trkpt>
      <trkpt lat="37.424378" lon="-122.027194">
        <ele>1.325585</ele>
        <time>2022-08-01T00:27:14.998Z</time>
      </trkpt>
      <trkpt lat="37.424281" lon="-122.027188">
        <ele>1.364197</ele>
        <time>2022-08-01T00:27:16.998Z</time>
      </trkpt>
      <trkpt lat="37.424185" lon="-122.027190">
        <ele>1.402370</ele>
        <time>2022-08-01T00:27:18.998Z</time>
      </trkpt>
      <trkpt lat="37.424087" lon="-122.027193">
        <ele>1.441345</ele>
        <time>2022-08-01T00:27:20.998Z</time>
      </trkpt>
      <trkpt lat="37.423988" lon="-122.027179">
        <ele>1.480953</ele>
        <time>2022-08-01T00:27:22.998Z</time>
      </trkpt>
      <trkpt lat="37.423893" lon="-122.027159">
        <ele>1.519247</ele>
        <time>2022-08-01T00:27:24.998Z</time>
      </trkpt>
      <trkpt lat="37.423802" lon="-122.027115">
        <ele>1.558003</ele>
        <time>2022-08-01T00:27:26.998Z</time>
      </trkpt>
      <trkpt lat="37.423715" lon="-122.027056">
        <ele>1.597290</ele>
        <time>2022-08-01T00:27:28.998Z</time>
      </trkpt>
      <trkpt lat="37.423625" lon="-122.027003">
        <ele>1.636793</ele>
        <time>2022-08-01T00:27:30.998Z</time>
      </trkpt>
      <trkpt lat="37.423539" lon="-122.026940">
        <ele>1.676350</ele>
        <time>2022-08-01T00:27:32.998Z</time>
      </trkpt>
      <trkpt lat="37.423459" lon="-122.026864">
        <ele>1.716194</ele>
        <time>2022-08-01T00:27:34.998Z</time>
      </trkpt>
      <trkpt lat="37.423386" lon="-122.026774">
        <ele>1.756813</ele>
        <time>2022-08-01T00:27:36.998Z</time>
      </trkpt>
      <trkpt lat="37.423319" lon="-122.026681">
        <ele>1.796459</ele>
        <time>2022-08-01T00:27:38.998Z</time>
      </trkpt>
      <trkpt lat="37.423263" lon="-122.026579">
        <ele>1.835612</ele>
        <time>2022-08-01T00:27:40.998Z</time>
      </trkpt>
      <trkpt lat="37.423206" lon="-122.026478">
        <ele>1.861455</ele>
        <time>2022-08-01T00:27:42.998Z</time>
      </trkpt>
      <trkpt lat="37.423153" lon="-122.026366">
        <ele>1.879271</ele>
        <time>2022-08-01T00:27:44.998Z</time>
      </trkpt>
      <trkpt lat="37.423110" lon="-122.026250">
        <ele>1.896764</ele>
        <time>2022-08-01T00:27:46.998Z</time>
      </trkpt>
      <trkpt lat="37.423070" lon="-122.026134">
        <ele>1.914045</ele>
        <time>2022-08-01T00:27:48.998Z</time>
      </trkpt>
      <trkpt lat="37.423032" lon="-122.026010">
        <ele>1.932207</ele>
        <time>2022-08-01T00:27:50.998Z</time>
      </trkpt>
      <trkpt lat="37.422996" lon="-122.025892">
        <ele>1.949481</ele>
        <time>2022-08-01T00:27:52.998Z</time>
      </trkpt>
      <trkpt lat="37.422960" lon="-122.025774">
        <ele>1.966755</ele>
        <time>2022-08-01T00:27:54.998Z</time>
      </trkpt>
      <trkpt lat="37.422926" lon="-122.025655">
        <ele>1.984036</ele>
        <time>2022-08-01T00:27:56.998Z</time>
      </trkpt>
      <trkpt lat="37.422890" lon="-122.025543">
        <ele>2.000547</ele>
        <time>2022-08-01T00:27:58.998Z</time>
      </trkpt>
      <trkpt lat="37.422849" lon="-122.025430">
        <ele>2.017524</ele>
        <time>2022-08-01T00:28:00.998Z</time>
      </trkpt>
      <trkpt lat="37.422812" lon="-122.025315">
        <ele>2.034479</ele>
        <time>2022-08-01T00:28:02.998Z</time>
      </trkpt>
      <trkpt lat="37.422773" lon="-122.025201">
        <ele>2.051441</ele>
        <time>2022-08-01T00:28:04.998Z</time>
      </trkpt>
      <trkpt lat="37.422741" lon="-122.025084">
        <ele>2.068351</ele>
        <time>2022-08-01T00:28:06.998Z</time>
      </trkpt>
      <trkpt lat="37.422700" lon="-122.024972">
        <ele>2.085204</ele>
        <time>2022-08-01T00:28:08.998Z</time>
      </trkpt>
      <trkpt lat="37.422662" lon="-122.024851">
        <ele>2.102984</ele>
        <time>2022-08-01T00:28:10.998Z</time>
      </trkpt>
      <trkpt lat="37.422623" lon="-122.024735">
        <ele>2.120198</ele>
        <time>2022-08-01T00:28:12.998Z</time>
      </trkpt>
      <trkpt lat="37.422585" lon="-122.024618">
        <ele>2.137471</ele>
        <time>2022-08-01T00:28:14.998Z</time>
      </trkpt>
      <trkpt lat="37.422548" lon="-122.024500">
        <ele>2.154807</ele>
        <time>2022-08-01T00:28:16.998Z</time>
      </trkpt>
      <trkpt lat="37.422511" lon="-122.024379">
        <ele>2.217961</ele>
        <time>2022-08-01T00:28:18.998Z</time>
      </trkpt>
      <trkpt lat="37.422473" lon="-122.024260">
        <ele>2.303455</ele>
        <time>2022-08-01T00:28:20.998Z</time>
      </trkpt>
      <trkpt lat="37.422435" lon="-122.024139">
        <ele>2.390187</ele>
        <time>2022-08-01T00:28:22.998Z</time>
      </trkpt>
      <trkpt lat="37.422401" lon="-122.024021">
        <ele>2.473859</ele>
        <time>2022-08-01T00:28:24.998Z</time>
      </trkpt>
      <trkpt lat="37.422357" lon="-122.023900">
        <ele>2.562566</ele>
        <time>2022-08-01T00:28:26.998Z</time>
      </trkpt>
      <trkpt lat="37.422317" lon="-122.023782">
        <ele>2.648087</ele>
        <time>2022-08-01T00:28:28.998Z</time>
      </trkpt>
      <trkpt lat="37.422259" lon="-122.023672">
        <ele>2.736099</ele>
        <time>2022-08-01T00:28:30.998Z</time>
      </trkpt>
      <trkpt lat="37.422207" lon="-122.023558">
        <ele>2.823730</ele>
        <time>2022-08-01T00:28:32.999Z</time>
      </trkpt>
      <trkpt lat="37.422164" lon="-122.023443">
        <ele>2.908457</ele>
        <time>2022-08-01T00:28:34.999Z</time>
      </trkpt>
      <trkpt lat="37.422138" lon="-122.023321">
        <ele>2.992656</ele>
        <time>2022-08-01T00:28:36.999Z</time>
      </trkpt>
      <trkpt lat="37.422113" lon="-122.023197">
        <ele>3.077932</ele>
        <time>2022-08-01T00:28:38.999Z</time>
      </trkpt>
      <trkpt lat="37.422096" lon="-122.023071">
        <ele>3.163124</ele>
        <time>2022-08-01T00:28:40.999Z</time>
      </trkpt>
      <trkpt lat="37.422058" lon="-122.022956">
        <ele>3.246150</ele>
        <time>2022-08-01T00:28:42.999Z</time>
      </trkpt>
      <trkpt lat="37.422021" lon="-122.022837">
        <ele>3.331335</ele>
        <time>2022-08-01T00:28:44.999Z</time>
      </trkpt>
      <trkpt lat="37.421979" lon="-122.022718">
        <ele>3.418137</ele>
        <time>2022-08-01T00:28:46.999Z</time>
      </trkpt>
      <trkpt lat="37.421940" lon="-122.022601">
        <ele>3.502717</ele>
        <time>2022-08-01T00:28:48.999Z</time>
      </trkpt>
      <trkpt lat="37.421898" lon="-122.022476">
        <ele>3.593189</ele>
        <time>2022-08-01T00:28:50.999Z</time>
      </trkpt>
      <trkpt lat="37.421859" lon="-122.022359">
        <ele>3.670740</ele>
        <time>2022-08-01T00:28:52.999Z</time>
      </trkpt>
      <trkpt lat="37.421812" lon="-122.022245">
        <ele>3.674156</ele>
        <time>2022-08-01T00:28:54.999Z</time>
      </trkpt>
      <trkpt lat="37.421769" lon="-122.022131">
        <ele>3.677513</ele>
        <time>2022-08-01T00:28:56.999Z</time>
      </trkpt>
      <trkpt lat="37.421729" lon="-122.022015">
        <ele>3.680876</ele>
        <time>2022-08-01T00:28:58.999Z</time>
      </trkpt>
      <trkpt lat="37.421691" lon="-122.021902">
        <ele>3.684139</ele>
        <time>2022-08-01T00:29:00.999Z</time>
      </trkpt>
      <trkpt lat="37.421653" lon="-122.021788">
        <ele>3.687428</ele>
        <time>2022-08-01T00:29:02.999Z</time>
      </trkpt>
      <trkpt lat="37.421613" lon="-122.021679">
        <ele>3.690621</ele>
        <time>2022-08-01T00:29:04.999Z</time>
      </trkpt>
      <trkpt lat="37.421573" lon="-122.021560">
        <ele>3.694058</ele>
        <time>2022-08-01T00:29:06.998Z</time>
      </trkpt>
      <trkpt lat="37.421534" lon="-122.021445">
        <ele>3.697383</ele>
        <time>2022-08-01T00:29:08.998Z</time>
      </trkpt>
      <trkpt lat="37.421492" lon="-122.021328">
        <ele>3.700798</ele>
        <time>2022-08-01T00:29:10.998Z</time>
      </trkpt>
      <trkpt lat="37.421456" lon="-122.021210">
        <ele>3.704160</ele>
        <time>2022-08-01T00:29:12.998Z</time>
      </trkpt>
      <trkpt lat="37.421414" lon="-122.021096">
        <ele>3.707502</ele>
        <time>2022-08-01T00:29:14.998Z</time>
      </trkpt>
      <trkpt lat="37.421374" lon="-122.020980">
        <ele>3.710865</ele>
        <time>2022-08-01T00:29:16.998Z</time>
      </trkpt>
      <trkpt lat="37.421332" lon="-122.020861">
        <ele>3.714329</ele>
        <time>2022-08-01T00:29:18.998Z</time>
      </trkpt>
      <trkpt lat="37.421289" lon="-122.020744">
        <ele>3.717757</ele>
        <time>2022-08-01T00:29:20.998Z</time>
      </trkpt>
      <trkpt lat="37.421251" lon="-122.020626">
        <ele>3.721144</ele>
        <time>2022-08-01T00:29:22.998Z</time>
      </trkpt>
      <trkpt lat="37.421216" lon="-122.020511">
        <ele>3.724419</ele>
        <time>2022-08-01T00:29:24.998Z</time>
      </trkpt>
      <trkpt lat="37.421172" lon="-122.020394">
        <ele>3.727862</ele>
        <time>2022-08-01T00:29:26.998Z</time>
      </trkpt>
      <trkpt lat="37.421134" lon="-122.020281">
        <ele>3.727058</ele>
        <time>2022-08-01T00:29:28.998Z</time>
      </trkpt>
      <trkpt lat="37.421093" lon="-122.020166">
        <ele>3.699807</ele>
        <time>2022-08-01T00:29:30.998Z</time>
      </trkpt>
      <trkpt lat="37.421053" lon="-122.020054">
        <ele>3.673258</ele>
        <time>2022-08-01T00:29:32.998Z</time>
      </trkpt>
      <trkpt lat="37.421028" lon="-122.019934">
        <ele>3.646438</ele>
        <time>2022-08-01T00:29:34.998Z</time>
      </trkpt>
      <trkpt lat="37.421000" lon="-122.019817">
        <ele>3.620020</ele>
        <time>2022-08-01T00:29:36.998Z</time>
      </trkpt>
      <trkpt lat="37.420956" lon="-122.019703">
        <ele>3.592618</ele>
        <time>2022-08-01T00:29:38.998Z</time>
      </trkpt>
      <trkpt lat="37.420904" lon="-122.019592">
        <ele>3.564758</ele>
        <time>2022-08-01T00:29:40.998Z</time>
      </trkpt>
      <trkpt lat="37.420869" lon="-122.019472">
        <ele>3.537121</ele>
        <time>2022-08-01T00:29:42.998Z</time>
      </trkpt>
      <trkpt lat="37.420824" lon="-122.019352">
        <ele>3.508432</ele>
        <time>2022-08-01T00:29:44.998Z</time>
      </trkpt>
      <trkpt lat="37.420785" lon="-122.019231">
        <ele>3.480201</ele>
        <time>2022-08-01T00:29:46.998Z</time>
      </trkpt>
      <trkpt lat="37.420745" lon="-122.019112">
        <ele>3.452265</ele>
        <time>2022-08-01T00:29:48.998Z</time>
      </trkpt>
      <trkpt lat="37.420701" lon="-122.018988">
        <ele>3.422903</ele>
        <time>2022-08-01T00:29:50.998Z</time>
      </trkpt>
      <trkpt lat="37.420664" lon="-122.018865">
        <ele>3.394469</ele>
        <time>2022-08-01T00:29:52.998Z</time>
      </trkpt>
      <trkpt lat="37.420619" lon="-122.018742">
        <ele>3.365192</ele>
        <time>2022-08-01T00:29:54.998Z</time>
      </trkpt>
      <trkpt lat="37.420579" lon="-122.018615">
        <ele>3.335655</ele>
        <time>2022-08-01T00:29:56.998Z</time>
      </trkpt>
      <trkpt lat="37.420532" lon="-122.018495">
        <ele>3.306729</ele>
        <time>2022-08-01T00:29:58.998Z</time>
      </trkpt>
      <trkpt lat="37.420493" lon="-122.018380">
        <ele>3.279696</ele>
        <time>2022-08-01T00:30:00.998Z</time>
      </trkpt>
      <trkpt lat="37.420455" lon="-122.018266">
        <ele>3.252967</ele>
        <time>2022-08-01T00:30:02.998Z</time>
      </trkpt>
      <trkpt lat="37.420413" lon="-122.018153">
        <ele>3.285225</ele>
        <time>2022-08-01T00:30:04.998Z</time>
      </trkpt>
      <trkpt lat="37.420373" lon="-122.018041">
        <ele>3.362997</ele>
        <time>2022-08-01T00:30:06.998Z</time>
      </trkpt>
      <trkpt lat="37.420339" lon="-122.017930">
        <ele>3.438341</ele>
        <time>2022-08-01T00:30:08.998Z</time>
      </trkpt>
      <trkpt lat="37.420282" lon="-122.017797">
        <ele>3.534051</ele>
        <time>2022-08-01T00:30:11.998Z</time>
      </trkpt>
      <trkpt lat="37.420196" lon="-122.017763">
        <ele>3.605930</ele>
        <time>2022-08-01T00:30:15.998Z</time>
      </trkpt>
      <trkpt lat="37.420111" lon="-122.017860">
        <ele>3.697406</ele>
        <time>2022-08-01T00:30:20.998Z</time>
      </trkpt>
      <trkpt lat="37.420025" lon="-122.017939">
        <ele>3.782294</ele>
        <time>2022-08-01T00:30:24.998Z</time>
      </trkpt>
      <trkpt lat="37.419930" lon="-122.018018">
        <ele>3.873079</ele>
        <time>2022-08-01T00:30:28.998Z</time>
      </trkpt>
      <trkpt lat="37.419834" lon="-122.018103">
        <ele>3.966663</ele>
        <time>2022-08-01T00:30:32.998Z</time>
      </trkpt>
      <trkpt lat="37.419732" lon="-122.018181">
        <ele>4.061824</ele>
        <time>2022-08-01T00:30:36.998Z</time>
      </trkpt>
      <trkpt lat="37.419657" lon="-122.018251">
        <ele>4.136269</ele>
        <time>2022-08-01T00:30:39.999Z</time>
      </trkpt>
      <trkpt lat="37.419585" lon="-122.018323">
        <ele>4.209587</ele>
        <time>2022-08-01T00:30:42.999Z</time>
      </trkpt>
      <trkpt lat="37.419495" lon="-122.018397">
        <ele>4.295301</ele>
        <time>2022-08-01T00:30:45.999Z</time>
      </trkpt>
      <trkpt lat="37.419403" lon="-122.018469">
        <ele>4.381679</ele>
        <time>2022-08-01T00:30:48.999Z</time>
      </trkpt>
      <trkpt lat="37.419282" lon="-122.018502">
        <ele>4.480404</ele>
        <time>2022-08-01T00:30:51.999Z</time>
      </trkpt>
      <trkpt lat="37.419192" lon="-122.018522">
        <ele>4.553280</ele>
        <time>2022-08-01T00:30:53.999Z</time>
      </trkpt>
      <trkpt lat="37.419102" lon="-122.018552">
        <ele>4.627519</ele>
        <time>2022-08-01T00:30:55.999Z</time>
      </trkpt>
      <trkpt lat="37.418983" lon="-122.018605">
        <ele>4.690955</ele>
        <time>2022-08-01T00:30:58.999Z</time>
      </trkpt>
      <trkpt lat="37.418861" lon="-122.018649">
        <ele>4.720879</ele>
        <time>2022-08-01T00:31:01.999Z</time>
      </trkpt>
      <trkpt lat="37.418747" lon="-122.018684">
        <ele>4.748546</ele>
        <time>2022-08-01T00:31:04.999Z</time>
      </trkpt>
      <trkpt lat="37.418630" lon="-122.018732">
        <ele>4.777561</ele>
        <time>2022-08-01T00:31:07.999Z</time>
      </trkpt>
      <trkpt lat="37.418507" lon="-122.018773">
        <ele>4.807563</ele>
        <time>2022-08-01T00:31:10.999Z</time>
      </trkpt>
      <trkpt lat="37.418385" lon="-122.018812">
        <ele>4.837242</ele>
        <time>2022-08-01T00:31:13.998Z</time>
      </trkpt>
      <trkpt lat="37.418266" lon="-122.018853">
        <ele>4.866333</ele>
        <time>2022-08-01T00:31:16.998Z</time>
      </trkpt>
      <trkpt lat="37.418152" lon="-122.018895">
        <ele>4.894340</ele>
        <time>2022-08-01T00:31:19.998Z</time>
      </trkpt>
      <trkpt lat="37.418035" lon="-122.018939">
        <ele>4.923132</ele>
        <time>2022-08-01T00:31:22.998Z</time>
      </trkpt>
      <trkpt lat="37.417922" lon="-122.018968">
        <ele>4.950324</ele>
        <time>2022-08-01T00:31:25.998Z</time>
      </trkpt>
      <trkpt lat="37.417822" lon="-122.019002">
        <ele>4.974748</ele>
        <time>2022-08-01T00:31:28.998Z</time>
      </trkpt>
      <trkpt lat="37.417734" lon="-122.019038">
        <ele>4.996565</ele>
        <time>2022-08-01T00:31:31.998Z</time>
      </trkpt>
      <trkpt lat="37.417660" lon="-122.018953">
        <ele>5.020184</ele>
        <time>2022-08-01T00:31:34.998Z</time>
      </trkpt>
      <trkpt lat="37.417626" lon="-122.018806">
        <ele>5.048857</ele>
        <time>2022-08-01T00:31:38.998Z</time>
      </trkpt>
      <trkpt lat="37.417612" lon="-122.018674">
        <ele>5.073796</ele>
        <time>2022-08-01T00:31:41.998Z</time>
      </trkpt>
      <trkpt lat="37.417604" lon="-122.018531">
        <ele>5.095706</ele>
        <time>2022-08-01T00:31:44.998Z</time>
      </trkpt>
      <trkpt lat="37.417580" lon="-122.018379">
        <ele>5.006152</ele>
        <time>2022-08-01T00:31:47.998Z</time>
      </trkpt>
      <trkpt lat="37.417539" lon="-122.018221">
        <ele>4.910099</ele>
        <time>2022-08-01T00:31:50.998Z</time>
      </trkpt>
      <trkpt lat="37.417516" lon="-122.018095">
        <ele>4.835389</ele>
        <time>2022-08-01T00:31:52.998Z</time>
      </trkpt>
      <trkpt lat="37.417487" lon="-122.017964">
        <ele>4.756803</ele>
        <time>2022-08-01T00:31:54.998Z</time>
      </trkpt>
      <trkpt lat="37.417456" lon="-122.017827">
        <ele>4.674485</ele>
        <time>2022-08-01T00:31:56.998Z</time>
      </trkpt>
      <trkpt lat="37.417428" lon="-122.017691">
        <ele>4.593298</ele>
        <time>2022-08-01T00:31:58.998Z</time>
      </trkpt>
      <trkpt lat="37.417388" lon="-122.017555">
        <ele>4.509492</ele>
        <time>2022-08-01T00:32:00.998Z</time>
      </trkpt>
      <trkpt lat="37.417354" lon="-122.017428">
        <ele>4.432045</ele>
        <time>2022-08-01T00:32:02.998Z</time>
      </trkpt>
      <trkpt lat="37.417325" lon="-122.017308">
        <ele>4.359562</ele>
        <time>2022-08-01T00:32:04.998Z</time>
      </trkpt>
      <trkpt lat="37.417299" lon="-122.017188">
        <ele>4.287684</ele>
        <time>2022-08-01T00:32:06.998Z</time>
      </trkpt>
      <trkpt lat="37.417279" lon="-122.017070">
        <ele>4.217960</ele>
        <time>2022-08-01T00:32:08.998Z</time>
      </trkpt>
      <trkpt lat="37.417253" lon="-122.016962">
        <ele>4.152746</ele>
        <time>2022-08-01T00:32:10.998Z</time>
      </trkpt>
      <trkpt lat="37.417235" lon="-122.016850">
        <ele>4.086713</ele>
        <time>2022-08-01T00:32:12.998Z</time>
      </trkpt>
      <trkpt lat="37.417218" lon="-122.016738">
        <ele>4.020820</ele>
        <time>2022-08-01T00:32:14.998Z</time>
      </trkpt>
      <trkpt lat="37.417183" lon="-122.016586">
        <ele>3.929367</ele>
        <time>2022-08-01T00:32:17.998Z</time>
      </trkpt>
      <trkpt lat="37.417158" lon="-122.016473">
        <ele>3.861582</ele>
        <time>2022-08-01T00:32:20.998Z</time>
      </trkpt>
      <trkpt lat="37.417029" lon="-122.016401">
        <ele>3.772350</ele>
        <time>2022-08-01T00:32:55.999Z</time>
      </trkpt>
      <trkpt lat="37.416950" lon="-122.016456">
        <ele>3.734369</ele>
        <time>2022-08-01T00:33:00.999Z</time>
      </trkpt>
      <trkpt lat="37.416857" lon="-122.016428">
        <ele>3.694137</ele>
        <time>2022-08-01T00:33:04.999Z</time>
      </trkpt>
      <trkpt lat="37.416811" lon="-122.016307">
        <ele>3.649309</ele>
        <time>2022-08-01T00:33:07.999Z</time>
      </trkpt>
      <trkpt lat="37.416797" lon="-122.016188">
        <ele>3.609109</ele>
        <time>2022-08-01T00:33:10.999Z</time>
      </trkpt>
      <trkpt lat="37.416813" lon="-122.016066">
        <ele>3.567789</ele>
        <time>2022-08-01T00:33:13.999Z</time>
      </trkpt>
      <trkpt lat="37.416786" lon="-122.015932">
        <ele>3.521592</ele>
        <time>2022-08-01T00:33:16.999Z</time>
      </trkpt>
      <trkpt lat="37.416761" lon="-122.015803">
        <ele>3.477219</ele>
        <time>2022-08-01T00:33:19.999Z</time>
      </trkpt>
      <trkpt lat="37.416727" lon="-122.015695">
        <ele>3.438398</ele>
        <time>2022-08-01T00:33:21.999Z</time>
      </trkpt>
      <trkpt lat="37.416677" lon="-122.015554">
        <ele>3.386797</ele>
        <time>2022-08-01T00:33:24.998Z</time>
      </trkpt>
      <trkpt lat="37.416648" lon="-122.015435">
        <ele>3.345201</ele>
        <time>2022-08-01T00:33:26.998Z</time>
      </trkpt>
      <trkpt lat="37.416614" lon="-122.015269">
        <ele>3.287914</ele>
        <time>2022-08-01T00:33:29.998Z</time>
      </trkpt>
      <trkpt lat="37.416586" lon="-122.015160">
        <ele>3.249632</ele>
        <time>2022-08-01T00:33:31.998Z</time>
      </trkpt>
      <trkpt lat="37.416556" lon="-122.015051">
        <ele>3.211083</ele>
        <time>2022-08-01T00:33:33.998Z</time>
      </trkpt>
      <trkpt lat="37.416536" lon="-122.014940">
        <ele>3.173047</ele>
        <time>2022-08-01T00:33:35.998Z</time>
      </trkpt>
      <trkpt lat="37.416510" lon="-122.014825">
        <ele>3.133091</ele>
        <time>2022-08-01T00:33:37.998Z</time>
      </trkpt>
      <trkpt lat="37.416483" lon="-122.014667">
        <ele>3.079084</ele>
        <time>2022-08-01T00:33:40.998Z</time>
      </trkpt>
      <trkpt lat="37.416453" lon="-122.014511">
        <ele>3.035081</ele>
        <time>2022-08-01T00:33:43.998Z</time>
      </trkpt>
      <trkpt lat="37.416425" lon="-122.014356">
        <ele>3.041722</ele>
        <time>2022-08-01T00:33:46.998Z</time>
      </trkpt>
      <trkpt lat="37.416397" lon="-122.014198">
        <ele>3.048485</ele>
        <time>2022-08-01T00:33:49.998Z</time>
      </trkpt>
      <trkpt lat="37.416364" lon="-122.014085">
        <ele>3.053516</ele>
        <time>2022-08-01T00:33:51.998Z</time>
      </trkpt>
      <trkpt lat="37.416343" lon="-122.013974">
        <ele>3.058283</ele>
        <time>2022-08-01T00:33:53.998Z</time>
      </trkpt>
      <trkpt lat="37.416313" lon="-122.013864">
        <ele>3.063142</ele>
        <time>2022-08-01T00:33:55.998Z</time>
      </trkpt>
      <trkpt lat="37.416276" lon="-122.013696">
        <ele>3.070426</ele>
        <time>2022-08-01T00:33:58.998Z</time>
      </trkpt>
      <trkpt lat="37.416255" lon="-122.013583">
        <ele>3.075275</ele>
        <time>2022-08-01T00:34:00.998Z</time>
      </trkpt>
      <trkpt lat="37.416251" lon="-122.013460">
        <ele>3.080418</ele>
        <time>2022-08-01T00:34:02.998Z</time>
      </trkpt>
      <trkpt lat="37.416230" lon="-122.013347">
        <ele>3.085267</ele>
        <time>2022-08-01T00:34:04.998Z</time>
      </trkpt>
      <trkpt lat="37.416221" lon="-122.013227">
        <ele>3.090302</ele>
        <time>2022-08-01T00:34:06.998Z</time>
      </trkpt>
      <trkpt lat="37.416210" lon="-122.013111">
        <ele>3.095183</ele>
        <time>2022-08-01T00:34:08.998Z</time>
      </trkpt>
      <trkpt lat="37.416203" lon="-122.012937">
        <ele>3.102462</ele>
        <time>2022-08-01T00:34:11.998Z</time>
      </trkpt>
      <trkpt lat="37.416200" lon="-122.012820">
        <ele>3.107353</ele>
        <time>2022-08-01T00:34:13.998Z</time>
      </trkpt>
      <trkpt lat="37.416202" lon="-122.012701">
        <ele>3.112326</ele>
        <time>2022-08-01T00:34:15.998Z</time>
      </trkpt>
      <trkpt lat="37.416205" lon="-122.012577">
        <ele>3.117509</ele>
        <time>2022-08-01T00:34:17.998Z</time>
      </trkpt>
      <trkpt lat="37.416206" lon="-122.012411">
        <ele>3.124445</ele>
        <time>2022-08-01T00:34:20.998Z</time>
      </trkpt>
      <trkpt lat="37.416218" lon="-122.012288">
        <ele>3.129900</ele>
        <time>2022-08-01T00:34:22.998Z</time>
      </trkpt>
      <trkpt lat="37.416221" lon="-122.012165">
        <ele>3.136472</ele>
        <time>2022-08-01T00:34:24.998Z</time>
      </trkpt>
      <trkpt lat="37.416224" lon="-122.012046">
        <ele>3.142830</ele>
        <time>2022-08-01T00:34:26.998Z</time>
      </trkpt>
      <trkpt lat="37.416214" lon="-122.011924">
        <ele>3.149381</ele>
        <time>2022-08-01T00:34:28.998Z</time>
      </trkpt>
      <trkpt lat="37.416209" lon="-122.011809">
        <ele>3.155531</ele>
        <time>2022-08-01T00:34:30.998Z</time>
      </trkpt>
      <trkpt lat="37.416197" lon="-122.011694">
        <ele>3.161726</ele>
        <time>2022-08-01T00:34:32.998Z</time>
      </trkpt>
      <trkpt lat="37.416184" lon="-122.011570">
        <ele>3.168405</ele>
        <time>2022-08-01T00:34:34.998Z</time>
      </trkpt>
      <trkpt lat="37.416169" lon="-122.011445">
        <ele>3.175157</ele>
        <time>2022-08-01T00:34:36.998Z</time>
      </trkpt>
      <trkpt lat="37.416155" lon="-122.011327">
        <ele>3.181529</ele>
        <time>2022-08-01T00:34:38.998Z</time>
      </trkpt>
      <trkpt lat="37.416120" lon="-122.011215">
        <ele>3.187956</ele>
        <time>2022-08-01T00:34:40.998Z</time>
      </trkpt>
      <trkpt lat="37.416091" lon="-122.011093">
        <ele>3.194757</ele>
        <time>2022-08-01T00:34:42.998Z</time>
      </trkpt>
      <trkpt lat="37.416071" lon="-122.010973">
        <ele>3.201305</ele>
        <time>2022-08-01T00:34:44.998Z</time>
      </trkpt>
      <trkpt lat="37.416048" lon="-122.010851">
        <ele>3.208002</ele>
        <time>2022-08-01T00:34:46.998Z</time>
      </trkpt>
      <trkpt lat="37.416014" lon="-122.010737">
        <ele>3.214505</ele>
        <time>2022-08-01T00:34:48.998Z</time>
      </trkpt>
      <trkpt lat="37.415991" lon="-122.010609">
        <ele>3.221514</ele>
        <time>2022-08-01T00:34:50.999Z</time>
      </trkpt>
      <trkpt lat="37.415966" lon="-122.010492">
        <ele>3.227984</ele>
        <time>2022-08-01T00:34:52.999Z</time>
      </trkpt>
      <trkpt lat="37.415937" lon="-122.010367">
        <ele>3.234939</ele>
        <time>2022-08-01T00:34:54.999Z</time>
      </trkpt>
      <trkpt lat="37.415909" lon="-122.010245">
        <ele>3.241721</ele>
        <time>2022-08-01T00:34:56.999Z</time>
      </trkpt>
      <trkpt lat="37.415886" lon="-122.010121">
        <ele>3.248522</ele>
        <time>2022-08-01T00:34:58.999Z</time>
      </trkpt>
      <trkpt lat="37.415864" lon="-122.010001">
        <ele>3.239946</ele>
        <time>2022-08-01T00:35:00.999Z</time>
      </trkpt>
      <trkpt lat="37.415839" lon="-122.009877">
        <ele>3.228064</ele>
        <time>2022-08-01T00:35:02.999Z</time>
      </trkpt>
      <trkpt lat="37.415811" lon="-122.009760">
        <ele>3.216715</ele>
        <time>2022-08-01T00:35:04.999Z</time>
      </trkpt>
      <trkpt lat="37.415787" lon="-122.009637">
        <ele>3.204952</ele>
        <time>2022-08-01T00:35:06.999Z</time>
      </trkpt>
      <trkpt lat="37.415761" lon="-122.009515">
        <ele>3.193220</ele>
        <time>2022-08-01T00:35:08.999Z</time>
      </trkpt>
      <trkpt lat="37.415733" lon="-122.009379">
        <ele>3.180172</ele>
        <time>2022-08-01T00:35:10.999Z</time>
      </trkpt>
      <trkpt lat="37.415704" lon="-122.009244">
        <ele>3.167183</ele>
        <time>2022-08-01T00:35:12.999Z</time>
      </trkpt>
      <trkpt lat="37.415681" lon="-122.009110">
        <ele>3.154450</ele>
        <time>2022-08-01T00:35:14.999Z</time>
      </trkpt>
      <trkpt lat="37.415680" lon="-122.008961">
        <ele>3.140611</ele>
        <time>2022-08-01T00:35:16.998Z</time>
      </trkpt>
      <trkpt lat="37.415652" lon="-122.008823">
        <ele>3.127383</ele>
        <time>2022-08-01T00:35:18.998Z</time>
      </trkpt>
      <trkpt lat="37.415596" lon="-122.008698">
        <ele>3.114054</ele>
        <time>2022-08-01T00:35:20.998Z</time>
      </trkpt>
      <trkpt lat="37.415571" lon="-122.008564">
        <ele>3.101269</ele>
        <time>2022-08-01T00:35:22.998Z</time>
      </trkpt>
      <trkpt lat="37.415548" lon="-122.008429">
        <ele>3.088446</ele>
        <time>2022-08-01T00:35:24.998Z</time>
      </trkpt>
      <trkpt lat="37.415536" lon="-122.008297">
        <ele>3.076106</ele>
        <time>2022-08-01T00:35:26.998Z</time>
      </trkpt>
      <trkpt lat="37.415503" lon="-122.008167">
        <ele>3.063431</ele>
        <time>2022-08-01T00:35:28.998Z</time>
      </trkpt>
      <trkpt lat="37.415475" lon="-122.008040">
        <ele>3.051189</ele>
        <time>2022-08-01T00:35:30.998Z</time>
      </trkpt>
      <trkpt lat="37.415448" lon="-122.007908">
        <ele>3.041255</ele>
        <time>2022-08-01T00:35:32.998Z</time>
      </trkpt>
      <trkpt lat="37.415416" lon="-122.007782">
        <ele>3.076044</ele>
        <time>2022-08-01T00:35:34.998Z</time>
      </trkpt>
      <trkpt lat="37.415389" lon="-122.007653">
        <ele>3.111128</ele>
        <time>2022-08-01T00:35:36.998Z</time>
      </trkpt>
      <trkpt lat="37.415358" lon="-122.007527">
        <ele>3.145818</ele>
        <time>2022-08-01T00:35:38.998Z</time>
      </trkpt>
      <trkpt lat="37.415327" lon="-122.007404">
        <ele>3.179755</ele>
        <time>2022-08-01T00:35:40.998Z</time>
      </trkpt>
      <trkpt lat="37.415305" lon="-122.007276">
        <ele>3.214196</ele>
        <time>2022-08-01T00:35:42.998Z</time>
      </trkpt>
      <trkpt lat="37.415278" lon="-122.007155">
        <ele>3.247250</ele>
        <time>2022-08-01T00:35:44.998Z</time>
      </trkpt>
      <trkpt lat="37.415253" lon="-122.007030">
        <ele>3.281149</ele>
        <time>2022-08-01T00:35:46.998Z</time>
      </trkpt>
      <trkpt lat="37.415229" lon="-122.006908">
        <ele>3.314203</ele>
        <time>2022-08-01T00:35:48.998Z</time>
      </trkpt>
      <trkpt lat="37.415204" lon="-122.006780">
        <ele>3.348869</ele>
        <time>2022-08-01T00:35:50.998Z</time>
      </trkpt>
      <trkpt lat="37.415177" lon="-122.006657">
        <ele>3.382429</ele>
        <time>2022-08-01T00:35:52.998Z</time>
      </trkpt>
      <trkpt lat="37.415147" lon="-122.006531">
        <ele>3.417022</ele>
        <time>2022-08-01T00:35:54.998Z</time>
      </trkpt>
      <trkpt lat="37.415122" lon="-122.006402">
        <ele>3.451943</ele>
        <time>2022-08-01T00:35:56.998Z</time>
      </trkpt>
      <trkpt lat="37.415099" lon="-122.006272">
        <ele>3.486969</ele>
        <time>2022-08-01T00:35:58.998Z</time>
      </trkpt>
      <trkpt lat="37.415069" lon="-122.006140">
        <ele>3.523077</ele>
        <time>2022-08-01T00:36:00.998Z</time>
      </trkpt>
      <trkpt lat="37.415042" lon="-122.006015">
        <ele>3.557144</ele>
        <time>2022-08-01T00:36:02.998Z</time>
      </trkpt>
      <trkpt lat="37.415014" lon="-122.005877">
        <ele>3.594602</ele>
        <time>2022-08-01T00:36:04.998Z</time>
      </trkpt>
      <trkpt lat="37.414981" lon="-122.005745">
        <ele>3.630996</ele>
        <time>2022-08-01T00:36:06.998Z</time>
      </trkpt>
      <trkpt lat="37.414961" lon="-122.005617">
        <ele>3.708280</ele>
        <time>2022-08-01T00:36:08.998Z</time>
      </trkpt>
      <trkpt lat="37.414937" lon="-122.005492">
        <ele>3.789743</ele>
        <time>2022-08-01T00:36:10.998Z</time>
      </trkpt>
      <trkpt lat="37.414911" lon="-122.005364">
        <ele>3.873435</ele>
        <time>2022-08-01T00:36:12.998Z</time>
      </trkpt>
      <trkpt lat="37.414880" lon="-122.005237">
        <ele>3.957598</ele>
        <time>2022-08-01T00:36:14.998Z</time>
      </trkpt>
      <trkpt lat="37.414856" lon="-122.005118">
        <ele>4.035372</ele>
        <time>2022-08-01T00:36:16.998Z</time>
      </trkpt>
      <trkpt lat="37.414833" lon="-122.004994">
        <ele>4.116034</ele>
        <time>2022-08-01T00:36:18.998Z</time>
      </trkpt>
      <trkpt lat="37.414804" lon="-122.004879">
        <ele>4.192466</ele>
        <time>2022-08-01T00:36:20.998Z</time>
      </trkpt>
      <trkpt lat="37.414780" lon="-122.004725">
        <ele>4.291879</ele>
        <time>2022-08-01T00:36:23.998Z</time>
      </trkpt>
      <trkpt lat="37.414753" lon="-122.004573">
        <ele>4.390543</ele>
        <time>2022-08-01T00:36:26.998Z</time>
      </trkpt>
      <trkpt lat="37.414720" lon="-122.004433">
        <ele>4.483051</ele>
        <time>2022-08-01T00:36:29.998Z</time>
      </trkpt>
      <trkpt lat="37.414697" lon="-122.004295">
        <ele>4.572372</ele>
        <time>2022-08-01T00:36:32.998Z</time>
      </trkpt>
      <trkpt lat="37.414663" lon="-122.004153">
        <ele>4.666322</ele>
        <time>2022-08-01T00:36:35.998Z</time>
      </trkpt>
      <trkpt lat="37.414632" lon="-122.004008">
        <ele>4.761443</ele>
        <time>2022-08-01T00:36:38.998Z</time>
      </trkpt>
      <trkpt lat="37.414602" lon="-122.003854">
        <ele>4.861888</ele>
        <time>2022-08-01T00:36:41.998Z</time>
      </trkpt>
      <trkpt lat="37.414573" lon="-122.003695">
        <ele>4.965230</ele>
        <time>2022-08-01T00:36:44.998Z</time>
      </trkpt>
      <trkpt lat="37.414554" lon="-122.003581">
        <ele>5.039017</ele>
        <time>2022-08-01T00:36:46.998Z</time>
      </trkpt>
      <trkpt lat="37.414527" lon="-122.003468">
        <ele>5.009805</ele>
        <time>2022-08-01T00:36:48.998Z</time>
      </trkpt>
      <trkpt lat="37.414497" lon="-122.003340">
        <ele>4.896682</ele>
        <time>2022-08-01T00:36:50.998Z</time>
      </trkpt>
      <trkpt lat="37.414465" lon="-122.003210">
        <ele>4.781319</ele>
        <time>2022-08-01T00:36:52.998Z</time>
      </trkpt>
      <trkpt lat="37.414427" lon="-122.003073">
        <ele>4.658315</ele>
        <time>2022-08-01T00:36:54.998Z</time>
      </trkpt>
      <trkpt lat="37.414396" lon="-122.002931">
        <ele>4.533486</ele>
        <time>2022-08-01T00:36:56.998Z</time>
      </trkpt>
      <trkpt lat="37.414357" lon="-122.002777">
        <ele>4.396474</ele>
        <time>2022-08-01T00:36:58.999Z</time>
      </trkpt>
      <trkpt lat="37.414318" lon="-122.002632">
        <ele>4.266710</ele>
        <time>2022-08-01T00:37:00.998Z</time>
      </trkpt>
      <trkpt lat="37.414259" lon="-122.002503">
        <ele>4.140531</ele>
        <time>2022-08-01T00:37:02.999Z</time>
      </trkpt>
      <trkpt lat="37.414210" lon="-122.002364">
        <ele>4.011626</ele>
        <time>2022-08-01T00:37:04.999Z</time>
      </trkpt>
      <trkpt lat="37.414146" lon="-122.002227">
        <ele>3.876902</ele>
        <time>2022-08-01T00:37:06.999Z</time>
      </trkpt>
      <trkpt lat="37.414068" lon="-122.002105">
        <ele>3.744149</ele>
        <time>2022-08-01T00:37:08.999Z</time>
      </trkpt>
      <trkpt lat="37.413995" lon="-122.001991">
        <ele>3.620024</ele>
        <time>2022-08-01T00:37:10.999Z</time>
      </trkpt>
      <trkpt lat="37.413900" lon="-122.001906">
        <ele>3.495645</ele>
        <time>2022-08-01T00:37:12.999Z</time>
      </trkpt>
      <trkpt lat="37.413800" lon="-122.001817">
        <ele>3.364953</ele>
        <time>2022-08-01T00:37:14.999Z</time>
      </trkpt>
      <trkpt lat="37.413700" lon="-122.001724">
        <ele>3.232274</ele>
        <time>2022-08-01T00:37:16.999Z</time>
      </trkpt>
      <trkpt lat="37.413608" lon="-122.001633">
        <ele>3.152557</ele>
        <time>2022-08-01T00:37:18.999Z</time>
      </trkpt>
      <trkpt lat="37.413502" lon="-122.001556">
        <ele>3.161115</ele>
        <time>2022-08-01T00:37:20.999Z</time>
      </trkpt>
      <trkpt lat="37.413407" lon="-122.001478">
        <ele>3.169046</ele>
        <time>2022-08-01T00:37:22.998Z</time>
      </trkpt>
      <trkpt lat="37.413317" lon="-122.001391">
        <ele>3.176981</ele>
        <time>2022-08-01T00:37:24.998Z</time>
      </trkpt>
      <trkpt lat="37.413215" lon="-122.001331">
        <ele>3.184854</ele>
        <time>2022-08-01T00:37:26.998Z</time>
      </trkpt>
      <trkpt lat="37.413118" lon="-122.001263">
        <ele>3.192618</ele>
        <time>2022-08-01T00:37:28.998Z</time>
      </trkpt>
      <trkpt lat="37.413021" lon="-122.001202">
        <ele>3.200201</ele>
        <time>2022-08-01T00:37:30.998Z</time>
      </trkpt>
      <trkpt lat="37.412929" lon="-122.001148">
        <ele>3.207299</ele>
        <time>2022-08-01T00:37:32.998Z</time>
      </trkpt>
      <trkpt lat="37.412839" lon="-122.001093">
        <ele>3.214295</ele>
        <time>2022-08-01T00:37:34.998Z</time>
      </trkpt>
      <trkpt lat="37.412748" lon="-122.001035">
        <ele>3.221428</ele>
        <time>2022-08-01T00:37:36.998Z</time>
      </trkpt>
      <trkpt lat="37.412660" lon="-122.000976">
        <ele>3.228400</ele>
        <time>2022-08-01T00:37:38.998Z</time>
      </trkpt>
      <trkpt lat="37.412565" lon="-122.000930">
        <ele>3.235518</ele>
        <time>2022-08-01T00:37:40.998Z</time>
      </trkpt>
      <trkpt lat="37.412478" lon="-122.000872">
        <ele>3.242402</ele>
        <time>2022-08-01T00:37:42.998Z</time>
      </trkpt>
      <trkpt lat="37.412381" lon="-122.000822">
        <ele>3.249732</ele>
        <time>2022-08-01T00:37:44.998Z</time>
      </trkpt>
      <trkpt lat="37.412289" lon="-122.000769">
        <ele>3.256807</ele>
        <time>2022-08-01T00:37:46.998Z</time>
      </trkpt>
      <trkpt lat="37.412201" lon="-122.000726">
        <ele>3.263408</ele>
        <time>2022-08-01T00:37:48.998Z</time>
      </trkpt>
      <trkpt lat="37.412102" lon="-122.000701">
        <ele>3.270469</ele>
        <time>2022-08-01T00:37:50.998Z</time>
      </trkpt>
      <trkpt lat="37.412013" lon="-122.000669">
        <ele>3.274814</ele>
        <time>2022-08-01T00:37:52.998Z</time>
      </trkpt>
      <trkpt lat="37.411922" lon="-122.000622">
        <ele>3.271091</ele>
        <time>2022-08-01T00:38:03.998Z</time>
      </trkpt>
      <trkpt lat="37.411989" lon="-122.000495">
        <ele>3.266508</ele>
        <time>2022-08-01T00:38:34.998Z</time>
      </trkpt>
      <trkpt lat="37.412054" lon="-122.000396">
        <ele>3.262647</ele>
        <time>2022-08-01T00:38:39.998Z</time>
      </trkpt>
      <trkpt lat="37.412118" lon="-122.000300">
        <ele>3.258880</ele>
        <time>2022-08-01T00:38:43.998Z</time>
      </trkpt>
      <trkpt lat="37.412069" lon="-122.000182">
        <ele>3.254877</ele>
        <time>2022-08-01T00:39:19.999Z</time>
      </trkpt>
      <trkpt lat="37.411983" lon="-122.000085">
        <ele>3.250507</ele>
        <time>2022-08-01T00:39:23.999Z</time>
      </trkpt>
      <trkpt lat="37.411926" lon="-121.999963">
        <ele>3.246252</ele>
        <time>2022-08-01T00:39:27.999Z</time>
      </trkpt>
      <trkpt lat="37.411819" lon="-121.999901">
        <ele>3.241795</ele>
        <time>2022-08-01T00:39:30.999Z</time>
      </trkpt>
      <trkpt lat="37.411725" lon="-121.999850">
        <ele>3.237921</ele>
        <time>2022-08-01T00:39:33.998Z</time>
      </trkpt>
      <trkpt lat="37.411620" lon="-121.999778">
        <ele>3.233396</ele>
        <time>2022-08-01T00:39:36.998Z</time>
      </trkpt>
      <trkpt lat="37.411514" lon="-121.999709">
        <ele>3.228880</ele>
        <time>2022-08-01T00:39:39.998Z</time>
      </trkpt>
      <trkpt lat="37.411402" lon="-121.999635">
        <ele>3.224093</ele>
        <time>2022-08-01T00:39:42.998Z</time>
      </trkpt>
      <trkpt lat="37.411318" lon="-121.999585">
        <ele>3.220576</ele>
        <time>2022-08-01T00:39:44.998Z</time>
      </trkpt>
      <trkpt lat="37.411206" lon="-121.999496">
        <ele>3.215564</ele>
        <time>2022-08-01T00:39:47.998Z</time>
      </trkpt>
      <trkpt lat="37.411153" lon="-121.999346">
        <ele>3.210628</ele>
        <time>2022-08-01T00:39:50.998Z</time>
      </trkpt>
      <trkpt lat="37.411143" lon="-121.999181">
        <ele>3.218085</ele>
        <time>2022-08-01T00:39:53.998Z</time>
      </trkpt>
      <trkpt lat="37.411176" lon="-121.999019">
        <ele>3.247104</ele>
        <time>2022-08-01T00:39:56.998Z</time>
      </trkpt>
      <trkpt lat="37.411197" lon="-121.998870">
        <ele>3.273361</ele>
        <time>2022-08-01T00:39:59.998Z</time>
      </trkpt>
      <trkpt lat="37.411202" lon="-121.998725">
        <ele>3.298545</ele>
        <time>2022-08-01T00:40:02.998Z</time>
      </trkpt>
      <trkpt lat="37.411192" lon="-121.998575">
        <ele>3.324663</ele>
        <time>2022-08-01T00:40:05.998Z</time>
      </trkpt>
      <trkpt lat="37.411143" lon="-121.998430">
        <ele>3.352005</ele>
        <time>2022-08-01T00:40:08.998Z</time>
      </trkpt>
      <trkpt lat="37.411055" lon="-121.998316">
        <ele>3.379588</ele>
        <time>2022-08-01T00:40:11.998Z</time>
      </trkpt>
      <trkpt lat="37.410947" lon="-121.998234">
        <ele>3.407139</ele>
        <time>2022-08-01T00:40:14.998Z</time>
      </trkpt>
      <trkpt lat="37.410862" lon="-121.998144">
        <ele>3.431401</ele>
        <time>2022-08-01T00:40:17.998Z</time>
      </trkpt>
      <trkpt lat="37.410771" lon="-121.998061">
        <ele>3.455948</ele>
        <time>2022-08-01T00:40:20.998Z</time>
      </trkpt>
      <trkpt lat="37.410696" lon="-121.997970">
        <ele>3.478702</ele>
        <time>2022-08-01T00:40:23.998Z</time>
      </trkpt>
      <trkpt lat="37.410611" lon="-121.997841">
        <ele>3.507785</ele>
        <time>2022-08-01T00:40:27.998Z</time>
      </trkpt>
      <trkpt lat="37.410552" lon="-121.997754">
        <ele>3.527634</ele>
        <time>2022-08-01T00:40:29.998Z</time>
      </trkpt>
      <trkpt lat="37.410505" lon="-121.997654">
        <ele>3.547796</ele>
        <time>2022-08-01T00:40:31.998Z</time>
      </trkpt>
      <trkpt lat="37.410460" lon="-121.997554">
        <ele>3.567738</ele>
        <time>2022-08-01T00:40:33.998Z</time>
      </trkpt>
      <trkpt lat="37.410407" lon="-121.997424">
        <ele>3.593093</ele>
        <time>2022-08-01T00:40:36.998Z</time>
      </trkpt>
      <trkpt lat="37.410372" lon="-121.997280">
        <ele>3.584879</ele>
        <time>2022-08-01T00:40:39.998Z</time>
      </trkpt>
      <trkpt lat="37.410338" lon="-121.997148">
        <ele>3.565019</ele>
        <time>2022-08-01T00:40:42.998Z</time>
      </trkpt>
      <trkpt lat="37.410334" lon="-121.996988">
        <ele>3.542109</ele>
        <time>2022-08-01T00:40:45.998Z</time>
      </trkpt>
      <trkpt lat="37.410333" lon="-121.996843">
        <ele>3.521357</ele>
        <time>2022-08-01T00:40:48.998Z</time>
      </trkpt>
      <trkpt lat="37.410352" lon="-121.996689">
        <ele>3.499053</ele>
        <time>2022-08-01T00:40:51.998Z</time>
      </trkpt>
      <trkpt lat="37.410356" lon="-121.996531">
        <ele>3.476429</ele>
        <time>2022-08-01T00:40:54.998Z</time>
      </trkpt>
      <trkpt lat="37.410389" lon="-121.996388">
        <ele>3.455117</ele>
        <time>2022-08-01T00:40:57.998Z</time>
      </trkpt>
      <trkpt lat="37.410426" lon="-121.996246">
        <ele>3.433729</ele>
        <time>2022-08-01T00:41:00.998Z</time>
      </trkpt>
      <trkpt lat="37.410472" lon="-121.996114">
        <ele>3.413100</ele>
        <time>2022-08-01T00:41:03.998Z</time>
      </trkpt>
      <trkpt lat="37.410546" lon="-121.995992">
        <ele>3.391131</ele>
        <time>2022-08-01T00:41:06.998Z</time>
      </trkpt>
      <trkpt lat="37.410624" lon="-121.995924">
        <ele>3.374037</ele>
        <time>2022-08-01T00:41:08.999Z</time>
      </trkpt>
      <trkpt lat="37.410720" lon="-121.995836">
        <ele>3.352641</ele>
        <time>2022-08-01T00:41:11.999Z</time>
      </trkpt>
      <trkpt lat="37.410787" lon="-121.995705">
        <ele>3.330342</ele>
        <time>2022-08-01T00:41:14.999Z</time>
      </trkpt>
      <trkpt lat="37.410822" lon="-121.995570">
        <ele>3.310019</ele>
        <time>2022-08-01T00:41:17.999Z</time>
      </trkpt>
      <trkpt lat="37.410847" lon="-121.995439">
        <ele>3.290737</ele>
        <time>2022-08-01T00:41:20.999Z</time>
      </trkpt>
      <trkpt lat="37.410866" lon="-121.995320">
        <ele>3.278449</ele>
        <time>2022-08-01T00:41:23.999Z</time>
      </trkpt>
      <trkpt lat="37.410885" lon="-121.995209">
        <ele>3.290083</ele>
        <time>2022-08-01T00:41:26.999Z</time>
      </trkpt>
      <trkpt lat="37.410873" lon="-121.995021">
        <ele>3.309407</ele>
        <time>2022-08-01T00:42:32.123Z</time>
      </trkpt>
      <trkpt lat="37.410876" lon="-121.994884">
        <ele>3.323449</ele>
        <time>2022-08-01T00:42:36.999Z</time>
      </trkpt>
      <trkpt lat="37.410882" lon="-121.994743">
        <ele>3.337916</ele>
        <time>2022-08-01T00:42:40.999Z</time>
      </trkpt>
      <trkpt lat="37.410889" lon="-121.994626">
        <ele>3.349938</ele>
        <time>2022-08-01T00:42:43.999Z</time>
      </trkpt>
      <trkpt lat="37.410891" lon="-121.994485">
        <ele>3.364387</ele>
        <time>2022-08-01T00:42:46.999Z</time>
      </trkpt>
      <trkpt lat="37.410882" lon="-121.994341">
        <ele>3.379186</ele>
        <time>2022-08-01T00:42:49.999Z</time>
      </trkpt>
      <trkpt lat="37.410857" lon="-121.994201">
        <ele>3.393888</ele>
        <time>2022-08-01T00:42:52.999Z</time>
      </trkpt>
      <trkpt lat="37.410837" lon="-121.994058">
        <ele>3.408765</ele>
        <time>2022-08-01T00:42:55.999Z</time>
      </trkpt>
      <trkpt lat="37.410832" lon="-121.993925">
        <ele>3.422407</ele>
        <time>2022-08-01T00:42:58.999Z</time>
      </trkpt>
      <trkpt lat="37.410807" lon="-121.993783">
        <ele>3.437309</ele>
        <time>2022-08-01T00:43:01.999Z</time>
      </trkpt>
      <trkpt lat="37.410785" lon="-121.993633">
        <ele>3.452938</ele>
        <time>2022-08-01T00:43:04.999Z</time>
      </trkpt>
      <trkpt lat="37.410780" lon="-121.993479">
        <ele>3.468730</ele>
        <time>2022-08-01T00:43:07.999Z</time>
      </trkpt>
      <trkpt lat="37.410785" lon="-121.993344">
        <ele>3.482577</ele>
        <time>2022-08-01T00:43:10.999Z</time>
      </trkpt>
      <trkpt lat="37.410806" lon="-121.993222">
        <ele>3.495367</ele>
        <time>2022-08-01T00:43:13.999Z</time>
      </trkpt>
      <trkpt lat="37.410825" lon="-121.993088">
        <ele>3.507824</ele>
        <time>2022-08-01T00:43:16.999Z</time>
      </trkpt>
      <trkpt lat="37.410850" lon="-121.992977">
        <ele>3.501594</ele>
        <time>2022-08-01T00:43:19.999Z</time>
      </trkpt>
      <trkpt lat="37.410870" lon="-121.992854">
        <ele>3.494815</ele>
        <time>2022-08-01T00:43:22.998Z</time>
      </trkpt>
      <trkpt lat="37.410876" lon="-121.992719">
        <ele>3.487514</ele>
        <time>2022-08-01T00:43:25.998Z</time>
      </trkpt>
      <trkpt lat="37.410896" lon="-121.992578">
        <ele>3.479780</ele>
        <time>2022-08-01T00:43:28.998Z</time>
      </trkpt>
      <trkpt lat="37.410909" lon="-121.992445">
        <ele>3.472545</ele>
        <time>2022-08-01T00:43:31.998Z</time>
      </trkpt>
      <trkpt lat="37.410935" lon="-121.992309">
        <ele>3.464991</ele>
        <time>2022-08-01T00:43:34.998Z</time>
      </trkpt>
      <trkpt lat="37.410963" lon="-121.992173">
        <ele>3.457405</ele>
        <time>2022-08-01T00:43:37.998Z</time>
      </trkpt>
      <trkpt lat="37.410998" lon="-121.992026">
        <ele>3.449119</ele>
        <time>2022-08-01T00:43:40.998Z</time>
      </trkpt>
      <trkpt lat="37.411033" lon="-121.991875">
        <ele>3.440625</ele>
        <time>2022-08-01T00:43:43.998Z</time>
      </trkpt>
      <trkpt lat="37.411066" lon="-121.991716">
        <ele>3.431752</ele>
        <time>2022-08-01T00:43:46.998Z</time>
      </trkpt>
      <trkpt lat="37.411091" lon="-121.991569">
        <ele>3.423634</ele>
        <time>2022-08-01T00:43:49.998Z</time>
      </trkpt>
      <trkpt lat="37.411121" lon="-121.991419">
        <ele>3.415282</ele>
        <time>2022-08-01T00:43:52.998Z</time>
      </trkpt>
      <trkpt lat="37.411151" lon="-121.991277">
        <ele>3.407348</ele>
        <time>2022-08-01T00:43:55.998Z</time>
      </trkpt>
      <trkpt lat="37.411179" lon="-121.991136">
        <ele>3.399500</ele>
        <time>2022-08-01T00:43:58.998Z</time>
      </trkpt>
      <trkpt lat="37.411207" lon="-121.990999">
        <ele>3.391862</ele>
        <time>2022-08-01T00:44:01.998Z</time>
      </trkpt>
      <trkpt lat="37.411236" lon="-121.990846">
        <ele>3.399559</ele>
        <time>2022-08-01T00:44:04.998Z</time>
      </trkpt>
      <trkpt lat="37.411262" lon="-121.990696">
        <ele>3.441013</ele>
        <time>2022-08-01T00:44:07.998Z</time>
      </trkpt>
      <trkpt lat="37.411301" lon="-121.990552">
        <ele>3.482092</ele>
        <time>2022-08-01T00:44:10.998Z</time>
      </trkpt>
      <trkpt lat="37.411330" lon="-121.990407">
        <ele>3.522464</ele>
        <time>2022-08-01T00:44:13.998Z</time>
      </trkpt>
      <trkpt lat="37.411356" lon="-121.990269">
        <ele>3.560759</ele>
        <time>2022-08-01T00:44:16.998Z</time>
      </trkpt>
      <trkpt lat="37.411392" lon="-121.990128">
        <ele>3.600748</ele>
        <time>2022-08-01T00:44:19.998Z</time>
      </trkpt>
      <trkpt lat="37.411420" lon="-121.989993">
        <ele>3.638421</ele>
        <time>2022-08-01T00:44:22.998Z</time>
      </trkpt>
      <trkpt lat="37.411455" lon="-121.989850">
        <ele>3.678824</ele>
        <time>2022-08-01T00:44:25.998Z</time>
      </trkpt>
      <trkpt lat="37.411490" lon="-121.989703">
        <ele>3.720259</ele>
        <time>2022-08-01T00:44:28.998Z</time>
      </trkpt>
      <trkpt lat="37.411516" lon="-121.989565">
        <ele>3.758554</ele>
        <time>2022-08-01T00:44:31.998Z</time>
      </trkpt>
      <trkpt lat="37.411552" lon="-121.989424">
        <ele>3.798543</ele>
        <time>2022-08-01T00:44:34.998Z</time>
      </trkpt>
      <trkpt lat="37.411591" lon="-121.989277">
        <ele>3.840389</ele>
        <time>2022-08-01T00:44:37.999Z</time>
      </trkpt>
      <trkpt lat="37.411630" lon="-121.989121">
        <ele>3.884547</ele>
        <time>2022-08-01T00:44:40.999Z</time>
      </trkpt>
      <trkpt lat="37.411659" lon="-121.989014">
        <ele>3.915073</ele>
        <time>2022-08-01T00:44:42.999Z</time>
      </trkpt>
      <trkpt lat="37.411703" lon="-121.988866">
        <ele>3.957741</ele>
        <time>2022-08-01T00:44:45.999Z</time>
      </trkpt>
      <trkpt lat="37.411759" lon="-121.988742">
        <ele>3.996255</ele>
        <time>2022-08-01T00:44:48.999Z</time>
      </trkpt>
      <trkpt lat="37.411794" lon="-121.988616">
        <ele>4.093857</ele>
        <time>2022-08-01T00:44:51.999Z</time>
      </trkpt>
      <trkpt lat="37.411838" lon="-121.988490">
        <ele>4.196735</ele>
        <time>2022-08-01T00:44:54.999Z</time>
      </trkpt>
      <trkpt lat="37.411886" lon="-121.988377">
        <ele>4.292517</ele>
        <time>2022-08-01T00:44:57.999Z</time>
      </trkpt>
      <trkpt lat="37.411931" lon="-121.988253">
        <ele>4.394416</ele>
        <time>2022-08-01T00:45:00.999Z</time>
      </trkpt>
      <trkpt lat="37.411971" lon="-121.988133">
        <ele>4.491687</ele>
        <time>2022-08-01T00:45:03.999Z</time>
      </trkpt>
      <trkpt lat="37.412016" lon="-121.988014">
        <ele>4.590199</ele>
        <time>2022-08-01T00:45:06.999Z</time>
      </trkpt>
      <trkpt lat="37.412064" lon="-121.987896">
        <ele>4.689291</ele>
        <time>2022-08-01T00:45:09.999Z</time>
      </trkpt>
      <trkpt lat="37.412118" lon="-121.987779">
        <ele>4.790434</ele>
        <time>2022-08-01T00:45:12.999Z</time>
      </trkpt>
      <trkpt lat="37.412167" lon="-121.987667">
        <ele>4.886007</ele>
        <time>2022-08-01T00:45:15.999Z</time>
      </trkpt>
      <trkpt lat="37.412218" lon="-121.987563">
        <ele>4.977363</ele>
        <time>2022-08-01T00:45:18.999Z</time>
      </trkpt>
      <trkpt lat="37.412263" lon="-121.987458">
        <ele>5.066540</ele>
        <time>2022-08-01T00:45:21.999Z</time>
      </trkpt>
      <trkpt lat="37.412309" lon="-121.987358">
        <ele>5.152914</ele>
        <time>2022-08-01T00:45:24.999Z</time>
      </trkpt>
      <trkpt lat="37.412362" lon="-121.987230">
        <ele>5.260807</ele>
        <time>2022-08-01T00:45:28.998Z</time>
      </trkpt>
      <trkpt lat="37.412422" lon="-121.987109">
        <ele>5.367425</ele>
        <time>2022-08-01T00:45:32.998Z</time>
      </trkpt>
      <trkpt lat="37.412478" lon="-121.987002">
        <ele>5.463202</ele>
        <time>2022-08-01T00:45:37.998Z</time>
      </trkpt>
      <trkpt lat="37.412534" lon="-121.986866">
        <ele>5.577701</ele>
        <time>2022-08-01T00:45:43.998Z</time>
      </trkpt>
      <trkpt lat="37.412589" lon="-121.986752">
        <ele>5.677397</ele>
        <time>2022-08-01T00:45:46.998Z</time>
      </trkpt>
      <trkpt lat="37.412641" lon="-121.986630">
        <ele>5.633994</ele>
        <time>2022-08-01T00:45:49.998Z</time>
      </trkpt>
      <trkpt lat="37.412696" lon="-121.986525">
        <ele>5.575971</ele>
        <time>2022-08-01T00:45:52.998Z</time>
      </trkpt>
      <trkpt lat="37.412749" lon="-121.986419">
        <ele>5.518189</ele>
        <time>2022-08-01T00:45:55.998Z</time>
      </trkpt>
      <trkpt lat="37.412785" lon="-121.986264">
        <ele>5.443690</ele>
        <time>2022-08-01T00:45:58.998Z</time>
      </trkpt>
      <trkpt lat="37.412792" lon="-121.986137">
        <ele>5.384962</ele>
        <time>2022-08-01T00:46:00.998Z</time>
      </trkpt>
      <trkpt lat="37.412793" lon="-121.985993">
        <ele>5.318529</ele>
        <time>2022-08-01T00:46:02.998Z</time>
      </trkpt>
      <trkpt lat="37.412789" lon="-121.985846">
        <ele>5.250676</ele>
        <time>2022-08-01T00:46:04.998Z</time>
      </trkpt>
      <trkpt lat="37.412814" lon="-121.985703">
        <ele>5.183128</ele>
        <time>2022-08-01T00:46:06.998Z</time>
      </trkpt>
      <trkpt lat="37.412837" lon="-121.985566">
        <ele>5.118531</ele>
        <time>2022-08-01T00:46:08.998Z</time>
      </trkpt>
      <trkpt lat="37.412877" lon="-121.985440">
        <ele>5.055934</ele>
        <time>2022-08-01T00:46:10.998Z</time>
      </trkpt>
      <trkpt lat="37.412917" lon="-121.985315">
        <ele>4.993765</ele>
        <time>2022-08-01T00:46:12.998Z</time>
      </trkpt>
      <trkpt lat="37.412968" lon="-121.985194">
        <ele>4.930573</ele>
        <time>2022-08-01T00:46:14.998Z</time>
      </trkpt>
      <trkpt lat="37.413020" lon="-121.985074">
        <ele>4.867513</ele>
        <time>2022-08-01T00:46:16.998Z</time>
      </trkpt>
      <trkpt lat="37.413075" lon="-121.984960">
        <ele>4.805981</ele>
        <time>2022-08-01T00:46:18.998Z</time>
      </trkpt>
      <trkpt lat="37.413127" lon="-121.984850">
        <ele>4.746929</ele>
        <time>2022-08-01T00:46:20.998Z</time>
      </trkpt>
      <trkpt lat="37.413181" lon="-121.984740">
        <ele>4.687274</ele>
        <time>2022-08-01T00:46:22.998Z</time>
      </trkpt>
      <trkpt lat="37.413230" lon="-121.984626">
        <ele>4.649218</ele>
        <time>2022-08-01T00:46:24.998Z</time>
      </trkpt>
      <trkpt lat="37.413283" lon="-121.984515">
        <ele>4.661950</ele>
        <time>2022-08-01T00:46:26.998Z</time>
      </trkpt>
      <trkpt lat="37.413333" lon="-121.984401">
        <ele>4.674752</ele>
        <time>2022-08-01T00:46:28.998Z</time>
      </trkpt>
      <trkpt lat="37.413386" lon="-121.984288">
        <ele>4.687653</ele>
        <time>2022-08-01T00:46:30.998Z</time>
      </trkpt>
      <trkpt lat="37.413433" lon="-121.984176">
        <ele>4.700105</ele>
        <time>2022-08-01T00:46:32.998Z</time>
      </trkpt>
      <trkpt lat="37.413484" lon="-121.984063">
        <ele>4.712882</ele>
        <time>2022-08-01T00:46:34.998Z</time>
      </trkpt>
      <trkpt lat="37.413532" lon="-121.983951">
        <ele>4.725392</ele>
        <time>2022-08-01T00:46:36.998Z</time>
      </trkpt>
      <trkpt lat="37.413584" lon="-121.983846">
        <ele>4.737557</ele>
        <time>2022-08-01T00:46:38.998Z</time>
      </trkpt>
      <trkpt lat="37.413629" lon="-121.983739">
        <ele>4.749459</ele>
        <time>2022-08-01T00:46:40.998Z</time>
      </trkpt>
      <trkpt lat="37.413677" lon="-121.983639">
        <ele>4.760945</ele>
        <time>2022-08-01T00:46:42.999Z</time>
      </trkpt>
      <trkpt lat="37.413725" lon="-121.983537">
        <ele>4.772600</ele>
        <time>2022-08-01T00:46:44.999Z</time>
      </trkpt>
      <trkpt lat="37.413773" lon="-121.983436">
        <ele>4.784170</ele>
        <time>2022-08-01T00:46:46.999Z</time>
      </trkpt>
      <trkpt lat="37.413843" lon="-121.983290">
        <ele>4.800935</ele>
        <time>2022-08-01T00:46:49.999Z</time>
      </trkpt>
      <trkpt lat="37.413891" lon="-121.983188">
        <ele>4.812590</ele>
        <time>2022-08-01T00:46:51.999Z</time>
      </trkpt>
      <trkpt lat="37.413941" lon="-121.983090">
        <ele>4.824040</ele>
        <time>2022-08-01T00:46:53.999Z</time>
      </trkpt>
      <trkpt lat="37.413987" lon="-121.982991">
        <ele>4.835315</ele>
        <time>2022-08-01T00:46:55.999Z</time>
      </trkpt>
      <trkpt lat="37.414056" lon="-121.982843">
        <ele>4.852186</ele>
        <time>2022-08-01T00:46:58.999Z</time>
      </trkpt>
      <trkpt lat="37.414104" lon="-121.982746">
        <ele>4.863421</ele>
        <time>2022-08-01T00:47:00.999Z</time>
      </trkpt>
      <trkpt lat="37.414169" lon="-121.982601">
        <ele>4.954753</ele>
        <time>2022-08-01T00:47:03.999Z</time>
      </trkpt>
      <trkpt lat="37.414233" lon="-121.982454">
        <ele>5.076149</ele>
        <time>2022-08-01T00:47:06.999Z</time>
      </trkpt>
      <trkpt lat="37.414300" lon="-121.982311">
        <ele>5.196379</ele>
        <time>2022-08-01T00:47:09.999Z</time>
      </trkpt>
      <trkpt lat="37.414369" lon="-121.982165">
        <ele>5.319408</ele>
        <time>2022-08-01T00:47:12.999Z</time>
      </trkpt>
      <trkpt lat="37.414438" lon="-121.982020">
        <ele>5.441815</ele>
        <time>2022-08-01T00:47:15.999Z</time>
      </trkpt>
      <trkpt lat="37.414504" lon="-121.981880">
        <ele>5.559711</ele>
        <time>2022-08-01T00:47:18.999Z</time>
      </trkpt>
      <trkpt lat="37.414572" lon="-121.981742">
        <ele>5.677315</ele>
        <time>2022-08-01T00:47:21.999Z</time>
      </trkpt>
      <trkpt lat="37.414634" lon="-121.981602">
        <ele>5.793392</ele>
        <time>2022-08-01T00:47:24.999Z</time>
      </trkpt>
      <trkpt lat="37.414698" lon="-121.981469">
        <ele>5.906002</ele>
        <time>2022-08-01T00:47:27.999Z</time>
      </trkpt>
      <trkpt lat="37.414769" lon="-121.981350">
        <ele>6.013783</ele>
        <time>2022-08-01T00:47:30.999Z</time>
      </trkpt>
      <trkpt lat="37.414828" lon="-121.981219">
        <ele>6.122838</ele>
        <time>2022-08-01T00:47:33.999Z</time>
      </trkpt>
      <trkpt lat="37.414887" lon="-121.981098">
        <ele>6.225655</ele>
        <time>2022-08-01T00:47:36.999Z</time>
      </trkpt>
      <trkpt lat="37.414930" lon="-121.980986">
        <ele>6.315740</ele>
        <time>2022-08-01T00:47:39.999Z</time>
      </trkpt>
      <trkpt lat="37.414982" lon="-121.980863">
        <ele>6.416643</ele>
        <time>2022-08-01T00:47:43.999Z</time>
      </trkpt>
      <trkpt lat="37.415031" lon="-121.980758">
        <ele>6.504833</ele>
        <time>2022-08-01T00:47:47.999Z</time>
      </trkpt>
      <trkpt lat="37.415084" lon="-121.980654">
        <ele>6.452027</ele>
        <time>2022-08-01T00:47:51.998Z</time>
      </trkpt>
      <trkpt lat="37.415144" lon="-121.980535">
        <ele>6.386003</ele>
        <time>2022-08-01T00:47:56.998Z</time>
      </trkpt>
      <trkpt lat="37.415189" lon="-121.980435">
        <ele>6.332166</ele>
        <time>2022-08-01T00:48:00.998Z</time>
      </trkpt>
      <trkpt lat="37.415236" lon="-121.980335">
        <ele>6.277737</ele>
        <time>2022-08-01T00:48:04.998Z</time>
      </trkpt>
      <trkpt lat="37.415279" lon="-121.980230">
        <ele>6.222401</ele>
        <time>2022-08-01T00:48:08.998Z</time>
      </trkpt>
      <trkpt lat="37.415330" lon="-121.980107">
        <ele>6.157408</ele>
        <time>2022-08-01T00:48:12.998Z</time>
      </trkpt>
      <trkpt lat="37.415376" lon="-121.979996">
        <ele>6.098762</ele>
        <time>2022-08-01T00:48:15.998Z</time>
      </trkpt>
      <trkpt lat="37.415431" lon="-121.979864">
        <ele>6.028940</ele>
        <time>2022-08-01T00:48:18.998Z</time>
      </trkpt>
      <trkpt lat="37.415478" lon="-121.979759">
        <ele>5.972484</ele>
        <time>2022-08-01T00:48:20.998Z</time>
      </trkpt>
      <trkpt lat="37.415526" lon="-121.979656">
        <ele>5.916545</ele>
        <time>2022-08-01T00:48:22.998Z</time>
      </trkpt>
      <trkpt lat="37.415584" lon="-121.979537">
        <ele>5.851146</ele>
        <time>2022-08-01T00:48:24.998Z</time>
      </trkpt>
      <trkpt lat="37.415637" lon="-121.979409">
        <ele>5.783531</ele>
        <time>2022-08-01T00:48:26.998Z</time>
      </trkpt>
      <trkpt lat="37.415692" lon="-121.979278">
        <ele>5.714123</ele>
        <time>2022-08-01T00:48:28.998Z</time>
      </trkpt>
      <trkpt lat="37.415758" lon="-121.979143">
        <ele>5.639869</ele>
        <time>2022-08-01T00:48:30.998Z</time>
      </trkpt>
      <trkpt lat="37.415829" lon="-121.978996">
        <ele>5.559280</ele>
        <time>2022-08-01T00:48:32.998Z</time>
      </trkpt>
      <trkpt lat="37.415899" lon="-121.978848">
        <ele>5.478594</ele>
        <time>2022-08-01T00:48:34.998Z</time>
      </trkpt>
      <trkpt lat="37.415961" lon="-121.978701">
        <ele>5.428786</ele>
        <time>2022-08-01T00:48:36.998Z</time>
      </trkpt>
      <trkpt lat="37.416016" lon="-121.978564">
        <ele>5.400393</ele>
        <time>2022-08-01T00:48:38.998Z</time>
      </trkpt>
      <trkpt lat="37.416076" lon="-121.978439">
        <ele>5.373378</ele>
        <time>2022-08-01T00:48:40.998Z</time>
      </trkpt>
      <trkpt lat="37.416140" lon="-121.978315">
        <ele>5.346026</ele>
        <time>2022-08-01T00:48:42.998Z</time>
      </trkpt>
      <trkpt lat="37.416189" lon="-121.978190">
        <ele>5.320243</ele>
        <time>2022-08-01T00:48:44.998Z</time>
      </trkpt>
      <trkpt lat="37.416254" lon="-121.978078">
        <ele>5.294586</ele>
        <time>2022-08-01T00:48:46.998Z</time>
      </trkpt>
      <trkpt lat="37.416301" lon="-121.977977">
        <ele>5.272935</ele>
        <time>2022-08-01T00:48:48.999Z</time>
      </trkpt>
      <trkpt lat="37.416337" lon="-121.977852">
        <ele>5.248342</ele>
        <time>2022-08-01T00:48:51.999Z</time>
      </trkpt>
      <trkpt lat="37.416379" lon="-121.977745">
        <ele>5.226266</ele>
        <time>2022-08-01T00:48:56.999Z</time>
      </trkpt>
      <trkpt lat="37.416408" lon="-121.977600">
        <ele>5.198609</ele>
        <time>2022-08-01T00:49:17.999Z</time>
      </trkpt>
      <trkpt lat="37.416450" lon="-121.977477">
        <ele>5.173846</ele>
        <time>2022-08-01T00:49:23.999Z</time>
      </trkpt>
      <trkpt lat="37.416505" lon="-121.977367">
        <ele>5.149804</ele>
        <time>2022-08-01T00:49:27.999Z</time>
      </trkpt>
      <trkpt lat="37.416589" lon="-121.977275">
        <ele>5.123877</ele>
        <time>2022-08-01T00:49:31.999Z</time>
      </trkpt>
      <trkpt lat="37.416679" lon="-121.977293">
        <ele>5.102655</ele>
        <time>2022-08-01T00:49:35.999Z</time>
      </trkpt>
      <trkpt lat="37.416773" lon="-121.977273">
        <ele>5.080454</ele>
        <time>2022-08-01T00:49:40.998Z</time>
      </trkpt>
      <trkpt lat="37.416839" lon="-121.977175">
        <ele>5.056689</ele>
        <time>2022-08-01T00:49:44.998Z</time>
      </trkpt>
      <trkpt lat="37.416893" lon="-121.977032">
        <ele>5.027934</ele>
        <time>2022-08-01T00:49:47.998Z</time>
      </trkpt>
      <trkpt lat="37.416941" lon="-121.976893">
        <ele>5.016641</ele>
        <time>2022-08-01T00:49:50.998Z</time>
      </trkpt>
      <trkpt lat="37.416986" lon="-121.976732">
        <ele>5.003923</ele>
        <time>2022-08-01T00:49:53.998Z</time>
      </trkpt>
      <trkpt lat="37.417012" lon="-121.976623">
        <ele>4.995443</ele>
        <time>2022-08-01T00:49:55.998Z</time>
      </trkpt>
      <trkpt lat="37.417039" lon="-121.976503">
        <ele>4.986150</ele>
        <time>2022-08-01T00:49:57.998Z</time>
      </trkpt>
      <trkpt lat="37.417070" lon="-121.976386">
        <ele>4.976959</ele>
        <time>2022-08-01T00:49:59.998Z</time>
      </trkpt>
      <trkpt lat="37.417096" lon="-121.976276">
        <ele>4.968408</ele>
        <time>2022-08-01T00:50:01.998Z</time>
      </trkpt>
      <trkpt lat="37.417121" lon="-121.976164">
        <ele>4.959739</ele>
        <time>2022-08-01T00:50:03.998Z</time>
      </trkpt>
      <trkpt lat="37.417152" lon="-121.976051">
        <ele>4.950831</ele>
        <time>2022-08-01T00:50:05.998Z</time>
      </trkpt>
      <trkpt lat="37.417190" lon="-121.975942">
        <ele>4.941961</ele>
        <time>2022-08-01T00:50:07.998Z</time>
      </trkpt>
      <trkpt lat="37.417225" lon="-121.975826">
        <ele>4.932715</ele>
        <time>2022-08-01T00:50:09.998Z</time>
      </trkpt>
      <trkpt lat="37.417277" lon="-121.975717">
        <ele>4.923241</ele>
        <time>2022-08-01T00:50:11.998Z</time>
      </trkpt>
      <trkpt lat="37.417326" lon="-121.975606">
        <ele>4.913779</ele>
        <time>2022-08-01T00:50:13.998Z</time>
      </trkpt>
      <trkpt lat="37.417385" lon="-121.975495">
        <ele>4.903827</ele>
        <time>2022-08-01T00:50:15.998Z</time>
      </trkpt>
      <trkpt lat="37.417444" lon="-121.975390">
        <ele>4.894243</ele>
        <time>2022-08-01T00:50:17.998Z</time>
      </trkpt>
      <trkpt lat="37.417495" lon="-121.975273">
        <ele>4.884298</ele>
        <time>2022-08-01T00:50:19.998Z</time>
      </trkpt>
      <trkpt lat="37.417549" lon="-121.975167">
        <ele>4.874915</ele>
        <time>2022-08-01T00:50:21.998Z</time>
      </trkpt>
      <trkpt lat="37.417601" lon="-121.975059">
        <ele>4.865505</ele>
        <time>2022-08-01T00:50:23.998Z</time>
      </trkpt>
      <trkpt lat="37.417650" lon="-121.974950">
        <ele>4.889580</ele>
        <time>2022-08-01T00:50:25.998Z</time>
      </trkpt>
      <trkpt lat="37.417701" lon="-121.974849">
        <ele>4.968812</ele>
        <time>2022-08-01T00:50:27.998Z</time>
      </trkpt>
      <trkpt lat="37.417770" lon="-121.974708">
        <ele>5.078451</ele>
        <time>2022-08-01T00:50:30.998Z</time>
      </trkpt>
      <trkpt lat="37.417843" lon="-121.974579">
        <ele>5.183310</ele>
        <time>2022-08-01T00:50:33.998Z</time>
      </trkpt>
      <trkpt lat="37.417883" lon="-121.974423">
        <ele>5.291831</ele>
        <time>2022-08-01T00:50:36.998Z</time>
      </trkpt>
      <trkpt lat="37.417893" lon="-121.974310">
        <ele>5.367101</ele>
        <time>2022-08-01T00:50:38.998Z</time>
      </trkpt>
      <trkpt lat="37.417941" lon="-121.974207">
        <ele>5.446158</ele>
        <time>2022-08-01T00:50:40.998Z</time>
      </trkpt>
      <trkpt lat="37.417994" lon="-121.974112">
        <ele>5.523014</ele>
        <time>2022-08-01T00:50:42.998Z</time>
      </trkpt>
      <trkpt lat="37.418050" lon="-121.973974">
        <ele>5.625605</ele>
        <time>2022-08-01T00:50:45.998Z</time>
      </trkpt>
      <trkpt lat="37.418101" lon="-121.973856">
        <ele>5.714539</ele>
        <time>2022-08-01T00:50:48.998Z</time>
      </trkpt>
      <trkpt lat="37.418117" lon="-121.973737">
        <ele>5.794438</ele>
        <time>2022-08-01T00:50:59.999Z</time>
      </trkpt>
      <trkpt lat="37.418186" lon="-121.973596">
        <ele>5.904076</ele>
        <time>2022-08-01T00:51:11.999Z</time>
      </trkpt>
      <trkpt lat="37.418247" lon="-121.973495">
        <ele>5.988075</ele>
        <time>2022-08-01T00:51:15.999Z</time>
      </trkpt>
      <trkpt lat="37.418155" lon="-121.973412">
        <ele>6.082413</ele>
        <time>2022-08-01T00:51:19.999Z</time>
      </trkpt>
      <trkpt lat="37.418046" lon="-121.973345">
        <ele>6.183515</ele>
        <time>2022-08-01T00:51:22.999Z</time>
      </trkpt>
      <trkpt lat="37.417929" lon="-121.973271">
        <ele>6.292650</ele>
        <time>2022-08-01T00:51:25.999Z</time>
      </trkpt>
      <trkpt lat="37.417820" lon="-121.973175">
        <ele>6.336292</ele>
        <time>2022-08-01T00:51:28.999Z</time>
      </trkpt>
      <trkpt lat="37.417731" lon="-121.973120">
        <ele>6.294804</ele>
        <time>2022-08-01T00:51:30.999Z</time>
      </trkpt>
      <trkpt lat="37.417642" lon="-121.973063">
        <ele>6.253019</ele>
        <time>2022-08-01T00:51:32.999Z</time>
      </trkpt>
      <trkpt lat="37.417559" lon="-121.972999">
        <ele>6.212290</ele>
        <time>2022-08-01T00:51:34.999Z</time>
      </trkpt>
      <trkpt lat="37.417481" lon="-121.972934">
        <ele>6.173147</ele>
        <time>2022-08-01T00:51:36.999Z</time>
      </trkpt>
      <trkpt lat="37.417381" lon="-121.972870">
        <ele>6.126205</ele>
        <time>2022-08-01T00:51:39.999Z</time>
      </trkpt>
      <trkpt lat="37.417282" lon="-121.972822">
        <ele>6.081811</ele>
        <time>2022-08-01T00:51:41.999Z</time>
      </trkpt>
      <trkpt lat="37.417249" lon="-121.972677">
        <ele>6.031678</ele>
        <time>2022-08-01T00:51:45.999Z</time>
      </trkpt>
      <trkpt lat="37.417311" lon="-121.972539">
        <ele>5.978983</ele>
        <time>2022-08-01T00:51:48.998Z</time>
      </trkpt>
      <trkpt lat="37.417362" lon="-121.972398">
        <ele>5.927489</ele>
        <time>2022-08-01T00:51:51.998Z</time>
      </trkpt>
      <trkpt lat="37.417420" lon="-121.972254">
        <ele>5.873826</ele>
        <time>2022-08-01T00:51:54.998Z</time>
      </trkpt>
      <trkpt lat="37.417486" lon="-121.972112">
        <ele>5.819143</ele>
        <time>2022-08-01T00:51:57.998Z</time>
      </trkpt>
      <trkpt lat="37.417554" lon="-121.971968">
        <ele>5.763463</ele>
        <time>2022-08-01T00:52:00.998Z</time>
      </trkpt>
      <trkpt lat="37.417620" lon="-121.971841">
        <ele>5.713020</ele>
        <time>2022-08-01T00:52:03.998Z</time>
      </trkpt>
      <trkpt lat="37.417700" lon="-121.971710">
        <ele>5.658098</ele>
        <time>2022-08-01T00:52:06.998Z</time>
      </trkpt>
      <trkpt lat="37.417771" lon="-121.971578">
        <ele>5.607194</ele>
        <time>2022-08-01T00:52:09.998Z</time>
      </trkpt>
      <trkpt lat="37.417853" lon="-121.971445">
        <ele>5.670890</ele>
        <time>2022-08-01T00:52:12.998Z</time>
      </trkpt>
      <trkpt lat="37.417898" lon="-121.971345">
        <ele>5.714371</ele>
        <time>2022-08-01T00:52:14.998Z</time>
      </trkpt>
      <trkpt lat="37.417966" lon="-121.971203">
        <ele>5.777099</ele>
        <time>2022-08-01T00:52:17.998Z</time>
      </trkpt>
      <trkpt lat="37.418016" lon="-121.971106">
        <ele>5.820846</ele>
        <time>2022-08-01T00:52:19.998Z</time>
      </trkpt>
      <trkpt lat="37.418067" lon="-121.970962">
        <ele>5.880493</ele>
        <time>2022-08-01T00:52:22.998Z</time>
      </trkpt>
      <trkpt lat="37.418125" lon="-121.970814">
        <ele>5.942927</ele>
        <time>2022-08-01T00:52:25.998Z</time>
      </trkpt>
      <trkpt lat="37.418181" lon="-121.970661">
        <ele>6.006659</ele>
        <time>2022-08-01T00:52:28.998Z</time>
      </trkpt>
      <trkpt lat="37.418227" lon="-121.970512">
        <ele>6.067135</ele>
        <time>2022-08-01T00:52:31.998Z</time>
      </trkpt>
      <trkpt lat="37.418265" lon="-121.970409">
        <ele>6.110099</ele>
        <time>2022-08-01T00:52:33.998Z</time>
      </trkpt>
      <trkpt lat="37.418303" lon="-121.970249">
        <ele>6.173276</ele>
        <time>2022-08-01T00:52:36.998Z</time>
      </trkpt>
      <trkpt lat="37.418334" lon="-121.970143">
        <ele>6.216009</ele>
        <time>2022-08-01T00:52:38.998Z</time>
      </trkpt>
      <trkpt lat="37.418379" lon="-121.969993">
        <ele>6.276668</ele>
        <time>2022-08-01T00:52:41.998Z</time>
      </trkpt>
      <trkpt lat="37.418411" lon="-121.969846">
        <ele>6.334329</ele>
        <time>2022-08-01T00:52:44.998Z</time>
      </trkpt>
      <trkpt lat="37.418436" lon="-121.969703">
        <ele>6.389722</ele>
        <time>2022-08-01T00:52:47.998Z</time>
      </trkpt>
      <trkpt lat="37.418469" lon="-121.969569">
        <ele>6.442796</ele>
        <time>2022-08-01T00:52:50.998Z</time>
      </trkpt>
      <trkpt lat="37.418490" lon="-121.969446">
        <ele>6.489121</ele>
        <time>2022-08-01T00:52:53.998Z</time>
      </trkpt>
      <trkpt lat="37.418514" lon="-121.969301">
        <ele>6.542573</ele>
        <time>2022-08-01T00:52:57.998Z</time>
      </trkpt>
      <trkpt lat="37.418542" lon="-121.969162">
        <ele>6.594324</ele>
        <time>2022-08-01T00:53:01.999Z</time>
      </trkpt>
      <trkpt lat="37.418560" lon="-121.969039">
        <ele>6.639460</ele>
        <time>2022-08-01T00:53:05.999Z</time>
      </trkpt>
      <trkpt lat="37.418583" lon="-121.968925">
        <ele>6.681907</ele>
        <time>2022-08-01T00:53:09.999Z</time>
      </trkpt>
      <trkpt lat="37.418604" lon="-121.968798">
        <ele>6.728722</ele>
        <time>2022-08-01T00:53:14.999Z</time>
      </trkpt>
      <trkpt lat="37.418623" lon="-121.968671">
        <ele>6.775360</ele>
        <time>2022-08-01T00:53:19.999Z</time>
      </trkpt>
      <trkpt lat="37.418641" lon="-121.968544">
        <ele>6.821916</ele>
        <time>2022-08-01T00:53:24.999Z</time>
      </trkpt>
      <trkpt lat="37.418656" lon="-121.968411">
        <ele>6.870395</ele>
        <time>2022-08-01T00:53:29.999Z</time>
      </trkpt>
      <trkpt lat="37.418661" lon="-121.968276">
        <ele>6.919167</ele>
        <time>2022-08-01T00:53:34.998Z</time>
      </trkpt>
      <trkpt lat="37.418670" lon="-121.968132">
        <ele>6.971294</ele>
        <time>2022-08-01T00:53:39.998Z</time>
      </trkpt>
      <trkpt lat="37.418672" lon="-121.967999">
        <ele>7.019300</ele>
        <time>2022-08-01T00:53:43.998Z</time>
      </trkpt>
      <trkpt lat="37.418684" lon="-121.967861">
        <ele>7.069400</ele>
        <time>2022-08-01T00:53:47.998Z</time>
      </trkpt>
      <trkpt lat="37.418683" lon="-121.967741">
        <ele>7.112708</ele>
        <time>2022-08-01T00:53:50.998Z</time>
      </trkpt>
      <trkpt lat="37.418686" lon="-121.967616">
        <ele>7.157839</ele>
        <time>2022-08-01T00:53:53.998Z</time>
      </trkpt>
      <trkpt lat="37.418694" lon="-121.967486">
        <ele>7.204894</ele>
        <time>2022-08-01T00:53:56.998Z</time>
      </trkpt>
      <trkpt lat="37.418698" lon="-121.967371">
        <ele>7.246435</ele>
        <time>2022-08-01T00:53:59.998Z</time>
      </trkpt>
      <trkpt lat="37.418604" lon="-121.967346">
        <ele>7.244563</ele>
        <time>2022-08-01T00:54:03.998Z</time>
      </trkpt>
      <trkpt lat="37.418484" lon="-121.967317">
        <ele>7.047064</ele>
        <time>2022-08-01T00:54:06.998Z</time>
      </trkpt>
      <trkpt lat="37.418390" lon="-121.967286">
        <ele>6.890004</ele>
        <time>2022-08-01T00:54:08.998Z</time>
      </trkpt>
      <trkpt lat="37.418288" lon="-121.967250">
        <ele>6.718785</ele>
        <time>2022-08-01T00:54:10.998Z</time>
      </trkpt>
      <trkpt lat="37.418188" lon="-121.967199">
        <ele>6.544396</ele>
        <time>2022-08-01T00:54:12.998Z</time>
      </trkpt>
      <trkpt lat="37.418099" lon="-121.967152">
        <ele>6.388403</ele>
        <time>2022-08-01T00:54:14.998Z</time>
      </trkpt>
      <trkpt lat="37.418009" lon="-121.967103">
        <ele>6.229916</ele>
        <time>2022-08-01T00:54:16.998Z</time>
      </trkpt>
      <trkpt lat="37.417892" lon="-121.967025">
        <ele>6.015934</ele>
        <time>2022-08-01T00:54:19.998Z</time>
      </trkpt>
      <trkpt lat="37.417781" lon="-121.966941">
        <ele>5.806609</ele>
        <time>2022-08-01T00:54:22.998Z</time>
      </trkpt>
      <trkpt lat="37.417680" lon="-121.966856">
        <ele>5.610251</ele>
        <time>2022-08-01T00:54:25.998Z</time>
      </trkpt>
      <trkpt lat="37.417569" lon="-121.966760">
        <ele>5.392590</ele>
        <time>2022-08-01T00:54:28.998Z</time>
      </trkpt>
      <trkpt lat="37.417490" lon="-121.966695">
        <ele>5.240054</ele>
        <time>2022-08-01T00:54:30.998Z</time>
      </trkpt>
      <trkpt lat="37.417410" lon="-121.966626">
        <ele>5.083319</ele>
        <time>2022-08-01T00:54:32.998Z</time>
      </trkpt>
      <trkpt lat="37.417331" lon="-121.966553">
        <ele>4.924931</ele>
        <time>2022-08-01T00:54:34.998Z</time>
      </trkpt>
      <trkpt lat="37.417250" lon="-121.966481">
        <ele>4.764669</ele>
        <time>2022-08-01T00:54:36.998Z</time>
      </trkpt>
      <trkpt lat="37.417170" lon="-121.966406">
        <ele>4.603456</ele>
        <time>2022-08-01T00:54:38.998Z</time>
      </trkpt>
      <trkpt lat="37.417085" lon="-121.966333">
        <ele>4.437150</ele>
        <time>2022-08-01T00:54:40.998Z</time>
      </trkpt>
      <trkpt lat="37.417001" lon="-121.966257">
        <ele>4.364858</ele>
        <time>2022-08-01T00:54:42.998Z</time>
      </trkpt>
      <trkpt lat="37.416916" lon="-121.966181">
        <ele>4.351678</ele>
        <time>2022-08-01T00:54:44.998Z</time>
      </trkpt>
      <trkpt lat="37.416836" lon="-121.966106">
        <ele>4.339069</ele>
        <time>2022-08-01T00:54:46.998Z</time>
      </trkpt>
      <trkpt lat="37.416753" lon="-121.966032">
        <ele>4.326212</ele>
        <time>2022-08-01T00:54:48.998Z</time>
      </trkpt>
      <trkpt lat="37.416671" lon="-121.965964">
        <ele>4.313799</ele>
        <time>2022-08-01T00:54:50.998Z</time>
      </trkpt>
      <trkpt lat="37.416588" lon="-121.965894">
        <ele>4.301170</ele>
        <time>2022-08-01T00:54:52.998Z</time>
      </trkpt>
      <trkpt lat="37.416504" lon="-121.965825">
        <ele>4.288490</ele>
        <time>2022-08-01T00:54:54.998Z</time>
      </trkpt>
      <trkpt lat="37.416425" lon="-121.965752">
        <ele>4.276102</ele>
        <time>2022-08-01T00:54:56.998Z</time>
      </trkpt>
      <trkpt lat="37.416345" lon="-121.965680">
        <ele>4.263670</ele>
        <time>2022-08-01T00:54:58.998Z</time>
      </trkpt>
      <trkpt lat="37.416264" lon="-121.965609">
        <ele>4.251193</ele>
        <time>2022-08-01T00:55:00.998Z</time>
      </trkpt>
      <trkpt lat="37.416183" lon="-121.965537">
        <ele>4.238658</ele>
        <time>2022-08-01T00:55:02.998Z</time>
      </trkpt>
      <trkpt lat="37.416100" lon="-121.965464">
        <ele>4.225859</ele>
        <time>2022-08-01T00:55:04.998Z</time>
      </trkpt>
      <trkpt lat="37.416019" lon="-121.965391">
        <ele>4.213266</ele>
        <time>2022-08-01T00:55:06.998Z</time>
      </trkpt>
      <trkpt lat="37.415937" lon="-121.965320">
        <ele>4.200685</ele>
        <time>2022-08-01T00:55:08.998Z</time>
      </trkpt>
      <trkpt lat="37.415855" lon="-121.965248">
        <ele>4.188046</ele>
        <time>2022-08-01T00:55:10.999Z</time>
      </trkpt>
      <trkpt lat="37.415772" lon="-121.965178">
        <ele>4.175417</ele>
        <time>2022-08-01T00:55:12.999Z</time>
      </trkpt>
      <trkpt lat="37.415692" lon="-121.965106">
        <ele>4.162985</ele>
        <time>2022-08-01T00:55:14.999Z</time>
      </trkpt>
      <trkpt lat="37.415609" lon="-121.965039">
        <ele>4.150521</ele>
        <time>2022-08-01T00:55:16.999Z</time>
      </trkpt>
      <trkpt lat="37.415536" lon="-121.964968">
        <ele>4.162127</ele>
        <time>2022-08-01T00:55:18.999Z</time>
      </trkpt>
      <trkpt lat="37.415459" lon="-121.964900">
        <ele>4.191737</ele>
        <time>2022-08-01T00:55:20.999Z</time>
      </trkpt>
      <trkpt lat="37.415382" lon="-121.964830">
        <ele>4.221637</ele>
        <time>2022-08-01T00:55:22.999Z</time>
      </trkpt>
      <trkpt lat="37.415304" lon="-121.964759">
        <ele>4.251939</ele>
        <time>2022-08-01T00:55:24.999Z</time>
      </trkpt>
      <trkpt lat="37.415225" lon="-121.964686">
        <ele>4.282790</ele>
        <time>2022-08-01T00:55:26.999Z</time>
      </trkpt>
      <trkpt lat="37.415143" lon="-121.964618">
        <ele>4.313702</ele>
        <time>2022-08-01T00:55:28.999Z</time>
      </trkpt>
      <trkpt lat="37.415061" lon="-121.964549">
        <ele>4.344752</ele>
        <time>2022-08-01T00:55:30.999Z</time>
      </trkpt>
      <trkpt lat="37.414980" lon="-121.964483">
        <ele>4.375127</ele>
        <time>2022-08-01T00:55:32.999Z</time>
      </trkpt>
      <trkpt lat="37.414903" lon="-121.964413">
        <ele>4.405027</ele>
        <time>2022-08-01T00:55:34.999Z</time>
      </trkpt>
      <trkpt lat="37.414824" lon="-121.964344">
        <ele>4.435296</ele>
        <time>2022-08-01T00:55:36.999Z</time>
      </trkpt>
      <trkpt lat="37.414747" lon="-121.964272">
        <ele>4.465492</ele>
        <time>2022-08-01T00:55:38.999Z</time>
      </trkpt>
      <trkpt lat="37.414664" lon="-121.964202">
        <ele>4.496943</ele>
        <time>2022-08-01T00:55:40.999Z</time>
      </trkpt>
      <trkpt lat="37.414586" lon="-121.964129">
        <ele>4.527541</ele>
        <time>2022-08-01T00:55:42.999Z</time>
      </trkpt>
      <trkpt lat="37.414512" lon="-121.964052">
        <ele>4.557764</ele>
        <time>2022-08-01T00:55:44.999Z</time>
      </trkpt>
      <trkpt lat="37.414429" lon="-121.963985">
        <ele>4.588804</ele>
        <time>2022-08-01T00:55:46.998Z</time>
      </trkpt>
      <trkpt lat="37.414351" lon="-121.963910">
        <ele>4.619702</ele>
        <time>2022-08-01T00:55:48.998Z</time>
      </trkpt>
      <trkpt lat="37.414271" lon="-121.963837">
        <ele>4.650807</ele>
        <time>2022-08-01T00:55:50.998Z</time>
      </trkpt>
      <trkpt lat="37.414195" lon="-121.963776">
        <ele>4.679182</ele>
        <time>2022-08-01T00:55:52.998Z</time>
      </trkpt>
      <trkpt lat="37.414097" lon="-121.963696">
        <ele>4.708166</ele>
        <time>2022-08-01T00:55:55.998Z</time>
      </trkpt>
      <trkpt lat="37.414001" lon="-121.963620">
        <ele>4.677249</ele>
        <time>2022-08-01T00:55:58.998Z</time>
      </trkpt>
      <trkpt lat="37.413904" lon="-121.963530">
        <ele>4.644399</ele>
        <time>2022-08-01T00:56:01.998Z</time>
      </trkpt>
      <trkpt lat="37.413794" lon="-121.963437">
        <ele>4.608276</ele>
        <time>2022-08-01T00:56:04.998Z</time>
      </trkpt>
      <trkpt lat="37.413723" lon="-121.963366">
        <ele>4.583556</ele>
        <time>2022-08-01T00:56:06.998Z</time>
      </trkpt>
      <trkpt lat="37.413645" lon="-121.963301">
        <ele>4.558055</ele>
        <time>2022-08-01T00:56:08.998Z</time>
      </trkpt>
      <trkpt lat="37.413564" lon="-121.963237">
        <ele>4.531984</ele>
        <time>2022-08-01T00:56:10.998Z</time>
      </trkpt>
      <trkpt lat="37.413486" lon="-121.963170">
        <ele>4.506241</ele>
        <time>2022-08-01T00:56:12.998Z</time>
      </trkpt>
      <trkpt lat="37.413412" lon="-121.963096">
        <ele>4.480477</ele>
        <time>2022-08-01T00:56:14.998Z</time>
      </trkpt>
      <trkpt lat="37.413332" lon="-121.963024">
        <ele>4.453668</ele>
        <time>2022-08-01T00:56:16.998Z</time>
      </trkpt>
      <trkpt lat="37.413247" lon="-121.962953">
        <ele>4.425858</ele>
        <time>2022-08-01T00:56:18.998Z</time>
      </trkpt>
      <trkpt lat="37.413169" lon="-121.962863">
        <ele>4.397013</ele>
        <time>2022-08-01T00:56:20.998Z</time>
      </trkpt>
      <trkpt lat="37.413086" lon="-121.962781">
        <ele>4.368250</ele>
        <time>2022-08-01T00:56:22.998Z</time>
      </trkpt>
      <trkpt lat="37.412997" lon="-121.962714">
        <ele>4.339980</ele>
        <time>2022-08-01T00:56:24.998Z</time>
      </trkpt>
      <trkpt lat="37.412903" lon="-121.962643">
        <ele>4.310094</ele>
        <time>2022-08-01T00:56:26.998Z</time>
      </trkpt>
      <trkpt lat="37.412814" lon="-121.962570">
        <ele>4.281136</ele>
        <time>2022-08-01T00:56:28.998Z</time>
      </trkpt>
      <trkpt lat="37.412724" lon="-121.962495">
        <ele>4.251711</ele>
        <time>2022-08-01T00:56:30.998Z</time>
      </trkpt>
      <trkpt lat="37.412636" lon="-121.962414">
        <ele>4.221992</ele>
        <time>2022-08-01T00:56:32.998Z</time>
      </trkpt>
      <trkpt lat="37.412547" lon="-121.962334">
        <ele>4.205162</ele>
        <time>2022-08-01T00:56:34.998Z</time>
      </trkpt>
      <trkpt lat="37.412457" lon="-121.962257">
        <ele>4.188668</ele>
        <time>2022-08-01T00:56:36.998Z</time>
      </trkpt>
      <trkpt lat="37.412369" lon="-121.962178">
        <ele>4.172286</ele>
        <time>2022-08-01T00:56:38.998Z</time>
      </trkpt>
      <trkpt lat="37.412280" lon="-121.962096">
        <ele>4.155569</ele>
        <time>2022-08-01T00:56:40.998Z</time>
      </trkpt>
      <trkpt lat="37.412193" lon="-121.962014">
        <ele>4.139095</ele>
        <time>2022-08-01T00:56:42.998Z</time>
      </trkpt>
      <trkpt lat="37.412106" lon="-121.961931">
        <ele>4.122550</ele>
        <time>2022-08-01T00:56:44.998Z</time>
      </trkpt>
      <trkpt lat="37.412018" lon="-121.961848">
        <ele>4.105883</ele>
        <time>2022-08-01T00:56:46.998Z</time>
      </trkpt>
      <trkpt lat="37.411925" lon="-121.961768">
        <ele>4.088810</ele>
        <time>2022-08-01T00:56:48.998Z</time>
      </trkpt>
      <trkpt lat="37.411821" lon="-121.961687">
        <ele>4.070274</ele>
        <time>2022-08-01T00:56:50.998Z</time>
      </trkpt>
      <trkpt lat="37.411723" lon="-121.961596">
        <ele>4.051816</ele>
        <time>2022-08-01T00:56:52.998Z</time>
      </trkpt>
      <trkpt lat="37.411626" lon="-121.961508">
        <ele>4.033693</ele>
        <time>2022-08-01T00:56:54.998Z</time>
      </trkpt>
      <trkpt lat="37.411531" lon="-121.961422">
        <ele>4.015957</ele>
        <time>2022-08-01T00:56:56.998Z</time>
      </trkpt>
      <trkpt lat="37.411432" lon="-121.961337">
        <ele>3.997794</ele>
        <time>2022-08-01T00:56:58.998Z</time>
      </trkpt>
      <trkpt lat="37.411336" lon="-121.961257">
        <ele>3.980343</ele>
        <time>2022-08-01T00:57:00.998Z</time>
      </trkpt>
      <trkpt lat="37.411235" lon="-121.961185">
        <ele>3.962750</ele>
        <time>2022-08-01T00:57:02.998Z</time>
      </trkpt>
      <trkpt lat="37.411125" lon="-121.961131">
        <ele>3.971384</ele>
        <time>2022-08-01T00:57:04.998Z</time>
      </trkpt>
      <trkpt lat="37.411017" lon="-121.961061">
        <ele>4.077198</ele>
        <time>2022-08-01T00:57:06.998Z</time>
      </trkpt>
      <trkpt lat="37.410909" lon="-121.960969">
        <ele>4.190789</ele>
        <time>2022-08-01T00:57:08.998Z</time>
      </trkpt>
      <trkpt lat="37.410791" lon="-121.960867">
        <ele>4.315475</ele>
        <time>2022-08-01T00:57:10.998Z</time>
      </trkpt>
      <trkpt lat="37.410666" lon="-121.960747">
        <ele>4.452408</ele>
        <time>2022-08-01T00:57:12.999Z</time>
      </trkpt>
      <trkpt lat="37.410531" lon="-121.960609">
        <ele>4.603889</ele>
        <time>2022-08-01T00:57:14.999Z</time>
      </trkpt>
      <trkpt lat="37.410460" lon="-121.960537">
        <ele>4.683306</ele>
        <time>2022-08-01T00:57:15.999Z</time>
      </trkpt>
      <trkpt lat="37.410387" lon="-121.960460">
        <ele>4.766266</ele>
        <time>2022-08-01T00:57:16.999Z</time>
      </trkpt>
      <trkpt lat="37.410319" lon="-121.960382">
        <ele>4.846400</ele>
        <time>2022-08-01T00:57:17.999Z</time>
      </trkpt>
      <trkpt lat="37.410249" lon="-121.960307">
        <ele>4.926470</ele>
        <time>2022-08-01T00:57:18.999Z</time>
      </trkpt>
      <trkpt lat="37.410142" lon="-121.960141">
        <ele>5.074390</ele>
        <time>2022-08-01T00:57:20.999Z</time>
      </trkpt>
      <trkpt lat="37.410054" lon="-121.959954">
        <ele>5.224782</ele>
        <time>2022-08-01T00:57:22.999Z</time>
      </trkpt>
      <trkpt lat="37.410016" lon="-121.959851">
        <ele>5.303362</ele>
        <time>2022-08-01T00:57:23.999Z</time>
      </trkpt>
      <trkpt lat="37.409990" lon="-121.959740">
        <ele>5.383436</ele>
        <time>2022-08-01T00:57:24.999Z</time>
      </trkpt>
      <trkpt lat="37.409961" lon="-121.959632">
        <ele>5.462318</ele>
        <time>2022-08-01T00:57:25.999Z</time>
      </trkpt>
      <trkpt lat="37.409899" lon="-121.959431">
        <ele>5.467445</ele>
        <time>2022-08-01T00:57:27.999Z</time>
      </trkpt>
      <trkpt lat="37.409841" lon="-121.959255">
        <ele>5.401280</ele>
        <time>2022-08-01T00:57:29.999Z</time>
      </trkpt>
      <trkpt lat="37.409783" lon="-121.959091">
        <ele>5.338944</ele>
        <time>2022-08-01T00:57:31.999Z</time>
      </trkpt>
      <trkpt lat="37.409729" lon="-121.958936">
        <ele>5.280172</ele>
        <time>2022-08-01T00:57:33.999Z</time>
      </trkpt>
      <trkpt lat="37.409682" lon="-121.958789">
        <ele>5.225148</ele>
        <time>2022-08-01T00:57:35.999Z</time>
      </trkpt>
      <trkpt lat="37.409674" lon="-121.958652">
        <ele>5.177447</ele>
        <time>2022-08-01T00:57:37.999Z</time>
      </trkpt>
      <trkpt lat="37.409648" lon="-121.958529">
        <ele>5.133250</ele>
        <time>2022-08-01T00:57:39.999Z</time>
      </trkpt>
      <trkpt lat="37.409615" lon="-121.958409">
        <ele>5.089155</ele>
        <time>2022-08-01T00:57:41.999Z</time>
      </trkpt>
      <trkpt lat="37.409580" lon="-121.958290">
        <ele>5.045092</ele>
        <time>2022-08-01T00:57:43.999Z</time>
      </trkpt>
      <trkpt lat="37.409539" lon="-121.958172">
        <ele>5.000369</ele>
        <time>2022-08-01T00:57:45.999Z</time>
      </trkpt>
      <trkpt lat="37.409499" lon="-121.958052">
        <ele>4.955179</ele>
        <time>2022-08-01T00:57:47.999Z</time>
      </trkpt>
      <trkpt lat="37.409462" lon="-121.957928">
        <ele>4.909184</ele>
        <time>2022-08-01T00:57:49.999Z</time>
      </trkpt>
      <trkpt lat="37.409417" lon="-121.957807">
        <ele>4.862790</ele>
        <time>2022-08-01T00:57:51.998Z</time>
      </trkpt>
      <trkpt lat="37.409378" lon="-121.957683">
        <ele>4.816480</ele>
        <time>2022-08-01T00:57:53.998Z</time>
      </trkpt>
      <trkpt lat="37.409341" lon="-121.957560">
        <ele>4.770809</ele>
        <time>2022-08-01T00:57:55.998Z</time>
      </trkpt>
      <trkpt lat="37.409300" lon="-121.957442">
        <ele>4.725149</ele>
        <time>2022-08-01T00:57:57.998Z</time>
      </trkpt>
      <trkpt lat="37.409262" lon="-121.957323">
        <ele>4.667605</ele>
        <time>2022-08-01T00:57:59.998Z</time>
      </trkpt>
      <trkpt lat="37.409228" lon="-121.957205">
        <ele>4.611288</ele>
        <time>2022-08-01T00:58:01.998Z</time>
      </trkpt>
      <trkpt lat="37.409186" lon="-121.957088">
        <ele>4.553683</ele>
        <time>2022-08-01T00:58:03.998Z</time>
      </trkpt>
      <trkpt lat="37.409148" lon="-121.956967">
        <ele>4.495307</ele>
        <time>2022-08-01T00:58:05.998Z</time>
      </trkpt>
      <trkpt lat="37.409104" lon="-121.956848">
        <ele>4.436415</ele>
        <time>2022-08-01T00:58:07.998Z</time>
      </trkpt>
      <trkpt lat="37.409065" lon="-121.956728">
        <ele>4.378244</ele>
        <time>2022-08-01T00:58:09.998Z</time>
      </trkpt>
      <trkpt lat="37.409019" lon="-121.956610">
        <ele>4.319270</ele>
        <time>2022-08-01T00:58:11.998Z</time>
      </trkpt>
      <trkpt lat="37.408977" lon="-121.956489">
        <ele>4.260025</ele>
        <time>2022-08-01T00:58:13.998Z</time>
      </trkpt>
      <trkpt lat="37.408929" lon="-121.956372">
        <ele>4.200944</ele>
        <time>2022-08-01T00:58:15.998Z</time>
      </trkpt>
      <trkpt lat="37.408878" lon="-121.956254">
        <ele>4.140673</ele>
        <time>2022-08-01T00:58:17.998Z</time>
      </trkpt>
      <trkpt lat="37.408827" lon="-121.956136">
        <ele>4.080401</ele>
        <time>2022-08-01T00:58:19.998Z</time>
      </trkpt>
      <trkpt lat="37.408795" lon="-121.956015">
        <ele>4.023183</ele>
        <time>2022-08-01T00:58:21.998Z</time>
      </trkpt>
      <trkpt lat="37.408753" lon="-121.955901">
        <ele>3.966802</ele>
        <time>2022-08-01T00:58:23.998Z</time>
      </trkpt>
      <trkpt lat="37.408713" lon="-121.955787">
        <ele>3.910887</ele>
        <time>2022-08-01T00:58:25.998Z</time>
      </trkpt>
      <trkpt lat="37.408663" lon="-121.955677">
        <ele>3.854025</ele>
        <time>2022-08-01T00:58:27.998Z</time>
      </trkpt>
      <trkpt lat="37.408612" lon="-121.955567">
        <ele>3.796880</ele>
        <time>2022-08-01T00:58:29.998Z</time>
      </trkpt>
      <trkpt lat="37.408544" lon="-121.955452">
        <ele>3.732557</ele>
        <time>2022-08-01T00:58:31.998Z</time>
      </trkpt>
      <trkpt lat="37.408483" lon="-121.955340">
        <ele>3.706929</ele>
        <time>2022-08-01T00:58:33.998Z</time>
      </trkpt>
      <trkpt lat="37.408426" lon="-121.955228">
        <ele>3.697735</ele>
        <time>2022-08-01T00:58:35.998Z</time>
      </trkpt>
      <trkpt lat="37.408364" lon="-121.955117">
        <ele>3.688355</ele>
        <time>2022-08-01T00:58:37.998Z</time>
      </trkpt>
      <trkpt lat="37.408304" lon="-121.955004">
        <ele>3.678961</ele>
        <time>2022-08-01T00:58:39.998Z</time>
      </trkpt>
      <trkpt lat="37.408244" lon="-121.954894">
        <ele>3.669737</ele>
        <time>2022-08-01T00:58:41.998Z</time>
      </trkpt>
      <trkpt lat="37.408180" lon="-121.954784">
        <ele>3.660313</ele>
        <time>2022-08-01T00:58:43.998Z</time>
      </trkpt>
      <trkpt lat="37.408118" lon="-121.954674">
        <ele>3.650990</ele>
        <time>2022-08-01T00:58:45.998Z</time>
      </trkpt>
      <trkpt lat="37.408051" lon="-121.954565">
        <ele>3.641463</ele>
        <time>2022-08-01T00:58:47.998Z</time>
      </trkpt>
      <trkpt lat="37.407988" lon="-121.954457">
        <ele>3.632201</ele>
        <time>2022-08-01T00:58:49.998Z</time>
      </trkpt>
      <trkpt lat="37.407926" lon="-121.954350">
        <ele>3.623047</ele>
        <time>2022-08-01T00:58:51.998Z</time>
      </trkpt>
      <trkpt lat="37.407852" lon="-121.954247">
        <ele>3.613447</ele>
        <time>2022-08-01T00:58:53.998Z</time>
      </trkpt>
      <trkpt lat="37.407781" lon="-121.954150">
        <ele>3.604330</ele>
        <time>2022-08-01T00:58:55.998Z</time>
      </trkpt>
      <trkpt lat="37.407714" lon="-121.954048">
        <ele>3.595181</ele>
        <time>2022-08-01T00:58:57.998Z</time>
      </trkpt>
      <trkpt lat="37.407651" lon="-121.953947">
        <ele>3.586305</ele>
        <time>2022-08-01T00:58:59.998Z</time>
      </trkpt>
      <trkpt lat="37.407570" lon="-121.953860">
        <ele>3.577040</ele>
        <time>2022-08-01T00:59:01.998Z</time>
      </trkpt>
      <trkpt lat="37.407499" lon="-121.953775">
        <ele>3.568514</ele>
        <time>2022-08-01T00:59:03.998Z</time>
      </trkpt>
      <trkpt lat="37.407427" lon="-121.953678">
        <ele>3.559338</ele>
        <time>2022-08-01T00:59:05.998Z</time>
      </trkpt>
      <trkpt lat="37.407353" lon="-121.953589">
        <ele>3.572054</ele>
        <time>2022-08-01T00:59:07.998Z</time>
      </trkpt>
      <trkpt lat="37.407285" lon="-121.953494">
        <ele>3.593023</ele>
        <time>2022-08-01T00:59:09.998Z</time>
      </trkpt>
      <trkpt lat="37.407211" lon="-121.953399">
        <ele>3.614840</ele>
        <time>2022-08-01T00:59:11.998Z</time>
      </trkpt>
      <trkpt lat="37.407133" lon="-121.953310">
        <ele>3.636570</ele>
        <time>2022-08-01T00:59:13.998Z</time>
      </trkpt>
      <trkpt lat="37.407059" lon="-121.953215">
        <ele>3.658387</ele>
        <time>2022-08-01T00:59:15.998Z</time>
      </trkpt>
      <trkpt lat="37.406983" lon="-121.953119">
        <ele>3.680611</ele>
        <time>2022-08-01T00:59:17.998Z</time>
      </trkpt>
      <trkpt lat="37.406901" lon="-121.953028">
        <ele>3.703176</ele>
        <time>2022-08-01T00:59:19.999Z</time>
      </trkpt>
      <trkpt lat="37.406818" lon="-121.952944">
        <ele>3.725159</ele>
        <time>2022-08-01T00:59:21.999Z</time>
      </trkpt>
      <trkpt lat="37.406736" lon="-121.952863">
        <ele>3.746674</ele>
        <time>2022-08-01T00:59:23.999Z</time>
      </trkpt>
      <trkpt lat="37.406654" lon="-121.952787">
        <ele>3.767694</ele>
        <time>2022-08-01T00:59:25.999Z</time>
      </trkpt>
      <trkpt lat="37.406570" lon="-121.952703">
        <ele>3.789838</ele>
        <time>2022-08-01T00:59:27.999Z</time>
      </trkpt>
      <trkpt lat="37.406481" lon="-121.952630">
        <ele>3.811765</ele>
        <time>2022-08-01T00:59:29.999Z</time>
      </trkpt>
      <trkpt lat="37.406394" lon="-121.952553">
        <ele>3.833718</ele>
        <time>2022-08-01T00:59:31.999Z</time>
      </trkpt>
      <trkpt lat="37.406317" lon="-121.952464">
        <ele>3.855296</ele>
        <time>2022-08-01T00:59:33.999Z</time>
      </trkpt>
      <trkpt lat="37.406222" lon="-121.952402">
        <ele>3.877385</ele>
        <time>2022-08-01T00:59:35.999Z</time>
      </trkpt>
      <trkpt lat="37.406127" lon="-121.952343">
        <ele>3.899251</ele>
        <time>2022-08-01T00:59:37.999Z</time>
      </trkpt>
      <trkpt lat="37.406038" lon="-121.952267">
        <ele>3.921451</ele>
        <time>2022-08-01T00:59:39.999Z</time>
      </trkpt>
      <trkpt lat="37.405947" lon="-121.952190">
        <ele>3.938247</ele>
        <time>2022-08-01T00:59:41.999Z</time>
      </trkpt>
      <trkpt lat="37.405857" lon="-121.952115">
        <ele>3.952377</ele>
        <time>2022-08-01T00:59:43.999Z</time>
      </trkpt>
      <trkpt lat="37.405763" lon="-121.952050">
        <ele>3.966418</ele>
        <time>2022-08-01T00:59:45.999Z</time>
      </trkpt>
      <trkpt lat="37.405667" lon="-121.951994">
        <ele>3.980269</ele>
        <time>2022-08-01T00:59:47.999Z</time>
      </trkpt>
      <trkpt lat="37.405568" lon="-121.951944">
        <ele>3.994234</ele>
        <time>2022-08-01T00:59:49.999Z</time>
      </trkpt>
      <trkpt lat="37.405467" lon="-121.951903">
        <ele>4.008127</ele>
        <time>2022-08-01T00:59:51.998Z</time>
      </trkpt>
      <trkpt lat="37.405372" lon="-121.951837">
        <ele>4.022333</ele>
        <time>2022-08-01T00:59:53.998Z</time>
      </trkpt>
      <trkpt lat="37.405278" lon="-121.951765">
        <ele>4.036738</ele>
        <time>2022-08-01T00:59:55.998Z</time>
      </trkpt>
      <trkpt lat="37.405183" lon="-121.951685">
        <ele>4.051701</ele>
        <time>2022-08-01T00:59:57.998Z</time>
      </trkpt>
      <trkpt lat="37.405091" lon="-121.951608">
        <ele>4.066164</ele>
        <time>2022-08-01T00:59:59.998Z</time>
      </trkpt>
      <trkpt lat="37.404999" lon="-121.951529">
        <ele>4.080744</ele>
        <time>2022-08-01T01:00:01.998Z</time>
      </trkpt>
      <trkpt lat="37.404910" lon="-121.951448">
        <ele>4.095122</ele>
        <time>2022-08-01T01:00:03.998Z</time>
      </trkpt>
      <trkpt lat="37.404818" lon="-121.951370">
        <ele>4.109643</ele>
        <time>2022-08-01T01:00:05.998Z</time>
      </trkpt>
      <trkpt lat="37.404733" lon="-121.951284">
        <ele>4.123919</ele>
        <time>2022-08-01T01:00:07.998Z</time>
      </trkpt>
      <trkpt lat="37.404653" lon="-121.951186">
        <ele>4.138533</ele>
        <time>2022-08-01T01:00:09.998Z</time>
      </trkpt>
      <trkpt lat="37.404573" lon="-121.951091">
        <ele>4.152931</ele>
        <time>2022-08-01T01:00:11.998Z</time>
      </trkpt>
      <trkpt lat="37.404500" lon="-121.950989">
        <ele>4.175510</ele>
        <time>2022-08-01T01:00:13.998Z</time>
      </trkpt>
      <trkpt lat="37.404435" lon="-121.950883">
        <ele>4.221462</ele>
        <time>2022-08-01T01:00:15.998Z</time>
      </trkpt>
      <trkpt lat="37.404349" lon="-121.950786">
        <ele>4.271344</ele>
        <time>2022-08-01T01:00:17.998Z</time>
      </trkpt>
      <trkpt lat="37.404267" lon="-121.950686">
        <ele>4.320663</ele>
        <time>2022-08-01T01:00:19.998Z</time>
      </trkpt>
      <trkpt lat="37.404195" lon="-121.950573">
        <ele>4.370373</ele>
        <time>2022-08-01T01:00:21.998Z</time>
      </trkpt>
      <trkpt lat="37.404130" lon="-121.950451">
        <ele>4.420783</ele>
        <time>2022-08-01T01:00:23.998Z</time>
      </trkpt>
      <trkpt lat="37.404066" lon="-121.950331">
        <ele>4.470383</ele>
        <time>2022-08-01T01:00:25.998Z</time>
      </trkpt>
      <trkpt lat="37.404004" lon="-121.950211">
        <ele>4.519506</ele>
        <time>2022-08-01T01:00:27.998Z</time>
      </trkpt>
      <trkpt lat="37.403944" lon="-121.950096">
        <ele>4.566720</ele>
        <time>2022-08-01T01:00:29.998Z</time>
      </trkpt>
      <trkpt lat="37.403885" lon="-121.949981">
        <ele>4.613699</ele>
        <time>2022-08-01T01:00:31.998Z</time>
      </trkpt>
      <trkpt lat="37.403824" lon="-121.949864">
        <ele>4.661724</ele>
        <time>2022-08-01T01:00:33.998Z</time>
      </trkpt>
      <trkpt lat="37.403757" lon="-121.949751">
        <ele>4.710112</ele>
        <time>2022-08-01T01:00:35.998Z</time>
      </trkpt>
      <trkpt lat="37.403694" lon="-121.949637">
        <ele>4.757768</ele>
        <time>2022-08-01T01:00:37.998Z</time>
      </trkpt>
      <trkpt lat="37.403619" lon="-121.949535">
        <ele>4.805464</ele>
        <time>2022-08-01T01:00:39.998Z</time>
      </trkpt>
      <trkpt lat="37.403548" lon="-121.949429">
        <ele>4.853044</ele>
        <time>2022-08-01T01:00:41.998Z</time>
      </trkpt>
      <trkpt lat="37.403479" lon="-121.949320">
        <ele>4.900873</ele>
        <time>2022-08-01T01:00:43.998Z</time>
      </trkpt>
      <trkpt lat="37.403405" lon="-121.949213">
        <ele>4.936468</ele>
        <time>2022-08-01T01:00:45.998Z</time>
      </trkpt>
      <trkpt lat="37.403331" lon="-121.949106">
        <ele>4.914051</ele>
        <time>2022-08-01T01:00:47.998Z</time>
      </trkpt>
      <trkpt lat="37.403252" lon="-121.949008">
        <ele>4.891988</ele>
        <time>2022-08-01T01:00:49.998Z</time>
      </trkpt>
      <trkpt lat="37.403173" lon="-121.948913">
        <ele>4.870256</ele>
        <time>2022-08-01T01:00:51.998Z</time>
      </trkpt>
      <trkpt lat="37.403095" lon="-121.948822">
        <ele>4.849102</ele>
        <time>2022-08-01T01:00:53.998Z</time>
      </trkpt>
      <trkpt lat="37.403016" lon="-121.948731">
        <ele>4.827801</ele>
        <time>2022-08-01T01:00:55.998Z</time>
      </trkpt>
      <trkpt lat="37.402940" lon="-121.948646">
        <ele>4.807578</ele>
        <time>2022-08-01T01:00:57.998Z</time>
      </trkpt>
      <trkpt lat="37.402867" lon="-121.948551">
        <ele>4.786693</ele>
        <time>2022-08-01T01:00:59.998Z</time>
      </trkpt>
      <trkpt lat="37.402789" lon="-121.948460">
        <ele>4.765538</ele>
        <time>2022-08-01T01:01:01.998Z</time>
      </trkpt>
      <trkpt lat="37.402711" lon="-121.948370">
        <ele>4.744491</ele>
        <time>2022-08-01T01:01:03.998Z</time>
      </trkpt>
      <trkpt lat="37.402635" lon="-121.948280">
        <ele>4.723735</ele>
        <time>2022-08-01T01:01:05.998Z</time>
      </trkpt>
      <trkpt lat="37.402559" lon="-121.948188">
        <ele>4.702761</ele>
        <time>2022-08-01T01:01:07.998Z</time>
      </trkpt>
      <trkpt lat="37.402480" lon="-121.948096">
        <ele>4.681354</ele>
        <time>2022-08-01T01:01:09.998Z</time>
      </trkpt>
      <trkpt lat="37.402400" lon="-121.948005">
        <ele>4.659906</ele>
        <time>2022-08-01T01:01:11.998Z</time>
      </trkpt>
      <trkpt lat="37.402327" lon="-121.947912">
        <ele>4.639246</ele>
        <time>2022-08-01T01:01:13.998Z</time>
      </trkpt>
      <trkpt lat="37.402255" lon="-121.947821">
        <ele>4.618951</ele>
        <time>2022-08-01T01:01:15.998Z</time>
      </trkpt>
      <trkpt lat="37.402184" lon="-121.947731">
        <ele>4.598908</ele>
        <time>2022-08-01T01:01:17.998Z</time>
      </trkpt>
      <trkpt lat="37.402112" lon="-121.947642">
        <ele>4.585126</ele>
        <time>2022-08-01T01:01:19.998Z</time>
      </trkpt>
      <trkpt lat="37.402044" lon="-121.947547">
        <ele>4.596887</ele>
        <time>2022-08-01T01:01:21.998Z</time>
      </trkpt>
      <trkpt lat="37.401975" lon="-121.947446">
        <ele>4.609139</ele>
        <time>2022-08-01T01:01:23.998Z</time>
      </trkpt>
      <trkpt lat="37.401915" lon="-121.947339">
        <ele>4.621185</ele>
        <time>2022-08-01T01:01:25.998Z</time>
      </trkpt>
      <trkpt lat="37.401866" lon="-121.947225">
        <ele>4.633106</ele>
        <time>2022-08-01T01:01:27.998Z</time>
      </trkpt>
      <trkpt lat="37.401814" lon="-121.947115">
        <ele>4.644879</ele>
        <time>2022-08-01T01:01:29.998Z</time>
      </trkpt>
      <trkpt lat="37.401766" lon="-121.947005">
        <ele>4.656422</ele>
        <time>2022-08-01T01:01:31.998Z</time>
      </trkpt>
      <trkpt lat="37.401717" lon="-121.946898">
        <ele>4.667781</ele>
        <time>2022-08-01T01:01:33.999Z</time>
      </trkpt>
      <trkpt lat="37.401675" lon="-121.946788">
        <ele>4.679006</ele>
        <time>2022-08-01T01:01:35.999Z</time>
      </trkpt>
      <trkpt lat="37.401634" lon="-121.946679">
        <ele>4.690098</ele>
        <time>2022-08-01T01:01:37.998Z</time>
      </trkpt>
      <trkpt lat="37.401589" lon="-121.946575">
        <ele>4.700990</ele>
        <time>2022-08-01T01:01:39.998Z</time>
      </trkpt>
      <trkpt lat="37.401554" lon="-121.946470">
        <ele>4.711463</ele>
        <time>2022-08-01T01:01:41.998Z</time>
      </trkpt>
      <trkpt lat="37.401526" lon="-121.946361">
        <ele>4.721999</ele>
        <time>2022-08-01T01:01:43.998Z</time>
      </trkpt>
      <trkpt lat="37.401510" lon="-121.946248">
        <ele>4.732556</ele>
        <time>2022-08-01T01:01:45.998Z</time>
      </trkpt>
      <trkpt lat="37.401471" lon="-121.946136">
        <ele>4.743803</ele>
        <time>2022-08-01T01:01:47.998Z</time>
      </trkpt>
      <trkpt lat="37.401438" lon="-121.946028">
        <ele>4.754446</ele>
        <time>2022-08-01T01:01:49.998Z</time>
      </trkpt>
      <trkpt lat="37.401411" lon="-121.945915">
        <ele>4.765299</ele>
        <time>2022-08-01T01:01:51.998Z</time>
      </trkpt>
      <trkpt lat="37.401387" lon="-121.945796">
        <ele>4.776591</ele>
        <time>2022-08-01T01:01:53.998Z</time>
      </trkpt>
      <trkpt lat="37.401371" lon="-121.945676">
        <ele>4.787782</ele>
        <time>2022-08-01T01:01:55.998Z</time>
      </trkpt>
      <trkpt lat="37.401338" lon="-121.945558">
        <ele>4.870673</ele>
        <time>2022-08-01T01:01:57.998Z</time>
      </trkpt>
      <trkpt lat="37.401309" lon="-121.945442">
        <ele>4.978823</ele>
        <time>2022-08-01T01:01:59.998Z</time>
      </trkpt>
      <trkpt lat="37.401299" lon="-121.945317">
        <ele>5.090550</ele>
        <time>2022-08-01T01:02:01.998Z</time>
      </trkpt>
      <trkpt lat="37.401283" lon="-121.945192">
        <ele>5.203149</ele>
        <time>2022-08-01T01:02:03.998Z</time>
      </trkpt>
      <trkpt lat="37.401268" lon="-121.945068">
        <ele>5.314696</ele>
        <time>2022-08-01T01:02:05.998Z</time>
      </trkpt>
      <trkpt lat="37.401261" lon="-121.944944">
        <ele>5.425250</ele>
        <time>2022-08-01T01:02:07.998Z</time>
      </trkpt>
      <trkpt lat="37.401252" lon="-121.944814">
        <ele>5.541300</ele>
        <time>2022-08-01T01:02:09.998Z</time>
      </trkpt>
      <trkpt lat="37.401243" lon="-121.944686">
        <ele>5.655579</ele>
        <time>2022-08-01T01:02:11.998Z</time>
      </trkpt>
      <trkpt lat="37.401243" lon="-121.944559">
        <ele>5.768522</ele>
        <time>2022-08-01T01:02:13.998Z</time>
      </trkpt>
      <trkpt lat="37.401243" lon="-121.944433">
        <ele>5.880577</ele>
        <time>2022-08-01T01:02:15.998Z</time>
      </trkpt>
      <trkpt lat="37.401253" lon="-121.944312">
        <ele>5.988766</ele>
        <time>2022-08-01T01:02:17.998Z</time>
      </trkpt>
      <trkpt lat="37.401276" lon="-121.944191">
        <ele>6.099411</ele>
        <time>2022-08-01T01:02:19.998Z</time>
      </trkpt>
      <trkpt lat="37.401286" lon="-121.944070">
        <ele>6.207600</ele>
        <time>2022-08-01T01:02:21.998Z</time>
      </trkpt>
      <trkpt lat="37.401281" lon="-121.943943">
        <ele>6.320683</ele>
        <time>2022-08-01T01:02:23.998Z</time>
      </trkpt>
      <trkpt lat="37.401288" lon="-121.943822">
        <ele>6.428576</ele>
        <time>2022-08-01T01:02:25.998Z</time>
      </trkpt>
      <trkpt lat="37.401297" lon="-121.943703">
        <ele>6.534883</ele>
        <time>2022-08-01T01:02:27.998Z</time>
      </trkpt>
      <trkpt lat="37.401311" lon="-121.943579">
        <ele>6.646267</ele>
        <time>2022-08-01T01:02:29.998Z</time>
      </trkpt>
      <trkpt lat="37.401318" lon="-121.943453">
        <ele>6.758596</ele>
        <time>2022-08-01T01:02:31.998Z</time>
      </trkpt>
      <trkpt lat="37.401329" lon="-121.943328">
        <ele>6.801902</ele>
        <time>2022-08-01T01:02:33.998Z</time>
      </trkpt>
      <trkpt lat="37.401335" lon="-121.943199">
        <ele>6.797172</ele>
        <time>2022-08-01T01:02:35.998Z</time>
      </trkpt>
      <trkpt lat="37.401328" lon="-121.943069">
        <ele>6.792402</ele>
        <time>2022-08-01T01:02:37.998Z</time>
      </trkpt>
      <trkpt lat="37.401313" lon="-121.942942">
        <ele>6.787702</ele>
        <time>2022-08-01T01:02:39.998Z</time>
      </trkpt>
      <trkpt lat="37.401297" lon="-121.942819">
        <ele>6.783140</ele>
        <time>2022-08-01T01:02:41.998Z</time>
      </trkpt>
      <trkpt lat="37.401276" lon="-121.942695">
        <ele>6.778499</ele>
        <time>2022-08-01T01:02:43.998Z</time>
      </trkpt>
      <trkpt lat="37.401247" lon="-121.942576">
        <ele>6.773943</ele>
        <time>2022-08-01T01:02:45.998Z</time>
      </trkpt>
      <trkpt lat="37.401215" lon="-121.942462">
        <ele>6.769517</ele>
        <time>2022-08-01T01:02:47.998Z</time>
      </trkpt>
      <trkpt lat="37.401180" lon="-121.942352">
        <ele>6.765179</ele>
        <time>2022-08-01T01:02:49.998Z</time>
      </trkpt>
      <trkpt lat="37.401143" lon="-121.942248">
        <ele>6.761008</ele>
        <time>2022-08-01T01:02:51.998Z</time>
      </trkpt>
      <trkpt lat="37.401088" lon="-121.942106">
        <ele>6.755225</ele>
        <time>2022-08-01T01:02:54.998Z</time>
      </trkpt>
      <trkpt lat="37.401033" lon="-121.941991">
        <ele>6.750312</ele>
        <time>2022-08-01T01:02:57.998Z</time>
      </trkpt>
      <trkpt lat="37.400991" lon="-121.941853">
        <ele>6.744902</ele>
        <time>2022-08-01T01:03:01.998Z</time>
      </trkpt>
      <trkpt lat="37.400916" lon="-121.941729">
        <ele>6.739197</ele>
        <time>2022-08-01T01:03:04.998Z</time>
      </trkpt>
      <trkpt lat="37.400833" lon="-121.941603">
        <ele>6.733206</ele>
        <time>2022-08-01T01:03:07.998Z</time>
      </trkpt>
      <trkpt lat="37.400804" lon="-121.941407">
        <ele>6.725908</ele>
        <time>2022-08-01T01:03:09.998Z</time>
      </trkpt>
      <trkpt lat="37.400723" lon="-121.941347">
        <ele>6.721733</ele>
        <time>2022-08-01T01:03:11.998Z</time>
      </trkpt>
      <trkpt lat="37.400629" lon="-121.941278">
        <ele>6.721733</ele>
        <time>2022-08-01T01:03:14.998Z</time>
      </trkpt>
      <trkpt lat="37.400713" lon="-121.941339">
        <ele>6.721733</ele>
        <time>2022-08-01T01:03:22.998Z</time>
      </trkpt>
      <trkpt lat="37.400816" lon="-121.941455">
        <ele>6.721733</ele>
        <time>2022-08-01T01:03:25.998Z</time>
      </trkpt>
      <trkpt lat="37.400948" lon="-121.941461">
        <ele>6.721733</ele>
        <time>2022-08-01T01:03:28.998Z</time>
      </trkpt>
      <trkpt lat="37.401036" lon="-121.941506">
        <ele>6.721733</ele>
        <time>2022-08-01T01:03:31.999Z</time>
      </trkpt>
      <trkpt lat="37.401139" lon="-121.941419">
        <ele>6.721733</ele>
        <time>2022-08-01T01:03:34.999Z</time>
      </trkpt>
      <trkpt lat="37.401201" lon="-121.941305">
        <ele>6.721733</ele>
        <time>2022-08-01T01:03:37.999Z</time>
      </trkpt>
      <trkpt lat="37.401253" lon="-121.941196">
        <ele>6.721733</ele>
        <time>2022-08-01T01:03:40.999Z</time>
      </trkpt>
      <trkpt lat="37.401460" lon="-121.941286">
        <ele>6.721733</ele>
        <time>2022-08-01T01:03:45.999Z</time>
      </trkpt>
      <trkpt lat="37.401521" lon="-121.941384">
        <ele>6.721733</ele>
        <time>2022-08-01T01:03:49.999Z</time>
      </trkpt>
    </trkseg>
  </trk>
</gpx>