<?xml version="1.0"?>
<gpx xmlns="http://www.topografix.com/GPX/1/1" xmlns:xsi="http://www.w3.org/2001/XMLSchema-instance" version="1.1" creator="AllTrails.com" xsi:schemaLocation="http://www.topografix.com/GPX/1/1 http://www.topografix.com/GPX/1/1/gpx.xsd">
  <metadata>
    <name><![CDATA[Afternoon hike at Map - July 17, 2022 10:44 PM]]></name>
    <desc><![CDATA[]]></desc>
    <link href="http://www.alltrails.com">
      <text>AllTrails, LLC</text>
    </link>
    <bounds minlat="37.35927" minlon="-121.99999" maxlat="37.41707" maxlon="-121.96793"/>
  </metadata>
  <trk>
    <name><![CDATA[Afternoon hike at Map - July 17, 2022 10:44 PM]]></name>
    <src>AllTrails</src>
    <trkseg>
      <trkpt lat="37.36345" lon="-121.96832">
        <ele>18.0</ele>
        <time>2022-07-17T23:27:56Z</time>
      </trkpt>
      <trkpt lat="37.36342" lon="-121.9683">
        <ele>18.0</ele>
        <time>2022-07-17T23:28:10Z</time>
      </trkpt>
      <trkpt lat="37.36337" lon="-121.96831">
        <ele>18.0</ele>
        <time>2022-07-17T23:28:12Z</time>
      </trkpt>
      <trkpt lat="37.36332" lon="-121.96833">
        <ele>18.0</ele>
        <time>2022-07-17T23:28:14Z</time>
      </trkpt>
      <trkpt lat="37.36327" lon="-121.96835">
        <ele>18.0</ele>
        <time>2022-07-17T23:28:16Z</time>
      </trkpt>
      <trkpt lat="37.36325" lon="-121.96839">
        <ele>18.0</ele>
        <time>2022-07-17T23:28:17Z</time>
      </trkpt>
      <trkpt lat="37.36327" lon="-121.96842">
        <ele>18.0</ele>
        <time>2022-07-17T23:28:19Z</time>
      </trkpt>
      <trkpt lat="37.36331" lon="-121.96843">
        <ele>17.96</ele>
        <time>2022-07-17T23:28:21Z</time>
      </trkpt>
      <trkpt lat="37.36334" lon="-121.96844">
        <ele>17.79</ele>
        <time>2022-07-17T23:28:22Z</time>
      </trkpt>
      <trkpt lat="37.36338" lon="-121.96844">
        <ele>17.42</ele>
        <time>2022-07-17T23:28:23Z</time>
      </trkpt>
      <trkpt lat="37.36342" lon="-121.96843">
        <ele>17.06</ele>
        <time>2022-07-17T23:28:24Z</time>
      </trkpt>
      <trkpt lat="37.36346" lon="-121.96843">
        <ele>16.98</ele>
        <time>2022-07-17T23:28:25Z</time>
      </trkpt>
      <trkpt lat="37.3635" lon="-121.96843">
        <ele>16.96</ele>
        <time>2022-07-17T23:28:26Z</time>
      </trkpt>
      <trkpt lat="37.36353" lon="-121.96843">
        <ele>16.96</ele>
        <time>2022-07-17T23:28:27Z</time>
      </trkpt>
      <trkpt lat="37.36357" lon="-121.96843">
        <ele>16.96</ele>
        <time>2022-07-17T23:28:28Z</time>
      </trkpt>
      <trkpt lat="37.3636" lon="-121.96843">
        <ele>16.96</ele>
        <time>2022-07-17T23:28:29Z</time>
      </trkpt>
      <trkpt lat="37.36364" lon="-121.96844">
        <ele>16.85</ele>
        <time>2022-07-17T23:28:30Z</time>
      </trkpt>
      <trkpt lat="37.36367" lon="-121.96844">
        <ele>16.85</ele>
        <time>2022-07-17T23:28:31Z</time>
      </trkpt>
      <trkpt lat="37.3637" lon="-121.96844">
        <ele>16.85</ele>
        <time>2022-07-17T23:28:32Z</time>
      </trkpt>
      <trkpt lat="37.36374" lon="-121.96844">
        <ele>16.85</ele>
        <time>2022-07-17T23:28:33Z</time>
      </trkpt>
      <trkpt lat="37.36378" lon="-121.96844">
        <ele>16.85</ele>
        <time>2022-07-17T23:28:35Z</time>
      </trkpt>
      <trkpt lat="37.36383" lon="-121.96844">
        <ele>16.79</ele>
        <time>2022-07-17T23:28:37Z</time>
      </trkpt>
      <trkpt lat="37.36392" lon="-121.96844">
        <ele>16.59</ele>
        <time>2022-07-17T23:28:38Z</time>
      </trkpt>
      <trkpt lat="37.36391" lon="-121.9685">
        <ele>15.04</ele>
        <time>2022-07-17T23:28:52Z</time>
      </trkpt>
      <trkpt lat="37.36393" lon="-121.96853">
        <ele>13.85</ele>
        <time>2022-07-17T23:28:58Z</time>
      </trkpt>
      <trkpt lat="37.36394" lon="-121.96859">
        <ele>12.43</ele>
        <time>2022-07-17T23:29:00Z</time>
      </trkpt>
      <trkpt lat="37.36395" lon="-121.96862">
        <ele>12.13</ele>
        <time>2022-07-17T23:29:01Z</time>
      </trkpt>
      <trkpt lat="37.36395" lon="-121.96866">
        <ele>12.71</ele>
        <time>2022-07-17T23:29:04Z</time>
      </trkpt>
      <trkpt lat="37.36397" lon="-121.96874">
        <ele>14.64</ele>
        <time>2022-07-17T23:29:06Z</time>
      </trkpt>
      <trkpt lat="37.36398" lon="-121.96881">
        <ele>17.15</ele>
        <time>2022-07-17T23:29:08Z</time>
      </trkpt>
      <trkpt lat="37.364" lon="-121.96879">
        <ele>16.73</ele>
        <time>2022-07-17T23:29:56Z</time>
      </trkpt>
      <trkpt lat="37.36403" lon="-121.96879">
        <ele>16.73</ele>
        <time>2022-07-17T23:29:58Z</time>
      </trkpt>
      <trkpt lat="37.3641" lon="-121.96879">
        <ele>16.73</ele>
        <time>2022-07-17T23:30:00Z</time>
      </trkpt>
      <trkpt lat="37.36415" lon="-121.96879">
        <ele>16.73</ele>
        <time>2022-07-17T23:30:02Z</time>
      </trkpt>
      <trkpt lat="37.36422" lon="-121.96879">
        <ele>16.73</ele>
        <time>2022-07-17T23:30:04Z</time>
      </trkpt>
      <trkpt lat="37.36432" lon="-121.96878">
        <ele>16.18</ele>
        <time>2022-07-17T23:30:06Z</time>
      </trkpt>
      <trkpt lat="37.36439" lon="-121.96879">
        <ele>16.66</ele>
        <time>2022-07-17T23:30:08Z</time>
      </trkpt>
      <trkpt lat="37.36447" lon="-121.96879">
        <ele>16.66</ele>
        <time>2022-07-17T23:30:10Z</time>
      </trkpt>
      <trkpt lat="37.36456" lon="-121.96879">
        <ele>16.66</ele>
        <time>2022-07-17T23:30:12Z</time>
      </trkpt>
      <trkpt lat="37.36467" lon="-121.96879">
        <ele>16.66</ele>
        <time>2022-07-17T23:30:14Z</time>
      </trkpt>
      <trkpt lat="37.36476" lon="-121.96879">
        <ele>16.66</ele>
        <time>2022-07-17T23:30:16Z</time>
      </trkpt>
      <trkpt lat="37.36482" lon="-121.96879">
        <ele>16.66</ele>
        <time>2022-07-17T23:30:17Z</time>
      </trkpt>
      <trkpt lat="37.36491" lon="-121.96879">
        <ele>16.66</ele>
        <time>2022-07-17T23:30:17Z</time>
      </trkpt>
      <trkpt lat="37.36497" lon="-121.9688">
        <ele>17.0</ele>
        <time>2022-07-17T23:30:18Z</time>
      </trkpt>
      <trkpt lat="37.36502" lon="-121.9688">
        <ele>17.0</ele>
        <time>2022-07-17T23:30:19Z</time>
      </trkpt>
      <trkpt lat="37.36507" lon="-121.9688">
        <ele>17.0</ele>
        <time>2022-07-17T23:30:20Z</time>
      </trkpt>
      <trkpt lat="37.36512" lon="-121.9688">
        <ele>17.0</ele>
        <time>2022-07-17T23:30:21Z</time>
      </trkpt>
      <trkpt lat="37.36516" lon="-121.96879">
        <ele>16.66</ele>
        <time>2022-07-17T23:30:22Z</time>
      </trkpt>
      <trkpt lat="37.36521" lon="-121.96879">
        <ele>16.66</ele>
        <time>2022-07-17T23:30:23Z</time>
      </trkpt>
      <trkpt lat="37.36525" lon="-121.96879">
        <ele>16.66</ele>
        <time>2022-07-17T23:30:24Z</time>
      </trkpt>
      <trkpt lat="37.3653" lon="-121.96878">
        <ele>16.12</ele>
        <time>2022-07-17T23:30:25Z</time>
      </trkpt>
      <trkpt lat="37.36534" lon="-121.96879">
        <ele>16.66</ele>
        <time>2022-07-17T23:30:26Z</time>
      </trkpt>
      <trkpt lat="37.36537" lon="-121.96879">
        <ele>16.66</ele>
        <time>2022-07-17T23:30:28Z</time>
      </trkpt>
      <trkpt lat="37.36542" lon="-121.9688">
        <ele>16.49</ele>
        <time>2022-07-17T23:30:29Z</time>
      </trkpt>
      <trkpt lat="37.36553" lon="-121.96879">
        <ele>15.73</ele>
        <time>2022-07-17T23:30:30Z</time>
      </trkpt>
      <trkpt lat="37.36561" lon="-121.96879">
        <ele>15.73</ele>
        <time>2022-07-17T23:30:33Z</time>
      </trkpt>
      <trkpt lat="37.36568" lon="-121.96879">
        <ele>15.73</ele>
        <time>2022-07-17T23:30:35Z</time>
      </trkpt>
      <trkpt lat="37.36574" lon="-121.9688">
        <ele>16.04</ele>
        <time>2022-07-17T23:30:36Z</time>
      </trkpt>
      <trkpt lat="37.3658" lon="-121.96881">
        <ele>16.05</ele>
        <time>2022-07-17T23:30:36Z</time>
      </trkpt>
      <trkpt lat="37.36587" lon="-121.96882">
        <ele>16.0</ele>
        <time>2022-07-17T23:30:39Z</time>
      </trkpt>
      <trkpt lat="37.36596" lon="-121.96881">
        <ele>16.0</ele>
        <time>2022-07-17T23:30:41Z</time>
      </trkpt>
      <trkpt lat="37.36612" lon="-121.96879">
        <ele>15.73</ele>
        <time>2022-07-17T23:30:43Z</time>
      </trkpt>
      <trkpt lat="37.36619" lon="-121.96877">
        <ele>14.86</ele>
        <time>2022-07-17T23:30:44Z</time>
      </trkpt>
      <trkpt lat="37.36624" lon="-121.96876">
        <ele>14.43</ele>
        <time>2022-07-17T23:30:45Z</time>
      </trkpt>
      <trkpt lat="37.36628" lon="-121.96876">
        <ele>14.43</ele>
        <time>2022-07-17T23:30:46Z</time>
      </trkpt>
      <trkpt lat="37.36633" lon="-121.96875">
        <ele>14.0</ele>
        <time>2022-07-17T23:30:47Z</time>
      </trkpt>
      <trkpt lat="37.36636" lon="-121.96876">
        <ele>14.43</ele>
        <time>2022-07-17T23:30:49Z</time>
      </trkpt>
      <trkpt lat="37.36648" lon="-121.96876">
        <ele>14.43</ele>
        <time>2022-07-17T23:30:50Z</time>
      </trkpt>
      <trkpt lat="37.36654" lon="-121.96877">
        <ele>14.86</ele>
        <time>2022-07-17T23:30:51Z</time>
      </trkpt>
      <trkpt lat="37.3666" lon="-121.96877">
        <ele>14.86</ele>
        <time>2022-07-17T23:30:52Z</time>
      </trkpt>
      <trkpt lat="37.36665" lon="-121.96878">
        <ele>15.3</ele>
        <time>2022-07-17T23:30:53Z</time>
      </trkpt>
      <trkpt lat="37.3667" lon="-121.96878">
        <ele>15.3</ele>
        <time>2022-07-17T23:30:54Z</time>
      </trkpt>
      <trkpt lat="37.36675" lon="-121.96878">
        <ele>15.3</ele>
        <time>2022-07-17T23:30:55Z</time>
      </trkpt>
      <trkpt lat="37.3668" lon="-121.96878">
        <ele>15.3</ele>
        <time>2022-07-17T23:30:56Z</time>
      </trkpt>
      <trkpt lat="37.36685" lon="-121.96878">
        <ele>15.3</ele>
        <time>2022-07-17T23:30:57Z</time>
      </trkpt>
      <trkpt lat="37.36691" lon="-121.96877">
        <ele>14.86</ele>
        <time>2022-07-17T23:30:58Z</time>
      </trkpt>
      <trkpt lat="37.36695" lon="-121.96876">
        <ele>14.43</ele>
        <time>2022-07-17T23:30:59Z</time>
      </trkpt>
      <trkpt lat="37.367" lon="-121.96874">
        <ele>13.57</ele>
        <time>2022-07-17T23:31:00Z</time>
      </trkpt>
      <trkpt lat="37.36705" lon="-121.96873">
        <ele>13.24</ele>
        <time>2022-07-17T23:31:01Z</time>
      </trkpt>
      <trkpt lat="37.3671" lon="-121.96872">
        <ele>13.26</ele>
        <time>2022-07-17T23:31:02Z</time>
      </trkpt>
      <trkpt lat="37.36715" lon="-121.96872">
        <ele>13.71</ele>
        <time>2022-07-17T23:31:03Z</time>
      </trkpt>
      <trkpt lat="37.36721" lon="-121.96872">
        <ele>14.24</ele>
        <time>2022-07-17T23:31:04Z</time>
      </trkpt>
      <trkpt lat="37.36727" lon="-121.96872">
        <ele>13.93</ele>
        <time>2022-07-17T23:31:05Z</time>
      </trkpt>
      <trkpt lat="37.36733" lon="-121.96872">
        <ele>13.53</ele>
        <time>2022-07-17T23:31:06Z</time>
      </trkpt>
      <trkpt lat="37.36739" lon="-121.96872">
        <ele>13.53</ele>
        <time>2022-07-17T23:31:07Z</time>
      </trkpt>
      <trkpt lat="37.36744" lon="-121.96872">
        <ele>13.24</ele>
        <time>2022-07-17T23:31:08Z</time>
      </trkpt>
      <trkpt lat="37.36749" lon="-121.96872">
        <ele>12.79</ele>
        <time>2022-07-17T23:31:09Z</time>
      </trkpt>
      <trkpt lat="37.36754" lon="-121.96872">
        <ele>12.42</ele>
        <time>2022-07-17T23:31:10Z</time>
      </trkpt>
      <trkpt lat="37.3676" lon="-121.96871">
        <ele>11.48</ele>
        <time>2022-07-17T23:31:11Z</time>
      </trkpt>
      <trkpt lat="37.36767" lon="-121.96872">
        <ele>12.6</ele>
        <time>2022-07-17T23:31:12Z</time>
      </trkpt>
      <trkpt lat="37.36773" lon="-121.96872">
        <ele>11.82</ele>
        <time>2022-07-17T23:31:13Z</time>
      </trkpt>
      <trkpt lat="37.3678" lon="-121.96873">
        <ele>11.42</ele>
        <time>2022-07-17T23:31:14Z</time>
      </trkpt>
      <trkpt lat="37.36786" lon="-121.96873">
        <ele>11.42</ele>
        <time>2022-07-17T23:31:15Z</time>
      </trkpt>
      <trkpt lat="37.36792" lon="-121.96874">
        <ele>11.96</ele>
        <time>2022-07-17T23:31:16Z</time>
      </trkpt>
      <trkpt lat="37.36797" lon="-121.96875">
        <ele>12.46</ele>
        <time>2022-07-17T23:31:17Z</time>
      </trkpt>
      <trkpt lat="37.36802" lon="-121.96878">
        <ele>14.01</ele>
        <time>2022-07-17T23:31:18Z</time>
      </trkpt>
      <trkpt lat="37.36805" lon="-121.9688">
        <ele>15.0</ele>
        <time>2022-07-17T23:31:19Z</time>
      </trkpt>
      <trkpt lat="37.36809" lon="-121.96881">
        <ele>14.68</ele>
        <time>2022-07-17T23:31:20Z</time>
      </trkpt>
      <trkpt lat="37.36812" lon="-121.96882">
        <ele>14.48</ele>
        <time>2022-07-17T23:31:21Z</time>
      </trkpt>
      <trkpt lat="37.36816" lon="-121.96882">
        <ele>14.32</ele>
        <time>2022-07-17T23:31:22Z</time>
      </trkpt>
      <trkpt lat="37.3682" lon="-121.96882">
        <ele>14.53</ele>
        <time>2022-07-17T23:31:23Z</time>
      </trkpt>
      <trkpt lat="37.36823" lon="-121.96882">
        <ele>14.69</ele>
        <time>2022-07-17T23:31:24Z</time>
      </trkpt>
      <trkpt lat="37.36827" lon="-121.96881">
        <ele>14.85</ele>
        <time>2022-07-17T23:31:25Z</time>
      </trkpt>
      <trkpt lat="37.36834" lon="-121.9688">
        <ele>14.96</ele>
        <time>2022-07-17T23:31:28Z</time>
      </trkpt>
      <trkpt lat="37.36841" lon="-121.96883">
        <ele>14.64</ele>
        <time>2022-07-17T23:31:30Z</time>
      </trkpt>
      <trkpt lat="37.36849" lon="-121.96885">
        <ele>14.82</ele>
        <time>2022-07-17T23:31:32Z</time>
      </trkpt>
      <trkpt lat="37.36856" lon="-121.96885">
        <ele>15.0</ele>
        <time>2022-07-17T23:31:34Z</time>
      </trkpt>
      <trkpt lat="37.36864" lon="-121.96885">
        <ele>14.87</ele>
        <time>2022-07-17T23:31:36Z</time>
      </trkpt>
      <trkpt lat="37.36871" lon="-121.96884">
        <ele>14.47</ele>
        <time>2022-07-17T23:31:38Z</time>
      </trkpt>
      <trkpt lat="37.36878" lon="-121.96881">
        <ele>14.15</ele>
        <time>2022-07-17T23:31:40Z</time>
      </trkpt>
      <trkpt lat="37.36885" lon="-121.9688">
        <ele>14.04</ele>
        <time>2022-07-17T23:31:41Z</time>
      </trkpt>
      <trkpt lat="37.36893" lon="-121.9688">
        <ele>14.04</ele>
        <time>2022-07-17T23:31:42Z</time>
      </trkpt>
      <trkpt lat="37.36899" lon="-121.9688">
        <ele>14.04</ele>
        <time>2022-07-17T23:31:43Z</time>
      </trkpt>
      <trkpt lat="37.36905" lon="-121.9688">
        <ele>14.04</ele>
        <time>2022-07-17T23:31:44Z</time>
      </trkpt>
      <trkpt lat="37.3691" lon="-121.9688">
        <ele>14.31</ele>
        <time>2022-07-17T23:31:45Z</time>
      </trkpt>
      <trkpt lat="37.36916" lon="-121.9688">
        <ele>14.93</ele>
        <time>2022-07-17T23:31:46Z</time>
      </trkpt>
      <trkpt lat="37.36921" lon="-121.96879">
        <ele>14.62</ele>
        <time>2022-07-17T23:31:47Z</time>
      </trkpt>
      <trkpt lat="37.36927" lon="-121.96878">
        <ele>14.12</ele>
        <time>2022-07-17T23:31:48Z</time>
      </trkpt>
      <trkpt lat="37.36932" lon="-121.96877">
        <ele>13.58</ele>
        <time>2022-07-17T23:31:49Z</time>
      </trkpt>
      <trkpt lat="37.36938" lon="-121.96875">
        <ele>12.5</ele>
        <time>2022-07-17T23:31:50Z</time>
      </trkpt>
      <trkpt lat="37.36942" lon="-121.96875">
        <ele>12.5</ele>
        <time>2022-07-17T23:31:52Z</time>
      </trkpt>
      <trkpt lat="37.36945" lon="-121.96874">
        <ele>11.98</ele>
        <time>2022-07-17T23:31:53Z</time>
      </trkpt>
      <trkpt lat="37.36951" lon="-121.96875">
        <ele>12.85</ele>
        <time>2022-07-17T23:31:53Z</time>
      </trkpt>
      <trkpt lat="37.36956" lon="-121.96876">
        <ele>13.5</ele>
        <time>2022-07-17T23:31:54Z</time>
      </trkpt>
      <trkpt lat="37.36964" lon="-121.96875">
        <ele>12.5</ele>
        <time>2022-07-17T23:31:57Z</time>
      </trkpt>
      <trkpt lat="37.36977" lon="-121.96877">
        <ele>13.21</ele>
        <time>2022-07-17T23:32:00Z</time>
      </trkpt>
      <trkpt lat="37.36989" lon="-121.96881">
        <ele>14.0</ele>
        <time>2022-07-17T23:32:01Z</time>
      </trkpt>
      <trkpt lat="37.36999" lon="-121.96882">
        <ele>13.34</ele>
        <time>2022-07-17T23:32:03Z</time>
      </trkpt>
      <trkpt lat="37.37004" lon="-121.96882">
        <ele>13.26</ele>
        <time>2022-07-17T23:32:04Z</time>
      </trkpt>
      <trkpt lat="37.3701" lon="-121.96883">
        <ele>13.36</ele>
        <time>2022-07-17T23:32:07Z</time>
      </trkpt>
      <trkpt lat="37.37015" lon="-121.96883">
        <ele>13.36</ele>
        <time>2022-07-17T23:32:08Z</time>
      </trkpt>
      <trkpt lat="37.37025" lon="-121.96883">
        <ele>13.36</ele>
        <time>2022-07-17T23:32:10Z</time>
      </trkpt>
      <trkpt lat="37.37031" lon="-121.96885">
        <ele>13.73</ele>
        <time>2022-07-17T23:32:12Z</time>
      </trkpt>
      <trkpt lat="37.3704" lon="-121.96887">
        <ele>14.0</ele>
        <time>2022-07-17T23:32:15Z</time>
      </trkpt>
      <trkpt lat="37.37048" lon="-121.96887">
        <ele>14.0</ele>
        <time>2022-07-17T23:32:17Z</time>
      </trkpt>
      <trkpt lat="37.37056" lon="-121.96886">
        <ele>14.0</ele>
        <time>2022-07-17T23:32:18Z</time>
      </trkpt>
      <trkpt lat="37.37065" lon="-121.96885">
        <ele>13.99</ele>
        <time>2022-07-17T23:32:19Z</time>
      </trkpt>
      <trkpt lat="37.3707" lon="-121.96885">
        <ele>13.76</ele>
        <time>2022-07-17T23:32:20Z</time>
      </trkpt>
      <trkpt lat="37.37076" lon="-121.96885">
        <ele>13.58</ele>
        <time>2022-07-17T23:32:21Z</time>
      </trkpt>
      <trkpt lat="37.37081" lon="-121.96885">
        <ele>13.58</ele>
        <time>2022-07-17T23:32:22Z</time>
      </trkpt>
      <trkpt lat="37.37086" lon="-121.96885">
        <ele>13.58</ele>
        <time>2022-07-17T23:32:23Z</time>
      </trkpt>
      <trkpt lat="37.37091" lon="-121.96885">
        <ele>13.58</ele>
        <time>2022-07-17T23:32:24Z</time>
      </trkpt>
      <trkpt lat="37.37097" lon="-121.96884">
        <ele>13.47</ele>
        <time>2022-07-17T23:32:25Z</time>
      </trkpt>
      <trkpt lat="37.37102" lon="-121.96884">
        <ele>13.47</ele>
        <time>2022-07-17T23:32:26Z</time>
      </trkpt>
      <trkpt lat="37.37107" lon="-121.96884">
        <ele>13.47</ele>
        <time>2022-07-17T23:32:27Z</time>
      </trkpt>
      <trkpt lat="37.37112" lon="-121.96884">
        <ele>13.47</ele>
        <time>2022-07-17T23:32:28Z</time>
      </trkpt>
      <trkpt lat="37.37118" lon="-121.96884">
        <ele>13.47</ele>
        <time>2022-07-17T23:32:29Z</time>
      </trkpt>
      <trkpt lat="37.37123" lon="-121.96884">
        <ele>13.47</ele>
        <time>2022-07-17T23:32:30Z</time>
      </trkpt>
      <trkpt lat="37.37128" lon="-121.96884">
        <ele>13.47</ele>
        <time>2022-07-17T23:32:31Z</time>
      </trkpt>
      <trkpt lat="37.37134" lon="-121.96884">
        <ele>13.47</ele>
        <time>2022-07-17T23:32:32Z</time>
      </trkpt>
      <trkpt lat="37.37139" lon="-121.96884">
        <ele>13.47</ele>
        <time>2022-07-17T23:32:33Z</time>
      </trkpt>
      <trkpt lat="37.37144" lon="-121.96884">
        <ele>13.47</ele>
        <time>2022-07-17T23:32:34Z</time>
      </trkpt>
      <trkpt lat="37.3715" lon="-121.96884">
        <ele>13.47</ele>
        <time>2022-07-17T23:32:35Z</time>
      </trkpt>
      <trkpt lat="37.37155" lon="-121.96884">
        <ele>13.47</ele>
        <time>2022-07-17T23:32:36Z</time>
      </trkpt>
      <trkpt lat="37.3716" lon="-121.96884">
        <ele>13.47</ele>
        <time>2022-07-17T23:32:37Z</time>
      </trkpt>
      <trkpt lat="37.37165" lon="-121.96885">
        <ele>13.58</ele>
        <time>2022-07-17T23:32:38Z</time>
      </trkpt>
      <trkpt lat="37.37171" lon="-121.96885">
        <ele>13.58</ele>
        <time>2022-07-17T23:32:39Z</time>
      </trkpt>
      <trkpt lat="37.37176" lon="-121.96885">
        <ele>13.58</ele>
        <time>2022-07-17T23:32:40Z</time>
      </trkpt>
      <trkpt lat="37.37181" lon="-121.96885">
        <ele>13.58</ele>
        <time>2022-07-17T23:32:41Z</time>
      </trkpt>
      <trkpt lat="37.37186" lon="-121.96885">
        <ele>13.58</ele>
        <time>2022-07-17T23:32:42Z</time>
      </trkpt>
      <trkpt lat="37.37191" lon="-121.96885">
        <ele>13.58</ele>
        <time>2022-07-17T23:32:43Z</time>
      </trkpt>
      <trkpt lat="37.37197" lon="-121.96885">
        <ele>13.7</ele>
        <time>2022-07-17T23:32:44Z</time>
      </trkpt>
      <trkpt lat="37.37202" lon="-121.96885">
        <ele>13.92</ele>
        <time>2022-07-17T23:32:45Z</time>
      </trkpt>
      <trkpt lat="37.37207" lon="-121.96886">
        <ele>13.89</ele>
        <time>2022-07-17T23:32:46Z</time>
      </trkpt>
      <trkpt lat="37.37212" lon="-121.96886">
        <ele>13.72</ele>
        <time>2022-07-17T23:32:47Z</time>
      </trkpt>
      <trkpt lat="37.37217" lon="-121.96886">
        <ele>13.69</ele>
        <time>2022-07-17T23:32:48Z</time>
      </trkpt>
      <trkpt lat="37.37223" lon="-121.96887">
        <ele>13.8</ele>
        <time>2022-07-17T23:32:49Z</time>
      </trkpt>
      <trkpt lat="37.37228" lon="-121.96887">
        <ele>13.8</ele>
        <time>2022-07-17T23:32:50Z</time>
      </trkpt>
      <trkpt lat="37.37233" lon="-121.96887">
        <ele>13.8</ele>
        <time>2022-07-17T23:32:51Z</time>
      </trkpt>
      <trkpt lat="37.37239" lon="-121.96886">
        <ele>13.69</ele>
        <time>2022-07-17T23:32:52Z</time>
      </trkpt>
      <trkpt lat="37.37244" lon="-121.96886">
        <ele>13.69</ele>
        <time>2022-07-17T23:32:53Z</time>
      </trkpt>
      <trkpt lat="37.37249" lon="-121.96886">
        <ele>13.69</ele>
        <time>2022-07-17T23:32:54Z</time>
      </trkpt>
      <trkpt lat="37.37255" lon="-121.96886">
        <ele>13.15</ele>
        <time>2022-07-17T23:32:55Z</time>
      </trkpt>
      <trkpt lat="37.3726" lon="-121.96886">
        <ele>12.69</ele>
        <time>2022-07-17T23:32:56Z</time>
      </trkpt>
      <trkpt lat="37.37265" lon="-121.96886">
        <ele>12.69</ele>
        <time>2022-07-17T23:32:57Z</time>
      </trkpt>
      <trkpt lat="37.3727" lon="-121.96886">
        <ele>12.69</ele>
        <time>2022-07-17T23:32:58Z</time>
      </trkpt>
      <trkpt lat="37.37275" lon="-121.96886">
        <ele>12.69</ele>
        <time>2022-07-17T23:32:59Z</time>
      </trkpt>
      <trkpt lat="37.3728" lon="-121.96886">
        <ele>12.69</ele>
        <time>2022-07-17T23:33:00Z</time>
      </trkpt>
      <trkpt lat="37.37285" lon="-121.96886">
        <ele>12.69</ele>
        <time>2022-07-17T23:33:01Z</time>
      </trkpt>
      <trkpt lat="37.3729" lon="-121.96886">
        <ele>12.69</ele>
        <time>2022-07-17T23:33:02Z</time>
      </trkpt>
      <trkpt lat="37.37295" lon="-121.96886">
        <ele>12.69</ele>
        <time>2022-07-17T23:33:03Z</time>
      </trkpt>
      <trkpt lat="37.373" lon="-121.96886">
        <ele>12.69</ele>
        <time>2022-07-17T23:33:04Z</time>
      </trkpt>
      <trkpt lat="37.37305" lon="-121.96886">
        <ele>12.69</ele>
        <time>2022-07-17T23:33:05Z</time>
      </trkpt>
      <trkpt lat="37.3731" lon="-121.96886">
        <ele>12.69</ele>
        <time>2022-07-17T23:33:06Z</time>
      </trkpt>
      <trkpt lat="37.37315" lon="-121.96885">
        <ele>12.58</ele>
        <time>2022-07-17T23:33:07Z</time>
      </trkpt>
      <trkpt lat="37.3732" lon="-121.96885">
        <ele>12.58</ele>
        <time>2022-07-17T23:33:08Z</time>
      </trkpt>
      <trkpt lat="37.37325" lon="-121.96885">
        <ele>12.58</ele>
        <time>2022-07-17T23:33:09Z</time>
      </trkpt>
      <trkpt lat="37.37329" lon="-121.96884">
        <ele>12.47</ele>
        <time>2022-07-17T23:33:10Z</time>
      </trkpt>
      <trkpt lat="37.37334" lon="-121.96883">
        <ele>12.36</ele>
        <time>2022-07-17T23:33:11Z</time>
      </trkpt>
      <trkpt lat="37.37338" lon="-121.96882">
        <ele>12.26</ele>
        <time>2022-07-17T23:33:12Z</time>
      </trkpt>
      <trkpt lat="37.37343" lon="-121.96881">
        <ele>12.15</ele>
        <time>2022-07-17T23:33:13Z</time>
      </trkpt>
      <trkpt lat="37.37347" lon="-121.9688">
        <ele>12.04</ele>
        <time>2022-07-17T23:33:14Z</time>
      </trkpt>
      <trkpt lat="37.37352" lon="-121.9688">
        <ele>12.04</ele>
        <time>2022-07-17T23:33:15Z</time>
      </trkpt>
      <trkpt lat="37.37357" lon="-121.9688">
        <ele>12.04</ele>
        <time>2022-07-17T23:33:16Z</time>
      </trkpt>
      <trkpt lat="37.37362" lon="-121.9688">
        <ele>12.04</ele>
        <time>2022-07-17T23:33:17Z</time>
      </trkpt>
      <trkpt lat="37.37367" lon="-121.9688">
        <ele>12.04</ele>
        <time>2022-07-17T23:33:18Z</time>
      </trkpt>
      <trkpt lat="37.37373" lon="-121.9688">
        <ele>12.04</ele>
        <time>2022-07-17T23:33:19Z</time>
      </trkpt>
      <trkpt lat="37.37378" lon="-121.9688">
        <ele>12.04</ele>
        <time>2022-07-17T23:33:20Z</time>
      </trkpt>
      <trkpt lat="37.37382" lon="-121.96879">
        <ele>11.8</ele>
        <time>2022-07-17T23:33:21Z</time>
      </trkpt>
      <trkpt lat="37.37387" lon="-121.96879">
        <ele>11.8</ele>
        <time>2022-07-17T23:33:22Z</time>
      </trkpt>
      <trkpt lat="37.37392" lon="-121.96878">
        <ele>11.75</ele>
        <time>2022-07-17T23:33:23Z</time>
      </trkpt>
      <trkpt lat="37.37398" lon="-121.96875">
        <ele>10.99</ele>
        <time>2022-07-17T23:33:24Z</time>
      </trkpt>
      <trkpt lat="37.37403" lon="-121.96873">
        <ele>10.14</ele>
        <time>2022-07-17T23:33:25Z</time>
      </trkpt>
      <trkpt lat="37.37408" lon="-121.96872">
        <ele>9.66</ele>
        <time>2022-07-17T23:33:26Z</time>
      </trkpt>
      <trkpt lat="37.37413" lon="-121.96872">
        <ele>9.31</ele>
        <time>2022-07-17T23:33:27Z</time>
      </trkpt>
      <trkpt lat="37.37418" lon="-121.96871">
        <ele>8.53</ele>
        <time>2022-07-17T23:33:28Z</time>
      </trkpt>
      <trkpt lat="37.3743" lon="-121.96871">
        <ele>9.3</ele>
        <time>2022-07-17T23:33:30Z</time>
      </trkpt>
      <trkpt lat="37.37452" lon="-121.96871">
        <ele>9.34</ele>
        <time>2022-07-17T23:33:34Z</time>
      </trkpt>
      <trkpt lat="37.37463" lon="-121.96872">
        <ele>9.88</ele>
        <time>2022-07-17T23:33:35Z</time>
      </trkpt>
      <trkpt lat="37.37469" lon="-121.96872">
        <ele>9.88</ele>
        <time>2022-07-17T23:33:36Z</time>
      </trkpt>
      <trkpt lat="37.37476" lon="-121.96873">
        <ele>10.3</ele>
        <time>2022-07-17T23:33:37Z</time>
      </trkpt>
      <trkpt lat="37.37482" lon="-121.96875">
        <ele>11.0</ele>
        <time>2022-07-17T23:33:38Z</time>
      </trkpt>
      <trkpt lat="37.37489" lon="-121.96877">
        <ele>11.86</ele>
        <time>2022-07-17T23:33:39Z</time>
      </trkpt>
      <trkpt lat="37.37494" lon="-121.9688">
        <ele>13.0</ele>
        <time>2022-07-17T23:33:40Z</time>
      </trkpt>
      <trkpt lat="37.37499" lon="-121.96882">
        <ele>13.0</ele>
        <time>2022-07-17T23:33:41Z</time>
      </trkpt>
      <trkpt lat="37.37504" lon="-121.96882">
        <ele>13.0</ele>
        <time>2022-07-17T23:33:42Z</time>
      </trkpt>
      <trkpt lat="37.37508" lon="-121.96883">
        <ele>13.0</ele>
        <time>2022-07-17T23:33:43Z</time>
      </trkpt>
      <trkpt lat="37.37512" lon="-121.96883">
        <ele>13.0</ele>
        <time>2022-07-17T23:33:44Z</time>
      </trkpt>
      <trkpt lat="37.37515" lon="-121.96883">
        <ele>13.0</ele>
        <time>2022-07-17T23:33:45Z</time>
      </trkpt>
      <trkpt lat="37.37519" lon="-121.96883">
        <ele>12.97</ele>
        <time>2022-07-17T23:33:46Z</time>
      </trkpt>
      <trkpt lat="37.37523" lon="-121.96883">
        <ele>12.69</ele>
        <time>2022-07-17T23:33:47Z</time>
      </trkpt>
      <trkpt lat="37.37527" lon="-121.96883">
        <ele>12.42</ele>
        <time>2022-07-17T23:33:48Z</time>
      </trkpt>
      <trkpt lat="37.37531" lon="-121.96883">
        <ele>12.14</ele>
        <time>2022-07-17T23:33:51Z</time>
      </trkpt>
      <trkpt lat="37.37536" lon="-121.96885">
        <ele>12.21</ele>
        <time>2022-07-17T23:33:52Z</time>
      </trkpt>
      <trkpt lat="37.37541" lon="-121.96886">
        <ele>12.38</ele>
        <time>2022-07-17T23:33:53Z</time>
      </trkpt>
      <trkpt lat="37.37546" lon="-121.96886">
        <ele>12.38</ele>
        <time>2022-07-17T23:33:54Z</time>
      </trkpt>
      <trkpt lat="37.37558" lon="-121.96887">
        <ele>12.59</ele>
        <time>2022-07-17T23:33:55Z</time>
      </trkpt>
      <trkpt lat="37.37563" lon="-121.96886">
        <ele>12.38</ele>
        <time>2022-07-17T23:33:56Z</time>
      </trkpt>
      <trkpt lat="37.37568" lon="-121.96886">
        <ele>12.38</ele>
        <time>2022-07-17T23:33:57Z</time>
      </trkpt>
      <trkpt lat="37.37573" lon="-121.96886">
        <ele>12.38</ele>
        <time>2022-07-17T23:33:58Z</time>
      </trkpt>
      <trkpt lat="37.37578" lon="-121.96886">
        <ele>12.38</ele>
        <time>2022-07-17T23:33:59Z</time>
      </trkpt>
      <trkpt lat="37.37583" lon="-121.96886">
        <ele>12.38</ele>
        <time>2022-07-17T23:34:00Z</time>
      </trkpt>
      <trkpt lat="37.37587" lon="-121.96886">
        <ele>12.38</ele>
        <time>2022-07-17T23:34:01Z</time>
      </trkpt>
      <trkpt lat="37.37592" lon="-121.96885">
        <ele>12.16</ele>
        <time>2022-07-17T23:34:02Z</time>
      </trkpt>
      <trkpt lat="37.37596" lon="-121.96885">
        <ele>12.16</ele>
        <time>2022-07-17T23:34:03Z</time>
      </trkpt>
      <trkpt lat="37.37601" lon="-121.96885">
        <ele>12.16</ele>
        <time>2022-07-17T23:34:04Z</time>
      </trkpt>
      <trkpt lat="37.37606" lon="-121.96885">
        <ele>11.9</ele>
        <time>2022-07-17T23:34:05Z</time>
      </trkpt>
      <trkpt lat="37.37611" lon="-121.96885">
        <ele>11.59</ele>
        <time>2022-07-17T23:34:06Z</time>
      </trkpt>
      <trkpt lat="37.37616" lon="-121.96885">
        <ele>11.58</ele>
        <time>2022-07-17T23:34:07Z</time>
      </trkpt>
      <trkpt lat="37.3762" lon="-121.96885">
        <ele>11.58</ele>
        <time>2022-07-17T23:34:08Z</time>
      </trkpt>
      <trkpt lat="37.37625" lon="-121.96885">
        <ele>11.58</ele>
        <time>2022-07-17T23:34:09Z</time>
      </trkpt>
      <trkpt lat="37.3763" lon="-121.96885">
        <ele>11.58</ele>
        <time>2022-07-17T23:34:10Z</time>
      </trkpt>
      <trkpt lat="37.37635" lon="-121.96885">
        <ele>11.58</ele>
        <time>2022-07-17T23:34:11Z</time>
      </trkpt>
      <trkpt lat="37.37639" lon="-121.96885">
        <ele>11.58</ele>
        <time>2022-07-17T23:34:12Z</time>
      </trkpt>
      <trkpt lat="37.37644" lon="-121.96885">
        <ele>11.58</ele>
        <time>2022-07-17T23:34:13Z</time>
      </trkpt>
      <trkpt lat="37.37648" lon="-121.96885">
        <ele>11.58</ele>
        <time>2022-07-17T23:34:14Z</time>
      </trkpt>
      <trkpt lat="37.37653" lon="-121.96885">
        <ele>11.58</ele>
        <time>2022-07-17T23:34:15Z</time>
      </trkpt>
      <trkpt lat="37.37658" lon="-121.96885">
        <ele>11.58</ele>
        <time>2022-07-17T23:34:16Z</time>
      </trkpt>
      <trkpt lat="37.37663" lon="-121.96885">
        <ele>11.58</ele>
        <time>2022-07-17T23:34:17Z</time>
      </trkpt>
      <trkpt lat="37.37668" lon="-121.96885">
        <ele>11.58</ele>
        <time>2022-07-17T23:34:18Z</time>
      </trkpt>
      <trkpt lat="37.37673" lon="-121.96885">
        <ele>11.58</ele>
        <time>2022-07-17T23:34:19Z</time>
      </trkpt>
      <trkpt lat="37.37678" lon="-121.96885">
        <ele>11.58</ele>
        <time>2022-07-17T23:34:20Z</time>
      </trkpt>
      <trkpt lat="37.37682" lon="-121.96885">
        <ele>11.58</ele>
        <time>2022-07-17T23:34:21Z</time>
      </trkpt>
      <trkpt lat="37.37687" lon="-121.96885">
        <ele>11.58</ele>
        <time>2022-07-17T23:34:22Z</time>
      </trkpt>
      <trkpt lat="37.37692" lon="-121.96885">
        <ele>11.58</ele>
        <time>2022-07-17T23:34:23Z</time>
      </trkpt>
      <trkpt lat="37.37696" lon="-121.96885">
        <ele>11.58</ele>
        <time>2022-07-17T23:34:24Z</time>
      </trkpt>
      <trkpt lat="37.377" lon="-121.96885">
        <ele>11.58</ele>
        <time>2022-07-17T23:34:25Z</time>
      </trkpt>
      <trkpt lat="37.37706" lon="-121.96885">
        <ele>11.58</ele>
        <time>2022-07-17T23:34:26Z</time>
      </trkpt>
      <trkpt lat="37.37711" lon="-121.96884">
        <ele>11.47</ele>
        <time>2022-07-17T23:34:27Z</time>
      </trkpt>
      <trkpt lat="37.37716" lon="-121.96884">
        <ele>11.47</ele>
        <time>2022-07-17T23:34:28Z</time>
      </trkpt>
      <trkpt lat="37.37724" lon="-121.96883">
        <ele>11.36</ele>
        <time>2022-07-17T23:34:30Z</time>
      </trkpt>
      <trkpt lat="37.37721" lon="-121.96883">
        <ele>11.36</ele>
        <time>2022-07-17T23:34:30Z</time>
      </trkpt>
      <trkpt lat="37.37731" lon="-121.96883">
        <ele>11.36</ele>
        <time>2022-07-17T23:34:31Z</time>
      </trkpt>
      <trkpt lat="37.37737" lon="-121.96884">
        <ele>11.47</ele>
        <time>2022-07-17T23:34:32Z</time>
      </trkpt>
      <trkpt lat="37.37742" lon="-121.96884">
        <ele>11.47</ele>
        <time>2022-07-17T23:34:33Z</time>
      </trkpt>
      <trkpt lat="37.37748" lon="-121.96884">
        <ele>11.47</ele>
        <time>2022-07-17T23:34:34Z</time>
      </trkpt>
      <trkpt lat="37.37753" lon="-121.96884">
        <ele>11.47</ele>
        <time>2022-07-17T23:34:35Z</time>
      </trkpt>
      <trkpt lat="37.37758" lon="-121.96884">
        <ele>11.47</ele>
        <time>2022-07-17T23:34:36Z</time>
      </trkpt>
      <trkpt lat="37.37763" lon="-121.96884">
        <ele>11.47</ele>
        <time>2022-07-17T23:34:37Z</time>
      </trkpt>
      <trkpt lat="37.37766" lon="-121.96884">
        <ele>11.47</ele>
        <time>2022-07-17T23:34:38Z</time>
      </trkpt>
      <trkpt lat="37.37771" lon="-121.96884">
        <ele>11.35</ele>
        <time>2022-07-17T23:34:39Z</time>
      </trkpt>
      <trkpt lat="37.37775" lon="-121.96884">
        <ele>11.14</ele>
        <time>2022-07-17T23:34:40Z</time>
      </trkpt>
      <trkpt lat="37.37778" lon="-121.96884">
        <ele>11.0</ele>
        <time>2022-07-17T23:34:41Z</time>
      </trkpt>
      <trkpt lat="37.37781" lon="-121.96884">
        <ele>11.0</ele>
        <time>2022-07-17T23:34:42Z</time>
      </trkpt>
      <trkpt lat="37.37785" lon="-121.96884">
        <ele>11.0</ele>
        <time>2022-07-17T23:34:45Z</time>
      </trkpt>
      <trkpt lat="37.3779" lon="-121.96884">
        <ele>11.0</ele>
        <time>2022-07-17T23:34:46Z</time>
      </trkpt>
      <trkpt lat="37.37796" lon="-121.96883">
        <ele>11.0</ele>
        <time>2022-07-17T23:34:47Z</time>
      </trkpt>
      <trkpt lat="37.37806" lon="-121.96883">
        <ele>11.0</ele>
        <time>2022-07-17T23:34:49Z</time>
      </trkpt>
      <trkpt lat="37.37814" lon="-121.96883">
        <ele>11.0</ele>
        <time>2022-07-17T23:34:51Z</time>
      </trkpt>
      <trkpt lat="37.37823" lon="-121.96883">
        <ele>11.0</ele>
        <time>2022-07-17T23:34:53Z</time>
      </trkpt>
      <trkpt lat="37.37833" lon="-121.96881">
        <ele>11.0</ele>
        <time>2022-07-17T23:34:55Z</time>
      </trkpt>
      <trkpt lat="37.37839" lon="-121.9688">
        <ele>11.0</ele>
        <time>2022-07-17T23:34:55Z</time>
      </trkpt>
      <trkpt lat="37.37849" lon="-121.96879">
        <ele>10.08</ele>
        <time>2022-07-17T23:34:57Z</time>
      </trkpt>
      <trkpt lat="37.37855" lon="-121.96879">
        <ele>9.8</ele>
        <time>2022-07-17T23:34:58Z</time>
      </trkpt>
      <trkpt lat="37.37861" lon="-121.96878">
        <ele>9.47</ele>
        <time>2022-07-17T23:34:59Z</time>
      </trkpt>
      <trkpt lat="37.37868" lon="-121.96877">
        <ele>9.68</ele>
        <time>2022-07-17T23:35:00Z</time>
      </trkpt>
      <trkpt lat="37.37875" lon="-121.96876">
        <ele>9.43</ele>
        <time>2022-07-17T23:35:01Z</time>
      </trkpt>
      <trkpt lat="37.37882" lon="-121.96875">
        <ele>9.13</ele>
        <time>2022-07-17T23:35:02Z</time>
      </trkpt>
      <trkpt lat="37.37888" lon="-121.96874">
        <ele>9.12</ele>
        <time>2022-07-17T23:35:03Z</time>
      </trkpt>
      <trkpt lat="37.37895" lon="-121.96873">
        <ele>9.04</ele>
        <time>2022-07-17T23:35:04Z</time>
      </trkpt>
      <trkpt lat="37.37901" lon="-121.96872">
        <ele>8.7</ele>
        <time>2022-07-17T23:35:05Z</time>
      </trkpt>
      <trkpt lat="37.37906" lon="-121.96871">
        <ele>8.27</ele>
        <time>2022-07-17T23:35:06Z</time>
      </trkpt>
      <trkpt lat="37.37912" lon="-121.9687">
        <ele>7.96</ele>
        <time>2022-07-17T23:35:07Z</time>
      </trkpt>
      <trkpt lat="37.37929" lon="-121.96869">
        <ele>7.57</ele>
        <time>2022-07-17T23:35:11Z</time>
      </trkpt>
      <trkpt lat="37.37935" lon="-121.96869">
        <ele>7.02</ele>
        <time>2022-07-17T23:35:11Z</time>
      </trkpt>
      <trkpt lat="37.37941" lon="-121.96869">
        <ele>7.0</ele>
        <time>2022-07-17T23:35:12Z</time>
      </trkpt>
      <trkpt lat="37.37947" lon="-121.96871">
        <ele>7.34</ele>
        <time>2022-07-17T23:35:13Z</time>
      </trkpt>
      <trkpt lat="37.37952" lon="-121.96872">
        <ele>7.88</ele>
        <time>2022-07-17T23:35:14Z</time>
      </trkpt>
      <trkpt lat="37.37957" lon="-121.96874">
        <ele>8.82</ele>
        <time>2022-07-17T23:35:15Z</time>
      </trkpt>
      <trkpt lat="37.37961" lon="-121.96875">
        <ele>9.11</ele>
        <time>2022-07-17T23:35:16Z</time>
      </trkpt>
      <trkpt lat="37.37963" lon="-121.96876">
        <ele>9.43</ele>
        <time>2022-07-17T23:35:17Z</time>
      </trkpt>
      <trkpt lat="37.37967" lon="-121.96876">
        <ele>9.17</ele>
        <time>2022-07-17T23:35:18Z</time>
      </trkpt>
      <trkpt lat="37.37971" lon="-121.96877">
        <ele>9.24</ele>
        <time>2022-07-17T23:35:19Z</time>
      </trkpt>
      <trkpt lat="37.37974" lon="-121.96878">
        <ele>9.44</ele>
        <time>2022-07-17T23:35:20Z</time>
      </trkpt>
      <trkpt lat="37.37978" lon="-121.96878">
        <ele>9.36</ele>
        <time>2022-07-17T23:35:21Z</time>
      </trkpt>
      <trkpt lat="37.37981" lon="-121.96878">
        <ele>9.31</ele>
        <time>2022-07-17T23:35:22Z</time>
      </trkpt>
      <trkpt lat="37.37986" lon="-121.96878">
        <ele>9.7</ele>
        <time>2022-07-17T23:35:25Z</time>
      </trkpt>
      <trkpt lat="37.37994" lon="-121.96879">
        <ele>10.66</ele>
        <time>2022-07-17T23:35:27Z</time>
      </trkpt>
      <trkpt lat="37.38002" lon="-121.96882">
        <ele>10.74</ele>
        <time>2022-07-17T23:35:29Z</time>
      </trkpt>
      <trkpt lat="37.38008" lon="-121.96883">
        <ele>10.64</ele>
        <time>2022-07-17T23:35:31Z</time>
      </trkpt>
      <trkpt lat="37.38016" lon="-121.96883">
        <ele>10.9</ele>
        <time>2022-07-17T23:35:34Z</time>
      </trkpt>
      <trkpt lat="37.38026" lon="-121.96883">
        <ele>11.0</ele>
        <time>2022-07-17T23:35:37Z</time>
      </trkpt>
      <trkpt lat="37.38035" lon="-121.96883">
        <ele>11.0</ele>
        <time>2022-07-17T23:35:39Z</time>
      </trkpt>
      <trkpt lat="37.38042" lon="-121.96883">
        <ele>11.0</ele>
        <time>2022-07-17T23:35:41Z</time>
      </trkpt>
      <trkpt lat="37.38052" lon="-121.96883">
        <ele>11.0</ele>
        <time>2022-07-17T23:35:43Z</time>
      </trkpt>
      <trkpt lat="37.38063" lon="-121.96883">
        <ele>11.0</ele>
        <time>2022-07-17T23:35:45Z</time>
      </trkpt>
      <trkpt lat="37.38071" lon="-121.96884">
        <ele>11.0</ele>
        <time>2022-07-17T23:35:47Z</time>
      </trkpt>
      <trkpt lat="37.38078" lon="-121.96884">
        <ele>11.0</ele>
        <time>2022-07-17T23:35:48Z</time>
      </trkpt>
      <trkpt lat="37.38084" lon="-121.96885">
        <ele>10.93</ele>
        <time>2022-07-17T23:35:50Z</time>
      </trkpt>
      <trkpt lat="37.3809" lon="-121.96885">
        <ele>10.28</ele>
        <time>2022-07-17T23:35:50Z</time>
      </trkpt>
      <trkpt lat="37.38094" lon="-121.96885">
        <ele>10.0</ele>
        <time>2022-07-17T23:35:51Z</time>
      </trkpt>
      <trkpt lat="37.38099" lon="-121.96885">
        <ele>10.0</ele>
        <time>2022-07-17T23:35:52Z</time>
      </trkpt>
      <trkpt lat="37.38104" lon="-121.96885">
        <ele>10.1</ele>
        <time>2022-07-17T23:35:53Z</time>
      </trkpt>
      <trkpt lat="37.38109" lon="-121.96885">
        <ele>10.32</ele>
        <time>2022-07-17T23:35:54Z</time>
      </trkpt>
      <trkpt lat="37.38113" lon="-121.96885">
        <ele>10.42</ele>
        <time>2022-07-17T23:35:55Z</time>
      </trkpt>
      <trkpt lat="37.38118" lon="-121.96885">
        <ele>10.42</ele>
        <time>2022-07-17T23:35:56Z</time>
      </trkpt>
      <trkpt lat="37.38122" lon="-121.96885">
        <ele>10.42</ele>
        <time>2022-07-17T23:35:57Z</time>
      </trkpt>
      <trkpt lat="37.3813" lon="-121.96884">
        <ele>10.53</ele>
        <time>2022-07-17T23:35:59Z</time>
      </trkpt>
      <trkpt lat="37.38136" lon="-121.96884">
        <ele>10.53</ele>
        <time>2022-07-17T23:36:00Z</time>
      </trkpt>
      <trkpt lat="37.38141" lon="-121.96884">
        <ele>10.41</ele>
        <time>2022-07-17T23:36:03Z</time>
      </trkpt>
      <trkpt lat="37.38147" lon="-121.96884">
        <ele>10.07</ele>
        <time>2022-07-17T23:36:04Z</time>
      </trkpt>
      <trkpt lat="37.38159" lon="-121.96884">
        <ele>10.53</ele>
        <time>2022-07-17T23:36:05Z</time>
      </trkpt>
      <trkpt lat="37.38164" lon="-121.96883">
        <ele>10.64</ele>
        <time>2022-07-17T23:36:06Z</time>
      </trkpt>
      <trkpt lat="37.38169" lon="-121.96883">
        <ele>10.54</ele>
        <time>2022-07-17T23:36:07Z</time>
      </trkpt>
      <trkpt lat="37.38173" lon="-121.96883">
        <ele>10.39</ele>
        <time>2022-07-17T23:36:08Z</time>
      </trkpt>
      <trkpt lat="37.38178" lon="-121.96883">
        <ele>10.35</ele>
        <time>2022-07-17T23:36:09Z</time>
      </trkpt>
      <trkpt lat="37.38183" lon="-121.96883">
        <ele>10.55</ele>
        <time>2022-07-17T23:36:10Z</time>
      </trkpt>
      <trkpt lat="37.38188" lon="-121.96883">
        <ele>10.64</ele>
        <time>2022-07-17T23:36:11Z</time>
      </trkpt>
      <trkpt lat="37.38192" lon="-121.96884">
        <ele>10.53</ele>
        <time>2022-07-17T23:36:12Z</time>
      </trkpt>
      <trkpt lat="37.38197" lon="-121.96884">
        <ele>10.53</ele>
        <time>2022-07-17T23:36:13Z</time>
      </trkpt>
      <trkpt lat="37.38202" lon="-121.96884">
        <ele>10.53</ele>
        <time>2022-07-17T23:36:14Z</time>
      </trkpt>
      <trkpt lat="37.38206" lon="-121.96884">
        <ele>10.53</ele>
        <time>2022-07-17T23:36:15Z</time>
      </trkpt>
      <trkpt lat="37.38211" lon="-121.96884">
        <ele>10.53</ele>
        <time>2022-07-17T23:36:16Z</time>
      </trkpt>
      <trkpt lat="37.38216" lon="-121.96884">
        <ele>10.53</ele>
        <time>2022-07-17T23:36:17Z</time>
      </trkpt>
      <trkpt lat="37.38221" lon="-121.96884">
        <ele>10.53</ele>
        <time>2022-07-17T23:36:18Z</time>
      </trkpt>
      <trkpt lat="37.38225" lon="-121.96883">
        <ele>10.64</ele>
        <time>2022-07-17T23:36:19Z</time>
      </trkpt>
      <trkpt lat="37.3823" lon="-121.96883">
        <ele>10.64</ele>
        <time>2022-07-17T23:36:20Z</time>
      </trkpt>
      <trkpt lat="37.38235" lon="-121.96883">
        <ele>10.39</ele>
        <time>2022-07-17T23:36:21Z</time>
      </trkpt>
      <trkpt lat="37.38239" lon="-121.96882">
        <ele>10.14</ele>
        <time>2022-07-17T23:36:22Z</time>
      </trkpt>
      <trkpt lat="37.38244" lon="-121.96881">
        <ele>9.95</ele>
        <time>2022-07-17T23:36:23Z</time>
      </trkpt>
      <trkpt lat="37.38249" lon="-121.96881">
        <ele>9.87</ele>
        <time>2022-07-17T23:36:24Z</time>
      </trkpt>
      <trkpt lat="37.38255" lon="-121.9688">
        <ele>9.96</ele>
        <time>2022-07-17T23:36:25Z</time>
      </trkpt>
      <trkpt lat="37.38262" lon="-121.9688">
        <ele>9.97</ele>
        <time>2022-07-17T23:36:26Z</time>
      </trkpt>
      <trkpt lat="37.38268" lon="-121.96879">
        <ele>9.73</ele>
        <time>2022-07-17T23:36:27Z</time>
      </trkpt>
      <trkpt lat="37.38273" lon="-121.96879">
        <ele>9.28</ele>
        <time>2022-07-17T23:36:28Z</time>
      </trkpt>
      <trkpt lat="37.38279" lon="-121.96878">
        <ele>8.58</ele>
        <time>2022-07-17T23:36:29Z</time>
      </trkpt>
      <trkpt lat="37.38286" lon="-121.96877">
        <ele>8.78</ele>
        <time>2022-07-17T23:36:30Z</time>
      </trkpt>
      <trkpt lat="37.38292" lon="-121.96876">
        <ele>8.76</ele>
        <time>2022-07-17T23:36:31Z</time>
      </trkpt>
      <trkpt lat="37.38298" lon="-121.96875">
        <ele>8.41</ele>
        <time>2022-07-17T23:36:32Z</time>
      </trkpt>
      <trkpt lat="37.38305" lon="-121.96874">
        <ele>7.59</ele>
        <time>2022-07-17T23:36:33Z</time>
      </trkpt>
      <trkpt lat="37.38311" lon="-121.96873">
        <ele>7.14</ele>
        <time>2022-07-17T23:36:34Z</time>
      </trkpt>
      <trkpt lat="37.38317" lon="-121.96872">
        <ele>7.29</ele>
        <time>2022-07-17T23:36:35Z</time>
      </trkpt>
      <trkpt lat="37.38323" lon="-121.9687">
        <ele>8.62</ele>
        <time>2022-07-17T23:36:36Z</time>
      </trkpt>
      <trkpt lat="37.38329" lon="-121.96868">
        <ele>9.41</ele>
        <time>2022-07-17T23:36:37Z</time>
      </trkpt>
      <trkpt lat="37.38335" lon="-121.96867">
        <ele>10.0</ele>
        <time>2022-07-17T23:36:38Z</time>
      </trkpt>
      <trkpt lat="37.38342" lon="-121.96865">
        <ele>10.0</ele>
        <time>2022-07-17T23:36:39Z</time>
      </trkpt>
      <trkpt lat="37.38357" lon="-121.96864">
        <ele>8.58</ele>
        <time>2022-07-17T23:36:42Z</time>
      </trkpt>
      <trkpt lat="37.38364" lon="-121.96864">
        <ele>7.16</ele>
        <time>2022-07-17T23:36:42Z</time>
      </trkpt>
      <trkpt lat="37.38369" lon="-121.96865">
        <ele>5.8</ele>
        <time>2022-07-17T23:36:43Z</time>
      </trkpt>
      <trkpt lat="37.38374" lon="-121.96867">
        <ele>5.64</ele>
        <time>2022-07-17T23:36:44Z</time>
      </trkpt>
      <trkpt lat="37.38377" lon="-121.96871">
        <ele>6.17</ele>
        <time>2022-07-17T23:36:45Z</time>
      </trkpt>
      <trkpt lat="37.38382" lon="-121.96874">
        <ele>6.78</ele>
        <time>2022-07-17T23:36:46Z</time>
      </trkpt>
      <trkpt lat="37.38386" lon="-121.96876">
        <ele>7.22</ele>
        <time>2022-07-17T23:36:47Z</time>
      </trkpt>
      <trkpt lat="37.38391" lon="-121.96877">
        <ele>7.43</ele>
        <time>2022-07-17T23:36:48Z</time>
      </trkpt>
      <trkpt lat="37.38395" lon="-121.96878">
        <ele>7.65</ele>
        <time>2022-07-17T23:36:49Z</time>
      </trkpt>
      <trkpt lat="37.384" lon="-121.96879">
        <ele>8.05</ele>
        <time>2022-07-17T23:36:50Z</time>
      </trkpt>
      <trkpt lat="37.38405" lon="-121.9688">
        <ele>8.76</ele>
        <time>2022-07-17T23:36:51Z</time>
      </trkpt>
      <trkpt lat="37.3841" lon="-121.96881">
        <ele>9.0</ele>
        <time>2022-07-17T23:36:52Z</time>
      </trkpt>
      <trkpt lat="37.38415" lon="-121.96881">
        <ele>9.0</ele>
        <time>2022-07-17T23:36:53Z</time>
      </trkpt>
      <trkpt lat="37.38419" lon="-121.96882">
        <ele>9.06</ele>
        <time>2022-07-17T23:36:54Z</time>
      </trkpt>
      <trkpt lat="37.38423" lon="-121.96882">
        <ele>9.18</ele>
        <time>2022-07-17T23:36:55Z</time>
      </trkpt>
      <trkpt lat="37.38427" lon="-121.96882">
        <ele>9.26</ele>
        <time>2022-07-17T23:36:56Z</time>
      </trkpt>
      <trkpt lat="37.38432" lon="-121.96883">
        <ele>9.36</ele>
        <time>2022-07-17T23:36:57Z</time>
      </trkpt>
      <trkpt lat="37.38436" lon="-121.96883">
        <ele>9.36</ele>
        <time>2022-07-17T23:36:58Z</time>
      </trkpt>
      <trkpt lat="37.38441" lon="-121.96884">
        <ele>9.47</ele>
        <time>2022-07-17T23:36:59Z</time>
      </trkpt>
      <trkpt lat="37.38443" lon="-121.96885">
        <ele>9.58</ele>
        <time>2022-07-17T23:37:00Z</time>
      </trkpt>
      <trkpt lat="37.38448" lon="-121.96886">
        <ele>9.81</ele>
        <time>2022-07-17T23:37:02Z</time>
      </trkpt>
      <trkpt lat="37.38454" lon="-121.96886">
        <ele>9.97</ele>
        <time>2022-07-17T23:37:03Z</time>
      </trkpt>
      <trkpt lat="37.38463" lon="-121.96886">
        <ele>9.0</ele>
        <time>2022-07-17T23:37:06Z</time>
      </trkpt>
      <trkpt lat="37.38476" lon="-121.96885">
        <ele>9.42</ele>
        <time>2022-07-17T23:37:08Z</time>
      </trkpt>
      <trkpt lat="37.38486" lon="-121.96885">
        <ele>9.42</ele>
        <time>2022-07-17T23:37:11Z</time>
      </trkpt>
      <trkpt lat="37.38495" lon="-121.96884">
        <ele>9.53</ele>
        <time>2022-07-17T23:37:13Z</time>
      </trkpt>
      <trkpt lat="37.38503" lon="-121.96884">
        <ele>9.36</ele>
        <time>2022-07-17T23:37:15Z</time>
      </trkpt>
      <trkpt lat="37.38512" lon="-121.96884">
        <ele>9.0</ele>
        <time>2022-07-17T23:37:17Z</time>
      </trkpt>
      <trkpt lat="37.38519" lon="-121.96885">
        <ele>9.01</ele>
        <time>2022-07-17T23:37:17Z</time>
      </trkpt>
      <trkpt lat="37.38528" lon="-121.96886">
        <ele>9.37</ele>
        <time>2022-07-17T23:37:19Z</time>
      </trkpt>
      <trkpt lat="37.38533" lon="-121.96887">
        <ele>9.48</ele>
        <time>2022-07-17T23:37:20Z</time>
      </trkpt>
      <trkpt lat="37.38537" lon="-121.96887">
        <ele>9.39</ele>
        <time>2022-07-17T23:37:21Z</time>
      </trkpt>
      <trkpt lat="37.38542" lon="-121.96888">
        <ele>10.2</ele>
        <time>2022-07-17T23:37:22Z</time>
      </trkpt>
      <trkpt lat="37.38547" lon="-121.96889">
        <ele>10.9</ele>
        <time>2022-07-17T23:37:23Z</time>
      </trkpt>
      <trkpt lat="37.38552" lon="-121.9689">
        <ele>10.22</ele>
        <time>2022-07-17T23:37:24Z</time>
      </trkpt>
      <trkpt lat="37.38556" lon="-121.96891">
        <ele>9.73</ele>
        <time>2022-07-17T23:37:25Z</time>
      </trkpt>
      <trkpt lat="37.38561" lon="-121.96891">
        <ele>9.32</ele>
        <time>2022-07-17T23:37:26Z</time>
      </trkpt>
      <trkpt lat="37.38566" lon="-121.96892">
        <ele>8.92</ele>
        <time>2022-07-17T23:37:27Z</time>
      </trkpt>
      <trkpt lat="37.3857" lon="-121.96893">
        <ele>8.69</ele>
        <time>2022-07-17T23:37:28Z</time>
      </trkpt>
      <trkpt lat="37.38575" lon="-121.96894">
        <ele>8.61</ele>
        <time>2022-07-17T23:37:29Z</time>
      </trkpt>
      <trkpt lat="37.38579" lon="-121.96895">
        <ele>9.01</ele>
        <time>2022-07-17T23:37:30Z</time>
      </trkpt>
      <trkpt lat="37.38584" lon="-121.96896">
        <ele>9.52</ele>
        <time>2022-07-17T23:37:31Z</time>
      </trkpt>
      <trkpt lat="37.38589" lon="-121.96897">
        <ele>9.68</ele>
        <time>2022-07-17T23:37:32Z</time>
      </trkpt>
      <trkpt lat="37.38593" lon="-121.96898">
        <ele>9.95</ele>
        <time>2022-07-17T23:37:33Z</time>
      </trkpt>
      <trkpt lat="37.38598" lon="-121.96899">
        <ele>9.85</ele>
        <time>2022-07-17T23:37:34Z</time>
      </trkpt>
      <trkpt lat="37.38603" lon="-121.969">
        <ele>9.53</ele>
        <time>2022-07-17T23:37:35Z</time>
      </trkpt>
      <trkpt lat="37.38607" lon="-121.96901">
        <ele>9.17</ele>
        <time>2022-07-17T23:37:36Z</time>
      </trkpt>
      <trkpt lat="37.38611" lon="-121.96902">
        <ele>9.0</ele>
        <time>2022-07-17T23:37:37Z</time>
      </trkpt>
      <trkpt lat="37.38614" lon="-121.96903">
        <ele>9.01</ele>
        <time>2022-07-17T23:37:38Z</time>
      </trkpt>
      <trkpt lat="37.38619" lon="-121.96904">
        <ele>9.22</ele>
        <time>2022-07-17T23:37:39Z</time>
      </trkpt>
      <trkpt lat="37.38623" lon="-121.96904">
        <ele>9.44</ele>
        <time>2022-07-17T23:37:40Z</time>
      </trkpt>
      <trkpt lat="37.38626" lon="-121.96905">
        <ele>9.93</ele>
        <time>2022-07-17T23:37:41Z</time>
      </trkpt>
      <trkpt lat="37.38629" lon="-121.96905">
        <ele>10.17</ele>
        <time>2022-07-17T23:37:42Z</time>
      </trkpt>
      <trkpt lat="37.38637" lon="-121.96905">
        <ele>9.63</ele>
        <time>2022-07-17T23:37:45Z</time>
      </trkpt>
      <trkpt lat="37.38644" lon="-121.96904">
        <ele>8.92</ele>
        <time>2022-07-17T23:37:45Z</time>
      </trkpt>
      <trkpt lat="37.38649" lon="-121.96903">
        <ele>8.52</ele>
        <time>2022-07-17T23:37:46Z</time>
      </trkpt>
      <trkpt lat="37.38654" lon="-121.96902">
        <ele>8.42</ele>
        <time>2022-07-17T23:37:47Z</time>
      </trkpt>
      <trkpt lat="37.3866" lon="-121.96901">
        <ele>8.31</ele>
        <time>2022-07-17T23:37:48Z</time>
      </trkpt>
      <trkpt lat="37.38666" lon="-121.96901">
        <ele>8.31</ele>
        <time>2022-07-17T23:37:49Z</time>
      </trkpt>
      <trkpt lat="37.38671" lon="-121.96901">
        <ele>8.31</ele>
        <time>2022-07-17T23:37:50Z</time>
      </trkpt>
      <trkpt lat="37.38677" lon="-121.96901">
        <ele>8.31</ele>
        <time>2022-07-17T23:37:51Z</time>
      </trkpt>
      <trkpt lat="37.38682" lon="-121.96901">
        <ele>8.31</ele>
        <time>2022-07-17T23:37:52Z</time>
      </trkpt>
      <trkpt lat="37.38687" lon="-121.96901">
        <ele>8.44</ele>
        <time>2022-07-17T23:37:53Z</time>
      </trkpt>
      <trkpt lat="37.38693" lon="-121.96901">
        <ele>8.89</ele>
        <time>2022-07-17T23:37:54Z</time>
      </trkpt>
      <trkpt lat="37.38698" lon="-121.969">
        <ele>8.92</ele>
        <time>2022-07-17T23:37:55Z</time>
      </trkpt>
      <trkpt lat="37.38703" lon="-121.969">
        <ele>8.82</ele>
        <time>2022-07-17T23:37:56Z</time>
      </trkpt>
      <trkpt lat="37.38708" lon="-121.969">
        <ele>8.8</ele>
        <time>2022-07-17T23:37:57Z</time>
      </trkpt>
      <trkpt lat="37.38714" lon="-121.96899">
        <ele>8.91</ele>
        <time>2022-07-17T23:37:58Z</time>
      </trkpt>
      <trkpt lat="37.38719" lon="-121.96899">
        <ele>8.91</ele>
        <time>2022-07-17T23:37:59Z</time>
      </trkpt>
      <trkpt lat="37.38724" lon="-121.96898">
        <ele>9.12</ele>
        <time>2022-07-17T23:38:00Z</time>
      </trkpt>
      <trkpt lat="37.38729" lon="-121.96897">
        <ele>9.15</ele>
        <time>2022-07-17T23:38:01Z</time>
      </trkpt>
      <trkpt lat="37.38734" lon="-121.96897">
        <ele>9.41</ele>
        <time>2022-07-17T23:38:02Z</time>
      </trkpt>
      <trkpt lat="37.38739" lon="-121.96896">
        <ele>9.03</ele>
        <time>2022-07-17T23:38:03Z</time>
      </trkpt>
      <trkpt lat="37.38744" lon="-121.96896">
        <ele>9.07</ele>
        <time>2022-07-17T23:38:04Z</time>
      </trkpt>
      <trkpt lat="37.38748" lon="-121.96896">
        <ele>9.07</ele>
        <time>2022-07-17T23:38:05Z</time>
      </trkpt>
      <trkpt lat="37.38753" lon="-121.96895">
        <ele>8.75</ele>
        <time>2022-07-17T23:38:06Z</time>
      </trkpt>
      <trkpt lat="37.38758" lon="-121.96894">
        <ele>8.6</ele>
        <time>2022-07-17T23:38:07Z</time>
      </trkpt>
      <trkpt lat="37.38762" lon="-121.96894">
        <ele>8.63</ele>
        <time>2022-07-17T23:38:08Z</time>
      </trkpt>
      <trkpt lat="37.38767" lon="-121.96893">
        <ele>8.43</ele>
        <time>2022-07-17T23:38:09Z</time>
      </trkpt>
      <trkpt lat="37.38771" lon="-121.96893">
        <ele>8.44</ele>
        <time>2022-07-17T23:38:10Z</time>
      </trkpt>
      <trkpt lat="37.38776" lon="-121.96892">
        <ele>8.34</ele>
        <time>2022-07-17T23:38:11Z</time>
      </trkpt>
      <trkpt lat="37.38781" lon="-121.96892">
        <ele>8.22</ele>
        <time>2022-07-17T23:38:12Z</time>
      </trkpt>
      <trkpt lat="37.38784" lon="-121.96891">
        <ele>8.07</ele>
        <time>2022-07-17T23:38:13Z</time>
      </trkpt>
      <trkpt lat="37.38789" lon="-121.96891">
        <ele>8.16</ele>
        <time>2022-07-17T23:38:14Z</time>
      </trkpt>
      <trkpt lat="37.38794" lon="-121.9689">
        <ele>8.66</ele>
        <time>2022-07-17T23:38:15Z</time>
      </trkpt>
      <trkpt lat="37.38799" lon="-121.9689">
        <ele>8.88</ele>
        <time>2022-07-17T23:38:16Z</time>
      </trkpt>
      <trkpt lat="37.38802" lon="-121.9689">
        <ele>8.88</ele>
        <time>2022-07-17T23:38:18Z</time>
      </trkpt>
      <trkpt lat="37.38806" lon="-121.9689">
        <ele>8.88</ele>
        <time>2022-07-17T23:38:19Z</time>
      </trkpt>
      <trkpt lat="37.38812" lon="-121.9689">
        <ele>8.88</ele>
        <time>2022-07-17T23:38:19Z</time>
      </trkpt>
      <trkpt lat="37.38819" lon="-121.96889">
        <ele>8.99</ele>
        <time>2022-07-17T23:38:21Z</time>
      </trkpt>
      <trkpt lat="37.38816" lon="-121.96888">
        <ele>8.63</ele>
        <time>2022-07-17T23:38:21Z</time>
      </trkpt>
      <trkpt lat="37.38826" lon="-121.96887">
        <ele>8.39</ele>
        <time>2022-07-17T23:38:22Z</time>
      </trkpt>
      <trkpt lat="37.38831" lon="-121.96886">
        <ele>8.06</ele>
        <time>2022-07-17T23:38:23Z</time>
      </trkpt>
      <trkpt lat="37.38837" lon="-121.96885">
        <ele>7.74</ele>
        <time>2022-07-17T23:38:25Z</time>
      </trkpt>
      <trkpt lat="37.38841" lon="-121.96884">
        <ele>7.42</ele>
        <time>2022-07-17T23:38:26Z</time>
      </trkpt>
      <trkpt lat="37.38849" lon="-121.96882">
        <ele>6.95</ele>
        <time>2022-07-17T23:38:26Z</time>
      </trkpt>
      <trkpt lat="37.38856" lon="-121.9688">
        <ele>6.16</ele>
        <time>2022-07-17T23:38:27Z</time>
      </trkpt>
      <trkpt lat="37.38863" lon="-121.96878">
        <ele>5.65</ele>
        <time>2022-07-17T23:38:28Z</time>
      </trkpt>
      <trkpt lat="37.38869" lon="-121.96877">
        <ele>5.43</ele>
        <time>2022-07-17T23:38:29Z</time>
      </trkpt>
      <trkpt lat="37.38876" lon="-121.96875">
        <ele>5.0</ele>
        <time>2022-07-17T23:38:30Z</time>
      </trkpt>
      <trkpt lat="37.38884" lon="-121.96874">
        <ele>5.07</ele>
        <time>2022-07-17T23:38:31Z</time>
      </trkpt>
      <trkpt lat="37.3889" lon="-121.96872">
        <ele>5.24</ele>
        <time>2022-07-17T23:38:32Z</time>
      </trkpt>
      <trkpt lat="37.38897" lon="-121.96871">
        <ele>5.25</ele>
        <time>2022-07-17T23:38:33Z</time>
      </trkpt>
      <trkpt lat="37.38918" lon="-121.96868">
        <ele>4.74</ele>
        <time>2022-07-17T23:38:37Z</time>
      </trkpt>
      <trkpt lat="37.38931" lon="-121.96869">
        <ele>4.85</ele>
        <time>2022-07-17T23:38:38Z</time>
      </trkpt>
      <trkpt lat="37.38937" lon="-121.96871">
        <ele>5.27</ele>
        <time>2022-07-17T23:38:39Z</time>
      </trkpt>
      <trkpt lat="37.38943" lon="-121.96873">
        <ele>6.14</ele>
        <time>2022-07-17T23:38:40Z</time>
      </trkpt>
      <trkpt lat="37.38949" lon="-121.96874">
        <ele>6.57</ele>
        <time>2022-07-17T23:38:41Z</time>
      </trkpt>
      <trkpt lat="37.38953" lon="-121.96875">
        <ele>7.0</ele>
        <time>2022-07-17T23:38:42Z</time>
      </trkpt>
      <trkpt lat="37.38958" lon="-121.96876">
        <ele>7.43</ele>
        <time>2022-07-17T23:38:43Z</time>
      </trkpt>
      <trkpt lat="37.38961" lon="-121.96877">
        <ele>7.86</ele>
        <time>2022-07-17T23:38:44Z</time>
      </trkpt>
      <trkpt lat="37.38965" lon="-121.96877">
        <ele>7.93</ele>
        <time>2022-07-17T23:38:45Z</time>
      </trkpt>
      <trkpt lat="37.38969" lon="-121.96878">
        <ele>8.41</ele>
        <time>2022-07-17T23:38:46Z</time>
      </trkpt>
      <trkpt lat="37.38973" lon="-121.96878">
        <ele>8.47</ele>
        <time>2022-07-17T23:38:47Z</time>
      </trkpt>
      <trkpt lat="37.38977" lon="-121.96878">
        <ele>8.47</ele>
        <time>2022-07-17T23:38:49Z</time>
      </trkpt>
      <trkpt lat="37.3898" lon="-121.96879">
        <ele>8.8</ele>
        <time>2022-07-17T23:38:50Z</time>
      </trkpt>
      <trkpt lat="37.38987" lon="-121.96879">
        <ele>8.84</ele>
        <time>2022-07-17T23:38:52Z</time>
      </trkpt>
      <trkpt lat="37.38994" lon="-121.96878">
        <ele>8.65</ele>
        <time>2022-07-17T23:38:54Z</time>
      </trkpt>
      <trkpt lat="37.39002" lon="-121.96877">
        <ele>8.49</ele>
        <time>2022-07-17T23:38:56Z</time>
      </trkpt>
      <trkpt lat="37.39009" lon="-121.96876">
        <ele>8.6</ele>
        <time>2022-07-17T23:38:57Z</time>
      </trkpt>
      <trkpt lat="37.39016" lon="-121.96876">
        <ele>8.17</ele>
        <time>2022-07-17T23:39:00Z</time>
      </trkpt>
      <trkpt lat="37.39024" lon="-121.96875">
        <ele>8.0</ele>
        <time>2022-07-17T23:39:02Z</time>
      </trkpt>
      <trkpt lat="37.39032" lon="-121.96875">
        <ele>8.0</ele>
        <time>2022-07-17T23:39:03Z</time>
      </trkpt>
      <trkpt lat="37.39039" lon="-121.96874">
        <ele>8.0</ele>
        <time>2022-07-17T23:39:06Z</time>
      </trkpt>
      <trkpt lat="37.39044" lon="-121.96879">
        <ele>8.0</ele>
        <time>2022-07-17T23:39:09Z</time>
      </trkpt>
      <trkpt lat="37.39044" lon="-121.96884">
        <ele>8.0</ele>
        <time>2022-07-17T23:39:14Z</time>
      </trkpt>
      <trkpt lat="37.39048" lon="-121.96885">
        <ele>8.0</ele>
        <time>2022-07-17T23:39:54Z</time>
      </trkpt>
      <trkpt lat="37.39053" lon="-121.96886">
        <ele>8.0</ele>
        <time>2022-07-17T23:39:57Z</time>
      </trkpt>
      <trkpt lat="37.3906" lon="-121.96888">
        <ele>7.52</ele>
        <time>2022-07-17T23:40:00Z</time>
      </trkpt>
      <trkpt lat="37.39066" lon="-121.96885">
        <ele>7.0</ele>
        <time>2022-07-17T23:40:02Z</time>
      </trkpt>
      <trkpt lat="37.39071" lon="-121.96881">
        <ele>7.0</ele>
        <time>2022-07-17T23:40:04Z</time>
      </trkpt>
      <trkpt lat="37.39075" lon="-121.96873">
        <ele>7.72</ele>
        <time>2022-07-17T23:40:06Z</time>
      </trkpt>
      <trkpt lat="37.3908" lon="-121.96867">
        <ele>8.23</ele>
        <time>2022-07-17T23:40:09Z</time>
      </trkpt>
      <trkpt lat="37.39087" lon="-121.96864">
        <ele>8.81</ele>
        <time>2022-07-17T23:40:13Z</time>
      </trkpt>
      <trkpt lat="37.39093" lon="-121.96863">
        <ele>9.0</ele>
        <time>2022-07-17T23:40:16Z</time>
      </trkpt>
    </trkseg>
    <trkseg>
      <trkpt lat="37.39094" lon="-121.96864">
        <ele>9.0</ele>
        <time>2022-07-17T23:42:16Z</time>
      </trkpt>
      <trkpt lat="37.39097" lon="-121.96862">
        <ele>9.0</ele>
        <time>2022-07-17T23:42:25Z</time>
      </trkpt>
      <trkpt lat="37.391" lon="-121.9686">
        <ele>8.62</ele>
        <time>2022-07-17T23:42:26Z</time>
      </trkpt>
      <trkpt lat="37.39104" lon="-121.9686">
        <ele>8.64</ele>
        <time>2022-07-17T23:42:28Z</time>
      </trkpt>
      <trkpt lat="37.39111" lon="-121.96859">
        <ele>8.32</ele>
        <time>2022-07-17T23:42:29Z</time>
      </trkpt>
      <trkpt lat="37.39117" lon="-121.96858">
        <ele>7.99</ele>
        <time>2022-07-17T23:42:31Z</time>
      </trkpt>
      <trkpt lat="37.39127" lon="-121.96857">
        <ele>7.67</ele>
        <time>2022-07-17T23:42:33Z</time>
      </trkpt>
      <trkpt lat="37.39134" lon="-121.96856">
        <ele>7.6</ele>
        <time>2022-07-17T23:42:35Z</time>
      </trkpt>
      <trkpt lat="37.39142" lon="-121.96854">
        <ele>7.64</ele>
        <time>2022-07-17T23:42:36Z</time>
      </trkpt>
      <trkpt lat="37.39148" lon="-121.96853">
        <ele>7.99</ele>
        <time>2022-07-17T23:42:38Z</time>
      </trkpt>
      <trkpt lat="37.39153" lon="-121.96851">
        <ele>7.63</ele>
        <time>2022-07-17T23:42:39Z</time>
      </trkpt>
      <trkpt lat="37.39162" lon="-121.96849">
        <ele>7.26</ele>
        <time>2022-07-17T23:42:41Z</time>
      </trkpt>
      <trkpt lat="37.39169" lon="-121.96849">
        <ele>7.85</ele>
        <time>2022-07-17T23:42:43Z</time>
      </trkpt>
      <trkpt lat="37.39176" lon="-121.96847">
        <ele>7.43</ele>
        <time>2022-07-17T23:42:45Z</time>
      </trkpt>
      <trkpt lat="37.39182" lon="-121.96846">
        <ele>7.28</ele>
        <time>2022-07-17T23:42:46Z</time>
      </trkpt>
      <trkpt lat="37.39191" lon="-121.96844">
        <ele>7.59</ele>
        <time>2022-07-17T23:42:48Z</time>
      </trkpt>
      <trkpt lat="37.39199" lon="-121.96842">
        <ele>8.17</ele>
        <time>2022-07-17T23:42:49Z</time>
      </trkpt>
      <trkpt lat="37.39205" lon="-121.96841">
        <ele>8.19</ele>
        <time>2022-07-17T23:42:52Z</time>
      </trkpt>
      <trkpt lat="37.39212" lon="-121.9684">
        <ele>8.1</ele>
        <time>2022-07-17T23:42:53Z</time>
      </trkpt>
      <trkpt lat="37.39223" lon="-121.96838">
        <ele>7.05</ele>
        <time>2022-07-17T23:42:54Z</time>
      </trkpt>
      <trkpt lat="37.39228" lon="-121.96837">
        <ele>7.17</ele>
        <time>2022-07-17T23:42:55Z</time>
      </trkpt>
      <trkpt lat="37.39233" lon="-121.96836">
        <ele>7.36</ele>
        <time>2022-07-17T23:42:56Z</time>
      </trkpt>
      <trkpt lat="37.39238" lon="-121.96835">
        <ele>7.63</ele>
        <time>2022-07-17T23:42:57Z</time>
      </trkpt>
      <trkpt lat="37.39242" lon="-121.96834">
        <ele>8.04</ele>
        <time>2022-07-17T23:42:58Z</time>
      </trkpt>
      <trkpt lat="37.39249" lon="-121.96833">
        <ele>8.75</ele>
        <time>2022-07-17T23:43:00Z</time>
      </trkpt>
      <trkpt lat="37.39256" lon="-121.96831">
        <ele>8.16</ele>
        <time>2022-07-17T23:43:01Z</time>
      </trkpt>
      <trkpt lat="37.3926" lon="-121.9683">
        <ele>7.9</ele>
        <time>2022-07-17T23:43:02Z</time>
      </trkpt>
      <trkpt lat="37.39265" lon="-121.96829">
        <ele>7.56</ele>
        <time>2022-07-17T23:43:03Z</time>
      </trkpt>
      <trkpt lat="37.3927" lon="-121.96828">
        <ele>7.45</ele>
        <time>2022-07-17T23:43:04Z</time>
      </trkpt>
      <trkpt lat="37.39274" lon="-121.96827">
        <ele>7.53</ele>
        <time>2022-07-17T23:43:05Z</time>
      </trkpt>
      <trkpt lat="37.39279" lon="-121.96826">
        <ele>7.79</ele>
        <time>2022-07-17T23:43:06Z</time>
      </trkpt>
      <trkpt lat="37.39284" lon="-121.96824">
        <ele>7.97</ele>
        <time>2022-07-17T23:43:07Z</time>
      </trkpt>
      <trkpt lat="37.39289" lon="-121.96823">
        <ele>7.84</ele>
        <time>2022-07-17T23:43:08Z</time>
      </trkpt>
      <trkpt lat="37.39294" lon="-121.96822">
        <ele>7.91</ele>
        <time>2022-07-17T23:43:09Z</time>
      </trkpt>
      <trkpt lat="37.39298" lon="-121.96821">
        <ele>7.73</ele>
        <time>2022-07-17T23:43:10Z</time>
      </trkpt>
      <trkpt lat="37.39303" lon="-121.9682">
        <ele>7.56</ele>
        <time>2022-07-17T23:43:11Z</time>
      </trkpt>
      <trkpt lat="37.39306" lon="-121.9682">
        <ele>7.67</ele>
        <time>2022-07-17T23:43:12Z</time>
      </trkpt>
      <trkpt lat="37.39312" lon="-121.96819">
        <ele>7.42</ele>
        <time>2022-07-17T23:43:13Z</time>
      </trkpt>
      <trkpt lat="37.39317" lon="-121.96818">
        <ele>7.42</ele>
        <time>2022-07-17T23:43:14Z</time>
      </trkpt>
      <trkpt lat="37.39322" lon="-121.96817">
        <ele>7.65</ele>
        <time>2022-07-17T23:43:15Z</time>
      </trkpt>
      <trkpt lat="37.39326" lon="-121.96816">
        <ele>7.85</ele>
        <time>2022-07-17T23:43:16Z</time>
      </trkpt>
      <trkpt lat="37.39334" lon="-121.96815">
        <ele>8.03</ele>
        <time>2022-07-17T23:43:18Z</time>
      </trkpt>
      <trkpt lat="37.39331" lon="-121.96814">
        <ele>7.71</ele>
        <time>2022-07-17T23:43:18Z</time>
      </trkpt>
      <trkpt lat="37.39341" lon="-121.96812">
        <ele>7.92</ele>
        <time>2022-07-17T23:43:19Z</time>
      </trkpt>
      <trkpt lat="37.39346" lon="-121.96811">
        <ele>7.7</ele>
        <time>2022-07-17T23:43:20Z</time>
      </trkpt>
      <trkpt lat="37.39351" lon="-121.9681">
        <ele>7.48</ele>
        <time>2022-07-17T23:43:21Z</time>
      </trkpt>
      <trkpt lat="37.39356" lon="-121.96809">
        <ele>7.37</ele>
        <time>2022-07-17T23:43:22Z</time>
      </trkpt>
      <trkpt lat="37.39361" lon="-121.96808">
        <ele>7.26</ele>
        <time>2022-07-17T23:43:23Z</time>
      </trkpt>
      <trkpt lat="37.39366" lon="-121.96807">
        <ele>7.52</ele>
        <time>2022-07-17T23:43:24Z</time>
      </trkpt>
      <trkpt lat="37.39371" lon="-121.96806">
        <ele>8.01</ele>
        <time>2022-07-17T23:43:25Z</time>
      </trkpt>
      <trkpt lat="37.39376" lon="-121.96805">
        <ele>8.37</ele>
        <time>2022-07-17T23:43:26Z</time>
      </trkpt>
      <trkpt lat="37.39381" lon="-121.96803">
        <ele>7.94</ele>
        <time>2022-07-17T23:43:27Z</time>
      </trkpt>
      <trkpt lat="37.39387" lon="-121.96802">
        <ele>7.77</ele>
        <time>2022-07-17T23:43:28Z</time>
      </trkpt>
      <trkpt lat="37.39392" lon="-121.96801">
        <ele>7.35</ele>
        <time>2022-07-17T23:43:29Z</time>
      </trkpt>
      <trkpt lat="37.39397" lon="-121.968">
        <ele>6.85</ele>
        <time>2022-07-17T23:43:30Z</time>
      </trkpt>
      <trkpt lat="37.39402" lon="-121.96799">
        <ele>6.76</ele>
        <time>2022-07-17T23:43:31Z</time>
      </trkpt>
      <trkpt lat="37.39407" lon="-121.96798">
        <ele>6.97</ele>
        <time>2022-07-17T23:43:32Z</time>
      </trkpt>
      <trkpt lat="37.39413" lon="-121.96797">
        <ele>7.51</ele>
        <time>2022-07-17T23:43:33Z</time>
      </trkpt>
      <trkpt lat="37.39418" lon="-121.96796">
        <ele>7.88</ele>
        <time>2022-07-17T23:43:34Z</time>
      </trkpt>
      <trkpt lat="37.39423" lon="-121.96795">
        <ele>7.63</ele>
        <time>2022-07-17T23:43:35Z</time>
      </trkpt>
      <trkpt lat="37.39428" lon="-121.96794">
        <ele>7.5</ele>
        <time>2022-07-17T23:43:36Z</time>
      </trkpt>
      <trkpt lat="37.39434" lon="-121.96793">
        <ele>7.29</ele>
        <time>2022-07-17T23:43:37Z</time>
      </trkpt>
      <trkpt lat="37.39439" lon="-121.96793">
        <ele>7.55</ele>
        <time>2022-07-17T23:43:38Z</time>
      </trkpt>
      <trkpt lat="37.39444" lon="-121.96793">
        <ele>7.9</ele>
        <time>2022-07-17T23:43:39Z</time>
      </trkpt>
      <trkpt lat="37.39449" lon="-121.96793">
        <ele>7.62</ele>
        <time>2022-07-17T23:43:40Z</time>
      </trkpt>
      <trkpt lat="37.39455" lon="-121.96793">
        <ele>7.38</ele>
        <time>2022-07-17T23:43:41Z</time>
      </trkpt>
      <trkpt lat="37.3946" lon="-121.96793">
        <ele>7.73</ele>
        <time>2022-07-17T23:43:42Z</time>
      </trkpt>
      <trkpt lat="37.39465" lon="-121.96794">
        <ele>8.2</ele>
        <time>2022-07-17T23:43:43Z</time>
      </trkpt>
      <trkpt lat="37.3947" lon="-121.96795">
        <ele>8.47</ele>
        <time>2022-07-17T23:43:44Z</time>
      </trkpt>
      <trkpt lat="37.39475" lon="-121.96795">
        <ele>8.14</ele>
        <time>2022-07-17T23:43:45Z</time>
      </trkpt>
      <trkpt lat="37.3948" lon="-121.96796">
        <ele>8.03</ele>
        <time>2022-07-17T23:43:46Z</time>
      </trkpt>
      <trkpt lat="37.39485" lon="-121.96798">
        <ele>7.7</ele>
        <time>2022-07-17T23:43:47Z</time>
      </trkpt>
      <trkpt lat="37.3949" lon="-121.96799">
        <ele>7.68</ele>
        <time>2022-07-17T23:43:48Z</time>
      </trkpt>
      <trkpt lat="37.39495" lon="-121.968">
        <ele>7.51</ele>
        <time>2022-07-17T23:43:49Z</time>
      </trkpt>
      <trkpt lat="37.395" lon="-121.96802">
        <ele>7.62</ele>
        <time>2022-07-17T23:43:50Z</time>
      </trkpt>
      <trkpt lat="37.39505" lon="-121.96804">
        <ele>8.1</ele>
        <time>2022-07-17T23:43:51Z</time>
      </trkpt>
      <trkpt lat="37.3951" lon="-121.96806">
        <ele>8.83</ele>
        <time>2022-07-17T23:43:52Z</time>
      </trkpt>
      <trkpt lat="37.39515" lon="-121.96808">
        <ele>8.18</ele>
        <time>2022-07-17T23:43:53Z</time>
      </trkpt>
      <trkpt lat="37.3952" lon="-121.9681">
        <ele>7.83</ele>
        <time>2022-07-17T23:43:54Z</time>
      </trkpt>
      <trkpt lat="37.39526" lon="-121.96812">
        <ele>7.51</ele>
        <time>2022-07-17T23:43:55Z</time>
      </trkpt>
      <trkpt lat="37.3953" lon="-121.96814">
        <ele>7.8</ele>
        <time>2022-07-17T23:43:56Z</time>
      </trkpt>
      <trkpt lat="37.39535" lon="-121.96817">
        <ele>7.71</ele>
        <time>2022-07-17T23:43:57Z</time>
      </trkpt>
      <trkpt lat="37.3954" lon="-121.96819">
        <ele>7.52</ele>
        <time>2022-07-17T23:43:58Z</time>
      </trkpt>
      <trkpt lat="37.39545" lon="-121.96821">
        <ele>7.62</ele>
        <time>2022-07-17T23:43:59Z</time>
      </trkpt>
      <trkpt lat="37.3955" lon="-121.96823">
        <ele>7.79</ele>
        <time>2022-07-17T23:44:00Z</time>
      </trkpt>
      <trkpt lat="37.39554" lon="-121.96825">
        <ele>7.88</ele>
        <time>2022-07-17T23:44:01Z</time>
      </trkpt>
      <trkpt lat="37.39559" lon="-121.96828">
        <ele>7.31</ele>
        <time>2022-07-17T23:44:02Z</time>
      </trkpt>
      <trkpt lat="37.39564" lon="-121.9683">
        <ele>7.29</ele>
        <time>2022-07-17T23:44:03Z</time>
      </trkpt>
      <trkpt lat="37.39569" lon="-121.96832">
        <ele>7.65</ele>
        <time>2022-07-17T23:44:04Z</time>
      </trkpt>
      <trkpt lat="37.39574" lon="-121.96835">
        <ele>7.82</ele>
        <time>2022-07-17T23:44:05Z</time>
      </trkpt>
      <trkpt lat="37.39579" lon="-121.96837">
        <ele>7.49</ele>
        <time>2022-07-17T23:44:06Z</time>
      </trkpt>
      <trkpt lat="37.39584" lon="-121.9684">
        <ele>7.68</ele>
        <time>2022-07-17T23:44:07Z</time>
      </trkpt>
      <trkpt lat="37.39589" lon="-121.96842">
        <ele>7.86</ele>
        <time>2022-07-17T23:44:08Z</time>
      </trkpt>
      <trkpt lat="37.39594" lon="-121.96844">
        <ele>7.61</ele>
        <time>2022-07-17T23:44:09Z</time>
      </trkpt>
      <trkpt lat="37.39599" lon="-121.96847">
        <ele>7.34</ele>
        <time>2022-07-17T23:44:10Z</time>
      </trkpt>
      <trkpt lat="37.39605" lon="-121.96849">
        <ele>7.48</ele>
        <time>2022-07-17T23:44:11Z</time>
      </trkpt>
      <trkpt lat="37.3961" lon="-121.96852">
        <ele>7.97</ele>
        <time>2022-07-17T23:44:12Z</time>
      </trkpt>
      <trkpt lat="37.39615" lon="-121.96854">
        <ele>7.31</ele>
        <time>2022-07-17T23:44:13Z</time>
      </trkpt>
      <trkpt lat="37.39621" lon="-121.96857">
        <ele>7.01</ele>
        <time>2022-07-17T23:44:14Z</time>
      </trkpt>
      <trkpt lat="37.39626" lon="-121.96859">
        <ele>7.33</ele>
        <time>2022-07-17T23:44:15Z</time>
      </trkpt>
      <trkpt lat="37.39631" lon="-121.96862">
        <ele>7.69</ele>
        <time>2022-07-17T23:44:16Z</time>
      </trkpt>
      <trkpt lat="37.39636" lon="-121.96864">
        <ele>7.12</ele>
        <time>2022-07-17T23:44:17Z</time>
      </trkpt>
      <trkpt lat="37.39642" lon="-121.96867">
        <ele>7.09</ele>
        <time>2022-07-17T23:44:18Z</time>
      </trkpt>
      <trkpt lat="37.39647" lon="-121.96869">
        <ele>7.62</ele>
        <time>2022-07-17T23:44:19Z</time>
      </trkpt>
      <trkpt lat="37.39652" lon="-121.96872">
        <ele>7.72</ele>
        <time>2022-07-17T23:44:20Z</time>
      </trkpt>
      <trkpt lat="37.39657" lon="-121.96874">
        <ele>7.59</ele>
        <time>2022-07-17T23:44:21Z</time>
      </trkpt>
      <trkpt lat="37.39663" lon="-121.96876">
        <ele>7.29</ele>
        <time>2022-07-17T23:44:22Z</time>
      </trkpt>
      <trkpt lat="37.39668" lon="-121.96879">
        <ele>7.84</ele>
        <time>2022-07-17T23:44:23Z</time>
      </trkpt>
      <trkpt lat="37.39673" lon="-121.96882">
        <ele>7.49</ele>
        <time>2022-07-17T23:44:24Z</time>
      </trkpt>
      <trkpt lat="37.39678" lon="-121.96884">
        <ele>7.03</ele>
        <time>2022-07-17T23:44:25Z</time>
      </trkpt>
      <trkpt lat="37.39683" lon="-121.96886">
        <ele>7.2</ele>
        <time>2022-07-17T23:44:26Z</time>
      </trkpt>
      <trkpt lat="37.39688" lon="-121.96888">
        <ele>7.75</ele>
        <time>2022-07-17T23:44:27Z</time>
      </trkpt>
      <trkpt lat="37.39693" lon="-121.9689">
        <ele>7.76</ele>
        <time>2022-07-17T23:44:28Z</time>
      </trkpt>
      <trkpt lat="37.39698" lon="-121.96892">
        <ele>7.08</ele>
        <time>2022-07-17T23:44:29Z</time>
      </trkpt>
      <trkpt lat="37.39703" lon="-121.96895">
        <ele>7.27</ele>
        <time>2022-07-17T23:44:30Z</time>
      </trkpt>
      <trkpt lat="37.39708" lon="-121.96897">
        <ele>7.69</ele>
        <time>2022-07-17T23:44:31Z</time>
      </trkpt>
      <trkpt lat="37.39713" lon="-121.969">
        <ele>7.6</ele>
        <time>2022-07-17T23:44:32Z</time>
      </trkpt>
      <trkpt lat="37.39718" lon="-121.96902">
        <ele>6.99</ele>
        <time>2022-07-17T23:44:33Z</time>
      </trkpt>
      <trkpt lat="37.39723" lon="-121.96904">
        <ele>7.23</ele>
        <time>2022-07-17T23:44:34Z</time>
      </trkpt>
      <trkpt lat="37.39728" lon="-121.96907">
        <ele>7.88</ele>
        <time>2022-07-17T23:44:35Z</time>
      </trkpt>
      <trkpt lat="37.39732" lon="-121.96909">
        <ele>7.62</ele>
        <time>2022-07-17T23:44:36Z</time>
      </trkpt>
      <trkpt lat="37.39737" lon="-121.96911">
        <ele>7.09</ele>
        <time>2022-07-17T23:44:37Z</time>
      </trkpt>
      <trkpt lat="37.39743" lon="-121.96914">
        <ele>7.03</ele>
        <time>2022-07-17T23:44:38Z</time>
      </trkpt>
      <trkpt lat="37.39748" lon="-121.96916">
        <ele>7.61</ele>
        <time>2022-07-17T23:44:39Z</time>
      </trkpt>
      <trkpt lat="37.39752" lon="-121.96918">
        <ele>7.59</ele>
        <time>2022-07-17T23:44:40Z</time>
      </trkpt>
      <trkpt lat="37.39757" lon="-121.96921">
        <ele>7.37</ele>
        <time>2022-07-17T23:44:41Z</time>
      </trkpt>
      <trkpt lat="37.39762" lon="-121.96923">
        <ele>7.59</ele>
        <time>2022-07-17T23:44:42Z</time>
      </trkpt>
      <trkpt lat="37.39767" lon="-121.96925">
        <ele>7.82</ele>
        <time>2022-07-17T23:44:43Z</time>
      </trkpt>
      <trkpt lat="37.39772" lon="-121.96927">
        <ele>7.48</ele>
        <time>2022-07-17T23:44:44Z</time>
      </trkpt>
      <trkpt lat="37.39777" lon="-121.9693">
        <ele>7.01</ele>
        <time>2022-07-17T23:44:45Z</time>
      </trkpt>
      <trkpt lat="37.39782" lon="-121.96932">
        <ele>7.14</ele>
        <time>2022-07-17T23:44:46Z</time>
      </trkpt>
      <trkpt lat="37.39787" lon="-121.96934">
        <ele>7.74</ele>
        <time>2022-07-17T23:44:47Z</time>
      </trkpt>
      <trkpt lat="37.39792" lon="-121.96936">
        <ele>7.38</ele>
        <time>2022-07-17T23:44:48Z</time>
      </trkpt>
      <trkpt lat="37.39796" lon="-121.96939">
        <ele>7.01</ele>
        <time>2022-07-17T23:44:49Z</time>
      </trkpt>
      <trkpt lat="37.39801" lon="-121.96941">
        <ele>7.13</ele>
        <time>2022-07-17T23:44:50Z</time>
      </trkpt>
      <trkpt lat="37.39806" lon="-121.96943">
        <ele>7.67</ele>
        <time>2022-07-17T23:44:51Z</time>
      </trkpt>
      <trkpt lat="37.3981" lon="-121.96945">
        <ele>7.85</ele>
        <time>2022-07-17T23:44:52Z</time>
      </trkpt>
      <trkpt lat="37.39815" lon="-121.96947">
        <ele>7.43</ele>
        <time>2022-07-17T23:44:53Z</time>
      </trkpt>
      <trkpt lat="37.3982" lon="-121.96949">
        <ele>7.0</ele>
        <time>2022-07-17T23:44:54Z</time>
      </trkpt>
      <trkpt lat="37.39825" lon="-121.96952">
        <ele>7.61</ele>
        <time>2022-07-17T23:44:55Z</time>
      </trkpt>
      <trkpt lat="37.39829" lon="-121.96954">
        <ele>7.94</ele>
        <time>2022-07-17T23:44:56Z</time>
      </trkpt>
      <trkpt lat="37.39834" lon="-121.96956">
        <ele>7.43</ele>
        <time>2022-07-17T23:44:57Z</time>
      </trkpt>
      <trkpt lat="37.39839" lon="-121.96958">
        <ele>6.98</ele>
        <time>2022-07-17T23:44:58Z</time>
      </trkpt>
      <trkpt lat="37.39844" lon="-121.9696">
        <ele>7.31</ele>
        <time>2022-07-17T23:44:59Z</time>
      </trkpt>
      <trkpt lat="37.39848" lon="-121.96962">
        <ele>7.73</ele>
        <time>2022-07-17T23:45:00Z</time>
      </trkpt>
      <trkpt lat="37.39853" lon="-121.96964">
        <ele>7.57</ele>
        <time>2022-07-17T23:45:01Z</time>
      </trkpt>
      <trkpt lat="37.39858" lon="-121.96966">
        <ele>6.67</ele>
        <time>2022-07-17T23:45:02Z</time>
      </trkpt>
      <trkpt lat="37.39862" lon="-121.96968">
        <ele>6.55</ele>
        <time>2022-07-17T23:45:03Z</time>
      </trkpt>
      <trkpt lat="37.39867" lon="-121.96971">
        <ele>7.34</ele>
        <time>2022-07-17T23:45:04Z</time>
      </trkpt>
      <trkpt lat="37.39872" lon="-121.96973">
        <ele>7.69</ele>
        <time>2022-07-17T23:45:05Z</time>
      </trkpt>
      <trkpt lat="37.39877" lon="-121.96975">
        <ele>7.11</ele>
        <time>2022-07-17T23:45:06Z</time>
      </trkpt>
      <trkpt lat="37.39882" lon="-121.96977">
        <ele>6.88</ele>
        <time>2022-07-17T23:45:07Z</time>
      </trkpt>
      <trkpt lat="37.39887" lon="-121.9698">
        <ele>7.41</ele>
        <time>2022-07-17T23:45:08Z</time>
      </trkpt>
      <trkpt lat="37.39891" lon="-121.96982">
        <ele>7.64</ele>
        <time>2022-07-17T23:45:09Z</time>
      </trkpt>
      <trkpt lat="37.39896" lon="-121.96984">
        <ele>7.04</ele>
        <time>2022-07-17T23:45:10Z</time>
      </trkpt>
      <trkpt lat="37.39901" lon="-121.96986">
        <ele>6.99</ele>
        <time>2022-07-17T23:45:11Z</time>
      </trkpt>
      <trkpt lat="37.39905" lon="-121.96988">
        <ele>7.3</ele>
        <time>2022-07-17T23:45:12Z</time>
      </trkpt>
      <trkpt lat="37.3991" lon="-121.9699">
        <ele>7.54</ele>
        <time>2022-07-17T23:45:13Z</time>
      </trkpt>
      <trkpt lat="37.39914" lon="-121.96992">
        <ele>7.17</ele>
        <time>2022-07-17T23:45:14Z</time>
      </trkpt>
      <trkpt lat="37.39919" lon="-121.96995">
        <ele>6.98</ele>
        <time>2022-07-17T23:45:15Z</time>
      </trkpt>
      <trkpt lat="37.39923" lon="-121.96997">
        <ele>7.24</ele>
        <time>2022-07-17T23:45:16Z</time>
      </trkpt>
      <trkpt lat="37.39928" lon="-121.96999">
        <ele>7.74</ele>
        <time>2022-07-17T23:45:17Z</time>
      </trkpt>
      <trkpt lat="37.39932" lon="-121.97">
        <ele>8.0</ele>
        <time>2022-07-17T23:45:18Z</time>
      </trkpt>
      <trkpt lat="37.39937" lon="-121.97002">
        <ele>7.35</ele>
        <time>2022-07-17T23:45:19Z</time>
      </trkpt>
      <trkpt lat="37.39941" lon="-121.97004">
        <ele>6.97</ele>
        <time>2022-07-17T23:45:20Z</time>
      </trkpt>
      <trkpt lat="37.39945" lon="-121.97006">
        <ele>7.25</ele>
        <time>2022-07-17T23:45:21Z</time>
      </trkpt>
      <trkpt lat="37.3995" lon="-121.97008">
        <ele>7.56</ele>
        <time>2022-07-17T23:45:22Z</time>
      </trkpt>
      <trkpt lat="37.39954" lon="-121.9701">
        <ele>7.82</ele>
        <time>2022-07-17T23:45:23Z</time>
      </trkpt>
      <trkpt lat="37.39958" lon="-121.97012">
        <ele>7.36</ele>
        <time>2022-07-17T23:45:24Z</time>
      </trkpt>
      <trkpt lat="37.39961" lon="-121.97013">
        <ele>7.36</ele>
        <time>2022-07-17T23:45:25Z</time>
      </trkpt>
      <trkpt lat="37.39965" lon="-121.97015">
        <ele>7.45</ele>
        <time>2022-07-17T23:45:26Z</time>
      </trkpt>
      <trkpt lat="37.39969" lon="-121.97017">
        <ele>7.62</ele>
        <time>2022-07-17T23:45:27Z</time>
      </trkpt>
      <trkpt lat="37.39973" lon="-121.97018">
        <ele>7.75</ele>
        <time>2022-07-17T23:45:28Z</time>
      </trkpt>
      <trkpt lat="37.39977" lon="-121.9702">
        <ele>7.41</ele>
        <time>2022-07-17T23:45:29Z</time>
      </trkpt>
      <trkpt lat="37.3998" lon="-121.97022">
        <ele>7.1</ele>
        <time>2022-07-17T23:45:30Z</time>
      </trkpt>
      <trkpt lat="37.39984" lon="-121.97023">
        <ele>6.99</ele>
        <time>2022-07-17T23:45:32Z</time>
      </trkpt>
      <trkpt lat="37.39989" lon="-121.97025">
        <ele>7.32</ele>
        <time>2022-07-17T23:45:33Z</time>
      </trkpt>
      <trkpt lat="37.39997" lon="-121.97027">
        <ele>7.78</ele>
        <time>2022-07-17T23:45:34Z</time>
      </trkpt>
      <trkpt lat="37.40003" lon="-121.97028">
        <ele>7.64</ele>
        <time>2022-07-17T23:45:37Z</time>
      </trkpt>
      <trkpt lat="37.40012" lon="-121.97032">
        <ele>6.97</ele>
        <time>2022-07-17T23:45:39Z</time>
      </trkpt>
      <trkpt lat="37.40021" lon="-121.97035">
        <ele>7.44</ele>
        <time>2022-07-17T23:45:41Z</time>
      </trkpt>
      <trkpt lat="37.40028" lon="-121.97037">
        <ele>7.96</ele>
        <time>2022-07-17T23:45:43Z</time>
      </trkpt>
      <trkpt lat="37.4004" lon="-121.9704">
        <ele>6.67</ele>
        <time>2022-07-17T23:45:45Z</time>
      </trkpt>
      <trkpt lat="37.40047" lon="-121.97042">
        <ele>6.61</ele>
        <time>2022-07-17T23:45:47Z</time>
      </trkpt>
      <trkpt lat="37.40055" lon="-121.97045">
        <ele>7.58</ele>
        <time>2022-07-17T23:45:49Z</time>
      </trkpt>
      <trkpt lat="37.40064" lon="-121.97046">
        <ele>6.96</ele>
        <time>2022-07-17T23:45:51Z</time>
      </trkpt>
      <trkpt lat="37.40076" lon="-121.97051">
        <ele>6.51</ele>
        <time>2022-07-17T23:45:53Z</time>
      </trkpt>
      <trkpt lat="37.40082" lon="-121.97055">
        <ele>7.69</ele>
        <time>2022-07-17T23:45:54Z</time>
      </trkpt>
      <trkpt lat="37.4009" lon="-121.97062">
        <ele>6.41</ele>
        <time>2022-07-17T23:45:58Z</time>
      </trkpt>
      <trkpt lat="37.40098" lon="-121.97069">
        <ele>5.68</ele>
        <time>2022-07-17T23:46:00Z</time>
      </trkpt>
      <trkpt lat="37.40107" lon="-121.97076">
        <ele>5.44</ele>
        <time>2022-07-17T23:46:03Z</time>
      </trkpt>
      <trkpt lat="37.40113" lon="-121.9708">
        <ele>5.56</ele>
        <time>2022-07-17T23:46:05Z</time>
      </trkpt>
      <trkpt lat="37.40122" lon="-121.97085">
        <ele>6.14</ele>
        <time>2022-07-17T23:46:07Z</time>
      </trkpt>
      <trkpt lat="37.4013" lon="-121.9709">
        <ele>6.31</ele>
        <time>2022-07-17T23:46:09Z</time>
      </trkpt>
      <trkpt lat="37.40137" lon="-121.97094">
        <ele>6.68</ele>
        <time>2022-07-17T23:46:11Z</time>
      </trkpt>
      <trkpt lat="37.40144" lon="-121.97096">
        <ele>6.43</ele>
        <time>2022-07-17T23:46:12Z</time>
      </trkpt>
      <trkpt lat="37.40152" lon="-121.97096">
        <ele>6.68</ele>
        <time>2022-07-17T23:46:13Z</time>
      </trkpt>
      <trkpt lat="37.40159" lon="-121.97095">
        <ele>7.52</ele>
        <time>2022-07-17T23:46:16Z</time>
      </trkpt>
      <trkpt lat="37.40167" lon="-121.97096">
        <ele>7.6</ele>
        <time>2022-07-17T23:46:18Z</time>
      </trkpt>
      <trkpt lat="37.40174" lon="-121.97102">
        <ele>7.76</ele>
        <time>2022-07-17T23:46:20Z</time>
      </trkpt>
      <trkpt lat="37.40179" lon="-121.97108">
        <ele>6.78</ele>
        <time>2022-07-17T23:46:21Z</time>
      </trkpt>
      <trkpt lat="37.40185" lon="-121.97112">
        <ele>6.88</ele>
        <time>2022-07-17T23:46:23Z</time>
      </trkpt>
      <trkpt lat="37.4019" lon="-121.97117">
        <ele>6.69</ele>
        <time>2022-07-17T23:46:24Z</time>
      </trkpt>
      <trkpt lat="37.40196" lon="-121.97122">
        <ele>6.82</ele>
        <time>2022-07-17T23:46:26Z</time>
      </trkpt>
      <trkpt lat="37.40202" lon="-121.97127">
        <ele>6.38</ele>
        <time>2022-07-17T23:46:27Z</time>
      </trkpt>
      <trkpt lat="37.4021" lon="-121.97134">
        <ele>6.57</ele>
        <time>2022-07-17T23:46:29Z</time>
      </trkpt>
      <trkpt lat="37.40216" lon="-121.97138">
        <ele>6.43</ele>
        <time>2022-07-17T23:46:32Z</time>
      </trkpt>
      <trkpt lat="37.40223" lon="-121.97144">
        <ele>5.95</ele>
        <time>2022-07-17T23:46:33Z</time>
      </trkpt>
      <trkpt lat="37.40229" lon="-121.97149">
        <ele>6.3</ele>
        <time>2022-07-17T23:46:35Z</time>
      </trkpt>
      <trkpt lat="37.40235" lon="-121.97155">
        <ele>6.08</ele>
        <time>2022-07-17T23:46:38Z</time>
      </trkpt>
      <trkpt lat="37.40241" lon="-121.97159">
        <ele>6.68</ele>
        <time>2022-07-17T23:46:39Z</time>
      </trkpt>
      <trkpt lat="37.40251" lon="-121.97168">
        <ele>6.04</ele>
        <time>2022-07-17T23:46:43Z</time>
      </trkpt>
      <trkpt lat="37.40258" lon="-121.97173">
        <ele>5.86</ele>
        <time>2022-07-17T23:46:44Z</time>
      </trkpt>
      <trkpt lat="37.40266" lon="-121.9718">
        <ele>6.22</ele>
        <time>2022-07-17T23:46:45Z</time>
      </trkpt>
      <trkpt lat="37.4027" lon="-121.97183">
        <ele>5.88</ele>
        <time>2022-07-17T23:46:46Z</time>
      </trkpt>
      <trkpt lat="37.40274" lon="-121.97186">
        <ele>6.08</ele>
        <time>2022-07-17T23:46:47Z</time>
      </trkpt>
      <trkpt lat="37.40278" lon="-121.97189">
        <ele>6.2</ele>
        <time>2022-07-17T23:46:48Z</time>
      </trkpt>
      <trkpt lat="37.40281" lon="-121.97192">
        <ele>6.04</ele>
        <time>2022-07-17T23:46:49Z</time>
      </trkpt>
      <trkpt lat="37.40285" lon="-121.97194">
        <ele>6.58</ele>
        <time>2022-07-17T23:46:50Z</time>
      </trkpt>
      <trkpt lat="37.4029" lon="-121.97196">
        <ele>6.72</ele>
        <time>2022-07-17T23:46:51Z</time>
      </trkpt>
      <trkpt lat="37.40295" lon="-121.97197">
        <ele>6.69</ele>
        <time>2022-07-17T23:46:52Z</time>
      </trkpt>
      <trkpt lat="37.40299" lon="-121.97199">
        <ele>6.5</ele>
        <time>2022-07-17T23:46:53Z</time>
      </trkpt>
      <trkpt lat="37.40304" lon="-121.972">
        <ele>6.57</ele>
        <time>2022-07-17T23:46:54Z</time>
      </trkpt>
      <trkpt lat="37.40308" lon="-121.97202">
        <ele>6.67</ele>
        <time>2022-07-17T23:46:55Z</time>
      </trkpt>
      <trkpt lat="37.40313" lon="-121.97206">
        <ele>6.95</ele>
        <time>2022-07-17T23:46:56Z</time>
      </trkpt>
      <trkpt lat="37.40317" lon="-121.97209">
        <ele>6.7</ele>
        <time>2022-07-17T23:46:57Z</time>
      </trkpt>
      <trkpt lat="37.40321" lon="-121.97213">
        <ele>7.0</ele>
        <time>2022-07-17T23:46:58Z</time>
      </trkpt>
      <trkpt lat="37.40325" lon="-121.97217">
        <ele>7.22</ele>
        <time>2022-07-17T23:46:59Z</time>
      </trkpt>
      <trkpt lat="37.4033" lon="-121.9722">
        <ele>6.81</ele>
        <time>2022-07-17T23:47:00Z</time>
      </trkpt>
      <trkpt lat="37.40334" lon="-121.97223">
        <ele>6.87</ele>
        <time>2022-07-17T23:47:01Z</time>
      </trkpt>
      <trkpt lat="37.40338" lon="-121.97227">
        <ele>6.51</ele>
        <time>2022-07-17T23:47:02Z</time>
      </trkpt>
      <trkpt lat="37.40343" lon="-121.97231">
        <ele>6.81</ele>
        <time>2022-07-17T23:47:03Z</time>
      </trkpt>
      <trkpt lat="37.40347" lon="-121.97234">
        <ele>6.31</ele>
        <time>2022-07-17T23:47:04Z</time>
      </trkpt>
      <trkpt lat="37.40353" lon="-121.97237">
        <ele>5.99</ele>
        <time>2022-07-17T23:47:05Z</time>
      </trkpt>
      <trkpt lat="37.40358" lon="-121.9724">
        <ele>5.57</ele>
        <time>2022-07-17T23:47:06Z</time>
      </trkpt>
      <trkpt lat="37.40363" lon="-121.97242">
        <ele>5.18</ele>
        <time>2022-07-17T23:47:07Z</time>
      </trkpt>
      <trkpt lat="37.40368" lon="-121.97245">
        <ele>5.29</ele>
        <time>2022-07-17T23:47:08Z</time>
      </trkpt>
      <trkpt lat="37.40373" lon="-121.97248">
        <ele>5.22</ele>
        <time>2022-07-17T23:47:09Z</time>
      </trkpt>
      <trkpt lat="37.40378" lon="-121.97252">
        <ele>5.61</ele>
        <time>2022-07-17T23:47:10Z</time>
      </trkpt>
      <trkpt lat="37.40399" lon="-121.97269">
        <ele>4.92</ele>
        <time>2022-07-17T23:47:15Z</time>
      </trkpt>
      <trkpt lat="37.40405" lon="-121.97274">
        <ele>4.7</ele>
        <time>2022-07-17T23:47:15Z</time>
      </trkpt>
      <trkpt lat="37.40412" lon="-121.97281">
        <ele>5.2</ele>
        <time>2022-07-17T23:47:16Z</time>
      </trkpt>
      <trkpt lat="37.40418" lon="-121.97287">
        <ele>5.7</ele>
        <time>2022-07-17T23:47:17Z</time>
      </trkpt>
      <trkpt lat="37.40423" lon="-121.97292">
        <ele>5.9</ele>
        <time>2022-07-17T23:47:18Z</time>
      </trkpt>
      <trkpt lat="37.40427" lon="-121.97296">
        <ele>6.67</ele>
        <time>2022-07-17T23:47:19Z</time>
      </trkpt>
      <trkpt lat="37.40431" lon="-121.973">
        <ele>6.12</ele>
        <time>2022-07-17T23:47:20Z</time>
      </trkpt>
      <trkpt lat="37.40434" lon="-121.97305">
        <ele>6.08</ele>
        <time>2022-07-17T23:47:21Z</time>
      </trkpt>
      <trkpt lat="37.40437" lon="-121.97308">
        <ele>6.12</ele>
        <time>2022-07-17T23:47:22Z</time>
      </trkpt>
      <trkpt lat="37.40439" lon="-121.97312">
        <ele>6.57</ele>
        <time>2022-07-17T23:47:23Z</time>
      </trkpt>
      <trkpt lat="37.40442" lon="-121.97314">
        <ele>6.85</ele>
        <time>2022-07-17T23:47:24Z</time>
      </trkpt>
      <trkpt lat="37.40444" lon="-121.97317">
        <ele>6.76</ele>
        <time>2022-07-17T23:47:25Z</time>
      </trkpt>
      <trkpt lat="37.40448" lon="-121.97319">
        <ele>6.3</ele>
        <time>2022-07-17T23:47:26Z</time>
      </trkpt>
      <trkpt lat="37.4045" lon="-121.97322">
        <ele>6.42</ele>
        <time>2022-07-17T23:47:27Z</time>
      </trkpt>
      <trkpt lat="37.40453" lon="-121.97325">
        <ele>6.82</ele>
        <time>2022-07-17T23:47:29Z</time>
      </trkpt>
      <trkpt lat="37.40456" lon="-121.97327">
        <ele>6.76</ele>
        <time>2022-07-17T23:47:30Z</time>
      </trkpt>
      <trkpt lat="37.40465" lon="-121.97333">
        <ele>6.98</ele>
        <time>2022-07-17T23:47:32Z</time>
      </trkpt>
      <trkpt lat="37.40469" lon="-121.97339">
        <ele>6.57</ele>
        <time>2022-07-17T23:47:33Z</time>
      </trkpt>
      <trkpt lat="37.40476" lon="-121.97345">
        <ele>6.43</ele>
        <time>2022-07-17T23:47:36Z</time>
      </trkpt>
      <trkpt lat="37.40481" lon="-121.97349">
        <ele>6.24</ele>
        <time>2022-07-17T23:47:37Z</time>
      </trkpt>
      <trkpt lat="37.40492" lon="-121.97357">
        <ele>6.4</ele>
        <time>2022-07-17T23:47:41Z</time>
      </trkpt>
      <trkpt lat="37.40499" lon="-121.97362">
        <ele>6.7</ele>
        <time>2022-07-17T23:47:42Z</time>
      </trkpt>
      <trkpt lat="37.40507" lon="-121.97369">
        <ele>6.36</ele>
        <time>2022-07-17T23:47:45Z</time>
      </trkpt>
      <trkpt lat="37.40516" lon="-121.97377">
        <ele>5.69</ele>
        <time>2022-07-17T23:47:47Z</time>
      </trkpt>
      <trkpt lat="37.40524" lon="-121.97383">
        <ele>6.08</ele>
        <time>2022-07-17T23:47:49Z</time>
      </trkpt>
      <trkpt lat="37.40533" lon="-121.9739">
        <ele>6.39</ele>
        <time>2022-07-17T23:47:52Z</time>
      </trkpt>
      <trkpt lat="37.40539" lon="-121.97395">
        <ele>6.34</ele>
        <time>2022-07-17T23:47:55Z</time>
      </trkpt>
      <trkpt lat="37.40546" lon="-121.974">
        <ele>6.56</ele>
        <time>2022-07-17T23:47:57Z</time>
      </trkpt>
      <trkpt lat="37.40554" lon="-121.97405">
        <ele>6.32</ele>
        <time>2022-07-17T23:47:59Z</time>
      </trkpt>
      <trkpt lat="37.4056" lon="-121.97411">
        <ele>6.3</ele>
        <time>2022-07-17T23:48:01Z</time>
      </trkpt>
      <trkpt lat="37.40568" lon="-121.97417">
        <ele>6.92</ele>
        <time>2022-07-17T23:48:03Z</time>
      </trkpt>
      <trkpt lat="37.40575" lon="-121.97422">
        <ele>6.35</ele>
        <time>2022-07-17T23:48:05Z</time>
      </trkpt>
      <trkpt lat="37.40581" lon="-121.97429">
        <ele>5.84</ele>
        <time>2022-07-17T23:48:07Z</time>
      </trkpt>
      <trkpt lat="37.40589" lon="-121.97435">
        <ele>5.83</ele>
        <time>2022-07-17T23:48:08Z</time>
      </trkpt>
      <trkpt lat="37.40595" lon="-121.9744">
        <ele>5.98</ele>
        <time>2022-07-17T23:48:09Z</time>
      </trkpt>
      <trkpt lat="37.40599" lon="-121.97443">
        <ele>6.26</ele>
        <time>2022-07-17T23:48:10Z</time>
      </trkpt>
      <trkpt lat="37.40603" lon="-121.97446">
        <ele>6.6</ele>
        <time>2022-07-17T23:48:11Z</time>
      </trkpt>
      <trkpt lat="37.40607" lon="-121.9745">
        <ele>6.24</ele>
        <time>2022-07-17T23:48:12Z</time>
      </trkpt>
      <trkpt lat="37.40611" lon="-121.97453">
        <ele>6.9</ele>
        <time>2022-07-17T23:48:13Z</time>
      </trkpt>
      <trkpt lat="37.40615" lon="-121.97456">
        <ele>6.15</ele>
        <time>2022-07-17T23:48:15Z</time>
      </trkpt>
      <trkpt lat="37.40624" lon="-121.97464">
        <ele>5.86</ele>
        <time>2022-07-17T23:48:16Z</time>
      </trkpt>
      <trkpt lat="37.40629" lon="-121.9747">
        <ele>5.9</ele>
        <time>2022-07-17T23:48:18Z</time>
      </trkpt>
      <trkpt lat="37.40635" lon="-121.97477">
        <ele>5.57</ele>
        <time>2022-07-17T23:48:19Z</time>
      </trkpt>
      <trkpt lat="37.4064" lon="-121.97481">
        <ele>5.98</ele>
        <time>2022-07-17T23:48:22Z</time>
      </trkpt>
      <trkpt lat="37.40648" lon="-121.9749">
        <ele>6.88</ele>
        <time>2022-07-17T23:48:24Z</time>
      </trkpt>
      <trkpt lat="37.40653" lon="-121.97498">
        <ele>5.77</ele>
        <time>2022-07-17T23:48:25Z</time>
      </trkpt>
      <trkpt lat="37.4066" lon="-121.97508">
        <ele>5.68</ele>
        <time>2022-07-17T23:48:28Z</time>
      </trkpt>
      <trkpt lat="37.40664" lon="-121.97517">
        <ele>5.59</ele>
        <time>2022-07-17T23:48:30Z</time>
      </trkpt>
      <trkpt lat="37.40669" lon="-121.97526">
        <ele>4.99</ele>
        <time>2022-07-17T23:48:31Z</time>
      </trkpt>
      <trkpt lat="37.40674" lon="-121.97532">
        <ele>6.01</ele>
        <time>2022-07-17T23:48:33Z</time>
      </trkpt>
      <trkpt lat="37.40678" lon="-121.97543">
        <ele>5.07</ele>
        <time>2022-07-17T23:48:35Z</time>
      </trkpt>
      <trkpt lat="37.40682" lon="-121.97552">
        <ele>5.56</ele>
        <time>2022-07-17T23:48:38Z</time>
      </trkpt>
      <trkpt lat="37.40687" lon="-121.97559">
        <ele>5.35</ele>
        <time>2022-07-17T23:48:40Z</time>
      </trkpt>
      <trkpt lat="37.40692" lon="-121.9757">
        <ele>5.8</ele>
        <time>2022-07-17T23:48:42Z</time>
      </trkpt>
      <trkpt lat="37.40696" lon="-121.97578">
        <ele>5.27</ele>
        <time>2022-07-17T23:48:44Z</time>
      </trkpt>
      <trkpt lat="37.40699" lon="-121.97586">
        <ele>5.33</ele>
        <time>2022-07-17T23:48:46Z</time>
      </trkpt>
      <trkpt lat="37.40706" lon="-121.97599">
        <ele>5.05</ele>
        <time>2022-07-17T23:48:49Z</time>
      </trkpt>
      <trkpt lat="37.40711" lon="-121.97606">
        <ele>6.01</ele>
        <time>2022-07-17T23:48:50Z</time>
      </trkpt>
      <trkpt lat="37.40714" lon="-121.97614">
        <ele>5.48</ele>
        <time>2022-07-17T23:48:52Z</time>
      </trkpt>
      <trkpt lat="37.40719" lon="-121.97625">
        <ele>5.63</ele>
        <time>2022-07-17T23:48:53Z</time>
      </trkpt>
      <trkpt lat="37.40723" lon="-121.97631">
        <ele>5.74</ele>
        <time>2022-07-17T23:48:56Z</time>
      </trkpt>
      <trkpt lat="37.40727" lon="-121.97639">
        <ele>5.54</ele>
        <time>2022-07-17T23:48:57Z</time>
      </trkpt>
      <trkpt lat="37.4073" lon="-121.97647">
        <ele>5.78</ele>
        <time>2022-07-17T23:48:59Z</time>
      </trkpt>
      <trkpt lat="37.40734" lon="-121.97656">
        <ele>4.95</ele>
        <time>2022-07-17T23:49:00Z</time>
      </trkpt>
      <trkpt lat="37.40739" lon="-121.97662">
        <ele>6.03</ele>
        <time>2022-07-17T23:49:02Z</time>
      </trkpt>
      <trkpt lat="37.40744" lon="-121.97674">
        <ele>5.77</ele>
        <time>2022-07-17T23:49:04Z</time>
      </trkpt>
      <trkpt lat="37.40751" lon="-121.97684">
        <ele>6.85</ele>
        <time>2022-07-17T23:49:07Z</time>
      </trkpt>
      <trkpt lat="37.40756" lon="-121.97692">
        <ele>6.31</ele>
        <time>2022-07-17T23:49:09Z</time>
      </trkpt>
      <trkpt lat="37.4076" lon="-121.97699">
        <ele>6.8</ele>
        <time>2022-07-17T23:49:09Z</time>
      </trkpt>
      <trkpt lat="37.40762" lon="-121.97705">
        <ele>6.51</ele>
        <time>2022-07-17T23:49:10Z</time>
      </trkpt>
      <trkpt lat="37.40765" lon="-121.9771">
        <ele>5.86</ele>
        <time>2022-07-17T23:49:11Z</time>
      </trkpt>
      <trkpt lat="37.40768" lon="-121.97715">
        <ele>5.93</ele>
        <time>2022-07-17T23:49:12Z</time>
      </trkpt>
      <trkpt lat="37.40772" lon="-121.97721">
        <ele>5.57</ele>
        <time>2022-07-17T23:49:13Z</time>
      </trkpt>
      <trkpt lat="37.40776" lon="-121.97727">
        <ele>5.93</ele>
        <time>2022-07-17T23:49:14Z</time>
      </trkpt>
      <trkpt lat="37.4078" lon="-121.97733">
        <ele>6.32</ele>
        <time>2022-07-17T23:49:15Z</time>
      </trkpt>
      <trkpt lat="37.40784" lon="-121.97739">
        <ele>5.53</ele>
        <time>2022-07-17T23:49:16Z</time>
      </trkpt>
      <trkpt lat="37.40788" lon="-121.97746">
        <ele>5.82</ele>
        <time>2022-07-17T23:49:17Z</time>
      </trkpt>
      <trkpt lat="37.40792" lon="-121.97753">
        <ele>5.42</ele>
        <time>2022-07-17T23:49:18Z</time>
      </trkpt>
      <trkpt lat="37.40796" lon="-121.97759">
        <ele>5.01</ele>
        <time>2022-07-17T23:49:19Z</time>
      </trkpt>
      <trkpt lat="37.408" lon="-121.97766">
        <ele>5.36</ele>
        <time>2022-07-17T23:49:20Z</time>
      </trkpt>
      <trkpt lat="37.40806" lon="-121.9778">
        <ele>6.06</ele>
        <time>2022-07-17T23:49:22Z</time>
      </trkpt>
      <trkpt lat="37.40812" lon="-121.97795">
        <ele>5.51</ele>
        <time>2022-07-17T23:49:25Z</time>
      </trkpt>
      <trkpt lat="37.40815" lon="-121.978">
        <ele>5.74</ele>
        <time>2022-07-17T23:49:25Z</time>
      </trkpt>
      <trkpt lat="37.40819" lon="-121.97805">
        <ele>5.52</ele>
        <time>2022-07-17T23:49:26Z</time>
      </trkpt>
      <trkpt lat="37.40821" lon="-121.97811">
        <ele>5.19</ele>
        <time>2022-07-17T23:49:27Z</time>
      </trkpt>
      <trkpt lat="37.40823" lon="-121.97817">
        <ele>5.24</ele>
        <time>2022-07-17T23:49:28Z</time>
      </trkpt>
      <trkpt lat="37.40825" lon="-121.97822">
        <ele>5.65</ele>
        <time>2022-07-17T23:49:29Z</time>
      </trkpt>
      <trkpt lat="37.40828" lon="-121.97827">
        <ele>5.53</ele>
        <time>2022-07-17T23:49:30Z</time>
      </trkpt>
      <trkpt lat="37.4083" lon="-121.97831">
        <ele>5.57</ele>
        <time>2022-07-17T23:49:31Z</time>
      </trkpt>
      <trkpt lat="37.40832" lon="-121.97834">
        <ele>5.84</ele>
        <time>2022-07-17T23:49:32Z</time>
      </trkpt>
      <trkpt lat="37.40834" lon="-121.97838">
        <ele>5.93</ele>
        <time>2022-07-17T23:49:33Z</time>
      </trkpt>
      <trkpt lat="37.40837" lon="-121.97841">
        <ele>5.86</ele>
        <time>2022-07-17T23:49:34Z</time>
      </trkpt>
      <trkpt lat="37.4084" lon="-121.97846">
        <ele>5.69</ele>
        <time>2022-07-17T23:49:35Z</time>
      </trkpt>
      <trkpt lat="37.40843" lon="-121.97849">
        <ele>5.97</ele>
        <time>2022-07-17T23:49:36Z</time>
      </trkpt>
      <trkpt lat="37.40845" lon="-121.97852">
        <ele>5.98</ele>
        <time>2022-07-17T23:49:37Z</time>
      </trkpt>
      <trkpt lat="37.40848" lon="-121.97854">
        <ele>5.81</ele>
        <time>2022-07-17T23:49:39Z</time>
      </trkpt>
      <trkpt lat="37.40852" lon="-121.97861">
        <ele>6.0</ele>
        <time>2022-07-17T23:49:40Z</time>
      </trkpt>
      <trkpt lat="37.40857" lon="-121.97867">
        <ele>5.44</ele>
        <time>2022-07-17T23:49:42Z</time>
      </trkpt>
      <trkpt lat="37.40864" lon="-121.97873">
        <ele>5.61</ele>
        <time>2022-07-17T23:49:44Z</time>
      </trkpt>
      <trkpt lat="37.40871" lon="-121.97878">
        <ele>5.98</ele>
        <time>2022-07-17T23:49:46Z</time>
      </trkpt>
      <trkpt lat="37.40878" lon="-121.97883">
        <ele>5.57</ele>
        <time>2022-07-17T23:49:48Z</time>
      </trkpt>
      <trkpt lat="37.40885" lon="-121.97888">
        <ele>5.56</ele>
        <time>2022-07-17T23:49:50Z</time>
      </trkpt>
      <trkpt lat="37.40894" lon="-121.97892">
        <ele>5.51</ele>
        <time>2022-07-17T23:49:52Z</time>
      </trkpt>
      <trkpt lat="37.40901" lon="-121.97895">
        <ele>5.44</ele>
        <time>2022-07-17T23:49:53Z</time>
      </trkpt>
      <trkpt lat="37.40908" lon="-121.97898">
        <ele>5.98</ele>
        <time>2022-07-17T23:49:55Z</time>
      </trkpt>
      <trkpt lat="37.40913" lon="-121.97901">
        <ele>5.45</ele>
        <time>2022-07-17T23:49:56Z</time>
      </trkpt>
      <trkpt lat="37.4092" lon="-121.97902">
        <ele>5.52</ele>
        <time>2022-07-17T23:49:58Z</time>
      </trkpt>
      <trkpt lat="37.40929" lon="-121.97904">
        <ele>5.51</ele>
        <time>2022-07-17T23:50:00Z</time>
      </trkpt>
      <trkpt lat="37.40936" lon="-121.97907">
        <ele>5.91</ele>
        <time>2022-07-17T23:50:02Z</time>
      </trkpt>
      <trkpt lat="37.40945" lon="-121.9791">
        <ele>5.46</ele>
        <time>2022-07-17T23:50:03Z</time>
      </trkpt>
      <trkpt lat="37.40951" lon="-121.97913">
        <ele>5.22</ele>
        <time>2022-07-17T23:50:06Z</time>
      </trkpt>
      <trkpt lat="37.40965" lon="-121.97915">
        <ele>5.82</ele>
        <time>2022-07-17T23:50:07Z</time>
      </trkpt>
      <trkpt lat="37.40975" lon="-121.97915">
        <ele>5.77</ele>
        <time>2022-07-17T23:50:09Z</time>
      </trkpt>
      <trkpt lat="37.40981" lon="-121.97916">
        <ele>5.86</ele>
        <time>2022-07-17T23:50:12Z</time>
      </trkpt>
      <trkpt lat="37.40992" lon="-121.97918">
        <ele>5.88</ele>
        <time>2022-07-17T23:50:13Z</time>
      </trkpt>
      <trkpt lat="37.40998" lon="-121.9792">
        <ele>5.5</ele>
        <time>2022-07-17T23:50:14Z</time>
      </trkpt>
      <trkpt lat="37.41003" lon="-121.97921">
        <ele>5.3</ele>
        <time>2022-07-17T23:50:15Z</time>
      </trkpt>
      <trkpt lat="37.41008" lon="-121.97921">
        <ele>5.01</ele>
        <time>2022-07-17T23:50:16Z</time>
      </trkpt>
      <trkpt lat="37.41014" lon="-121.97921">
        <ele>4.94</ele>
        <time>2022-07-17T23:50:17Z</time>
      </trkpt>
      <trkpt lat="37.41021" lon="-121.97922">
        <ele>4.88</ele>
        <time>2022-07-17T23:50:18Z</time>
      </trkpt>
      <trkpt lat="37.41027" lon="-121.97922">
        <ele>4.24</ele>
        <time>2022-07-17T23:50:19Z</time>
      </trkpt>
      <trkpt lat="37.41033" lon="-121.97923">
        <ele>3.98</ele>
        <time>2022-07-17T23:50:20Z</time>
      </trkpt>
      <trkpt lat="37.4104" lon="-121.97923">
        <ele>3.58</ele>
        <time>2022-07-17T23:50:21Z</time>
      </trkpt>
      <trkpt lat="37.41046" lon="-121.97924">
        <ele>3.59</ele>
        <time>2022-07-17T23:50:22Z</time>
      </trkpt>
      <trkpt lat="37.41053" lon="-121.97926">
        <ele>4.02</ele>
        <time>2022-07-17T23:50:23Z</time>
      </trkpt>
      <trkpt lat="37.4106" lon="-121.97927">
        <ele>3.7</ele>
        <time>2022-07-17T23:50:24Z</time>
      </trkpt>
      <trkpt lat="37.41067" lon="-121.9793">
        <ele>3.44</ele>
        <time>2022-07-17T23:50:25Z</time>
      </trkpt>
      <trkpt lat="37.41073" lon="-121.97934">
        <ele>3.87</ele>
        <time>2022-07-17T23:50:26Z</time>
      </trkpt>
      <trkpt lat="37.41078" lon="-121.9794">
        <ele>4.4</ele>
        <time>2022-07-17T23:50:27Z</time>
      </trkpt>
      <trkpt lat="37.41083" lon="-121.97944">
        <ele>4.02</ele>
        <time>2022-07-17T23:50:28Z</time>
      </trkpt>
      <trkpt lat="37.41087" lon="-121.97948">
        <ele>4.77</ele>
        <time>2022-07-17T23:50:29Z</time>
      </trkpt>
      <trkpt lat="37.41092" lon="-121.9795">
        <ele>5.2</ele>
        <time>2022-07-17T23:50:30Z</time>
      </trkpt>
      <trkpt lat="37.41096" lon="-121.97952">
        <ele>5.63</ele>
        <time>2022-07-17T23:50:31Z</time>
      </trkpt>
      <trkpt lat="37.411" lon="-121.97953">
        <ele>5.85</ele>
        <time>2022-07-17T23:50:32Z</time>
      </trkpt>
      <trkpt lat="37.41103" lon="-121.97954">
        <ele>5.97</ele>
        <time>2022-07-17T23:50:33Z</time>
      </trkpt>
      <trkpt lat="37.41107" lon="-121.97955">
        <ele>5.94</ele>
        <time>2022-07-17T23:50:34Z</time>
      </trkpt>
      <trkpt lat="37.41111" lon="-121.97956">
        <ele>6.0</ele>
        <time>2022-07-17T23:50:35Z</time>
      </trkpt>
      <trkpt lat="37.41115" lon="-121.97957">
        <ele>6.0</ele>
        <time>2022-07-17T23:50:36Z</time>
      </trkpt>
      <trkpt lat="37.41119" lon="-121.97958">
        <ele>6.0</ele>
        <time>2022-07-17T23:50:37Z</time>
      </trkpt>
      <trkpt lat="37.41122" lon="-121.97959">
        <ele>5.92</ele>
        <time>2022-07-17T23:50:38Z</time>
      </trkpt>
      <trkpt lat="37.41125" lon="-121.97961">
        <ele>5.89</ele>
        <time>2022-07-17T23:50:40Z</time>
      </trkpt>
      <trkpt lat="37.41131" lon="-121.97963">
        <ele>5.99</ele>
        <time>2022-07-17T23:50:42Z</time>
      </trkpt>
      <trkpt lat="37.41139" lon="-121.97964">
        <ele>5.77</ele>
        <time>2022-07-17T23:50:43Z</time>
      </trkpt>
      <trkpt lat="37.41145" lon="-121.97964">
        <ele>5.7</ele>
        <time>2022-07-17T23:50:44Z</time>
      </trkpt>
      <trkpt lat="37.41153" lon="-121.97965">
        <ele>5.46</ele>
        <time>2022-07-17T23:50:46Z</time>
      </trkpt>
      <trkpt lat="37.41161" lon="-121.97967">
        <ele>5.08</ele>
        <time>2022-07-17T23:50:48Z</time>
      </trkpt>
      <trkpt lat="37.41169" lon="-121.97968">
        <ele>5.02</ele>
        <time>2022-07-17T23:50:50Z</time>
      </trkpt>
      <trkpt lat="37.41179" lon="-121.97971">
        <ele>5.98</ele>
        <time>2022-07-17T23:50:52Z</time>
      </trkpt>
      <trkpt lat="37.41186" lon="-121.97973">
        <ele>6.68</ele>
        <time>2022-07-17T23:50:54Z</time>
      </trkpt>
      <trkpt lat="37.41192" lon="-121.97975">
        <ele>6.03</ele>
        <time>2022-07-17T23:50:56Z</time>
      </trkpt>
      <trkpt lat="37.412" lon="-121.97977">
        <ele>6.33</ele>
        <time>2022-07-17T23:50:59Z</time>
      </trkpt>
      <trkpt lat="37.41207" lon="-121.97979">
        <ele>7.2</ele>
        <time>2022-07-17T23:51:01Z</time>
      </trkpt>
      <trkpt lat="37.41213" lon="-121.9798">
        <ele>7.52</ele>
        <time>2022-07-17T23:51:04Z</time>
      </trkpt>
      <trkpt lat="37.4122" lon="-121.97981">
        <ele>7.08</ele>
        <time>2022-07-17T23:51:06Z</time>
      </trkpt>
      <trkpt lat="37.41227" lon="-121.97982">
        <ele>6.83</ele>
        <time>2022-07-17T23:51:06Z</time>
      </trkpt>
      <trkpt lat="37.41232" lon="-121.97983">
        <ele>6.47</ele>
        <time>2022-07-17T23:51:07Z</time>
      </trkpt>
      <trkpt lat="37.41238" lon="-121.97984">
        <ele>5.86</ele>
        <time>2022-07-17T23:51:08Z</time>
      </trkpt>
      <trkpt lat="37.41244" lon="-121.97986">
        <ele>5.5</ele>
        <time>2022-07-17T23:51:09Z</time>
      </trkpt>
      <trkpt lat="37.4125" lon="-121.97987">
        <ele>5.6</ele>
        <time>2022-07-17T23:51:10Z</time>
      </trkpt>
      <trkpt lat="37.41256" lon="-121.97989">
        <ele>5.69</ele>
        <time>2022-07-17T23:51:11Z</time>
      </trkpt>
      <trkpt lat="37.41261" lon="-121.9799">
        <ele>5.82</ele>
        <time>2022-07-17T23:51:12Z</time>
      </trkpt>
      <trkpt lat="37.41266" lon="-121.97991">
        <ele>5.94</ele>
        <time>2022-07-17T23:51:13Z</time>
      </trkpt>
      <trkpt lat="37.41272" lon="-121.97993">
        <ele>5.6</ele>
        <time>2022-07-17T23:51:14Z</time>
      </trkpt>
      <trkpt lat="37.41277" lon="-121.97994">
        <ele>5.62</ele>
        <time>2022-07-17T23:51:15Z</time>
      </trkpt>
      <trkpt lat="37.41283" lon="-121.97995">
        <ele>5.19</ele>
        <time>2022-07-17T23:51:16Z</time>
      </trkpt>
      <trkpt lat="37.41288" lon="-121.97996">
        <ele>5.14</ele>
        <time>2022-07-17T23:51:17Z</time>
      </trkpt>
      <trkpt lat="37.41293" lon="-121.97997">
        <ele>5.35</ele>
        <time>2022-07-17T23:51:18Z</time>
      </trkpt>
      <trkpt lat="37.41298" lon="-121.97999">
        <ele>5.76</ele>
        <time>2022-07-17T23:51:19Z</time>
      </trkpt>
      <trkpt lat="37.41303" lon="-121.98">
        <ele>6.0</ele>
        <time>2022-07-17T23:51:20Z</time>
      </trkpt>
      <trkpt lat="37.41308" lon="-121.98001">
        <ele>5.73</ele>
        <time>2022-07-17T23:51:21Z</time>
      </trkpt>
      <trkpt lat="37.41313" lon="-121.98002">
        <ele>5.7</ele>
        <time>2022-07-17T23:51:22Z</time>
      </trkpt>
      <trkpt lat="37.41318" lon="-121.98003">
        <ele>5.55</ele>
        <time>2022-07-17T23:51:23Z</time>
      </trkpt>
      <trkpt lat="37.41322" lon="-121.98004">
        <ele>5.46</ele>
        <time>2022-07-17T23:51:24Z</time>
      </trkpt>
      <trkpt lat="37.41327" lon="-121.98005">
        <ele>5.39</ele>
        <time>2022-07-17T23:51:25Z</time>
      </trkpt>
      <trkpt lat="37.41332" lon="-121.98007">
        <ele>5.55</ele>
        <time>2022-07-17T23:51:26Z</time>
      </trkpt>
      <trkpt lat="37.41337" lon="-121.98008">
        <ele>5.67</ele>
        <time>2022-07-17T23:51:27Z</time>
      </trkpt>
      <trkpt lat="37.41341" lon="-121.98009">
        <ele>5.92</ele>
        <time>2022-07-17T23:51:28Z</time>
      </trkpt>
      <trkpt lat="37.41346" lon="-121.9801">
        <ele>5.82</ele>
        <time>2022-07-17T23:51:29Z</time>
      </trkpt>
      <trkpt lat="37.41351" lon="-121.98011">
        <ele>5.78</ele>
        <time>2022-07-17T23:51:30Z</time>
      </trkpt>
      <trkpt lat="37.41356" lon="-121.98013">
        <ele>5.51</ele>
        <time>2022-07-17T23:51:31Z</time>
      </trkpt>
      <trkpt lat="37.41361" lon="-121.98014">
        <ele>5.51</ele>
        <time>2022-07-17T23:51:32Z</time>
      </trkpt>
      <trkpt lat="37.41366" lon="-121.98015">
        <ele>5.42</ele>
        <time>2022-07-17T23:51:33Z</time>
      </trkpt>
      <trkpt lat="37.41371" lon="-121.98017">
        <ele>5.66</ele>
        <time>2022-07-17T23:51:34Z</time>
      </trkpt>
      <trkpt lat="37.41376" lon="-121.98018">
        <ele>5.85</ele>
        <time>2022-07-17T23:51:35Z</time>
      </trkpt>
      <trkpt lat="37.41381" lon="-121.9802">
        <ele>5.6</ele>
        <time>2022-07-17T23:51:36Z</time>
      </trkpt>
      <trkpt lat="37.41386" lon="-121.98021">
        <ele>5.33</ele>
        <time>2022-07-17T23:51:37Z</time>
      </trkpt>
      <trkpt lat="37.41391" lon="-121.98021">
        <ele>5.21</ele>
        <time>2022-07-17T23:51:38Z</time>
      </trkpt>
      <trkpt lat="37.41396" lon="-121.98021">
        <ele>5.06</ele>
        <time>2022-07-17T23:51:39Z</time>
      </trkpt>
      <trkpt lat="37.41402" lon="-121.98021">
        <ele>4.7</ele>
        <time>2022-07-17T23:51:40Z</time>
      </trkpt>
      <trkpt lat="37.41409" lon="-121.98021">
        <ele>4.14</ele>
        <time>2022-07-17T23:51:41Z</time>
      </trkpt>
      <trkpt lat="37.41417" lon="-121.98021">
        <ele>3.54</ele>
        <time>2022-07-17T23:51:42Z</time>
      </trkpt>
      <trkpt lat="37.41424" lon="-121.98022">
        <ele>3.75</ele>
        <time>2022-07-17T23:51:43Z</time>
      </trkpt>
      <trkpt lat="37.41431" lon="-121.98023">
        <ele>3.42</ele>
        <time>2022-07-17T23:51:44Z</time>
      </trkpt>
      <trkpt lat="37.41438" lon="-121.98024">
        <ele>3.13</ele>
        <time>2022-07-17T23:51:45Z</time>
      </trkpt>
      <trkpt lat="37.41444" lon="-121.98026">
        <ele>3.03</ele>
        <time>2022-07-17T23:51:46Z</time>
      </trkpt>
      <trkpt lat="37.41451" lon="-121.98028">
        <ele>3.08</ele>
        <time>2022-07-17T23:51:47Z</time>
      </trkpt>
      <trkpt lat="37.41457" lon="-121.98029">
        <ele>3.3</ele>
        <time>2022-07-17T23:51:48Z</time>
      </trkpt>
      <trkpt lat="37.41464" lon="-121.9803">
        <ele>3.21</ele>
        <time>2022-07-17T23:51:49Z</time>
      </trkpt>
      <trkpt lat="37.41471" lon="-121.98032">
        <ele>3.06</ele>
        <time>2022-07-17T23:51:50Z</time>
      </trkpt>
      <trkpt lat="37.41477" lon="-121.98033">
        <ele>3.0</ele>
        <time>2022-07-17T23:51:51Z</time>
      </trkpt>
      <trkpt lat="37.41484" lon="-121.98035">
        <ele>3.0</ele>
        <time>2022-07-17T23:51:52Z</time>
      </trkpt>
      <trkpt lat="37.41491" lon="-121.98037">
        <ele>3.0</ele>
        <time>2022-07-17T23:51:53Z</time>
      </trkpt>
      <trkpt lat="37.41498" lon="-121.98038">
        <ele>3.13</ele>
        <time>2022-07-17T23:51:54Z</time>
      </trkpt>
      <trkpt lat="37.41504" lon="-121.9804">
        <ele>3.18</ele>
        <time>2022-07-17T23:51:55Z</time>
      </trkpt>
      <trkpt lat="37.4151" lon="-121.98042">
        <ele>3.0</ele>
        <time>2022-07-17T23:51:56Z</time>
      </trkpt>
      <trkpt lat="37.41517" lon="-121.98044">
        <ele>3.0</ele>
        <time>2022-07-17T23:51:57Z</time>
      </trkpt>
      <trkpt lat="37.41523" lon="-121.98046">
        <ele>3.47</ele>
        <time>2022-07-17T23:51:58Z</time>
      </trkpt>
      <trkpt lat="37.41528" lon="-121.98049">
        <ele>4.56</ele>
        <time>2022-07-17T23:51:59Z</time>
      </trkpt>
      <trkpt lat="37.41533" lon="-121.98051">
        <ele>4.45</ele>
        <time>2022-07-17T23:52:00Z</time>
      </trkpt>
      <trkpt lat="37.41538" lon="-121.98053">
        <ele>4.45</ele>
        <time>2022-07-17T23:52:01Z</time>
      </trkpt>
      <trkpt lat="37.41542" lon="-121.98055">
        <ele>4.88</ele>
        <time>2022-07-17T23:52:02Z</time>
      </trkpt>
      <trkpt lat="37.41545" lon="-121.98056">
        <ele>5.0</ele>
        <time>2022-07-17T23:52:03Z</time>
      </trkpt>
      <trkpt lat="37.41548" lon="-121.98059">
        <ele>5.0</ele>
        <time>2022-07-17T23:52:05Z</time>
      </trkpt>
      <trkpt lat="37.41548" lon="-121.98063">
        <ele>5.0</ele>
        <time>2022-07-17T23:52:08Z</time>
      </trkpt>
      <trkpt lat="37.41545" lon="-121.98065">
        <ele>4.98</ele>
        <time>2022-07-17T23:52:10Z</time>
      </trkpt>
      <trkpt lat="37.4154" lon="-121.98062">
        <ele>5.0</ele>
        <time>2022-07-17T23:52:12Z</time>
      </trkpt>
      <trkpt lat="37.41535" lon="-121.98059">
        <ele>4.97</ele>
        <time>2022-07-17T23:52:17Z</time>
      </trkpt>
      <trkpt lat="37.41533" lon="-121.98058">
        <ele>5.09</ele>
        <time>2022-07-17T23:52:41Z</time>
      </trkpt>
      <trkpt lat="37.41528" lon="-121.98057">
        <ele>5.52</ele>
        <time>2022-07-17T23:52:43Z</time>
      </trkpt>
      <trkpt lat="37.41519" lon="-121.98057">
        <ele>5.98</ele>
        <time>2022-07-17T23:52:47Z</time>
      </trkpt>
      <trkpt lat="37.41512" lon="-121.9806">
        <ele>6.0</ele>
        <time>2022-07-17T23:52:49Z</time>
      </trkpt>
      <trkpt lat="37.41506" lon="-121.98062">
        <ele>5.86</ele>
        <time>2022-07-17T23:52:52Z</time>
      </trkpt>
      <trkpt lat="37.41502" lon="-121.9807">
        <ele>5.22</ele>
        <time>2022-07-17T23:52:55Z</time>
      </trkpt>
      <trkpt lat="37.41496" lon="-121.98089">
        <ele>4.96</ele>
        <time>2022-07-17T23:52:57Z</time>
      </trkpt>
      <trkpt lat="37.41496" lon="-121.98081">
        <ele>5.53</ele>
        <time>2022-07-17T23:52:57Z</time>
      </trkpt>
      <trkpt lat="37.41491" lon="-121.98098">
        <ele>4.56</ele>
        <time>2022-07-17T23:52:58Z</time>
      </trkpt>
      <trkpt lat="37.41489" lon="-121.98104">
        <ele>4.77</ele>
        <time>2022-07-17T23:52:59Z</time>
      </trkpt>
      <trkpt lat="37.41486" lon="-121.9811">
        <ele>4.12</ele>
        <time>2022-07-17T23:53:00Z</time>
      </trkpt>
      <trkpt lat="37.41483" lon="-121.98117">
        <ele>3.9</ele>
        <time>2022-07-17T23:53:01Z</time>
      </trkpt>
      <trkpt lat="37.41479" lon="-121.98124">
        <ele>4.16</ele>
        <time>2022-07-17T23:53:02Z</time>
      </trkpt>
      <trkpt lat="37.41476" lon="-121.98132">
        <ele>3.9</ele>
        <time>2022-07-17T23:53:03Z</time>
      </trkpt>
      <trkpt lat="37.41472" lon="-121.98139">
        <ele>4.02</ele>
        <time>2022-07-17T23:53:04Z</time>
      </trkpt>
      <trkpt lat="37.41468" lon="-121.98146">
        <ele>4.11</ele>
        <time>2022-07-17T23:53:05Z</time>
      </trkpt>
      <trkpt lat="37.41465" lon="-121.98153">
        <ele>3.88</ele>
        <time>2022-07-17T23:53:06Z</time>
      </trkpt>
      <trkpt lat="37.41462" lon="-121.9816">
        <ele>4.07</ele>
        <time>2022-07-17T23:53:07Z</time>
      </trkpt>
      <trkpt lat="37.41458" lon="-121.98167">
        <ele>3.98</ele>
        <time>2022-07-17T23:53:08Z</time>
      </trkpt>
      <trkpt lat="37.41455" lon="-121.98174">
        <ele>3.89</ele>
        <time>2022-07-17T23:53:09Z</time>
      </trkpt>
      <trkpt lat="37.41452" lon="-121.98181">
        <ele>4.08</ele>
        <time>2022-07-17T23:53:10Z</time>
      </trkpt>
      <trkpt lat="37.41449" lon="-121.98188">
        <ele>3.7</ele>
        <time>2022-07-17T23:53:11Z</time>
      </trkpt>
      <trkpt lat="37.41446" lon="-121.98195">
        <ele>3.05</ele>
        <time>2022-07-17T23:53:12Z</time>
      </trkpt>
      <trkpt lat="37.41443" lon="-121.98202">
        <ele>3.87</ele>
        <time>2022-07-17T23:53:13Z</time>
      </trkpt>
      <trkpt lat="37.4144" lon="-121.98208">
        <ele>3.78</ele>
        <time>2022-07-17T23:53:14Z</time>
      </trkpt>
      <trkpt lat="37.41437" lon="-121.98215">
        <ele>3.33</ele>
        <time>2022-07-17T23:53:15Z</time>
      </trkpt>
      <trkpt lat="37.41434" lon="-121.98221">
        <ele>3.9</ele>
        <time>2022-07-17T23:53:16Z</time>
      </trkpt>
      <trkpt lat="37.41431" lon="-121.98227">
        <ele>3.48</ele>
        <time>2022-07-17T23:53:17Z</time>
      </trkpt>
      <trkpt lat="37.41428" lon="-121.98234">
        <ele>3.0</ele>
        <time>2022-07-17T23:53:18Z</time>
      </trkpt>
      <trkpt lat="37.41425" lon="-121.9824">
        <ele>3.11</ele>
        <time>2022-07-17T23:53:19Z</time>
      </trkpt>
      <trkpt lat="37.41422" lon="-121.98246">
        <ele>3.51</ele>
        <time>2022-07-17T23:53:20Z</time>
      </trkpt>
      <trkpt lat="37.4142" lon="-121.98253">
        <ele>3.24</ele>
        <time>2022-07-17T23:53:21Z</time>
      </trkpt>
      <trkpt lat="37.41416" lon="-121.98259">
        <ele>3.14</ele>
        <time>2022-07-17T23:53:22Z</time>
      </trkpt>
      <trkpt lat="37.41414" lon="-121.98265">
        <ele>3.4</ele>
        <time>2022-07-17T23:53:23Z</time>
      </trkpt>
      <trkpt lat="37.41411" lon="-121.98271">
        <ele>3.45</ele>
        <time>2022-07-17T23:53:24Z</time>
      </trkpt>
      <trkpt lat="37.41408" lon="-121.98278">
        <ele>3.0</ele>
        <time>2022-07-17T23:53:25Z</time>
      </trkpt>
      <trkpt lat="37.41405" lon="-121.98284">
        <ele>3.35</ele>
        <time>2022-07-17T23:53:26Z</time>
      </trkpt>
      <trkpt lat="37.41402" lon="-121.9829">
        <ele>3.4</ele>
        <time>2022-07-17T23:53:27Z</time>
      </trkpt>
      <trkpt lat="37.41399" lon="-121.98297">
        <ele>2.99</ele>
        <time>2022-07-17T23:53:28Z</time>
      </trkpt>
      <trkpt lat="37.41396" lon="-121.98303">
        <ele>3.3</ele>
        <time>2022-07-17T23:53:29Z</time>
      </trkpt>
      <trkpt lat="37.41393" lon="-121.9831">
        <ele>3.29</ele>
        <time>2022-07-17T23:53:30Z</time>
      </trkpt>
      <trkpt lat="37.4139" lon="-121.98316">
        <ele>2.98</ele>
        <time>2022-07-17T23:53:31Z</time>
      </trkpt>
      <trkpt lat="37.41387" lon="-121.98322">
        <ele>3.25</ele>
        <time>2022-07-17T23:53:32Z</time>
      </trkpt>
      <trkpt lat="37.41384" lon="-121.98328">
        <ele>3.3</ele>
        <time>2022-07-17T23:53:33Z</time>
      </trkpt>
      <trkpt lat="37.41382" lon="-121.98334">
        <ele>3.0</ele>
        <time>2022-07-17T23:53:34Z</time>
      </trkpt>
      <trkpt lat="37.41379" lon="-121.98341">
        <ele>3.08</ele>
        <time>2022-07-17T23:53:35Z</time>
      </trkpt>
      <trkpt lat="37.41376" lon="-121.98347">
        <ele>3.49</ele>
        <time>2022-07-17T23:53:36Z</time>
      </trkpt>
      <trkpt lat="37.41373" lon="-121.98353">
        <ele>3.34</ele>
        <time>2022-07-17T23:53:37Z</time>
      </trkpt>
      <trkpt lat="37.4137" lon="-121.98359">
        <ele>3.8</ele>
        <time>2022-07-17T23:53:38Z</time>
      </trkpt>
      <trkpt lat="37.41368" lon="-121.98365">
        <ele>3.89</ele>
        <time>2022-07-17T23:53:39Z</time>
      </trkpt>
      <trkpt lat="37.41365" lon="-121.98371">
        <ele>3.39</ele>
        <time>2022-07-17T23:53:40Z</time>
      </trkpt>
      <trkpt lat="37.41362" lon="-121.98377">
        <ele>3.03</ele>
        <time>2022-07-17T23:53:41Z</time>
      </trkpt>
      <trkpt lat="37.41359" lon="-121.98384">
        <ele>3.35</ele>
        <time>2022-07-17T23:53:42Z</time>
      </trkpt>
      <trkpt lat="37.41356" lon="-121.9839">
        <ele>3.49</ele>
        <time>2022-07-17T23:53:43Z</time>
      </trkpt>
      <trkpt lat="37.41353" lon="-121.98396">
        <ele>3.2</ele>
        <time>2022-07-17T23:53:44Z</time>
      </trkpt>
      <trkpt lat="37.41351" lon="-121.98402">
        <ele>3.15</ele>
        <time>2022-07-17T23:53:45Z</time>
      </trkpt>
      <trkpt lat="37.41348" lon="-121.98408">
        <ele>3.39</ele>
        <time>2022-07-17T23:53:46Z</time>
      </trkpt>
      <trkpt lat="37.41345" lon="-121.98415">
        <ele>3.13</ele>
        <time>2022-07-17T23:53:47Z</time>
      </trkpt>
      <trkpt lat="37.41342" lon="-121.98421">
        <ele>3.13</ele>
        <time>2022-07-17T23:53:48Z</time>
      </trkpt>
      <trkpt lat="37.41339" lon="-121.98427">
        <ele>3.34</ele>
        <time>2022-07-17T23:53:49Z</time>
      </trkpt>
      <trkpt lat="37.41336" lon="-121.98434">
        <ele>3.09</ele>
        <time>2022-07-17T23:53:50Z</time>
      </trkpt>
      <trkpt lat="37.41333" lon="-121.9844">
        <ele>3.07</ele>
        <time>2022-07-17T23:53:51Z</time>
      </trkpt>
      <trkpt lat="37.4133" lon="-121.98446">
        <ele>3.36</ele>
        <time>2022-07-17T23:53:52Z</time>
      </trkpt>
      <trkpt lat="37.41327" lon="-121.98452">
        <ele>3.68</ele>
        <time>2022-07-17T23:53:53Z</time>
      </trkpt>
      <trkpt lat="37.41324" lon="-121.98459">
        <ele>4.01</ele>
        <time>2022-07-17T23:53:54Z</time>
      </trkpt>
      <trkpt lat="37.41321" lon="-121.98465">
        <ele>4.26</ele>
        <time>2022-07-17T23:53:55Z</time>
      </trkpt>
      <trkpt lat="37.41319" lon="-121.98471">
        <ele>4.07</ele>
        <time>2022-07-17T23:53:56Z</time>
      </trkpt>
      <trkpt lat="37.41316" lon="-121.98477">
        <ele>3.93</ele>
        <time>2022-07-17T23:53:57Z</time>
      </trkpt>
      <trkpt lat="37.41313" lon="-121.98483">
        <ele>4.16</ele>
        <time>2022-07-17T23:53:58Z</time>
      </trkpt>
      <trkpt lat="37.41311" lon="-121.98489">
        <ele>4.08</ele>
        <time>2022-07-17T23:53:59Z</time>
      </trkpt>
      <trkpt lat="37.41308" lon="-121.98494">
        <ele>3.91</ele>
        <time>2022-07-17T23:54:00Z</time>
      </trkpt>
      <trkpt lat="37.41305" lon="-121.985">
        <ele>4.12</ele>
        <time>2022-07-17T23:54:01Z</time>
      </trkpt>
      <trkpt lat="37.41302" lon="-121.98505">
        <ele>4.35</ele>
        <time>2022-07-17T23:54:02Z</time>
      </trkpt>
      <trkpt lat="37.413" lon="-121.9851">
        <ele>3.97</ele>
        <time>2022-07-17T23:54:03Z</time>
      </trkpt>
      <trkpt lat="37.41298" lon="-121.98516">
        <ele>3.87</ele>
        <time>2022-07-17T23:54:04Z</time>
      </trkpt>
      <trkpt lat="37.41295" lon="-121.98521">
        <ele>4.24</ele>
        <time>2022-07-17T23:54:05Z</time>
      </trkpt>
      <trkpt lat="37.41293" lon="-121.98526">
        <ele>4.42</ele>
        <time>2022-07-17T23:54:06Z</time>
      </trkpt>
      <trkpt lat="37.41291" lon="-121.98532">
        <ele>4.31</ele>
        <time>2022-07-17T23:54:07Z</time>
      </trkpt>
      <trkpt lat="37.41288" lon="-121.98537">
        <ele>4.0</ele>
        <time>2022-07-17T23:54:08Z</time>
      </trkpt>
      <trkpt lat="37.41286" lon="-121.98542">
        <ele>4.22</ele>
        <time>2022-07-17T23:54:09Z</time>
      </trkpt>
      <trkpt lat="37.41284" lon="-121.98547">
        <ele>4.3</ele>
        <time>2022-07-17T23:54:10Z</time>
      </trkpt>
      <trkpt lat="37.41282" lon="-121.98553">
        <ele>4.15</ele>
        <time>2022-07-17T23:54:11Z</time>
      </trkpt>
      <trkpt lat="37.4128" lon="-121.98559">
        <ele>4.0</ele>
        <time>2022-07-17T23:54:12Z</time>
      </trkpt>
      <trkpt lat="37.41279" lon="-121.98564">
        <ele>4.0</ele>
        <time>2022-07-17T23:54:13Z</time>
      </trkpt>
      <trkpt lat="37.41278" lon="-121.9857">
        <ele>4.0</ele>
        <time>2022-07-17T23:54:14Z</time>
      </trkpt>
      <trkpt lat="37.41276" lon="-121.98576">
        <ele>4.0</ele>
        <time>2022-07-17T23:54:15Z</time>
      </trkpt>
      <trkpt lat="37.41276" lon="-121.98583">
        <ele>4.0</ele>
        <time>2022-07-17T23:54:16Z</time>
      </trkpt>
      <trkpt lat="37.41275" lon="-121.98589">
        <ele>4.0</ele>
        <time>2022-07-17T23:54:17Z</time>
      </trkpt>
      <trkpt lat="37.41275" lon="-121.98595">
        <ele>4.0</ele>
        <time>2022-07-17T23:54:18Z</time>
      </trkpt>
      <trkpt lat="37.41276" lon="-121.98601">
        <ele>4.0</ele>
        <time>2022-07-17T23:54:19Z</time>
      </trkpt>
      <trkpt lat="37.41276" lon="-121.98606">
        <ele>4.45</ele>
        <time>2022-07-17T23:54:20Z</time>
      </trkpt>
      <trkpt lat="37.41277" lon="-121.98612">
        <ele>5.0</ele>
        <time>2022-07-17T23:54:21Z</time>
      </trkpt>
      <trkpt lat="37.41277" lon="-121.98618">
        <ele>5.0</ele>
        <time>2022-07-17T23:54:22Z</time>
      </trkpt>
      <trkpt lat="37.41277" lon="-121.98623">
        <ele>5.0</ele>
        <time>2022-07-17T23:54:23Z</time>
      </trkpt>
      <trkpt lat="37.41277" lon="-121.98627">
        <ele>5.0</ele>
        <time>2022-07-17T23:54:24Z</time>
      </trkpt>
      <trkpt lat="37.41276" lon="-121.98633">
        <ele>5.07</ele>
        <time>2022-07-17T23:54:25Z</time>
      </trkpt>
      <trkpt lat="37.41276" lon="-121.98637">
        <ele>5.15</ele>
        <time>2022-07-17T23:54:26Z</time>
      </trkpt>
      <trkpt lat="37.41275" lon="-121.98641">
        <ele>5.46</ele>
        <time>2022-07-17T23:54:27Z</time>
      </trkpt>
      <trkpt lat="37.41273" lon="-121.98645">
        <ele>5.84</ele>
        <time>2022-07-17T23:54:28Z</time>
      </trkpt>
      <trkpt lat="37.41271" lon="-121.9865">
        <ele>5.6</ele>
        <time>2022-07-17T23:54:31Z</time>
      </trkpt>
      <trkpt lat="37.41268" lon="-121.98656">
        <ele>4.3</ele>
        <time>2022-07-17T23:54:33Z</time>
      </trkpt>
      <trkpt lat="37.41265" lon="-121.98664">
        <ele>1.86</ele>
        <time>2022-07-17T23:54:35Z</time>
      </trkpt>
      <trkpt lat="37.41259" lon="-121.98673">
        <ele>1.71</ele>
        <time>2022-07-17T23:54:37Z</time>
      </trkpt>
      <trkpt lat="37.41256" lon="-121.98681">
        <ele>3.61</ele>
        <time>2022-07-17T23:54:39Z</time>
      </trkpt>
      <trkpt lat="37.41253" lon="-121.98689">
        <ele>5.29</ele>
        <time>2022-07-17T23:54:41Z</time>
      </trkpt>
      <trkpt lat="37.41249" lon="-121.98697">
        <ele>6.62</ele>
        <time>2022-07-17T23:54:43Z</time>
      </trkpt>
      <trkpt lat="37.41245" lon="-121.98705">
        <ele>5.46</ele>
        <time>2022-07-17T23:54:47Z</time>
      </trkpt>
      <trkpt lat="37.41239" lon="-121.98718">
        <ele>5.0</ele>
        <time>2022-07-17T23:54:48Z</time>
      </trkpt>
      <trkpt lat="37.41236" lon="-121.98725">
        <ele>4.7</ele>
        <time>2022-07-17T23:54:49Z</time>
      </trkpt>
      <trkpt lat="37.41233" lon="-121.98731">
        <ele>4.05</ele>
        <time>2022-07-17T23:54:50Z</time>
      </trkpt>
      <trkpt lat="37.4123" lon="-121.98739">
        <ele>4.0</ele>
        <time>2022-07-17T23:54:51Z</time>
      </trkpt>
      <trkpt lat="37.41227" lon="-121.98746">
        <ele>4.0</ele>
        <time>2022-07-17T23:54:52Z</time>
      </trkpt>
      <trkpt lat="37.41224" lon="-121.98754">
        <ele>4.0</ele>
        <time>2022-07-17T23:54:53Z</time>
      </trkpt>
      <trkpt lat="37.41221" lon="-121.98762">
        <ele>3.74</ele>
        <time>2022-07-17T23:54:54Z</time>
      </trkpt>
      <trkpt lat="37.41218" lon="-121.98769">
        <ele>3.43</ele>
        <time>2022-07-17T23:54:55Z</time>
      </trkpt>
      <trkpt lat="37.41215" lon="-121.98777">
        <ele>3.07</ele>
        <time>2022-07-17T23:54:56Z</time>
      </trkpt>
      <trkpt lat="37.41211" lon="-121.98784">
        <ele>3.21</ele>
        <time>2022-07-17T23:54:57Z</time>
      </trkpt>
      <trkpt lat="37.41208" lon="-121.98792">
        <ele>3.25</ele>
        <time>2022-07-17T23:54:58Z</time>
      </trkpt>
      <trkpt lat="37.41205" lon="-121.98799">
        <ele>2.96</ele>
        <time>2022-07-17T23:54:59Z</time>
      </trkpt>
      <trkpt lat="37.41202" lon="-121.98806">
        <ele>3.18</ele>
        <time>2022-07-17T23:55:00Z</time>
      </trkpt>
      <trkpt lat="37.41199" lon="-121.98813">
        <ele>3.1</ele>
        <time>2022-07-17T23:55:01Z</time>
      </trkpt>
      <trkpt lat="37.41196" lon="-121.9882">
        <ele>3.0</ele>
        <time>2022-07-17T23:55:02Z</time>
      </trkpt>
      <trkpt lat="37.41193" lon="-121.98826">
        <ele>3.12</ele>
        <time>2022-07-17T23:55:03Z</time>
      </trkpt>
      <trkpt lat="37.4119" lon="-121.98833">
        <ele>3.02</ele>
        <time>2022-07-17T23:55:04Z</time>
      </trkpt>
      <trkpt lat="37.41188" lon="-121.9884">
        <ele>3.0</ele>
        <time>2022-07-17T23:55:05Z</time>
      </trkpt>
      <trkpt lat="37.41185" lon="-121.98847">
        <ele>3.03</ele>
        <time>2022-07-17T23:55:06Z</time>
      </trkpt>
      <trkpt lat="37.41182" lon="-121.98854">
        <ele>3.26</ele>
        <time>2022-07-17T23:55:07Z</time>
      </trkpt>
      <trkpt lat="37.4118" lon="-121.98861">
        <ele>3.01</ele>
        <time>2022-07-17T23:55:08Z</time>
      </trkpt>
      <trkpt lat="37.41177" lon="-121.98867">
        <ele>2.44</ele>
        <time>2022-07-17T23:55:09Z</time>
      </trkpt>
      <trkpt lat="37.41174" lon="-121.98874">
        <ele>2.62</ele>
        <time>2022-07-17T23:55:10Z</time>
      </trkpt>
      <trkpt lat="37.41171" lon="-121.98881">
        <ele>3.52</ele>
        <time>2022-07-17T23:55:11Z</time>
      </trkpt>
      <trkpt lat="37.41169" lon="-121.98888">
        <ele>3.57</ele>
        <time>2022-07-17T23:55:12Z</time>
      </trkpt>
      <trkpt lat="37.41167" lon="-121.98895">
        <ele>2.66</ele>
        <time>2022-07-17T23:55:13Z</time>
      </trkpt>
      <trkpt lat="37.41165" lon="-121.98903">
        <ele>2.45</ele>
        <time>2022-07-17T23:55:14Z</time>
      </trkpt>
      <trkpt lat="37.41163" lon="-121.98911">
        <ele>2.79</ele>
        <time>2022-07-17T23:55:15Z</time>
      </trkpt>
      <trkpt lat="37.4116" lon="-121.98918">
        <ele>3.34</ele>
        <time>2022-07-17T23:55:16Z</time>
      </trkpt>
      <trkpt lat="37.41158" lon="-121.98925">
        <ele>3.03</ele>
        <time>2022-07-17T23:55:17Z</time>
      </trkpt>
      <trkpt lat="37.41156" lon="-121.98933">
        <ele>2.5</ele>
        <time>2022-07-17T23:55:18Z</time>
      </trkpt>
      <trkpt lat="37.41154" lon="-121.9894">
        <ele>2.74</ele>
        <time>2022-07-17T23:55:19Z</time>
      </trkpt>
      <trkpt lat="37.41153" lon="-121.98947">
        <ele>2.95</ele>
        <time>2022-07-17T23:55:20Z</time>
      </trkpt>
      <trkpt lat="37.41151" lon="-121.98954">
        <ele>3.36</ele>
        <time>2022-07-17T23:55:21Z</time>
      </trkpt>
      <trkpt lat="37.41149" lon="-121.98961">
        <ele>3.1</ele>
        <time>2022-07-17T23:55:22Z</time>
      </trkpt>
      <trkpt lat="37.41148" lon="-121.98968">
        <ele>2.48</ele>
        <time>2022-07-17T23:55:23Z</time>
      </trkpt>
      <trkpt lat="37.41146" lon="-121.98975">
        <ele>2.46</ele>
        <time>2022-07-17T23:55:24Z</time>
      </trkpt>
      <trkpt lat="37.41145" lon="-121.98982">
        <ele>2.66</ele>
        <time>2022-07-17T23:55:25Z</time>
      </trkpt>
      <trkpt lat="37.41143" lon="-121.9899">
        <ele>2.6</ele>
        <time>2022-07-17T23:55:26Z</time>
      </trkpt>
      <trkpt lat="37.41142" lon="-121.98997">
        <ele>2.66</ele>
        <time>2022-07-17T23:55:27Z</time>
      </trkpt>
      <trkpt lat="37.41141" lon="-121.99004">
        <ele>2.67</ele>
        <time>2022-07-17T23:55:28Z</time>
      </trkpt>
      <trkpt lat="37.41139" lon="-121.9901">
        <ele>2.9</ele>
        <time>2022-07-17T23:55:29Z</time>
      </trkpt>
      <trkpt lat="37.41138" lon="-121.99017">
        <ele>2.26</ele>
        <time>2022-07-17T23:55:30Z</time>
      </trkpt>
      <trkpt lat="37.41136" lon="-121.99023">
        <ele>2.31</ele>
        <time>2022-07-17T23:55:31Z</time>
      </trkpt>
      <trkpt lat="37.41135" lon="-121.9903">
        <ele>2.42</ele>
        <time>2022-07-17T23:55:32Z</time>
      </trkpt>
      <trkpt lat="37.41133" lon="-121.99036">
        <ele>2.64</ele>
        <time>2022-07-17T23:55:33Z</time>
      </trkpt>
      <trkpt lat="37.41132" lon="-121.99043">
        <ele>2.74</ele>
        <time>2022-07-17T23:55:34Z</time>
      </trkpt>
      <trkpt lat="37.4113" lon="-121.99049">
        <ele>2.67</ele>
        <time>2022-07-17T23:55:35Z</time>
      </trkpt>
      <trkpt lat="37.41129" lon="-121.99055">
        <ele>2.12</ele>
        <time>2022-07-17T23:55:36Z</time>
      </trkpt>
      <trkpt lat="37.41128" lon="-121.99062">
        <ele>2.18</ele>
        <time>2022-07-17T23:55:37Z</time>
      </trkpt>
      <trkpt lat="37.41127" lon="-121.99068">
        <ele>2.28</ele>
        <time>2022-07-17T23:55:38Z</time>
      </trkpt>
      <trkpt lat="37.41125" lon="-121.99075">
        <ele>2.5</ele>
        <time>2022-07-17T23:55:39Z</time>
      </trkpt>
      <trkpt lat="37.41124" lon="-121.99082">
        <ele>2.61</ele>
        <time>2022-07-17T23:55:40Z</time>
      </trkpt>
      <trkpt lat="37.41122" lon="-121.99088">
        <ele>2.82</ele>
        <time>2022-07-17T23:55:41Z</time>
      </trkpt>
      <trkpt lat="37.41121" lon="-121.99095">
        <ele>2.69</ele>
        <time>2022-07-17T23:55:42Z</time>
      </trkpt>
      <trkpt lat="37.41119" lon="-121.99101">
        <ele>2.23</ele>
        <time>2022-07-17T23:55:43Z</time>
      </trkpt>
      <trkpt lat="37.41118" lon="-121.99107">
        <ele>2.26</ele>
        <time>2022-07-17T23:55:44Z</time>
      </trkpt>
      <trkpt lat="37.41117" lon="-121.99113">
        <ele>2.36</ele>
        <time>2022-07-17T23:55:45Z</time>
      </trkpt>
      <trkpt lat="37.41116" lon="-121.9912">
        <ele>2.47</ele>
        <time>2022-07-17T23:55:46Z</time>
      </trkpt>
      <trkpt lat="37.41114" lon="-121.99126">
        <ele>2.27</ele>
        <time>2022-07-17T23:55:47Z</time>
      </trkpt>
      <trkpt lat="37.41113" lon="-121.99132">
        <ele>2.0</ele>
        <time>2022-07-17T23:55:48Z</time>
      </trkpt>
      <trkpt lat="37.41112" lon="-121.99139">
        <ele>2.0</ele>
        <time>2022-07-17T23:55:49Z</time>
      </trkpt>
      <trkpt lat="37.41111" lon="-121.99146">
        <ele>2.01</ele>
        <time>2022-07-17T23:55:50Z</time>
      </trkpt>
      <trkpt lat="37.41109" lon="-121.99153">
        <ele>2.23</ele>
        <time>2022-07-17T23:55:51Z</time>
      </trkpt>
      <trkpt lat="37.41108" lon="-121.99159">
        <ele>2.34</ele>
        <time>2022-07-17T23:55:52Z</time>
      </trkpt>
      <trkpt lat="37.41106" lon="-121.99165">
        <ele>2.55</ele>
        <time>2022-07-17T23:55:53Z</time>
      </trkpt>
      <trkpt lat="37.41104" lon="-121.99172">
        <ele>2.33</ele>
        <time>2022-07-17T23:55:54Z</time>
      </trkpt>
      <trkpt lat="37.41103" lon="-121.99178">
        <ele>1.97</ele>
        <time>2022-07-17T23:55:55Z</time>
      </trkpt>
      <trkpt lat="37.41102" lon="-121.99185">
        <ele>1.98</ele>
        <time>2022-07-17T23:55:56Z</time>
      </trkpt>
      <trkpt lat="37.411" lon="-121.99191">
        <ele>2.2</ele>
        <time>2022-07-17T23:55:57Z</time>
      </trkpt>
      <trkpt lat="37.41099" lon="-121.99198">
        <ele>2.31</ele>
        <time>2022-07-17T23:55:58Z</time>
      </trkpt>
      <trkpt lat="37.41098" lon="-121.99204">
        <ele>2.42</ele>
        <time>2022-07-17T23:55:59Z</time>
      </trkpt>
      <trkpt lat="37.41096" lon="-121.9921">
        <ele>2.63</ele>
        <time>2022-07-17T23:56:00Z</time>
      </trkpt>
      <trkpt lat="37.41095" lon="-121.99216">
        <ele>2.74</ele>
        <time>2022-07-17T23:56:01Z</time>
      </trkpt>
      <trkpt lat="37.41093" lon="-121.99226">
        <ele>2.57</ele>
        <time>2022-07-17T23:56:03Z</time>
      </trkpt>
      <trkpt lat="37.41093" lon="-121.9922">
        <ele>2.96</ele>
        <time>2022-07-17T23:56:03Z</time>
      </trkpt>
      <trkpt lat="37.41091" lon="-121.99235">
        <ele>2.17</ele>
        <time>2022-07-17T23:56:04Z</time>
      </trkpt>
      <trkpt lat="37.4109" lon="-121.99241">
        <ele>2.28</ele>
        <time>2022-07-17T23:56:05Z</time>
      </trkpt>
      <trkpt lat="37.41089" lon="-121.99248">
        <ele>2.39</ele>
        <time>2022-07-17T23:56:06Z</time>
      </trkpt>
      <trkpt lat="37.41088" lon="-121.99254">
        <ele>2.71</ele>
        <time>2022-07-17T23:56:07Z</time>
      </trkpt>
      <trkpt lat="37.41088" lon="-121.9926">
        <ele>2.99</ele>
        <time>2022-07-17T23:56:08Z</time>
      </trkpt>
      <trkpt lat="37.41087" lon="-121.99266">
        <ele>3.21</ele>
        <time>2022-07-17T23:56:09Z</time>
      </trkpt>
      <trkpt lat="37.41087" lon="-121.99272">
        <ele>3.21</ele>
        <time>2022-07-17T23:56:10Z</time>
      </trkpt>
      <trkpt lat="37.41086" lon="-121.99278">
        <ele>3.39</ele>
        <time>2022-07-17T23:56:11Z</time>
      </trkpt>
      <trkpt lat="37.41085" lon="-121.99284">
        <ele>2.54</ele>
        <time>2022-07-17T23:56:12Z</time>
      </trkpt>
      <trkpt lat="37.41084" lon="-121.99289">
        <ele>2.0</ele>
        <time>2022-07-17T23:56:13Z</time>
      </trkpt>
      <trkpt lat="37.41083" lon="-121.99293">
        <ele>2.01</ele>
        <time>2022-07-17T23:56:14Z</time>
      </trkpt>
      <trkpt lat="37.41081" lon="-121.99297">
        <ele>2.0</ele>
        <time>2022-07-17T23:56:15Z</time>
      </trkpt>
      <trkpt lat="37.4108" lon="-121.99303">
        <ele>2.0</ele>
        <time>2022-07-17T23:56:16Z</time>
      </trkpt>
      <trkpt lat="37.41079" lon="-121.99309">
        <ele>2.0</ele>
        <time>2022-07-17T23:56:17Z</time>
      </trkpt>
      <trkpt lat="37.41078" lon="-121.99315">
        <ele>2.0</ele>
        <time>2022-07-17T23:56:18Z</time>
      </trkpt>
      <trkpt lat="37.41078" lon="-121.99322">
        <ele>2.0</ele>
        <time>2022-07-17T23:56:19Z</time>
      </trkpt>
      <trkpt lat="37.41077" lon="-121.99327">
        <ele>2.0</ele>
        <time>2022-07-17T23:56:20Z</time>
      </trkpt>
      <trkpt lat="37.41077" lon="-121.99333">
        <ele>2.0</ele>
        <time>2022-07-17T23:56:21Z</time>
      </trkpt>
      <trkpt lat="37.41077" lon="-121.99339">
        <ele>1.81</ele>
        <time>2022-07-17T23:56:22Z</time>
      </trkpt>
      <trkpt lat="37.41077" lon="-121.99345">
        <ele>1.59</ele>
        <time>2022-07-17T23:56:23Z</time>
      </trkpt>
      <trkpt lat="37.41077" lon="-121.99351">
        <ele>1.35</ele>
        <time>2022-07-17T23:56:24Z</time>
      </trkpt>
      <trkpt lat="37.41077" lon="-121.99358">
        <ele>1.32</ele>
        <time>2022-07-17T23:56:25Z</time>
      </trkpt>
      <trkpt lat="37.41078" lon="-121.99365">
        <ele>1.42</ele>
        <time>2022-07-17T23:56:26Z</time>
      </trkpt>
      <trkpt lat="37.41078" lon="-121.99371">
        <ele>1.4</ele>
        <time>2022-07-17T23:56:27Z</time>
      </trkpt>
      <trkpt lat="37.41079" lon="-121.99377">
        <ele>1.15</ele>
        <time>2022-07-17T23:56:28Z</time>
      </trkpt>
      <trkpt lat="37.41081" lon="-121.99384">
        <ele>1.0</ele>
        <time>2022-07-17T23:56:29Z</time>
      </trkpt>
      <trkpt lat="37.41082" lon="-121.9939">
        <ele>1.0</ele>
        <time>2022-07-17T23:56:30Z</time>
      </trkpt>
      <trkpt lat="37.41083" lon="-121.99396">
        <ele>1.0</ele>
        <time>2022-07-17T23:56:31Z</time>
      </trkpt>
      <trkpt lat="37.41084" lon="-121.99402">
        <ele>1.0</ele>
        <time>2022-07-17T23:56:32Z</time>
      </trkpt>
      <trkpt lat="37.41086" lon="-121.99409">
        <ele>1.12</ele>
        <time>2022-07-17T23:56:33Z</time>
      </trkpt>
      <trkpt lat="37.41086" lon="-121.99415">
        <ele>1.58</ele>
        <time>2022-07-17T23:56:34Z</time>
      </trkpt>
      <trkpt lat="37.41087" lon="-121.99421">
        <ele>1.6</ele>
        <time>2022-07-17T23:56:35Z</time>
      </trkpt>
      <trkpt lat="37.41088" lon="-121.99427">
        <ele>1.44</ele>
        <time>2022-07-17T23:56:36Z</time>
      </trkpt>
      <trkpt lat="37.41088" lon="-121.99433">
        <ele>1.12</ele>
        <time>2022-07-17T23:56:37Z</time>
      </trkpt>
      <trkpt lat="37.41089" lon="-121.99439">
        <ele>1.0</ele>
        <time>2022-07-17T23:56:38Z</time>
      </trkpt>
      <trkpt lat="37.41089" lon="-121.99445">
        <ele>1.0</ele>
        <time>2022-07-17T23:56:39Z</time>
      </trkpt>
      <trkpt lat="37.41089" lon="-121.9945">
        <ele>1.0</ele>
        <time>2022-07-17T23:56:40Z</time>
      </trkpt>
      <trkpt lat="37.41089" lon="-121.99457">
        <ele>1.22</ele>
        <time>2022-07-17T23:56:41Z</time>
      </trkpt>
      <trkpt lat="37.41089" lon="-121.99463">
        <ele>1.61</ele>
        <time>2022-07-17T23:56:42Z</time>
      </trkpt>
      <trkpt lat="37.41089" lon="-121.99469">
        <ele>1.86</ele>
        <time>2022-07-17T23:56:43Z</time>
      </trkpt>
      <trkpt lat="37.41089" lon="-121.99475">
        <ele>2.0</ele>
        <time>2022-07-17T23:56:44Z</time>
      </trkpt>
      <trkpt lat="37.41089" lon="-121.9948">
        <ele>2.0</ele>
        <time>2022-07-17T23:56:45Z</time>
      </trkpt>
      <trkpt lat="37.41089" lon="-121.99486">
        <ele>2.0</ele>
        <time>2022-07-17T23:56:46Z</time>
      </trkpt>
      <trkpt lat="37.41089" lon="-121.9949">
        <ele>2.0</ele>
        <time>2022-07-17T23:56:47Z</time>
      </trkpt>
      <trkpt lat="37.41089" lon="-121.99495">
        <ele>2.0</ele>
        <time>2022-07-17T23:56:48Z</time>
      </trkpt>
      <trkpt lat="37.41089" lon="-121.995">
        <ele>2.0</ele>
        <time>2022-07-17T23:56:49Z</time>
      </trkpt>
      <trkpt lat="37.41088" lon="-121.99505">
        <ele>2.0</ele>
        <time>2022-07-17T23:56:50Z</time>
      </trkpt>
      <trkpt lat="37.41088" lon="-121.99511">
        <ele>2.0</ele>
        <time>2022-07-17T23:56:52Z</time>
      </trkpt>
      <trkpt lat="37.41087" lon="-121.99516">
        <ele>2.0</ele>
        <time>2022-07-17T23:56:53Z</time>
      </trkpt>
      <trkpt lat="37.41087" lon="-121.9952">
        <ele>2.0</ele>
        <time>2022-07-17T23:56:55Z</time>
      </trkpt>
      <trkpt lat="37.41088" lon="-121.99527">
        <ele>2.0</ele>
        <time>2022-07-17T23:56:56Z</time>
      </trkpt>
      <trkpt lat="37.41089" lon="-121.9954">
        <ele>2.0</ele>
        <time>2022-07-17T23:56:56Z</time>
      </trkpt>
      <trkpt lat="37.41088" lon="-121.9955">
        <ele>1.6</ele>
        <time>2022-07-17T23:56:58Z</time>
      </trkpt>
      <trkpt lat="37.41088" lon="-121.99544">
        <ele>2.0</ele>
        <time>2022-07-17T23:56:58Z</time>
      </trkpt>
      <trkpt lat="37.41086" lon="-121.99559">
        <ele>1.0</ele>
        <time>2022-07-17T23:56:59Z</time>
      </trkpt>
      <trkpt lat="37.41085" lon="-121.99565">
        <ele>1.0</ele>
        <time>2022-07-17T23:57:00Z</time>
      </trkpt>
      <trkpt lat="37.41083" lon="-121.99571">
        <ele>1.01</ele>
        <time>2022-07-17T23:57:01Z</time>
      </trkpt>
      <trkpt lat="37.41081" lon="-121.99577">
        <ele>1.0</ele>
        <time>2022-07-17T23:57:02Z</time>
      </trkpt>
      <trkpt lat="37.41079" lon="-121.99583">
        <ele>1.0</ele>
        <time>2022-07-17T23:57:03Z</time>
      </trkpt>
      <trkpt lat="37.41077" lon="-121.99589">
        <ele>1.0</ele>
        <time>2022-07-17T23:57:04Z</time>
      </trkpt>
      <trkpt lat="37.41075" lon="-121.99595">
        <ele>1.0</ele>
        <time>2022-07-17T23:57:05Z</time>
      </trkpt>
      <trkpt lat="37.41073" lon="-121.996">
        <ele>1.0</ele>
        <time>2022-07-17T23:57:07Z</time>
      </trkpt>
      <trkpt lat="37.41069" lon="-121.99607">
        <ele>1.0</ele>
        <time>2022-07-17T23:57:09Z</time>
      </trkpt>
      <trkpt lat="37.41067" lon="-121.99617">
        <ele>1.0</ele>
        <time>2022-07-17T23:57:11Z</time>
      </trkpt>
      <trkpt lat="37.41065" lon="-121.99629">
        <ele>1.0</ele>
        <time>2022-07-17T23:57:14Z</time>
      </trkpt>
      <trkpt lat="37.4106" lon="-121.99642">
        <ele>1.0</ele>
        <time>2022-07-17T23:57:18Z</time>
      </trkpt>
      <trkpt lat="37.41057" lon="-121.99649">
        <ele>1.0</ele>
        <time>2022-07-17T23:57:20Z</time>
      </trkpt>
      <trkpt lat="37.41055" lon="-121.99659">
        <ele>1.0</ele>
        <time>2022-07-17T23:57:22Z</time>
      </trkpt>
      <trkpt lat="37.41054" lon="-121.99673">
        <ele>1.0</ele>
        <time>2022-07-17T23:57:24Z</time>
      </trkpt>
      <trkpt lat="37.41053" lon="-121.99686">
        <ele>1.0</ele>
        <time>2022-07-17T23:57:26Z</time>
      </trkpt>
      <trkpt lat="37.41052" lon="-121.99694">
        <ele>1.0</ele>
        <time>2022-07-17T23:57:28Z</time>
      </trkpt>
      <trkpt lat="37.41052" lon="-121.99704">
        <ele>1.0</ele>
        <time>2022-07-17T23:57:29Z</time>
      </trkpt>
      <trkpt lat="37.41054" lon="-121.99714">
        <ele>1.0</ele>
        <time>2022-07-17T23:57:31Z</time>
      </trkpt>
      <trkpt lat="37.41057" lon="-121.99728">
        <ele>1.0</ele>
        <time>2022-07-17T23:57:34Z</time>
      </trkpt>
      <trkpt lat="37.4106" lon="-121.9974">
        <ele>1.0</ele>
        <time>2022-07-17T23:57:36Z</time>
      </trkpt>
      <trkpt lat="37.41063" lon="-121.9975">
        <ele>1.0</ele>
        <time>2022-07-17T23:57:38Z</time>
      </trkpt>
      <trkpt lat="37.41065" lon="-121.99758">
        <ele>1.0</ele>
        <time>2022-07-17T23:57:39Z</time>
      </trkpt>
      <trkpt lat="37.4107" lon="-121.9977">
        <ele>1.63</ele>
        <time>2022-07-17T23:57:42Z</time>
      </trkpt>
      <trkpt lat="37.41075" lon="-121.99777">
        <ele>2.0</ele>
        <time>2022-07-17T23:57:44Z</time>
      </trkpt>
      <trkpt lat="37.41079" lon="-121.99785">
        <ele>2.0</ele>
        <time>2022-07-17T23:57:46Z</time>
      </trkpt>
      <trkpt lat="37.41084" lon="-121.99792">
        <ele>2.0</ele>
        <time>2022-07-17T23:57:48Z</time>
      </trkpt>
      <trkpt lat="37.41089" lon="-121.99798">
        <ele>2.0</ele>
        <time>2022-07-17T23:57:50Z</time>
      </trkpt>
      <trkpt lat="37.41095" lon="-121.99805">
        <ele>2.0</ele>
        <time>2022-07-17T23:57:51Z</time>
      </trkpt>
      <trkpt lat="37.41102" lon="-121.99811">
        <ele>1.41</ele>
        <time>2022-07-17T23:57:53Z</time>
      </trkpt>
      <trkpt lat="37.41109" lon="-121.99817">
        <ele>1.0</ele>
        <time>2022-07-17T23:57:55Z</time>
      </trkpt>
      <trkpt lat="37.41116" lon="-121.99821">
        <ele>1.0</ele>
        <time>2022-07-17T23:57:57Z</time>
      </trkpt>
      <trkpt lat="37.41125" lon="-121.99825">
        <ele>1.0</ele>
        <time>2022-07-17T23:57:59Z</time>
      </trkpt>
      <trkpt lat="37.41132" lon="-121.9983">
        <ele>1.0</ele>
        <time>2022-07-17T23:58:01Z</time>
      </trkpt>
      <trkpt lat="37.4114" lon="-121.99835">
        <ele>1.0</ele>
        <time>2022-07-17T23:58:03Z</time>
      </trkpt>
      <trkpt lat="37.41148" lon="-121.9984">
        <ele>1.0</ele>
        <time>2022-07-17T23:58:05Z</time>
      </trkpt>
      <trkpt lat="37.41156" lon="-121.99845">
        <ele>1.0</ele>
        <time>2022-07-17T23:58:07Z</time>
      </trkpt>
      <trkpt lat="37.41165" lon="-121.99851">
        <ele>1.0</ele>
        <time>2022-07-17T23:58:08Z</time>
      </trkpt>
      <trkpt lat="37.41172" lon="-121.99855">
        <ele>1.38</ele>
        <time>2022-07-17T23:58:11Z</time>
      </trkpt>
      <trkpt lat="37.41179" lon="-121.99859">
        <ele>1.48</ele>
        <time>2022-07-17T23:58:13Z</time>
      </trkpt>
      <trkpt lat="37.41185" lon="-121.99863">
        <ele>1.98</ele>
        <time>2022-07-17T23:58:14Z</time>
      </trkpt>
      <trkpt lat="37.41191" lon="-121.99867">
        <ele>2.0</ele>
        <time>2022-07-17T23:58:16Z</time>
      </trkpt>
      <trkpt lat="37.41198" lon="-121.99872">
        <ele>2.0</ele>
        <time>2022-07-17T23:58:18Z</time>
      </trkpt>
      <trkpt lat="37.41202" lon="-121.99878">
        <ele>2.0</ele>
        <time>2022-07-17T23:58:20Z</time>
      </trkpt>
      <trkpt lat="37.41207" lon="-121.99887">
        <ele>2.0</ele>
        <time>2022-07-17T23:58:21Z</time>
      </trkpt>
      <trkpt lat="37.4121" lon="-121.99895">
        <ele>2.0</ele>
        <time>2022-07-17T23:58:24Z</time>
      </trkpt>
      <trkpt lat="37.41212" lon="-121.99908">
        <ele>2.06</ele>
        <time>2022-07-17T23:58:26Z</time>
      </trkpt>
      <trkpt lat="37.41216" lon="-121.99917">
        <ele>3.0</ele>
        <time>2022-07-17T23:58:28Z</time>
      </trkpt>
      <trkpt lat="37.41218" lon="-121.99927">
        <ele>3.0</ele>
        <time>2022-07-17T23:58:32Z</time>
      </trkpt>
      <trkpt lat="37.41222" lon="-121.99935">
        <ele>3.0</ele>
        <time>2022-07-17T23:58:35Z</time>
      </trkpt>
      <trkpt lat="37.41222" lon="-121.99943">
        <ele>3.0</ele>
        <time>2022-07-17T23:58:40Z</time>
      </trkpt>
      <trkpt lat="37.41219" lon="-121.99951">
        <ele>3.0</ele>
        <time>2022-07-17T23:58:43Z</time>
      </trkpt>
      <trkpt lat="37.41214" lon="-121.99962">
        <ele>3.0</ele>
        <time>2022-07-17T23:58:46Z</time>
      </trkpt>
      <trkpt lat="37.4121" lon="-121.9997">
        <ele>2.24</ele>
        <time>2022-07-17T23:58:48Z</time>
      </trkpt>
      <trkpt lat="37.41206" lon="-121.99979">
        <ele>2.0</ele>
        <time>2022-07-17T23:58:50Z</time>
      </trkpt>
      <trkpt lat="37.41203" lon="-121.99987">
        <ele>2.0</ele>
        <time>2022-07-17T23:58:52Z</time>
      </trkpt>
      <trkpt lat="37.41199" lon="-121.99998">
        <ele>2.0</ele>
        <time>2022-07-17T23:58:55Z</time>
      </trkpt>
      <trkpt lat="37.41193" lon="-121.99999">
        <ele>2.0</ele>
        <time>2022-07-17T23:59:01Z</time>
      </trkpt>
      <trkpt lat="37.41188" lon="-121.99992">
        <ele>2.0</ele>
        <time>2022-07-17T23:59:03Z</time>
      </trkpt>
      <trkpt lat="37.41179" lon="-121.99987">
        <ele>2.0</ele>
        <time>2022-07-17T23:59:06Z</time>
      </trkpt>
      <trkpt lat="37.41168" lon="-121.9998">
        <ele>2.0</ele>
        <time>2022-07-17T23:59:10Z</time>
      </trkpt>
      <trkpt lat="37.4116" lon="-121.99976">
        <ele>2.0</ele>
        <time>2022-07-17T23:59:12Z</time>
      </trkpt>
      <trkpt lat="37.41152" lon="-121.99971">
        <ele>2.0</ele>
        <time>2022-07-17T23:59:15Z</time>
      </trkpt>
      <trkpt lat="37.41141" lon="-121.99964">
        <ele>2.0</ele>
        <time>2022-07-17T23:59:17Z</time>
      </trkpt>
      <trkpt lat="37.41133" lon="-121.99959">
        <ele>1.57</ele>
        <time>2022-07-17T23:59:19Z</time>
      </trkpt>
      <trkpt lat="37.41125" lon="-121.99954">
        <ele>1.02</ele>
        <time>2022-07-17T23:59:21Z</time>
      </trkpt>
      <trkpt lat="37.41116" lon="-121.99945">
        <ele>1.0</ele>
        <time>2022-07-17T23:59:24Z</time>
      </trkpt>
      <trkpt lat="37.4111" lon="-121.99936">
        <ele>1.0</ele>
        <time>2022-07-17T23:59:26Z</time>
      </trkpt>
      <trkpt lat="37.4111" lon="-121.99921">
        <ele>1.12</ele>
        <time>2022-07-17T23:59:26Z</time>
      </trkpt>
      <trkpt lat="37.4111" lon="-121.99911">
        <ele>1.12</ele>
        <time>2022-07-17T23:59:29Z</time>
      </trkpt>
      <trkpt lat="37.41111" lon="-121.99903">
        <ele>1.01</ele>
        <time>2022-07-17T23:59:29Z</time>
      </trkpt>
      <trkpt lat="37.41114" lon="-121.99892">
        <ele>1.0</ele>
        <time>2022-07-17T23:59:31Z</time>
      </trkpt>
      <trkpt lat="37.41117" lon="-121.99879">
        <ele>1.0</ele>
        <time>2022-07-17T23:59:35Z</time>
      </trkpt>
      <trkpt lat="37.4112" lon="-121.99865">
        <ele>1.0</ele>
        <time>2022-07-17T23:59:38Z</time>
      </trkpt>
      <trkpt lat="37.4112" lon="-121.99855">
        <ele>1.0</ele>
        <time>2022-07-17T23:59:40Z</time>
      </trkpt>
      <trkpt lat="37.41115" lon="-121.99841">
        <ele>1.0</ele>
        <time>2022-07-17T23:59:43Z</time>
      </trkpt>
      <trkpt lat="37.4111" lon="-121.99833">
        <ele>1.12</ele>
        <time>2022-07-17T23:59:45Z</time>
      </trkpt>
      <trkpt lat="37.41103" lon="-121.99827">
        <ele>1.28</ele>
        <time>2022-07-17T23:59:47Z</time>
      </trkpt>
      <trkpt lat="37.41096" lon="-121.99822">
        <ele>1.14</ele>
        <time>2022-07-17T23:59:48Z</time>
      </trkpt>
      <trkpt lat="37.41088" lon="-121.99816">
        <ele>1.94</ele>
        <time>2022-07-17T23:59:51Z</time>
      </trkpt>
      <trkpt lat="37.41081" lon="-121.9981">
        <ele>2.0</ele>
        <time>2022-07-17T23:59:52Z</time>
      </trkpt>
      <trkpt lat="37.41074" lon="-121.99804">
        <ele>2.0</ele>
        <time>2022-07-17T23:59:54Z</time>
      </trkpt>
      <trkpt lat="37.41066" lon="-121.99797">
        <ele>2.0</ele>
        <time>2022-07-17T23:59:57Z</time>
      </trkpt>
      <trkpt lat="37.4106" lon="-121.99788">
        <ele>2.0</ele>
        <time>2022-07-17T23:59:59Z</time>
      </trkpt>
      <trkpt lat="37.41055" lon="-121.9978">
        <ele>2.0</ele>
        <time>2022-07-18T00:00:00Z</time>
      </trkpt>
      <trkpt lat="37.4105" lon="-121.99772">
        <ele>1.75</ele>
        <time>2022-07-18T00:00:02Z</time>
      </trkpt>
      <trkpt lat="37.41047" lon="-121.99761">
        <ele>1.92</ele>
        <time>2022-07-18T00:00:02Z</time>
      </trkpt>
      <trkpt lat="37.41045" lon="-121.99754">
        <ele>1.51</ele>
        <time>2022-07-18T00:00:03Z</time>
      </trkpt>
      <trkpt lat="37.41042" lon="-121.99748">
        <ele>1.46</ele>
        <time>2022-07-18T00:00:04Z</time>
      </trkpt>
      <trkpt lat="37.41038" lon="-121.9974">
        <ele>1.82</ele>
        <time>2022-07-18T00:00:07Z</time>
      </trkpt>
      <trkpt lat="37.41034" lon="-121.9973">
        <ele>1.44</ele>
        <time>2022-07-18T00:00:09Z</time>
      </trkpt>
      <trkpt lat="37.41032" lon="-121.9972">
        <ele>1.89</ele>
        <time>2022-07-18T00:00:11Z</time>
      </trkpt>
      <trkpt lat="37.41032" lon="-121.99709">
        <ele>1.31</ele>
        <time>2022-07-18T00:00:12Z</time>
      </trkpt>
      <trkpt lat="37.41031" lon="-121.99699">
        <ele>1.33</ele>
        <time>2022-07-18T00:00:12Z</time>
      </trkpt>
      <trkpt lat="37.41032" lon="-121.99684">
        <ele>1.0</ele>
        <time>2022-07-18T00:00:14Z</time>
      </trkpt>
      <trkpt lat="37.41032" lon="-121.99677">
        <ele>1.0</ele>
        <time>2022-07-18T00:00:15Z</time>
      </trkpt>
      <trkpt lat="37.41032" lon="-121.9967">
        <ele>1.35</ele>
        <time>2022-07-18T00:00:16Z</time>
      </trkpt>
      <trkpt lat="37.41032" lon="-121.99664">
        <ele>1.54</ele>
        <time>2022-07-18T00:00:17Z</time>
      </trkpt>
      <trkpt lat="37.41033" lon="-121.99657">
        <ele>1.44</ele>
        <time>2022-07-18T00:00:18Z</time>
      </trkpt>
      <trkpt lat="37.41033" lon="-121.99651">
        <ele>1.44</ele>
        <time>2022-07-18T00:00:19Z</time>
      </trkpt>
      <trkpt lat="37.41034" lon="-121.99644">
        <ele>1.33</ele>
        <time>2022-07-18T00:00:20Z</time>
      </trkpt>
      <trkpt lat="37.41035" lon="-121.99638">
        <ele>1.22</ele>
        <time>2022-07-18T00:00:21Z</time>
      </trkpt>
      <trkpt lat="37.41036" lon="-121.99633">
        <ele>1.11</ele>
        <time>2022-07-18T00:00:22Z</time>
      </trkpt>
      <trkpt lat="37.41037" lon="-121.99627">
        <ele>1.01</ele>
        <time>2022-07-18T00:00:23Z</time>
      </trkpt>
      <trkpt lat="37.41039" lon="-121.99621">
        <ele>1.0</ele>
        <time>2022-07-18T00:00:24Z</time>
      </trkpt>
      <trkpt lat="37.41041" lon="-121.99615">
        <ele>1.33</ele>
        <time>2022-07-18T00:00:25Z</time>
      </trkpt>
      <trkpt lat="37.41043" lon="-121.9961">
        <ele>1.36</ele>
        <time>2022-07-18T00:00:26Z</time>
      </trkpt>
      <trkpt lat="37.41046" lon="-121.99605">
        <ele>1.03</ele>
        <time>2022-07-18T00:00:27Z</time>
      </trkpt>
      <trkpt lat="37.41049" lon="-121.99601">
        <ele>1.0</ele>
        <time>2022-07-18T00:00:28Z</time>
      </trkpt>
      <trkpt lat="37.41052" lon="-121.99596">
        <ele>1.0</ele>
        <time>2022-07-18T00:00:29Z</time>
      </trkpt>
      <trkpt lat="37.41056" lon="-121.99591">
        <ele>1.0</ele>
        <time>2022-07-18T00:00:30Z</time>
      </trkpt>
      <trkpt lat="37.4106" lon="-121.99587">
        <ele>1.0</ele>
        <time>2022-07-18T00:00:31Z</time>
      </trkpt>
      <trkpt lat="37.41065" lon="-121.99584">
        <ele>1.0</ele>
        <time>2022-07-18T00:00:32Z</time>
      </trkpt>
      <trkpt lat="37.41069" lon="-121.9958">
        <ele>1.0</ele>
        <time>2022-07-18T00:00:33Z</time>
      </trkpt>
      <trkpt lat="37.41073" lon="-121.99575">
        <ele>1.0</ele>
        <time>2022-07-18T00:00:34Z</time>
      </trkpt>
      <trkpt lat="37.41076" lon="-121.9957">
        <ele>1.35</ele>
        <time>2022-07-18T00:00:35Z</time>
      </trkpt>
      <trkpt lat="37.41078" lon="-121.99564">
        <ele>1.58</ele>
        <time>2022-07-18T00:00:36Z</time>
      </trkpt>
      <trkpt lat="37.41079" lon="-121.99559">
        <ele>1.47</ele>
        <time>2022-07-18T00:00:37Z</time>
      </trkpt>
      <trkpt lat="37.41081" lon="-121.99552">
        <ele>1.54</ele>
        <time>2022-07-18T00:00:38Z</time>
      </trkpt>
      <trkpt lat="37.41082" lon="-121.99546">
        <ele>2.0</ele>
        <time>2022-07-18T00:00:39Z</time>
      </trkpt>
      <trkpt lat="37.41083" lon="-121.99541">
        <ele>2.0</ele>
        <time>2022-07-18T00:00:40Z</time>
      </trkpt>
      <trkpt lat="37.41083" lon="-121.99536">
        <ele>2.0</ele>
        <time>2022-07-18T00:00:41Z</time>
      </trkpt>
      <trkpt lat="37.41084" lon="-121.99531">
        <ele>2.0</ele>
        <time>2022-07-18T00:00:42Z</time>
      </trkpt>
      <trkpt lat="37.41084" lon="-121.99527">
        <ele>2.0</ele>
        <time>2022-07-18T00:00:43Z</time>
      </trkpt>
      <trkpt lat="37.41086" lon="-121.99519">
        <ele>2.0</ele>
        <time>2022-07-18T00:00:46Z</time>
      </trkpt>
      <trkpt lat="37.4109" lon="-121.99514">
        <ele>2.0</ele>
        <time>2022-07-18T00:00:47Z</time>
      </trkpt>
      <trkpt lat="37.41092" lon="-121.99507">
        <ele>2.0</ele>
        <time>2022-07-18T00:00:48Z</time>
      </trkpt>
      <trkpt lat="37.41095" lon="-121.99497">
        <ele>2.0</ele>
        <time>2022-07-18T00:00:50Z</time>
      </trkpt>
      <trkpt lat="37.41098" lon="-121.9949">
        <ele>2.0</ele>
        <time>2022-07-18T00:00:52Z</time>
      </trkpt>
      <trkpt lat="37.41105" lon="-121.9949">
        <ele>2.0</ele>
        <time>2022-07-18T00:00:55Z</time>
      </trkpt>
      <trkpt lat="37.41112" lon="-121.99493">
        <ele>2.0</ele>
        <time>2022-07-18T00:00:57Z</time>
      </trkpt>
      <trkpt lat="37.41119" lon="-121.99494">
        <ele>2.0</ele>
        <time>2022-07-18T00:01:00Z</time>
      </trkpt>
      <trkpt lat="37.41126" lon="-121.99494">
        <ele>2.0</ele>
        <time>2022-07-18T00:01:03Z</time>
      </trkpt>
      <trkpt lat="37.41134" lon="-121.99494">
        <ele>2.0</ele>
        <time>2022-07-18T00:01:06Z</time>
      </trkpt>
      <trkpt lat="37.41142" lon="-121.99495">
        <ele>2.0</ele>
        <time>2022-07-18T00:01:11Z</time>
      </trkpt>
      <trkpt lat="37.41151" lon="-121.99497">
        <ele>1.79</ele>
        <time>2022-07-18T00:01:15Z</time>
      </trkpt>
      <trkpt lat="37.41158" lon="-121.99497">
        <ele>1.3</ele>
        <time>2022-07-18T00:01:18Z</time>
      </trkpt>
    </trkseg>
    <trkseg>
      <trkpt lat="37.41157" lon="-121.99493">
        <ele>1.77</ele>
        <time>2022-07-18T00:03:25Z</time>
      </trkpt>
      <trkpt lat="37.41159" lon="-121.9949">
        <ele>1.83</ele>
        <time>2022-07-18T00:03:30Z</time>
      </trkpt>
      <trkpt lat="37.41158" lon="-121.99485">
        <ele>1.94</ele>
        <time>2022-07-18T00:03:31Z</time>
      </trkpt>
      <trkpt lat="37.41157" lon="-121.99473">
        <ele>2.04</ele>
        <time>2022-07-18T00:03:34Z</time>
      </trkpt>
      <trkpt lat="37.41157" lon="-121.99465">
        <ele>1.3</ele>
        <time>2022-07-18T00:03:36Z</time>
      </trkpt>
      <trkpt lat="37.41156" lon="-121.99455">
        <ele>1.3</ele>
        <time>2022-07-18T00:03:38Z</time>
      </trkpt>
      <trkpt lat="37.41154" lon="-121.99447">
        <ele>1.74</ele>
        <time>2022-07-18T00:03:39Z</time>
      </trkpt>
      <trkpt lat="37.41152" lon="-121.99431">
        <ele>1.58</ele>
        <time>2022-07-18T00:03:43Z</time>
      </trkpt>
      <trkpt lat="37.41151" lon="-121.9942">
        <ele>1.69</ele>
        <time>2022-07-18T00:03:45Z</time>
      </trkpt>
      <trkpt lat="37.4115" lon="-121.99401">
        <ele>1.0</ele>
        <time>2022-07-18T00:03:48Z</time>
      </trkpt>
      <trkpt lat="37.4115" lon="-121.99394">
        <ele>1.0</ele>
        <time>2022-07-18T00:03:50Z</time>
      </trkpt>
      <trkpt lat="37.41151" lon="-121.99384">
        <ele>1.0</ele>
        <time>2022-07-18T00:03:52Z</time>
      </trkpt>
      <trkpt lat="37.41152" lon="-121.99373">
        <ele>1.0</ele>
        <time>2022-07-18T00:03:54Z</time>
      </trkpt>
      <trkpt lat="37.41154" lon="-121.9936">
        <ele>1.41</ele>
        <time>2022-07-18T00:03:56Z</time>
      </trkpt>
      <trkpt lat="37.41155" lon="-121.99351">
        <ele>1.59</ele>
        <time>2022-07-18T00:03:58Z</time>
      </trkpt>
      <trkpt lat="37.41157" lon="-121.99341">
        <ele>2.04</ele>
        <time>2022-07-18T00:04:01Z</time>
      </trkpt>
      <trkpt lat="37.4116" lon="-121.9933">
        <ele>1.46</ele>
        <time>2022-07-18T00:04:04Z</time>
      </trkpt>
      <trkpt lat="37.41159" lon="-121.99321">
        <ele>1.0</ele>
        <time>2022-07-18T00:04:06Z</time>
      </trkpt>
      <trkpt lat="37.41153" lon="-121.99316">
        <ele>1.0</ele>
        <time>2022-07-18T00:04:08Z</time>
      </trkpt>
      <trkpt lat="37.41145" lon="-121.99312">
        <ele>1.0</ele>
        <time>2022-07-18T00:04:10Z</time>
      </trkpt>
      <trkpt lat="37.41138" lon="-121.9931">
        <ele>1.0</ele>
        <time>2022-07-18T00:04:12Z</time>
      </trkpt>
      <trkpt lat="37.41129" lon="-121.99307">
        <ele>1.07</ele>
        <time>2022-07-18T00:04:14Z</time>
      </trkpt>
      <trkpt lat="37.41122" lon="-121.99304">
        <ele>1.82</ele>
        <time>2022-07-18T00:04:16Z</time>
      </trkpt>
      <trkpt lat="37.41114" lon="-121.99302">
        <ele>2.0</ele>
        <time>2022-07-18T00:04:18Z</time>
      </trkpt>
      <trkpt lat="37.41105" lon="-121.993">
        <ele>2.0</ele>
        <time>2022-07-18T00:04:21Z</time>
      </trkpt>
      <trkpt lat="37.41097" lon="-121.993">
        <ele>2.0</ele>
        <time>2022-07-18T00:04:23Z</time>
      </trkpt>
      <trkpt lat="37.4109" lon="-121.99298">
        <ele>2.0</ele>
        <time>2022-07-18T00:04:25Z</time>
      </trkpt>
      <trkpt lat="37.41086" lon="-121.99291">
        <ele>2.0</ele>
        <time>2022-07-18T00:04:28Z</time>
      </trkpt>
      <trkpt lat="37.41086" lon="-121.99282">
        <ele>2.77</ele>
        <time>2022-07-18T00:04:29Z</time>
      </trkpt>
      <trkpt lat="37.41087" lon="-121.99272">
        <ele>3.21</ele>
        <time>2022-07-18T00:04:31Z</time>
      </trkpt>
      <trkpt lat="37.41089" lon="-121.9926">
        <ele>2.78</ele>
        <time>2022-07-18T00:04:32Z</time>
      </trkpt>
      <trkpt lat="37.4109" lon="-121.99249">
        <ele>2.28</ele>
        <time>2022-07-18T00:04:34Z</time>
      </trkpt>
      <trkpt lat="37.41091" lon="-121.9924">
        <ele>2.17</ele>
        <time>2022-07-18T00:04:36Z</time>
      </trkpt>
      <trkpt lat="37.41092" lon="-121.99245">
        <ele>2.06</ele>
        <time>2022-07-18T00:04:36Z</time>
      </trkpt>
      <trkpt lat="37.41093" lon="-121.99231">
        <ele>2.05</ele>
        <time>2022-07-18T00:04:37Z</time>
      </trkpt>
      <trkpt lat="37.41094" lon="-121.99225">
        <ele>2.59</ele>
        <time>2022-07-18T00:04:38Z</time>
      </trkpt>
      <trkpt lat="37.41094" lon="-121.9922">
        <ele>2.85</ele>
        <time>2022-07-18T00:04:39Z</time>
      </trkpt>
      <trkpt lat="37.41094" lon="-121.99215">
        <ele>2.85</ele>
        <time>2022-07-18T00:04:41Z</time>
      </trkpt>
      <trkpt lat="37.41096" lon="-121.99205">
        <ele>2.63</ele>
        <time>2022-07-18T00:04:43Z</time>
      </trkpt>
      <trkpt lat="37.411" lon="-121.99197">
        <ele>2.2</ele>
        <time>2022-07-18T00:04:45Z</time>
      </trkpt>
      <trkpt lat="37.41101" lon="-121.99187">
        <ele>2.09</ele>
        <time>2022-07-18T00:04:46Z</time>
      </trkpt>
      <trkpt lat="37.41104" lon="-121.99177">
        <ele>1.97</ele>
        <time>2022-07-18T00:04:49Z</time>
      </trkpt>
      <trkpt lat="37.41106" lon="-121.9917">
        <ele>2.35</ele>
        <time>2022-07-18T00:04:50Z</time>
      </trkpt>
      <trkpt lat="37.41107" lon="-121.99159">
        <ele>2.44</ele>
        <time>2022-07-18T00:04:52Z</time>
      </trkpt>
      <trkpt lat="37.41108" lon="-121.99147">
        <ele>2.34</ele>
        <time>2022-07-18T00:04:53Z</time>
      </trkpt>
      <trkpt lat="37.41109" lon="-121.99141">
        <ele>2.23</ele>
        <time>2022-07-18T00:04:54Z</time>
      </trkpt>
      <trkpt lat="37.4111" lon="-121.99135">
        <ele>2.12</ele>
        <time>2022-07-18T00:04:55Z</time>
      </trkpt>
      <trkpt lat="37.41112" lon="-121.99128">
        <ele>2.16</ele>
        <time>2022-07-18T00:04:56Z</time>
      </trkpt>
      <trkpt lat="37.41113" lon="-121.99122">
        <ele>2.66</ele>
        <time>2022-07-18T00:04:57Z</time>
      </trkpt>
      <trkpt lat="37.41114" lon="-121.99116">
        <ele>2.69</ele>
        <time>2022-07-18T00:04:58Z</time>
      </trkpt>
      <trkpt lat="37.41116" lon="-121.99109">
        <ele>2.47</ele>
        <time>2022-07-18T00:04:59Z</time>
      </trkpt>
      <trkpt lat="37.41118" lon="-121.99103">
        <ele>2.26</ele>
        <time>2022-07-18T00:05:00Z</time>
      </trkpt>
      <trkpt lat="37.41119" lon="-121.99096">
        <ele>2.69</ele>
        <time>2022-07-18T00:05:01Z</time>
      </trkpt>
      <trkpt lat="37.41121" lon="-121.9909">
        <ele>2.93</ele>
        <time>2022-07-18T00:05:02Z</time>
      </trkpt>
      <trkpt lat="37.41122" lon="-121.99083">
        <ele>2.82</ele>
        <time>2022-07-18T00:05:03Z</time>
      </trkpt>
      <trkpt lat="37.41124" lon="-121.99076">
        <ele>2.61</ele>
        <time>2022-07-18T00:05:04Z</time>
      </trkpt>
      <trkpt lat="37.41125" lon="-121.99069">
        <ele>2.5</ele>
        <time>2022-07-18T00:05:05Z</time>
      </trkpt>
      <trkpt lat="37.41126" lon="-121.99062">
        <ele>2.39</ele>
        <time>2022-07-18T00:05:06Z</time>
      </trkpt>
      <trkpt lat="37.41128" lon="-121.99056">
        <ele>2.18</ele>
        <time>2022-07-18T00:05:07Z</time>
      </trkpt>
      <trkpt lat="37.41129" lon="-121.99049">
        <ele>2.73</ele>
        <time>2022-07-18T00:05:08Z</time>
      </trkpt>
      <trkpt lat="37.4113" lon="-121.99043">
        <ele>2.96</ele>
        <time>2022-07-18T00:05:09Z</time>
      </trkpt>
      <trkpt lat="37.41132" lon="-121.99036">
        <ele>2.74</ele>
        <time>2022-07-18T00:05:10Z</time>
      </trkpt>
      <trkpt lat="37.41133" lon="-121.9903">
        <ele>2.64</ele>
        <time>2022-07-18T00:05:11Z</time>
      </trkpt>
      <trkpt lat="37.41134" lon="-121.99023">
        <ele>2.53</ele>
        <time>2022-07-18T00:05:12Z</time>
      </trkpt>
      <trkpt lat="37.41136" lon="-121.99017">
        <ele>2.48</ele>
        <time>2022-07-18T00:05:13Z</time>
      </trkpt>
      <trkpt lat="37.41137" lon="-121.9901">
        <ele>3.12</ele>
        <time>2022-07-18T00:05:14Z</time>
      </trkpt>
      <trkpt lat="37.41138" lon="-121.99004">
        <ele>3.1</ele>
        <time>2022-07-18T00:05:15Z</time>
      </trkpt>
      <trkpt lat="37.4114" lon="-121.98997">
        <ele>2.88</ele>
        <time>2022-07-18T00:05:16Z</time>
      </trkpt>
      <trkpt lat="37.41141" lon="-121.98991">
        <ele>2.77</ele>
        <time>2022-07-18T00:05:17Z</time>
      </trkpt>
      <trkpt lat="37.41142" lon="-121.98984">
        <ele>3.15</ele>
        <time>2022-07-18T00:05:18Z</time>
      </trkpt>
      <trkpt lat="37.41144" lon="-121.98977">
        <ele>2.9</ele>
        <time>2022-07-18T00:05:19Z</time>
      </trkpt>
      <trkpt lat="37.41145" lon="-121.9897">
        <ele>2.84</ele>
        <time>2022-07-18T00:05:20Z</time>
      </trkpt>
      <trkpt lat="37.41147" lon="-121.98963">
        <ele>3.12</ele>
        <time>2022-07-18T00:05:21Z</time>
      </trkpt>
      <trkpt lat="37.41149" lon="-121.98956">
        <ele>3.59</ele>
        <time>2022-07-18T00:05:22Z</time>
      </trkpt>
      <trkpt lat="37.41151" lon="-121.98949">
        <ele>3.38</ele>
        <time>2022-07-18T00:05:23Z</time>
      </trkpt>
      <trkpt lat="37.41153" lon="-121.98943">
        <ele>2.95</ele>
        <time>2022-07-18T00:05:24Z</time>
      </trkpt>
      <trkpt lat="37.41155" lon="-121.98936">
        <ele>2.52</ele>
        <time>2022-07-18T00:05:25Z</time>
      </trkpt>
      <trkpt lat="37.41157" lon="-121.98928">
        <ele>2.83</ele>
        <time>2022-07-18T00:05:26Z</time>
      </trkpt>
      <trkpt lat="37.41159" lon="-121.98921">
        <ele>3.27</ele>
        <time>2022-07-18T00:05:27Z</time>
      </trkpt>
      <trkpt lat="37.41161" lon="-121.98914">
        <ele>3.22</ele>
        <time>2022-07-18T00:05:28Z</time>
      </trkpt>
      <trkpt lat="37.41163" lon="-121.98906">
        <ele>2.85</ele>
        <time>2022-07-18T00:05:29Z</time>
      </trkpt>
      <trkpt lat="37.41165" lon="-121.98899">
        <ele>2.52</ele>
        <time>2022-07-18T00:05:30Z</time>
      </trkpt>
      <trkpt lat="37.41167" lon="-121.98891">
        <ele>3.49</ele>
        <time>2022-07-18T00:05:31Z</time>
      </trkpt>
      <trkpt lat="37.41169" lon="-121.98883">
        <ele>3.97</ele>
        <time>2022-07-18T00:05:32Z</time>
      </trkpt>
      <trkpt lat="37.41171" lon="-121.98876">
        <ele>3.6</ele>
        <time>2022-07-18T00:05:33Z</time>
      </trkpt>
      <trkpt lat="37.41173" lon="-121.98869">
        <ele>3.05</ele>
        <time>2022-07-18T00:05:34Z</time>
      </trkpt>
      <trkpt lat="37.41175" lon="-121.98863">
        <ele>3.02</ele>
        <time>2022-07-18T00:05:35Z</time>
      </trkpt>
      <trkpt lat="37.41178" lon="-121.98856">
        <ele>3.43</ele>
        <time>2022-07-18T00:05:36Z</time>
      </trkpt>
      <trkpt lat="37.4118" lon="-121.9885">
        <ele>3.67</ele>
        <time>2022-07-18T00:05:37Z</time>
      </trkpt>
      <trkpt lat="37.41183" lon="-121.98843">
        <ele>3.46</ele>
        <time>2022-07-18T00:05:38Z</time>
      </trkpt>
      <trkpt lat="37.41185" lon="-121.98837">
        <ele>3.04</ele>
        <time>2022-07-18T00:05:39Z</time>
      </trkpt>
      <trkpt lat="37.41188" lon="-121.98831">
        <ele>3.18</ele>
        <time>2022-07-18T00:05:40Z</time>
      </trkpt>
      <trkpt lat="37.41191" lon="-121.98824">
        <ele>3.37</ele>
        <time>2022-07-18T00:05:41Z</time>
      </trkpt>
      <trkpt lat="37.41193" lon="-121.98818">
        <ele>3.26</ele>
        <time>2022-07-18T00:05:42Z</time>
      </trkpt>
      <trkpt lat="37.41195" lon="-121.98811">
        <ele>3.39</ele>
        <time>2022-07-18T00:05:43Z</time>
      </trkpt>
      <trkpt lat="37.41197" lon="-121.98804">
        <ele>3.72</ele>
        <time>2022-07-18T00:05:44Z</time>
      </trkpt>
      <trkpt lat="37.41199" lon="-121.98797">
        <ele>3.51</ele>
        <time>2022-07-18T00:05:45Z</time>
      </trkpt>
      <trkpt lat="37.41201" lon="-121.98791">
        <ele>3.86</ele>
        <time>2022-07-18T00:05:46Z</time>
      </trkpt>
      <trkpt lat="37.41203" lon="-121.98785">
        <ele>4.09</ele>
        <time>2022-07-18T00:05:47Z</time>
      </trkpt>
      <trkpt lat="37.41206" lon="-121.98779">
        <ele>3.75</ele>
        <time>2022-07-18T00:05:48Z</time>
      </trkpt>
      <trkpt lat="37.41208" lon="-121.98774">
        <ele>3.73</ele>
        <time>2022-07-18T00:05:49Z</time>
      </trkpt>
      <trkpt lat="37.41211" lon="-121.98768">
        <ele>4.01</ele>
        <time>2022-07-18T00:05:50Z</time>
      </trkpt>
      <trkpt lat="37.41214" lon="-121.98763">
        <ele>3.95</ele>
        <time>2022-07-18T00:05:51Z</time>
      </trkpt>
      <trkpt lat="37.41216" lon="-121.98758">
        <ele>4.0</ele>
        <time>2022-07-18T00:05:52Z</time>
      </trkpt>
      <trkpt lat="37.41219" lon="-121.98753">
        <ele>4.0</ele>
        <time>2022-07-18T00:05:53Z</time>
      </trkpt>
      <trkpt lat="37.41221" lon="-121.98747">
        <ele>4.0</ele>
        <time>2022-07-18T00:05:54Z</time>
      </trkpt>
      <trkpt lat="37.41223" lon="-121.98743">
        <ele>4.0</ele>
        <time>2022-07-18T00:05:55Z</time>
      </trkpt>
      <trkpt lat="37.41224" lon="-121.9874">
        <ele>4.0</ele>
        <time>2022-07-18T00:05:56Z</time>
      </trkpt>
      <trkpt lat="37.41227" lon="-121.98735">
        <ele>4.0</ele>
        <time>2022-07-18T00:05:57Z</time>
      </trkpt>
      <trkpt lat="37.41229" lon="-121.9873">
        <ele>4.16</ele>
        <time>2022-07-18T00:05:58Z</time>
      </trkpt>
      <trkpt lat="37.41231" lon="-121.98726">
        <ele>4.59</ele>
        <time>2022-07-18T00:05:59Z</time>
      </trkpt>
      <trkpt lat="37.41233" lon="-121.98721">
        <ele>5.0</ele>
        <time>2022-07-18T00:06:01Z</time>
      </trkpt>
      <trkpt lat="37.41236" lon="-121.98713">
        <ele>5.0</ele>
        <time>2022-07-18T00:06:03Z</time>
      </trkpt>
      <trkpt lat="37.4124" lon="-121.98705">
        <ele>5.0</ele>
        <time>2022-07-18T00:06:05Z</time>
      </trkpt>
      <trkpt lat="37.41245" lon="-121.98698">
        <ele>6.08</ele>
        <time>2022-07-18T00:06:07Z</time>
      </trkpt>
      <trkpt lat="37.4125" lon="-121.98694">
        <ele>6.86</ele>
        <time>2022-07-18T00:06:11Z</time>
      </trkpt>
      <trkpt lat="37.41257" lon="-121.98692">
        <ele>5.85</ele>
        <time>2022-07-18T00:06:13Z</time>
      </trkpt>
      <trkpt lat="37.41266" lon="-121.98692">
        <ele>5.01</ele>
        <time>2022-07-18T00:06:14Z</time>
      </trkpt>
      <trkpt lat="37.41272" lon="-121.98692">
        <ele>4.64</ele>
        <time>2022-07-18T00:06:15Z</time>
      </trkpt>
      <trkpt lat="37.41277" lon="-121.98692">
        <ele>4.49</ele>
        <time>2022-07-18T00:06:16Z</time>
      </trkpt>
      <trkpt lat="37.41282" lon="-121.98692">
        <ele>4.47</ele>
        <time>2022-07-18T00:06:17Z</time>
      </trkpt>
      <trkpt lat="37.41288" lon="-121.98692">
        <ele>4.5</ele>
        <time>2022-07-18T00:06:18Z</time>
      </trkpt>
      <trkpt lat="37.41293" lon="-121.98692">
        <ele>4.64</ele>
        <time>2022-07-18T00:06:19Z</time>
      </trkpt>
      <trkpt lat="37.41298" lon="-121.98692">
        <ele>4.69</ele>
        <time>2022-07-18T00:06:20Z</time>
      </trkpt>
      <trkpt lat="37.41303" lon="-121.98692">
        <ele>4.54</ele>
        <time>2022-07-18T00:06:21Z</time>
      </trkpt>
      <trkpt lat="37.41308" lon="-121.98692">
        <ele>4.47</ele>
        <time>2022-07-18T00:06:22Z</time>
      </trkpt>
      <trkpt lat="37.41313" lon="-121.98692">
        <ele>4.47</ele>
        <time>2022-07-18T00:06:23Z</time>
      </trkpt>
      <trkpt lat="37.41319" lon="-121.98692">
        <ele>4.47</ele>
        <time>2022-07-18T00:06:24Z</time>
      </trkpt>
      <trkpt lat="37.41324" lon="-121.98692">
        <ele>4.47</ele>
        <time>2022-07-18T00:06:25Z</time>
      </trkpt>
      <trkpt lat="37.41329" lon="-121.98692">
        <ele>4.47</ele>
        <time>2022-07-18T00:06:26Z</time>
      </trkpt>
      <trkpt lat="37.41334" lon="-121.98692">
        <ele>4.47</ele>
        <time>2022-07-18T00:06:27Z</time>
      </trkpt>
      <trkpt lat="37.41339" lon="-121.98692">
        <ele>4.47</ele>
        <time>2022-07-18T00:06:28Z</time>
      </trkpt>
      <trkpt lat="37.41344" lon="-121.98693">
        <ele>4.69</ele>
        <time>2022-07-18T00:06:29Z</time>
      </trkpt>
      <trkpt lat="37.41349" lon="-121.98692">
        <ele>4.47</ele>
        <time>2022-07-18T00:06:30Z</time>
      </trkpt>
      <trkpt lat="37.41353" lon="-121.98692">
        <ele>4.47</ele>
        <time>2022-07-18T00:06:31Z</time>
      </trkpt>
      <trkpt lat="37.41358" lon="-121.98692">
        <ele>4.47</ele>
        <time>2022-07-18T00:06:32Z</time>
      </trkpt>
      <trkpt lat="37.41363" lon="-121.98692">
        <ele>4.47</ele>
        <time>2022-07-18T00:06:33Z</time>
      </trkpt>
      <trkpt lat="37.41368" lon="-121.98692">
        <ele>4.47</ele>
        <time>2022-07-18T00:06:34Z</time>
      </trkpt>
      <trkpt lat="37.41372" lon="-121.98692">
        <ele>4.47</ele>
        <time>2022-07-18T00:06:35Z</time>
      </trkpt>
      <trkpt lat="37.41377" lon="-121.98692">
        <ele>4.47</ele>
        <time>2022-07-18T00:06:36Z</time>
      </trkpt>
      <trkpt lat="37.41382" lon="-121.98692">
        <ele>4.54</ele>
        <time>2022-07-18T00:06:37Z</time>
      </trkpt>
      <trkpt lat="37.41386" lon="-121.98691">
        <ele>4.51</ele>
        <time>2022-07-18T00:06:38Z</time>
      </trkpt>
      <trkpt lat="37.41391" lon="-121.98689">
        <ele>4.45</ele>
        <time>2022-07-18T00:06:39Z</time>
      </trkpt>
      <trkpt lat="37.41395" lon="-121.98686">
        <ele>4.63</ele>
        <time>2022-07-18T00:06:40Z</time>
      </trkpt>
      <trkpt lat="37.414" lon="-121.98685">
        <ele>4.96</ele>
        <time>2022-07-18T00:06:41Z</time>
      </trkpt>
      <trkpt lat="37.41405" lon="-121.98684">
        <ele>4.74</ele>
        <time>2022-07-18T00:06:42Z</time>
      </trkpt>
      <trkpt lat="37.41409" lon="-121.98683">
        <ele>4.53</ele>
        <time>2022-07-18T00:06:43Z</time>
      </trkpt>
      <trkpt lat="37.41413" lon="-121.98683">
        <ele>4.53</ele>
        <time>2022-07-18T00:06:44Z</time>
      </trkpt>
      <trkpt lat="37.41417" lon="-121.98683">
        <ele>4.53</ele>
        <time>2022-07-18T00:06:45Z</time>
      </trkpt>
      <trkpt lat="37.41422" lon="-121.98683">
        <ele>4.53</ele>
        <time>2022-07-18T00:06:46Z</time>
      </trkpt>
      <trkpt lat="37.41427" lon="-121.98683">
        <ele>4.5</ele>
        <time>2022-07-18T00:06:47Z</time>
      </trkpt>
      <trkpt lat="37.41432" lon="-121.98684">
        <ele>4.66</ele>
        <time>2022-07-18T00:06:48Z</time>
      </trkpt>
      <trkpt lat="37.41437" lon="-121.98684">
        <ele>4.62</ele>
        <time>2022-07-18T00:06:49Z</time>
      </trkpt>
      <trkpt lat="37.41442" lon="-121.98684">
        <ele>4.62</ele>
        <time>2022-07-18T00:06:50Z</time>
      </trkpt>
      <trkpt lat="37.41447" lon="-121.98684">
        <ele>4.65</ele>
        <time>2022-07-18T00:06:51Z</time>
      </trkpt>
      <trkpt lat="37.41452" lon="-121.98684">
        <ele>4.72</ele>
        <time>2022-07-18T00:06:52Z</time>
      </trkpt>
      <trkpt lat="37.41457" lon="-121.98684">
        <ele>4.7</ele>
        <time>2022-07-18T00:06:53Z</time>
      </trkpt>
      <trkpt lat="37.41462" lon="-121.98684">
        <ele>4.63</ele>
        <time>2022-07-18T00:06:54Z</time>
      </trkpt>
      <trkpt lat="37.41467" lon="-121.98684">
        <ele>4.62</ele>
        <time>2022-07-18T00:06:55Z</time>
      </trkpt>
      <trkpt lat="37.41472" lon="-121.98684">
        <ele>4.62</ele>
        <time>2022-07-18T00:06:56Z</time>
      </trkpt>
      <trkpt lat="37.41477" lon="-121.98684">
        <ele>4.62</ele>
        <time>2022-07-18T00:06:57Z</time>
      </trkpt>
      <trkpt lat="37.41481" lon="-121.98684">
        <ele>4.62</ele>
        <time>2022-07-18T00:06:58Z</time>
      </trkpt>
      <trkpt lat="37.41486" lon="-121.98684">
        <ele>4.62</ele>
        <time>2022-07-18T00:06:59Z</time>
      </trkpt>
      <trkpt lat="37.4149" lon="-121.98684">
        <ele>4.62</ele>
        <time>2022-07-18T00:07:00Z</time>
      </trkpt>
      <trkpt lat="37.41495" lon="-121.98684">
        <ele>4.56</ele>
        <time>2022-07-18T00:07:01Z</time>
      </trkpt>
      <trkpt lat="37.415" lon="-121.98684">
        <ele>4.49</ele>
        <time>2022-07-18T00:07:02Z</time>
      </trkpt>
      <trkpt lat="37.41505" lon="-121.98684">
        <ele>4.63</ele>
        <time>2022-07-18T00:07:03Z</time>
      </trkpt>
      <trkpt lat="37.41509" lon="-121.98685">
        <ele>4.96</ele>
        <time>2022-07-18T00:07:04Z</time>
      </trkpt>
      <trkpt lat="37.41514" lon="-121.98686">
        <ele>4.49</ele>
        <time>2022-07-18T00:07:05Z</time>
      </trkpt>
      <trkpt lat="37.41518" lon="-121.98688">
        <ele>4.33</ele>
        <time>2022-07-18T00:07:06Z</time>
      </trkpt>
      <trkpt lat="37.41523" lon="-121.9869">
        <ele>4.29</ele>
        <time>2022-07-18T00:07:07Z</time>
      </trkpt>
      <trkpt lat="37.41527" lon="-121.98692">
        <ele>4.49</ele>
        <time>2022-07-18T00:07:08Z</time>
      </trkpt>
      <trkpt lat="37.41532" lon="-121.98693">
        <ele>4.69</ele>
        <time>2022-07-18T00:07:09Z</time>
      </trkpt>
      <trkpt lat="37.41536" lon="-121.98693">
        <ele>4.69</ele>
        <time>2022-07-18T00:07:10Z</time>
      </trkpt>
      <trkpt lat="37.41541" lon="-121.98693">
        <ele>4.69</ele>
        <time>2022-07-18T00:07:11Z</time>
      </trkpt>
      <trkpt lat="37.41546" lon="-121.98693">
        <ele>4.69</ele>
        <time>2022-07-18T00:07:12Z</time>
      </trkpt>
      <trkpt lat="37.41551" lon="-121.98693">
        <ele>4.69</ele>
        <time>2022-07-18T00:07:13Z</time>
      </trkpt>
      <trkpt lat="37.41556" lon="-121.98692">
        <ele>4.47</ele>
        <time>2022-07-18T00:07:14Z</time>
      </trkpt>
      <trkpt lat="37.41561" lon="-121.98692">
        <ele>4.47</ele>
        <time>2022-07-18T00:07:15Z</time>
      </trkpt>
      <trkpt lat="37.41566" lon="-121.98692">
        <ele>4.47</ele>
        <time>2022-07-18T00:07:16Z</time>
      </trkpt>
      <trkpt lat="37.4157" lon="-121.98692">
        <ele>4.47</ele>
        <time>2022-07-18T00:07:17Z</time>
      </trkpt>
      <trkpt lat="37.41575" lon="-121.98692">
        <ele>4.47</ele>
        <time>2022-07-18T00:07:18Z</time>
      </trkpt>
      <trkpt lat="37.4158" lon="-121.98693">
        <ele>4.69</ele>
        <time>2022-07-18T00:07:19Z</time>
      </trkpt>
      <trkpt lat="37.41585" lon="-121.98693">
        <ele>4.69</ele>
        <time>2022-07-18T00:07:20Z</time>
      </trkpt>
      <trkpt lat="37.4159" lon="-121.98693">
        <ele>4.69</ele>
        <time>2022-07-18T00:07:21Z</time>
      </trkpt>
      <trkpt lat="37.41595" lon="-121.98693">
        <ele>4.69</ele>
        <time>2022-07-18T00:07:22Z</time>
      </trkpt>
      <trkpt lat="37.416" lon="-121.98693">
        <ele>4.69</ele>
        <time>2022-07-18T00:07:23Z</time>
      </trkpt>
      <trkpt lat="37.41605" lon="-121.98693">
        <ele>4.69</ele>
        <time>2022-07-18T00:07:24Z</time>
      </trkpt>
      <trkpt lat="37.4161" lon="-121.98693">
        <ele>4.69</ele>
        <time>2022-07-18T00:07:25Z</time>
      </trkpt>
      <trkpt lat="37.41615" lon="-121.98693">
        <ele>4.69</ele>
        <time>2022-07-18T00:07:26Z</time>
      </trkpt>
      <trkpt lat="37.4162" lon="-121.98693">
        <ele>4.69</ele>
        <time>2022-07-18T00:07:27Z</time>
      </trkpt>
      <trkpt lat="37.41625" lon="-121.98693">
        <ele>4.69</ele>
        <time>2022-07-18T00:07:28Z</time>
      </trkpt>
      <trkpt lat="37.41631" lon="-121.98693">
        <ele>4.69</ele>
        <time>2022-07-18T00:07:29Z</time>
      </trkpt>
      <trkpt lat="37.41636" lon="-121.98693">
        <ele>4.69</ele>
        <time>2022-07-18T00:07:30Z</time>
      </trkpt>
      <trkpt lat="37.41641" lon="-121.98694">
        <ele>4.9</ele>
        <time>2022-07-18T00:07:31Z</time>
      </trkpt>
      <trkpt lat="37.41646" lon="-121.98694">
        <ele>4.9</ele>
        <time>2022-07-18T00:07:32Z</time>
      </trkpt>
      <trkpt lat="37.41651" lon="-121.98694">
        <ele>4.9</ele>
        <time>2022-07-18T00:07:33Z</time>
      </trkpt>
      <trkpt lat="37.41656" lon="-121.98694">
        <ele>4.9</ele>
        <time>2022-07-18T00:07:34Z</time>
      </trkpt>
      <trkpt lat="37.41661" lon="-121.98694">
        <ele>4.9</ele>
        <time>2022-07-18T00:07:35Z</time>
      </trkpt>
      <trkpt lat="37.41667" lon="-121.98694">
        <ele>4.9</ele>
        <time>2022-07-18T00:07:36Z</time>
      </trkpt>
      <trkpt lat="37.41672" lon="-121.98695">
        <ele>4.97</ele>
        <time>2022-07-18T00:07:37Z</time>
      </trkpt>
      <trkpt lat="37.41677" lon="-121.98695">
        <ele>5.0</ele>
        <time>2022-07-18T00:07:38Z</time>
      </trkpt>
      <trkpt lat="37.41682" lon="-121.98696">
        <ele>5.0</ele>
        <time>2022-07-18T00:07:39Z</time>
      </trkpt>
      <trkpt lat="37.41686" lon="-121.98697">
        <ele>5.0</ele>
        <time>2022-07-18T00:07:40Z</time>
      </trkpt>
      <trkpt lat="37.41691" lon="-121.98698">
        <ele>5.0</ele>
        <time>2022-07-18T00:07:41Z</time>
      </trkpt>
      <trkpt lat="37.41695" lon="-121.98701">
        <ele>5.0</ele>
        <time>2022-07-18T00:07:42Z</time>
      </trkpt>
      <trkpt lat="37.41699" lon="-121.98704">
        <ele>4.97</ele>
        <time>2022-07-18T00:07:43Z</time>
      </trkpt>
      <trkpt lat="37.41702" lon="-121.98709">
        <ele>4.43</ele>
        <time>2022-07-18T00:07:44Z</time>
      </trkpt>
      <trkpt lat="37.41704" lon="-121.98714">
        <ele>4.0</ele>
        <time>2022-07-18T00:07:45Z</time>
      </trkpt>
      <trkpt lat="37.41706" lon="-121.9872">
        <ele>4.0</ele>
        <time>2022-07-18T00:07:46Z</time>
      </trkpt>
      <trkpt lat="37.41707" lon="-121.98727">
        <ele>4.0</ele>
        <time>2022-07-18T00:07:47Z</time>
      </trkpt>
      <trkpt lat="37.41707" lon="-121.98733">
        <ele>4.11</ele>
        <time>2022-07-18T00:07:48Z</time>
      </trkpt>
      <trkpt lat="37.41707" lon="-121.98739">
        <ele>4.52</ele>
        <time>2022-07-18T00:07:49Z</time>
      </trkpt>
      <trkpt lat="37.41707" lon="-121.98746">
        <ele>4.64</ele>
        <time>2022-07-18T00:07:50Z</time>
      </trkpt>
      <trkpt lat="37.41707" lon="-121.98752">
        <ele>4.72</ele>
        <time>2022-07-18T00:07:51Z</time>
      </trkpt>
      <trkpt lat="37.41707" lon="-121.98758">
        <ele>4.95</ele>
        <time>2022-07-18T00:07:52Z</time>
      </trkpt>
      <trkpt lat="37.41706" lon="-121.98764">
        <ele>4.87</ele>
        <time>2022-07-18T00:07:53Z</time>
      </trkpt>
      <trkpt lat="37.41706" lon="-121.9877">
        <ele>4.63</ele>
        <time>2022-07-18T00:07:54Z</time>
      </trkpt>
      <trkpt lat="37.41706" lon="-121.98777">
        <ele>4.06</ele>
        <time>2022-07-18T00:07:55Z</time>
      </trkpt>
      <trkpt lat="37.41706" lon="-121.98783">
        <ele>3.86</ele>
        <time>2022-07-18T00:07:56Z</time>
      </trkpt>
      <trkpt lat="37.41705" lon="-121.98789">
        <ele>3.86</ele>
        <time>2022-07-18T00:07:57Z</time>
      </trkpt>
      <trkpt lat="37.41705" lon="-121.98796">
        <ele>3.86</ele>
        <time>2022-07-18T00:07:58Z</time>
      </trkpt>
      <trkpt lat="37.41705" lon="-121.98802">
        <ele>3.86</ele>
        <time>2022-07-18T00:07:59Z</time>
      </trkpt>
      <trkpt lat="37.41705" lon="-121.98809">
        <ele>3.86</ele>
        <time>2022-07-18T00:08:00Z</time>
      </trkpt>
      <trkpt lat="37.41705" lon="-121.98816">
        <ele>3.86</ele>
        <time>2022-07-18T00:08:01Z</time>
      </trkpt>
      <trkpt lat="37.41705" lon="-121.98822">
        <ele>3.86</ele>
        <time>2022-07-18T00:08:02Z</time>
      </trkpt>
      <trkpt lat="37.41705" lon="-121.98829">
        <ele>3.86</ele>
        <time>2022-07-18T00:08:03Z</time>
      </trkpt>
      <trkpt lat="37.41705" lon="-121.98835">
        <ele>3.86</ele>
        <time>2022-07-18T00:08:04Z</time>
      </trkpt>
      <trkpt lat="37.41705" lon="-121.98841">
        <ele>3.86</ele>
        <time>2022-07-18T00:08:05Z</time>
      </trkpt>
      <trkpt lat="37.41705" lon="-121.98847">
        <ele>3.86</ele>
        <time>2022-07-18T00:08:06Z</time>
      </trkpt>
      <trkpt lat="37.41705" lon="-121.98853">
        <ele>3.86</ele>
        <time>2022-07-18T00:08:07Z</time>
      </trkpt>
      <trkpt lat="37.41705" lon="-121.98859">
        <ele>3.86</ele>
        <time>2022-07-18T00:08:08Z</time>
      </trkpt>
      <trkpt lat="37.41705" lon="-121.98865">
        <ele>3.86</ele>
        <time>2022-07-18T00:08:09Z</time>
      </trkpt>
      <trkpt lat="37.41705" lon="-121.98871">
        <ele>3.86</ele>
        <time>2022-07-18T00:08:10Z</time>
      </trkpt>
      <trkpt lat="37.41705" lon="-121.98877">
        <ele>3.86</ele>
        <time>2022-07-18T00:08:11Z</time>
      </trkpt>
      <trkpt lat="37.41704" lon="-121.98883">
        <ele>3.97</ele>
        <time>2022-07-18T00:08:12Z</time>
      </trkpt>
      <trkpt lat="37.41704" lon="-121.98889">
        <ele>3.97</ele>
        <time>2022-07-18T00:08:13Z</time>
      </trkpt>
      <trkpt lat="37.41704" lon="-121.98895">
        <ele>3.97</ele>
        <time>2022-07-18T00:08:14Z</time>
      </trkpt>
      <trkpt lat="37.41704" lon="-121.98901">
        <ele>3.97</ele>
        <time>2022-07-18T00:08:15Z</time>
      </trkpt>
      <trkpt lat="37.41705" lon="-121.98907">
        <ele>3.86</ele>
        <time>2022-07-18T00:08:16Z</time>
      </trkpt>
      <trkpt lat="37.41705" lon="-121.98912">
        <ele>3.86</ele>
        <time>2022-07-18T00:08:17Z</time>
      </trkpt>
      <trkpt lat="37.41705" lon="-121.98918">
        <ele>3.86</ele>
        <time>2022-07-18T00:08:18Z</time>
      </trkpt>
      <trkpt lat="37.41705" lon="-121.98924">
        <ele>3.86</ele>
        <time>2022-07-18T00:08:19Z</time>
      </trkpt>
      <trkpt lat="37.41704" lon="-121.9893">
        <ele>3.97</ele>
        <time>2022-07-18T00:08:20Z</time>
      </trkpt>
      <trkpt lat="37.41704" lon="-121.98936">
        <ele>3.97</ele>
        <time>2022-07-18T00:08:21Z</time>
      </trkpt>
      <trkpt lat="37.41704" lon="-121.98942">
        <ele>3.97</ele>
        <time>2022-07-18T00:08:22Z</time>
      </trkpt>
      <trkpt lat="37.41704" lon="-121.98948">
        <ele>3.97</ele>
        <time>2022-07-18T00:08:23Z</time>
      </trkpt>
      <trkpt lat="37.41704" lon="-121.98954">
        <ele>3.97</ele>
        <time>2022-07-18T00:08:24Z</time>
      </trkpt>
      <trkpt lat="37.41704" lon="-121.9896">
        <ele>3.97</ele>
        <time>2022-07-18T00:08:25Z</time>
      </trkpt>
      <trkpt lat="37.41704" lon="-121.98966">
        <ele>3.97</ele>
        <time>2022-07-18T00:08:26Z</time>
      </trkpt>
      <trkpt lat="37.41704" lon="-121.98972">
        <ele>3.97</ele>
        <time>2022-07-18T00:08:27Z</time>
      </trkpt>
      <trkpt lat="37.41704" lon="-121.98977">
        <ele>3.97</ele>
        <time>2022-07-18T00:08:28Z</time>
      </trkpt>
      <trkpt lat="37.41704" lon="-121.98983">
        <ele>3.97</ele>
        <time>2022-07-18T00:08:29Z</time>
      </trkpt>
      <trkpt lat="37.41704" lon="-121.98989">
        <ele>3.97</ele>
        <time>2022-07-18T00:08:30Z</time>
      </trkpt>
      <trkpt lat="37.41704" lon="-121.98995">
        <ele>3.97</ele>
        <time>2022-07-18T00:08:31Z</time>
      </trkpt>
      <trkpt lat="37.41704" lon="-121.99001">
        <ele>3.97</ele>
        <time>2022-07-18T00:08:32Z</time>
      </trkpt>
      <trkpt lat="37.41705" lon="-121.99007">
        <ele>3.86</ele>
        <time>2022-07-18T00:08:33Z</time>
      </trkpt>
      <trkpt lat="37.41705" lon="-121.99013">
        <ele>3.86</ele>
        <time>2022-07-18T00:08:34Z</time>
      </trkpt>
      <trkpt lat="37.41705" lon="-121.9902">
        <ele>4.0</ele>
        <time>2022-07-18T00:08:35Z</time>
      </trkpt>
      <trkpt lat="37.41705" lon="-121.99026">
        <ele>4.55</ele>
        <time>2022-07-18T00:08:36Z</time>
      </trkpt>
      <trkpt lat="37.41705" lon="-121.99032">
        <ele>4.33</ele>
        <time>2022-07-18T00:08:37Z</time>
      </trkpt>
      <trkpt lat="37.41705" lon="-121.99038">
        <ele>3.86</ele>
        <time>2022-07-18T00:08:38Z</time>
      </trkpt>
      <trkpt lat="37.41705" lon="-121.99044">
        <ele>3.86</ele>
        <time>2022-07-18T00:08:39Z</time>
      </trkpt>
      <trkpt lat="37.41705" lon="-121.9905">
        <ele>3.86</ele>
        <time>2022-07-18T00:08:40Z</time>
      </trkpt>
      <trkpt lat="37.41705" lon="-121.99056">
        <ele>3.86</ele>
        <time>2022-07-18T00:08:41Z</time>
      </trkpt>
      <trkpt lat="37.41705" lon="-121.99062">
        <ele>3.86</ele>
        <time>2022-07-18T00:08:42Z</time>
      </trkpt>
      <trkpt lat="37.41705" lon="-121.99068">
        <ele>3.86</ele>
        <time>2022-07-18T00:08:43Z</time>
      </trkpt>
      <trkpt lat="37.41705" lon="-121.99074">
        <ele>3.86</ele>
        <time>2022-07-18T00:08:44Z</time>
      </trkpt>
      <trkpt lat="37.41705" lon="-121.9908">
        <ele>3.86</ele>
        <time>2022-07-18T00:08:45Z</time>
      </trkpt>
      <trkpt lat="37.41705" lon="-121.99086">
        <ele>3.86</ele>
        <time>2022-07-18T00:08:46Z</time>
      </trkpt>
      <trkpt lat="37.41705" lon="-121.99092">
        <ele>3.86</ele>
        <time>2022-07-18T00:08:47Z</time>
      </trkpt>
      <trkpt lat="37.41705" lon="-121.99098">
        <ele>3.86</ele>
        <time>2022-07-18T00:08:48Z</time>
      </trkpt>
      <trkpt lat="37.41705" lon="-121.99105">
        <ele>3.86</ele>
        <time>2022-07-18T00:08:49Z</time>
      </trkpt>
      <trkpt lat="37.41705" lon="-121.99111">
        <ele>3.86</ele>
        <time>2022-07-18T00:08:50Z</time>
      </trkpt>
      <trkpt lat="37.41706" lon="-121.99118">
        <ele>3.75</ele>
        <time>2022-07-18T00:08:51Z</time>
      </trkpt>
      <trkpt lat="37.41706" lon="-121.99124">
        <ele>3.75</ele>
        <time>2022-07-18T00:08:52Z</time>
      </trkpt>
      <trkpt lat="37.41706" lon="-121.99131">
        <ele>3.75</ele>
        <time>2022-07-18T00:08:53Z</time>
      </trkpt>
      <trkpt lat="37.41706" lon="-121.99137">
        <ele>3.75</ele>
        <time>2022-07-18T00:08:54Z</time>
      </trkpt>
      <trkpt lat="37.41705" lon="-121.99143">
        <ele>3.86</ele>
        <time>2022-07-18T00:08:55Z</time>
      </trkpt>
      <trkpt lat="37.41705" lon="-121.9915">
        <ele>3.86</ele>
        <time>2022-07-18T00:08:56Z</time>
      </trkpt>
      <trkpt lat="37.41705" lon="-121.99156">
        <ele>3.86</ele>
        <time>2022-07-18T00:08:57Z</time>
      </trkpt>
      <trkpt lat="37.41705" lon="-121.99163">
        <ele>3.86</ele>
        <time>2022-07-18T00:08:58Z</time>
      </trkpt>
      <trkpt lat="37.41705" lon="-121.99169">
        <ele>3.86</ele>
        <time>2022-07-18T00:08:59Z</time>
      </trkpt>
      <trkpt lat="37.41705" lon="-121.99176">
        <ele>3.86</ele>
        <time>2022-07-18T00:09:00Z</time>
      </trkpt>
      <trkpt lat="37.41705" lon="-121.99182">
        <ele>3.86</ele>
        <time>2022-07-18T00:09:01Z</time>
      </trkpt>
      <trkpt lat="37.41705" lon="-121.99189">
        <ele>3.86</ele>
        <time>2022-07-18T00:09:02Z</time>
      </trkpt>
      <trkpt lat="37.41705" lon="-121.99195">
        <ele>3.86</ele>
        <time>2022-07-18T00:09:03Z</time>
      </trkpt>
      <trkpt lat="37.41705" lon="-121.99201">
        <ele>3.86</ele>
        <time>2022-07-18T00:09:04Z</time>
      </trkpt>
      <trkpt lat="37.41705" lon="-121.99208">
        <ele>3.86</ele>
        <time>2022-07-18T00:09:05Z</time>
      </trkpt>
      <trkpt lat="37.41705" lon="-121.99214">
        <ele>3.86</ele>
        <time>2022-07-18T00:09:06Z</time>
      </trkpt>
      <trkpt lat="37.41705" lon="-121.9922">
        <ele>3.86</ele>
        <time>2022-07-18T00:09:07Z</time>
      </trkpt>
      <trkpt lat="37.41705" lon="-121.99225">
        <ele>3.86</ele>
        <time>2022-07-18T00:09:08Z</time>
      </trkpt>
      <trkpt lat="37.41705" lon="-121.99231">
        <ele>3.86</ele>
        <time>2022-07-18T00:09:09Z</time>
      </trkpt>
      <trkpt lat="37.41706" lon="-121.99237">
        <ele>3.75</ele>
        <time>2022-07-18T00:09:10Z</time>
      </trkpt>
      <trkpt lat="37.41706" lon="-121.99242">
        <ele>3.75</ele>
        <time>2022-07-18T00:09:11Z</time>
      </trkpt>
      <trkpt lat="37.41706" lon="-121.99248">
        <ele>3.75</ele>
        <time>2022-07-18T00:09:12Z</time>
      </trkpt>
      <trkpt lat="37.41706" lon="-121.99254">
        <ele>3.75</ele>
        <time>2022-07-18T00:09:13Z</time>
      </trkpt>
      <trkpt lat="37.41706" lon="-121.9926">
        <ele>3.75</ele>
        <time>2022-07-18T00:09:14Z</time>
      </trkpt>
      <trkpt lat="37.41706" lon="-121.99266">
        <ele>3.75</ele>
        <time>2022-07-18T00:09:15Z</time>
      </trkpt>
      <trkpt lat="37.41706" lon="-121.99272">
        <ele>3.75</ele>
        <time>2022-07-18T00:09:16Z</time>
      </trkpt>
      <trkpt lat="37.41706" lon="-121.99278">
        <ele>3.75</ele>
        <time>2022-07-18T00:09:17Z</time>
      </trkpt>
      <trkpt lat="37.41705" lon="-121.99284">
        <ele>3.86</ele>
        <time>2022-07-18T00:09:18Z</time>
      </trkpt>
      <trkpt lat="37.41705" lon="-121.99289">
        <ele>3.86</ele>
        <time>2022-07-18T00:09:19Z</time>
      </trkpt>
      <trkpt lat="37.41706" lon="-121.99295">
        <ele>3.75</ele>
        <time>2022-07-18T00:09:20Z</time>
      </trkpt>
      <trkpt lat="37.41705" lon="-121.99301">
        <ele>3.86</ele>
        <time>2022-07-18T00:09:21Z</time>
      </trkpt>
      <trkpt lat="37.41705" lon="-121.99307">
        <ele>3.86</ele>
        <time>2022-07-18T00:09:22Z</time>
      </trkpt>
      <trkpt lat="37.41705" lon="-121.99313">
        <ele>3.86</ele>
        <time>2022-07-18T00:09:23Z</time>
      </trkpt>
      <trkpt lat="37.41705" lon="-121.99319">
        <ele>3.86</ele>
        <time>2022-07-18T00:09:24Z</time>
      </trkpt>
      <trkpt lat="37.41705" lon="-121.99325">
        <ele>3.87</ele>
        <time>2022-07-18T00:09:25Z</time>
      </trkpt>
      <trkpt lat="37.41705" lon="-121.99331">
        <ele>3.96</ele>
        <time>2022-07-18T00:09:26Z</time>
      </trkpt>
      <trkpt lat="37.41705" lon="-121.99337">
        <ele>4.0</ele>
        <time>2022-07-18T00:09:27Z</time>
      </trkpt>
      <trkpt lat="37.41705" lon="-121.99343">
        <ele>4.0</ele>
        <time>2022-07-18T00:09:28Z</time>
      </trkpt>
      <trkpt lat="37.41705" lon="-121.99349">
        <ele>4.0</ele>
        <time>2022-07-18T00:09:29Z</time>
      </trkpt>
      <trkpt lat="37.41705" lon="-121.99355">
        <ele>4.0</ele>
        <time>2022-07-18T00:09:30Z</time>
      </trkpt>
      <trkpt lat="37.41705" lon="-121.99361">
        <ele>4.0</ele>
        <time>2022-07-18T00:09:31Z</time>
      </trkpt>
      <trkpt lat="37.41705" lon="-121.99365">
        <ele>4.0</ele>
        <time>2022-07-18T00:09:32Z</time>
      </trkpt>
      <trkpt lat="37.41705" lon="-121.99369">
        <ele>4.0</ele>
        <time>2022-07-18T00:09:33Z</time>
      </trkpt>
      <trkpt lat="37.41705" lon="-121.99375">
        <ele>3.93</ele>
        <time>2022-07-18T00:09:34Z</time>
      </trkpt>
      <trkpt lat="37.41705" lon="-121.99379">
        <ele>3.87</ele>
        <time>2022-07-18T00:09:36Z</time>
      </trkpt>
      <trkpt lat="37.41704" lon="-121.99384">
        <ele>3.97</ele>
        <time>2022-07-18T00:09:37Z</time>
      </trkpt>
      <trkpt lat="37.41704" lon="-121.99389">
        <ele>3.97</ele>
        <time>2022-07-18T00:09:39Z</time>
      </trkpt>
      <trkpt lat="37.41704" lon="-121.99397">
        <ele>3.97</ele>
        <time>2022-07-18T00:09:41Z</time>
      </trkpt>
      <trkpt lat="37.41703" lon="-121.99407">
        <ele>3.92</ele>
        <time>2022-07-18T00:09:42Z</time>
      </trkpt>
      <trkpt lat="37.41703" lon="-121.99416">
        <ele>3.85</ele>
        <time>2022-07-18T00:09:44Z</time>
      </trkpt>
      <trkpt lat="37.41705" lon="-121.99424">
        <ele>3.86</ele>
        <time>2022-07-18T00:09:46Z</time>
      </trkpt>
      <trkpt lat="37.41704" lon="-121.99413">
        <ele>3.98</ele>
        <time>2022-07-18T00:09:58Z</time>
      </trkpt>
      <trkpt lat="37.41704" lon="-121.99404">
        <ele>3.99</ele>
        <time>2022-07-18T00:10:00Z</time>
      </trkpt>
      <trkpt lat="37.41705" lon="-121.99396">
        <ele>3.86</ele>
        <time>2022-07-18T00:10:03Z</time>
      </trkpt>
    </trkseg>
    <trkseg>
      <trkpt lat="37.41704" lon="-121.99396">
        <ele>3.97</ele>
        <time>2022-07-18T00:11:31Z</time>
      </trkpt>
      <trkpt lat="37.41704" lon="-121.99392">
        <ele>3.97</ele>
        <time>2022-07-18T00:11:40Z</time>
      </trkpt>
      <trkpt lat="37.41704" lon="-121.99387">
        <ele>3.97</ele>
        <time>2022-07-18T00:11:42Z</time>
      </trkpt>
      <trkpt lat="37.41705" lon="-121.99381">
        <ele>3.86</ele>
        <time>2022-07-18T00:11:44Z</time>
      </trkpt>
      <trkpt lat="37.41706" lon="-121.99372">
        <ele>3.96</ele>
        <time>2022-07-18T00:11:45Z</time>
      </trkpt>
      <trkpt lat="37.41706" lon="-121.99363">
        <ele>4.0</ele>
        <time>2022-07-18T00:11:48Z</time>
      </trkpt>
      <trkpt lat="37.41706" lon="-121.9935">
        <ele>4.0</ele>
        <time>2022-07-18T00:11:51Z</time>
      </trkpt>
      <trkpt lat="37.41706" lon="-121.99342">
        <ele>4.0</ele>
        <time>2022-07-18T00:11:53Z</time>
      </trkpt>
      <trkpt lat="37.41706" lon="-121.99328">
        <ele>3.86</ele>
        <time>2022-07-18T00:11:55Z</time>
      </trkpt>
      <trkpt lat="37.41706" lon="-121.9932">
        <ele>3.75</ele>
        <time>2022-07-18T00:11:57Z</time>
      </trkpt>
      <trkpt lat="37.41706" lon="-121.99311">
        <ele>3.75</ele>
        <time>2022-07-18T00:11:59Z</time>
      </trkpt>
      <trkpt lat="37.41705" lon="-121.99296">
        <ele>3.86</ele>
        <time>2022-07-18T00:12:01Z</time>
      </trkpt>
      <trkpt lat="37.41705" lon="-121.99287">
        <ele>3.86</ele>
        <time>2022-07-18T00:12:03Z</time>
      </trkpt>
      <trkpt lat="37.41705" lon="-121.99279">
        <ele>3.86</ele>
        <time>2022-07-18T00:12:05Z</time>
      </trkpt>
      <trkpt lat="37.41705" lon="-121.99263">
        <ele>3.86</ele>
        <time>2022-07-18T00:12:06Z</time>
      </trkpt>
      <trkpt lat="37.41705" lon="-121.99257">
        <ele>3.86</ele>
        <time>2022-07-18T00:12:07Z</time>
      </trkpt>
      <trkpt lat="37.41705" lon="-121.99251">
        <ele>3.86</ele>
        <time>2022-07-18T00:12:08Z</time>
      </trkpt>
      <trkpt lat="37.41705" lon="-121.99245">
        <ele>3.86</ele>
        <time>2022-07-18T00:12:09Z</time>
      </trkpt>
      <trkpt lat="37.41705" lon="-121.99239">
        <ele>3.86</ele>
        <time>2022-07-18T00:12:10Z</time>
      </trkpt>
      <trkpt lat="37.41705" lon="-121.99233">
        <ele>3.86</ele>
        <time>2022-07-18T00:12:11Z</time>
      </trkpt>
      <trkpt lat="37.41705" lon="-121.99227">
        <ele>3.86</ele>
        <time>2022-07-18T00:12:12Z</time>
      </trkpt>
      <trkpt lat="37.41705" lon="-121.99221">
        <ele>3.86</ele>
        <time>2022-07-18T00:12:13Z</time>
      </trkpt>
      <trkpt lat="37.41705" lon="-121.99215">
        <ele>3.86</ele>
        <time>2022-07-18T00:12:14Z</time>
      </trkpt>
      <trkpt lat="37.41705" lon="-121.99209">
        <ele>3.86</ele>
        <time>2022-07-18T00:12:15Z</time>
      </trkpt>
      <trkpt lat="37.41705" lon="-121.99203">
        <ele>3.86</ele>
        <time>2022-07-18T00:12:16Z</time>
      </trkpt>
      <trkpt lat="37.41705" lon="-121.99197">
        <ele>3.86</ele>
        <time>2022-07-18T00:12:17Z</time>
      </trkpt>
      <trkpt lat="37.41705" lon="-121.99191">
        <ele>3.86</ele>
        <time>2022-07-18T00:12:18Z</time>
      </trkpt>
      <trkpt lat="37.41705" lon="-121.99185">
        <ele>3.86</ele>
        <time>2022-07-18T00:12:19Z</time>
      </trkpt>
      <trkpt lat="37.41705" lon="-121.99178">
        <ele>3.86</ele>
        <time>2022-07-18T00:12:20Z</time>
      </trkpt>
      <trkpt lat="37.41705" lon="-121.99172">
        <ele>3.86</ele>
        <time>2022-07-18T00:12:21Z</time>
      </trkpt>
      <trkpt lat="37.41705" lon="-121.99166">
        <ele>3.86</ele>
        <time>2022-07-18T00:12:22Z</time>
      </trkpt>
      <trkpt lat="37.41705" lon="-121.9916">
        <ele>3.86</ele>
        <time>2022-07-18T00:12:23Z</time>
      </trkpt>
      <trkpt lat="37.41705" lon="-121.99154">
        <ele>3.86</ele>
        <time>2022-07-18T00:12:24Z</time>
      </trkpt>
      <trkpt lat="37.41706" lon="-121.99148">
        <ele>3.75</ele>
        <time>2022-07-18T00:12:25Z</time>
      </trkpt>
      <trkpt lat="37.41706" lon="-121.99142">
        <ele>3.75</ele>
        <time>2022-07-18T00:12:26Z</time>
      </trkpt>
      <trkpt lat="37.41706" lon="-121.99136">
        <ele>3.75</ele>
        <time>2022-07-18T00:12:27Z</time>
      </trkpt>
      <trkpt lat="37.41706" lon="-121.99129">
        <ele>3.75</ele>
        <time>2022-07-18T00:12:28Z</time>
      </trkpt>
      <trkpt lat="37.41706" lon="-121.99124">
        <ele>3.75</ele>
        <time>2022-07-18T00:12:29Z</time>
      </trkpt>
      <trkpt lat="37.41706" lon="-121.99118">
        <ele>3.75</ele>
        <time>2022-07-18T00:12:30Z</time>
      </trkpt>
      <trkpt lat="37.41706" lon="-121.99112">
        <ele>3.75</ele>
        <time>2022-07-18T00:12:31Z</time>
      </trkpt>
      <trkpt lat="37.41705" lon="-121.99106">
        <ele>3.86</ele>
        <time>2022-07-18T00:12:32Z</time>
      </trkpt>
      <trkpt lat="37.41705" lon="-121.99101">
        <ele>3.86</ele>
        <time>2022-07-18T00:12:33Z</time>
      </trkpt>
      <trkpt lat="37.41704" lon="-121.99095">
        <ele>3.97</ele>
        <time>2022-07-18T00:12:34Z</time>
      </trkpt>
      <trkpt lat="37.41704" lon="-121.99089">
        <ele>3.97</ele>
        <time>2022-07-18T00:12:35Z</time>
      </trkpt>
      <trkpt lat="37.41703" lon="-121.99083">
        <ele>3.85</ele>
        <time>2022-07-18T00:12:36Z</time>
      </trkpt>
      <trkpt lat="37.41703" lon="-121.99077">
        <ele>3.85</ele>
        <time>2022-07-18T00:12:37Z</time>
      </trkpt>
      <trkpt lat="37.41703" lon="-121.99071">
        <ele>3.85</ele>
        <time>2022-07-18T00:12:38Z</time>
      </trkpt>
      <trkpt lat="37.41703" lon="-121.99065">
        <ele>3.85</ele>
        <time>2022-07-18T00:12:39Z</time>
      </trkpt>
      <trkpt lat="37.41703" lon="-121.99059">
        <ele>3.85</ele>
        <time>2022-07-18T00:12:40Z</time>
      </trkpt>
      <trkpt lat="37.41704" lon="-121.99053">
        <ele>3.97</ele>
        <time>2022-07-18T00:12:41Z</time>
      </trkpt>
      <trkpt lat="37.41704" lon="-121.99046">
        <ele>3.97</ele>
        <time>2022-07-18T00:12:42Z</time>
      </trkpt>
      <trkpt lat="37.41704" lon="-121.9904">
        <ele>3.97</ele>
        <time>2022-07-18T00:12:43Z</time>
      </trkpt>
      <trkpt lat="37.41704" lon="-121.99034">
        <ele>4.29</ele>
        <time>2022-07-18T00:12:44Z</time>
      </trkpt>
      <trkpt lat="37.41704" lon="-121.99027">
        <ele>4.85</ele>
        <time>2022-07-18T00:12:45Z</time>
      </trkpt>
      <trkpt lat="37.41704" lon="-121.99021">
        <ele>4.23</ele>
        <time>2022-07-18T00:12:46Z</time>
      </trkpt>
      <trkpt lat="37.41704" lon="-121.99015">
        <ele>3.97</ele>
        <time>2022-07-18T00:12:47Z</time>
      </trkpt>
      <trkpt lat="37.41704" lon="-121.99008">
        <ele>3.97</ele>
        <time>2022-07-18T00:12:48Z</time>
      </trkpt>
      <trkpt lat="37.41704" lon="-121.99001">
        <ele>3.97</ele>
        <time>2022-07-18T00:12:49Z</time>
      </trkpt>
      <trkpt lat="37.41704" lon="-121.98995">
        <ele>3.97</ele>
        <time>2022-07-18T00:12:50Z</time>
      </trkpt>
      <trkpt lat="37.41704" lon="-121.98988">
        <ele>3.97</ele>
        <time>2022-07-18T00:12:51Z</time>
      </trkpt>
      <trkpt lat="37.41704" lon="-121.98981">
        <ele>3.97</ele>
        <time>2022-07-18T00:12:52Z</time>
      </trkpt>
      <trkpt lat="37.41704" lon="-121.98975">
        <ele>3.97</ele>
        <time>2022-07-18T00:12:53Z</time>
      </trkpt>
      <trkpt lat="37.41704" lon="-121.98968">
        <ele>3.97</ele>
        <time>2022-07-18T00:12:54Z</time>
      </trkpt>
      <trkpt lat="37.41704" lon="-121.98962">
        <ele>3.97</ele>
        <time>2022-07-18T00:12:55Z</time>
      </trkpt>
      <trkpt lat="37.41704" lon="-121.98956">
        <ele>3.97</ele>
        <time>2022-07-18T00:12:56Z</time>
      </trkpt>
      <trkpt lat="37.41704" lon="-121.98949">
        <ele>3.97</ele>
        <time>2022-07-18T00:12:57Z</time>
      </trkpt>
      <trkpt lat="37.41704" lon="-121.98943">
        <ele>3.97</ele>
        <time>2022-07-18T00:12:58Z</time>
      </trkpt>
      <trkpt lat="37.41704" lon="-121.98937">
        <ele>3.97</ele>
        <time>2022-07-18T00:12:59Z</time>
      </trkpt>
      <trkpt lat="37.41704" lon="-121.9893">
        <ele>3.97</ele>
        <time>2022-07-18T00:13:00Z</time>
      </trkpt>
      <trkpt lat="37.41704" lon="-121.98924">
        <ele>3.97</ele>
        <time>2022-07-18T00:13:01Z</time>
      </trkpt>
      <trkpt lat="37.41705" lon="-121.98918">
        <ele>3.86</ele>
        <time>2022-07-18T00:13:02Z</time>
      </trkpt>
      <trkpt lat="37.41705" lon="-121.98911">
        <ele>3.86</ele>
        <time>2022-07-18T00:13:03Z</time>
      </trkpt>
      <trkpt lat="37.41704" lon="-121.98905">
        <ele>3.97</ele>
        <time>2022-07-18T00:13:04Z</time>
      </trkpt>
      <trkpt lat="37.41704" lon="-121.98898">
        <ele>3.97</ele>
        <time>2022-07-18T00:13:05Z</time>
      </trkpt>
      <trkpt lat="37.41704" lon="-121.98892">
        <ele>3.97</ele>
        <time>2022-07-18T00:13:06Z</time>
      </trkpt>
      <trkpt lat="37.41704" lon="-121.98885">
        <ele>3.97</ele>
        <time>2022-07-18T00:13:07Z</time>
      </trkpt>
      <trkpt lat="37.41704" lon="-121.98879">
        <ele>3.97</ele>
        <time>2022-07-18T00:13:08Z</time>
      </trkpt>
      <trkpt lat="37.41704" lon="-121.98872">
        <ele>3.97</ele>
        <time>2022-07-18T00:13:09Z</time>
      </trkpt>
      <trkpt lat="37.41704" lon="-121.98865">
        <ele>3.97</ele>
        <time>2022-07-18T00:13:10Z</time>
      </trkpt>
      <trkpt lat="37.41704" lon="-121.98859">
        <ele>3.97</ele>
        <time>2022-07-18T00:13:11Z</time>
      </trkpt>
      <trkpt lat="37.41704" lon="-121.98852">
        <ele>3.97</ele>
        <time>2022-07-18T00:13:12Z</time>
      </trkpt>
      <trkpt lat="37.41704" lon="-121.98846">
        <ele>3.97</ele>
        <time>2022-07-18T00:13:13Z</time>
      </trkpt>
      <trkpt lat="37.41704" lon="-121.98839">
        <ele>3.97</ele>
        <time>2022-07-18T00:13:14Z</time>
      </trkpt>
      <trkpt lat="37.41704" lon="-121.98832">
        <ele>3.97</ele>
        <time>2022-07-18T00:13:15Z</time>
      </trkpt>
      <trkpt lat="37.41704" lon="-121.98825">
        <ele>3.97</ele>
        <time>2022-07-18T00:13:16Z</time>
      </trkpt>
      <trkpt lat="37.41704" lon="-121.98819">
        <ele>3.97</ele>
        <time>2022-07-18T00:13:17Z</time>
      </trkpt>
      <trkpt lat="37.41704" lon="-121.98812">
        <ele>3.97</ele>
        <time>2022-07-18T00:13:18Z</time>
      </trkpt>
      <trkpt lat="37.41704" lon="-121.98805">
        <ele>3.97</ele>
        <time>2022-07-18T00:13:19Z</time>
      </trkpt>
      <trkpt lat="37.41704" lon="-121.98799">
        <ele>3.97</ele>
        <time>2022-07-18T00:13:20Z</time>
      </trkpt>
      <trkpt lat="37.41704" lon="-121.98792">
        <ele>3.97</ele>
        <time>2022-07-18T00:13:21Z</time>
      </trkpt>
      <trkpt lat="37.41704" lon="-121.98786">
        <ele>3.97</ele>
        <time>2022-07-18T00:13:22Z</time>
      </trkpt>
      <trkpt lat="37.41704" lon="-121.98779">
        <ele>4.0</ele>
        <time>2022-07-18T00:13:23Z</time>
      </trkpt>
      <trkpt lat="37.41704" lon="-121.98773">
        <ele>4.5</ele>
        <time>2022-07-18T00:13:24Z</time>
      </trkpt>
      <trkpt lat="37.41704" lon="-121.98766">
        <ele>4.98</ele>
        <time>2022-07-18T00:13:25Z</time>
      </trkpt>
      <trkpt lat="37.41704" lon="-121.9876">
        <ele>5.0</ele>
        <time>2022-07-18T00:13:26Z</time>
      </trkpt>
      <trkpt lat="37.41704" lon="-121.98753">
        <ele>4.98</ele>
        <time>2022-07-18T00:13:27Z</time>
      </trkpt>
      <trkpt lat="37.41704" lon="-121.98747">
        <ele>4.97</ele>
        <time>2022-07-18T00:13:28Z</time>
      </trkpt>
      <trkpt lat="37.41704" lon="-121.98741">
        <ele>4.97</ele>
        <time>2022-07-18T00:13:29Z</time>
      </trkpt>
      <trkpt lat="37.41704" lon="-121.98735">
        <ele>4.37</ele>
        <time>2022-07-18T00:13:30Z</time>
      </trkpt>
      <trkpt lat="37.41704" lon="-121.98729">
        <ele>4.0</ele>
        <time>2022-07-18T00:13:31Z</time>
      </trkpt>
      <trkpt lat="37.41704" lon="-121.98724">
        <ele>4.0</ele>
        <time>2022-07-18T00:13:32Z</time>
      </trkpt>
      <trkpt lat="37.41703" lon="-121.9872">
        <ele>3.94</ele>
        <time>2022-07-18T00:13:33Z</time>
      </trkpt>
      <trkpt lat="37.41702" lon="-121.98715">
        <ele>3.96</ele>
        <time>2022-07-18T00:13:34Z</time>
      </trkpt>
      <trkpt lat="37.41701" lon="-121.98711">
        <ele>4.21</ele>
        <time>2022-07-18T00:13:35Z</time>
      </trkpt>
      <trkpt lat="37.41698" lon="-121.98707">
        <ele>4.64</ele>
        <time>2022-07-18T00:13:37Z</time>
      </trkpt>
      <trkpt lat="37.41695" lon="-121.98703">
        <ele>5.0</ele>
        <time>2022-07-18T00:13:38Z</time>
      </trkpt>
      <trkpt lat="37.41692" lon="-121.98701">
        <ele>5.0</ele>
        <time>2022-07-18T00:13:38Z</time>
      </trkpt>
      <trkpt lat="37.41684" lon="-121.98699">
        <ele>5.0</ele>
        <time>2022-07-18T00:13:39Z</time>
      </trkpt>
      <trkpt lat="37.41679" lon="-121.98698">
        <ele>5.0</ele>
        <time>2022-07-18T00:13:40Z</time>
      </trkpt>
      <trkpt lat="37.41674" lon="-121.98697">
        <ele>4.94</ele>
        <time>2022-07-18T00:13:41Z</time>
      </trkpt>
      <trkpt lat="37.41669" lon="-121.98697">
        <ele>4.79</ele>
        <time>2022-07-18T00:13:42Z</time>
      </trkpt>
      <trkpt lat="37.41664" lon="-121.98697">
        <ele>4.8</ele>
        <time>2022-07-18T00:13:43Z</time>
      </trkpt>
      <trkpt lat="37.41659" lon="-121.98697">
        <ele>4.95</ele>
        <time>2022-07-18T00:13:44Z</time>
      </trkpt>
      <trkpt lat="37.41654" lon="-121.98697">
        <ele>5.0</ele>
        <time>2022-07-18T00:13:45Z</time>
      </trkpt>
      <trkpt lat="37.41649" lon="-121.98697">
        <ele>5.0</ele>
        <time>2022-07-18T00:13:46Z</time>
      </trkpt>
      <trkpt lat="37.41644" lon="-121.98697">
        <ele>4.88</ele>
        <time>2022-07-18T00:13:47Z</time>
      </trkpt>
      <trkpt lat="37.41639" lon="-121.98697">
        <ele>4.73</ele>
        <time>2022-07-18T00:13:48Z</time>
      </trkpt>
      <trkpt lat="37.41634" lon="-121.98697">
        <ele>4.72</ele>
        <time>2022-07-18T00:13:49Z</time>
      </trkpt>
      <trkpt lat="37.41629" lon="-121.98696">
        <ele>4.83</ele>
        <time>2022-07-18T00:13:50Z</time>
      </trkpt>
      <trkpt lat="37.41624" lon="-121.98696">
        <ele>4.83</ele>
        <time>2022-07-18T00:13:51Z</time>
      </trkpt>
      <trkpt lat="37.41618" lon="-121.98696">
        <ele>4.83</ele>
        <time>2022-07-18T00:13:52Z</time>
      </trkpt>
      <trkpt lat="37.41613" lon="-121.98696">
        <ele>4.83</ele>
        <time>2022-07-18T00:13:53Z</time>
      </trkpt>
      <trkpt lat="37.41608" lon="-121.98696">
        <ele>4.83</ele>
        <time>2022-07-18T00:13:54Z</time>
      </trkpt>
      <trkpt lat="37.41603" lon="-121.98696">
        <ele>4.83</ele>
        <time>2022-07-18T00:13:55Z</time>
      </trkpt>
      <trkpt lat="37.41598" lon="-121.98696">
        <ele>4.83</ele>
        <time>2022-07-18T00:13:56Z</time>
      </trkpt>
      <trkpt lat="37.41592" lon="-121.98696">
        <ele>4.83</ele>
        <time>2022-07-18T00:13:57Z</time>
      </trkpt>
      <trkpt lat="37.41587" lon="-121.98696">
        <ele>4.83</ele>
        <time>2022-07-18T00:13:58Z</time>
      </trkpt>
      <trkpt lat="37.41582" lon="-121.98696">
        <ele>4.83</ele>
        <time>2022-07-18T00:13:59Z</time>
      </trkpt>
      <trkpt lat="37.41577" lon="-121.98696">
        <ele>4.83</ele>
        <time>2022-07-18T00:14:00Z</time>
      </trkpt>
      <trkpt lat="37.41571" lon="-121.98695">
        <ele>4.94</ele>
        <time>2022-07-18T00:14:01Z</time>
      </trkpt>
      <trkpt lat="37.41566" lon="-121.98695">
        <ele>4.94</ele>
        <time>2022-07-18T00:14:02Z</time>
      </trkpt>
      <trkpt lat="37.41561" lon="-121.98695">
        <ele>4.94</ele>
        <time>2022-07-18T00:14:03Z</time>
      </trkpt>
      <trkpt lat="37.41556" lon="-121.98694">
        <ele>4.9</ele>
        <time>2022-07-18T00:14:04Z</time>
      </trkpt>
      <trkpt lat="37.41551" lon="-121.98694">
        <ele>4.9</ele>
        <time>2022-07-18T00:14:05Z</time>
      </trkpt>
      <trkpt lat="37.41546" lon="-121.98694">
        <ele>4.9</ele>
        <time>2022-07-18T00:14:06Z</time>
      </trkpt>
      <trkpt lat="37.41541" lon="-121.98694">
        <ele>4.9</ele>
        <time>2022-07-18T00:14:07Z</time>
      </trkpt>
      <trkpt lat="37.41536" lon="-121.98694">
        <ele>4.9</ele>
        <time>2022-07-18T00:14:08Z</time>
      </trkpt>
      <trkpt lat="37.41532" lon="-121.98694">
        <ele>4.9</ele>
        <time>2022-07-18T00:14:09Z</time>
      </trkpt>
      <trkpt lat="37.41529" lon="-121.98694">
        <ele>4.9</ele>
        <time>2022-07-18T00:14:10Z</time>
      </trkpt>
      <trkpt lat="37.41525" lon="-121.98694">
        <ele>4.92</ele>
        <time>2022-07-18T00:14:11Z</time>
      </trkpt>
      <trkpt lat="37.41521" lon="-121.98693">
        <ele>4.8</ele>
        <time>2022-07-18T00:14:12Z</time>
      </trkpt>
      <trkpt lat="37.41518" lon="-121.98692">
        <ele>4.71</ele>
        <time>2022-07-18T00:14:13Z</time>
      </trkpt>
      <trkpt lat="37.41513" lon="-121.98691">
        <ele>4.48</ele>
        <time>2022-07-18T00:14:16Z</time>
      </trkpt>
      <trkpt lat="37.4151" lon="-121.98688">
        <ele>4.66</ele>
        <time>2022-07-18T00:14:17Z</time>
      </trkpt>
      <trkpt lat="37.41504" lon="-121.98687">
        <ele>4.69</ele>
        <time>2022-07-18T00:14:17Z</time>
      </trkpt>
      <trkpt lat="37.41499" lon="-121.98686">
        <ele>4.83</ele>
        <time>2022-07-18T00:14:19Z</time>
      </trkpt>
      <trkpt lat="37.41495" lon="-121.98686">
        <ele>4.87</ele>
        <time>2022-07-18T00:14:20Z</time>
      </trkpt>
      <trkpt lat="37.41491" lon="-121.98686">
        <ele>4.91</ele>
        <time>2022-07-18T00:14:20Z</time>
      </trkpt>
      <trkpt lat="37.41485" lon="-121.98686">
        <ele>4.86</ele>
        <time>2022-07-18T00:14:21Z</time>
      </trkpt>
      <trkpt lat="37.4148" lon="-121.98686">
        <ele>4.82</ele>
        <time>2022-07-18T00:14:22Z</time>
      </trkpt>
      <trkpt lat="37.41475" lon="-121.98686">
        <ele>4.82</ele>
        <time>2022-07-18T00:14:23Z</time>
      </trkpt>
      <trkpt lat="37.4147" lon="-121.98686">
        <ele>4.82</ele>
        <time>2022-07-18T00:14:24Z</time>
      </trkpt>
      <trkpt lat="37.41465" lon="-121.98686">
        <ele>4.82</ele>
        <time>2022-07-18T00:14:25Z</time>
      </trkpt>
      <trkpt lat="37.41459" lon="-121.98685">
        <ele>4.95</ele>
        <time>2022-07-18T00:14:26Z</time>
      </trkpt>
      <trkpt lat="37.41454" lon="-121.98685">
        <ele>4.96</ele>
        <time>2022-07-18T00:14:27Z</time>
      </trkpt>
      <trkpt lat="37.41449" lon="-121.98684">
        <ele>4.68</ele>
        <time>2022-07-18T00:14:28Z</time>
      </trkpt>
      <trkpt lat="37.41443" lon="-121.98683">
        <ele>4.29</ele>
        <time>2022-07-18T00:14:29Z</time>
      </trkpt>
      <trkpt lat="37.41438" lon="-121.98683">
        <ele>4.29</ele>
        <time>2022-07-18T00:14:30Z</time>
      </trkpt>
      <trkpt lat="37.41432" lon="-121.98683">
        <ele>4.37</ele>
        <time>2022-07-18T00:14:31Z</time>
      </trkpt>
      <trkpt lat="37.41427" lon="-121.98683">
        <ele>4.5</ele>
        <time>2022-07-18T00:14:32Z</time>
      </trkpt>
      <trkpt lat="37.41421" lon="-121.98684">
        <ele>4.74</ele>
        <time>2022-07-18T00:14:33Z</time>
      </trkpt>
      <trkpt lat="37.41415" lon="-121.98684">
        <ele>4.74</ele>
        <time>2022-07-18T00:14:34Z</time>
      </trkpt>
      <trkpt lat="37.41409" lon="-121.98685">
        <ele>4.96</ele>
        <time>2022-07-18T00:14:35Z</time>
      </trkpt>
      <trkpt lat="37.41404" lon="-121.98685">
        <ele>4.96</ele>
        <time>2022-07-18T00:14:36Z</time>
      </trkpt>
      <trkpt lat="37.41398" lon="-121.98686">
        <ele>4.9</ele>
        <time>2022-07-18T00:14:37Z</time>
      </trkpt>
      <trkpt lat="37.41392" lon="-121.98688">
        <ele>4.44</ele>
        <time>2022-07-18T00:14:38Z</time>
      </trkpt>
      <trkpt lat="37.41387" lon="-121.9869">
        <ele>4.42</ele>
        <time>2022-07-18T00:14:39Z</time>
      </trkpt>
      <trkpt lat="37.41381" lon="-121.98693">
        <ele>4.71</ele>
        <time>2022-07-18T00:14:40Z</time>
      </trkpt>
      <trkpt lat="37.41376" lon="-121.98694">
        <ele>4.9</ele>
        <time>2022-07-18T00:14:41Z</time>
      </trkpt>
      <trkpt lat="37.41371" lon="-121.98695">
        <ele>4.82</ele>
        <time>2022-07-18T00:14:42Z</time>
      </trkpt>
      <trkpt lat="37.41366" lon="-121.98695">
        <ele>4.85</ele>
        <time>2022-07-18T00:14:43Z</time>
      </trkpt>
      <trkpt lat="37.4136" lon="-121.98695">
        <ele>4.88</ele>
        <time>2022-07-18T00:14:44Z</time>
      </trkpt>
      <trkpt lat="37.41355" lon="-121.98695">
        <ele>4.88</ele>
        <time>2022-07-18T00:14:45Z</time>
      </trkpt>
      <trkpt lat="37.4135" lon="-121.98694">
        <ele>4.9</ele>
        <time>2022-07-18T00:14:46Z</time>
      </trkpt>
      <trkpt lat="37.41345" lon="-121.98694">
        <ele>4.9</ele>
        <time>2022-07-18T00:14:47Z</time>
      </trkpt>
      <trkpt lat="37.41339" lon="-121.98694">
        <ele>4.9</ele>
        <time>2022-07-18T00:14:48Z</time>
      </trkpt>
      <trkpt lat="37.41334" lon="-121.98694">
        <ele>4.9</ele>
        <time>2022-07-18T00:14:49Z</time>
      </trkpt>
      <trkpt lat="37.41328" lon="-121.98694">
        <ele>4.9</ele>
        <time>2022-07-18T00:14:50Z</time>
      </trkpt>
      <trkpt lat="37.41323" lon="-121.98693">
        <ele>4.69</ele>
        <time>2022-07-18T00:14:51Z</time>
      </trkpt>
      <trkpt lat="37.41318" lon="-121.98693">
        <ele>4.69</ele>
        <time>2022-07-18T00:14:52Z</time>
      </trkpt>
      <trkpt lat="37.41312" lon="-121.98693">
        <ele>4.69</ele>
        <time>2022-07-18T00:14:53Z</time>
      </trkpt>
      <trkpt lat="37.41307" lon="-121.98693">
        <ele>4.69</ele>
        <time>2022-07-18T00:14:54Z</time>
      </trkpt>
      <trkpt lat="37.41302" lon="-121.98694">
        <ele>4.92</ele>
        <time>2022-07-18T00:14:55Z</time>
      </trkpt>
      <trkpt lat="37.41297" lon="-121.98694">
        <ele>4.95</ele>
        <time>2022-07-18T00:14:56Z</time>
      </trkpt>
      <trkpt lat="37.41291" lon="-121.98694">
        <ele>4.92</ele>
        <time>2022-07-18T00:14:57Z</time>
      </trkpt>
      <trkpt lat="37.41286" lon="-121.98694">
        <ele>4.9</ele>
        <time>2022-07-18T00:14:58Z</time>
      </trkpt>
      <trkpt lat="37.4128" lon="-121.98694">
        <ele>4.9</ele>
        <time>2022-07-18T00:14:59Z</time>
      </trkpt>
      <trkpt lat="37.41275" lon="-121.98694">
        <ele>4.92</ele>
        <time>2022-07-18T00:15:00Z</time>
      </trkpt>
      <trkpt lat="37.4127" lon="-121.98693">
        <ele>4.82</ele>
        <time>2022-07-18T00:15:01Z</time>
      </trkpt>
      <trkpt lat="37.41265" lon="-121.98694">
        <ele>5.33</ele>
        <time>2022-07-18T00:15:02Z</time>
      </trkpt>
      <trkpt lat="37.4126" lon="-121.98694">
        <ele>5.87</ele>
        <time>2022-07-18T00:15:03Z</time>
      </trkpt>
      <trkpt lat="37.41255" lon="-121.98694">
        <ele>6.37</ele>
        <time>2022-07-18T00:15:04Z</time>
      </trkpt>
      <trkpt lat="37.41253" lon="-121.98695">
        <ele>6.62</ele>
        <time>2022-07-18T00:15:05Z</time>
      </trkpt>
      <trkpt lat="37.4125" lon="-121.98692">
        <ele>6.21</ele>
        <time>2022-07-18T00:15:08Z</time>
      </trkpt>
      <trkpt lat="37.41252" lon="-121.98686">
        <ele>4.44</ele>
        <time>2022-07-18T00:15:11Z</time>
      </trkpt>
      <trkpt lat="37.41254" lon="-121.98683">
        <ele>3.99</ele>
        <time>2022-07-18T00:15:12Z</time>
      </trkpt>
      <trkpt lat="37.41256" lon="-121.98679">
        <ele>3.11</ele>
        <time>2022-07-18T00:15:12Z</time>
      </trkpt>
      <trkpt lat="37.41258" lon="-121.98674">
        <ele>1.93</ele>
        <time>2022-07-18T00:15:14Z</time>
      </trkpt>
      <trkpt lat="37.4126" lon="-121.98669">
        <ele>1.25</ele>
        <time>2022-07-18T00:15:15Z</time>
      </trkpt>
      <trkpt lat="37.41267" lon="-121.98658">
        <ele>3.81</ele>
        <time>2022-07-18T00:15:17Z</time>
      </trkpt>
      <trkpt lat="37.41271" lon="-121.98648">
        <ele>6.0</ele>
        <time>2022-07-18T00:15:19Z</time>
      </trkpt>
      <trkpt lat="37.41275" lon="-121.98639">
        <ele>5.31</ele>
        <time>2022-07-18T00:15:21Z</time>
      </trkpt>
      <trkpt lat="37.41279" lon="-121.98622">
        <ele>4.89</ele>
        <time>2022-07-18T00:15:23Z</time>
      </trkpt>
      <trkpt lat="37.41279" lon="-121.98614">
        <ele>4.78</ele>
        <time>2022-07-18T00:15:24Z</time>
      </trkpt>
      <trkpt lat="37.41279" lon="-121.98607">
        <ele>4.35</ele>
        <time>2022-07-18T00:15:25Z</time>
      </trkpt>
      <trkpt lat="37.41279" lon="-121.986">
        <ele>3.89</ele>
        <time>2022-07-18T00:15:26Z</time>
      </trkpt>
      <trkpt lat="37.41279" lon="-121.98593">
        <ele>3.99</ele>
        <time>2022-07-18T00:15:27Z</time>
      </trkpt>
      <trkpt lat="37.41279" lon="-121.98587">
        <ele>4.0</ele>
        <time>2022-07-18T00:15:28Z</time>
      </trkpt>
      <trkpt lat="37.41279" lon="-121.9858">
        <ele>4.0</ele>
        <time>2022-07-18T00:15:29Z</time>
      </trkpt>
      <trkpt lat="37.4128" lon="-121.98573">
        <ele>4.0</ele>
        <time>2022-07-18T00:15:30Z</time>
      </trkpt>
      <trkpt lat="37.4128" lon="-121.98566">
        <ele>4.0</ele>
        <time>2022-07-18T00:15:31Z</time>
      </trkpt>
      <trkpt lat="37.41281" lon="-121.9856">
        <ele>4.0</ele>
        <time>2022-07-18T00:15:32Z</time>
      </trkpt>
      <trkpt lat="37.41282" lon="-121.98553">
        <ele>4.15</ele>
        <time>2022-07-18T00:15:33Z</time>
      </trkpt>
      <trkpt lat="37.41284" lon="-121.98547">
        <ele>4.3</ele>
        <time>2022-07-18T00:15:34Z</time>
      </trkpt>
      <trkpt lat="37.41285" lon="-121.9854">
        <ele>4.52</ele>
        <time>2022-07-18T00:15:35Z</time>
      </trkpt>
      <trkpt lat="37.41287" lon="-121.98534">
        <ele>4.34</ele>
        <time>2022-07-18T00:15:36Z</time>
      </trkpt>
      <trkpt lat="37.4129" lon="-121.98527">
        <ele>4.74</ele>
        <time>2022-07-18T00:15:37Z</time>
      </trkpt>
      <trkpt lat="37.41292" lon="-121.98521">
        <ele>4.8</ele>
        <time>2022-07-18T00:15:38Z</time>
      </trkpt>
      <trkpt lat="37.41295" lon="-121.98515">
        <ele>4.33</ele>
        <time>2022-07-18T00:15:39Z</time>
      </trkpt>
      <trkpt lat="37.41298" lon="-121.98509">
        <ele>4.05</ele>
        <time>2022-07-18T00:15:40Z</time>
      </trkpt>
      <trkpt lat="37.41301" lon="-121.98503">
        <ele>4.67</ele>
        <time>2022-07-18T00:15:41Z</time>
      </trkpt>
      <trkpt lat="37.41304" lon="-121.98497">
        <ele>4.39</ele>
        <time>2022-07-18T00:15:42Z</time>
      </trkpt>
      <trkpt lat="37.41308" lon="-121.9849">
        <ele>4.06</ele>
        <time>2022-07-18T00:15:43Z</time>
      </trkpt>
      <trkpt lat="37.4131" lon="-121.98484">
        <ele>4.38</ele>
        <time>2022-07-18T00:15:44Z</time>
      </trkpt>
      <trkpt lat="37.41313" lon="-121.98478">
        <ele>4.34</ele>
        <time>2022-07-18T00:15:45Z</time>
      </trkpt>
      <trkpt lat="37.41317" lon="-121.98472">
        <ele>4.02</ele>
        <time>2022-07-18T00:15:46Z</time>
      </trkpt>
      <trkpt lat="37.4132" lon="-121.98465">
        <ele>4.34</ele>
        <time>2022-07-18T00:15:47Z</time>
      </trkpt>
      <trkpt lat="37.41323" lon="-121.98459">
        <ele>4.17</ele>
        <time>2022-07-18T00:15:48Z</time>
      </trkpt>
      <trkpt lat="37.41326" lon="-121.98452">
        <ele>3.79</ele>
        <time>2022-07-18T00:15:49Z</time>
      </trkpt>
      <trkpt lat="37.41329" lon="-121.98446">
        <ele>3.47</ele>
        <time>2022-07-18T00:15:50Z</time>
      </trkpt>
      <trkpt lat="37.41331" lon="-121.98439">
        <ele>3.55</ele>
        <time>2022-07-18T00:15:51Z</time>
      </trkpt>
      <trkpt lat="37.41334" lon="-121.98433">
        <ele>3.22</ele>
        <time>2022-07-18T00:15:52Z</time>
      </trkpt>
      <trkpt lat="37.41337" lon="-121.98426">
        <ele>3.6</ele>
        <time>2022-07-18T00:15:53Z</time>
      </trkpt>
      <trkpt lat="37.4134" lon="-121.9842">
        <ele>3.64</ele>
        <time>2022-07-18T00:15:54Z</time>
      </trkpt>
      <trkpt lat="37.41343" lon="-121.98414">
        <ele>3.28</ele>
        <time>2022-07-18T00:15:55Z</time>
      </trkpt>
      <trkpt lat="37.41346" lon="-121.98408">
        <ele>3.59</ele>
        <time>2022-07-18T00:15:56Z</time>
      </trkpt>
      <trkpt lat="37.41348" lon="-121.98401">
        <ele>3.7</ele>
        <time>2022-07-18T00:15:57Z</time>
      </trkpt>
      <trkpt lat="37.41351" lon="-121.98395">
        <ele>3.52</ele>
        <time>2022-07-18T00:15:58Z</time>
      </trkpt>
      <trkpt lat="37.41354" lon="-121.98389">
        <ele>3.76</ele>
        <time>2022-07-18T00:15:59Z</time>
      </trkpt>
      <trkpt lat="37.41356" lon="-121.98382">
        <ele>3.96</ele>
        <time>2022-07-18T00:16:00Z</time>
      </trkpt>
      <trkpt lat="37.41359" lon="-121.98376">
        <ele>3.55</ele>
        <time>2022-07-18T00:16:01Z</time>
      </trkpt>
      <trkpt lat="37.41362" lon="-121.9837">
        <ele>3.13</ele>
        <time>2022-07-18T00:16:02Z</time>
      </trkpt>
      <trkpt lat="37.41365" lon="-121.98364">
        <ele>3.82</ele>
        <time>2022-07-18T00:16:03Z</time>
      </trkpt>
      <trkpt lat="37.41367" lon="-121.98358">
        <ele>4.03</ele>
        <time>2022-07-18T00:16:04Z</time>
      </trkpt>
      <trkpt lat="37.4137" lon="-121.98352">
        <ele>3.13</ele>
        <time>2022-07-18T00:16:05Z</time>
      </trkpt>
      <trkpt lat="37.41373" lon="-121.98346">
        <ele>3.56</ele>
        <time>2022-07-18T00:16:06Z</time>
      </trkpt>
      <trkpt lat="37.41376" lon="-121.9834">
        <ele>3.5</ele>
        <time>2022-07-18T00:16:07Z</time>
      </trkpt>
      <trkpt lat="37.41378" lon="-121.98334">
        <ele>3.34</ele>
        <time>2022-07-18T00:16:08Z</time>
      </trkpt>
      <trkpt lat="37.41382" lon="-121.98328">
        <ele>3.43</ele>
        <time>2022-07-18T00:16:09Z</time>
      </trkpt>
      <trkpt lat="37.41385" lon="-121.98323">
        <ele>3.47</ele>
        <time>2022-07-18T00:16:10Z</time>
      </trkpt>
      <trkpt lat="37.41388" lon="-121.98317">
        <ele>3.17</ele>
        <time>2022-07-18T00:16:11Z</time>
      </trkpt>
      <trkpt lat="37.41391" lon="-121.98311">
        <ele>3.32</ele>
        <time>2022-07-18T00:16:12Z</time>
      </trkpt>
      <trkpt lat="37.41394" lon="-121.98306">
        <ele>3.43</ele>
        <time>2022-07-18T00:16:13Z</time>
      </trkpt>
      <trkpt lat="37.41397" lon="-121.983">
        <ele>3.2</ele>
        <time>2022-07-18T00:16:14Z</time>
      </trkpt>
      <trkpt lat="37.414" lon="-121.98293">
        <ele>3.28</ele>
        <time>2022-07-18T00:16:15Z</time>
      </trkpt>
      <trkpt lat="37.41402" lon="-121.98287">
        <ele>3.59</ele>
        <time>2022-07-18T00:16:16Z</time>
      </trkpt>
      <trkpt lat="37.41405" lon="-121.98281">
        <ele>3.43</ele>
        <time>2022-07-18T00:16:17Z</time>
      </trkpt>
      <trkpt lat="37.41407" lon="-121.98276">
        <ele>3.28</ele>
        <time>2022-07-18T00:16:18Z</time>
      </trkpt>
      <trkpt lat="37.4141" lon="-121.9827">
        <ele>3.6</ele>
        <time>2022-07-18T00:16:19Z</time>
      </trkpt>
      <trkpt lat="37.41413" lon="-121.98264">
        <ele>3.59</ele>
        <time>2022-07-18T00:16:20Z</time>
      </trkpt>
      <trkpt lat="37.41416" lon="-121.98258">
        <ele>3.14</ele>
        <time>2022-07-18T00:16:21Z</time>
      </trkpt>
      <trkpt lat="37.41418" lon="-121.98252">
        <ele>3.11</ele>
        <time>2022-07-18T00:16:22Z</time>
      </trkpt>
      <trkpt lat="37.41421" lon="-121.98246">
        <ele>3.5</ele>
        <time>2022-07-18T00:16:23Z</time>
      </trkpt>
      <trkpt lat="37.41424" lon="-121.9824">
        <ele>3.22</ele>
        <time>2022-07-18T00:16:24Z</time>
      </trkpt>
      <trkpt lat="37.41426" lon="-121.98234">
        <ele>3.0</ele>
        <time>2022-07-18T00:16:25Z</time>
      </trkpt>
      <trkpt lat="37.41429" lon="-121.98228">
        <ele>3.38</ele>
        <time>2022-07-18T00:16:26Z</time>
      </trkpt>
      <trkpt lat="37.41431" lon="-121.98222">
        <ele>4.0</ele>
        <time>2022-07-18T00:16:27Z</time>
      </trkpt>
      <trkpt lat="37.41434" lon="-121.98216">
        <ele>3.5</ele>
        <time>2022-07-18T00:16:28Z</time>
      </trkpt>
      <trkpt lat="37.41436" lon="-121.98211">
        <ele>3.28</ele>
        <time>2022-07-18T00:16:29Z</time>
      </trkpt>
      <trkpt lat="37.41439" lon="-121.98205">
        <ele>3.92</ele>
        <time>2022-07-18T00:16:30Z</time>
      </trkpt>
      <trkpt lat="37.41442" lon="-121.98199">
        <ele>3.76</ele>
        <time>2022-07-18T00:16:31Z</time>
      </trkpt>
      <trkpt lat="37.41444" lon="-121.98193">
        <ele>3.25</ele>
        <time>2022-07-18T00:16:32Z</time>
      </trkpt>
      <trkpt lat="37.41447" lon="-121.98187">
        <ele>3.8</ele>
        <time>2022-07-18T00:16:33Z</time>
      </trkpt>
      <trkpt lat="37.4145" lon="-121.98182">
        <ele>4.14</ele>
        <time>2022-07-18T00:16:34Z</time>
      </trkpt>
      <trkpt lat="37.41452" lon="-121.98176">
        <ele>4.18</ele>
        <time>2022-07-18T00:16:35Z</time>
      </trkpt>
      <trkpt lat="37.41455" lon="-121.9817">
        <ele>3.95</ele>
        <time>2022-07-18T00:16:36Z</time>
      </trkpt>
      <trkpt lat="37.41458" lon="-121.98164">
        <ele>4.15</ele>
        <time>2022-07-18T00:16:37Z</time>
      </trkpt>
      <trkpt lat="37.41461" lon="-121.98158">
        <ele>4.2</ele>
        <time>2022-07-18T00:16:38Z</time>
      </trkpt>
      <trkpt lat="37.41463" lon="-121.98153">
        <ele>4.0</ele>
        <time>2022-07-18T00:16:39Z</time>
      </trkpt>
      <trkpt lat="37.41466" lon="-121.98147">
        <ele>4.08</ele>
        <time>2022-07-18T00:16:40Z</time>
      </trkpt>
      <trkpt lat="37.41469" lon="-121.98141">
        <ele>4.27</ele>
        <time>2022-07-18T00:16:41Z</time>
      </trkpt>
      <trkpt lat="37.41472" lon="-121.98136">
        <ele>4.03</ele>
        <time>2022-07-18T00:16:42Z</time>
      </trkpt>
      <trkpt lat="37.41475" lon="-121.9813">
        <ele>3.99</ele>
        <time>2022-07-18T00:16:43Z</time>
      </trkpt>
      <trkpt lat="37.41478" lon="-121.98125">
        <ele>4.19</ele>
        <time>2022-07-18T00:16:44Z</time>
      </trkpt>
      <trkpt lat="37.41481" lon="-121.9812">
        <ele>4.05</ele>
        <time>2022-07-18T00:16:45Z</time>
      </trkpt>
      <trkpt lat="37.41483" lon="-121.98115">
        <ele>3.93</ele>
        <time>2022-07-18T00:16:46Z</time>
      </trkpt>
      <trkpt lat="37.41485" lon="-121.98111">
        <ele>4.01</ele>
        <time>2022-07-18T00:16:47Z</time>
      </trkpt>
      <trkpt lat="37.41487" lon="-121.98107">
        <ele>4.44</ele>
        <time>2022-07-18T00:16:48Z</time>
      </trkpt>
      <trkpt lat="37.41489" lon="-121.98103">
        <ele>4.88</ele>
        <time>2022-07-18T00:16:49Z</time>
      </trkpt>
      <trkpt lat="37.41491" lon="-121.98099">
        <ele>4.66</ele>
        <time>2022-07-18T00:16:50Z</time>
      </trkpt>
      <trkpt lat="37.41493" lon="-121.98094">
        <ele>4.28</ele>
        <time>2022-07-18T00:16:51Z</time>
      </trkpt>
      <trkpt lat="37.41495" lon="-121.9809">
        <ele>4.74</ele>
        <time>2022-07-18T00:16:52Z</time>
      </trkpt>
      <trkpt lat="37.41498" lon="-121.98087">
        <ele>5.39</ele>
        <time>2022-07-18T00:16:55Z</time>
      </trkpt>
      <trkpt lat="37.41501" lon="-121.98083">
        <ele>5.66</ele>
        <time>2022-07-18T00:16:56Z</time>
      </trkpt>
      <trkpt lat="37.41503" lon="-121.98074">
        <ele>5.32</ele>
        <time>2022-07-18T00:16:58Z</time>
      </trkpt>
      <trkpt lat="37.41506" lon="-121.98066">
        <ele>5.65</ele>
        <time>2022-07-18T00:17:00Z</time>
      </trkpt>
      <trkpt lat="37.4151" lon="-121.98059">
        <ele>6.0</ele>
        <time>2022-07-18T00:17:03Z</time>
      </trkpt>
      <trkpt lat="37.41519" lon="-121.98057">
        <ele>5.98</ele>
        <time>2022-07-18T00:17:07Z</time>
      </trkpt>
      <trkpt lat="37.41526" lon="-121.98056">
        <ele>5.88</ele>
        <time>2022-07-18T00:17:09Z</time>
      </trkpt>
      <trkpt lat="37.41535" lon="-121.98058">
        <ele>5.05</ele>
        <time>2022-07-18T00:17:11Z</time>
      </trkpt>
      <trkpt lat="37.41541" lon="-121.98061">
        <ele>5.0</ele>
        <time>2022-07-18T00:17:13Z</time>
      </trkpt>
      <trkpt lat="37.41546" lon="-121.98057">
        <ele>5.0</ele>
        <time>2022-07-18T00:17:17Z</time>
      </trkpt>
      <trkpt lat="37.41541" lon="-121.98053">
        <ele>4.45</ele>
        <time>2022-07-18T00:17:19Z</time>
      </trkpt>
      <trkpt lat="37.41533" lon="-121.98051">
        <ele>4.45</ele>
        <time>2022-07-18T00:17:21Z</time>
      </trkpt>
      <trkpt lat="37.41523" lon="-121.98048">
        <ele>3.95</ele>
        <time>2022-07-18T00:17:24Z</time>
      </trkpt>
      <trkpt lat="37.41517" lon="-121.98046">
        <ele>3.0</ele>
        <time>2022-07-18T00:17:24Z</time>
      </trkpt>
      <trkpt lat="37.41511" lon="-121.98045">
        <ele>3.0</ele>
        <time>2022-07-18T00:17:25Z</time>
      </trkpt>
      <trkpt lat="37.41506" lon="-121.98044">
        <ele>3.26</ele>
        <time>2022-07-18T00:17:26Z</time>
      </trkpt>
      <trkpt lat="37.415" lon="-121.98042">
        <ele>3.54</ele>
        <time>2022-07-18T00:17:27Z</time>
      </trkpt>
      <trkpt lat="37.41494" lon="-121.98041">
        <ele>3.71</ele>
        <time>2022-07-18T00:17:28Z</time>
      </trkpt>
      <trkpt lat="37.41488" lon="-121.98039">
        <ele>3.49</ele>
        <time>2022-07-18T00:17:29Z</time>
      </trkpt>
      <trkpt lat="37.41483" lon="-121.98038">
        <ele>3.29</ele>
        <time>2022-07-18T00:17:30Z</time>
      </trkpt>
      <trkpt lat="37.41478" lon="-121.98037">
        <ele>3.0</ele>
        <time>2022-07-18T00:17:31Z</time>
      </trkpt>
      <trkpt lat="37.41473" lon="-121.98037">
        <ele>3.0</ele>
        <time>2022-07-18T00:17:32Z</time>
      </trkpt>
      <trkpt lat="37.41468" lon="-121.98036">
        <ele>3.4</ele>
        <time>2022-07-18T00:17:33Z</time>
      </trkpt>
      <trkpt lat="37.41463" lon="-121.98036">
        <ele>3.88</ele>
        <time>2022-07-18T00:17:34Z</time>
      </trkpt>
      <trkpt lat="37.41458" lon="-121.98035">
        <ele>4.62</ele>
        <time>2022-07-18T00:17:35Z</time>
      </trkpt>
      <trkpt lat="37.41454" lon="-121.98035">
        <ele>5.29</ele>
        <time>2022-07-18T00:17:36Z</time>
      </trkpt>
      <trkpt lat="37.41449" lon="-121.98034">
        <ele>5.36</ele>
        <time>2022-07-18T00:17:37Z</time>
      </trkpt>
      <trkpt lat="37.41443" lon="-121.98033">
        <ele>5.32</ele>
        <time>2022-07-18T00:17:38Z</time>
      </trkpt>
      <trkpt lat="37.41438" lon="-121.98032">
        <ele>5.2</ele>
        <time>2022-07-18T00:17:39Z</time>
      </trkpt>
      <trkpt lat="37.41432" lon="-121.9803">
        <ele>4.98</ele>
        <time>2022-07-18T00:17:40Z</time>
      </trkpt>
      <trkpt lat="37.41427" lon="-121.98028">
        <ele>4.93</ele>
        <time>2022-07-18T00:17:41Z</time>
      </trkpt>
      <trkpt lat="37.41422" lon="-121.98026">
        <ele>4.62</ele>
        <time>2022-07-18T00:17:42Z</time>
      </trkpt>
      <trkpt lat="37.41416" lon="-121.98025">
        <ele>4.42</ele>
        <time>2022-07-18T00:17:43Z</time>
      </trkpt>
      <trkpt lat="37.41411" lon="-121.98023">
        <ele>4.28</ele>
        <time>2022-07-18T00:17:44Z</time>
      </trkpt>
      <trkpt lat="37.41406" lon="-121.98022">
        <ele>4.47</ele>
        <time>2022-07-18T00:17:45Z</time>
      </trkpt>
      <trkpt lat="37.41403" lon="-121.98022">
        <ele>4.67</ele>
        <time>2022-07-18T00:17:46Z</time>
      </trkpt>
      <trkpt lat="37.41398" lon="-121.98022">
        <ele>5.01</ele>
        <time>2022-07-18T00:17:47Z</time>
      </trkpt>
      <trkpt lat="37.41395" lon="-121.98022">
        <ele>5.13</ele>
        <time>2022-07-18T00:17:48Z</time>
      </trkpt>
      <trkpt lat="37.41391" lon="-121.98022">
        <ele>5.29</ele>
        <time>2022-07-18T00:17:49Z</time>
      </trkpt>
      <trkpt lat="37.41388" lon="-121.98022">
        <ele>5.36</ele>
        <time>2022-07-18T00:17:50Z</time>
      </trkpt>
      <trkpt lat="37.41383" lon="-121.98021">
        <ele>5.39</ele>
        <time>2022-07-18T00:17:54Z</time>
      </trkpt>
      <trkpt lat="37.41377" lon="-121.98019">
        <ele>5.87</ele>
        <time>2022-07-18T00:17:56Z</time>
      </trkpt>
      <trkpt lat="37.41368" lon="-121.98015">
        <ele>5.34</ele>
        <time>2022-07-18T00:17:59Z</time>
      </trkpt>
      <trkpt lat="37.41357" lon="-121.98013">
        <ele>5.49</ele>
        <time>2022-07-18T00:18:01Z</time>
      </trkpt>
      <trkpt lat="37.41351" lon="-121.98011">
        <ele>5.78</ele>
        <time>2022-07-18T00:18:03Z</time>
      </trkpt>
      <trkpt lat="37.41344" lon="-121.98009">
        <ele>5.91</ele>
        <time>2022-07-18T00:18:05Z</time>
      </trkpt>
      <trkpt lat="37.41333" lon="-121.98007">
        <ele>5.52</ele>
        <time>2022-07-18T00:18:08Z</time>
      </trkpt>
      <trkpt lat="37.41326" lon="-121.98005">
        <ele>5.44</ele>
        <time>2022-07-18T00:18:09Z</time>
      </trkpt>
      <trkpt lat="37.4132" lon="-121.98004">
        <ele>5.49</ele>
        <time>2022-07-18T00:18:11Z</time>
      </trkpt>
      <trkpt lat="37.41312" lon="-121.98003">
        <ele>5.48</ele>
        <time>2022-07-18T00:18:13Z</time>
      </trkpt>
      <trkpt lat="37.41303" lon="-121.98">
        <ele>6.0</ele>
        <time>2022-07-18T00:18:14Z</time>
      </trkpt>
      <trkpt lat="37.41289" lon="-121.97997">
        <ele>5.35</ele>
        <time>2022-07-18T00:18:17Z</time>
      </trkpt>
      <trkpt lat="37.41283" lon="-121.97995">
        <ele>5.19</ele>
        <time>2022-07-18T00:18:18Z</time>
      </trkpt>
      <trkpt lat="37.41278" lon="-121.97994">
        <ele>5.63</ele>
        <time>2022-07-18T00:18:19Z</time>
      </trkpt>
      <trkpt lat="37.41273" lon="-121.97993">
        <ele>5.63</ele>
        <time>2022-07-18T00:18:20Z</time>
      </trkpt>
      <trkpt lat="37.41269" lon="-121.97992">
        <ele>5.74</ele>
        <time>2022-07-18T00:18:21Z</time>
      </trkpt>
      <trkpt lat="37.41264" lon="-121.97991">
        <ele>5.93</ele>
        <time>2022-07-18T00:18:22Z</time>
      </trkpt>
      <trkpt lat="37.41259" lon="-121.9799">
        <ele>5.84</ele>
        <time>2022-07-18T00:18:23Z</time>
      </trkpt>
      <trkpt lat="37.41254" lon="-121.97989">
        <ele>5.73</ele>
        <time>2022-07-18T00:18:24Z</time>
      </trkpt>
      <trkpt lat="37.4125" lon="-121.97988">
        <ele>5.7</ele>
        <time>2022-07-18T00:18:25Z</time>
      </trkpt>
      <trkpt lat="37.41245" lon="-121.97987">
        <ele>5.49</ele>
        <time>2022-07-18T00:18:26Z</time>
      </trkpt>
      <trkpt lat="37.4124" lon="-121.97986">
        <ele>5.51</ele>
        <time>2022-07-18T00:18:27Z</time>
      </trkpt>
      <trkpt lat="37.41235" lon="-121.97985">
        <ele>5.77</ele>
        <time>2022-07-18T00:18:28Z</time>
      </trkpt>
      <trkpt lat="37.41231" lon="-121.97983">
        <ele>6.51</ele>
        <time>2022-07-18T00:18:29Z</time>
      </trkpt>
      <trkpt lat="37.41226" lon="-121.97983">
        <ele>6.51</ele>
        <time>2022-07-18T00:18:30Z</time>
      </trkpt>
      <trkpt lat="37.41223" lon="-121.97982">
        <ele>6.83</ele>
        <time>2022-07-18T00:18:31Z</time>
      </trkpt>
      <trkpt lat="37.4122" lon="-121.97981">
        <ele>7.08</ele>
        <time>2022-07-18T00:18:32Z</time>
      </trkpt>
      <trkpt lat="37.41216" lon="-121.9798">
        <ele>7.19</ele>
        <time>2022-07-18T00:18:33Z</time>
      </trkpt>
      <trkpt lat="37.41214" lon="-121.9798">
        <ele>7.41</ele>
        <time>2022-07-18T00:18:34Z</time>
      </trkpt>
      <trkpt lat="37.4121" lon="-121.97979">
        <ele>7.2</ele>
        <time>2022-07-18T00:18:36Z</time>
      </trkpt>
      <trkpt lat="37.41206" lon="-121.97978">
        <ele>6.87</ele>
        <time>2022-07-18T00:18:39Z</time>
      </trkpt>
      <trkpt lat="37.41196" lon="-121.97975">
        <ele>5.98</ele>
        <time>2022-07-18T00:18:43Z</time>
      </trkpt>
      <trkpt lat="37.4119" lon="-121.97974">
        <ele>6.2</ele>
        <time>2022-07-18T00:18:45Z</time>
      </trkpt>
      <trkpt lat="37.41183" lon="-121.97972">
        <ele>6.68</ele>
        <time>2022-07-18T00:18:46Z</time>
      </trkpt>
      <trkpt lat="37.41173" lon="-121.97969">
        <ele>5.21</ele>
        <time>2022-07-18T00:18:46Z</time>
      </trkpt>
      <trkpt lat="37.41167" lon="-121.97968">
        <ele>5.0</ele>
        <time>2022-07-18T00:18:47Z</time>
      </trkpt>
      <trkpt lat="37.41161" lon="-121.97966">
        <ele>5.21</ele>
        <time>2022-07-18T00:18:48Z</time>
      </trkpt>
      <trkpt lat="37.41155" lon="-121.97964">
        <ele>5.75</ele>
        <time>2022-07-18T00:18:49Z</time>
      </trkpt>
      <trkpt lat="37.4115" lon="-121.97963">
        <ele>5.99</ele>
        <time>2022-07-18T00:18:50Z</time>
      </trkpt>
      <trkpt lat="37.41145" lon="-121.97961">
        <ele>5.44</ele>
        <time>2022-07-18T00:18:51Z</time>
      </trkpt>
      <trkpt lat="37.4114" lon="-121.9796">
        <ele>5.32</ele>
        <time>2022-07-18T00:18:52Z</time>
      </trkpt>
      <trkpt lat="37.41134" lon="-121.97959">
        <ele>5.37</ele>
        <time>2022-07-18T00:18:53Z</time>
      </trkpt>
      <trkpt lat="37.41129" lon="-121.97957">
        <ele>5.4</ele>
        <time>2022-07-18T00:18:54Z</time>
      </trkpt>
      <trkpt lat="37.41124" lon="-121.97956">
        <ele>5.71</ele>
        <time>2022-07-18T00:18:55Z</time>
      </trkpt>
      <trkpt lat="37.41119" lon="-121.97955">
        <ele>6.0</ele>
        <time>2022-07-18T00:18:56Z</time>
      </trkpt>
      <trkpt lat="37.41113" lon="-121.97953">
        <ele>5.76</ele>
        <time>2022-07-18T00:18:57Z</time>
      </trkpt>
      <trkpt lat="37.41108" lon="-121.97952">
        <ele>5.51</ele>
        <time>2022-07-18T00:18:58Z</time>
      </trkpt>
      <trkpt lat="37.41102" lon="-121.9795">
        <ele>5.19</ele>
        <time>2022-07-18T00:18:59Z</time>
      </trkpt>
      <trkpt lat="37.41096" lon="-121.97949">
        <ele>4.98</ele>
        <time>2022-07-18T00:19:00Z</time>
      </trkpt>
      <trkpt lat="37.41089" lon="-121.97947">
        <ele>4.55</ele>
        <time>2022-07-18T00:19:01Z</time>
      </trkpt>
      <trkpt lat="37.41083" lon="-121.97945">
        <ele>4.19</ele>
        <time>2022-07-18T00:19:02Z</time>
      </trkpt>
      <trkpt lat="37.41076" lon="-121.97941">
        <ele>4.92</ele>
        <time>2022-07-18T00:19:03Z</time>
      </trkpt>
      <trkpt lat="37.4107" lon="-121.97937">
        <ele>4.39</ele>
        <time>2022-07-18T00:19:04Z</time>
      </trkpt>
      <trkpt lat="37.41063" lon="-121.97932">
        <ele>3.98</ele>
        <time>2022-07-18T00:19:05Z</time>
      </trkpt>
      <trkpt lat="37.41056" lon="-121.97927">
        <ele>4.18</ele>
        <time>2022-07-18T00:19:06Z</time>
      </trkpt>
      <trkpt lat="37.41048" lon="-121.97923">
        <ele>3.37</ele>
        <time>2022-07-18T00:19:07Z</time>
      </trkpt>
      <trkpt lat="37.4104" lon="-121.9792">
        <ele>3.16</ele>
        <time>2022-07-18T00:19:08Z</time>
      </trkpt>
      <trkpt lat="37.41032" lon="-121.97918">
        <ele>3.22</ele>
        <time>2022-07-18T00:19:09Z</time>
      </trkpt>
      <trkpt lat="37.41025" lon="-121.97916">
        <ele>3.26</ele>
        <time>2022-07-18T00:19:10Z</time>
      </trkpt>
      <trkpt lat="37.41019" lon="-121.97916">
        <ele>3.81</ele>
        <time>2022-07-18T00:19:11Z</time>
      </trkpt>
      <trkpt lat="37.41013" lon="-121.97916">
        <ele>3.81</ele>
        <time>2022-07-18T00:19:12Z</time>
      </trkpt>
      <trkpt lat="37.41007" lon="-121.97916">
        <ele>4.05</ele>
        <time>2022-07-18T00:19:13Z</time>
      </trkpt>
      <trkpt lat="37.41002" lon="-121.97917">
        <ele>4.83</ele>
        <time>2022-07-18T00:19:14Z</time>
      </trkpt>
      <trkpt lat="37.40997" lon="-121.97918">
        <ele>5.42</ele>
        <time>2022-07-18T00:19:15Z</time>
      </trkpt>
      <trkpt lat="37.40992" lon="-121.97918">
        <ele>5.88</ele>
        <time>2022-07-18T00:19:16Z</time>
      </trkpt>
      <trkpt lat="37.40988" lon="-121.97918">
        <ele>6.0</ele>
        <time>2022-07-18T00:19:17Z</time>
      </trkpt>
      <trkpt lat="37.40983" lon="-121.97917">
        <ele>6.0</ele>
        <time>2022-07-18T00:19:18Z</time>
      </trkpt>
      <trkpt lat="37.40978" lon="-121.97916">
        <ele>5.88</ele>
        <time>2022-07-18T00:19:19Z</time>
      </trkpt>
      <trkpt lat="37.40973" lon="-121.97915">
        <ele>5.8</ele>
        <time>2022-07-18T00:19:20Z</time>
      </trkpt>
      <trkpt lat="37.40968" lon="-121.97914">
        <ele>5.71</ele>
        <time>2022-07-18T00:19:21Z</time>
      </trkpt>
      <trkpt lat="37.40963" lon="-121.97913">
        <ele>5.6</ele>
        <time>2022-07-18T00:19:22Z</time>
      </trkpt>
      <trkpt lat="37.40958" lon="-121.97912">
        <ele>5.5</ele>
        <time>2022-07-18T00:19:23Z</time>
      </trkpt>
      <trkpt lat="37.40953" lon="-121.97911">
        <ele>5.58</ele>
        <time>2022-07-18T00:19:24Z</time>
      </trkpt>
      <trkpt lat="37.40948" lon="-121.9791">
        <ele>5.55</ele>
        <time>2022-07-18T00:19:25Z</time>
      </trkpt>
      <trkpt lat="37.40943" lon="-121.97909">
        <ele>5.66</ele>
        <time>2022-07-18T00:19:26Z</time>
      </trkpt>
      <trkpt lat="37.40938" lon="-121.97907">
        <ele>5.9</ele>
        <time>2022-07-18T00:19:27Z</time>
      </trkpt>
      <trkpt lat="37.40933" lon="-121.97906">
        <ele>5.73</ele>
        <time>2022-07-18T00:19:28Z</time>
      </trkpt>
      <trkpt lat="37.40928" lon="-121.97905">
        <ele>5.68</ele>
        <time>2022-07-18T00:19:29Z</time>
      </trkpt>
      <trkpt lat="37.40923" lon="-121.97903">
        <ele>5.51</ele>
        <time>2022-07-18T00:19:30Z</time>
      </trkpt>
      <trkpt lat="37.40918" lon="-121.97901">
        <ele>5.64</ele>
        <time>2022-07-18T00:19:31Z</time>
      </trkpt>
      <trkpt lat="37.40913" lon="-121.979">
        <ele>5.64</ele>
        <time>2022-07-18T00:19:32Z</time>
      </trkpt>
      <trkpt lat="37.40908" lon="-121.97898">
        <ele>5.98</ele>
        <time>2022-07-18T00:19:33Z</time>
      </trkpt>
      <trkpt lat="37.40903" lon="-121.97896">
        <ele>5.51</ele>
        <time>2022-07-18T00:19:34Z</time>
      </trkpt>
      <trkpt lat="37.40899" lon="-121.97894">
        <ele>5.46</ele>
        <time>2022-07-18T00:19:35Z</time>
      </trkpt>
      <trkpt lat="37.40894" lon="-121.97891">
        <ele>5.67</ele>
        <time>2022-07-18T00:19:36Z</time>
      </trkpt>
      <trkpt lat="37.4089" lon="-121.97889">
        <ele>5.98</ele>
        <time>2022-07-18T00:19:37Z</time>
      </trkpt>
      <trkpt lat="37.40885" lon="-121.97886">
        <ele>5.53</ele>
        <time>2022-07-18T00:19:38Z</time>
      </trkpt>
      <trkpt lat="37.40881" lon="-121.97884">
        <ele>5.52</ele>
        <time>2022-07-18T00:19:39Z</time>
      </trkpt>
      <trkpt lat="37.40876" lon="-121.97881">
        <ele>5.79</ele>
        <time>2022-07-18T00:19:40Z</time>
      </trkpt>
      <trkpt lat="37.40872" lon="-121.97878">
        <ele>5.94</ele>
        <time>2022-07-18T00:19:41Z</time>
      </trkpt>
      <trkpt lat="37.40868" lon="-121.97874">
        <ele>5.8</ele>
        <time>2022-07-18T00:19:42Z</time>
      </trkpt>
      <trkpt lat="37.40863" lon="-121.97871">
        <ele>5.89</ele>
        <time>2022-07-18T00:19:43Z</time>
      </trkpt>
      <trkpt lat="37.40859" lon="-121.97868">
        <ele>5.66</ele>
        <time>2022-07-18T00:19:44Z</time>
      </trkpt>
      <trkpt lat="37.40855" lon="-121.97864">
        <ele>5.59</ele>
        <time>2022-07-18T00:19:45Z</time>
      </trkpt>
      <trkpt lat="37.40852" lon="-121.97859">
        <ele>5.99</ele>
        <time>2022-07-18T00:19:46Z</time>
      </trkpt>
      <trkpt lat="37.40848" lon="-121.97855">
        <ele>5.72</ele>
        <time>2022-07-18T00:19:47Z</time>
      </trkpt>
      <trkpt lat="37.40845" lon="-121.97851">
        <ele>5.95</ele>
        <time>2022-07-18T00:19:48Z</time>
      </trkpt>
      <trkpt lat="37.40841" lon="-121.97846">
        <ele>5.81</ele>
        <time>2022-07-18T00:19:49Z</time>
      </trkpt>
      <trkpt lat="37.40838" lon="-121.9784">
        <ele>5.72</ele>
        <time>2022-07-18T00:19:50Z</time>
      </trkpt>
      <trkpt lat="37.40834" lon="-121.97835">
        <ele>5.88</ele>
        <time>2022-07-18T00:19:51Z</time>
      </trkpt>
      <trkpt lat="37.4083" lon="-121.97829">
        <ele>5.51</ele>
        <time>2022-07-18T00:19:52Z</time>
      </trkpt>
      <trkpt lat="37.40826" lon="-121.97822">
        <ele>5.52</ele>
        <time>2022-07-18T00:19:53Z</time>
      </trkpt>
      <trkpt lat="37.40822" lon="-121.97814">
        <ele>5.18</ele>
        <time>2022-07-18T00:19:54Z</time>
      </trkpt>
      <trkpt lat="37.40819" lon="-121.97806">
        <ele>5.64</ele>
        <time>2022-07-18T00:19:55Z</time>
      </trkpt>
      <trkpt lat="37.40815" lon="-121.97798">
        <ele>5.31</ele>
        <time>2022-07-18T00:19:56Z</time>
      </trkpt>
      <trkpt lat="37.40812" lon="-121.97791">
        <ele>5.21</ele>
        <time>2022-07-18T00:19:57Z</time>
      </trkpt>
      <trkpt lat="37.40804" lon="-121.97777">
        <ele>6.18</ele>
        <time>2022-07-18T00:19:59Z</time>
      </trkpt>
      <trkpt lat="37.40798" lon="-121.97762">
        <ele>5.17</ele>
        <time>2022-07-18T00:20:02Z</time>
      </trkpt>
      <trkpt lat="37.40791" lon="-121.97746">
        <ele>4.85</ele>
        <time>2022-07-18T00:20:03Z</time>
      </trkpt>
      <trkpt lat="37.40786" lon="-121.97738">
        <ele>4.96</ele>
        <time>2022-07-18T00:20:04Z</time>
      </trkpt>
      <trkpt lat="37.40782" lon="-121.97731">
        <ele>5.53</ele>
        <time>2022-07-18T00:20:05Z</time>
      </trkpt>
      <trkpt lat="37.40778" lon="-121.97726">
        <ele>5.74</ele>
        <time>2022-07-18T00:20:06Z</time>
      </trkpt>
      <trkpt lat="37.40774" lon="-121.9772">
        <ele>5.27</ele>
        <time>2022-07-18T00:20:07Z</time>
      </trkpt>
      <trkpt lat="37.4077" lon="-121.97715">
        <ele>5.72</ele>
        <time>2022-07-18T00:20:08Z</time>
      </trkpt>
      <trkpt lat="37.40767" lon="-121.9771">
        <ele>5.94</ele>
        <time>2022-07-18T00:20:09Z</time>
      </trkpt>
      <trkpt lat="37.40765" lon="-121.97705">
        <ele>6.27</ele>
        <time>2022-07-18T00:20:10Z</time>
      </trkpt>
      <trkpt lat="37.40762" lon="-121.977">
        <ele>6.35</ele>
        <time>2022-07-18T00:20:11Z</time>
      </trkpt>
      <trkpt lat="37.4076" lon="-121.97696">
        <ele>6.72</ele>
        <time>2022-07-18T00:20:12Z</time>
      </trkpt>
      <trkpt lat="37.40758" lon="-121.97692">
        <ele>6.57</ele>
        <time>2022-07-18T00:20:13Z</time>
      </trkpt>
      <trkpt lat="37.40756" lon="-121.97688">
        <ele>6.33</ele>
        <time>2022-07-18T00:20:14Z</time>
      </trkpt>
      <trkpt lat="37.40754" lon="-121.97683">
        <ele>6.26</ele>
        <time>2022-07-18T00:20:15Z</time>
      </trkpt>
      <trkpt lat="37.40752" lon="-121.97679">
        <ele>6.35</ele>
        <time>2022-07-18T00:20:16Z</time>
      </trkpt>
      <trkpt lat="37.4075" lon="-121.97676">
        <ele>7.0</ele>
        <time>2022-07-18T00:20:17Z</time>
      </trkpt>
      <trkpt lat="37.40748" lon="-121.97672">
        <ele>6.33</ele>
        <time>2022-07-18T00:20:19Z</time>
      </trkpt>
      <trkpt lat="37.40744" lon="-121.97665">
        <ele>5.93</ele>
        <time>2022-07-18T00:20:21Z</time>
      </trkpt>
      <trkpt lat="37.40737" lon="-121.97655">
        <ele>5.69</ele>
        <time>2022-07-18T00:20:23Z</time>
      </trkpt>
      <trkpt lat="37.40734" lon="-121.97647">
        <ele>5.78</ele>
        <time>2022-07-18T00:20:25Z</time>
      </trkpt>
      <trkpt lat="37.40728" lon="-121.97639">
        <ele>5.86</ele>
        <time>2022-07-18T00:20:27Z</time>
      </trkpt>
      <trkpt lat="37.40725" lon="-121.97632">
        <ele>5.72</ele>
        <time>2022-07-18T00:20:28Z</time>
      </trkpt>
      <trkpt lat="37.40721" lon="-121.97624">
        <ele>6.26</ele>
        <time>2022-07-18T00:20:30Z</time>
      </trkpt>
      <trkpt lat="37.40715" lon="-121.9761">
        <ele>6.04</ele>
        <time>2022-07-18T00:20:31Z</time>
      </trkpt>
      <trkpt lat="37.40712" lon="-121.97602">
        <ele>6.67</ele>
        <time>2022-07-18T00:20:33Z</time>
      </trkpt>
      <trkpt lat="37.40707" lon="-121.97594">
        <ele>5.56</ele>
        <time>2022-07-18T00:20:34Z</time>
      </trkpt>
      <trkpt lat="37.40704" lon="-121.97589">
        <ele>6.33</ele>
        <time>2022-07-18T00:20:35Z</time>
      </trkpt>
      <trkpt lat="37.40702" lon="-121.97583">
        <ele>6.4</ele>
        <time>2022-07-18T00:20:36Z</time>
      </trkpt>
      <trkpt lat="37.40699" lon="-121.97578">
        <ele>5.49</ele>
        <time>2022-07-18T00:20:37Z</time>
      </trkpt>
      <trkpt lat="37.40696" lon="-121.97573">
        <ele>5.91</ele>
        <time>2022-07-18T00:20:38Z</time>
      </trkpt>
      <trkpt lat="37.40693" lon="-121.97567">
        <ele>6.33</ele>
        <time>2022-07-18T00:20:39Z</time>
      </trkpt>
      <trkpt lat="37.40691" lon="-121.97562">
        <ele>5.73</ele>
        <time>2022-07-18T00:20:40Z</time>
      </trkpt>
      <trkpt lat="37.40688" lon="-121.97557">
        <ele>5.57</ele>
        <time>2022-07-18T00:20:41Z</time>
      </trkpt>
      <trkpt lat="37.40685" lon="-121.97551">
        <ele>6.44</ele>
        <time>2022-07-18T00:20:42Z</time>
      </trkpt>
      <trkpt lat="37.40682" lon="-121.97546">
        <ele>5.95</ele>
        <time>2022-07-18T00:20:43Z</time>
      </trkpt>
      <trkpt lat="37.40679" lon="-121.9754">
        <ele>5.45</ele>
        <time>2022-07-18T00:20:44Z</time>
      </trkpt>
      <trkpt lat="37.40676" lon="-121.97535">
        <ele>6.21</ele>
        <time>2022-07-18T00:20:45Z</time>
      </trkpt>
      <trkpt lat="37.40673" lon="-121.97529">
        <ele>5.96</ele>
        <time>2022-07-18T00:20:46Z</time>
      </trkpt>
      <trkpt lat="37.4067" lon="-121.97524">
        <ele>5.46</ele>
        <time>2022-07-18T00:20:47Z</time>
      </trkpt>
      <trkpt lat="37.40667" lon="-121.97518">
        <ele>6.05</ele>
        <time>2022-07-18T00:20:48Z</time>
      </trkpt>
      <trkpt lat="37.40664" lon="-121.97513">
        <ele>6.02</ele>
        <time>2022-07-18T00:20:49Z</time>
      </trkpt>
      <trkpt lat="37.40661" lon="-121.97507">
        <ele>5.89</ele>
        <time>2022-07-18T00:20:50Z</time>
      </trkpt>
      <trkpt lat="37.40658" lon="-121.97502">
        <ele>6.5</ele>
        <time>2022-07-18T00:20:51Z</time>
      </trkpt>
      <trkpt lat="37.40655" lon="-121.97497">
        <ele>6.23</ele>
        <time>2022-07-18T00:20:52Z</time>
      </trkpt>
      <trkpt lat="37.40651" lon="-121.97492">
        <ele>6.45</ele>
        <time>2022-07-18T00:20:53Z</time>
      </trkpt>
      <trkpt lat="37.40648" lon="-121.97487">
        <ele>6.57</ele>
        <time>2022-07-18T00:20:54Z</time>
      </trkpt>
      <trkpt lat="37.40644" lon="-121.97482">
        <ele>5.98</ele>
        <time>2022-07-18T00:20:55Z</time>
      </trkpt>
      <trkpt lat="37.4064" lon="-121.97478">
        <ele>5.86</ele>
        <time>2022-07-18T00:20:56Z</time>
      </trkpt>
      <trkpt lat="37.40635" lon="-121.97474">
        <ele>5.84</ele>
        <time>2022-07-18T00:20:57Z</time>
      </trkpt>
      <trkpt lat="37.4063" lon="-121.9747">
        <ele>5.97</ele>
        <time>2022-07-18T00:20:58Z</time>
      </trkpt>
      <trkpt lat="37.40626" lon="-121.97466">
        <ele>5.74</ele>
        <time>2022-07-18T00:20:59Z</time>
      </trkpt>
      <trkpt lat="37.40621" lon="-121.97462">
        <ele>5.98</ele>
        <time>2022-07-18T00:21:00Z</time>
      </trkpt>
      <trkpt lat="37.40617" lon="-121.97458">
        <ele>5.86</ele>
        <time>2022-07-18T00:21:01Z</time>
      </trkpt>
      <trkpt lat="37.40613" lon="-121.97454">
        <ele>6.72</ele>
        <time>2022-07-18T00:21:02Z</time>
      </trkpt>
      <trkpt lat="37.40608" lon="-121.97451">
        <ele>6.33</ele>
        <time>2022-07-18T00:21:03Z</time>
      </trkpt>
      <trkpt lat="37.40605" lon="-121.97447">
        <ele>6.39</ele>
        <time>2022-07-18T00:21:04Z</time>
      </trkpt>
      <trkpt lat="37.40601" lon="-121.97444">
        <ele>6.74</ele>
        <time>2022-07-18T00:21:05Z</time>
      </trkpt>
      <trkpt lat="37.40596" lon="-121.9744">
        <ele>5.99</ele>
        <time>2022-07-18T00:21:06Z</time>
      </trkpt>
      <trkpt lat="37.40592" lon="-121.97436">
        <ele>6.64</ele>
        <time>2022-07-18T00:21:07Z</time>
      </trkpt>
      <trkpt lat="37.40588" lon="-121.97433">
        <ele>5.63</ele>
        <time>2022-07-18T00:21:08Z</time>
      </trkpt>
      <trkpt lat="37.40583" lon="-121.97429">
        <ele>5.98</ele>
        <time>2022-07-18T00:21:09Z</time>
      </trkpt>
      <trkpt lat="37.40579" lon="-121.97425">
        <ele>6.42</ele>
        <time>2022-07-18T00:21:10Z</time>
      </trkpt>
      <trkpt lat="37.40574" lon="-121.97422">
        <ele>6.41</ele>
        <time>2022-07-18T00:21:11Z</time>
      </trkpt>
      <trkpt lat="37.4057" lon="-121.97419">
        <ele>6.53</ele>
        <time>2022-07-18T00:21:12Z</time>
      </trkpt>
      <trkpt lat="37.40566" lon="-121.97416">
        <ele>6.91</ele>
        <time>2022-07-18T00:21:13Z</time>
      </trkpt>
      <trkpt lat="37.40562" lon="-121.97413">
        <ele>6.36</ele>
        <time>2022-07-18T00:21:14Z</time>
      </trkpt>
      <trkpt lat="37.40559" lon="-121.9741">
        <ele>6.38</ele>
        <time>2022-07-18T00:21:15Z</time>
      </trkpt>
      <trkpt lat="37.40554" lon="-121.97407">
        <ele>6.61</ele>
        <time>2022-07-18T00:21:16Z</time>
      </trkpt>
      <trkpt lat="37.40551" lon="-121.97405">
        <ele>6.01</ele>
        <time>2022-07-18T00:21:17Z</time>
      </trkpt>
      <trkpt lat="37.40548" lon="-121.97403">
        <ele>5.97</ele>
        <time>2022-07-18T00:21:19Z</time>
      </trkpt>
      <trkpt lat="37.40543" lon="-121.97399">
        <ele>6.43</ele>
        <time>2022-07-18T00:21:20Z</time>
      </trkpt>
      <trkpt lat="37.40538" lon="-121.97395">
        <ele>6.34</ele>
        <time>2022-07-18T00:21:22Z</time>
      </trkpt>
      <trkpt lat="37.40531" lon="-121.97389">
        <ele>6.33</ele>
        <time>2022-07-18T00:21:26Z</time>
      </trkpt>
      <trkpt lat="37.40525" lon="-121.97384">
        <ele>6.09</ele>
        <time>2022-07-18T00:21:28Z</time>
      </trkpt>
      <trkpt lat="37.40517" lon="-121.97377">
        <ele>5.81</ele>
        <time>2022-07-18T00:21:30Z</time>
      </trkpt>
      <trkpt lat="37.40508" lon="-121.9737">
        <ele>6.67</ele>
        <time>2022-07-18T00:21:33Z</time>
      </trkpt>
      <trkpt lat="37.40499" lon="-121.97362">
        <ele>6.7</ele>
        <time>2022-07-18T00:21:35Z</time>
      </trkpt>
      <trkpt lat="37.40492" lon="-121.97356">
        <ele>6.46</ele>
        <time>2022-07-18T00:21:37Z</time>
      </trkpt>
      <trkpt lat="37.40485" lon="-121.9735">
        <ele>6.35</ele>
        <time>2022-07-18T00:21:39Z</time>
      </trkpt>
      <trkpt lat="37.40477" lon="-121.97344">
        <ele>6.7</ele>
        <time>2022-07-18T00:21:41Z</time>
      </trkpt>
      <trkpt lat="37.40471" lon="-121.97339">
        <ele>6.84</ele>
        <time>2022-07-18T00:21:43Z</time>
      </trkpt>
      <trkpt lat="37.40463" lon="-121.97332">
        <ele>7.0</ele>
        <time>2022-07-18T00:21:45Z</time>
      </trkpt>
      <trkpt lat="37.40457" lon="-121.97327">
        <ele>6.8</ele>
        <time>2022-07-18T00:21:46Z</time>
      </trkpt>
      <trkpt lat="37.40451" lon="-121.97321">
        <ele>6.33</ele>
        <time>2022-07-18T00:21:46Z</time>
      </trkpt>
      <trkpt lat="37.40447" lon="-121.97317">
        <ele>6.41</ele>
        <time>2022-07-18T00:21:47Z</time>
      </trkpt>
      <trkpt lat="37.40442" lon="-121.97313">
        <ele>6.66</ele>
        <time>2022-07-18T00:21:48Z</time>
      </trkpt>
      <trkpt lat="37.40438" lon="-121.97309">
        <ele>6.18</ele>
        <time>2022-07-18T00:21:49Z</time>
      </trkpt>
      <trkpt lat="37.40433" lon="-121.97305">
        <ele>6.19</ele>
        <time>2022-07-18T00:21:50Z</time>
      </trkpt>
      <trkpt lat="37.40428" lon="-121.973">
        <ele>6.64</ele>
        <time>2022-07-18T00:21:51Z</time>
      </trkpt>
      <trkpt lat="37.40423" lon="-121.97295">
        <ele>6.67</ele>
        <time>2022-07-18T00:21:52Z</time>
      </trkpt>
      <trkpt lat="37.40419" lon="-121.97289">
        <ele>5.81</ele>
        <time>2022-07-18T00:21:53Z</time>
      </trkpt>
      <trkpt lat="37.40413" lon="-121.97283">
        <ele>5.52</ele>
        <time>2022-07-18T00:21:54Z</time>
      </trkpt>
      <trkpt lat="37.40407" lon="-121.97278">
        <ele>5.13</ele>
        <time>2022-07-18T00:21:55Z</time>
      </trkpt>
      <trkpt lat="37.40401" lon="-121.97272">
        <ele>5.14</ele>
        <time>2022-07-18T00:21:56Z</time>
      </trkpt>
      <trkpt lat="37.40395" lon="-121.97266">
        <ele>5.38</ele>
        <time>2022-07-18T00:21:57Z</time>
      </trkpt>
      <trkpt lat="37.40389" lon="-121.97261">
        <ele>5.54</ele>
        <time>2022-07-18T00:21:58Z</time>
      </trkpt>
      <trkpt lat="37.40376" lon="-121.97252">
        <ele>5.82</ele>
        <time>2022-07-18T00:22:01Z</time>
      </trkpt>
      <trkpt lat="37.40371" lon="-121.97248">
        <ele>5.49</ele>
        <time>2022-07-18T00:22:01Z</time>
      </trkpt>
      <trkpt lat="37.40367" lon="-121.97245">
        <ele>5.45</ele>
        <time>2022-07-18T00:22:02Z</time>
      </trkpt>
      <trkpt lat="37.40362" lon="-121.97242">
        <ele>5.3</ele>
        <time>2022-07-18T00:22:03Z</time>
      </trkpt>
      <trkpt lat="37.40355" lon="-121.97238">
        <ele>5.83</ele>
        <time>2022-07-18T00:22:04Z</time>
      </trkpt>
      <trkpt lat="37.40349" lon="-121.97235">
        <ele>6.14</ele>
        <time>2022-07-18T00:22:05Z</time>
      </trkpt>
      <trkpt lat="37.40344" lon="-121.97232">
        <ele>6.71</ele>
        <time>2022-07-18T00:22:06Z</time>
      </trkpt>
      <trkpt lat="37.40339" lon="-121.97228">
        <ele>6.54</ele>
        <time>2022-07-18T00:22:07Z</time>
      </trkpt>
      <trkpt lat="37.40334" lon="-121.97225">
        <ele>6.9</ele>
        <time>2022-07-18T00:22:08Z</time>
      </trkpt>
      <trkpt lat="37.40331" lon="-121.97221">
        <ele>6.92</ele>
        <time>2022-07-18T00:22:09Z</time>
      </trkpt>
      <trkpt lat="37.40328" lon="-121.97219">
        <ele>6.93</ele>
        <time>2022-07-18T00:22:10Z</time>
      </trkpt>
      <trkpt lat="37.40325" lon="-121.97217">
        <ele>7.22</ele>
        <time>2022-07-18T00:22:11Z</time>
      </trkpt>
      <trkpt lat="37.40322" lon="-121.97214">
        <ele>7.04</ele>
        <time>2022-07-18T00:22:12Z</time>
      </trkpt>
      <trkpt lat="37.40319" lon="-121.97212">
        <ele>6.86</ele>
        <time>2022-07-18T00:22:13Z</time>
      </trkpt>
      <trkpt lat="37.40316" lon="-121.9721">
        <ele>6.88</ele>
        <time>2022-07-18T00:22:14Z</time>
      </trkpt>
      <trkpt lat="37.40314" lon="-121.97208">
        <ele>6.96</ele>
        <time>2022-07-18T00:22:15Z</time>
      </trkpt>
      <trkpt lat="37.4031" lon="-121.97205">
        <ele>6.93</ele>
        <time>2022-07-18T00:22:18Z</time>
      </trkpt>
      <trkpt lat="37.40302" lon="-121.97199">
        <ele>6.5</ele>
        <time>2022-07-18T00:22:20Z</time>
      </trkpt>
      <trkpt lat="37.40293" lon="-121.97196">
        <ele>6.77</ele>
        <time>2022-07-18T00:22:22Z</time>
      </trkpt>
      <trkpt lat="37.40284" lon="-121.97193">
        <ele>6.45</ele>
        <time>2022-07-18T00:22:24Z</time>
      </trkpt>
      <trkpt lat="37.40278" lon="-121.9719">
        <ele>5.98</ele>
        <time>2022-07-18T00:22:26Z</time>
      </trkpt>
      <trkpt lat="37.40272" lon="-121.97187">
        <ele>5.6</ele>
        <time>2022-07-18T00:22:29Z</time>
      </trkpt>
    </trkseg>
    <trkseg>
      <trkpt lat="37.4027" lon="-121.97187">
        <ele>5.26</ele>
        <time>2022-07-18T00:23:43Z</time>
      </trkpt>
      <trkpt lat="37.40268" lon="-121.97182">
        <ele>5.97</ele>
        <time>2022-07-18T00:23:52Z</time>
      </trkpt>
      <trkpt lat="37.40263" lon="-121.97178">
        <ele>5.94</ele>
        <time>2022-07-18T00:23:56Z</time>
      </trkpt>
      <trkpt lat="37.40258" lon="-121.97173">
        <ele>5.86</ele>
        <time>2022-07-18T00:23:58Z</time>
      </trkpt>
      <trkpt lat="37.40252" lon="-121.97168">
        <ele>6.23</ele>
        <time>2022-07-18T00:24:01Z</time>
      </trkpt>
      <trkpt lat="37.40245" lon="-121.97163">
        <ele>6.25</ele>
        <time>2022-07-18T00:24:03Z</time>
      </trkpt>
      <trkpt lat="37.40239" lon="-121.97158">
        <ele>6.51</ele>
        <time>2022-07-18T00:24:05Z</time>
      </trkpt>
      <trkpt lat="37.40233" lon="-121.97153">
        <ele>6.12</ele>
        <time>2022-07-18T00:24:07Z</time>
      </trkpt>
      <trkpt lat="37.40227" lon="-121.97148">
        <ele>6.04</ele>
        <time>2022-07-18T00:24:09Z</time>
      </trkpt>
      <trkpt lat="37.4022" lon="-121.97142">
        <ele>6.09</ele>
        <time>2022-07-18T00:24:11Z</time>
      </trkpt>
      <trkpt lat="37.40209" lon="-121.97132">
        <ele>6.74</ele>
        <time>2022-07-18T00:24:12Z</time>
      </trkpt>
      <trkpt lat="37.40205" lon="-121.97129">
        <ele>6.37</ele>
        <time>2022-07-18T00:24:13Z</time>
      </trkpt>
      <trkpt lat="37.40201" lon="-121.97126">
        <ele>6.49</ele>
        <time>2022-07-18T00:24:14Z</time>
      </trkpt>
      <trkpt lat="37.40197" lon="-121.97123">
        <ele>6.71</ele>
        <time>2022-07-18T00:24:15Z</time>
      </trkpt>
      <trkpt lat="37.40192" lon="-121.9712">
        <ele>6.75</ele>
        <time>2022-07-18T00:24:16Z</time>
      </trkpt>
      <trkpt lat="37.40188" lon="-121.97117">
        <ele>6.56</ele>
        <time>2022-07-18T00:24:17Z</time>
      </trkpt>
      <trkpt lat="37.40184" lon="-121.97113">
        <ele>6.64</ele>
        <time>2022-07-18T00:24:18Z</time>
      </trkpt>
      <trkpt lat="37.4018" lon="-121.9711">
        <ele>6.57</ele>
        <time>2022-07-18T00:24:19Z</time>
      </trkpt>
      <trkpt lat="37.40176" lon="-121.97107">
        <ele>6.89</ele>
        <time>2022-07-18T00:24:20Z</time>
      </trkpt>
      <trkpt lat="37.40172" lon="-121.97103">
        <ele>7.33</ele>
        <time>2022-07-18T00:24:21Z</time>
      </trkpt>
      <trkpt lat="37.40168" lon="-121.971">
        <ele>7.26</ele>
        <time>2022-07-18T00:24:22Z</time>
      </trkpt>
      <trkpt lat="37.40164" lon="-121.97097">
        <ele>7.39</ele>
        <time>2022-07-18T00:24:23Z</time>
      </trkpt>
      <trkpt lat="37.40159" lon="-121.97095">
        <ele>7.52</ele>
        <time>2022-07-18T00:24:24Z</time>
      </trkpt>
      <trkpt lat="37.40154" lon="-121.97094">
        <ele>7.33</ele>
        <time>2022-07-18T00:24:25Z</time>
      </trkpt>
      <trkpt lat="37.40149" lon="-121.97093">
        <ele>7.0</ele>
        <time>2022-07-18T00:24:26Z</time>
      </trkpt>
      <trkpt lat="37.40144" lon="-121.97093">
        <ele>6.93</ele>
        <time>2022-07-18T00:24:27Z</time>
      </trkpt>
      <trkpt lat="37.40138" lon="-121.97093">
        <ele>6.86</ele>
        <time>2022-07-18T00:24:28Z</time>
      </trkpt>
      <trkpt lat="37.40133" lon="-121.97092">
        <ele>6.4</ele>
        <time>2022-07-18T00:24:29Z</time>
      </trkpt>
      <trkpt lat="37.40128" lon="-121.97089">
        <ele>6.32</ele>
        <time>2022-07-18T00:24:30Z</time>
      </trkpt>
      <trkpt lat="37.40124" lon="-121.97086">
        <ele>6.28</ele>
        <time>2022-07-18T00:24:31Z</time>
      </trkpt>
      <trkpt lat="37.4012" lon="-121.97084">
        <ele>5.96</ele>
        <time>2022-07-18T00:24:32Z</time>
      </trkpt>
      <trkpt lat="37.40115" lon="-121.97081">
        <ele>5.67</ele>
        <time>2022-07-18T00:24:33Z</time>
      </trkpt>
      <trkpt lat="37.40111" lon="-121.97078">
        <ele>5.57</ele>
        <time>2022-07-18T00:24:34Z</time>
      </trkpt>
      <trkpt lat="37.40106" lon="-121.97076">
        <ele>5.35</ele>
        <time>2022-07-18T00:24:35Z</time>
      </trkpt>
      <trkpt lat="37.40102" lon="-121.97073">
        <ele>5.25</ele>
        <time>2022-07-18T00:24:36Z</time>
      </trkpt>
      <trkpt lat="37.40097" lon="-121.97069">
        <ele>5.57</ele>
        <time>2022-07-18T00:24:37Z</time>
      </trkpt>
      <trkpt lat="37.40093" lon="-121.97066">
        <ele>5.79</ele>
        <time>2022-07-18T00:24:38Z</time>
      </trkpt>
      <trkpt lat="37.40088" lon="-121.97062">
        <ele>6.26</ele>
        <time>2022-07-18T00:24:39Z</time>
      </trkpt>
      <trkpt lat="37.40084" lon="-121.97057">
        <ele>7.54</ele>
        <time>2022-07-18T00:24:40Z</time>
      </trkpt>
      <trkpt lat="37.40079" lon="-121.97053">
        <ele>6.96</ele>
        <time>2022-07-18T00:24:41Z</time>
      </trkpt>
      <trkpt lat="37.40074" lon="-121.9705">
        <ele>6.4</ele>
        <time>2022-07-18T00:24:42Z</time>
      </trkpt>
      <trkpt lat="37.40069" lon="-121.97048">
        <ele>6.53</ele>
        <time>2022-07-18T00:24:43Z</time>
      </trkpt>
      <trkpt lat="37.40063" lon="-121.97046">
        <ele>7.07</ele>
        <time>2022-07-18T00:24:44Z</time>
      </trkpt>
      <trkpt lat="37.40057" lon="-121.97044">
        <ele>7.06</ele>
        <time>2022-07-18T00:24:45Z</time>
      </trkpt>
      <trkpt lat="37.40051" lon="-121.97043">
        <ele>6.93</ele>
        <time>2022-07-18T00:24:46Z</time>
      </trkpt>
      <trkpt lat="37.40045" lon="-121.97041">
        <ele>6.38</ele>
        <time>2022-07-18T00:24:47Z</time>
      </trkpt>
      <trkpt lat="37.40039" lon="-121.9704">
        <ele>6.78</ele>
        <time>2022-07-18T00:24:48Z</time>
      </trkpt>
      <trkpt lat="37.40033" lon="-121.97038">
        <ele>7.35</ele>
        <time>2022-07-18T00:24:49Z</time>
      </trkpt>
      <trkpt lat="37.40028" lon="-121.97036">
        <ele>7.53</ele>
        <time>2022-07-18T00:24:50Z</time>
      </trkpt>
      <trkpt lat="37.40022" lon="-121.97035">
        <ele>7.39</ele>
        <time>2022-07-18T00:24:51Z</time>
      </trkpt>
      <trkpt lat="37.40016" lon="-121.97033">
        <ele>7.09</ele>
        <time>2022-07-18T00:24:52Z</time>
      </trkpt>
      <trkpt lat="37.40011" lon="-121.97031">
        <ele>6.94</ele>
        <time>2022-07-18T00:24:53Z</time>
      </trkpt>
      <trkpt lat="37.40005" lon="-121.97029">
        <ele>7.34</ele>
        <time>2022-07-18T00:24:54Z</time>
      </trkpt>
      <trkpt lat="37.39999" lon="-121.97027">
        <ele>7.76</ele>
        <time>2022-07-18T00:24:55Z</time>
      </trkpt>
      <trkpt lat="37.39994" lon="-121.97026">
        <ele>7.55</ele>
        <time>2022-07-18T00:24:56Z</time>
      </trkpt>
      <trkpt lat="37.39988" lon="-121.97024">
        <ele>7.13</ele>
        <time>2022-07-18T00:24:57Z</time>
      </trkpt>
      <trkpt lat="37.39983" lon="-121.97022">
        <ele>6.96</ele>
        <time>2022-07-18T00:24:58Z</time>
      </trkpt>
      <trkpt lat="37.39977" lon="-121.9702">
        <ele>7.41</ele>
        <time>2022-07-18T00:24:59Z</time>
      </trkpt>
      <trkpt lat="37.39972" lon="-121.97018">
        <ele>7.83</ele>
        <time>2022-07-18T00:25:00Z</time>
      </trkpt>
      <trkpt lat="37.39966" lon="-121.97016">
        <ele>7.55</ele>
        <time>2022-07-18T00:25:01Z</time>
      </trkpt>
      <trkpt lat="37.39961" lon="-121.97013">
        <ele>7.36</ele>
        <time>2022-07-18T00:25:02Z</time>
      </trkpt>
      <trkpt lat="37.39956" lon="-121.97011">
        <ele>7.52</ele>
        <time>2022-07-18T00:25:03Z</time>
      </trkpt>
      <trkpt lat="37.3995" lon="-121.97009">
        <ele>7.91</ele>
        <time>2022-07-18T00:25:04Z</time>
      </trkpt>
      <trkpt lat="37.39945" lon="-121.97006">
        <ele>7.25</ele>
        <time>2022-07-18T00:25:05Z</time>
      </trkpt>
      <trkpt lat="37.39939" lon="-121.97004">
        <ele>7.02</ele>
        <time>2022-07-18T00:25:06Z</time>
      </trkpt>
      <trkpt lat="37.39934" lon="-121.97001">
        <ele>7.77</ele>
        <time>2022-07-18T00:25:07Z</time>
      </trkpt>
      <trkpt lat="37.39928" lon="-121.96998">
        <ele>7.47</ele>
        <time>2022-07-18T00:25:08Z</time>
      </trkpt>
      <trkpt lat="37.39923" lon="-121.96996">
        <ele>7.09</ele>
        <time>2022-07-18T00:25:09Z</time>
      </trkpt>
      <trkpt lat="37.39917" lon="-121.96994">
        <ele>6.99</ele>
        <time>2022-07-18T00:25:10Z</time>
      </trkpt>
      <trkpt lat="37.39912" lon="-121.96991">
        <ele>7.46</ele>
        <time>2022-07-18T00:25:11Z</time>
      </trkpt>
      <trkpt lat="37.39907" lon="-121.96989">
        <ele>7.6</ele>
        <time>2022-07-18T00:25:12Z</time>
      </trkpt>
      <trkpt lat="37.39901" lon="-121.96987">
        <ele>7.06</ele>
        <time>2022-07-18T00:25:13Z</time>
      </trkpt>
      <trkpt lat="37.39896" lon="-121.96984">
        <ele>7.04</ele>
        <time>2022-07-18T00:25:14Z</time>
      </trkpt>
      <trkpt lat="37.3989" lon="-121.96981">
        <ele>7.72</ele>
        <time>2022-07-18T00:25:15Z</time>
      </trkpt>
      <trkpt lat="37.39885" lon="-121.96979">
        <ele>7.11</ele>
        <time>2022-07-18T00:25:16Z</time>
      </trkpt>
      <trkpt lat="37.39879" lon="-121.96976">
        <ele>7.01</ele>
        <time>2022-07-18T00:25:17Z</time>
      </trkpt>
      <trkpt lat="37.39873" lon="-121.96974">
        <ele>7.44</ele>
        <time>2022-07-18T00:25:18Z</time>
      </trkpt>
      <trkpt lat="37.39868" lon="-121.96971">
        <ele>7.42</ele>
        <time>2022-07-18T00:25:19Z</time>
      </trkpt>
      <trkpt lat="37.39862" lon="-121.96969">
        <ele>6.68</ele>
        <time>2022-07-18T00:25:20Z</time>
      </trkpt>
      <trkpt lat="37.39857" lon="-121.96966">
        <ele>6.78</ele>
        <time>2022-07-18T00:25:21Z</time>
      </trkpt>
      <trkpt lat="37.39851" lon="-121.96964">
        <ele>7.78</ele>
        <time>2022-07-18T00:25:22Z</time>
      </trkpt>
      <trkpt lat="37.39846" lon="-121.96961">
        <ele>7.5</ele>
        <time>2022-07-18T00:25:23Z</time>
      </trkpt>
      <trkpt lat="37.3984" lon="-121.96959">
        <ele>7.06</ele>
        <time>2022-07-18T00:25:24Z</time>
      </trkpt>
      <trkpt lat="37.39835" lon="-121.96956">
        <ele>7.32</ele>
        <time>2022-07-18T00:25:25Z</time>
      </trkpt>
      <trkpt lat="37.39829" lon="-121.96954">
        <ele>7.94</ele>
        <time>2022-07-18T00:25:26Z</time>
      </trkpt>
      <trkpt lat="37.39823" lon="-121.96951">
        <ele>7.32</ele>
        <time>2022-07-18T00:25:27Z</time>
      </trkpt>
      <trkpt lat="37.39818" lon="-121.96949">
        <ele>7.0</ele>
        <time>2022-07-18T00:25:28Z</time>
      </trkpt>
      <trkpt lat="37.39812" lon="-121.96946">
        <ele>7.61</ele>
        <time>2022-07-18T00:25:29Z</time>
      </trkpt>
      <trkpt lat="37.39806" lon="-121.96943">
        <ele>7.67</ele>
        <time>2022-07-18T00:25:30Z</time>
      </trkpt>
      <trkpt lat="37.39801" lon="-121.96941">
        <ele>7.13</ele>
        <time>2022-07-18T00:25:31Z</time>
      </trkpt>
      <trkpt lat="37.39795" lon="-121.96938">
        <ele>7.05</ele>
        <time>2022-07-18T00:25:32Z</time>
      </trkpt>
      <trkpt lat="37.3979" lon="-121.96936">
        <ele>7.56</ele>
        <time>2022-07-18T00:25:33Z</time>
      </trkpt>
      <trkpt lat="37.39784" lon="-121.96933">
        <ele>7.35</ele>
        <time>2022-07-18T00:25:34Z</time>
      </trkpt>
      <trkpt lat="37.39778" lon="-121.9693">
        <ele>7.0</ele>
        <time>2022-07-18T00:25:35Z</time>
      </trkpt>
      <trkpt lat="37.39772" lon="-121.96928">
        <ele>7.34</ele>
        <time>2022-07-18T00:25:36Z</time>
      </trkpt>
      <trkpt lat="37.39767" lon="-121.96925">
        <ele>7.82</ele>
        <time>2022-07-18T00:25:37Z</time>
      </trkpt>
      <trkpt lat="37.39761" lon="-121.96922">
        <ele>7.5</ele>
        <time>2022-07-18T00:25:38Z</time>
      </trkpt>
      <trkpt lat="37.39755" lon="-121.9692">
        <ele>7.32</ele>
        <time>2022-07-18T00:25:39Z</time>
      </trkpt>
      <trkpt lat="37.3975" lon="-121.96917">
        <ele>7.93</ele>
        <time>2022-07-18T00:25:40Z</time>
      </trkpt>
      <trkpt lat="37.39744" lon="-121.96915">
        <ele>7.16</ele>
        <time>2022-07-18T00:25:41Z</time>
      </trkpt>
      <trkpt lat="37.39739" lon="-121.96912">
        <ele>7.0</ele>
        <time>2022-07-18T00:25:42Z</time>
      </trkpt>
      <trkpt lat="37.39733" lon="-121.9691">
        <ele>7.37</ele>
        <time>2022-07-18T00:25:43Z</time>
      </trkpt>
      <trkpt lat="37.39728" lon="-121.96907">
        <ele>7.88</ele>
        <time>2022-07-18T00:25:44Z</time>
      </trkpt>
      <trkpt lat="37.39722" lon="-121.96905">
        <ele>7.46</ele>
        <time>2022-07-18T00:25:45Z</time>
      </trkpt>
      <trkpt lat="37.39717" lon="-121.96903">
        <ele>6.99</ele>
        <time>2022-07-18T00:25:46Z</time>
      </trkpt>
      <trkpt lat="37.39711" lon="-121.969">
        <ele>7.6</ele>
        <time>2022-07-18T00:25:47Z</time>
      </trkpt>
      <trkpt lat="37.39705" lon="-121.96897">
        <ele>7.73</ele>
        <time>2022-07-18T00:25:48Z</time>
      </trkpt>
      <trkpt lat="37.397" lon="-121.96894">
        <ele>7.02</ele>
        <time>2022-07-18T00:25:49Z</time>
      </trkpt>
      <trkpt lat="37.39694" lon="-121.96892">
        <ele>7.33</ele>
        <time>2022-07-18T00:25:50Z</time>
      </trkpt>
      <trkpt lat="37.39689" lon="-121.96889">
        <ele>7.98</ele>
        <time>2022-07-18T00:25:51Z</time>
      </trkpt>
      <trkpt lat="37.39684" lon="-121.96887">
        <ele>7.44</ele>
        <time>2022-07-18T00:25:52Z</time>
      </trkpt>
      <trkpt lat="37.39678" lon="-121.96884">
        <ele>7.03</ele>
        <time>2022-07-18T00:25:53Z</time>
      </trkpt>
      <trkpt lat="37.39673" lon="-121.96881">
        <ele>7.7</ele>
        <time>2022-07-18T00:25:54Z</time>
      </trkpt>
      <trkpt lat="37.39667" lon="-121.96879">
        <ele>7.86</ele>
        <time>2022-07-18T00:25:55Z</time>
      </trkpt>
      <trkpt lat="37.39662" lon="-121.96876">
        <ele>7.3</ele>
        <time>2022-07-18T00:25:56Z</time>
      </trkpt>
      <trkpt lat="37.39656" lon="-121.96873">
        <ele>7.67</ele>
        <time>2022-07-18T00:25:57Z</time>
      </trkpt>
      <trkpt lat="37.39651" lon="-121.9687">
        <ele>7.9</ele>
        <time>2022-07-18T00:25:58Z</time>
      </trkpt>
      <trkpt lat="37.39645" lon="-121.96868">
        <ele>7.32</ele>
        <time>2022-07-18T00:25:59Z</time>
      </trkpt>
      <trkpt lat="37.3964" lon="-121.96865">
        <ele>6.98</ele>
        <time>2022-07-18T00:26:00Z</time>
      </trkpt>
      <trkpt lat="37.39634" lon="-121.96863">
        <ele>7.31</ele>
        <time>2022-07-18T00:26:01Z</time>
      </trkpt>
      <trkpt lat="37.39629" lon="-121.9686">
        <ele>7.71</ele>
        <time>2022-07-18T00:26:02Z</time>
      </trkpt>
      <trkpt lat="37.39624" lon="-121.96858">
        <ele>7.13</ele>
        <time>2022-07-18T00:26:03Z</time>
      </trkpt>
      <trkpt lat="37.39618" lon="-121.96855">
        <ele>7.08</ele>
        <time>2022-07-18T00:26:04Z</time>
      </trkpt>
      <trkpt lat="37.39613" lon="-121.96853">
        <ele>7.6</ele>
        <time>2022-07-18T00:26:05Z</time>
      </trkpt>
      <trkpt lat="37.39607" lon="-121.9685">
        <ele>7.58</ele>
        <time>2022-07-18T00:26:06Z</time>
      </trkpt>
      <trkpt lat="37.39601" lon="-121.96847">
        <ele>7.44</ele>
        <time>2022-07-18T00:26:07Z</time>
      </trkpt>
      <trkpt lat="37.39596" lon="-121.96845">
        <ele>7.4</ele>
        <time>2022-07-18T00:26:08Z</time>
      </trkpt>
      <trkpt lat="37.3959" lon="-121.96842">
        <ele>7.84</ele>
        <time>2022-07-18T00:26:09Z</time>
      </trkpt>
      <trkpt lat="37.39585" lon="-121.9684">
        <ele>7.62</ele>
        <time>2022-07-18T00:26:10Z</time>
      </trkpt>
      <trkpt lat="37.39579" lon="-121.96837">
        <ele>7.49</ele>
        <time>2022-07-18T00:26:11Z</time>
      </trkpt>
      <trkpt lat="37.39574" lon="-121.96834">
        <ele>7.93</ele>
        <time>2022-07-18T00:26:12Z</time>
      </trkpt>
      <trkpt lat="37.39568" lon="-121.96832">
        <ele>7.66</ele>
        <time>2022-07-18T00:26:13Z</time>
      </trkpt>
      <trkpt lat="37.39563" lon="-121.96829">
        <ele>7.14</ele>
        <time>2022-07-18T00:26:14Z</time>
      </trkpt>
      <trkpt lat="37.39557" lon="-121.96827">
        <ele>7.52</ele>
        <time>2022-07-18T00:26:15Z</time>
      </trkpt>
      <trkpt lat="37.39552" lon="-121.96824">
        <ele>7.98</ele>
        <time>2022-07-18T00:26:16Z</time>
      </trkpt>
      <trkpt lat="37.39546" lon="-121.96822">
        <ele>7.76</ele>
        <time>2022-07-18T00:26:17Z</time>
      </trkpt>
      <trkpt lat="37.39541" lon="-121.9682">
        <ele>7.49</ele>
        <time>2022-07-18T00:26:18Z</time>
      </trkpt>
      <trkpt lat="37.39535" lon="-121.96818">
        <ele>7.58</ele>
        <time>2022-07-18T00:26:19Z</time>
      </trkpt>
      <trkpt lat="37.3953" lon="-121.96815">
        <ele>7.96</ele>
        <time>2022-07-18T00:26:20Z</time>
      </trkpt>
      <trkpt lat="37.39525" lon="-121.96813">
        <ele>7.73</ele>
        <time>2022-07-18T00:26:21Z</time>
      </trkpt>
      <trkpt lat="37.39519" lon="-121.96811">
        <ele>7.96</ele>
        <time>2022-07-18T00:26:22Z</time>
      </trkpt>
      <trkpt lat="37.39513" lon="-121.96808">
        <ele>8.28</ele>
        <time>2022-07-18T00:26:23Z</time>
      </trkpt>
      <trkpt lat="37.39508" lon="-121.96806">
        <ele>8.77</ele>
        <time>2022-07-18T00:26:24Z</time>
      </trkpt>
      <trkpt lat="37.39502" lon="-121.96804">
        <ele>7.94</ele>
        <time>2022-07-18T00:26:25Z</time>
      </trkpt>
      <trkpt lat="37.39496" lon="-121.96802">
        <ele>7.52</ele>
        <time>2022-07-18T00:26:26Z</time>
      </trkpt>
      <trkpt lat="37.3949" lon="-121.96801">
        <ele>7.45</ele>
        <time>2022-07-18T00:26:27Z</time>
      </trkpt>
      <trkpt lat="37.39484" lon="-121.96799">
        <ele>7.5</ele>
        <time>2022-07-18T00:26:28Z</time>
      </trkpt>
      <trkpt lat="37.39479" lon="-121.96798">
        <ele>7.85</ele>
        <time>2022-07-18T00:26:29Z</time>
      </trkpt>
      <trkpt lat="37.39473" lon="-121.96797">
        <ele>8.69</ele>
        <time>2022-07-18T00:26:30Z</time>
      </trkpt>
      <trkpt lat="37.39467" lon="-121.96796">
        <ele>8.89</ele>
        <time>2022-07-18T00:26:31Z</time>
      </trkpt>
      <trkpt lat="37.39461" lon="-121.96795">
        <ele>8.4</ele>
        <time>2022-07-18T00:26:32Z</time>
      </trkpt>
      <trkpt lat="37.39455" lon="-121.96795">
        <ele>7.84</ele>
        <time>2022-07-18T00:26:33Z</time>
      </trkpt>
      <trkpt lat="37.3945" lon="-121.96795">
        <ele>8.06</ele>
        <time>2022-07-18T00:26:34Z</time>
      </trkpt>
      <trkpt lat="37.39444" lon="-121.96795">
        <ele>8.54</ele>
        <time>2022-07-18T00:26:35Z</time>
      </trkpt>
      <trkpt lat="37.39438" lon="-121.96795">
        <ele>7.98</ele>
        <time>2022-07-18T00:26:36Z</time>
      </trkpt>
      <trkpt lat="37.39433" lon="-121.96795">
        <ele>7.72</ele>
        <time>2022-07-18T00:26:37Z</time>
      </trkpt>
      <trkpt lat="37.39427" lon="-121.96796">
        <ele>7.94</ele>
        <time>2022-07-18T00:26:38Z</time>
      </trkpt>
      <trkpt lat="37.39421" lon="-121.96797">
        <ele>7.85</ele>
        <time>2022-07-18T00:26:39Z</time>
      </trkpt>
      <trkpt lat="37.39416" lon="-121.96798">
        <ele>7.59</ele>
        <time>2022-07-18T00:26:40Z</time>
      </trkpt>
      <trkpt lat="37.3941" lon="-121.96799">
        <ele>7.12</ele>
        <time>2022-07-18T00:26:41Z</time>
      </trkpt>
      <trkpt lat="37.39405" lon="-121.968">
        <ele>6.95</ele>
        <time>2022-07-18T00:26:42Z</time>
      </trkpt>
      <trkpt lat="37.39399" lon="-121.96801">
        <ele>7.01</ele>
        <time>2022-07-18T00:26:43Z</time>
      </trkpt>
      <trkpt lat="37.39394" lon="-121.96802">
        <ele>7.51</ele>
        <time>2022-07-18T00:26:44Z</time>
      </trkpt>
      <trkpt lat="37.39388" lon="-121.96804">
        <ele>8.48</ele>
        <time>2022-07-18T00:26:45Z</time>
      </trkpt>
      <trkpt lat="37.39383" lon="-121.96805">
        <ele>8.78</ele>
        <time>2022-07-18T00:26:46Z</time>
      </trkpt>
      <trkpt lat="37.39377" lon="-121.96806">
        <ele>8.6</ele>
        <time>2022-07-18T00:26:47Z</time>
      </trkpt>
      <trkpt lat="37.39372" lon="-121.96807">
        <ele>7.97</ele>
        <time>2022-07-18T00:26:48Z</time>
      </trkpt>
      <trkpt lat="37.39367" lon="-121.96809">
        <ele>7.53</ele>
        <time>2022-07-18T00:26:49Z</time>
      </trkpt>
      <trkpt lat="37.39362" lon="-121.9681">
        <ele>7.48</ele>
        <time>2022-07-18T00:26:50Z</time>
      </trkpt>
      <trkpt lat="37.39357" lon="-121.96811">
        <ele>7.59</ele>
        <time>2022-07-18T00:26:51Z</time>
      </trkpt>
      <trkpt lat="37.39351" lon="-121.96812">
        <ele>7.73</ele>
        <time>2022-07-18T00:26:52Z</time>
      </trkpt>
      <trkpt lat="37.39346" lon="-121.96813">
        <ele>8.19</ele>
        <time>2022-07-18T00:26:53Z</time>
      </trkpt>
      <trkpt lat="37.39341" lon="-121.96814">
        <ele>8.56</ele>
        <time>2022-07-18T00:26:54Z</time>
      </trkpt>
      <trkpt lat="37.39336" lon="-121.96815">
        <ele>8.24</ele>
        <time>2022-07-18T00:26:55Z</time>
      </trkpt>
      <trkpt lat="37.3933" lon="-121.96817">
        <ele>7.61</ele>
        <time>2022-07-18T00:26:56Z</time>
      </trkpt>
      <trkpt lat="37.39325" lon="-121.96818">
        <ele>7.62</ele>
        <time>2022-07-18T00:26:57Z</time>
      </trkpt>
      <trkpt lat="37.39319" lon="-121.96819">
        <ele>7.5</ele>
        <time>2022-07-18T00:26:58Z</time>
      </trkpt>
      <trkpt lat="37.39314" lon="-121.9682">
        <ele>7.57</ele>
        <time>2022-07-18T00:26:59Z</time>
      </trkpt>
      <trkpt lat="37.39309" lon="-121.96822">
        <ele>8.12</ele>
        <time>2022-07-18T00:27:00Z</time>
      </trkpt>
      <trkpt lat="37.39303" lon="-121.96823">
        <ele>8.62</ele>
        <time>2022-07-18T00:27:01Z</time>
      </trkpt>
      <trkpt lat="37.39298" lon="-121.96824">
        <ele>8.97</ele>
        <time>2022-07-18T00:27:02Z</time>
      </trkpt>
      <trkpt lat="37.39293" lon="-121.96825">
        <ele>8.42</ele>
        <time>2022-07-18T00:27:03Z</time>
      </trkpt>
      <trkpt lat="37.39287" lon="-121.96826">
        <ele>7.79</ele>
        <time>2022-07-18T00:27:04Z</time>
      </trkpt>
      <trkpt lat="37.39282" lon="-121.96827">
        <ele>7.68</ele>
        <time>2022-07-18T00:27:05Z</time>
      </trkpt>
      <trkpt lat="37.39276" lon="-121.96828">
        <ele>7.55</ele>
        <time>2022-07-18T00:27:06Z</time>
      </trkpt>
      <trkpt lat="37.39271" lon="-121.96829">
        <ele>7.51</ele>
        <time>2022-07-18T00:27:07Z</time>
      </trkpt>
      <trkpt lat="37.39265" lon="-121.9683">
        <ele>7.75</ele>
        <time>2022-07-18T00:27:08Z</time>
      </trkpt>
      <trkpt lat="37.3926" lon="-121.96832">
        <ele>8.51</ele>
        <time>2022-07-18T00:27:09Z</time>
      </trkpt>
      <trkpt lat="37.39254" lon="-121.96833">
        <ele>8.87</ele>
        <time>2022-07-18T00:27:10Z</time>
      </trkpt>
      <trkpt lat="37.39249" lon="-121.96834">
        <ele>8.69</ele>
        <time>2022-07-18T00:27:11Z</time>
      </trkpt>
      <trkpt lat="37.39244" lon="-121.96835">
        <ele>8.05</ele>
        <time>2022-07-18T00:27:12Z</time>
      </trkpt>
      <trkpt lat="37.39238" lon="-121.96836">
        <ele>7.59</ele>
        <time>2022-07-18T00:27:13Z</time>
      </trkpt>
      <trkpt lat="37.39233" lon="-121.96838">
        <ele>7.5</ele>
        <time>2022-07-18T00:27:14Z</time>
      </trkpt>
      <trkpt lat="37.39228" lon="-121.96839">
        <ele>7.47</ele>
        <time>2022-07-18T00:27:15Z</time>
      </trkpt>
      <trkpt lat="37.39222" lon="-121.9684">
        <ele>7.46</ele>
        <time>2022-07-18T00:27:16Z</time>
      </trkpt>
      <trkpt lat="37.39217" lon="-121.96842">
        <ele>8.4</ele>
        <time>2022-07-18T00:27:17Z</time>
      </trkpt>
      <trkpt lat="37.39211" lon="-121.96843">
        <ele>8.87</ele>
        <time>2022-07-18T00:27:18Z</time>
      </trkpt>
      <trkpt lat="37.39206" lon="-121.96844">
        <ele>8.54</ele>
        <time>2022-07-18T00:27:19Z</time>
      </trkpt>
      <trkpt lat="37.392" lon="-121.96845">
        <ele>8.03</ele>
        <time>2022-07-18T00:27:20Z</time>
      </trkpt>
      <trkpt lat="37.39195" lon="-121.96846">
        <ele>7.65</ele>
        <time>2022-07-18T00:27:21Z</time>
      </trkpt>
      <trkpt lat="37.39189" lon="-121.96847">
        <ele>7.5</ele>
        <time>2022-07-18T00:27:22Z</time>
      </trkpt>
      <trkpt lat="37.39184" lon="-121.96848">
        <ele>7.61</ele>
        <time>2022-07-18T00:27:23Z</time>
      </trkpt>
      <trkpt lat="37.39178" lon="-121.96849">
        <ele>7.99</ele>
        <time>2022-07-18T00:27:24Z</time>
      </trkpt>
      <trkpt lat="37.39172" lon="-121.9685">
        <ele>8.32</ele>
        <time>2022-07-18T00:27:25Z</time>
      </trkpt>
      <trkpt lat="37.39167" lon="-121.96851">
        <ele>8.64</ele>
        <time>2022-07-18T00:27:26Z</time>
      </trkpt>
      <trkpt lat="37.39161" lon="-121.96853">
        <ele>8.17</ele>
        <time>2022-07-18T00:27:27Z</time>
      </trkpt>
      <trkpt lat="37.39156" lon="-121.96854">
        <ele>7.8</ele>
        <time>2022-07-18T00:27:28Z</time>
      </trkpt>
      <trkpt lat="37.39151" lon="-121.96855">
        <ele>7.9</ele>
        <time>2022-07-18T00:27:29Z</time>
      </trkpt>
      <trkpt lat="37.39145" lon="-121.96856">
        <ele>7.96</ele>
        <time>2022-07-18T00:27:30Z</time>
      </trkpt>
      <trkpt lat="37.3914" lon="-121.96857">
        <ele>8.1</ele>
        <time>2022-07-18T00:27:31Z</time>
      </trkpt>
      <trkpt lat="37.39134" lon="-121.96858">
        <ele>8.15</ele>
        <time>2022-07-18T00:27:32Z</time>
      </trkpt>
      <trkpt lat="37.39129" lon="-121.96858">
        <ele>7.99</ele>
        <time>2022-07-18T00:27:33Z</time>
      </trkpt>
      <trkpt lat="37.39124" lon="-121.9686">
        <ele>8.64</ele>
        <time>2022-07-18T00:27:34Z</time>
      </trkpt>
      <trkpt lat="37.39119" lon="-121.96861">
        <ele>8.96</ele>
        <time>2022-07-18T00:27:35Z</time>
      </trkpt>
      <trkpt lat="37.39114" lon="-121.96862">
        <ele>8.81</ele>
        <time>2022-07-18T00:27:36Z</time>
      </trkpt>
      <trkpt lat="37.3911" lon="-121.96862">
        <ele>8.83</ele>
        <time>2022-07-18T00:27:37Z</time>
      </trkpt>
      <trkpt lat="37.39106" lon="-121.96863">
        <ele>8.82</ele>
        <time>2022-07-18T00:27:38Z</time>
      </trkpt>
      <trkpt lat="37.39101" lon="-121.96863">
        <ele>9.0</ele>
        <time>2022-07-18T00:27:39Z</time>
      </trkpt>
      <trkpt lat="37.39097" lon="-121.96864">
        <ele>9.0</ele>
        <time>2022-07-18T00:27:40Z</time>
      </trkpt>
      <trkpt lat="37.39093" lon="-121.96865">
        <ele>9.0</ele>
        <time>2022-07-18T00:27:41Z</time>
      </trkpt>
      <trkpt lat="37.3909" lon="-121.96866">
        <ele>8.85</ele>
        <time>2022-07-18T00:27:42Z</time>
      </trkpt>
      <trkpt lat="37.39087" lon="-121.96866">
        <ele>8.68</ele>
        <time>2022-07-18T00:27:43Z</time>
      </trkpt>
      <trkpt lat="37.39084" lon="-121.96867">
        <ele>8.41</ele>
        <time>2022-07-18T00:27:44Z</time>
      </trkpt>
      <trkpt lat="37.39081" lon="-121.96868">
        <ele>8.19</ele>
        <time>2022-07-18T00:27:45Z</time>
      </trkpt>
      <trkpt lat="37.39077" lon="-121.96868">
        <ele>8.08</ele>
        <time>2022-07-18T00:27:46Z</time>
      </trkpt>
      <trkpt lat="37.39073" lon="-121.96868">
        <ele>7.97</ele>
        <time>2022-07-18T00:27:49Z</time>
      </trkpt>
      <trkpt lat="37.39071" lon="-121.96878">
        <ele>7.18</ele>
        <time>2022-07-18T00:27:53Z</time>
      </trkpt>
      <trkpt lat="37.39072" lon="-121.96884">
        <ele>7.0</ele>
        <time>2022-07-18T00:27:57Z</time>
      </trkpt>
      <trkpt lat="37.39069" lon="-121.96884">
        <ele>7.0</ele>
        <time>2022-07-18T00:28:16Z</time>
      </trkpt>
      <trkpt lat="37.39065" lon="-121.96886">
        <ele>7.0</ele>
        <time>2022-07-18T00:28:18Z</time>
      </trkpt>
      <trkpt lat="37.39063" lon="-121.96887">
        <ele>7.2</ele>
        <time>2022-07-18T00:28:20Z</time>
      </trkpt>
      <trkpt lat="37.39059" lon="-121.96888">
        <ele>7.63</ele>
        <time>2022-07-18T00:28:22Z</time>
      </trkpt>
      <trkpt lat="37.39052" lon="-121.96886">
        <ele>8.0</ele>
        <time>2022-07-18T00:28:24Z</time>
      </trkpt>
      <trkpt lat="37.39046" lon="-121.96881">
        <ele>8.0</ele>
        <time>2022-07-18T00:28:28Z</time>
      </trkpt>
      <trkpt lat="37.39041" lon="-121.96875">
        <ele>8.0</ele>
        <time>2022-07-18T00:28:29Z</time>
      </trkpt>
      <trkpt lat="37.39035" lon="-121.96873">
        <ele>8.0</ele>
        <time>2022-07-18T00:28:32Z</time>
      </trkpt>
      <trkpt lat="37.39027" lon="-121.96873">
        <ele>8.0</ele>
        <time>2022-07-18T00:28:35Z</time>
      </trkpt>
      <trkpt lat="37.39021" lon="-121.96874">
        <ele>8.0</ele>
        <time>2022-07-18T00:28:37Z</time>
      </trkpt>
      <trkpt lat="37.39014" lon="-121.96874">
        <ele>8.19</ele>
        <time>2022-07-18T00:28:40Z</time>
      </trkpt>
      <trkpt lat="37.39005" lon="-121.96874">
        <ele>8.11</ele>
        <time>2022-07-18T00:28:43Z</time>
      </trkpt>
      <trkpt lat="37.38997" lon="-121.96875">
        <ele>8.0</ele>
        <time>2022-07-18T00:28:45Z</time>
      </trkpt>
      <trkpt lat="37.38989" lon="-121.96876">
        <ele>8.14</ele>
        <time>2022-07-18T00:28:48Z</time>
      </trkpt>
      <trkpt lat="37.38981" lon="-121.96877">
        <ele>8.15</ele>
        <time>2022-07-18T00:28:50Z</time>
      </trkpt>
      <trkpt lat="37.38975" lon="-121.96877">
        <ele>8.15</ele>
        <time>2022-07-18T00:28:52Z</time>
      </trkpt>
      <trkpt lat="37.38965" lon="-121.96877">
        <ele>7.93</ele>
        <time>2022-07-18T00:28:52Z</time>
      </trkpt>
      <trkpt lat="37.3896" lon="-121.96877">
        <ele>7.86</ele>
        <time>2022-07-18T00:28:53Z</time>
      </trkpt>
      <trkpt lat="37.38954" lon="-121.96877">
        <ele>7.86</ele>
        <time>2022-07-18T00:28:54Z</time>
      </trkpt>
      <trkpt lat="37.38947" lon="-121.96877">
        <ele>7.86</ele>
        <time>2022-07-18T00:28:55Z</time>
      </trkpt>
      <trkpt lat="37.3894" lon="-121.96876">
        <ele>7.43</ele>
        <time>2022-07-18T00:28:56Z</time>
      </trkpt>
      <trkpt lat="37.38934" lon="-121.96876">
        <ele>7.43</ele>
        <time>2022-07-18T00:28:57Z</time>
      </trkpt>
      <trkpt lat="37.38926" lon="-121.96875">
        <ele>7.0</ele>
        <time>2022-07-18T00:28:58Z</time>
      </trkpt>
      <trkpt lat="37.38919" lon="-121.96875">
        <ele>7.0</ele>
        <time>2022-07-18T00:28:59Z</time>
      </trkpt>
      <trkpt lat="37.38911" lon="-121.96875">
        <ele>7.31</ele>
        <time>2022-07-18T00:29:00Z</time>
      </trkpt>
      <trkpt lat="37.38904" lon="-121.96876">
        <ele>7.68</ele>
        <time>2022-07-18T00:29:01Z</time>
      </trkpt>
      <trkpt lat="37.38886" lon="-121.96877">
        <ele>5.63</ele>
        <time>2022-07-18T00:29:04Z</time>
      </trkpt>
      <trkpt lat="37.38878" lon="-121.96878">
        <ele>5.65</ele>
        <time>2022-07-18T00:29:04Z</time>
      </trkpt>
      <trkpt lat="37.38872" lon="-121.96879">
        <ele>5.86</ele>
        <time>2022-07-18T00:29:05Z</time>
      </trkpt>
      <trkpt lat="37.38865" lon="-121.96879">
        <ele>5.86</ele>
        <time>2022-07-18T00:29:06Z</time>
      </trkpt>
      <trkpt lat="37.38859" lon="-121.9688">
        <ele>6.16</ele>
        <time>2022-07-18T00:29:07Z</time>
      </trkpt>
      <trkpt lat="37.38854" lon="-121.96881">
        <ele>6.59</ele>
        <time>2022-07-18T00:29:08Z</time>
      </trkpt>
      <trkpt lat="37.38849" lon="-121.96881">
        <ele>6.55</ele>
        <time>2022-07-18T00:29:09Z</time>
      </trkpt>
      <trkpt lat="37.38844" lon="-121.96882">
        <ele>6.81</ele>
        <time>2022-07-18T00:29:10Z</time>
      </trkpt>
      <trkpt lat="37.38839" lon="-121.96883">
        <ele>7.09</ele>
        <time>2022-07-18T00:29:11Z</time>
      </trkpt>
      <trkpt lat="37.38835" lon="-121.96883">
        <ele>7.09</ele>
        <time>2022-07-18T00:29:12Z</time>
      </trkpt>
      <trkpt lat="37.38831" lon="-121.96884">
        <ele>7.42</ele>
        <time>2022-07-18T00:29:13Z</time>
      </trkpt>
      <trkpt lat="37.38828" lon="-121.96884">
        <ele>7.42</ele>
        <time>2022-07-18T00:29:14Z</time>
      </trkpt>
      <trkpt lat="37.38824" lon="-121.96885">
        <ele>7.74</ele>
        <time>2022-07-18T00:29:15Z</time>
      </trkpt>
      <trkpt lat="37.3882" lon="-121.96886">
        <ele>7.93</ele>
        <time>2022-07-18T00:29:16Z</time>
      </trkpt>
      <trkpt lat="37.38816" lon="-121.96886">
        <ele>7.79</ele>
        <time>2022-07-18T00:29:17Z</time>
      </trkpt>
      <trkpt lat="37.38813" lon="-121.96886">
        <ele>7.75</ele>
        <time>2022-07-18T00:29:18Z</time>
      </trkpt>
      <trkpt lat="37.38811" lon="-121.96886">
        <ele>7.75</ele>
        <time>2022-07-18T00:29:19Z</time>
      </trkpt>
      <trkpt lat="37.38806" lon="-121.96886">
        <ele>7.75</ele>
        <time>2022-07-18T00:29:22Z</time>
      </trkpt>
      <trkpt lat="37.38801" lon="-121.96887">
        <ele>8.18</ele>
        <time>2022-07-18T00:29:23Z</time>
      </trkpt>
      <trkpt lat="37.3879" lon="-121.9689">
        <ele>8.28</ele>
        <time>2022-07-18T00:29:26Z</time>
      </trkpt>
      <trkpt lat="37.38782" lon="-121.96891">
        <ele>8.12</ele>
        <time>2022-07-18T00:29:28Z</time>
      </trkpt>
      <trkpt lat="37.38775" lon="-121.96891">
        <ele>8.23</ele>
        <time>2022-07-18T00:29:29Z</time>
      </trkpt>
      <trkpt lat="37.38766" lon="-121.96892">
        <ele>8.25</ele>
        <time>2022-07-18T00:29:31Z</time>
      </trkpt>
      <trkpt lat="37.38754" lon="-121.96894">
        <ele>8.4</ele>
        <time>2022-07-18T00:29:34Z</time>
      </trkpt>
      <trkpt lat="37.38747" lon="-121.96895">
        <ele>8.64</ele>
        <time>2022-07-18T00:29:36Z</time>
      </trkpt>
      <trkpt lat="37.3874" lon="-121.96897">
        <ele>9.49</ele>
        <time>2022-07-18T00:29:37Z</time>
      </trkpt>
      <trkpt lat="37.38732" lon="-121.96897">
        <ele>9.39</ele>
        <time>2022-07-18T00:29:39Z</time>
      </trkpt>
      <trkpt lat="37.38726" lon="-121.96898">
        <ele>9.34</ele>
        <time>2022-07-18T00:29:39Z</time>
      </trkpt>
      <trkpt lat="37.38721" lon="-121.96898">
        <ele>8.94</ele>
        <time>2022-07-18T00:29:40Z</time>
      </trkpt>
      <trkpt lat="37.38716" lon="-121.96899">
        <ele>8.91</ele>
        <time>2022-07-18T00:29:41Z</time>
      </trkpt>
      <trkpt lat="37.38711" lon="-121.969">
        <ele>8.8</ele>
        <time>2022-07-18T00:29:42Z</time>
      </trkpt>
      <trkpt lat="37.38706" lon="-121.969">
        <ele>8.8</ele>
        <time>2022-07-18T00:29:43Z</time>
      </trkpt>
      <trkpt lat="37.38702" lon="-121.969">
        <ele>8.84</ele>
        <time>2022-07-18T00:29:44Z</time>
      </trkpt>
      <trkpt lat="37.38697" lon="-121.969">
        <ele>8.94</ele>
        <time>2022-07-18T00:29:45Z</time>
      </trkpt>
      <trkpt lat="37.38692" lon="-121.96901">
        <ele>8.82</ele>
        <time>2022-07-18T00:29:46Z</time>
      </trkpt>
      <trkpt lat="37.38688" lon="-121.96901">
        <ele>8.52</ele>
        <time>2022-07-18T00:29:47Z</time>
      </trkpt>
      <trkpt lat="37.38684" lon="-121.969">
        <ele>8.2</ele>
        <time>2022-07-18T00:29:48Z</time>
      </trkpt>
      <trkpt lat="37.3868" lon="-121.969">
        <ele>8.2</ele>
        <time>2022-07-18T00:29:50Z</time>
      </trkpt>
      <trkpt lat="37.38673" lon="-121.96899">
        <ele>8.09</ele>
        <time>2022-07-18T00:29:52Z</time>
      </trkpt>
      <trkpt lat="37.38664" lon="-121.969">
        <ele>8.2</ele>
        <time>2022-07-18T00:29:54Z</time>
      </trkpt>
      <trkpt lat="37.38656" lon="-121.96901">
        <ele>8.31</ele>
        <time>2022-07-18T00:29:56Z</time>
      </trkpt>
      <trkpt lat="37.38649" lon="-121.96901">
        <ele>8.31</ele>
        <time>2022-07-18T00:29:58Z</time>
      </trkpt>
      <trkpt lat="37.38643" lon="-121.96901">
        <ele>8.48</ele>
        <time>2022-07-18T00:29:59Z</time>
      </trkpt>
      <trkpt lat="37.38637" lon="-121.96902">
        <ele>8.92</ele>
        <time>2022-07-18T00:30:02Z</time>
      </trkpt>
      <trkpt lat="37.38629" lon="-121.96903">
        <ele>9.54</ele>
        <time>2022-07-18T00:30:04Z</time>
      </trkpt>
      <trkpt lat="37.38623" lon="-121.96904">
        <ele>9.44</ele>
        <time>2022-07-18T00:30:06Z</time>
      </trkpt>
      <trkpt lat="37.38614" lon="-121.96903">
        <ele>9.01</ele>
        <time>2022-07-18T00:30:09Z</time>
      </trkpt>
      <trkpt lat="37.38605" lon="-121.96902">
        <ele>9.11</ele>
        <time>2022-07-18T00:30:10Z</time>
      </trkpt>
      <trkpt lat="37.38599" lon="-121.969">
        <ele>9.66</ele>
        <time>2022-07-18T00:30:11Z</time>
      </trkpt>
      <trkpt lat="37.38593" lon="-121.96898">
        <ele>9.95</ele>
        <time>2022-07-18T00:30:12Z</time>
      </trkpt>
      <trkpt lat="37.38587" lon="-121.96896">
        <ele>9.44</ele>
        <time>2022-07-18T00:30:13Z</time>
      </trkpt>
      <trkpt lat="37.38581" lon="-121.96895">
        <ele>9.15</ele>
        <time>2022-07-18T00:30:14Z</time>
      </trkpt>
      <trkpt lat="37.38575" lon="-121.96893">
        <ele>8.49</ele>
        <time>2022-07-18T00:30:15Z</time>
      </trkpt>
      <trkpt lat="37.3857" lon="-121.96892">
        <ele>8.63</ele>
        <time>2022-07-18T00:30:16Z</time>
      </trkpt>
      <trkpt lat="37.38564" lon="-121.96891">
        <ele>9.07</ele>
        <time>2022-07-18T00:30:17Z</time>
      </trkpt>
      <trkpt lat="37.38559" lon="-121.9689">
        <ele>9.55</ele>
        <time>2022-07-18T00:30:18Z</time>
      </trkpt>
      <trkpt lat="37.38553" lon="-121.96889">
        <ele>10.26</ele>
        <time>2022-07-18T00:30:19Z</time>
      </trkpt>
      <trkpt lat="37.38548" lon="-121.96888">
        <ele>10.43</ele>
        <time>2022-07-18T00:30:20Z</time>
      </trkpt>
      <trkpt lat="37.38542" lon="-121.96887">
        <ele>9.81</ele>
        <time>2022-07-18T00:30:21Z</time>
      </trkpt>
      <trkpt lat="37.38537" lon="-121.96886">
        <ele>9.07</ele>
        <time>2022-07-18T00:30:22Z</time>
      </trkpt>
      <trkpt lat="37.38531" lon="-121.96885">
        <ele>9.01</ele>
        <time>2022-07-18T00:30:23Z</time>
      </trkpt>
      <trkpt lat="37.38525" lon="-121.96885">
        <ele>9.11</ele>
        <time>2022-07-18T00:30:24Z</time>
      </trkpt>
      <trkpt lat="37.3852" lon="-121.96884">
        <ele>8.99</ele>
        <time>2022-07-18T00:30:25Z</time>
      </trkpt>
      <trkpt lat="37.38515" lon="-121.96883">
        <ele>9.0</ele>
        <time>2022-07-18T00:30:26Z</time>
      </trkpt>
      <trkpt lat="37.38509" lon="-121.96882">
        <ele>9.02</ele>
        <time>2022-07-18T00:30:27Z</time>
      </trkpt>
      <trkpt lat="37.38504" lon="-121.96882">
        <ele>9.42</ele>
        <time>2022-07-18T00:30:28Z</time>
      </trkpt>
      <trkpt lat="37.38499" lon="-121.96882">
        <ele>9.74</ele>
        <time>2022-07-18T00:30:29Z</time>
      </trkpt>
      <trkpt lat="37.38493" lon="-121.96882">
        <ele>9.74</ele>
        <time>2022-07-18T00:30:30Z</time>
      </trkpt>
      <trkpt lat="37.38488" lon="-121.96882">
        <ele>9.74</ele>
        <time>2022-07-18T00:30:31Z</time>
      </trkpt>
      <trkpt lat="37.38483" lon="-121.96882">
        <ele>9.74</ele>
        <time>2022-07-18T00:30:32Z</time>
      </trkpt>
      <trkpt lat="37.38477" lon="-121.96882">
        <ele>9.74</ele>
        <time>2022-07-18T00:30:33Z</time>
      </trkpt>
      <trkpt lat="37.38472" lon="-121.96882">
        <ele>9.73</ele>
        <time>2022-07-18T00:30:34Z</time>
      </trkpt>
      <trkpt lat="37.38467" lon="-121.96882">
        <ele>9.32</ele>
        <time>2022-07-18T00:30:35Z</time>
      </trkpt>
      <trkpt lat="37.38462" lon="-121.96882">
        <ele>9.1</ele>
        <time>2022-07-18T00:30:36Z</time>
      </trkpt>
      <trkpt lat="37.38457" lon="-121.96882">
        <ele>9.64</ele>
        <time>2022-07-18T00:30:37Z</time>
      </trkpt>
      <trkpt lat="37.38451" lon="-121.96882">
        <ele>9.78</ele>
        <time>2022-07-18T00:30:38Z</time>
      </trkpt>
      <trkpt lat="37.38446" lon="-121.96881">
        <ele>9.29</ele>
        <time>2022-07-18T00:30:39Z</time>
      </trkpt>
      <trkpt lat="37.3844" lon="-121.96881">
        <ele>9.15</ele>
        <time>2022-07-18T00:30:40Z</time>
      </trkpt>
      <trkpt lat="37.38434" lon="-121.96881">
        <ele>9.15</ele>
        <time>2022-07-18T00:30:41Z</time>
      </trkpt>
      <trkpt lat="37.38428" lon="-121.9688">
        <ele>9.04</ele>
        <time>2022-07-18T00:30:42Z</time>
      </trkpt>
      <trkpt lat="37.38422" lon="-121.9688">
        <ele>9.02</ele>
        <time>2022-07-18T00:30:43Z</time>
      </trkpt>
      <trkpt lat="37.38415" lon="-121.96879">
        <ele>8.8</ele>
        <time>2022-07-18T00:30:44Z</time>
      </trkpt>
      <trkpt lat="37.38408" lon="-121.96878">
        <ele>8.47</ele>
        <time>2022-07-18T00:30:45Z</time>
      </trkpt>
      <trkpt lat="37.38401" lon="-121.96877">
        <ele>7.65</ele>
        <time>2022-07-18T00:30:46Z</time>
      </trkpt>
      <trkpt lat="37.38395" lon="-121.96877">
        <ele>7.43</ele>
        <time>2022-07-18T00:30:47Z</time>
      </trkpt>
      <trkpt lat="37.38389" lon="-121.96876">
        <ele>7.22</ele>
        <time>2022-07-18T00:30:48Z</time>
      </trkpt>
      <trkpt lat="37.38383" lon="-121.96875">
        <ele>7.0</ele>
        <time>2022-07-18T00:30:49Z</time>
      </trkpt>
      <trkpt lat="37.38377" lon="-121.96874">
        <ele>7.01</ele>
        <time>2022-07-18T00:30:50Z</time>
      </trkpt>
      <trkpt lat="37.38371" lon="-121.96873">
        <ele>7.1</ele>
        <time>2022-07-18T00:30:51Z</time>
      </trkpt>
      <trkpt lat="37.38365" lon="-121.96871">
        <ele>7.35</ele>
        <time>2022-07-18T00:30:52Z</time>
      </trkpt>
      <trkpt lat="37.38358" lon="-121.96869">
        <ele>8.62</ele>
        <time>2022-07-18T00:30:53Z</time>
      </trkpt>
      <trkpt lat="37.38351" lon="-121.96868">
        <ele>9.77</ele>
        <time>2022-07-18T00:30:54Z</time>
      </trkpt>
      <trkpt lat="37.38344" lon="-121.96867">
        <ele>9.94</ele>
        <time>2022-07-18T00:30:55Z</time>
      </trkpt>
      <trkpt lat="37.38321" lon="-121.96867">
        <ele>7.76</ele>
        <time>2022-07-18T00:30:59Z</time>
      </trkpt>
      <trkpt lat="37.38315" lon="-121.96867">
        <ele>6.05</ele>
        <time>2022-07-18T00:30:59Z</time>
      </trkpt>
      <trkpt lat="37.38308" lon="-121.96868">
        <ele>5.81</ele>
        <time>2022-07-18T00:31:00Z</time>
      </trkpt>
      <trkpt lat="37.38303" lon="-121.9687">
        <ele>5.96</ele>
        <time>2022-07-18T00:31:01Z</time>
      </trkpt>
      <trkpt lat="37.38298" lon="-121.96871">
        <ele>6.33</ele>
        <time>2022-07-18T00:31:02Z</time>
      </trkpt>
      <trkpt lat="37.38293" lon="-121.96873">
        <ele>7.32</ele>
        <time>2022-07-18T00:31:03Z</time>
      </trkpt>
      <trkpt lat="37.38288" lon="-121.96874">
        <ele>7.61</ele>
        <time>2022-07-18T00:31:04Z</time>
      </trkpt>
      <trkpt lat="37.38284" lon="-121.96875">
        <ele>7.84</ele>
        <time>2022-07-18T00:31:05Z</time>
      </trkpt>
      <trkpt lat="37.38279" lon="-121.96876">
        <ele>7.9</ele>
        <time>2022-07-18T00:31:06Z</time>
      </trkpt>
      <trkpt lat="37.38275" lon="-121.96876">
        <ele>8.01</ele>
        <time>2022-07-18T00:31:07Z</time>
      </trkpt>
      <trkpt lat="37.3827" lon="-121.96877">
        <ele>8.75</ele>
        <time>2022-07-18T00:31:08Z</time>
      </trkpt>
      <trkpt lat="37.38266" lon="-121.96877">
        <ele>8.86</ele>
        <time>2022-07-18T00:31:09Z</time>
      </trkpt>
      <trkpt lat="37.38263" lon="-121.96877">
        <ele>8.86</ele>
        <time>2022-07-18T00:31:10Z</time>
      </trkpt>
      <trkpt lat="37.3826" lon="-121.96878">
        <ele>9.3</ele>
        <time>2022-07-18T00:31:11Z</time>
      </trkpt>
      <trkpt lat="37.38256" lon="-121.96878">
        <ele>9.36</ele>
        <time>2022-07-18T00:31:12Z</time>
      </trkpt>
      <trkpt lat="37.38252" lon="-121.96878">
        <ele>9.43</ele>
        <time>2022-07-18T00:31:13Z</time>
      </trkpt>
      <trkpt lat="37.38248" lon="-121.96879">
        <ele>9.8</ele>
        <time>2022-07-18T00:31:14Z</time>
      </trkpt>
      <trkpt lat="37.38246" lon="-121.96879">
        <ele>9.8</ele>
        <time>2022-07-18T00:31:15Z</time>
      </trkpt>
      <trkpt lat="37.38242" lon="-121.9688">
        <ele>9.99</ele>
        <time>2022-07-18T00:31:17Z</time>
      </trkpt>
      <trkpt lat="37.38237" lon="-121.96882">
        <ele>10.3</ele>
        <time>2022-07-18T00:31:18Z</time>
      </trkpt>
      <trkpt lat="37.38224" lon="-121.96882">
        <ele>10.74</ele>
        <time>2022-07-18T00:31:20Z</time>
      </trkpt>
      <trkpt lat="37.38213" lon="-121.96883">
        <ele>10.64</ele>
        <time>2022-07-18T00:31:24Z</time>
      </trkpt>
      <trkpt lat="37.38204" lon="-121.96882">
        <ele>10.74</ele>
        <time>2022-07-18T00:31:26Z</time>
      </trkpt>
      <trkpt lat="37.38196" lon="-121.96882">
        <ele>10.74</ele>
        <time>2022-07-18T00:31:27Z</time>
      </trkpt>
      <trkpt lat="37.38188" lon="-121.9688">
        <ele>10.96</ele>
        <time>2022-07-18T00:31:30Z</time>
      </trkpt>
      <trkpt lat="37.38181" lon="-121.9688">
        <ele>10.94</ele>
        <time>2022-07-18T00:31:30Z</time>
      </trkpt>
      <trkpt lat="37.38172" lon="-121.96879">
        <ele>10.69</ele>
        <time>2022-07-18T00:31:33Z</time>
      </trkpt>
      <trkpt lat="37.3816" lon="-121.9688">
        <ele>10.96</ele>
        <time>2022-07-18T00:31:37Z</time>
      </trkpt>
      <trkpt lat="37.3815" lon="-121.96882">
        <ele>10.15</ele>
        <time>2022-07-18T00:31:39Z</time>
      </trkpt>
      <trkpt lat="37.3814" lon="-121.96882">
        <ele>10.65</ele>
        <time>2022-07-18T00:31:42Z</time>
      </trkpt>
      <trkpt lat="37.3813" lon="-121.96882">
        <ele>10.74</ele>
        <time>2022-07-18T00:31:45Z</time>
      </trkpt>
      <trkpt lat="37.38119" lon="-121.96882">
        <ele>10.74</ele>
        <time>2022-07-18T00:31:47Z</time>
      </trkpt>
      <trkpt lat="37.38111" lon="-121.96881">
        <ele>10.84</ele>
        <time>2022-07-18T00:31:49Z</time>
      </trkpt>
      <trkpt lat="37.381" lon="-121.96882">
        <ele>10.0</ele>
        <time>2022-07-18T00:31:50Z</time>
      </trkpt>
      <trkpt lat="37.38092" lon="-121.96883">
        <ele>10.06</ele>
        <time>2022-07-18T00:31:53Z</time>
      </trkpt>
      <trkpt lat="37.38081" lon="-121.96883">
        <ele>11.0</ele>
        <time>2022-07-18T00:31:55Z</time>
      </trkpt>
      <trkpt lat="37.38071" lon="-121.96883">
        <ele>11.0</ele>
        <time>2022-07-18T00:31:58Z</time>
      </trkpt>
      <trkpt lat="37.38064" lon="-121.96883">
        <ele>11.0</ele>
        <time>2022-07-18T00:31:58Z</time>
      </trkpt>
      <trkpt lat="37.38055" lon="-121.96883">
        <ele>11.0</ele>
        <time>2022-07-18T00:32:00Z</time>
      </trkpt>
      <trkpt lat="37.3805" lon="-121.96883">
        <ele>11.0</ele>
        <time>2022-07-18T00:32:01Z</time>
      </trkpt>
      <trkpt lat="37.38045" lon="-121.96883">
        <ele>11.0</ele>
        <time>2022-07-18T00:32:02Z</time>
      </trkpt>
      <trkpt lat="37.38041" lon="-121.96882">
        <ele>11.0</ele>
        <time>2022-07-18T00:32:03Z</time>
      </trkpt>
      <trkpt lat="37.38034" lon="-121.9688">
        <ele>11.0</ele>
        <time>2022-07-18T00:32:06Z</time>
      </trkpt>
      <trkpt lat="37.38026" lon="-121.96881">
        <ele>11.0</ele>
        <time>2022-07-18T00:32:08Z</time>
      </trkpt>
      <trkpt lat="37.38015" lon="-121.96881">
        <ele>10.94</ele>
        <time>2022-07-18T00:32:10Z</time>
      </trkpt>
      <trkpt lat="37.38005" lon="-121.96879">
        <ele>10.66</ele>
        <time>2022-07-18T00:32:13Z</time>
      </trkpt>
      <trkpt lat="37.37991" lon="-121.96878">
        <ele>10.12</ele>
        <time>2022-07-18T00:32:14Z</time>
      </trkpt>
      <trkpt lat="37.37979" lon="-121.96878">
        <ele>9.34</ele>
        <time>2022-07-18T00:32:16Z</time>
      </trkpt>
      <trkpt lat="37.37973" lon="-121.96877">
        <ele>9.12</ele>
        <time>2022-07-18T00:32:17Z</time>
      </trkpt>
      <trkpt lat="37.37966" lon="-121.96877">
        <ele>9.63</ele>
        <time>2022-07-18T00:32:18Z</time>
      </trkpt>
      <trkpt lat="37.37959" lon="-121.96876">
        <ele>9.69</ele>
        <time>2022-07-18T00:32:19Z</time>
      </trkpt>
      <trkpt lat="37.37952" lon="-121.96875">
        <ele>9.5</ele>
        <time>2022-07-18T00:32:20Z</time>
      </trkpt>
      <trkpt lat="37.37945" lon="-121.96873">
        <ele>8.42</ele>
        <time>2022-07-18T00:32:21Z</time>
      </trkpt>
      <trkpt lat="37.37938" lon="-121.96872">
        <ele>7.88</ele>
        <time>2022-07-18T00:32:22Z</time>
      </trkpt>
      <trkpt lat="37.37931" lon="-121.96871">
        <ele>7.76</ele>
        <time>2022-07-18T00:32:23Z</time>
      </trkpt>
      <trkpt lat="37.37924" lon="-121.9687">
        <ele>7.96</ele>
        <time>2022-07-18T00:32:24Z</time>
      </trkpt>
      <trkpt lat="37.37918" lon="-121.9687">
        <ele>7.96</ele>
        <time>2022-07-18T00:32:25Z</time>
      </trkpt>
      <trkpt lat="37.3791" lon="-121.9687">
        <ele>7.96</ele>
        <time>2022-07-18T00:32:26Z</time>
      </trkpt>
      <trkpt lat="37.37894" lon="-121.9687">
        <ele>7.96</ele>
        <time>2022-07-18T00:32:29Z</time>
      </trkpt>
      <trkpt lat="37.37887" lon="-121.96872">
        <ele>8.36</ele>
        <time>2022-07-18T00:32:29Z</time>
      </trkpt>
      <trkpt lat="37.37881" lon="-121.96873">
        <ele>8.24</ele>
        <time>2022-07-18T00:32:30Z</time>
      </trkpt>
      <trkpt lat="37.37876" lon="-121.96874">
        <ele>8.57</ele>
        <time>2022-07-18T00:32:31Z</time>
      </trkpt>
      <trkpt lat="37.37872" lon="-121.96875">
        <ele>9.0</ele>
        <time>2022-07-18T00:32:32Z</time>
      </trkpt>
      <trkpt lat="37.37867" lon="-121.96876">
        <ele>9.21</ele>
        <time>2022-07-18T00:32:33Z</time>
      </trkpt>
      <trkpt lat="37.37863" lon="-121.96877">
        <ele>9.29</ele>
        <time>2022-07-18T00:32:34Z</time>
      </trkpt>
      <trkpt lat="37.3786" lon="-121.96877">
        <ele>9.15</ele>
        <time>2022-07-18T00:32:35Z</time>
      </trkpt>
      <trkpt lat="37.37855" lon="-121.96878">
        <ele>9.47</ele>
        <time>2022-07-18T00:32:36Z</time>
      </trkpt>
      <trkpt lat="37.37852" lon="-121.96878">
        <ele>9.47</ele>
        <time>2022-07-18T00:32:37Z</time>
      </trkpt>
      <trkpt lat="37.37848" lon="-121.96879">
        <ele>10.18</ele>
        <time>2022-07-18T00:32:38Z</time>
      </trkpt>
      <trkpt lat="37.37845" lon="-121.9688">
        <ele>10.75</ele>
        <time>2022-07-18T00:32:39Z</time>
      </trkpt>
      <trkpt lat="37.37841" lon="-121.96882">
        <ele>11.0</ele>
        <time>2022-07-18T00:32:41Z</time>
      </trkpt>
      <trkpt lat="37.37835" lon="-121.96883">
        <ele>11.0</ele>
        <time>2022-07-18T00:32:44Z</time>
      </trkpt>
      <trkpt lat="37.37828" lon="-121.96884">
        <ele>11.0</ele>
        <time>2022-07-18T00:32:46Z</time>
      </trkpt>
      <trkpt lat="37.3782" lon="-121.96887">
        <ele>11.0</ele>
        <time>2022-07-18T00:32:49Z</time>
      </trkpt>
      <trkpt lat="37.37817" lon="-121.96886">
        <ele>11.0</ele>
        <time>2022-07-18T00:32:57Z</time>
      </trkpt>
    </trkseg>
    <trkseg>
      <trkpt lat="37.37817" lon="-121.96883">
        <ele>11.0</ele>
        <time>2022-07-18T00:33:52Z</time>
      </trkpt>
      <trkpt lat="37.37813" lon="-121.96881">
        <ele>11.0</ele>
        <time>2022-07-18T00:34:00Z</time>
      </trkpt>
      <trkpt lat="37.37806" lon="-121.96882">
        <ele>11.0</ele>
        <time>2022-07-18T00:34:02Z</time>
      </trkpt>
      <trkpt lat="37.37797" lon="-121.96884">
        <ele>11.0</ele>
        <time>2022-07-18T00:34:05Z</time>
      </trkpt>
      <trkpt lat="37.37788" lon="-121.96884">
        <ele>11.0</ele>
        <time>2022-07-18T00:34:07Z</time>
      </trkpt>
      <trkpt lat="37.37779" lon="-121.96884">
        <ele>11.0</ele>
        <time>2022-07-18T00:34:09Z</time>
      </trkpt>
      <trkpt lat="37.37768" lon="-121.96885">
        <ele>11.58</ele>
        <time>2022-07-18T00:34:12Z</time>
      </trkpt>
      <trkpt lat="37.37759" lon="-121.96885">
        <ele>11.58</ele>
        <time>2022-07-18T00:34:14Z</time>
      </trkpt>
      <trkpt lat="37.37748" lon="-121.96885">
        <ele>11.58</ele>
        <time>2022-07-18T00:34:17Z</time>
      </trkpt>
      <trkpt lat="37.3774" lon="-121.96885">
        <ele>11.58</ele>
        <time>2022-07-18T00:34:20Z</time>
      </trkpt>
      <trkpt lat="37.37733" lon="-121.96885">
        <ele>11.58</ele>
        <time>2022-07-18T00:34:21Z</time>
      </trkpt>
      <trkpt lat="37.37724" lon="-121.96886">
        <ele>11.69</ele>
        <time>2022-07-18T00:34:24Z</time>
      </trkpt>
      <trkpt lat="37.37714" lon="-121.96885">
        <ele>11.58</ele>
        <time>2022-07-18T00:34:26Z</time>
      </trkpt>
      <trkpt lat="37.37703" lon="-121.96886">
        <ele>11.69</ele>
        <time>2022-07-18T00:34:29Z</time>
      </trkpt>
      <trkpt lat="37.37696" lon="-121.96886">
        <ele>11.69</ele>
        <time>2022-07-18T00:34:30Z</time>
      </trkpt>
      <trkpt lat="37.37687" lon="-121.96885">
        <ele>11.58</ele>
        <time>2022-07-18T00:34:32Z</time>
      </trkpt>
      <trkpt lat="37.37679" lon="-121.96885">
        <ele>11.58</ele>
        <time>2022-07-18T00:34:34Z</time>
      </trkpt>
      <trkpt lat="37.37672" lon="-121.96885">
        <ele>11.58</ele>
        <time>2022-07-18T00:34:36Z</time>
      </trkpt>
      <trkpt lat="37.37663" lon="-121.96886">
        <ele>11.69</ele>
        <time>2022-07-18T00:34:38Z</time>
      </trkpt>
      <trkpt lat="37.37654" lon="-121.96886">
        <ele>11.69</ele>
        <time>2022-07-18T00:34:40Z</time>
      </trkpt>
      <trkpt lat="37.37646" lon="-121.96886">
        <ele>11.69</ele>
        <time>2022-07-18T00:34:41Z</time>
      </trkpt>
      <trkpt lat="37.3764" lon="-121.96885">
        <ele>11.58</ele>
        <time>2022-07-18T00:34:42Z</time>
      </trkpt>
      <trkpt lat="37.37631" lon="-121.96885">
        <ele>11.58</ele>
        <time>2022-07-18T00:34:43Z</time>
      </trkpt>
      <trkpt lat="37.37624" lon="-121.96885">
        <ele>11.58</ele>
        <time>2022-07-18T00:34:46Z</time>
      </trkpt>
      <trkpt lat="37.37617" lon="-121.96886">
        <ele>11.69</ele>
        <time>2022-07-18T00:34:47Z</time>
      </trkpt>
      <trkpt lat="37.37607" lon="-121.96886">
        <ele>11.99</ele>
        <time>2022-07-18T00:34:48Z</time>
      </trkpt>
      <trkpt lat="37.37603" lon="-121.96886">
        <ele>12.29</ele>
        <time>2022-07-18T00:34:49Z</time>
      </trkpt>
      <trkpt lat="37.37598" lon="-121.96886">
        <ele>12.38</ele>
        <time>2022-07-18T00:34:50Z</time>
      </trkpt>
      <trkpt lat="37.37593" lon="-121.96886">
        <ele>12.38</ele>
        <time>2022-07-18T00:34:51Z</time>
      </trkpt>
      <trkpt lat="37.37589" lon="-121.96886">
        <ele>12.38</ele>
        <time>2022-07-18T00:34:52Z</time>
      </trkpt>
      <trkpt lat="37.37584" lon="-121.96886">
        <ele>12.38</ele>
        <time>2022-07-18T00:34:53Z</time>
      </trkpt>
      <trkpt lat="37.37579" lon="-121.96886">
        <ele>12.38</ele>
        <time>2022-07-18T00:34:54Z</time>
      </trkpt>
      <trkpt lat="37.37574" lon="-121.96886">
        <ele>12.38</ele>
        <time>2022-07-18T00:34:55Z</time>
      </trkpt>
      <trkpt lat="37.37569" lon="-121.96886">
        <ele>12.38</ele>
        <time>2022-07-18T00:34:56Z</time>
      </trkpt>
      <trkpt lat="37.37564" lon="-121.96886">
        <ele>12.38</ele>
        <time>2022-07-18T00:34:57Z</time>
      </trkpt>
      <trkpt lat="37.3756" lon="-121.96886">
        <ele>12.38</ele>
        <time>2022-07-18T00:34:58Z</time>
      </trkpt>
      <trkpt lat="37.37556" lon="-121.96886">
        <ele>12.38</ele>
        <time>2022-07-18T00:34:59Z</time>
      </trkpt>
      <trkpt lat="37.37552" lon="-121.96886">
        <ele>12.38</ele>
        <time>2022-07-18T00:35:00Z</time>
      </trkpt>
      <trkpt lat="37.37548" lon="-121.96886">
        <ele>12.38</ele>
        <time>2022-07-18T00:35:01Z</time>
      </trkpt>
      <trkpt lat="37.37543" lon="-121.96885">
        <ele>12.16</ele>
        <time>2022-07-18T00:35:02Z</time>
      </trkpt>
      <trkpt lat="37.37539" lon="-121.96884">
        <ele>11.94</ele>
        <time>2022-07-18T00:35:03Z</time>
      </trkpt>
      <trkpt lat="37.37533" lon="-121.96883">
        <ele>12.01</ele>
        <time>2022-07-18T00:35:04Z</time>
      </trkpt>
      <trkpt lat="37.37528" lon="-121.96882">
        <ele>12.24</ele>
        <time>2022-07-18T00:35:05Z</time>
      </trkpt>
      <trkpt lat="37.37523" lon="-121.96882">
        <ele>12.64</ele>
        <time>2022-07-18T00:35:06Z</time>
      </trkpt>
      <trkpt lat="37.37518" lon="-121.96881">
        <ele>13.0</ele>
        <time>2022-07-18T00:35:07Z</time>
      </trkpt>
      <trkpt lat="37.37513" lon="-121.96881">
        <ele>13.0</ele>
        <time>2022-07-18T00:35:08Z</time>
      </trkpt>
      <trkpt lat="37.37507" lon="-121.96881">
        <ele>13.0</ele>
        <time>2022-07-18T00:35:09Z</time>
      </trkpt>
      <trkpt lat="37.37501" lon="-121.96881">
        <ele>13.0</ele>
        <time>2022-07-18T00:35:10Z</time>
      </trkpt>
      <trkpt lat="37.37495" lon="-121.9688">
        <ele>13.0</ele>
        <time>2022-07-18T00:35:11Z</time>
      </trkpt>
      <trkpt lat="37.37489" lon="-121.96879">
        <ele>12.73</ele>
        <time>2022-07-18T00:35:12Z</time>
      </trkpt>
      <trkpt lat="37.37483" lon="-121.96877">
        <ele>11.86</ele>
        <time>2022-07-18T00:35:13Z</time>
      </trkpt>
      <trkpt lat="37.37477" lon="-121.96876">
        <ele>11.73</ele>
        <time>2022-07-18T00:35:14Z</time>
      </trkpt>
      <trkpt lat="37.37471" lon="-121.96875">
        <ele>11.5</ele>
        <time>2022-07-18T00:35:15Z</time>
      </trkpt>
      <trkpt lat="37.37464" lon="-121.96875">
        <ele>11.5</ele>
        <time>2022-07-18T00:35:16Z</time>
      </trkpt>
      <trkpt lat="37.37458" lon="-121.96875">
        <ele>11.5</ele>
        <time>2022-07-18T00:35:17Z</time>
      </trkpt>
      <trkpt lat="37.37451" lon="-121.96875">
        <ele>11.5</ele>
        <time>2022-07-18T00:35:18Z</time>
      </trkpt>
      <trkpt lat="37.37445" lon="-121.96874">
        <ele>10.96</ele>
        <time>2022-07-18T00:35:19Z</time>
      </trkpt>
      <trkpt lat="37.37439" lon="-121.96874">
        <ele>10.96</ele>
        <time>2022-07-18T00:35:20Z</time>
      </trkpt>
      <trkpt lat="37.37428" lon="-121.96874">
        <ele>10.66</ele>
        <time>2022-07-18T00:35:23Z</time>
      </trkpt>
      <trkpt lat="37.37422" lon="-121.96874">
        <ele>10.48</ele>
        <time>2022-07-18T00:35:23Z</time>
      </trkpt>
      <trkpt lat="37.37417" lon="-121.96874">
        <ele>10.36</ele>
        <time>2022-07-18T00:35:24Z</time>
      </trkpt>
      <trkpt lat="37.37411" lon="-121.96875">
        <ele>11.0</ele>
        <time>2022-07-18T00:35:25Z</time>
      </trkpt>
      <trkpt lat="37.37406" lon="-121.96876">
        <ele>11.43</ele>
        <time>2022-07-18T00:35:26Z</time>
      </trkpt>
      <trkpt lat="37.374" lon="-121.96877">
        <ele>11.86</ele>
        <time>2022-07-18T00:35:27Z</time>
      </trkpt>
      <trkpt lat="37.37395" lon="-121.96879">
        <ele>12.41</ele>
        <time>2022-07-18T00:35:28Z</time>
      </trkpt>
      <trkpt lat="37.3739" lon="-121.9688">
        <ele>12.16</ele>
        <time>2022-07-18T00:35:29Z</time>
      </trkpt>
      <trkpt lat="37.37385" lon="-121.9688">
        <ele>12.04</ele>
        <time>2022-07-18T00:35:30Z</time>
      </trkpt>
      <trkpt lat="37.37381" lon="-121.96881">
        <ele>12.15</ele>
        <time>2022-07-18T00:35:31Z</time>
      </trkpt>
      <trkpt lat="37.37376" lon="-121.96881">
        <ele>12.15</ele>
        <time>2022-07-18T00:35:32Z</time>
      </trkpt>
      <trkpt lat="37.37371" lon="-121.9688">
        <ele>12.04</ele>
        <time>2022-07-18T00:35:33Z</time>
      </trkpt>
      <trkpt lat="37.37367" lon="-121.9688">
        <ele>12.04</ele>
        <time>2022-07-18T00:35:34Z</time>
      </trkpt>
      <trkpt lat="37.37363" lon="-121.9688">
        <ele>12.04</ele>
        <time>2022-07-18T00:35:35Z</time>
      </trkpt>
      <trkpt lat="37.37359" lon="-121.9688">
        <ele>12.04</ele>
        <time>2022-07-18T00:35:36Z</time>
      </trkpt>
      <trkpt lat="37.37354" lon="-121.9688">
        <ele>12.04</ele>
        <time>2022-07-18T00:35:37Z</time>
      </trkpt>
      <trkpt lat="37.3735" lon="-121.9688">
        <ele>12.04</ele>
        <time>2022-07-18T00:35:38Z</time>
      </trkpt>
      <trkpt lat="37.37346" lon="-121.9688">
        <ele>12.04</ele>
        <time>2022-07-18T00:35:39Z</time>
      </trkpt>
      <trkpt lat="37.37341" lon="-121.9688">
        <ele>12.04</ele>
        <time>2022-07-18T00:35:40Z</time>
      </trkpt>
      <trkpt lat="37.37338" lon="-121.9688">
        <ele>12.04</ele>
        <time>2022-07-18T00:35:41Z</time>
      </trkpt>
      <trkpt lat="37.37335" lon="-121.9688">
        <ele>12.04</ele>
        <time>2022-07-18T00:35:42Z</time>
      </trkpt>
      <trkpt lat="37.37331" lon="-121.96881">
        <ele>12.15</ele>
        <time>2022-07-18T00:35:44Z</time>
      </trkpt>
      <trkpt lat="37.37321" lon="-121.96882">
        <ele>12.26</ele>
        <time>2022-07-18T00:35:46Z</time>
      </trkpt>
      <trkpt lat="37.37313" lon="-121.96884">
        <ele>12.47</ele>
        <time>2022-07-18T00:35:48Z</time>
      </trkpt>
      <trkpt lat="37.37305" lon="-121.96885">
        <ele>12.58</ele>
        <time>2022-07-18T00:35:50Z</time>
      </trkpt>
      <trkpt lat="37.37297" lon="-121.96885">
        <ele>12.58</ele>
        <time>2022-07-18T00:35:50Z</time>
      </trkpt>
      <trkpt lat="37.37287" lon="-121.96885">
        <ele>12.58</ele>
        <time>2022-07-18T00:35:52Z</time>
      </trkpt>
      <trkpt lat="37.37283" lon="-121.96885">
        <ele>12.58</ele>
        <time>2022-07-18T00:35:53Z</time>
      </trkpt>
      <trkpt lat="37.37278" lon="-121.96885">
        <ele>12.58</ele>
        <time>2022-07-18T00:35:54Z</time>
      </trkpt>
      <trkpt lat="37.37273" lon="-121.96885">
        <ele>12.58</ele>
        <time>2022-07-18T00:35:55Z</time>
      </trkpt>
      <trkpt lat="37.37268" lon="-121.96885">
        <ele>12.58</ele>
        <time>2022-07-18T00:35:56Z</time>
      </trkpt>
      <trkpt lat="37.37263" lon="-121.96885">
        <ele>12.58</ele>
        <time>2022-07-18T00:35:57Z</time>
      </trkpt>
      <trkpt lat="37.37259" lon="-121.96885">
        <ele>12.61</ele>
        <time>2022-07-18T00:35:58Z</time>
      </trkpt>
      <trkpt lat="37.37254" lon="-121.96885">
        <ele>13.15</ele>
        <time>2022-07-18T00:35:59Z</time>
      </trkpt>
      <trkpt lat="37.37249" lon="-121.96885">
        <ele>13.58</ele>
        <time>2022-07-18T00:36:00Z</time>
      </trkpt>
      <trkpt lat="37.37245" lon="-121.96885">
        <ele>13.58</ele>
        <time>2022-07-18T00:36:01Z</time>
      </trkpt>
      <trkpt lat="37.3724" lon="-121.96885">
        <ele>13.58</ele>
        <time>2022-07-18T00:36:02Z</time>
      </trkpt>
      <trkpt lat="37.37235" lon="-121.96885">
        <ele>13.58</ele>
        <time>2022-07-18T00:36:03Z</time>
      </trkpt>
      <trkpt lat="37.3723" lon="-121.96886">
        <ele>13.69</ele>
        <time>2022-07-18T00:36:04Z</time>
      </trkpt>
      <trkpt lat="37.37226" lon="-121.96886">
        <ele>13.69</ele>
        <time>2022-07-18T00:36:05Z</time>
      </trkpt>
      <trkpt lat="37.37221" lon="-121.96886">
        <ele>13.69</ele>
        <time>2022-07-18T00:36:06Z</time>
      </trkpt>
      <trkpt lat="37.37217" lon="-121.96886">
        <ele>13.69</ele>
        <time>2022-07-18T00:36:07Z</time>
      </trkpt>
      <trkpt lat="37.37212" lon="-121.96886">
        <ele>13.72</ele>
        <time>2022-07-18T00:36:08Z</time>
      </trkpt>
      <trkpt lat="37.37207" lon="-121.96885">
        <ele>13.85</ele>
        <time>2022-07-18T00:36:09Z</time>
      </trkpt>
      <trkpt lat="37.37202" lon="-121.96885">
        <ele>13.92</ele>
        <time>2022-07-18T00:36:10Z</time>
      </trkpt>
      <trkpt lat="37.37197" lon="-121.96885">
        <ele>13.7</ele>
        <time>2022-07-18T00:36:11Z</time>
      </trkpt>
      <trkpt lat="37.37193" lon="-121.96885">
        <ele>13.58</ele>
        <time>2022-07-18T00:36:12Z</time>
      </trkpt>
      <trkpt lat="37.37188" lon="-121.96884">
        <ele>13.47</ele>
        <time>2022-07-18T00:36:13Z</time>
      </trkpt>
      <trkpt lat="37.37183" lon="-121.96884">
        <ele>13.47</ele>
        <time>2022-07-18T00:36:14Z</time>
      </trkpt>
      <trkpt lat="37.37178" lon="-121.96883">
        <ele>13.36</ele>
        <time>2022-07-18T00:36:15Z</time>
      </trkpt>
      <trkpt lat="37.37173" lon="-121.96883">
        <ele>13.36</ele>
        <time>2022-07-18T00:36:16Z</time>
      </trkpt>
      <trkpt lat="37.37168" lon="-121.96882">
        <ele>13.26</ele>
        <time>2022-07-18T00:36:17Z</time>
      </trkpt>
      <trkpt lat="37.37163" lon="-121.96882">
        <ele>13.26</ele>
        <time>2022-07-18T00:36:18Z</time>
      </trkpt>
      <trkpt lat="37.37158" lon="-121.96882">
        <ele>13.26</ele>
        <time>2022-07-18T00:36:19Z</time>
      </trkpt>
      <trkpt lat="37.37153" lon="-121.96882">
        <ele>13.26</ele>
        <time>2022-07-18T00:36:20Z</time>
      </trkpt>
      <trkpt lat="37.37148" lon="-121.96882">
        <ele>13.26</ele>
        <time>2022-07-18T00:36:21Z</time>
      </trkpt>
      <trkpt lat="37.37143" lon="-121.96882">
        <ele>13.26</ele>
        <time>2022-07-18T00:36:22Z</time>
      </trkpt>
      <trkpt lat="37.37138" lon="-121.96883">
        <ele>13.36</ele>
        <time>2022-07-18T00:36:23Z</time>
      </trkpt>
      <trkpt lat="37.37133" lon="-121.96883">
        <ele>13.36</ele>
        <time>2022-07-18T00:36:24Z</time>
      </trkpt>
      <trkpt lat="37.37128" lon="-121.96884">
        <ele>13.47</ele>
        <time>2022-07-18T00:36:25Z</time>
      </trkpt>
      <trkpt lat="37.37123" lon="-121.96884">
        <ele>13.47</ele>
        <time>2022-07-18T00:36:26Z</time>
      </trkpt>
      <trkpt lat="37.37119" lon="-121.96884">
        <ele>13.47</ele>
        <time>2022-07-18T00:36:27Z</time>
      </trkpt>
      <trkpt lat="37.37114" lon="-121.96884">
        <ele>13.47</ele>
        <time>2022-07-18T00:36:28Z</time>
      </trkpt>
      <trkpt lat="37.37109" lon="-121.96884">
        <ele>13.47</ele>
        <time>2022-07-18T00:36:29Z</time>
      </trkpt>
      <trkpt lat="37.37104" lon="-121.96884">
        <ele>13.47</ele>
        <time>2022-07-18T00:36:30Z</time>
      </trkpt>
      <trkpt lat="37.37099" lon="-121.96884">
        <ele>13.47</ele>
        <time>2022-07-18T00:36:31Z</time>
      </trkpt>
      <trkpt lat="37.37094" lon="-121.96883">
        <ele>13.36</ele>
        <time>2022-07-18T00:36:32Z</time>
      </trkpt>
      <trkpt lat="37.37089" lon="-121.96883">
        <ele>13.36</ele>
        <time>2022-07-18T00:36:33Z</time>
      </trkpt>
      <trkpt lat="37.37084" lon="-121.96883">
        <ele>13.36</ele>
        <time>2022-07-18T00:36:34Z</time>
      </trkpt>
      <trkpt lat="37.37079" lon="-121.96883">
        <ele>13.36</ele>
        <time>2022-07-18T00:36:35Z</time>
      </trkpt>
      <trkpt lat="37.37074" lon="-121.96883">
        <ele>13.37</ele>
        <time>2022-07-18T00:36:36Z</time>
      </trkpt>
      <trkpt lat="37.3707" lon="-121.96883">
        <ele>13.64</ele>
        <time>2022-07-18T00:36:37Z</time>
      </trkpt>
      <trkpt lat="37.37065" lon="-121.96883">
        <ele>13.99</ele>
        <time>2022-07-18T00:36:38Z</time>
      </trkpt>
      <trkpt lat="37.3706" lon="-121.96883">
        <ele>14.0</ele>
        <time>2022-07-18T00:36:39Z</time>
      </trkpt>
      <trkpt lat="37.37056" lon="-121.96883">
        <ele>14.0</ele>
        <time>2022-07-18T00:36:40Z</time>
      </trkpt>
      <trkpt lat="37.37051" lon="-121.96883">
        <ele>14.0</ele>
        <time>2022-07-18T00:36:41Z</time>
      </trkpt>
      <trkpt lat="37.37048" lon="-121.96883">
        <ele>14.0</ele>
        <time>2022-07-18T00:36:42Z</time>
      </trkpt>
      <trkpt lat="37.37043" lon="-121.96882">
        <ele>14.0</ele>
        <time>2022-07-18T00:36:43Z</time>
      </trkpt>
      <trkpt lat="37.37039" lon="-121.96882">
        <ele>14.0</ele>
        <time>2022-07-18T00:36:44Z</time>
      </trkpt>
      <trkpt lat="37.37034" lon="-121.96882">
        <ele>13.76</ele>
        <time>2022-07-18T00:36:45Z</time>
      </trkpt>
      <trkpt lat="37.37029" lon="-121.96881">
        <ele>13.26</ele>
        <time>2022-07-18T00:36:46Z</time>
      </trkpt>
      <trkpt lat="37.37024" lon="-121.96881">
        <ele>13.15</ele>
        <time>2022-07-18T00:36:47Z</time>
      </trkpt>
      <trkpt lat="37.37018" lon="-121.9688">
        <ele>13.04</ele>
        <time>2022-07-18T00:36:48Z</time>
      </trkpt>
      <trkpt lat="37.37012" lon="-121.96879">
        <ele>12.73</ele>
        <time>2022-07-18T00:36:49Z</time>
      </trkpt>
      <trkpt lat="37.37006" lon="-121.96878">
        <ele>12.3</ele>
        <time>2022-07-18T00:36:50Z</time>
      </trkpt>
      <trkpt lat="37.37" lon="-121.96878">
        <ele>12.3</ele>
        <time>2022-07-18T00:36:51Z</time>
      </trkpt>
      <trkpt lat="37.36993" lon="-121.96877">
        <ele>12.41</ele>
        <time>2022-07-18T00:36:52Z</time>
      </trkpt>
      <trkpt lat="37.36987" lon="-121.96877">
        <ele>12.69</ele>
        <time>2022-07-18T00:36:53Z</time>
      </trkpt>
      <trkpt lat="37.3698" lon="-121.96877">
        <ele>12.98</ele>
        <time>2022-07-18T00:36:54Z</time>
      </trkpt>
      <trkpt lat="37.36974" lon="-121.96876">
        <ele>12.92</ele>
        <time>2022-07-18T00:36:55Z</time>
      </trkpt>
      <trkpt lat="37.36968" lon="-121.96875">
        <ele>12.5</ele>
        <time>2022-07-18T00:36:56Z</time>
      </trkpt>
      <trkpt lat="37.36962" lon="-121.96874">
        <ele>12.0</ele>
        <time>2022-07-18T00:36:57Z</time>
      </trkpt>
      <trkpt lat="37.36957" lon="-121.96874">
        <ele>12.21</ele>
        <time>2022-07-18T00:36:58Z</time>
      </trkpt>
      <trkpt lat="37.36951" lon="-121.96874">
        <ele>12.24</ele>
        <time>2022-07-18T00:36:59Z</time>
      </trkpt>
      <trkpt lat="37.36945" lon="-121.96874">
        <ele>11.98</ele>
        <time>2022-07-18T00:37:00Z</time>
      </trkpt>
      <trkpt lat="37.36931" lon="-121.96875">
        <ele>12.5</ele>
        <time>2022-07-18T00:37:03Z</time>
      </trkpt>
      <trkpt lat="37.36925" lon="-121.96876">
        <ele>13.0</ele>
        <time>2022-07-18T00:37:03Z</time>
      </trkpt>
      <trkpt lat="37.36921" lon="-121.96877">
        <ele>13.43</ele>
        <time>2022-07-18T00:37:04Z</time>
      </trkpt>
      <trkpt lat="37.36916" lon="-121.96878">
        <ele>13.88</ele>
        <time>2022-07-18T00:37:05Z</time>
      </trkpt>
      <trkpt lat="37.36912" lon="-121.96879">
        <ele>14.12</ele>
        <time>2022-07-18T00:37:06Z</time>
      </trkpt>
      <trkpt lat="37.36909" lon="-121.96879">
        <ele>13.82</ele>
        <time>2022-07-18T00:37:07Z</time>
      </trkpt>
      <trkpt lat="37.36905" lon="-121.96879">
        <ele>13.68</ele>
        <time>2022-07-18T00:37:08Z</time>
      </trkpt>
      <trkpt lat="37.36902" lon="-121.96879">
        <ele>13.7</ele>
        <time>2022-07-18T00:37:09Z</time>
      </trkpt>
      <trkpt lat="37.36897" lon="-121.96879">
        <ele>13.73</ele>
        <time>2022-07-18T00:37:10Z</time>
      </trkpt>
      <trkpt lat="37.36893" lon="-121.96879">
        <ele>13.73</ele>
        <time>2022-07-18T00:37:11Z</time>
      </trkpt>
      <trkpt lat="37.3689" lon="-121.96879">
        <ele>13.73</ele>
        <time>2022-07-18T00:37:12Z</time>
      </trkpt>
      <trkpt lat="37.36884" lon="-121.96879">
        <ele>13.73</ele>
        <time>2022-07-18T00:37:15Z</time>
      </trkpt>
      <trkpt lat="37.36876" lon="-121.96879">
        <ele>13.73</ele>
        <time>2022-07-18T00:37:16Z</time>
      </trkpt>
      <trkpt lat="37.36867" lon="-121.9688">
        <ele>14.39</ele>
        <time>2022-07-18T00:37:19Z</time>
      </trkpt>
      <trkpt lat="37.3686" lon="-121.96882">
        <ele>15.0</ele>
        <time>2022-07-18T00:37:21Z</time>
      </trkpt>
      <trkpt lat="37.3685" lon="-121.96884">
        <ele>14.91</ele>
        <time>2022-07-18T00:37:24Z</time>
      </trkpt>
      <trkpt lat="37.36844" lon="-121.96884">
        <ele>14.6</ele>
        <time>2022-07-18T00:37:26Z</time>
      </trkpt>
      <trkpt lat="37.36837" lon="-121.96882">
        <ele>14.74</ele>
        <time>2022-07-18T00:37:27Z</time>
      </trkpt>
      <trkpt lat="37.36827" lon="-121.96879">
        <ele>14.59</ele>
        <time>2022-07-18T00:37:29Z</time>
      </trkpt>
      <trkpt lat="37.3682" lon="-121.96878">
        <ele>13.58</ele>
        <time>2022-07-18T00:37:31Z</time>
      </trkpt>
      <trkpt lat="37.3681" lon="-121.96879">
        <ele>14.14</ele>
        <time>2022-07-18T00:37:32Z</time>
      </trkpt>
      <trkpt lat="37.36801" lon="-121.96879">
        <ele>14.63</ele>
        <time>2022-07-18T00:37:35Z</time>
      </trkpt>
      <trkpt lat="37.36795" lon="-121.96878">
        <ele>14.12</ele>
        <time>2022-07-18T00:37:37Z</time>
      </trkpt>
      <trkpt lat="37.36789" lon="-121.96875">
        <ele>12.5</ele>
        <time>2022-07-18T00:37:38Z</time>
      </trkpt>
      <trkpt lat="37.36782" lon="-121.96874">
        <ele>11.96</ele>
        <time>2022-07-18T00:37:38Z</time>
      </trkpt>
      <trkpt lat="37.36776" lon="-121.96873">
        <ele>11.75</ele>
        <time>2022-07-18T00:37:39Z</time>
      </trkpt>
      <trkpt lat="37.36771" lon="-121.96873">
        <ele>12.68</ele>
        <time>2022-07-18T00:37:40Z</time>
      </trkpt>
      <trkpt lat="37.36766" lon="-121.96873">
        <ele>13.02</ele>
        <time>2022-07-18T00:37:41Z</time>
      </trkpt>
      <trkpt lat="37.36761" lon="-121.96873">
        <ele>12.79</ele>
        <time>2022-07-18T00:37:42Z</time>
      </trkpt>
      <trkpt lat="37.36756" lon="-121.96873">
        <ele>12.86</ele>
        <time>2022-07-18T00:37:43Z</time>
      </trkpt>
      <trkpt lat="37.3675" lon="-121.96873">
        <ele>13.14</ele>
        <time>2022-07-18T00:37:44Z</time>
      </trkpt>
      <trkpt lat="37.36745" lon="-121.96873">
        <ele>13.52</ele>
        <time>2022-07-18T00:37:45Z</time>
      </trkpt>
      <trkpt lat="37.3674" lon="-121.96873">
        <ele>13.85</ele>
        <time>2022-07-18T00:37:46Z</time>
      </trkpt>
      <trkpt lat="37.36734" lon="-121.96873">
        <ele>13.85</ele>
        <time>2022-07-18T00:37:47Z</time>
      </trkpt>
      <trkpt lat="37.36729" lon="-121.96872">
        <ele>13.75</ele>
        <time>2022-07-18T00:37:48Z</time>
      </trkpt>
      <trkpt lat="37.36723" lon="-121.96872">
        <ele>14.28</ele>
        <time>2022-07-18T00:37:49Z</time>
      </trkpt>
      <trkpt lat="37.36719" lon="-121.96872">
        <ele>14.07</ele>
        <time>2022-07-18T00:37:50Z</time>
      </trkpt>
      <trkpt lat="37.36715" lon="-121.96872">
        <ele>13.71</ele>
        <time>2022-07-18T00:37:51Z</time>
      </trkpt>
      <trkpt lat="37.36711" lon="-121.96872">
        <ele>13.35</ele>
        <time>2022-07-18T00:37:52Z</time>
      </trkpt>
      <trkpt lat="37.36707" lon="-121.96873">
        <ele>13.39</ele>
        <time>2022-07-18T00:37:53Z</time>
      </trkpt>
      <trkpt lat="37.36704" lon="-121.96873">
        <ele>13.16</ele>
        <time>2022-07-18T00:37:54Z</time>
      </trkpt>
      <trkpt lat="37.36701" lon="-121.96873">
        <ele>13.14</ele>
        <time>2022-07-18T00:37:55Z</time>
      </trkpt>
      <trkpt lat="37.36698" lon="-121.96874">
        <ele>13.57</ele>
        <time>2022-07-18T00:37:58Z</time>
      </trkpt>
      <trkpt lat="37.36688" lon="-121.96874">
        <ele>13.57</ele>
        <time>2022-07-18T00:38:01Z</time>
      </trkpt>
      <trkpt lat="37.3668" lon="-121.96876">
        <ele>14.43</ele>
        <time>2022-07-18T00:38:04Z</time>
      </trkpt>
      <trkpt lat="37.36673" lon="-121.96877">
        <ele>14.86</ele>
        <time>2022-07-18T00:38:06Z</time>
      </trkpt>
      <trkpt lat="37.36662" lon="-121.96878">
        <ele>15.3</ele>
        <time>2022-07-18T00:38:08Z</time>
      </trkpt>
      <trkpt lat="37.36654" lon="-121.96878">
        <ele>15.3</ele>
        <time>2022-07-18T00:38:10Z</time>
      </trkpt>
      <trkpt lat="37.36647" lon="-121.96879">
        <ele>15.73</ele>
        <time>2022-07-18T00:38:12Z</time>
      </trkpt>
      <trkpt lat="37.36639" lon="-121.96879">
        <ele>15.73</ele>
        <time>2022-07-18T00:38:14Z</time>
      </trkpt>
      <trkpt lat="37.36632" lon="-121.9688">
        <ele>16.0</ele>
        <time>2022-07-18T00:38:16Z</time>
      </trkpt>
      <trkpt lat="37.36622" lon="-121.96879">
        <ele>15.73</ele>
        <time>2022-07-18T00:38:19Z</time>
      </trkpt>
      <trkpt lat="37.36613" lon="-121.96879">
        <ele>15.73</ele>
        <time>2022-07-18T00:38:21Z</time>
      </trkpt>
      <trkpt lat="37.36601" lon="-121.96879">
        <ele>15.73</ele>
        <time>2022-07-18T00:38:25Z</time>
      </trkpt>
      <trkpt lat="37.36594" lon="-121.96879">
        <ele>15.73</ele>
        <time>2022-07-18T00:38:27Z</time>
      </trkpt>
      <trkpt lat="37.36586" lon="-121.9688">
        <ele>16.0</ele>
        <time>2022-07-18T00:38:29Z</time>
      </trkpt>
      <trkpt lat="37.36578" lon="-121.9688">
        <ele>16.02</ele>
        <time>2022-07-18T00:38:31Z</time>
      </trkpt>
      <trkpt lat="37.36566" lon="-121.9688">
        <ele>16.04</ele>
        <time>2022-07-18T00:38:32Z</time>
      </trkpt>
      <trkpt lat="37.3656" lon="-121.96881">
        <ele>16.15</ele>
        <time>2022-07-18T00:38:33Z</time>
      </trkpt>
      <trkpt lat="37.36555" lon="-121.96881">
        <ele>16.15</ele>
        <time>2022-07-18T00:38:34Z</time>
      </trkpt>
      <trkpt lat="37.3655" lon="-121.96881">
        <ele>16.15</ele>
        <time>2022-07-18T00:38:35Z</time>
      </trkpt>
      <trkpt lat="37.36545" lon="-121.96882">
        <ele>16.36</ele>
        <time>2022-07-18T00:38:36Z</time>
      </trkpt>
      <trkpt lat="37.36541" lon="-121.96882">
        <ele>16.68</ele>
        <time>2022-07-18T00:38:37Z</time>
      </trkpt>
      <trkpt lat="37.36536" lon="-121.96883">
        <ele>17.0</ele>
        <time>2022-07-18T00:38:38Z</time>
      </trkpt>
      <trkpt lat="37.36531" lon="-121.96883">
        <ele>17.0</ele>
        <time>2022-07-18T00:38:39Z</time>
      </trkpt>
      <trkpt lat="37.36527" lon="-121.96883">
        <ele>17.0</ele>
        <time>2022-07-18T00:38:40Z</time>
      </trkpt>
      <trkpt lat="37.36522" lon="-121.96883">
        <ele>17.0</ele>
        <time>2022-07-18T00:38:41Z</time>
      </trkpt>
      <trkpt lat="37.36517" lon="-121.96883">
        <ele>17.0</ele>
        <time>2022-07-18T00:38:42Z</time>
      </trkpt>
      <trkpt lat="37.36512" lon="-121.96883">
        <ele>17.0</ele>
        <time>2022-07-18T00:38:43Z</time>
      </trkpt>
      <trkpt lat="37.36507" lon="-121.96883">
        <ele>17.0</ele>
        <time>2022-07-18T00:38:44Z</time>
      </trkpt>
      <trkpt lat="37.36502" lon="-121.96883">
        <ele>17.0</ele>
        <time>2022-07-18T00:38:45Z</time>
      </trkpt>
      <trkpt lat="37.36498" lon="-121.96883">
        <ele>17.0</ele>
        <time>2022-07-18T00:38:46Z</time>
      </trkpt>
      <trkpt lat="37.36493" lon="-121.96883">
        <ele>17.0</ele>
        <time>2022-07-18T00:38:47Z</time>
      </trkpt>
      <trkpt lat="37.36489" lon="-121.96883">
        <ele>17.0</ele>
        <time>2022-07-18T00:38:48Z</time>
      </trkpt>
      <trkpt lat="37.36485" lon="-121.96883">
        <ele>17.0</ele>
        <time>2022-07-18T00:38:49Z</time>
      </trkpt>
      <trkpt lat="37.36481" lon="-121.96883">
        <ele>17.02</ele>
        <time>2022-07-18T00:38:50Z</time>
      </trkpt>
      <trkpt lat="37.36477" lon="-121.96883">
        <ele>17.18</ele>
        <time>2022-07-18T00:38:51Z</time>
      </trkpt>
      <trkpt lat="37.36472" lon="-121.96883">
        <ele>17.36</ele>
        <time>2022-07-18T00:38:52Z</time>
      </trkpt>
      <trkpt lat="37.36456" lon="-121.96884">
        <ele>17.12</ele>
        <time>2022-07-18T00:38:57Z</time>
      </trkpt>
      <trkpt lat="37.36445" lon="-121.96882">
        <ele>17.0</ele>
        <time>2022-07-18T00:38:59Z</time>
      </trkpt>
      <trkpt lat="37.36437" lon="-121.96882">
        <ele>17.0</ele>
        <time>2022-07-18T00:39:01Z</time>
      </trkpt>
      <trkpt lat="37.3643" lon="-121.96882">
        <ele>17.0</ele>
        <time>2022-07-18T00:39:02Z</time>
      </trkpt>
      <trkpt lat="37.36424" lon="-121.96882">
        <ele>17.0</ele>
        <time>2022-07-18T00:39:04Z</time>
      </trkpt>
      <trkpt lat="37.36417" lon="-121.96879">
        <ele>16.73</ele>
        <time>2022-07-18T00:39:08Z</time>
      </trkpt>
      <trkpt lat="37.36415" lon="-121.96878">
        <ele>16.3</ele>
        <time>2022-07-18T00:39:17Z</time>
      </trkpt>
      <trkpt lat="37.36413" lon="-121.96875">
        <ele>15.0</ele>
        <time>2022-07-18T00:39:33Z</time>
      </trkpt>
      <trkpt lat="37.36412" lon="-121.96869">
        <ele>12.85</ele>
        <time>2022-07-18T00:39:36Z</time>
      </trkpt>
      <trkpt lat="37.36406" lon="-121.96862">
        <ele>12.1</ele>
        <time>2022-07-18T00:39:40Z</time>
      </trkpt>
      <trkpt lat="37.36402" lon="-121.96857">
        <ele>12.44</ele>
        <time>2022-07-18T00:39:41Z</time>
      </trkpt>
      <trkpt lat="37.36397" lon="-121.9685">
        <ele>14.0</ele>
        <time>2022-07-18T00:39:43Z</time>
      </trkpt>
      <trkpt lat="37.3639" lon="-121.96843">
        <ele>16.9</ele>
        <time>2022-07-18T00:39:45Z</time>
      </trkpt>
      <trkpt lat="37.36378" lon="-121.96844">
        <ele>16.85</ele>
        <time>2022-07-18T00:39:46Z</time>
      </trkpt>
      <trkpt lat="37.3637" lon="-121.96844">
        <ele>16.85</ele>
        <time>2022-07-18T00:39:49Z</time>
      </trkpt>
      <trkpt lat="37.36362" lon="-121.96845">
        <ele>16.74</ele>
        <time>2022-07-18T00:39:51Z</time>
      </trkpt>
      <trkpt lat="37.36356" lon="-121.96845">
        <ele>16.74</ele>
        <time>2022-07-18T00:39:52Z</time>
      </trkpt>
      <trkpt lat="37.36349" lon="-121.96845">
        <ele>16.82</ele>
        <time>2022-07-18T00:39:52Z</time>
      </trkpt>
      <trkpt lat="37.36341" lon="-121.96844">
        <ele>17.15</ele>
        <time>2022-07-18T00:39:55Z</time>
      </trkpt>
      <trkpt lat="37.36336" lon="-121.96843">
        <ele>17.68</ele>
        <time>2022-07-18T00:39:56Z</time>
      </trkpt>
      <trkpt lat="37.36328" lon="-121.96844">
        <ele>17.85</ele>
        <time>2022-07-18T00:39:58Z</time>
      </trkpt>
      <trkpt lat="37.36319" lon="-121.96844">
        <ele>17.93</ele>
        <time>2022-07-18T00:39:59Z</time>
      </trkpt>
      <trkpt lat="37.3631" lon="-121.96843">
        <ele>18.0</ele>
        <time>2022-07-18T00:40:00Z</time>
      </trkpt>
      <trkpt lat="37.36305" lon="-121.96842">
        <ele>18.0</ele>
        <time>2022-07-18T00:40:03Z</time>
      </trkpt>
      <trkpt lat="37.36291" lon="-121.96842">
        <ele>18.06</ele>
        <time>2022-07-18T00:40:05Z</time>
      </trkpt>
      <trkpt lat="37.36285" lon="-121.96842">
        <ele>18.06</ele>
        <time>2022-07-18T00:40:08Z</time>
      </trkpt>
      <trkpt lat="37.36278" lon="-121.96843">
        <ele>18.0</ele>
        <time>2022-07-18T00:40:09Z</time>
      </trkpt>
      <trkpt lat="37.3627" lon="-121.96845">
        <ele>18.62</ele>
        <time>2022-07-18T00:40:11Z</time>
      </trkpt>
      <trkpt lat="37.36262" lon="-121.96846">
        <ele>18.63</ele>
        <time>2022-07-18T00:40:13Z</time>
      </trkpt>
      <trkpt lat="37.36254" lon="-121.96845">
        <ele>18.74</ele>
        <time>2022-07-18T00:40:14Z</time>
      </trkpt>
      <trkpt lat="37.36245" lon="-121.96845">
        <ele>18.74</ele>
        <time>2022-07-18T00:40:16Z</time>
      </trkpt>
      <trkpt lat="37.36239" lon="-121.96843">
        <ele>18.95</ele>
        <time>2022-07-18T00:40:18Z</time>
      </trkpt>
      <trkpt lat="37.36228" lon="-121.96842">
        <ele>19.0</ele>
        <time>2022-07-18T00:40:18Z</time>
      </trkpt>
      <trkpt lat="37.3622" lon="-121.96842">
        <ele>19.0</ele>
        <time>2022-07-18T00:40:20Z</time>
      </trkpt>
      <trkpt lat="37.36215" lon="-121.96843">
        <ele>18.82</ele>
        <time>2022-07-18T00:40:22Z</time>
      </trkpt>
      <trkpt lat="37.36207" lon="-121.96844">
        <ele>18.39</ele>
        <time>2022-07-18T00:40:24Z</time>
      </trkpt>
      <trkpt lat="37.36195" lon="-121.96843">
        <ele>18.87</ele>
        <time>2022-07-18T00:40:26Z</time>
      </trkpt>
      <trkpt lat="37.36186" lon="-121.96843">
        <ele>18.91</ele>
        <time>2022-07-18T00:40:27Z</time>
      </trkpt>
      <trkpt lat="37.36177" lon="-121.96843">
        <ele>18.95</ele>
        <time>2022-07-18T00:40:29Z</time>
      </trkpt>
      <trkpt lat="37.36172" lon="-121.96843">
        <ele>18.96</ele>
        <time>2022-07-18T00:40:30Z</time>
      </trkpt>
      <trkpt lat="37.36167" lon="-121.96843">
        <ele>18.96</ele>
        <time>2022-07-18T00:40:31Z</time>
      </trkpt>
      <trkpt lat="37.36162" lon="-121.96844">
        <ele>18.85</ele>
        <time>2022-07-18T00:40:32Z</time>
      </trkpt>
      <trkpt lat="37.36158" lon="-121.96846">
        <ele>18.63</ele>
        <time>2022-07-18T00:40:33Z</time>
      </trkpt>
      <trkpt lat="37.36153" lon="-121.96848">
        <ele>18.69</ele>
        <time>2022-07-18T00:40:34Z</time>
      </trkpt>
      <trkpt lat="37.36148" lon="-121.96851">
        <ele>19.0</ele>
        <time>2022-07-18T00:40:35Z</time>
      </trkpt>
      <trkpt lat="37.36144" lon="-121.96853">
        <ele>18.47</ele>
        <time>2022-07-18T00:40:36Z</time>
      </trkpt>
      <trkpt lat="37.36139" lon="-121.96855">
        <ele>18.64</ele>
        <time>2022-07-18T00:40:37Z</time>
      </trkpt>
      <trkpt lat="37.36134" lon="-121.96857">
        <ele>18.74</ele>
        <time>2022-07-18T00:40:38Z</time>
      </trkpt>
      <trkpt lat="37.3613" lon="-121.9686">
        <ele>18.96</ele>
        <time>2022-07-18T00:40:39Z</time>
      </trkpt>
      <trkpt lat="37.36125" lon="-121.96862">
        <ele>19.0</ele>
        <time>2022-07-18T00:40:40Z</time>
      </trkpt>
      <trkpt lat="37.3612" lon="-121.96864">
        <ele>19.0</ele>
        <time>2022-07-18T00:40:41Z</time>
      </trkpt>
      <trkpt lat="37.36115" lon="-121.96866">
        <ele>19.0</ele>
        <time>2022-07-18T00:40:42Z</time>
      </trkpt>
      <trkpt lat="37.3611" lon="-121.96868">
        <ele>19.0</ele>
        <time>2022-07-18T00:40:43Z</time>
      </trkpt>
      <trkpt lat="37.36105" lon="-121.96869">
        <ele>19.0</ele>
        <time>2022-07-18T00:40:44Z</time>
      </trkpt>
      <trkpt lat="37.361" lon="-121.96871">
        <ele>19.0</ele>
        <time>2022-07-18T00:40:45Z</time>
      </trkpt>
      <trkpt lat="37.36095" lon="-121.96873">
        <ele>19.0</ele>
        <time>2022-07-18T00:40:46Z</time>
      </trkpt>
      <trkpt lat="37.36091" lon="-121.96874">
        <ele>19.0</ele>
        <time>2022-07-18T00:40:47Z</time>
      </trkpt>
      <trkpt lat="37.36086" lon="-121.96876">
        <ele>19.0</ele>
        <time>2022-07-18T00:40:48Z</time>
      </trkpt>
      <trkpt lat="37.36082" lon="-121.96877">
        <ele>19.0</ele>
        <time>2022-07-18T00:40:49Z</time>
      </trkpt>
      <trkpt lat="37.36077" lon="-121.96878">
        <ele>19.0</ele>
        <time>2022-07-18T00:40:50Z</time>
      </trkpt>
      <trkpt lat="37.36072" lon="-121.96879">
        <ele>19.0</ele>
        <time>2022-07-18T00:40:51Z</time>
      </trkpt>
      <trkpt lat="37.36067" lon="-121.9688">
        <ele>19.0</ele>
        <time>2022-07-18T00:40:52Z</time>
      </trkpt>
      <trkpt lat="37.36062" lon="-121.96881">
        <ele>19.0</ele>
        <time>2022-07-18T00:40:53Z</time>
      </trkpt>
      <trkpt lat="37.36057" lon="-121.96882">
        <ele>19.0</ele>
        <time>2022-07-18T00:40:54Z</time>
      </trkpt>
      <trkpt lat="37.36052" lon="-121.96883">
        <ele>19.0</ele>
        <time>2022-07-18T00:40:55Z</time>
      </trkpt>
      <trkpt lat="37.36047" lon="-121.96884">
        <ele>19.0</ele>
        <time>2022-07-18T00:40:56Z</time>
      </trkpt>
      <trkpt lat="37.36042" lon="-121.96885">
        <ele>19.0</ele>
        <time>2022-07-18T00:40:57Z</time>
      </trkpt>
      <trkpt lat="37.36036" lon="-121.96886">
        <ele>19.0</ele>
        <time>2022-07-18T00:40:58Z</time>
      </trkpt>
      <trkpt lat="37.36031" lon="-121.96887">
        <ele>19.0</ele>
        <time>2022-07-18T00:40:59Z</time>
      </trkpt>
      <trkpt lat="37.36026" lon="-121.96888">
        <ele>19.0</ele>
        <time>2022-07-18T00:41:00Z</time>
      </trkpt>
      <trkpt lat="37.36021" lon="-121.96888">
        <ele>19.0</ele>
        <time>2022-07-18T00:41:01Z</time>
      </trkpt>
      <trkpt lat="37.36016" lon="-121.96889">
        <ele>19.0</ele>
        <time>2022-07-18T00:41:02Z</time>
      </trkpt>
      <trkpt lat="37.36011" lon="-121.96889">
        <ele>19.0</ele>
        <time>2022-07-18T00:41:03Z</time>
      </trkpt>
      <trkpt lat="37.36006" lon="-121.9689">
        <ele>19.0</ele>
        <time>2022-07-18T00:41:04Z</time>
      </trkpt>
      <trkpt lat="37.36001" lon="-121.96891">
        <ele>19.0</ele>
        <time>2022-07-18T00:41:05Z</time>
      </trkpt>
      <trkpt lat="37.35997" lon="-121.96891">
        <ele>19.0</ele>
        <time>2022-07-18T00:41:06Z</time>
      </trkpt>
      <trkpt lat="37.35991" lon="-121.96892">
        <ele>19.0</ele>
        <time>2022-07-18T00:41:07Z</time>
      </trkpt>
      <trkpt lat="37.35986" lon="-121.96892">
        <ele>19.0</ele>
        <time>2022-07-18T00:41:08Z</time>
      </trkpt>
      <trkpt lat="37.35981" lon="-121.96893">
        <ele>18.98</ele>
        <time>2022-07-18T00:41:09Z</time>
      </trkpt>
      <trkpt lat="37.35976" lon="-121.96893">
        <ele>18.74</ele>
        <time>2022-07-18T00:41:10Z</time>
      </trkpt>
      <trkpt lat="37.35971" lon="-121.96894">
        <ele>18.52</ele>
        <time>2022-07-18T00:41:11Z</time>
      </trkpt>
      <trkpt lat="37.35966" lon="-121.96894">
        <ele>18.82</ele>
        <time>2022-07-18T00:41:12Z</time>
      </trkpt>
      <trkpt lat="37.35961" lon="-121.96895">
        <ele>19.0</ele>
        <time>2022-07-18T00:41:13Z</time>
      </trkpt>
      <trkpt lat="37.35956" lon="-121.96896">
        <ele>19.0</ele>
        <time>2022-07-18T00:41:14Z</time>
      </trkpt>
      <trkpt lat="37.35951" lon="-121.96896">
        <ele>19.0</ele>
        <time>2022-07-18T00:41:15Z</time>
      </trkpt>
      <trkpt lat="37.35947" lon="-121.96897">
        <ele>19.0</ele>
        <time>2022-07-18T00:41:16Z</time>
      </trkpt>
      <trkpt lat="37.35942" lon="-121.96897">
        <ele>19.0</ele>
        <time>2022-07-18T00:41:17Z</time>
      </trkpt>
      <trkpt lat="37.35939" lon="-121.96898">
        <ele>19.0</ele>
        <time>2022-07-18T00:41:18Z</time>
      </trkpt>
      <trkpt lat="37.35936" lon="-121.96898">
        <ele>19.0</ele>
        <time>2022-07-18T00:41:19Z</time>
      </trkpt>
      <trkpt lat="37.35932" lon="-121.969">
        <ele>19.0</ele>
        <time>2022-07-18T00:41:21Z</time>
      </trkpt>
    </trkseg>
    <trkseg>
      <trkpt lat="37.35931" lon="-121.96902">
        <ele>19.0</ele>
        <time>2022-07-18T00:41:59Z</time>
      </trkpt>
      <trkpt lat="37.35928" lon="-121.969">
        <ele>19.0</ele>
        <time>2022-07-18T00:42:06Z</time>
      </trkpt>
      <trkpt lat="37.35927" lon="-121.96896">
        <ele>19.0</ele>
        <time>2022-07-18T00:42:10Z</time>
      </trkpt>
      <trkpt lat="37.3593" lon="-121.96895">
        <ele>19.0</ele>
        <time>2022-07-18T00:42:13Z</time>
      </trkpt>
      <trkpt lat="37.35935" lon="-121.96894">
        <ele>19.0</ele>
        <time>2022-07-18T00:42:15Z</time>
      </trkpt>
      <trkpt lat="37.35941" lon="-121.96895">
        <ele>19.0</ele>
        <time>2022-07-18T00:42:17Z</time>
      </trkpt>
      <trkpt lat="37.35949" lon="-121.96895">
        <ele>19.0</ele>
        <time>2022-07-18T00:42:19Z</time>
      </trkpt>
      <trkpt lat="37.35955" lon="-121.96895">
        <ele>19.0</ele>
        <time>2022-07-18T00:42:21Z</time>
      </trkpt>
      <trkpt lat="37.35962" lon="-121.96894">
        <ele>19.0</ele>
        <time>2022-07-18T00:42:23Z</time>
      </trkpt>
      <trkpt lat="37.3597" lon="-121.96892">
        <ele>18.74</ele>
        <time>2022-07-18T00:42:26Z</time>
      </trkpt>
      <trkpt lat="37.35977" lon="-121.96891">
        <ele>18.89</ele>
        <time>2022-07-18T00:42:28Z</time>
      </trkpt>
      <trkpt lat="37.35984" lon="-121.9689">
        <ele>19.0</ele>
        <time>2022-07-18T00:42:30Z</time>
      </trkpt>
      <trkpt lat="37.35993" lon="-121.96888">
        <ele>19.1</ele>
        <time>2022-07-18T00:42:33Z</time>
      </trkpt>
      <trkpt lat="37.36003" lon="-121.96888">
        <ele>19.06</ele>
        <time>2022-07-18T00:42:36Z</time>
      </trkpt>
      <trkpt lat="37.36012" lon="-121.96888">
        <ele>19.0</ele>
        <time>2022-07-18T00:42:39Z</time>
      </trkpt>
      <trkpt lat="37.36019" lon="-121.96887">
        <ele>19.0</ele>
        <time>2022-07-18T00:42:41Z</time>
      </trkpt>
      <trkpt lat="37.36026" lon="-121.96886">
        <ele>19.0</ele>
        <time>2022-07-18T00:42:43Z</time>
      </trkpt>
      <trkpt lat="37.36038" lon="-121.96886">
        <ele>19.0</ele>
        <time>2022-07-18T00:42:46Z</time>
      </trkpt>
      <trkpt lat="37.36047" lon="-121.96884">
        <ele>19.0</ele>
        <time>2022-07-18T00:42:48Z</time>
      </trkpt>
      <trkpt lat="37.36056" lon="-121.96882">
        <ele>19.0</ele>
        <time>2022-07-18T00:42:50Z</time>
      </trkpt>
      <trkpt lat="37.36063" lon="-121.96881">
        <ele>19.0</ele>
        <time>2022-07-18T00:42:52Z</time>
      </trkpt>
      <trkpt lat="37.36074" lon="-121.96879">
        <ele>19.0</ele>
        <time>2022-07-18T00:42:55Z</time>
      </trkpt>
      <trkpt lat="37.36082" lon="-121.96877">
        <ele>19.0</ele>
        <time>2022-07-18T00:42:57Z</time>
      </trkpt>
      <trkpt lat="37.3609" lon="-121.96874">
        <ele>19.0</ele>
        <time>2022-07-18T00:42:59Z</time>
      </trkpt>
      <trkpt lat="37.36098" lon="-121.96871">
        <ele>19.0</ele>
        <time>2022-07-18T00:43:01Z</time>
      </trkpt>
      <trkpt lat="37.36106" lon="-121.96868">
        <ele>19.0</ele>
        <time>2022-07-18T00:43:03Z</time>
      </trkpt>
      <trkpt lat="37.36112" lon="-121.96866">
        <ele>19.0</ele>
        <time>2022-07-18T00:43:05Z</time>
      </trkpt>
      <trkpt lat="37.36119" lon="-121.96864">
        <ele>19.0</ele>
        <time>2022-07-18T00:43:06Z</time>
      </trkpt>
      <trkpt lat="37.36126" lon="-121.96862">
        <ele>19.0</ele>
        <time>2022-07-18T00:43:08Z</time>
      </trkpt>
      <trkpt lat="37.36133" lon="-121.9686">
        <ele>18.68</ele>
        <time>2022-07-18T00:43:10Z</time>
      </trkpt>
      <trkpt lat="37.36141" lon="-121.96857">
        <ele>17.68</ele>
        <time>2022-07-18T00:43:11Z</time>
      </trkpt>
      <trkpt lat="37.36147" lon="-121.96854">
        <ele>17.55</ele>
        <time>2022-07-18T00:43:13Z</time>
      </trkpt>
      <trkpt lat="37.36156" lon="-121.9685">
        <ele>18.32</ele>
        <time>2022-07-18T00:43:15Z</time>
      </trkpt>
      <trkpt lat="37.36168" lon="-121.96844">
        <ele>18.85</ele>
        <time>2022-07-18T00:43:18Z</time>
      </trkpt>
      <trkpt lat="37.36175" lon="-121.96842">
        <ele>19.0</ele>
        <time>2022-07-18T00:43:20Z</time>
      </trkpt>
      <trkpt lat="37.36182" lon="-121.96842">
        <ele>19.0</ele>
        <time>2022-07-18T00:43:22Z</time>
      </trkpt>
      <trkpt lat="37.36188" lon="-121.96842">
        <ele>19.0</ele>
        <time>2022-07-18T00:43:24Z</time>
      </trkpt>
      <trkpt lat="37.36196" lon="-121.96842">
        <ele>19.0</ele>
        <time>2022-07-18T00:43:26Z</time>
      </trkpt>
      <trkpt lat="37.36203" lon="-121.9684">
        <ele>19.0</ele>
        <time>2022-07-18T00:43:28Z</time>
      </trkpt>
      <trkpt lat="37.36211" lon="-121.96839">
        <ele>19.0</ele>
        <time>2022-07-18T00:43:30Z</time>
      </trkpt>
      <trkpt lat="37.36217" lon="-121.96839">
        <ele>19.0</ele>
        <time>2022-07-18T00:43:31Z</time>
      </trkpt>
      <trkpt lat="37.36225" lon="-121.96839">
        <ele>19.0</ele>
        <time>2022-07-18T00:43:33Z</time>
      </trkpt>
      <trkpt lat="37.36235" lon="-121.9684">
        <ele>19.0</ele>
        <time>2022-07-18T00:43:36Z</time>
      </trkpt>
      <trkpt lat="37.36244" lon="-121.9684">
        <ele>19.0</ele>
        <time>2022-07-18T00:43:38Z</time>
      </trkpt>
      <trkpt lat="37.36254" lon="-121.96841">
        <ele>19.0</ele>
        <time>2022-07-18T00:43:40Z</time>
      </trkpt>
      <trkpt lat="37.36265" lon="-121.96842">
        <ele>19.0</ele>
        <time>2022-07-18T00:43:41Z</time>
      </trkpt>
      <trkpt lat="37.36273" lon="-121.96841">
        <ele>18.6</ele>
        <time>2022-07-18T00:43:44Z</time>
      </trkpt>
      <trkpt lat="37.3628" lon="-121.96839">
        <ele>18.39</ele>
        <time>2022-07-18T00:43:46Z</time>
      </trkpt>
      <trkpt lat="37.36285" lon="-121.96839">
        <ele>18.39</ele>
        <time>2022-07-18T00:43:47Z</time>
      </trkpt>
      <trkpt lat="37.36293" lon="-121.96838">
        <ele>18.5</ele>
        <time>2022-07-18T00:43:49Z</time>
      </trkpt>
      <trkpt lat="37.363" lon="-121.96839">
        <ele>18.23</ele>
        <time>2022-07-18T00:43:51Z</time>
      </trkpt>
      <trkpt lat="37.36309" lon="-121.9684">
        <ele>18.0</ele>
        <time>2022-07-18T00:43:53Z</time>
      </trkpt>
      <trkpt lat="37.36318" lon="-121.96841">
        <ele>18.0</ele>
        <time>2022-07-18T00:43:55Z</time>
      </trkpt>
      <trkpt lat="37.36325" lon="-121.96837">
        <ele>18.0</ele>
        <time>2022-07-18T00:43:56Z</time>
      </trkpt>
      <trkpt lat="37.36329" lon="-121.96832">
        <ele>18.0</ele>
        <time>2022-07-18T00:43:58Z</time>
      </trkpt>
      <trkpt lat="37.36331" lon="-121.9683">
        <ele>18.0</ele>
        <time>2022-07-18T00:43:59Z</time>
      </trkpt>
      <trkpt lat="37.36336" lon="-121.96829">
        <ele>18.0</ele>
        <time>2022-07-18T00:44:01Z</time>
      </trkpt>
      <trkpt lat="37.3634" lon="-121.96829">
        <ele>18.0</ele>
        <time>2022-07-18T00:44:03Z</time>
      </trkpt>
    </trkseg>
  </trk>
</gpx>
