<?xml version="1.0"?>
<gpx xmlns="http://www.topografix.com/GPX/1/1" xmlns:xsi="http://www.w3.org/2001/XMLSchema-instance" version="1.1" creator="AllTrails.com" xsi:schemaLocation="http://www.topografix.com/GPX/1/1 http://www.topografix.com/GPX/1/1/gpx.xsd">
  <metadata>
    <name><![CDATA[Afternoon ride at Bayview, Alameda Creek, Shoreline, and Apay Way Trail Loop]]></name>
    <desc><![CDATA[]]></desc>
    <link href="http://www.alltrails.com">
      <text>AllTrails, LLC</text>
    </link>
    <bounds minlat="37.51247" minlon="-122.12921" maxlat="37.57007" maxlon="-122.06788"/>
  </metadata>
  <trk>
    <name><![CDATA[Afternoon ride at Bayview, Alameda Creek, Shoreline, and Apay Way Trail Loop]]></name>
    <src>AllTrails</src>
    <trkseg>
      <trkpt lat="37.5554" lon="-122.06796">
        <ele>4.0</ele>
        <time>2022-06-20T23:09:52Z</time>
      </trkpt>
      <trkpt lat="37.55544" lon="-122.06797">
        <ele>4.0</ele>
        <time>2022-06-20T23:09:53Z</time>
      </trkpt>
      <trkpt lat="37.55548" lon="-122.06797">
        <ele>4.0</ele>
        <time>2022-06-20T23:09:56Z</time>
      </trkpt>
      <trkpt lat="37.55554" lon="-122.06797">
        <ele>4.0</ele>
        <time>2022-06-20T23:09:56Z</time>
      </trkpt>
      <trkpt lat="37.55557" lon="-122.06798">
        <ele>4.0</ele>
        <time>2022-06-20T23:09:57Z</time>
      </trkpt>
      <trkpt lat="37.5556" lon="-122.06798">
        <ele>4.0</ele>
        <time>2022-06-20T23:09:58Z</time>
      </trkpt>
      <trkpt lat="37.55563" lon="-122.06798">
        <ele>4.0</ele>
        <time>2022-06-20T23:09:59Z</time>
      </trkpt>
      <trkpt lat="37.55567" lon="-122.06799">
        <ele>4.0</ele>
        <time>2022-06-20T23:10:03Z</time>
      </trkpt>
      <trkpt lat="37.5557" lon="-122.068">
        <ele>4.0</ele>
        <time>2022-06-20T23:10:03Z</time>
      </trkpt>
      <trkpt lat="37.55575" lon="-122.068">
        <ele>4.0</ele>
        <time>2022-06-20T23:10:06Z</time>
      </trkpt>
      <trkpt lat="37.55582" lon="-122.06805">
        <ele>4.0</ele>
        <time>2022-06-20T23:10:08Z</time>
      </trkpt>
      <trkpt lat="37.55587" lon="-122.0681">
        <ele>4.0</ele>
        <time>2022-06-20T23:10:10Z</time>
      </trkpt>
      <trkpt lat="37.55591" lon="-122.06816">
        <ele>4.0</ele>
        <time>2022-06-20T23:10:12Z</time>
      </trkpt>
      <trkpt lat="37.55596" lon="-122.06823">
        <ele>4.0</ele>
        <time>2022-06-20T23:10:13Z</time>
      </trkpt>
      <trkpt lat="37.55601" lon="-122.06833">
        <ele>4.88</ele>
        <time>2022-06-20T23:10:16Z</time>
      </trkpt>
      <trkpt lat="37.55606" lon="-122.0684">
        <ele>4.48</ele>
        <time>2022-06-20T23:10:18Z</time>
      </trkpt>
      <trkpt lat="37.55609" lon="-122.0685">
        <ele>4.77</ele>
        <time>2022-06-20T23:10:20Z</time>
      </trkpt>
      <trkpt lat="37.55613" lon="-122.06858">
        <ele>5.0</ele>
        <time>2022-06-20T23:10:22Z</time>
      </trkpt>
      <trkpt lat="37.55615" lon="-122.06872">
        <ele>4.42</ele>
        <time>2022-06-20T23:10:22Z</time>
      </trkpt>
      <trkpt lat="37.55616" lon="-122.06884">
        <ele>4.53</ele>
        <time>2022-06-20T23:10:24Z</time>
      </trkpt>
      <trkpt lat="37.55617" lon="-122.0689">
        <ele>4.64</ele>
        <time>2022-06-20T23:10:25Z</time>
      </trkpt>
      <trkpt lat="37.55617" lon="-122.06895">
        <ele>4.64</ele>
        <time>2022-06-20T23:10:26Z</time>
      </trkpt>
      <trkpt lat="37.55617" lon="-122.06901">
        <ele>4.64</ele>
        <time>2022-06-20T23:10:27Z</time>
      </trkpt>
      <trkpt lat="37.55618" lon="-122.06907">
        <ele>4.74</ele>
        <time>2022-06-20T23:10:31Z</time>
      </trkpt>
      <trkpt lat="37.55616" lon="-122.06914">
        <ele>4.53</ele>
        <time>2022-06-20T23:10:32Z</time>
      </trkpt>
      <trkpt lat="37.55613" lon="-122.06928">
        <ele>4.16</ele>
        <time>2022-06-20T23:10:32Z</time>
      </trkpt>
      <trkpt lat="37.5561" lon="-122.06939">
        <ele>4.36</ele>
        <time>2022-06-20T23:10:34Z</time>
      </trkpt>
      <trkpt lat="37.55608" lon="-122.06944">
        <ele>4.63</ele>
        <time>2022-06-20T23:10:35Z</time>
      </trkpt>
      <trkpt lat="37.55606" lon="-122.06949">
        <ele>4.45</ele>
        <time>2022-06-20T23:10:36Z</time>
      </trkpt>
      <trkpt lat="37.55604" lon="-122.06955">
        <ele>4.2</ele>
        <time>2022-06-20T23:10:37Z</time>
      </trkpt>
      <trkpt lat="37.55602" lon="-122.0696">
        <ele>4.01</ele>
        <time>2022-06-20T23:10:38Z</time>
      </trkpt>
      <trkpt lat="37.55601" lon="-122.06963">
        <ele>4.0</ele>
        <time>2022-06-20T23:10:39Z</time>
      </trkpt>
      <trkpt lat="37.556" lon="-122.06966">
        <ele>4.26</ele>
        <time>2022-06-20T23:10:42Z</time>
      </trkpt>
      <trkpt lat="37.55596" lon="-122.06976">
        <ele>4.22</ele>
        <time>2022-06-20T23:10:44Z</time>
      </trkpt>
      <trkpt lat="37.55592" lon="-122.06986">
        <ele>4.0</ele>
        <time>2022-06-20T23:10:46Z</time>
      </trkpt>
      <trkpt lat="37.55589" lon="-122.06993">
        <ele>4.0</ele>
        <time>2022-06-20T23:10:48Z</time>
      </trkpt>
      <trkpt lat="37.55586" lon="-122.07001">
        <ele>4.0</ele>
        <time>2022-06-20T23:10:50Z</time>
      </trkpt>
      <trkpt lat="37.55584" lon="-122.07009">
        <ele>4.0</ele>
        <time>2022-06-20T23:10:51Z</time>
      </trkpt>
      <trkpt lat="37.55581" lon="-122.07019">
        <ele>4.0</ele>
        <time>2022-06-20T23:10:51Z</time>
      </trkpt>
      <trkpt lat="37.55577" lon="-122.07029">
        <ele>4.0</ele>
        <time>2022-06-20T23:10:53Z</time>
      </trkpt>
      <trkpt lat="37.55576" lon="-122.07035">
        <ele>4.0</ele>
        <time>2022-06-20T23:10:54Z</time>
      </trkpt>
      <trkpt lat="37.55574" lon="-122.0704">
        <ele>4.0</ele>
        <time>2022-06-20T23:10:55Z</time>
      </trkpt>
      <trkpt lat="37.55572" lon="-122.07045">
        <ele>4.0</ele>
        <time>2022-06-20T23:10:56Z</time>
      </trkpt>
      <trkpt lat="37.5557" lon="-122.07051">
        <ele>4.0</ele>
        <time>2022-06-20T23:10:57Z</time>
      </trkpt>
      <trkpt lat="37.55569" lon="-122.07056">
        <ele>4.0</ele>
        <time>2022-06-20T23:10:58Z</time>
      </trkpt>
      <trkpt lat="37.55567" lon="-122.07062">
        <ele>4.0</ele>
        <time>2022-06-20T23:11:02Z</time>
      </trkpt>
      <trkpt lat="37.55562" lon="-122.0708">
        <ele>4.0</ele>
        <time>2022-06-20T23:11:04Z</time>
      </trkpt>
      <trkpt lat="37.55558" lon="-122.07088">
        <ele>4.0</ele>
        <time>2022-06-20T23:11:04Z</time>
      </trkpt>
      <trkpt lat="37.55556" lon="-122.07093">
        <ele>4.0</ele>
        <time>2022-06-20T23:11:05Z</time>
      </trkpt>
      <trkpt lat="37.55554" lon="-122.07099">
        <ele>4.0</ele>
        <time>2022-06-20T23:11:06Z</time>
      </trkpt>
      <trkpt lat="37.55552" lon="-122.07104">
        <ele>4.0</ele>
        <time>2022-06-20T23:11:07Z</time>
      </trkpt>
      <trkpt lat="37.55551" lon="-122.07109">
        <ele>4.0</ele>
        <time>2022-06-20T23:11:08Z</time>
      </trkpt>
      <trkpt lat="37.55549" lon="-122.07114">
        <ele>4.0</ele>
        <time>2022-06-20T23:11:09Z</time>
      </trkpt>
      <trkpt lat="37.55547" lon="-122.07119">
        <ele>4.0</ele>
        <time>2022-06-20T23:11:10Z</time>
      </trkpt>
      <trkpt lat="37.55545" lon="-122.07124">
        <ele>4.0</ele>
        <time>2022-06-20T23:11:11Z</time>
      </trkpt>
      <trkpt lat="37.55543" lon="-122.0713">
        <ele>4.0</ele>
        <time>2022-06-20T23:11:12Z</time>
      </trkpt>
      <trkpt lat="37.55541" lon="-122.07135">
        <ele>4.0</ele>
        <time>2022-06-20T23:11:13Z</time>
      </trkpt>
      <trkpt lat="37.55539" lon="-122.0714">
        <ele>4.0</ele>
        <time>2022-06-20T23:11:14Z</time>
      </trkpt>
      <trkpt lat="37.55537" lon="-122.07145">
        <ele>4.0</ele>
        <time>2022-06-20T23:11:15Z</time>
      </trkpt>
      <trkpt lat="37.55535" lon="-122.0715">
        <ele>4.0</ele>
        <time>2022-06-20T23:11:16Z</time>
      </trkpt>
      <trkpt lat="37.55532" lon="-122.07155">
        <ele>4.0</ele>
        <time>2022-06-20T23:11:17Z</time>
      </trkpt>
      <trkpt lat="37.5553" lon="-122.07161">
        <ele>4.0</ele>
        <time>2022-06-20T23:11:18Z</time>
      </trkpt>
      <trkpt lat="37.55528" lon="-122.07166">
        <ele>4.0</ele>
        <time>2022-06-20T23:11:19Z</time>
      </trkpt>
      <trkpt lat="37.55526" lon="-122.07172">
        <ele>4.0</ele>
        <time>2022-06-20T23:11:20Z</time>
      </trkpt>
      <trkpt lat="37.55524" lon="-122.07177">
        <ele>4.0</ele>
        <time>2022-06-20T23:11:21Z</time>
      </trkpt>
      <trkpt lat="37.55521" lon="-122.07182">
        <ele>4.0</ele>
        <time>2022-06-20T23:11:22Z</time>
      </trkpt>
      <trkpt lat="37.55519" lon="-122.07188">
        <ele>4.0</ele>
        <time>2022-06-20T23:11:23Z</time>
      </trkpt>
      <trkpt lat="37.55517" lon="-122.07193">
        <ele>4.0</ele>
        <time>2022-06-20T23:11:24Z</time>
      </trkpt>
      <trkpt lat="37.55515" lon="-122.07199">
        <ele>4.0</ele>
        <time>2022-06-20T23:11:25Z</time>
      </trkpt>
      <trkpt lat="37.55512" lon="-122.07205">
        <ele>4.0</ele>
        <time>2022-06-20T23:11:26Z</time>
      </trkpt>
      <trkpt lat="37.5551" lon="-122.0721">
        <ele>4.0</ele>
        <time>2022-06-20T23:11:27Z</time>
      </trkpt>
      <trkpt lat="37.55508" lon="-122.07216">
        <ele>4.0</ele>
        <time>2022-06-20T23:11:28Z</time>
      </trkpt>
      <trkpt lat="37.55506" lon="-122.07221">
        <ele>4.0</ele>
        <time>2022-06-20T23:11:29Z</time>
      </trkpt>
      <trkpt lat="37.55503" lon="-122.07227">
        <ele>4.0</ele>
        <time>2022-06-20T23:11:30Z</time>
      </trkpt>
      <trkpt lat="37.55502" lon="-122.07232">
        <ele>3.99</ele>
        <time>2022-06-20T23:11:31Z</time>
      </trkpt>
      <trkpt lat="37.555" lon="-122.07237">
        <ele>4.0</ele>
        <time>2022-06-20T23:11:32Z</time>
      </trkpt>
      <trkpt lat="37.55498" lon="-122.07243">
        <ele>3.84</ele>
        <time>2022-06-20T23:11:33Z</time>
      </trkpt>
      <trkpt lat="37.55496" lon="-122.07248">
        <ele>3.91</ele>
        <time>2022-06-20T23:11:34Z</time>
      </trkpt>
      <trkpt lat="37.55494" lon="-122.07253">
        <ele>4.0</ele>
        <time>2022-06-20T23:11:35Z</time>
      </trkpt>
      <trkpt lat="37.55493" lon="-122.07257">
        <ele>4.0</ele>
        <time>2022-06-20T23:11:36Z</time>
      </trkpt>
      <trkpt lat="37.55491" lon="-122.07263">
        <ele>4.0</ele>
        <time>2022-06-20T23:11:37Z</time>
      </trkpt>
      <trkpt lat="37.55489" lon="-122.07269">
        <ele>3.82</ele>
        <time>2022-06-20T23:11:38Z</time>
      </trkpt>
      <trkpt lat="37.55487" lon="-122.07273">
        <ele>3.79</ele>
        <time>2022-06-20T23:11:39Z</time>
      </trkpt>
      <trkpt lat="37.55486" lon="-122.0728">
        <ele>4.0</ele>
        <time>2022-06-20T23:11:40Z</time>
      </trkpt>
      <trkpt lat="37.55483" lon="-122.07291">
        <ele>4.0</ele>
        <time>2022-06-20T23:11:41Z</time>
      </trkpt>
      <trkpt lat="37.5548" lon="-122.07298">
        <ele>3.87</ele>
        <time>2022-06-20T23:11:43Z</time>
      </trkpt>
      <trkpt lat="37.55478" lon="-122.07303">
        <ele>3.9</ele>
        <time>2022-06-20T23:11:44Z</time>
      </trkpt>
      <trkpt lat="37.55476" lon="-122.07308">
        <ele>4.0</ele>
        <time>2022-06-20T23:11:45Z</time>
      </trkpt>
      <trkpt lat="37.55475" lon="-122.07314">
        <ele>4.0</ele>
        <time>2022-06-20T23:11:46Z</time>
      </trkpt>
      <trkpt lat="37.55473" lon="-122.0732">
        <ele>3.95</ele>
        <time>2022-06-20T23:11:47Z</time>
      </trkpt>
      <trkpt lat="37.55471" lon="-122.07326">
        <ele>3.87</ele>
        <time>2022-06-20T23:11:48Z</time>
      </trkpt>
      <trkpt lat="37.55469" lon="-122.07332">
        <ele>3.65</ele>
        <time>2022-06-20T23:11:49Z</time>
      </trkpt>
      <trkpt lat="37.55467" lon="-122.07338">
        <ele>3.72</ele>
        <time>2022-06-20T23:11:50Z</time>
      </trkpt>
      <trkpt lat="37.55465" lon="-122.07344">
        <ele>3.97</ele>
        <time>2022-06-20T23:11:51Z</time>
      </trkpt>
      <trkpt lat="37.55463" lon="-122.0735">
        <ele>4.0</ele>
        <time>2022-06-20T23:11:52Z</time>
      </trkpt>
      <trkpt lat="37.5546" lon="-122.07356">
        <ele>3.38</ele>
        <time>2022-06-20T23:11:53Z</time>
      </trkpt>
      <trkpt lat="37.55458" lon="-122.07362">
        <ele>3.05</ele>
        <time>2022-06-20T23:11:54Z</time>
      </trkpt>
      <trkpt lat="37.55456" lon="-122.07367">
        <ele>3.48</ele>
        <time>2022-06-20T23:11:55Z</time>
      </trkpt>
      <trkpt lat="37.55454" lon="-122.07373">
        <ele>3.69</ele>
        <time>2022-06-20T23:11:56Z</time>
      </trkpt>
      <trkpt lat="37.55451" lon="-122.07378">
        <ele>3.12</ele>
        <time>2022-06-20T23:11:57Z</time>
      </trkpt>
      <trkpt lat="37.55449" lon="-122.07384">
        <ele>3.0</ele>
        <time>2022-06-20T23:11:58Z</time>
      </trkpt>
      <trkpt lat="37.55447" lon="-122.0739">
        <ele>3.0</ele>
        <time>2022-06-20T23:11:59Z</time>
      </trkpt>
      <trkpt lat="37.55444" lon="-122.07395">
        <ele>3.0</ele>
        <time>2022-06-20T23:12:00Z</time>
      </trkpt>
      <trkpt lat="37.55442" lon="-122.074">
        <ele>3.0</ele>
        <time>2022-06-20T23:12:01Z</time>
      </trkpt>
      <trkpt lat="37.5544" lon="-122.07406">
        <ele>3.0</ele>
        <time>2022-06-20T23:12:02Z</time>
      </trkpt>
      <trkpt lat="37.55438" lon="-122.07412">
        <ele>3.0</ele>
        <time>2022-06-20T23:12:03Z</time>
      </trkpt>
      <trkpt lat="37.55436" lon="-122.07417">
        <ele>3.0</ele>
        <time>2022-06-20T23:12:04Z</time>
      </trkpt>
      <trkpt lat="37.55433" lon="-122.07423">
        <ele>3.0</ele>
        <time>2022-06-20T23:12:05Z</time>
      </trkpt>
      <trkpt lat="37.55431" lon="-122.07428">
        <ele>3.0</ele>
        <time>2022-06-20T23:12:06Z</time>
      </trkpt>
      <trkpt lat="37.55428" lon="-122.07433">
        <ele>3.0</ele>
        <time>2022-06-20T23:12:07Z</time>
      </trkpt>
      <trkpt lat="37.55426" lon="-122.07438">
        <ele>3.3</ele>
        <time>2022-06-20T23:12:08Z</time>
      </trkpt>
      <trkpt lat="37.55424" lon="-122.07443">
        <ele>3.67</ele>
        <time>2022-06-20T23:12:09Z</time>
      </trkpt>
      <trkpt lat="37.55422" lon="-122.07449">
        <ele>3.78</ele>
        <time>2022-06-20T23:12:10Z</time>
      </trkpt>
      <trkpt lat="37.5542" lon="-122.07454">
        <ele>3.99</ele>
        <time>2022-06-20T23:12:11Z</time>
      </trkpt>
      <trkpt lat="37.55417" lon="-122.0746">
        <ele>3.98</ele>
        <time>2022-06-20T23:12:12Z</time>
      </trkpt>
      <trkpt lat="37.55415" lon="-122.07465">
        <ele>3.82</ele>
        <time>2022-06-20T23:12:13Z</time>
      </trkpt>
      <trkpt lat="37.55413" lon="-122.07471">
        <ele>3.6</ele>
        <time>2022-06-20T23:12:14Z</time>
      </trkpt>
      <trkpt lat="37.55411" lon="-122.07477">
        <ele>3.7</ele>
        <time>2022-06-20T23:12:15Z</time>
      </trkpt>
      <trkpt lat="37.55409" lon="-122.07483">
        <ele>3.97</ele>
        <time>2022-06-20T23:12:16Z</time>
      </trkpt>
      <trkpt lat="37.55407" lon="-122.07488">
        <ele>3.96</ele>
        <time>2022-06-20T23:12:17Z</time>
      </trkpt>
      <trkpt lat="37.55405" lon="-122.07494">
        <ele>3.74</ele>
        <time>2022-06-20T23:12:18Z</time>
      </trkpt>
      <trkpt lat="37.55403" lon="-122.075">
        <ele>3.52</ele>
        <time>2022-06-20T23:12:19Z</time>
      </trkpt>
      <trkpt lat="37.55401" lon="-122.07506">
        <ele>3.56</ele>
        <time>2022-06-20T23:12:20Z</time>
      </trkpt>
      <trkpt lat="37.55399" lon="-122.07512">
        <ele>3.91</ele>
        <time>2022-06-20T23:12:21Z</time>
      </trkpt>
      <trkpt lat="37.55398" lon="-122.07519">
        <ele>3.93</ele>
        <time>2022-06-20T23:12:22Z</time>
      </trkpt>
      <trkpt lat="37.55396" lon="-122.07525">
        <ele>3.23</ele>
        <time>2022-06-20T23:12:23Z</time>
      </trkpt>
      <trkpt lat="37.55393" lon="-122.0753">
        <ele>3.0</ele>
        <time>2022-06-20T23:12:24Z</time>
      </trkpt>
      <trkpt lat="37.55391" lon="-122.07536">
        <ele>3.0</ele>
        <time>2022-06-20T23:12:25Z</time>
      </trkpt>
      <trkpt lat="37.55389" lon="-122.07542">
        <ele>3.0</ele>
        <time>2022-06-20T23:12:26Z</time>
      </trkpt>
      <trkpt lat="37.55387" lon="-122.07547">
        <ele>3.0</ele>
        <time>2022-06-20T23:12:27Z</time>
      </trkpt>
      <trkpt lat="37.55384" lon="-122.07553">
        <ele>3.0</ele>
        <time>2022-06-20T23:12:28Z</time>
      </trkpt>
      <trkpt lat="37.55382" lon="-122.07559">
        <ele>3.0</ele>
        <time>2022-06-20T23:12:29Z</time>
      </trkpt>
      <trkpt lat="37.5538" lon="-122.07565">
        <ele>3.0</ele>
        <time>2022-06-20T23:12:30Z</time>
      </trkpt>
      <trkpt lat="37.55377" lon="-122.0757">
        <ele>3.0</ele>
        <time>2022-06-20T23:12:31Z</time>
      </trkpt>
      <trkpt lat="37.55375" lon="-122.07576">
        <ele>3.0</ele>
        <time>2022-06-20T23:12:32Z</time>
      </trkpt>
      <trkpt lat="37.55373" lon="-122.07581">
        <ele>3.0</ele>
        <time>2022-06-20T23:12:33Z</time>
      </trkpt>
      <trkpt lat="37.5537" lon="-122.07587">
        <ele>3.0</ele>
        <time>2022-06-20T23:12:34Z</time>
      </trkpt>
      <trkpt lat="37.55368" lon="-122.07592">
        <ele>3.0</ele>
        <time>2022-06-20T23:12:35Z</time>
      </trkpt>
      <trkpt lat="37.55365" lon="-122.07598">
        <ele>3.25</ele>
        <time>2022-06-20T23:12:36Z</time>
      </trkpt>
      <trkpt lat="37.55363" lon="-122.07604">
        <ele>3.34</ele>
        <time>2022-06-20T23:12:37Z</time>
      </trkpt>
      <trkpt lat="37.55361" lon="-122.0761">
        <ele>3.87</ele>
        <time>2022-06-20T23:12:38Z</time>
      </trkpt>
      <trkpt lat="37.55359" lon="-122.07615">
        <ele>3.77</ele>
        <time>2022-06-20T23:12:39Z</time>
      </trkpt>
      <trkpt lat="37.55357" lon="-122.07621">
        <ele>3.52</ele>
        <time>2022-06-20T23:12:40Z</time>
      </trkpt>
      <trkpt lat="37.55354" lon="-122.07626">
        <ele>3.09</ele>
        <time>2022-06-20T23:12:41Z</time>
      </trkpt>
      <trkpt lat="37.55352" lon="-122.07631">
        <ele>3.0</ele>
        <time>2022-06-20T23:12:42Z</time>
      </trkpt>
      <trkpt lat="37.5535" lon="-122.07636">
        <ele>2.94</ele>
        <time>2022-06-20T23:12:43Z</time>
      </trkpt>
      <trkpt lat="37.55348" lon="-122.07641">
        <ele>3.0</ele>
        <time>2022-06-20T23:12:44Z</time>
      </trkpt>
      <trkpt lat="37.55346" lon="-122.07646">
        <ele>3.0</ele>
        <time>2022-06-20T23:12:45Z</time>
      </trkpt>
      <trkpt lat="37.55345" lon="-122.07651">
        <ele>3.23</ele>
        <time>2022-06-20T23:12:46Z</time>
      </trkpt>
      <trkpt lat="37.55344" lon="-122.07656">
        <ele>3.72</ele>
        <time>2022-06-20T23:12:47Z</time>
      </trkpt>
      <trkpt lat="37.55342" lon="-122.07661">
        <ele>3.57</ele>
        <time>2022-06-20T23:12:48Z</time>
      </trkpt>
      <trkpt lat="37.55341" lon="-122.07666">
        <ele>3.06</ele>
        <time>2022-06-20T23:12:49Z</time>
      </trkpt>
      <trkpt lat="37.5534" lon="-122.07671">
        <ele>3.0</ele>
        <time>2022-06-20T23:12:51Z</time>
      </trkpt>
      <trkpt lat="37.55338" lon="-122.07679">
        <ele>3.0</ele>
        <time>2022-06-20T23:12:56Z</time>
      </trkpt>
      <trkpt lat="37.55333" lon="-122.0769">
        <ele>3.0</ele>
        <time>2022-06-20T23:12:59Z</time>
      </trkpt>
      <trkpt lat="37.55329" lon="-122.07698">
        <ele>3.0</ele>
        <time>2022-06-20T23:13:01Z</time>
      </trkpt>
      <trkpt lat="37.55325" lon="-122.07708">
        <ele>3.0</ele>
        <time>2022-06-20T23:13:03Z</time>
      </trkpt>
      <trkpt lat="37.55321" lon="-122.07717">
        <ele>3.0</ele>
        <time>2022-06-20T23:13:05Z</time>
      </trkpt>
      <trkpt lat="37.55318" lon="-122.07726">
        <ele>3.0</ele>
        <time>2022-06-20T23:13:07Z</time>
      </trkpt>
      <trkpt lat="37.55313" lon="-122.07739">
        <ele>2.8</ele>
        <time>2022-06-20T23:13:09Z</time>
      </trkpt>
      <trkpt lat="37.55307" lon="-122.07752">
        <ele>2.97</ele>
        <time>2022-06-20T23:13:10Z</time>
      </trkpt>
      <trkpt lat="37.55304" lon="-122.07757">
        <ele>2.83</ele>
        <time>2022-06-20T23:13:11Z</time>
      </trkpt>
      <trkpt lat="37.55302" lon="-122.07763">
        <ele>2.77</ele>
        <time>2022-06-20T23:13:12Z</time>
      </trkpt>
      <trkpt lat="37.553" lon="-122.07768">
        <ele>2.97</ele>
        <time>2022-06-20T23:13:13Z</time>
      </trkpt>
      <trkpt lat="37.55298" lon="-122.07773">
        <ele>3.0</ele>
        <time>2022-06-20T23:13:14Z</time>
      </trkpt>
      <trkpt lat="37.55295" lon="-122.07779">
        <ele>3.0</ele>
        <time>2022-06-20T23:13:15Z</time>
      </trkpt>
      <trkpt lat="37.55293" lon="-122.07785">
        <ele>3.0</ele>
        <time>2022-06-20T23:13:16Z</time>
      </trkpt>
      <trkpt lat="37.55291" lon="-122.07792">
        <ele>3.0</ele>
        <time>2022-06-20T23:13:17Z</time>
      </trkpt>
      <trkpt lat="37.55288" lon="-122.07798">
        <ele>3.0</ele>
        <time>2022-06-20T23:13:18Z</time>
      </trkpt>
      <trkpt lat="37.55286" lon="-122.07804">
        <ele>2.89</ele>
        <time>2022-06-20T23:13:19Z</time>
      </trkpt>
      <trkpt lat="37.55284" lon="-122.0781">
        <ele>2.83</ele>
        <time>2022-06-20T23:13:20Z</time>
      </trkpt>
      <trkpt lat="37.55282" lon="-122.07815">
        <ele>3.0</ele>
        <time>2022-06-20T23:13:21Z</time>
      </trkpt>
      <trkpt lat="37.55279" lon="-122.07821">
        <ele>3.0</ele>
        <time>2022-06-20T23:13:22Z</time>
      </trkpt>
      <trkpt lat="37.55277" lon="-122.07826">
        <ele>2.93</ele>
        <time>2022-06-20T23:13:23Z</time>
      </trkpt>
      <trkpt lat="37.55275" lon="-122.07832">
        <ele>2.96</ele>
        <time>2022-06-20T23:13:24Z</time>
      </trkpt>
      <trkpt lat="37.55273" lon="-122.07838">
        <ele>3.0</ele>
        <time>2022-06-20T23:13:25Z</time>
      </trkpt>
      <trkpt lat="37.55271" lon="-122.07844">
        <ele>3.0</ele>
        <time>2022-06-20T23:13:26Z</time>
      </trkpt>
      <trkpt lat="37.55268" lon="-122.0785">
        <ele>2.94</ele>
        <time>2022-06-20T23:13:27Z</time>
      </trkpt>
      <trkpt lat="37.55266" lon="-122.07857">
        <ele>2.88</ele>
        <time>2022-06-20T23:13:28Z</time>
      </trkpt>
      <trkpt lat="37.55263" lon="-122.07863">
        <ele>3.0</ele>
        <time>2022-06-20T23:13:29Z</time>
      </trkpt>
      <trkpt lat="37.55261" lon="-122.07869">
        <ele>3.0</ele>
        <time>2022-06-20T23:13:30Z</time>
      </trkpt>
      <trkpt lat="37.55258" lon="-122.07875">
        <ele>2.86</ele>
        <time>2022-06-20T23:13:31Z</time>
      </trkpt>
      <trkpt lat="37.55256" lon="-122.07882">
        <ele>2.57</ele>
        <time>2022-06-20T23:13:32Z</time>
      </trkpt>
      <trkpt lat="37.55253" lon="-122.07888">
        <ele>2.64</ele>
        <time>2022-06-20T23:13:33Z</time>
      </trkpt>
      <trkpt lat="37.5525" lon="-122.07895">
        <ele>3.0</ele>
        <time>2022-06-20T23:13:34Z</time>
      </trkpt>
      <trkpt lat="37.55247" lon="-122.07901">
        <ele>2.78</ele>
        <time>2022-06-20T23:13:35Z</time>
      </trkpt>
      <trkpt lat="37.55244" lon="-122.07906">
        <ele>2.9</ele>
        <time>2022-06-20T23:13:36Z</time>
      </trkpt>
      <trkpt lat="37.55241" lon="-122.07912">
        <ele>2.99</ele>
        <time>2022-06-20T23:13:37Z</time>
      </trkpt>
      <trkpt lat="37.55237" lon="-122.07918">
        <ele>2.57</ele>
        <time>2022-06-20T23:13:38Z</time>
      </trkpt>
      <trkpt lat="37.55234" lon="-122.07923">
        <ele>2.58</ele>
        <time>2022-06-20T23:13:39Z</time>
      </trkpt>
      <trkpt lat="37.5523" lon="-122.07928">
        <ele>2.69</ele>
        <time>2022-06-20T23:13:40Z</time>
      </trkpt>
      <trkpt lat="37.55226" lon="-122.07933">
        <ele>2.55</ele>
        <time>2022-06-20T23:13:41Z</time>
      </trkpt>
      <trkpt lat="37.55222" lon="-122.07937">
        <ele>2.79</ele>
        <time>2022-06-20T23:13:42Z</time>
      </trkpt>
      <trkpt lat="37.55218" lon="-122.07942">
        <ele>2.48</ele>
        <time>2022-06-20T23:13:43Z</time>
      </trkpt>
      <trkpt lat="37.55214" lon="-122.07946">
        <ele>2.89</ele>
        <time>2022-06-20T23:13:44Z</time>
      </trkpt>
      <trkpt lat="37.55211" lon="-122.07951">
        <ele>2.94</ele>
        <time>2022-06-20T23:13:45Z</time>
      </trkpt>
      <trkpt lat="37.55207" lon="-122.07956">
        <ele>2.91</ele>
        <time>2022-06-20T23:13:46Z</time>
      </trkpt>
      <trkpt lat="37.55203" lon="-122.07962">
        <ele>2.99</ele>
        <time>2022-06-20T23:13:47Z</time>
      </trkpt>
      <trkpt lat="37.552" lon="-122.07967">
        <ele>2.74</ele>
        <time>2022-06-20T23:13:48Z</time>
      </trkpt>
      <trkpt lat="37.55197" lon="-122.07972">
        <ele>2.73</ele>
        <time>2022-06-20T23:13:49Z</time>
      </trkpt>
      <trkpt lat="37.55193" lon="-122.07978">
        <ele>2.94</ele>
        <time>2022-06-20T23:13:50Z</time>
      </trkpt>
      <trkpt lat="37.5519" lon="-122.07983">
        <ele>2.91</ele>
        <time>2022-06-20T23:13:51Z</time>
      </trkpt>
      <trkpt lat="37.55187" lon="-122.07989">
        <ele>2.84</ele>
        <time>2022-06-20T23:13:52Z</time>
      </trkpt>
      <trkpt lat="37.55185" lon="-122.07995">
        <ele>2.98</ele>
        <time>2022-06-20T23:13:53Z</time>
      </trkpt>
      <trkpt lat="37.55182" lon="-122.08">
        <ele>2.66</ele>
        <time>2022-06-20T23:13:54Z</time>
      </trkpt>
      <trkpt lat="37.5518" lon="-122.08006">
        <ele>2.52</ele>
        <time>2022-06-20T23:13:55Z</time>
      </trkpt>
      <trkpt lat="37.55177" lon="-122.08012">
        <ele>2.88</ele>
        <time>2022-06-20T23:13:56Z</time>
      </trkpt>
      <trkpt lat="37.55175" lon="-122.08018">
        <ele>2.9</ele>
        <time>2022-06-20T23:13:57Z</time>
      </trkpt>
      <trkpt lat="37.55173" lon="-122.08024">
        <ele>2.87</ele>
        <time>2022-06-20T23:13:58Z</time>
      </trkpt>
      <trkpt lat="37.5517" lon="-122.08029">
        <ele>2.95</ele>
        <time>2022-06-20T23:13:59Z</time>
      </trkpt>
      <trkpt lat="37.55168" lon="-122.08035">
        <ele>2.89</ele>
        <time>2022-06-20T23:14:00Z</time>
      </trkpt>
      <trkpt lat="37.55166" lon="-122.0804">
        <ele>2.93</ele>
        <time>2022-06-20T23:14:01Z</time>
      </trkpt>
      <trkpt lat="37.55164" lon="-122.08045">
        <ele>2.71</ele>
        <time>2022-06-20T23:14:02Z</time>
      </trkpt>
      <trkpt lat="37.55162" lon="-122.08049">
        <ele>2.5</ele>
        <time>2022-06-20T23:14:03Z</time>
      </trkpt>
      <trkpt lat="37.5516" lon="-122.08055">
        <ele>2.69</ele>
        <time>2022-06-20T23:14:04Z</time>
      </trkpt>
      <trkpt lat="37.55158" lon="-122.08061">
        <ele>2.94</ele>
        <time>2022-06-20T23:14:05Z</time>
      </trkpt>
      <trkpt lat="37.55156" lon="-122.08066">
        <ele>2.85</ele>
        <time>2022-06-20T23:14:06Z</time>
      </trkpt>
      <trkpt lat="37.55155" lon="-122.08071">
        <ele>2.74</ele>
        <time>2022-06-20T23:14:08Z</time>
      </trkpt>
      <trkpt lat="37.55153" lon="-122.08075">
        <ele>2.52</ele>
        <time>2022-06-20T23:14:09Z</time>
      </trkpt>
      <trkpt lat="37.5515" lon="-122.08082">
        <ele>2.71</ele>
        <time>2022-06-20T23:14:09Z</time>
      </trkpt>
      <trkpt lat="37.55149" lon="-122.08087">
        <ele>2.91</ele>
        <time>2022-06-20T23:14:13Z</time>
      </trkpt>
      <trkpt lat="37.55144" lon="-122.08094">
        <ele>2.55</ele>
        <time>2022-06-20T23:14:14Z</time>
      </trkpt>
      <trkpt lat="37.5514" lon="-122.08102">
        <ele>2.13</ele>
        <time>2022-06-20T23:14:16Z</time>
      </trkpt>
      <trkpt lat="37.55139" lon="-122.0811">
        <ele>2.87</ele>
        <time>2022-06-20T23:14:17Z</time>
      </trkpt>
      <trkpt lat="37.55136" lon="-122.08124">
        <ele>2.81</ele>
        <time>2022-06-20T23:14:17Z</time>
      </trkpt>
      <trkpt lat="37.55135" lon="-122.08134">
        <ele>3.0</ele>
        <time>2022-06-20T23:14:21Z</time>
      </trkpt>
      <trkpt lat="37.55133" lon="-122.08142">
        <ele>3.0</ele>
        <time>2022-06-20T23:14:23Z</time>
      </trkpt>
      <trkpt lat="37.55132" lon="-122.08158">
        <ele>3.0</ele>
        <time>2022-06-20T23:14:25Z</time>
      </trkpt>
      <trkpt lat="37.55132" lon="-122.08169">
        <ele>2.94</ele>
        <time>2022-06-20T23:14:25Z</time>
      </trkpt>
      <trkpt lat="37.55133" lon="-122.08175">
        <ele>2.67</ele>
        <time>2022-06-20T23:14:26Z</time>
      </trkpt>
      <trkpt lat="37.55133" lon="-122.0818">
        <ele>2.64</ele>
        <time>2022-06-20T23:14:27Z</time>
      </trkpt>
      <trkpt lat="37.55133" lon="-122.08187">
        <ele>2.58</ele>
        <time>2022-06-20T23:14:28Z</time>
      </trkpt>
      <trkpt lat="37.55134" lon="-122.08192">
        <ele>2.49</ele>
        <time>2022-06-20T23:14:29Z</time>
      </trkpt>
      <trkpt lat="37.55135" lon="-122.08198">
        <ele>2.58</ele>
        <time>2022-06-20T23:14:30Z</time>
      </trkpt>
      <trkpt lat="37.55135" lon="-122.08204">
        <ele>2.58</ele>
        <time>2022-06-20T23:14:31Z</time>
      </trkpt>
      <trkpt lat="37.55136" lon="-122.08209">
        <ele>2.69</ele>
        <time>2022-06-20T23:14:32Z</time>
      </trkpt>
      <trkpt lat="37.55137" lon="-122.08215">
        <ele>2.8</ele>
        <time>2022-06-20T23:14:34Z</time>
      </trkpt>
      <trkpt lat="37.55139" lon="-122.08221">
        <ele>2.99</ele>
        <time>2022-06-20T23:14:34Z</time>
      </trkpt>
      <trkpt lat="37.5514" lon="-122.08227">
        <ele>2.88</ele>
        <time>2022-06-20T23:14:35Z</time>
      </trkpt>
      <trkpt lat="37.55141" lon="-122.08232">
        <ele>2.77</ele>
        <time>2022-06-20T23:14:36Z</time>
      </trkpt>
      <trkpt lat="37.55142" lon="-122.08238">
        <ele>2.66</ele>
        <time>2022-06-20T23:14:37Z</time>
      </trkpt>
      <trkpt lat="37.55143" lon="-122.08244">
        <ele>2.52</ele>
        <time>2022-06-20T23:14:38Z</time>
      </trkpt>
      <trkpt lat="37.55144" lon="-122.08249">
        <ele>2.54</ele>
        <time>2022-06-20T23:14:39Z</time>
      </trkpt>
      <trkpt lat="37.55145" lon="-122.08255">
        <ele>2.66</ele>
        <time>2022-06-20T23:14:40Z</time>
      </trkpt>
      <trkpt lat="37.55145" lon="-122.0826">
        <ele>2.66</ele>
        <time>2022-06-20T23:14:42Z</time>
      </trkpt>
      <trkpt lat="37.55147" lon="-122.08266">
        <ele>2.88</ele>
        <time>2022-06-20T23:14:42Z</time>
      </trkpt>
      <trkpt lat="37.55148" lon="-122.08271">
        <ele>2.98</ele>
        <time>2022-06-20T23:14:43Z</time>
      </trkpt>
      <trkpt lat="37.55149" lon="-122.08277">
        <ele>2.91</ele>
        <time>2022-06-20T23:14:44Z</time>
      </trkpt>
      <trkpt lat="37.5515" lon="-122.08283">
        <ele>2.8</ele>
        <time>2022-06-20T23:14:45Z</time>
      </trkpt>
      <trkpt lat="37.55151" lon="-122.08289">
        <ele>2.61</ele>
        <time>2022-06-20T23:14:46Z</time>
      </trkpt>
      <trkpt lat="37.55153" lon="-122.08295">
        <ele>2.52</ele>
        <time>2022-06-20T23:14:47Z</time>
      </trkpt>
      <trkpt lat="37.55154" lon="-122.08301">
        <ele>2.63</ele>
        <time>2022-06-20T23:14:48Z</time>
      </trkpt>
      <trkpt lat="37.55155" lon="-122.08307">
        <ele>2.74</ele>
        <time>2022-06-20T23:14:49Z</time>
      </trkpt>
      <trkpt lat="37.55156" lon="-122.08313">
        <ele>2.85</ele>
        <time>2022-06-20T23:14:50Z</time>
      </trkpt>
      <trkpt lat="37.55157" lon="-122.08319">
        <ele>2.96</ele>
        <time>2022-06-20T23:14:51Z</time>
      </trkpt>
      <trkpt lat="37.55158" lon="-122.08325">
        <ele>2.94</ele>
        <time>2022-06-20T23:14:52Z</time>
      </trkpt>
      <trkpt lat="37.55159" lon="-122.08328">
        <ele>2.9</ele>
        <time>2022-06-20T23:14:53Z</time>
      </trkpt>
      <trkpt lat="37.5516" lon="-122.08333">
        <ele>2.99</ele>
        <time>2022-06-20T23:14:54Z</time>
      </trkpt>
      <trkpt lat="37.55161" lon="-122.08339">
        <ele>2.63</ele>
        <time>2022-06-20T23:14:55Z</time>
      </trkpt>
      <trkpt lat="37.55162" lon="-122.08344">
        <ele>2.5</ele>
        <time>2022-06-20T23:14:56Z</time>
      </trkpt>
      <trkpt lat="37.55163" lon="-122.08348">
        <ele>2.6</ele>
        <time>2022-06-20T23:14:57Z</time>
      </trkpt>
      <trkpt lat="37.55165" lon="-122.08354">
        <ele>2.82</ele>
        <time>2022-06-20T23:14:58Z</time>
      </trkpt>
      <trkpt lat="37.55165" lon="-122.08359">
        <ele>2.82</ele>
        <time>2022-06-20T23:15:00Z</time>
      </trkpt>
      <trkpt lat="37.55168" lon="-122.08366">
        <ele>2.93</ele>
        <time>2022-06-20T23:15:00Z</time>
      </trkpt>
      <trkpt lat="37.55169" lon="-122.08371">
        <ele>2.95</ele>
        <time>2022-06-20T23:15:01Z</time>
      </trkpt>
      <trkpt lat="37.5517" lon="-122.08376">
        <ele>2.61</ele>
        <time>2022-06-20T23:15:03Z</time>
      </trkpt>
      <trkpt lat="37.55171" lon="-122.0838">
        <ele>2.47</ele>
        <time>2022-06-20T23:15:04Z</time>
      </trkpt>
      <trkpt lat="37.55172" lon="-122.08388">
        <ele>2.58</ele>
        <time>2022-06-20T23:15:04Z</time>
      </trkpt>
      <trkpt lat="37.55174" lon="-122.08394">
        <ele>2.79</ele>
        <time>2022-06-20T23:15:05Z</time>
      </trkpt>
      <trkpt lat="37.55174" lon="-122.084">
        <ele>2.79</ele>
        <time>2022-06-20T23:15:06Z</time>
      </trkpt>
      <trkpt lat="37.55175" lon="-122.08405">
        <ele>2.9</ele>
        <time>2022-06-20T23:15:07Z</time>
      </trkpt>
      <trkpt lat="37.55175" lon="-122.08413">
        <ele>2.9</ele>
        <time>2022-06-20T23:15:11Z</time>
      </trkpt>
      <trkpt lat="37.55176" lon="-122.08421">
        <ele>2.99</ele>
        <time>2022-06-20T23:15:12Z</time>
      </trkpt>
      <trkpt lat="37.55176" lon="-122.0843">
        <ele>2.99</ele>
        <time>2022-06-20T23:15:14Z</time>
      </trkpt>
      <trkpt lat="37.55177" lon="-122.0844">
        <ele>2.88</ele>
        <time>2022-06-20T23:15:16Z</time>
      </trkpt>
      <trkpt lat="37.55176" lon="-122.08449">
        <ele>3.48</ele>
        <time>2022-06-20T23:15:18Z</time>
      </trkpt>
      <trkpt lat="37.55177" lon="-122.08459">
        <ele>3.83</ele>
        <time>2022-06-20T23:15:20Z</time>
      </trkpt>
      <trkpt lat="37.55177" lon="-122.08468">
        <ele>3.88</ele>
        <time>2022-06-20T23:15:22Z</time>
      </trkpt>
      <trkpt lat="37.55178" lon="-122.08481">
        <ele>3.78</ele>
        <time>2022-06-20T23:15:26Z</time>
      </trkpt>
      <trkpt lat="37.55178" lon="-122.0849">
        <ele>3.78</ele>
        <time>2022-06-20T23:15:27Z</time>
      </trkpt>
      <trkpt lat="37.55179" lon="-122.08499">
        <ele>3.07</ele>
        <time>2022-06-20T23:15:29Z</time>
      </trkpt>
      <trkpt lat="37.55179" lon="-122.08509">
        <ele>3.0</ele>
        <time>2022-06-20T23:15:31Z</time>
      </trkpt>
      <trkpt lat="37.55179" lon="-122.08519">
        <ele>3.33</ele>
        <time>2022-06-20T23:15:33Z</time>
      </trkpt>
      <trkpt lat="37.55181" lon="-122.08532">
        <ele>3.75</ele>
        <time>2022-06-20T23:15:35Z</time>
      </trkpt>
      <trkpt lat="37.55182" lon="-122.08541">
        <ele>3.85</ele>
        <time>2022-06-20T23:15:38Z</time>
      </trkpt>
      <trkpt lat="37.55183" lon="-122.08549">
        <ele>3.83</ele>
        <time>2022-06-20T23:15:40Z</time>
      </trkpt>
      <trkpt lat="37.55183" lon="-122.0856">
        <ele>4.0</ele>
        <time>2022-06-20T23:15:42Z</time>
      </trkpt>
      <trkpt lat="37.55184" lon="-122.08569">
        <ele>3.94</ele>
        <time>2022-06-20T23:15:44Z</time>
      </trkpt>
      <trkpt lat="37.55185" lon="-122.08577">
        <ele>3.99</ele>
        <time>2022-06-20T23:15:46Z</time>
      </trkpt>
      <trkpt lat="37.55185" lon="-122.08589">
        <ele>4.0</ele>
        <time>2022-06-20T23:15:47Z</time>
      </trkpt>
      <trkpt lat="37.55186" lon="-122.08598">
        <ele>3.96</ele>
        <time>2022-06-20T23:15:50Z</time>
      </trkpt>
      <trkpt lat="37.55187" lon="-122.08606">
        <ele>4.0</ele>
        <time>2022-06-20T23:15:52Z</time>
      </trkpt>
      <trkpt lat="37.5519" lon="-122.08615">
        <ele>4.0</ele>
        <time>2022-06-20T23:15:54Z</time>
      </trkpt>
      <trkpt lat="37.55193" lon="-122.08622">
        <ele>4.03</ele>
        <time>2022-06-20T23:15:55Z</time>
      </trkpt>
      <trkpt lat="37.55196" lon="-122.0863">
        <ele>4.04</ele>
        <time>2022-06-20T23:15:58Z</time>
      </trkpt>
      <trkpt lat="37.55201" lon="-122.08638">
        <ele>4.9</ele>
        <time>2022-06-20T23:16:00Z</time>
      </trkpt>
      <trkpt lat="37.55204" lon="-122.08647">
        <ele>4.96</ele>
        <time>2022-06-20T23:16:01Z</time>
      </trkpt>
      <trkpt lat="37.55207" lon="-122.08654">
        <ele>5.28</ele>
        <time>2022-06-20T23:16:03Z</time>
      </trkpt>
      <trkpt lat="37.5521" lon="-122.08662">
        <ele>5.48</ele>
        <time>2022-06-20T23:16:06Z</time>
      </trkpt>
      <trkpt lat="37.55212" lon="-122.08672">
        <ele>5.33</ele>
        <time>2022-06-20T23:16:09Z</time>
      </trkpt>
      <trkpt lat="37.55213" lon="-122.08681">
        <ele>5.0</ele>
        <time>2022-06-20T23:16:12Z</time>
      </trkpt>
      <trkpt lat="37.55215" lon="-122.08689">
        <ele>5.0</ele>
        <time>2022-06-20T23:16:14Z</time>
      </trkpt>
      <trkpt lat="37.55216" lon="-122.08698">
        <ele>5.0</ele>
        <time>2022-06-20T23:16:16Z</time>
      </trkpt>
      <trkpt lat="37.55218" lon="-122.08705">
        <ele>5.2</ele>
        <time>2022-06-20T23:16:18Z</time>
      </trkpt>
      <trkpt lat="37.5522" lon="-122.08713">
        <ele>6.24</ele>
        <time>2022-06-20T23:16:20Z</time>
      </trkpt>
      <trkpt lat="37.55223" lon="-122.08722">
        <ele>5.91</ele>
        <time>2022-06-20T23:16:22Z</time>
      </trkpt>
      <trkpt lat="37.55226" lon="-122.08731">
        <ele>5.98</ele>
        <time>2022-06-20T23:16:24Z</time>
      </trkpt>
      <trkpt lat="37.5523" lon="-122.08739">
        <ele>6.26</ele>
        <time>2022-06-20T23:16:27Z</time>
      </trkpt>
      <trkpt lat="37.55234" lon="-122.08748">
        <ele>5.94</ele>
        <time>2022-06-20T23:16:30Z</time>
      </trkpt>
      <trkpt lat="37.55239" lon="-122.08755">
        <ele>6.2</ele>
        <time>2022-06-20T23:16:33Z</time>
      </trkpt>
      <trkpt lat="37.55243" lon="-122.08763">
        <ele>6.0</ele>
        <time>2022-06-20T23:16:35Z</time>
      </trkpt>
      <trkpt lat="37.55246" lon="-122.08771">
        <ele>6.35</ele>
        <time>2022-06-20T23:16:38Z</time>
      </trkpt>
      <trkpt lat="37.55251" lon="-122.0878">
        <ele>6.21</ele>
        <time>2022-06-20T23:16:40Z</time>
      </trkpt>
      <trkpt lat="37.55257" lon="-122.0879">
        <ele>6.4</ele>
        <time>2022-06-20T23:16:42Z</time>
      </trkpt>
      <trkpt lat="37.55262" lon="-122.08798">
        <ele>6.13</ele>
        <time>2022-06-20T23:16:45Z</time>
      </trkpt>
      <trkpt lat="37.55266" lon="-122.08805">
        <ele>6.26</ele>
        <time>2022-06-20T23:16:47Z</time>
      </trkpt>
      <trkpt lat="37.55271" lon="-122.08812">
        <ele>5.92</ele>
        <time>2022-06-20T23:16:49Z</time>
      </trkpt>
      <trkpt lat="37.55277" lon="-122.0882">
        <ele>6.09</ele>
        <time>2022-06-20T23:16:51Z</time>
      </trkpt>
      <trkpt lat="37.55282" lon="-122.08827">
        <ele>6.34</ele>
        <time>2022-06-20T23:16:53Z</time>
      </trkpt>
      <trkpt lat="37.55289" lon="-122.08833">
        <ele>5.98</ele>
        <time>2022-06-20T23:16:55Z</time>
      </trkpt>
      <trkpt lat="37.55297" lon="-122.0884">
        <ele>5.98</ele>
        <time>2022-06-20T23:16:58Z</time>
      </trkpt>
      <trkpt lat="37.55305" lon="-122.08846">
        <ele>6.07</ele>
        <time>2022-06-20T23:17:00Z</time>
      </trkpt>
      <trkpt lat="37.55311" lon="-122.08851">
        <ele>5.95</ele>
        <time>2022-06-20T23:17:02Z</time>
      </trkpt>
      <trkpt lat="37.55321" lon="-122.08858">
        <ele>5.33</ele>
        <time>2022-06-20T23:17:02Z</time>
      </trkpt>
      <trkpt lat="37.55329" lon="-122.08865">
        <ele>5.2</ele>
        <time>2022-06-20T23:17:04Z</time>
      </trkpt>
      <trkpt lat="37.55333" lon="-122.08868">
        <ele>5.03</ele>
        <time>2022-06-20T23:17:05Z</time>
      </trkpt>
      <trkpt lat="37.55337" lon="-122.08872">
        <ele>4.78</ele>
        <time>2022-06-20T23:17:06Z</time>
      </trkpt>
      <trkpt lat="37.55341" lon="-122.08876">
        <ele>4.78</ele>
        <time>2022-06-20T23:17:07Z</time>
      </trkpt>
      <trkpt lat="37.55344" lon="-122.08881">
        <ele>4.72</ele>
        <time>2022-06-20T23:17:08Z</time>
      </trkpt>
      <trkpt lat="37.55348" lon="-122.08886">
        <ele>4.23</ele>
        <time>2022-06-20T23:17:09Z</time>
      </trkpt>
      <trkpt lat="37.55351" lon="-122.08891">
        <ele>4.13</ele>
        <time>2022-06-20T23:17:10Z</time>
      </trkpt>
      <trkpt lat="37.55353" lon="-122.08897">
        <ele>3.88</ele>
        <time>2022-06-20T23:17:11Z</time>
      </trkpt>
      <trkpt lat="37.55355" lon="-122.08903">
        <ele>4.18</ele>
        <time>2022-06-20T23:17:12Z</time>
      </trkpt>
      <trkpt lat="37.55357" lon="-122.08909">
        <ele>4.52</ele>
        <time>2022-06-20T23:17:13Z</time>
      </trkpt>
      <trkpt lat="37.55358" lon="-122.08915">
        <ele>4.61</ele>
        <time>2022-06-20T23:17:14Z</time>
      </trkpt>
      <trkpt lat="37.55359" lon="-122.08921">
        <ele>4.46</ele>
        <time>2022-06-20T23:17:15Z</time>
      </trkpt>
      <trkpt lat="37.5536" lon="-122.08926">
        <ele>4.24</ele>
        <time>2022-06-20T23:17:16Z</time>
      </trkpt>
      <trkpt lat="37.55361" lon="-122.0893">
        <ele>4.03</ele>
        <time>2022-06-20T23:17:17Z</time>
      </trkpt>
      <trkpt lat="37.55362" lon="-122.08937">
        <ele>3.9</ele>
        <time>2022-06-20T23:17:18Z</time>
      </trkpt>
      <trkpt lat="37.55363" lon="-122.08943">
        <ele>3.8</ele>
        <time>2022-06-20T23:17:19Z</time>
      </trkpt>
      <trkpt lat="37.55365" lon="-122.08949">
        <ele>3.79</ele>
        <time>2022-06-20T23:17:20Z</time>
      </trkpt>
      <trkpt lat="37.55365" lon="-122.08953">
        <ele>3.97</ele>
        <time>2022-06-20T23:17:22Z</time>
      </trkpt>
      <trkpt lat="37.55367" lon="-122.0896">
        <ele>4.0</ele>
        <time>2022-06-20T23:17:25Z</time>
      </trkpt>
      <trkpt lat="37.55371" lon="-122.08974">
        <ele>3.75</ele>
        <time>2022-06-20T23:17:25Z</time>
      </trkpt>
      <trkpt lat="37.55373" lon="-122.08981">
        <ele>3.04</ele>
        <time>2022-06-20T23:17:29Z</time>
      </trkpt>
      <trkpt lat="37.55376" lon="-122.08989">
        <ele>3.0</ele>
        <time>2022-06-20T23:17:30Z</time>
      </trkpt>
      <trkpt lat="37.55378" lon="-122.08997">
        <ele>3.0</ele>
        <time>2022-06-20T23:17:32Z</time>
      </trkpt>
      <trkpt lat="37.5538" lon="-122.0901">
        <ele>2.96</ele>
        <time>2022-06-20T23:17:34Z</time>
      </trkpt>
      <trkpt lat="37.55382" lon="-122.0902">
        <ele>2.78</ele>
        <time>2022-06-20T23:17:36Z</time>
      </trkpt>
      <trkpt lat="37.55384" lon="-122.09031">
        <ele>3.0</ele>
        <time>2022-06-20T23:17:38Z</time>
      </trkpt>
      <trkpt lat="37.55387" lon="-122.0904">
        <ele>3.0</ele>
        <time>2022-06-20T23:17:41Z</time>
      </trkpt>
      <trkpt lat="37.55388" lon="-122.09051">
        <ele>3.46</ele>
        <time>2022-06-20T23:17:43Z</time>
      </trkpt>
      <trkpt lat="37.5539" lon="-122.0906">
        <ele>3.4</ele>
        <time>2022-06-20T23:17:45Z</time>
      </trkpt>
      <trkpt lat="37.55392" lon="-122.09067">
        <ele>2.74</ele>
        <time>2022-06-20T23:17:46Z</time>
      </trkpt>
      <trkpt lat="37.55394" lon="-122.09079">
        <ele>3.0</ele>
        <time>2022-06-20T23:17:49Z</time>
      </trkpt>
      <trkpt lat="37.55396" lon="-122.09088">
        <ele>3.39</ele>
        <time>2022-06-20T23:17:51Z</time>
      </trkpt>
      <trkpt lat="37.55398" lon="-122.09098">
        <ele>3.98</ele>
        <time>2022-06-20T23:17:51Z</time>
      </trkpt>
      <trkpt lat="37.554" lon="-122.09108">
        <ele>3.2</ele>
        <time>2022-06-20T23:17:55Z</time>
      </trkpt>
      <trkpt lat="37.55402" lon="-122.09116">
        <ele>3.0</ele>
        <time>2022-06-20T23:17:57Z</time>
      </trkpt>
      <trkpt lat="37.55403" lon="-122.09127">
        <ele>3.38</ele>
        <time>2022-06-20T23:17:59Z</time>
      </trkpt>
      <trkpt lat="37.55404" lon="-122.09135">
        <ele>3.63</ele>
        <time>2022-06-20T23:18:01Z</time>
      </trkpt>
      <trkpt lat="37.55405" lon="-122.09144">
        <ele>3.74</ele>
        <time>2022-06-20T23:18:02Z</time>
      </trkpt>
      <trkpt lat="37.55407" lon="-122.09154">
        <ele>3.96</ele>
        <time>2022-06-20T23:18:04Z</time>
      </trkpt>
      <trkpt lat="37.55408" lon="-122.09161">
        <ele>3.96</ele>
        <time>2022-06-20T23:18:06Z</time>
      </trkpt>
      <trkpt lat="37.55412" lon="-122.09171">
        <ele>4.0</ele>
        <time>2022-06-20T23:18:09Z</time>
      </trkpt>
      <trkpt lat="37.55418" lon="-122.09178">
        <ele>4.0</ele>
        <time>2022-06-20T23:18:09Z</time>
      </trkpt>
      <trkpt lat="37.55423" lon="-122.09183">
        <ele>4.0</ele>
        <time>2022-06-20T23:18:13Z</time>
      </trkpt>
      <trkpt lat="37.55431" lon="-122.09191">
        <ele>4.0</ele>
        <time>2022-06-20T23:18:13Z</time>
      </trkpt>
      <trkpt lat="37.55439" lon="-122.09197">
        <ele>4.0</ele>
        <time>2022-06-20T23:18:18Z</time>
      </trkpt>
      <trkpt lat="37.55445" lon="-122.09202">
        <ele>3.99</ele>
        <time>2022-06-20T23:18:19Z</time>
      </trkpt>
      <trkpt lat="37.55451" lon="-122.09207">
        <ele>4.0</ele>
        <time>2022-06-20T23:18:21Z</time>
      </trkpt>
      <trkpt lat="37.55459" lon="-122.09212">
        <ele>3.94</ele>
        <time>2022-06-20T23:18:23Z</time>
      </trkpt>
      <trkpt lat="37.55466" lon="-122.09217">
        <ele>4.0</ele>
        <time>2022-06-20T23:18:25Z</time>
      </trkpt>
      <trkpt lat="37.55472" lon="-122.09221">
        <ele>4.0</ele>
        <time>2022-06-20T23:18:27Z</time>
      </trkpt>
      <trkpt lat="37.5548" lon="-122.09225">
        <ele>4.0</ele>
        <time>2022-06-20T23:18:29Z</time>
      </trkpt>
      <trkpt lat="37.55488" lon="-122.09229">
        <ele>4.0</ele>
        <time>2022-06-20T23:18:31Z</time>
      </trkpt>
      <trkpt lat="37.55494" lon="-122.09233">
        <ele>4.0</ele>
        <time>2022-06-20T23:18:32Z</time>
      </trkpt>
      <trkpt lat="37.55501" lon="-122.09239">
        <ele>4.0</ele>
        <time>2022-06-20T23:18:35Z</time>
      </trkpt>
      <trkpt lat="37.55508" lon="-122.09244">
        <ele>4.0</ele>
        <time>2022-06-20T23:18:36Z</time>
      </trkpt>
      <trkpt lat="37.55513" lon="-122.09248">
        <ele>4.0</ele>
        <time>2022-06-20T23:18:38Z</time>
      </trkpt>
      <trkpt lat="37.55519" lon="-122.09253">
        <ele>4.0</ele>
        <time>2022-06-20T23:18:40Z</time>
      </trkpt>
      <trkpt lat="37.55526" lon="-122.09258">
        <ele>4.0</ele>
        <time>2022-06-20T23:18:41Z</time>
      </trkpt>
      <trkpt lat="37.55533" lon="-122.09264">
        <ele>4.0</ele>
        <time>2022-06-20T23:18:44Z</time>
      </trkpt>
      <trkpt lat="37.55538" lon="-122.09268">
        <ele>4.0</ele>
        <time>2022-06-20T23:18:46Z</time>
      </trkpt>
      <trkpt lat="37.55546" lon="-122.09274">
        <ele>4.0</ele>
        <time>2022-06-20T23:18:48Z</time>
      </trkpt>
      <trkpt lat="37.55553" lon="-122.0928">
        <ele>4.07</ele>
        <time>2022-06-20T23:18:50Z</time>
      </trkpt>
      <trkpt lat="37.55559" lon="-122.09285">
        <ele>4.0</ele>
        <time>2022-06-20T23:18:51Z</time>
      </trkpt>
      <trkpt lat="37.55564" lon="-122.0929">
        <ele>4.03</ele>
        <time>2022-06-20T23:18:54Z</time>
      </trkpt>
      <trkpt lat="37.5557" lon="-122.09296">
        <ele>3.98</ele>
        <time>2022-06-20T23:18:56Z</time>
      </trkpt>
      <trkpt lat="37.55576" lon="-122.09304">
        <ele>3.97</ele>
        <time>2022-06-20T23:18:58Z</time>
      </trkpt>
      <trkpt lat="37.55581" lon="-122.09311">
        <ele>4.0</ele>
        <time>2022-06-20T23:19:00Z</time>
      </trkpt>
      <trkpt lat="37.55587" lon="-122.0932">
        <ele>3.83</ele>
        <time>2022-06-20T23:19:03Z</time>
      </trkpt>
      <trkpt lat="37.55592" lon="-122.09327">
        <ele>3.72</ele>
        <time>2022-06-20T23:19:03Z</time>
      </trkpt>
      <trkpt lat="37.55598" lon="-122.09334">
        <ele>3.64</ele>
        <time>2022-06-20T23:19:07Z</time>
      </trkpt>
      <trkpt lat="37.55601" lon="-122.09342">
        <ele>4.08</ele>
        <time>2022-06-20T23:19:09Z</time>
      </trkpt>
      <trkpt lat="37.55606" lon="-122.09349">
        <ele>4.0</ele>
        <time>2022-06-20T23:19:11Z</time>
      </trkpt>
      <trkpt lat="37.55614" lon="-122.09358">
        <ele>3.9</ele>
        <time>2022-06-20T23:19:14Z</time>
      </trkpt>
      <trkpt lat="37.5562" lon="-122.09363">
        <ele>4.01</ele>
        <time>2022-06-20T23:19:15Z</time>
      </trkpt>
      <trkpt lat="37.55624" lon="-122.09368">
        <ele>3.9</ele>
        <time>2022-06-20T23:19:17Z</time>
      </trkpt>
      <trkpt lat="37.55631" lon="-122.09374">
        <ele>4.0</ele>
        <time>2022-06-20T23:19:17Z</time>
      </trkpt>
      <trkpt lat="37.55637" lon="-122.09379">
        <ele>4.0</ele>
        <time>2022-06-20T23:19:21Z</time>
      </trkpt>
      <trkpt lat="37.55644" lon="-122.09385">
        <ele>4.0</ele>
        <time>2022-06-20T23:19:21Z</time>
      </trkpt>
      <trkpt lat="37.5565" lon="-122.09388">
        <ele>4.0</ele>
        <time>2022-06-20T23:19:25Z</time>
      </trkpt>
      <trkpt lat="37.55657" lon="-122.0939">
        <ele>4.0</ele>
        <time>2022-06-20T23:19:26Z</time>
      </trkpt>
      <trkpt lat="37.55663" lon="-122.09391">
        <ele>4.0</ele>
        <time>2022-06-20T23:19:29Z</time>
      </trkpt>
      <trkpt lat="37.55671" lon="-122.09392">
        <ele>4.0</ele>
        <time>2022-06-20T23:19:31Z</time>
      </trkpt>
      <trkpt lat="37.55678" lon="-122.09392">
        <ele>4.0</ele>
        <time>2022-06-20T23:19:32Z</time>
      </trkpt>
      <trkpt lat="37.55685" lon="-122.09391">
        <ele>4.0</ele>
        <time>2022-06-20T23:19:34Z</time>
      </trkpt>
      <trkpt lat="37.55696" lon="-122.09387">
        <ele>3.83</ele>
        <time>2022-06-20T23:19:37Z</time>
      </trkpt>
      <trkpt lat="37.55702" lon="-122.09383">
        <ele>3.88</ele>
        <time>2022-06-20T23:19:38Z</time>
      </trkpt>
      <trkpt lat="37.55708" lon="-122.09379">
        <ele>3.96</ele>
        <time>2022-06-20T23:19:41Z</time>
      </trkpt>
      <trkpt lat="37.55714" lon="-122.09375">
        <ele>4.0</ele>
        <time>2022-06-20T23:19:42Z</time>
      </trkpt>
      <trkpt lat="37.5572" lon="-122.09372">
        <ele>4.0</ele>
        <time>2022-06-20T23:19:44Z</time>
      </trkpt>
      <trkpt lat="37.55727" lon="-122.09368">
        <ele>4.38</ele>
        <time>2022-06-20T23:19:46Z</time>
      </trkpt>
      <trkpt lat="37.55737" lon="-122.09362">
        <ele>4.63</ele>
        <time>2022-06-20T23:19:49Z</time>
      </trkpt>
      <trkpt lat="37.55744" lon="-122.09359">
        <ele>4.85</ele>
        <time>2022-06-20T23:19:51Z</time>
      </trkpt>
      <trkpt lat="37.55751" lon="-122.09355">
        <ele>5.0</ele>
        <time>2022-06-20T23:19:54Z</time>
      </trkpt>
      <trkpt lat="37.55757" lon="-122.09351">
        <ele>5.0</ele>
        <time>2022-06-20T23:19:57Z</time>
      </trkpt>
      <trkpt lat="37.55764" lon="-122.09346">
        <ele>5.51</ele>
        <time>2022-06-20T23:19:59Z</time>
      </trkpt>
      <trkpt lat="37.55774" lon="-122.09341">
        <ele>5.93</ele>
        <time>2022-06-20T23:20:04Z</time>
      </trkpt>
      <trkpt lat="37.55782" lon="-122.09336">
        <ele>6.32</ele>
        <time>2022-06-20T23:20:06Z</time>
      </trkpt>
      <trkpt lat="37.55788" lon="-122.09333">
        <ele>7.0</ele>
        <time>2022-06-20T23:20:09Z</time>
      </trkpt>
      <trkpt lat="37.55795" lon="-122.09331">
        <ele>7.22</ele>
        <time>2022-06-20T23:20:11Z</time>
      </trkpt>
      <trkpt lat="37.55802" lon="-122.09328">
        <ele>7.84</ele>
        <time>2022-06-20T23:20:16Z</time>
      </trkpt>
      <trkpt lat="37.55808" lon="-122.09325">
        <ele>8.26</ele>
        <time>2022-06-20T23:20:19Z</time>
      </trkpt>
      <trkpt lat="37.55815" lon="-122.09323">
        <ele>9.12</ele>
        <time>2022-06-20T23:20:22Z</time>
      </trkpt>
      <trkpt lat="37.55822" lon="-122.09322">
        <ele>9.22</ele>
        <time>2022-06-20T23:20:26Z</time>
      </trkpt>
      <trkpt lat="37.55828" lon="-122.09321">
        <ele>9.62</ele>
        <time>2022-06-20T23:20:30Z</time>
      </trkpt>
      <trkpt lat="37.55835" lon="-122.0932">
        <ele>10.0</ele>
        <time>2022-06-20T23:20:32Z</time>
      </trkpt>
      <trkpt lat="37.55842" lon="-122.09321">
        <ele>10.0</ele>
        <time>2022-06-20T23:20:37Z</time>
      </trkpt>
      <trkpt lat="37.55851" lon="-122.09321">
        <ele>10.0</ele>
        <time>2022-06-20T23:20:40Z</time>
      </trkpt>
      <trkpt lat="37.55859" lon="-122.09322">
        <ele>10.0</ele>
        <time>2022-06-20T23:20:43Z</time>
      </trkpt>
      <trkpt lat="37.55866" lon="-122.09322">
        <ele>9.88</ele>
        <time>2022-06-20T23:20:45Z</time>
      </trkpt>
      <trkpt lat="37.55876" lon="-122.09322">
        <ele>9.78</ele>
        <time>2022-06-20T23:20:48Z</time>
      </trkpt>
      <trkpt lat="37.55884" lon="-122.09322">
        <ele>9.67</ele>
        <time>2022-06-20T23:20:49Z</time>
      </trkpt>
      <trkpt lat="37.55892" lon="-122.09323">
        <ele>9.77</ele>
        <time>2022-06-20T23:20:53Z</time>
      </trkpt>
      <trkpt lat="37.55903" lon="-122.09324">
        <ele>9.98</ele>
        <time>2022-06-20T23:20:56Z</time>
      </trkpt>
      <trkpt lat="37.55911" lon="-122.09325">
        <ele>9.65</ele>
        <time>2022-06-20T23:20:58Z</time>
      </trkpt>
      <trkpt lat="37.5592" lon="-122.09326">
        <ele>9.13</ele>
        <time>2022-06-20T23:21:01Z</time>
      </trkpt>
      <trkpt lat="37.55928" lon="-122.09327">
        <ele>8.85</ele>
        <time>2022-06-20T23:21:03Z</time>
      </trkpt>
      <trkpt lat="37.55938" lon="-122.09329">
        <ele>8.53</ele>
        <time>2022-06-20T23:21:05Z</time>
      </trkpt>
      <trkpt lat="37.55944" lon="-122.09331">
        <ele>8.75</ele>
        <time>2022-06-20T23:21:07Z</time>
      </trkpt>
      <trkpt lat="37.55953" lon="-122.09333">
        <ele>8.93</ele>
        <time>2022-06-20T23:21:09Z</time>
      </trkpt>
      <trkpt lat="37.55959" lon="-122.09336">
        <ele>9.12</ele>
        <time>2022-06-20T23:21:11Z</time>
      </trkpt>
      <trkpt lat="37.55967" lon="-122.09338">
        <ele>9.22</ele>
        <time>2022-06-20T23:21:13Z</time>
      </trkpt>
      <trkpt lat="37.55974" lon="-122.09341">
        <ele>9.79</ele>
        <time>2022-06-20T23:21:16Z</time>
      </trkpt>
      <trkpt lat="37.5598" lon="-122.09346">
        <ele>10.43</ele>
        <time>2022-06-20T23:21:19Z</time>
      </trkpt>
      <trkpt lat="37.55986" lon="-122.09349">
        <ele>10.54</ele>
        <time>2022-06-20T23:21:23Z</time>
      </trkpt>
      <trkpt lat="37.55992" lon="-122.09353">
        <ele>11.12</ele>
        <time>2022-06-20T23:21:26Z</time>
      </trkpt>
      <trkpt lat="37.55997" lon="-122.09358">
        <ele>11.66</ele>
        <time>2022-06-20T23:21:29Z</time>
      </trkpt>
      <trkpt lat="37.56002" lon="-122.09365">
        <ele>12.29</ele>
        <time>2022-06-20T23:21:33Z</time>
      </trkpt>
      <trkpt lat="37.56007" lon="-122.0937">
        <ele>12.93</ele>
        <time>2022-06-20T23:21:36Z</time>
      </trkpt>
      <trkpt lat="37.56011" lon="-122.09378">
        <ele>12.93</ele>
        <time>2022-06-20T23:21:41Z</time>
      </trkpt>
      <trkpt lat="37.56016" lon="-122.09385">
        <ele>13.9</ele>
        <time>2022-06-20T23:21:46Z</time>
      </trkpt>
      <trkpt lat="37.56021" lon="-122.09391">
        <ele>13.96</ele>
        <time>2022-06-20T23:21:49Z</time>
      </trkpt>
      <trkpt lat="37.56024" lon="-122.09399">
        <ele>14.48</ele>
        <time>2022-06-20T23:21:54Z</time>
      </trkpt>
      <trkpt lat="37.56028" lon="-122.09406">
        <ele>14.0</ele>
        <time>2022-06-20T23:21:57Z</time>
      </trkpt>
      <trkpt lat="37.56032" lon="-122.09413">
        <ele>14.33</ele>
        <time>2022-06-20T23:22:01Z</time>
      </trkpt>
      <trkpt lat="37.56036" lon="-122.09422">
        <ele>14.24</ele>
        <time>2022-06-20T23:22:05Z</time>
      </trkpt>
      <trkpt lat="37.5604" lon="-122.09431">
        <ele>14.0</ele>
        <time>2022-06-20T23:22:08Z</time>
      </trkpt>
      <trkpt lat="37.56043" lon="-122.09442">
        <ele>14.52</ele>
        <time>2022-06-20T23:22:11Z</time>
      </trkpt>
      <trkpt lat="37.56046" lon="-122.0945">
        <ele>14.1</ele>
        <time>2022-06-20T23:22:14Z</time>
      </trkpt>
      <trkpt lat="37.56051" lon="-122.0946">
        <ele>13.99</ele>
        <time>2022-06-20T23:22:17Z</time>
      </trkpt>
      <trkpt lat="37.56055" lon="-122.09466">
        <ele>13.12</ele>
        <time>2022-06-20T23:22:19Z</time>
      </trkpt>
      <trkpt lat="37.56059" lon="-122.09472">
        <ele>12.25</ele>
        <time>2022-06-20T23:22:18Z</time>
      </trkpt>
      <trkpt lat="37.56063" lon="-122.09478">
        <ele>11.39</ele>
        <time>2022-06-20T23:22:19Z</time>
      </trkpt>
      <trkpt lat="37.56067" lon="-122.09485">
        <ele>10.91</ele>
        <time>2022-06-20T23:22:20Z</time>
      </trkpt>
      <trkpt lat="37.56072" lon="-122.09492">
        <ele>10.69</ele>
        <time>2022-06-20T23:22:21Z</time>
      </trkpt>
      <trkpt lat="37.56077" lon="-122.09498">
        <ele>11.0</ele>
        <time>2022-06-20T23:22:22Z</time>
      </trkpt>
      <trkpt lat="37.56082" lon="-122.09502">
        <ele>10.69</ele>
        <time>2022-06-20T23:22:23Z</time>
      </trkpt>
      <trkpt lat="37.56086" lon="-122.09506">
        <ele>11.01</ele>
        <time>2022-06-20T23:22:24Z</time>
      </trkpt>
      <trkpt lat="37.56089" lon="-122.09509">
        <ele>11.33</ele>
        <time>2022-06-20T23:22:25Z</time>
      </trkpt>
      <trkpt lat="37.56092" lon="-122.09512">
        <ele>11.66</ele>
        <time>2022-06-20T23:22:28Z</time>
      </trkpt>
      <trkpt lat="37.56097" lon="-122.09517">
        <ele>11.8</ele>
        <time>2022-06-20T23:22:30Z</time>
      </trkpt>
      <trkpt lat="37.56103" lon="-122.09523">
        <ele>11.78</ele>
        <time>2022-06-20T23:22:32Z</time>
      </trkpt>
      <trkpt lat="37.56108" lon="-122.09529">
        <ele>11.89</ele>
        <time>2022-06-20T23:22:34Z</time>
      </trkpt>
      <trkpt lat="37.56113" lon="-122.09534">
        <ele>12.14</ele>
        <time>2022-06-20T23:22:36Z</time>
      </trkpt>
      <trkpt lat="37.56118" lon="-122.09541">
        <ele>12.37</ele>
        <time>2022-06-20T23:22:38Z</time>
      </trkpt>
      <trkpt lat="37.56124" lon="-122.09548">
        <ele>11.79</ele>
        <time>2022-06-20T23:22:41Z</time>
      </trkpt>
      <trkpt lat="37.5613" lon="-122.09555">
        <ele>11.94</ele>
        <time>2022-06-20T23:22:43Z</time>
      </trkpt>
      <trkpt lat="37.56135" lon="-122.0956">
        <ele>12.68</ele>
        <time>2022-06-20T23:22:45Z</time>
      </trkpt>
      <trkpt lat="37.56142" lon="-122.09568">
        <ele>13.01</ele>
        <time>2022-06-20T23:22:48Z</time>
      </trkpt>
      <trkpt lat="37.56148" lon="-122.09574">
        <ele>13.01</ele>
        <time>2022-06-20T23:22:50Z</time>
      </trkpt>
      <trkpt lat="37.56154" lon="-122.0958">
        <ele>13.24</ele>
        <time>2022-06-20T23:22:54Z</time>
      </trkpt>
      <trkpt lat="37.5616" lon="-122.09585">
        <ele>13.31</ele>
        <time>2022-06-20T23:22:56Z</time>
      </trkpt>
      <trkpt lat="37.56166" lon="-122.0959">
        <ele>13.77</ele>
        <time>2022-06-20T23:22:59Z</time>
      </trkpt>
      <trkpt lat="37.56172" lon="-122.09595">
        <ele>13.68</ele>
        <time>2022-06-20T23:23:01Z</time>
      </trkpt>
      <trkpt lat="37.56177" lon="-122.096">
        <ele>13.78</ele>
        <time>2022-06-20T23:23:04Z</time>
      </trkpt>
      <trkpt lat="37.56183" lon="-122.09608">
        <ele>14.16</ele>
        <time>2022-06-20T23:23:07Z</time>
      </trkpt>
      <trkpt lat="37.56188" lon="-122.09615">
        <ele>13.99</ele>
        <time>2022-06-20T23:23:09Z</time>
      </trkpt>
      <trkpt lat="37.5619" lon="-122.09623">
        <ele>14.11</ele>
        <time>2022-06-20T23:23:11Z</time>
      </trkpt>
      <trkpt lat="37.56192" lon="-122.09631">
        <ele>14.3</ele>
        <time>2022-06-20T23:23:14Z</time>
      </trkpt>
      <trkpt lat="37.56194" lon="-122.09641">
        <ele>14.1</ele>
        <time>2022-06-20T23:23:16Z</time>
      </trkpt>
      <trkpt lat="37.56195" lon="-122.0965">
        <ele>13.88</ele>
        <time>2022-06-20T23:23:19Z</time>
      </trkpt>
      <trkpt lat="37.56197" lon="-122.09657">
        <ele>13.45</ele>
        <time>2022-06-20T23:23:21Z</time>
      </trkpt>
      <trkpt lat="37.56198" lon="-122.09665">
        <ele>14.05</ele>
        <time>2022-06-20T23:23:23Z</time>
      </trkpt>
      <trkpt lat="37.56202" lon="-122.09674">
        <ele>14.16</ele>
        <time>2022-06-20T23:23:25Z</time>
      </trkpt>
      <trkpt lat="37.56206" lon="-122.09682">
        <ele>14.16</ele>
        <time>2022-06-20T23:23:27Z</time>
      </trkpt>
      <trkpt lat="37.56212" lon="-122.09689">
        <ele>13.99</ele>
        <time>2022-06-20T23:23:29Z</time>
      </trkpt>
      <trkpt lat="37.5622" lon="-122.09692">
        <ele>13.71</ele>
        <time>2022-06-20T23:23:32Z</time>
      </trkpt>
      <trkpt lat="37.56228" lon="-122.09695">
        <ele>14.06</ele>
        <time>2022-06-20T23:23:34Z</time>
      </trkpt>
      <trkpt lat="37.56234" lon="-122.09697">
        <ele>14.0</ele>
        <time>2022-06-20T23:23:36Z</time>
      </trkpt>
      <trkpt lat="37.56241" lon="-122.09699">
        <ele>13.49</ele>
        <time>2022-06-20T23:23:38Z</time>
      </trkpt>
      <trkpt lat="37.56249" lon="-122.09702">
        <ele>13.82</ele>
        <time>2022-06-20T23:23:40Z</time>
      </trkpt>
      <trkpt lat="37.56254" lon="-122.097">
        <ele>13.34</ele>
        <time>2022-06-20T23:23:56Z</time>
      </trkpt>
      <trkpt lat="37.56271" lon="-122.097">
        <ele>11.84</ele>
        <time>2022-06-20T23:23:58Z</time>
      </trkpt>
      <trkpt lat="37.56265" lon="-122.097">
        <ele>12.38</ele>
        <time>2022-06-20T23:23:58Z</time>
      </trkpt>
      <trkpt lat="37.56277" lon="-122.09701">
        <ele>11.35</ele>
        <time>2022-06-20T23:23:58Z</time>
      </trkpt>
      <trkpt lat="37.56284" lon="-122.09704">
        <ele>10.33</ele>
        <time>2022-06-20T23:24:03Z</time>
      </trkpt>
      <trkpt lat="37.56291" lon="-122.09705">
        <ele>9.51</ele>
        <time>2022-06-20T23:24:04Z</time>
      </trkpt>
      <trkpt lat="37.56297" lon="-122.09709">
        <ele>8.35</ele>
        <time>2022-06-20T23:24:07Z</time>
      </trkpt>
      <trkpt lat="37.56303" lon="-122.09717">
        <ele>7.28</ele>
        <time>2022-06-20T23:24:10Z</time>
      </trkpt>
      <trkpt lat="37.56304" lon="-122.09731">
        <ele>6.22</ele>
        <time>2022-06-20T23:24:12Z</time>
      </trkpt>
      <trkpt lat="37.56302" lon="-122.09744">
        <ele>6.0</ele>
        <time>2022-06-20T23:24:13Z</time>
      </trkpt>
      <trkpt lat="37.56302" lon="-122.09755">
        <ele>6.0</ele>
        <time>2022-06-20T23:24:14Z</time>
      </trkpt>
      <trkpt lat="37.56304" lon="-122.09763">
        <ele>5.93</ele>
        <time>2022-06-20T23:24:18Z</time>
      </trkpt>
      <trkpt lat="37.56306" lon="-122.09772">
        <ele>5.61</ele>
        <time>2022-06-20T23:24:20Z</time>
      </trkpt>
      <trkpt lat="37.56309" lon="-122.09784">
        <ele>5.37</ele>
        <time>2022-06-20T23:24:22Z</time>
      </trkpt>
      <trkpt lat="37.56312" lon="-122.09792">
        <ele>5.7</ele>
        <time>2022-06-20T23:24:24Z</time>
      </trkpt>
      <trkpt lat="37.56315" lon="-122.098">
        <ele>5.6</ele>
        <time>2022-06-20T23:24:26Z</time>
      </trkpt>
      <trkpt lat="37.56318" lon="-122.09809">
        <ele>5.34</ele>
        <time>2022-06-20T23:24:27Z</time>
      </trkpt>
      <trkpt lat="37.56321" lon="-122.09817">
        <ele>5.67</ele>
        <time>2022-06-20T23:24:30Z</time>
      </trkpt>
      <trkpt lat="37.56324" lon="-122.09827">
        <ele>5.68</ele>
        <time>2022-06-20T23:24:32Z</time>
      </trkpt>
      <trkpt lat="37.56328" lon="-122.0984">
        <ele>5.42</ele>
        <time>2022-06-20T23:24:35Z</time>
      </trkpt>
      <trkpt lat="37.56332" lon="-122.0985">
        <ele>5.86</ele>
        <time>2022-06-20T23:24:37Z</time>
      </trkpt>
      <trkpt lat="37.56335" lon="-122.0986">
        <ele>5.26</ele>
        <time>2022-06-20T23:24:39Z</time>
      </trkpt>
      <trkpt lat="37.56338" lon="-122.09868">
        <ele>5.5</ele>
        <time>2022-06-20T23:24:41Z</time>
      </trkpt>
      <trkpt lat="37.5634" lon="-122.09876">
        <ele>5.72</ele>
        <time>2022-06-20T23:24:43Z</time>
      </trkpt>
      <trkpt lat="37.56342" lon="-122.09884">
        <ele>5.49</ele>
        <time>2022-06-20T23:24:45Z</time>
      </trkpt>
      <trkpt lat="37.56345" lon="-122.09894">
        <ele>5.14</ele>
        <time>2022-06-20T23:24:46Z</time>
      </trkpt>
      <trkpt lat="37.56348" lon="-122.09901">
        <ele>5.58</ele>
        <time>2022-06-20T23:24:49Z</time>
      </trkpt>
      <trkpt lat="37.56352" lon="-122.09913">
        <ele>5.39</ele>
        <time>2022-06-20T23:24:52Z</time>
      </trkpt>
      <trkpt lat="37.56355" lon="-122.09922">
        <ele>5.2</ele>
        <time>2022-06-20T23:24:54Z</time>
      </trkpt>
      <trkpt lat="37.56358" lon="-122.09931">
        <ele>5.66</ele>
        <time>2022-06-20T23:24:54Z</time>
      </trkpt>
      <trkpt lat="37.5636" lon="-122.09939">
        <ele>5.52</ele>
        <time>2022-06-20T23:24:58Z</time>
      </trkpt>
      <trkpt lat="37.56363" lon="-122.09948">
        <ele>5.08</ele>
        <time>2022-06-20T23:24:58Z</time>
      </trkpt>
      <trkpt lat="37.56366" lon="-122.09955">
        <ele>5.53</ele>
        <time>2022-06-20T23:25:02Z</time>
      </trkpt>
      <trkpt lat="37.56368" lon="-122.09964">
        <ele>5.66</ele>
        <time>2022-06-20T23:25:04Z</time>
      </trkpt>
      <trkpt lat="37.56371" lon="-122.09973">
        <ele>5.0</ele>
        <time>2022-06-20T23:25:07Z</time>
      </trkpt>
      <trkpt lat="37.56375" lon="-122.09983">
        <ele>5.08</ele>
        <time>2022-06-20T23:25:08Z</time>
      </trkpt>
      <trkpt lat="37.56378" lon="-122.09992">
        <ele>5.69</ele>
        <time>2022-06-20T23:25:11Z</time>
      </trkpt>
      <trkpt lat="37.56382" lon="-122.10003">
        <ele>5.0</ele>
        <time>2022-06-20T23:25:13Z</time>
      </trkpt>
      <trkpt lat="37.56385" lon="-122.10013">
        <ele>5.23</ele>
        <time>2022-06-20T23:25:14Z</time>
      </trkpt>
      <trkpt lat="37.56388" lon="-122.10021">
        <ele>5.88</ele>
        <time>2022-06-20T23:25:18Z</time>
      </trkpt>
      <trkpt lat="37.56391" lon="-122.10031">
        <ele>5.5</ele>
        <time>2022-06-20T23:25:20Z</time>
      </trkpt>
      <trkpt lat="37.56393" lon="-122.10039">
        <ele>5.09</ele>
        <time>2022-06-20T23:25:23Z</time>
      </trkpt>
      <trkpt lat="37.56396" lon="-122.1005">
        <ele>5.68</ele>
        <time>2022-06-20T23:25:25Z</time>
      </trkpt>
      <trkpt lat="37.564" lon="-122.1006">
        <ele>5.42</ele>
        <time>2022-06-20T23:25:25Z</time>
      </trkpt>
      <trkpt lat="37.56403" lon="-122.10069">
        <ele>5.24</ele>
        <time>2022-06-20T23:25:30Z</time>
      </trkpt>
      <trkpt lat="37.56405" lon="-122.10077">
        <ele>5.66</ele>
        <time>2022-06-20T23:25:31Z</time>
      </trkpt>
      <trkpt lat="37.56408" lon="-122.10086">
        <ele>5.67</ele>
        <time>2022-06-20T23:25:34Z</time>
      </trkpt>
      <trkpt lat="37.56411" lon="-122.10094">
        <ele>5.06</ele>
        <time>2022-06-20T23:25:36Z</time>
      </trkpt>
      <trkpt lat="37.56413" lon="-122.10104">
        <ele>5.6</ele>
        <time>2022-06-20T23:25:38Z</time>
      </trkpt>
      <trkpt lat="37.56417" lon="-122.10114">
        <ele>5.66</ele>
        <time>2022-06-20T23:25:41Z</time>
      </trkpt>
      <trkpt lat="37.56419" lon="-122.10123">
        <ele>5.07</ele>
        <time>2022-06-20T23:25:43Z</time>
      </trkpt>
      <trkpt lat="37.56422" lon="-122.10133">
        <ele>5.42</ele>
        <time>2022-06-20T23:25:45Z</time>
      </trkpt>
      <trkpt lat="37.56426" lon="-122.10145">
        <ele>5.34</ele>
        <time>2022-06-20T23:25:46Z</time>
      </trkpt>
      <trkpt lat="37.56429" lon="-122.10154">
        <ele>5.21</ele>
        <time>2022-06-20T23:25:50Z</time>
      </trkpt>
      <trkpt lat="37.56432" lon="-122.10164">
        <ele>5.41</ele>
        <time>2022-06-20T23:25:51Z</time>
      </trkpt>
      <trkpt lat="37.56435" lon="-122.10174">
        <ele>5.18</ele>
        <time>2022-06-20T23:25:56Z</time>
      </trkpt>
      <trkpt lat="37.56438" lon="-122.10183">
        <ele>5.0</ele>
        <time>2022-06-20T23:25:56Z</time>
      </trkpt>
      <trkpt lat="37.56441" lon="-122.10194">
        <ele>5.24</ele>
        <time>2022-06-20T23:26:01Z</time>
      </trkpt>
      <trkpt lat="37.56446" lon="-122.10208">
        <ele>5.0</ele>
        <time>2022-06-20T23:26:04Z</time>
      </trkpt>
      <trkpt lat="37.56448" lon="-122.10217">
        <ele>4.9</ele>
        <time>2022-06-20T23:26:06Z</time>
      </trkpt>
      <trkpt lat="37.56451" lon="-122.10225">
        <ele>5.2</ele>
        <time>2022-06-20T23:26:08Z</time>
      </trkpt>
      <trkpt lat="37.56454" lon="-122.10233">
        <ele>5.0</ele>
        <time>2022-06-20T23:26:10Z</time>
      </trkpt>
      <trkpt lat="37.56458" lon="-122.10244">
        <ele>4.97</ele>
        <time>2022-06-20T23:26:12Z</time>
      </trkpt>
      <trkpt lat="37.5646" lon="-122.10254">
        <ele>5.07</ele>
        <time>2022-06-20T23:26:17Z</time>
      </trkpt>
      <trkpt lat="37.56464" lon="-122.10264">
        <ele>5.0</ele>
        <time>2022-06-20T23:26:20Z</time>
      </trkpt>
      <trkpt lat="37.56467" lon="-122.10272">
        <ele>4.79</ele>
        <time>2022-06-20T23:26:22Z</time>
      </trkpt>
      <trkpt lat="37.5647" lon="-122.10283">
        <ele>4.76</ele>
        <time>2022-06-20T23:26:25Z</time>
      </trkpt>
      <trkpt lat="37.56473" lon="-122.10294">
        <ele>5.0</ele>
        <time>2022-06-20T23:26:27Z</time>
      </trkpt>
      <trkpt lat="37.56476" lon="-122.10303">
        <ele>4.57</ele>
        <time>2022-06-20T23:26:29Z</time>
      </trkpt>
      <trkpt lat="37.56479" lon="-122.10311">
        <ele>4.73</ele>
        <time>2022-06-20T23:26:31Z</time>
      </trkpt>
      <trkpt lat="37.56482" lon="-122.1032">
        <ele>5.0</ele>
        <time>2022-06-20T23:26:33Z</time>
      </trkpt>
      <trkpt lat="37.56485" lon="-122.10333">
        <ele>4.4</ele>
        <time>2022-06-20T23:26:39Z</time>
      </trkpt>
      <trkpt lat="37.56488" lon="-122.10343">
        <ele>5.38</ele>
        <time>2022-06-20T23:26:39Z</time>
      </trkpt>
      <trkpt lat="37.56492" lon="-122.10355">
        <ele>4.71</ele>
        <time>2022-06-20T23:26:44Z</time>
      </trkpt>
      <trkpt lat="37.56496" lon="-122.10366">
        <ele>4.57</ele>
        <time>2022-06-20T23:26:46Z</time>
      </trkpt>
      <trkpt lat="37.565" lon="-122.10377">
        <ele>5.0</ele>
        <time>2022-06-20T23:26:49Z</time>
      </trkpt>
      <trkpt lat="37.56503" lon="-122.10386">
        <ele>5.0</ele>
        <time>2022-06-20T23:26:51Z</time>
      </trkpt>
      <trkpt lat="37.56505" lon="-122.10397">
        <ele>4.6</ele>
        <time>2022-06-20T23:26:54Z</time>
      </trkpt>
      <trkpt lat="37.56509" lon="-122.10409">
        <ele>4.97</ele>
        <time>2022-06-20T23:26:57Z</time>
      </trkpt>
      <trkpt lat="37.56512" lon="-122.10419">
        <ele>4.9</ele>
        <time>2022-06-20T23:26:58Z</time>
      </trkpt>
      <trkpt lat="37.56515" lon="-122.10431">
        <ele>5.24</ele>
        <time>2022-06-20T23:27:03Z</time>
      </trkpt>
      <trkpt lat="37.5652" lon="-122.1044">
        <ele>5.4</ele>
        <time>2022-06-20T23:27:06Z</time>
      </trkpt>
      <trkpt lat="37.56523" lon="-122.10451">
        <ele>4.98</ele>
        <time>2022-06-20T23:27:09Z</time>
      </trkpt>
      <trkpt lat="37.56526" lon="-122.10461">
        <ele>5.62</ele>
        <time>2022-06-20T23:27:12Z</time>
      </trkpt>
      <trkpt lat="37.56529" lon="-122.10469">
        <ele>5.3</ele>
        <time>2022-06-20T23:27:14Z</time>
      </trkpt>
      <trkpt lat="37.56532" lon="-122.10479">
        <ele>4.6</ele>
        <time>2022-06-20T23:27:17Z</time>
      </trkpt>
      <trkpt lat="37.56535" lon="-122.10493">
        <ele>5.37</ele>
        <time>2022-06-20T23:27:20Z</time>
      </trkpt>
      <trkpt lat="37.56539" lon="-122.10501">
        <ele>4.91</ele>
        <time>2022-06-20T23:27:23Z</time>
      </trkpt>
      <trkpt lat="37.56542" lon="-122.10513">
        <ele>4.75</ele>
        <time>2022-06-20T23:27:26Z</time>
      </trkpt>
      <trkpt lat="37.56545" lon="-122.10521">
        <ele>5.49</ele>
        <time>2022-06-20T23:27:29Z</time>
      </trkpt>
      <trkpt lat="37.56548" lon="-122.10532">
        <ele>5.0</ele>
        <time>2022-06-20T23:27:30Z</time>
      </trkpt>
      <trkpt lat="37.56552" lon="-122.10541">
        <ele>5.26</ele>
        <time>2022-06-20T23:27:35Z</time>
      </trkpt>
      <trkpt lat="37.56555" lon="-122.10552">
        <ele>5.32</ele>
        <time>2022-06-20T23:27:37Z</time>
      </trkpt>
      <trkpt lat="37.56559" lon="-122.10566">
        <ele>4.92</ele>
        <time>2022-06-20T23:27:41Z</time>
      </trkpt>
      <trkpt lat="37.56562" lon="-122.10576">
        <ele>4.7</ele>
        <time>2022-06-20T23:27:44Z</time>
      </trkpt>
      <trkpt lat="37.56565" lon="-122.10584">
        <ele>5.0</ele>
        <time>2022-06-20T23:27:46Z</time>
      </trkpt>
      <trkpt lat="37.56567" lon="-122.10592">
        <ele>5.0</ele>
        <time>2022-06-20T23:27:48Z</time>
      </trkpt>
      <trkpt lat="37.5657" lon="-122.10601">
        <ele>4.6</ele>
        <time>2022-06-20T23:27:50Z</time>
      </trkpt>
      <trkpt lat="37.56573" lon="-122.10609">
        <ele>4.88</ele>
        <time>2022-06-20T23:27:52Z</time>
      </trkpt>
      <trkpt lat="37.56575" lon="-122.10617">
        <ele>5.0</ele>
        <time>2022-06-20T23:27:55Z</time>
      </trkpt>
      <trkpt lat="37.56579" lon="-122.10625">
        <ele>5.27</ele>
        <time>2022-06-20T23:27:57Z</time>
      </trkpt>
      <trkpt lat="37.56581" lon="-122.10635">
        <ele>5.31</ele>
        <time>2022-06-20T23:28:00Z</time>
      </trkpt>
      <trkpt lat="37.56585" lon="-122.10643">
        <ele>5.0</ele>
        <time>2022-06-20T23:28:02Z</time>
      </trkpt>
      <trkpt lat="37.56587" lon="-122.10651">
        <ele>5.0</ele>
        <time>2022-06-20T23:28:03Z</time>
      </trkpt>
      <trkpt lat="37.5659" lon="-122.10662">
        <ele>4.86</ele>
        <time>2022-06-20T23:28:07Z</time>
      </trkpt>
      <trkpt lat="37.56593" lon="-122.1067">
        <ele>5.0</ele>
        <time>2022-06-20T23:28:09Z</time>
      </trkpt>
      <trkpt lat="37.56596" lon="-122.10682">
        <ele>5.0</ele>
        <time>2022-06-20T23:28:12Z</time>
      </trkpt>
      <trkpt lat="37.56599" lon="-122.10692">
        <ele>4.77</ele>
        <time>2022-06-20T23:28:14Z</time>
      </trkpt>
      <trkpt lat="37.56602" lon="-122.10699">
        <ele>4.99</ele>
        <time>2022-06-20T23:28:17Z</time>
      </trkpt>
      <trkpt lat="37.56605" lon="-122.10709">
        <ele>5.0</ele>
        <time>2022-06-20T23:28:20Z</time>
      </trkpt>
      <trkpt lat="37.56607" lon="-122.10717">
        <ele>5.24</ele>
        <time>2022-06-20T23:28:23Z</time>
      </trkpt>
      <trkpt lat="37.56611" lon="-122.10727">
        <ele>5.48</ele>
        <time>2022-06-20T23:28:25Z</time>
      </trkpt>
      <trkpt lat="37.56614" lon="-122.10737">
        <ele>5.0</ele>
        <time>2022-06-20T23:28:26Z</time>
      </trkpt>
      <trkpt lat="37.56617" lon="-122.10747">
        <ele>5.43</ele>
        <time>2022-06-20T23:28:29Z</time>
      </trkpt>
      <trkpt lat="37.56619" lon="-122.10756">
        <ele>5.3</ele>
        <time>2022-06-20T23:28:34Z</time>
      </trkpt>
      <trkpt lat="37.56622" lon="-122.10764">
        <ele>5.0</ele>
        <time>2022-06-20T23:28:34Z</time>
      </trkpt>
      <trkpt lat="37.56626" lon="-122.10773">
        <ele>5.29</ele>
        <time>2022-06-20T23:28:39Z</time>
      </trkpt>
      <trkpt lat="37.56628" lon="-122.1078">
        <ele>5.63</ele>
        <time>2022-06-20T23:28:40Z</time>
      </trkpt>
      <trkpt lat="37.56631" lon="-122.10789">
        <ele>5.0</ele>
        <time>2022-06-20T23:28:43Z</time>
      </trkpt>
      <trkpt lat="37.56634" lon="-122.10798">
        <ele>5.0</ele>
        <time>2022-06-20T23:28:45Z</time>
      </trkpt>
      <trkpt lat="37.56637" lon="-122.10809">
        <ele>5.0</ele>
        <time>2022-06-20T23:28:47Z</time>
      </trkpt>
      <trkpt lat="37.5664" lon="-122.10818">
        <ele>5.0</ele>
        <time>2022-06-20T23:28:50Z</time>
      </trkpt>
      <trkpt lat="37.56643" lon="-122.10828">
        <ele>5.0</ele>
        <time>2022-06-20T23:28:53Z</time>
      </trkpt>
      <trkpt lat="37.56646" lon="-122.10837">
        <ele>5.0</ele>
        <time>2022-06-20T23:28:55Z</time>
      </trkpt>
      <trkpt lat="37.56648" lon="-122.10848">
        <ele>5.0</ele>
        <time>2022-06-20T23:28:57Z</time>
      </trkpt>
      <trkpt lat="37.56651" lon="-122.10858">
        <ele>4.9</ele>
        <time>2022-06-20T23:29:00Z</time>
      </trkpt>
      <trkpt lat="37.56654" lon="-122.10868">
        <ele>5.0</ele>
        <time>2022-06-20T23:29:03Z</time>
      </trkpt>
      <trkpt lat="37.56656" lon="-122.10876">
        <ele>5.0</ele>
        <time>2022-06-20T23:29:06Z</time>
      </trkpt>
      <trkpt lat="37.5666" lon="-122.10884">
        <ele>5.0</ele>
        <time>2022-06-20T23:29:08Z</time>
      </trkpt>
      <trkpt lat="37.56663" lon="-122.10892">
        <ele>5.0</ele>
        <time>2022-06-20T23:29:10Z</time>
      </trkpt>
      <trkpt lat="37.56665" lon="-122.10901">
        <ele>4.94</ele>
        <time>2022-06-20T23:29:13Z</time>
      </trkpt>
      <trkpt lat="37.56668" lon="-122.10908">
        <ele>4.87</ele>
        <time>2022-06-20T23:29:14Z</time>
      </trkpt>
      <trkpt lat="37.5667" lon="-122.10917">
        <ele>5.0</ele>
        <time>2022-06-20T23:29:15Z</time>
      </trkpt>
      <trkpt lat="37.56672" lon="-122.10926">
        <ele>5.0</ele>
        <time>2022-06-20T23:29:19Z</time>
      </trkpt>
      <trkpt lat="37.56675" lon="-122.10937">
        <ele>4.72</ele>
        <time>2022-06-20T23:29:22Z</time>
      </trkpt>
      <trkpt lat="37.56679" lon="-122.10947">
        <ele>4.09</ele>
        <time>2022-06-20T23:29:25Z</time>
      </trkpt>
      <trkpt lat="37.56681" lon="-122.10956">
        <ele>4.55</ele>
        <time>2022-06-20T23:29:26Z</time>
      </trkpt>
      <trkpt lat="37.56685" lon="-122.10966">
        <ele>4.98</ele>
        <time>2022-06-20T23:29:29Z</time>
      </trkpt>
      <trkpt lat="37.56688" lon="-122.10977">
        <ele>4.64</ele>
        <time>2022-06-20T23:29:32Z</time>
      </trkpt>
      <trkpt lat="37.56692" lon="-122.10984">
        <ele>4.74</ele>
        <time>2022-06-20T23:29:34Z</time>
      </trkpt>
      <trkpt lat="37.56695" lon="-122.10995">
        <ele>4.94</ele>
        <time>2022-06-20T23:29:36Z</time>
      </trkpt>
      <trkpt lat="37.56697" lon="-122.11003">
        <ele>4.58</ele>
        <time>2022-06-20T23:29:39Z</time>
      </trkpt>
      <trkpt lat="37.567" lon="-122.11012">
        <ele>4.6</ele>
        <time>2022-06-20T23:29:41Z</time>
      </trkpt>
      <trkpt lat="37.56702" lon="-122.1102">
        <ele>4.69</ele>
        <time>2022-06-20T23:29:41Z</time>
      </trkpt>
      <trkpt lat="37.56705" lon="-122.11029">
        <ele>4.02</ele>
        <time>2022-06-20T23:29:46Z</time>
      </trkpt>
      <trkpt lat="37.56709" lon="-122.11038">
        <ele>4.57</ele>
        <time>2022-06-20T23:29:48Z</time>
      </trkpt>
      <trkpt lat="37.56713" lon="-122.11053">
        <ele>5.0</ele>
        <time>2022-06-20T23:29:52Z</time>
      </trkpt>
      <trkpt lat="37.56717" lon="-122.11063">
        <ele>4.46</ele>
        <time>2022-06-20T23:29:55Z</time>
      </trkpt>
      <trkpt lat="37.5672" lon="-122.11075">
        <ele>4.76</ele>
        <time>2022-06-20T23:29:57Z</time>
      </trkpt>
      <trkpt lat="37.56723" lon="-122.11084">
        <ele>4.85</ele>
        <time>2022-06-20T23:30:00Z</time>
      </trkpt>
      <trkpt lat="37.56725" lon="-122.11091">
        <ele>4.12</ele>
        <time>2022-06-20T23:30:00Z</time>
      </trkpt>
      <trkpt lat="37.56728" lon="-122.11098">
        <ele>4.36</ele>
        <time>2022-06-20T23:30:02Z</time>
      </trkpt>
      <trkpt lat="37.56729" lon="-122.11103">
        <ele>4.73</ele>
        <time>2022-06-20T23:30:03Z</time>
      </trkpt>
      <trkpt lat="37.56732" lon="-122.1111">
        <ele>4.94</ele>
        <time>2022-06-20T23:30:05Z</time>
      </trkpt>
      <trkpt lat="37.56733" lon="-122.11114">
        <ele>4.58</ele>
        <time>2022-06-20T23:30:06Z</time>
      </trkpt>
      <trkpt lat="37.56734" lon="-122.11118">
        <ele>4.19</ele>
        <time>2022-06-20T23:30:07Z</time>
      </trkpt>
      <trkpt lat="37.56736" lon="-122.11122">
        <ele>4.09</ele>
        <time>2022-06-20T23:30:08Z</time>
      </trkpt>
      <trkpt lat="37.56737" lon="-122.11125">
        <ele>4.3</ele>
        <time>2022-06-20T23:30:09Z</time>
      </trkpt>
      <trkpt lat="37.56738" lon="-122.11129">
        <ele>4.66</ele>
        <time>2022-06-20T23:30:10Z</time>
      </trkpt>
      <trkpt lat="37.56739" lon="-122.11132">
        <ele>4.81</ele>
        <time>2022-06-20T23:30:11Z</time>
      </trkpt>
      <trkpt lat="37.5674" lon="-122.11137">
        <ele>4.92</ele>
        <time>2022-06-20T23:30:13Z</time>
      </trkpt>
      <trkpt lat="37.56742" lon="-122.11142">
        <ele>4.57</ele>
        <time>2022-06-20T23:30:13Z</time>
      </trkpt>
      <trkpt lat="37.56743" lon="-122.11145">
        <ele>4.26</ele>
        <time>2022-06-20T23:30:14Z</time>
      </trkpt>
      <trkpt lat="37.56744" lon="-122.1115">
        <ele>4.07</ele>
        <time>2022-06-20T23:30:15Z</time>
      </trkpt>
      <trkpt lat="37.56746" lon="-122.11153">
        <ele>4.3</ele>
        <time>2022-06-20T23:30:16Z</time>
      </trkpt>
      <trkpt lat="37.56747" lon="-122.11159">
        <ele>4.68</ele>
        <time>2022-06-20T23:30:17Z</time>
      </trkpt>
      <trkpt lat="37.56749" lon="-122.11162">
        <ele>4.89</ele>
        <time>2022-06-20T23:30:18Z</time>
      </trkpt>
      <trkpt lat="37.5675" lon="-122.11166">
        <ele>5.0</ele>
        <time>2022-06-20T23:30:19Z</time>
      </trkpt>
      <trkpt lat="37.56751" lon="-122.11171">
        <ele>4.47</ele>
        <time>2022-06-20T23:30:20Z</time>
      </trkpt>
      <trkpt lat="37.56752" lon="-122.11175">
        <ele>4.08</ele>
        <time>2022-06-20T23:30:21Z</time>
      </trkpt>
      <trkpt lat="37.56754" lon="-122.11179">
        <ele>4.0</ele>
        <time>2022-06-20T23:30:22Z</time>
      </trkpt>
      <trkpt lat="37.56755" lon="-122.11184">
        <ele>4.0</ele>
        <time>2022-06-20T23:30:23Z</time>
      </trkpt>
      <trkpt lat="37.56756" lon="-122.11188">
        <ele>4.2</ele>
        <time>2022-06-20T23:30:24Z</time>
      </trkpt>
      <trkpt lat="37.56758" lon="-122.11192">
        <ele>4.64</ele>
        <time>2022-06-20T23:30:25Z</time>
      </trkpt>
      <trkpt lat="37.56759" lon="-122.11196">
        <ele>4.81</ele>
        <time>2022-06-20T23:30:26Z</time>
      </trkpt>
      <trkpt lat="37.56761" lon="-122.11201">
        <ele>4.24</ele>
        <time>2022-06-20T23:30:27Z</time>
      </trkpt>
      <trkpt lat="37.56762" lon="-122.11206">
        <ele>4.0</ele>
        <time>2022-06-20T23:30:28Z</time>
      </trkpt>
      <trkpt lat="37.56764" lon="-122.1121">
        <ele>4.0</ele>
        <time>2022-06-20T23:30:29Z</time>
      </trkpt>
      <trkpt lat="37.56765" lon="-122.11214">
        <ele>4.07</ele>
        <time>2022-06-20T23:30:30Z</time>
      </trkpt>
      <trkpt lat="37.56766" lon="-122.11217">
        <ele>4.32</ele>
        <time>2022-06-20T23:30:31Z</time>
      </trkpt>
      <trkpt lat="37.56767" lon="-122.11221">
        <ele>4.73</ele>
        <time>2022-06-20T23:30:32Z</time>
      </trkpt>
      <trkpt lat="37.56768" lon="-122.11225">
        <ele>4.66</ele>
        <time>2022-06-20T23:30:33Z</time>
      </trkpt>
      <trkpt lat="37.5677" lon="-122.11229">
        <ele>4.23</ele>
        <time>2022-06-20T23:30:34Z</time>
      </trkpt>
      <trkpt lat="37.56771" lon="-122.11232">
        <ele>4.02</ele>
        <time>2022-06-20T23:30:35Z</time>
      </trkpt>
      <trkpt lat="37.56772" lon="-122.11235">
        <ele>4.14</ele>
        <time>2022-06-20T23:30:36Z</time>
      </trkpt>
      <trkpt lat="37.56773" lon="-122.11239">
        <ele>4.39</ele>
        <time>2022-06-20T23:30:37Z</time>
      </trkpt>
      <trkpt lat="37.56774" lon="-122.11243">
        <ele>4.59</ele>
        <time>2022-06-20T23:30:38Z</time>
      </trkpt>
      <trkpt lat="37.56776" lon="-122.11246">
        <ele>4.81</ele>
        <time>2022-06-20T23:30:39Z</time>
      </trkpt>
      <trkpt lat="37.56777" lon="-122.1125">
        <ele>4.92</ele>
        <time>2022-06-20T23:30:40Z</time>
      </trkpt>
      <trkpt lat="37.56778" lon="-122.11253">
        <ele>4.98</ele>
        <time>2022-06-20T23:30:41Z</time>
      </trkpt>
      <trkpt lat="37.56779" lon="-122.11257">
        <ele>4.87</ele>
        <time>2022-06-20T23:30:42Z</time>
      </trkpt>
      <trkpt lat="37.5678" lon="-122.11261">
        <ele>4.62</ele>
        <time>2022-06-20T23:30:43Z</time>
      </trkpt>
      <trkpt lat="37.56781" lon="-122.11265">
        <ele>4.25</ele>
        <time>2022-06-20T23:30:44Z</time>
      </trkpt>
      <trkpt lat="37.56783" lon="-122.11269">
        <ele>4.03</ele>
        <time>2022-06-20T23:30:45Z</time>
      </trkpt>
      <trkpt lat="37.56784" lon="-122.11273">
        <ele>4.33</ele>
        <time>2022-06-20T23:30:46Z</time>
      </trkpt>
      <trkpt lat="37.56786" lon="-122.11277">
        <ele>4.81</ele>
        <time>2022-06-20T23:30:47Z</time>
      </trkpt>
      <trkpt lat="37.56787" lon="-122.11281">
        <ele>4.65</ele>
        <time>2022-06-20T23:30:48Z</time>
      </trkpt>
      <trkpt lat="37.56788" lon="-122.11284">
        <ele>4.29</ele>
        <time>2022-06-20T23:30:49Z</time>
      </trkpt>
      <trkpt lat="37.56789" lon="-122.11288">
        <ele>4.02</ele>
        <time>2022-06-20T23:30:50Z</time>
      </trkpt>
      <trkpt lat="37.56791" lon="-122.11292">
        <ele>4.23</ele>
        <time>2022-06-20T23:30:51Z</time>
      </trkpt>
      <trkpt lat="37.56792" lon="-122.11295">
        <ele>4.46</ele>
        <time>2022-06-20T23:30:52Z</time>
      </trkpt>
      <trkpt lat="37.56793" lon="-122.11299">
        <ele>4.64</ele>
        <time>2022-06-20T23:30:53Z</time>
      </trkpt>
      <trkpt lat="37.56795" lon="-122.11303">
        <ele>4.86</ele>
        <time>2022-06-20T23:30:54Z</time>
      </trkpt>
      <trkpt lat="37.56796" lon="-122.11306">
        <ele>4.92</ele>
        <time>2022-06-20T23:30:55Z</time>
      </trkpt>
      <trkpt lat="37.56798" lon="-122.11309">
        <ele>4.58</ele>
        <time>2022-06-20T23:30:56Z</time>
      </trkpt>
      <trkpt lat="37.56799" lon="-122.11312">
        <ele>4.42</ele>
        <time>2022-06-20T23:30:57Z</time>
      </trkpt>
      <trkpt lat="37.56801" lon="-122.11316">
        <ele>4.51</ele>
        <time>2022-06-20T23:30:58Z</time>
      </trkpt>
      <trkpt lat="37.56802" lon="-122.1132">
        <ele>4.62</ele>
        <time>2022-06-20T23:30:59Z</time>
      </trkpt>
      <trkpt lat="37.56803" lon="-122.11323">
        <ele>4.72</ele>
        <time>2022-06-20T23:31:00Z</time>
      </trkpt>
      <trkpt lat="37.56805" lon="-122.11327">
        <ele>4.94</ele>
        <time>2022-06-20T23:31:01Z</time>
      </trkpt>
      <trkpt lat="37.56806" lon="-122.11331">
        <ele>4.95</ele>
        <time>2022-06-20T23:31:02Z</time>
      </trkpt>
      <trkpt lat="37.56808" lon="-122.11334">
        <ele>4.7</ele>
        <time>2022-06-20T23:31:03Z</time>
      </trkpt>
      <trkpt lat="37.56809" lon="-122.11338">
        <ele>4.5</ele>
        <time>2022-06-20T23:31:04Z</time>
      </trkpt>
      <trkpt lat="37.56811" lon="-122.11342">
        <ele>4.58</ele>
        <time>2022-06-20T23:31:05Z</time>
      </trkpt>
      <trkpt lat="37.56812" lon="-122.11345">
        <ele>4.7</ele>
        <time>2022-06-20T23:31:06Z</time>
      </trkpt>
      <trkpt lat="37.56813" lon="-122.11349">
        <ele>4.8</ele>
        <time>2022-06-20T23:31:07Z</time>
      </trkpt>
      <trkpt lat="37.56815" lon="-122.11353">
        <ele>4.86</ele>
        <time>2022-06-20T23:31:08Z</time>
      </trkpt>
      <trkpt lat="37.56817" lon="-122.11356">
        <ele>4.42</ele>
        <time>2022-06-20T23:31:09Z</time>
      </trkpt>
      <trkpt lat="37.56819" lon="-122.1136">
        <ele>4.07</ele>
        <time>2022-06-20T23:31:10Z</time>
      </trkpt>
      <trkpt lat="37.5682" lon="-122.11363">
        <ele>4.11</ele>
        <time>2022-06-20T23:31:11Z</time>
      </trkpt>
      <trkpt lat="37.56822" lon="-122.11367">
        <ele>4.49</ele>
        <time>2022-06-20T23:31:12Z</time>
      </trkpt>
      <trkpt lat="37.56823" lon="-122.11371">
        <ele>4.88</ele>
        <time>2022-06-20T23:31:13Z</time>
      </trkpt>
      <trkpt lat="37.56825" lon="-122.11375">
        <ele>4.9</ele>
        <time>2022-06-20T23:31:14Z</time>
      </trkpt>
      <trkpt lat="37.56826" lon="-122.11379">
        <ele>4.79</ele>
        <time>2022-06-20T23:31:15Z</time>
      </trkpt>
      <trkpt lat="37.56827" lon="-122.11383">
        <ele>4.55</ele>
        <time>2022-06-20T23:31:16Z</time>
      </trkpt>
      <trkpt lat="37.56829" lon="-122.11387">
        <ele>4.52</ele>
        <time>2022-06-20T23:31:17Z</time>
      </trkpt>
      <trkpt lat="37.5683" lon="-122.11391">
        <ele>4.64</ele>
        <time>2022-06-20T23:31:18Z</time>
      </trkpt>
      <trkpt lat="37.56832" lon="-122.11395">
        <ele>4.86</ele>
        <time>2022-06-20T23:31:19Z</time>
      </trkpt>
      <trkpt lat="37.56833" lon="-122.11398">
        <ele>4.96</ele>
        <time>2022-06-20T23:31:20Z</time>
      </trkpt>
      <trkpt lat="37.56835" lon="-122.11402">
        <ele>4.48</ele>
        <time>2022-06-20T23:31:21Z</time>
      </trkpt>
      <trkpt lat="37.56836" lon="-122.11405">
        <ele>4.19</ele>
        <time>2022-06-20T23:31:22Z</time>
      </trkpt>
      <trkpt lat="37.56837" lon="-122.11409">
        <ele>4.07</ele>
        <time>2022-06-20T23:31:23Z</time>
      </trkpt>
      <trkpt lat="37.56839" lon="-122.11412">
        <ele>4.3</ele>
        <time>2022-06-20T23:31:24Z</time>
      </trkpt>
      <trkpt lat="37.5684" lon="-122.11416">
        <ele>4.67</ele>
        <time>2022-06-20T23:31:25Z</time>
      </trkpt>
      <trkpt lat="37.56841" lon="-122.11419">
        <ele>4.83</ele>
        <time>2022-06-20T23:31:26Z</time>
      </trkpt>
      <trkpt lat="37.56843" lon="-122.11423">
        <ele>4.96</ele>
        <time>2022-06-20T23:31:27Z</time>
      </trkpt>
      <trkpt lat="37.56844" lon="-122.11427">
        <ele>4.77</ele>
        <time>2022-06-20T23:31:28Z</time>
      </trkpt>
      <trkpt lat="37.56846" lon="-122.11431">
        <ele>4.49</ele>
        <time>2022-06-20T23:31:29Z</time>
      </trkpt>
      <trkpt lat="37.56847" lon="-122.11434">
        <ele>4.48</ele>
        <time>2022-06-20T23:31:30Z</time>
      </trkpt>
      <trkpt lat="37.56849" lon="-122.11438">
        <ele>4.69</ele>
        <time>2022-06-20T23:31:31Z</time>
      </trkpt>
      <trkpt lat="37.5685" lon="-122.11442">
        <ele>4.8</ele>
        <time>2022-06-20T23:31:32Z</time>
      </trkpt>
      <trkpt lat="37.56852" lon="-122.11446">
        <ele>4.82</ele>
        <time>2022-06-20T23:31:33Z</time>
      </trkpt>
      <trkpt lat="37.56853" lon="-122.11449">
        <ele>4.45</ele>
        <time>2022-06-20T23:31:34Z</time>
      </trkpt>
      <trkpt lat="37.56855" lon="-122.11453">
        <ele>4.05</ele>
        <time>2022-06-20T23:31:35Z</time>
      </trkpt>
      <trkpt lat="37.56856" lon="-122.11457">
        <ele>4.16</ele>
        <time>2022-06-20T23:31:36Z</time>
      </trkpt>
      <trkpt lat="37.56858" lon="-122.1146">
        <ele>4.45</ele>
        <time>2022-06-20T23:31:37Z</time>
      </trkpt>
      <trkpt lat="37.56859" lon="-122.11464">
        <ele>4.69</ele>
        <time>2022-06-20T23:31:38Z</time>
      </trkpt>
      <trkpt lat="37.56861" lon="-122.11467">
        <ele>4.56</ele>
        <time>2022-06-20T23:31:39Z</time>
      </trkpt>
      <trkpt lat="37.56862" lon="-122.11471">
        <ele>4.12</ele>
        <time>2022-06-20T23:31:40Z</time>
      </trkpt>
      <trkpt lat="37.56864" lon="-122.11475">
        <ele>4.0</ele>
        <time>2022-06-20T23:31:41Z</time>
      </trkpt>
      <trkpt lat="37.56865" lon="-122.1148">
        <ele>4.0</ele>
        <time>2022-06-20T23:31:42Z</time>
      </trkpt>
      <trkpt lat="37.56867" lon="-122.11483">
        <ele>4.1</ele>
        <time>2022-06-20T23:31:43Z</time>
      </trkpt>
      <trkpt lat="37.56869" lon="-122.11487">
        <ele>4.51</ele>
        <time>2022-06-20T23:31:44Z</time>
      </trkpt>
      <trkpt lat="37.5687" lon="-122.11491">
        <ele>4.93</ele>
        <time>2022-06-20T23:31:45Z</time>
      </trkpt>
      <trkpt lat="37.56872" lon="-122.11495">
        <ele>4.44</ele>
        <time>2022-06-20T23:31:46Z</time>
      </trkpt>
      <trkpt lat="37.56873" lon="-122.11499">
        <ele>4.08</ele>
        <time>2022-06-20T23:31:47Z</time>
      </trkpt>
      <trkpt lat="37.56875" lon="-122.11502">
        <ele>4.11</ele>
        <time>2022-06-20T23:31:48Z</time>
      </trkpt>
      <trkpt lat="37.56876" lon="-122.11505">
        <ele>4.33</ele>
        <time>2022-06-20T23:31:49Z</time>
      </trkpt>
      <trkpt lat="37.56878" lon="-122.11509">
        <ele>4.8</ele>
        <time>2022-06-20T23:31:50Z</time>
      </trkpt>
      <trkpt lat="37.56879" lon="-122.11513">
        <ele>4.93</ele>
        <time>2022-06-20T23:31:51Z</time>
      </trkpt>
      <trkpt lat="37.56881" lon="-122.11516">
        <ele>4.85</ele>
        <time>2022-06-20T23:31:52Z</time>
      </trkpt>
      <trkpt lat="37.56882" lon="-122.1152">
        <ele>4.67</ele>
        <time>2022-06-20T23:31:53Z</time>
      </trkpt>
      <trkpt lat="37.56883" lon="-122.11523">
        <ele>4.5</ele>
        <time>2022-06-20T23:31:54Z</time>
      </trkpt>
      <trkpt lat="37.56885" lon="-122.11527">
        <ele>4.57</ele>
        <time>2022-06-20T23:31:55Z</time>
      </trkpt>
      <trkpt lat="37.56886" lon="-122.11531">
        <ele>4.69</ele>
        <time>2022-06-20T23:31:56Z</time>
      </trkpt>
      <trkpt lat="37.56888" lon="-122.11536">
        <ele>4.9</ele>
        <time>2022-06-20T23:31:57Z</time>
      </trkpt>
      <trkpt lat="37.56891" lon="-122.11543">
        <ele>4.27</ele>
        <time>2022-06-20T23:31:59Z</time>
      </trkpt>
      <trkpt lat="37.56892" lon="-122.11546">
        <ele>4.02</ele>
        <time>2022-06-20T23:32:00Z</time>
      </trkpt>
      <trkpt lat="37.56894" lon="-122.1155">
        <ele>4.22</ele>
        <time>2022-06-20T23:32:01Z</time>
      </trkpt>
      <trkpt lat="37.56895" lon="-122.11554">
        <ele>4.55</ele>
        <time>2022-06-20T23:32:02Z</time>
      </trkpt>
      <trkpt lat="37.56896" lon="-122.11557">
        <ele>4.77</ele>
        <time>2022-06-20T23:32:03Z</time>
      </trkpt>
      <trkpt lat="37.56898" lon="-122.11561">
        <ele>4.98</ele>
        <time>2022-06-20T23:32:04Z</time>
      </trkpt>
      <trkpt lat="37.56899" lon="-122.11565">
        <ele>4.89</ele>
        <time>2022-06-20T23:32:05Z</time>
      </trkpt>
      <trkpt lat="37.56901" lon="-122.11569">
        <ele>4.38</ele>
        <time>2022-06-20T23:32:06Z</time>
      </trkpt>
      <trkpt lat="37.56902" lon="-122.11572">
        <ele>4.13</ele>
        <time>2022-06-20T23:32:07Z</time>
      </trkpt>
      <trkpt lat="37.56904" lon="-122.11576">
        <ele>4.13</ele>
        <time>2022-06-20T23:32:08Z</time>
      </trkpt>
      <trkpt lat="37.56906" lon="-122.11581">
        <ele>4.63</ele>
        <time>2022-06-20T23:32:09Z</time>
      </trkpt>
      <trkpt lat="37.56907" lon="-122.11584">
        <ele>4.89</ele>
        <time>2022-06-20T23:32:10Z</time>
      </trkpt>
      <trkpt lat="37.56909" lon="-122.11588">
        <ele>4.41</ele>
        <time>2022-06-20T23:32:11Z</time>
      </trkpt>
      <trkpt lat="37.5691" lon="-122.11593">
        <ele>4.01</ele>
        <time>2022-06-20T23:32:12Z</time>
      </trkpt>
      <trkpt lat="37.56912" lon="-122.11598">
        <ele>4.29</ele>
        <time>2022-06-20T23:32:13Z</time>
      </trkpt>
      <trkpt lat="37.56914" lon="-122.11602">
        <ele>4.7</ele>
        <time>2022-06-20T23:32:14Z</time>
      </trkpt>
      <trkpt lat="37.56915" lon="-122.11605">
        <ele>4.54</ele>
        <time>2022-06-20T23:32:15Z</time>
      </trkpt>
      <trkpt lat="37.56917" lon="-122.1161">
        <ele>4.12</ele>
        <time>2022-06-20T23:32:16Z</time>
      </trkpt>
      <trkpt lat="37.56919" lon="-122.11614">
        <ele>4.0</ele>
        <time>2022-06-20T23:32:17Z</time>
      </trkpt>
      <trkpt lat="37.5692" lon="-122.11617">
        <ele>4.0</ele>
        <time>2022-06-20T23:32:18Z</time>
      </trkpt>
      <trkpt lat="37.56922" lon="-122.11621">
        <ele>4.04</ele>
        <time>2022-06-20T23:32:19Z</time>
      </trkpt>
      <trkpt lat="37.56923" lon="-122.11625">
        <ele>4.34</ele>
        <time>2022-06-20T23:32:20Z</time>
      </trkpt>
      <trkpt lat="37.56925" lon="-122.1163">
        <ele>4.86</ele>
        <time>2022-06-20T23:32:21Z</time>
      </trkpt>
      <trkpt lat="37.56927" lon="-122.11634">
        <ele>4.47</ele>
        <time>2022-06-20T23:32:22Z</time>
      </trkpt>
      <trkpt lat="37.56928" lon="-122.11638">
        <ele>4.07</ele>
        <time>2022-06-20T23:32:23Z</time>
      </trkpt>
      <trkpt lat="37.5693" lon="-122.11643">
        <ele>4.2</ele>
        <time>2022-06-20T23:32:24Z</time>
      </trkpt>
      <trkpt lat="37.56931" lon="-122.11646">
        <ele>4.42</ele>
        <time>2022-06-20T23:32:25Z</time>
      </trkpt>
      <trkpt lat="37.56932" lon="-122.1165">
        <ele>4.66</ele>
        <time>2022-06-20T23:32:26Z</time>
      </trkpt>
      <trkpt lat="37.56934" lon="-122.11654">
        <ele>4.87</ele>
        <time>2022-06-20T23:32:27Z</time>
      </trkpt>
      <trkpt lat="37.56936" lon="-122.11658">
        <ele>4.85</ele>
        <time>2022-06-20T23:32:28Z</time>
      </trkpt>
      <trkpt lat="37.56937" lon="-122.11661">
        <ele>4.49</ele>
        <time>2022-06-20T23:32:29Z</time>
      </trkpt>
      <trkpt lat="37.56938" lon="-122.11665">
        <ele>4.13</ele>
        <time>2022-06-20T23:32:30Z</time>
      </trkpt>
      <trkpt lat="37.5694" lon="-122.11669">
        <ele>4.13</ele>
        <time>2022-06-20T23:32:31Z</time>
      </trkpt>
      <trkpt lat="37.56942" lon="-122.11674">
        <ele>4.58</ele>
        <time>2022-06-20T23:32:32Z</time>
      </trkpt>
      <trkpt lat="37.56943" lon="-122.11677">
        <ele>4.75</ele>
        <time>2022-06-20T23:32:33Z</time>
      </trkpt>
      <trkpt lat="37.56945" lon="-122.11681">
        <ele>4.42</ele>
        <time>2022-06-20T23:32:34Z</time>
      </trkpt>
      <trkpt lat="37.56946" lon="-122.11686">
        <ele>4.0</ele>
        <time>2022-06-20T23:32:35Z</time>
      </trkpt>
      <trkpt lat="37.56948" lon="-122.1169">
        <ele>4.0</ele>
        <time>2022-06-20T23:32:36Z</time>
      </trkpt>
      <trkpt lat="37.56949" lon="-122.11694">
        <ele>4.0</ele>
        <time>2022-06-20T23:32:37Z</time>
      </trkpt>
      <trkpt lat="37.5695" lon="-122.11698">
        <ele>4.0</ele>
        <time>2022-06-20T23:32:38Z</time>
      </trkpt>
      <trkpt lat="37.56952" lon="-122.11702">
        <ele>4.0</ele>
        <time>2022-06-20T23:32:39Z</time>
      </trkpt>
      <trkpt lat="37.56953" lon="-122.11705">
        <ele>3.99</ele>
        <time>2022-06-20T23:32:40Z</time>
      </trkpt>
      <trkpt lat="37.56955" lon="-122.11709">
        <ele>4.0</ele>
        <time>2022-06-20T23:32:41Z</time>
      </trkpt>
      <trkpt lat="37.56956" lon="-122.11713">
        <ele>4.0</ele>
        <time>2022-06-20T23:32:42Z</time>
      </trkpt>
      <trkpt lat="37.56957" lon="-122.11716">
        <ele>4.12</ele>
        <time>2022-06-20T23:32:43Z</time>
      </trkpt>
      <trkpt lat="37.56958" lon="-122.11719">
        <ele>4.3</ele>
        <time>2022-06-20T23:32:44Z</time>
      </trkpt>
      <trkpt lat="37.5696" lon="-122.11723">
        <ele>4.68</ele>
        <time>2022-06-20T23:32:45Z</time>
      </trkpt>
      <trkpt lat="37.56961" lon="-122.11727">
        <ele>4.79</ele>
        <time>2022-06-20T23:32:46Z</time>
      </trkpt>
      <trkpt lat="37.56963" lon="-122.11731">
        <ele>5.0</ele>
        <time>2022-06-20T23:32:47Z</time>
      </trkpt>
      <trkpt lat="37.56964" lon="-122.11735">
        <ele>4.55</ele>
        <time>2022-06-20T23:32:48Z</time>
      </trkpt>
      <trkpt lat="37.56965" lon="-122.11739">
        <ele>4.15</ele>
        <time>2022-06-20T23:32:49Z</time>
      </trkpt>
      <trkpt lat="37.56966" lon="-122.11743">
        <ele>4.08</ele>
        <time>2022-06-20T23:32:50Z</time>
      </trkpt>
      <trkpt lat="37.56967" lon="-122.11747">
        <ele>4.29</ele>
        <time>2022-06-20T23:32:51Z</time>
      </trkpt>
      <trkpt lat="37.56968" lon="-122.11751">
        <ele>4.54</ele>
        <time>2022-06-20T23:32:52Z</time>
      </trkpt>
      <trkpt lat="37.5697" lon="-122.11755">
        <ele>4.76</ele>
        <time>2022-06-20T23:32:53Z</time>
      </trkpt>
      <trkpt lat="37.56972" lon="-122.11763">
        <ele>4.58</ele>
        <time>2022-06-20T23:32:55Z</time>
      </trkpt>
      <trkpt lat="37.56974" lon="-122.1177">
        <ele>4.03</ele>
        <time>2022-06-20T23:32:57Z</time>
      </trkpt>
      <trkpt lat="37.56975" lon="-122.11774">
        <ele>4.18</ele>
        <time>2022-06-20T23:32:58Z</time>
      </trkpt>
      <trkpt lat="37.56977" lon="-122.11778">
        <ele>4.52</ele>
        <time>2022-06-20T23:32:59Z</time>
      </trkpt>
      <trkpt lat="37.56978" lon="-122.11783">
        <ele>4.62</ele>
        <time>2022-06-20T23:33:00Z</time>
      </trkpt>
      <trkpt lat="37.56979" lon="-122.11786">
        <ele>4.73</ele>
        <time>2022-06-20T23:33:01Z</time>
      </trkpt>
      <trkpt lat="37.5698" lon="-122.1179">
        <ele>4.84</ele>
        <time>2022-06-20T23:33:02Z</time>
      </trkpt>
      <trkpt lat="37.56981" lon="-122.11794">
        <ele>4.95</ele>
        <time>2022-06-20T23:33:03Z</time>
      </trkpt>
      <trkpt lat="37.56982" lon="-122.11799">
        <ele>4.67</ele>
        <time>2022-06-20T23:33:04Z</time>
      </trkpt>
      <trkpt lat="37.56983" lon="-122.11803">
        <ele>4.23</ele>
        <time>2022-06-20T23:33:05Z</time>
      </trkpt>
      <trkpt lat="37.56984" lon="-122.11807">
        <ele>4.0</ele>
        <time>2022-06-20T23:33:06Z</time>
      </trkpt>
      <trkpt lat="37.56985" lon="-122.11812">
        <ele>4.0</ele>
        <time>2022-06-20T23:33:07Z</time>
      </trkpt>
      <trkpt lat="37.56986" lon="-122.11816">
        <ele>4.06</ele>
        <time>2022-06-20T23:33:08Z</time>
      </trkpt>
      <trkpt lat="37.56987" lon="-122.1182">
        <ele>4.33</ele>
        <time>2022-06-20T23:33:09Z</time>
      </trkpt>
      <trkpt lat="37.56988" lon="-122.11824">
        <ele>4.7</ele>
        <time>2022-06-20T23:33:10Z</time>
      </trkpt>
      <trkpt lat="37.56989" lon="-122.11828">
        <ele>4.81</ele>
        <time>2022-06-20T23:33:11Z</time>
      </trkpt>
      <trkpt lat="37.56989" lon="-122.11834">
        <ele>4.75</ele>
        <time>2022-06-20T23:33:12Z</time>
      </trkpt>
      <trkpt lat="37.56991" lon="-122.11841">
        <ele>4.17</ele>
        <time>2022-06-20T23:33:14Z</time>
      </trkpt>
      <trkpt lat="37.56992" lon="-122.11845">
        <ele>4.0</ele>
        <time>2022-06-20T23:33:15Z</time>
      </trkpt>
      <trkpt lat="37.56993" lon="-122.1185">
        <ele>4.0</ele>
        <time>2022-06-20T23:33:16Z</time>
      </trkpt>
      <trkpt lat="37.56993" lon="-122.11854">
        <ele>4.0</ele>
        <time>2022-06-20T23:33:17Z</time>
      </trkpt>
      <trkpt lat="37.56994" lon="-122.11858">
        <ele>4.0</ele>
        <time>2022-06-20T23:33:18Z</time>
      </trkpt>
      <trkpt lat="37.56995" lon="-122.11863">
        <ele>4.0</ele>
        <time>2022-06-20T23:33:19Z</time>
      </trkpt>
      <trkpt lat="37.56995" lon="-122.11866">
        <ele>4.0</ele>
        <time>2022-06-20T23:33:20Z</time>
      </trkpt>
      <trkpt lat="37.56996" lon="-122.11873">
        <ele>4.0</ele>
        <time>2022-06-20T23:33:23Z</time>
      </trkpt>
      <trkpt lat="37.56997" lon="-122.11879">
        <ele>4.0</ele>
        <time>2022-06-20T23:33:23Z</time>
      </trkpt>
      <trkpt lat="37.56998" lon="-122.11884">
        <ele>4.0</ele>
        <time>2022-06-20T23:33:24Z</time>
      </trkpt>
      <trkpt lat="37.56998" lon="-122.11888">
        <ele>4.0</ele>
        <time>2022-06-20T23:33:25Z</time>
      </trkpt>
      <trkpt lat="37.56999" lon="-122.11891">
        <ele>4.0</ele>
        <time>2022-06-20T23:33:27Z</time>
      </trkpt>
      <trkpt lat="37.56999" lon="-122.11895">
        <ele>4.0</ele>
        <time>2022-06-20T23:33:28Z</time>
      </trkpt>
      <trkpt lat="37.57" lon="-122.11899">
        <ele>4.0</ele>
        <time>2022-06-20T23:33:28Z</time>
      </trkpt>
      <trkpt lat="37.57" lon="-122.11902">
        <ele>4.0</ele>
        <time>2022-06-20T23:33:29Z</time>
      </trkpt>
      <trkpt lat="37.57001" lon="-122.11907">
        <ele>4.0</ele>
        <time>2022-06-20T23:33:30Z</time>
      </trkpt>
      <trkpt lat="37.57001" lon="-122.11911">
        <ele>4.0</ele>
        <time>2022-06-20T23:33:32Z</time>
      </trkpt>
      <trkpt lat="37.57001" lon="-122.11915">
        <ele>4.0</ele>
        <time>2022-06-20T23:33:33Z</time>
      </trkpt>
      <trkpt lat="37.57002" lon="-122.11919">
        <ele>4.0</ele>
        <time>2022-06-20T23:33:33Z</time>
      </trkpt>
      <trkpt lat="37.57003" lon="-122.11923">
        <ele>4.0</ele>
        <time>2022-06-20T23:33:34Z</time>
      </trkpt>
      <trkpt lat="37.57003" lon="-122.11926">
        <ele>4.0</ele>
        <time>2022-06-20T23:33:35Z</time>
      </trkpt>
      <trkpt lat="37.57004" lon="-122.11934">
        <ele>4.0</ele>
        <time>2022-06-20T23:33:38Z</time>
      </trkpt>
      <trkpt lat="37.57004" lon="-122.11939">
        <ele>4.0</ele>
        <time>2022-06-20T23:33:38Z</time>
      </trkpt>
      <trkpt lat="37.57004" lon="-122.11945">
        <ele>4.0</ele>
        <time>2022-06-20T23:33:40Z</time>
      </trkpt>
      <trkpt lat="37.57005" lon="-122.11949">
        <ele>4.0</ele>
        <time>2022-06-20T23:33:41Z</time>
      </trkpt>
      <trkpt lat="37.57005" lon="-122.11954">
        <ele>4.0</ele>
        <time>2022-06-20T23:33:42Z</time>
      </trkpt>
      <trkpt lat="37.57005" lon="-122.11958">
        <ele>4.0</ele>
        <time>2022-06-20T23:33:43Z</time>
      </trkpt>
      <trkpt lat="37.57005" lon="-122.11962">
        <ele>4.0</ele>
        <time>2022-06-20T23:33:44Z</time>
      </trkpt>
      <trkpt lat="37.57006" lon="-122.11966">
        <ele>4.0</ele>
        <time>2022-06-20T23:33:45Z</time>
      </trkpt>
      <trkpt lat="37.57006" lon="-122.1197">
        <ele>4.0</ele>
        <time>2022-06-20T23:33:47Z</time>
      </trkpt>
      <trkpt lat="37.57006" lon="-122.11973">
        <ele>4.0</ele>
        <time>2022-06-20T23:33:48Z</time>
      </trkpt>
      <trkpt lat="37.57006" lon="-122.11978">
        <ele>4.0</ele>
        <time>2022-06-20T23:33:48Z</time>
      </trkpt>
      <trkpt lat="37.57006" lon="-122.11982">
        <ele>4.0</ele>
        <time>2022-06-20T23:33:49Z</time>
      </trkpt>
      <trkpt lat="37.57007" lon="-122.11986">
        <ele>4.0</ele>
        <time>2022-06-20T23:33:50Z</time>
      </trkpt>
      <trkpt lat="37.57007" lon="-122.1199">
        <ele>4.0</ele>
        <time>2022-06-20T23:33:51Z</time>
      </trkpt>
      <trkpt lat="37.57007" lon="-122.11995">
        <ele>4.0</ele>
        <time>2022-06-20T23:33:52Z</time>
      </trkpt>
      <trkpt lat="37.57007" lon="-122.11999">
        <ele>4.0</ele>
        <time>2022-06-20T23:33:53Z</time>
      </trkpt>
      <trkpt lat="37.57007" lon="-122.12003">
        <ele>4.0</ele>
        <time>2022-06-20T23:33:54Z</time>
      </trkpt>
      <trkpt lat="37.57007" lon="-122.12007">
        <ele>4.0</ele>
        <time>2022-06-20T23:33:55Z</time>
      </trkpt>
      <trkpt lat="37.57007" lon="-122.12011">
        <ele>4.0</ele>
        <time>2022-06-20T23:33:56Z</time>
      </trkpt>
      <trkpt lat="37.57006" lon="-122.12015">
        <ele>4.0</ele>
        <time>2022-06-20T23:33:58Z</time>
      </trkpt>
      <trkpt lat="37.57006" lon="-122.1202">
        <ele>4.0</ele>
        <time>2022-06-20T23:33:58Z</time>
      </trkpt>
      <trkpt lat="37.57006" lon="-122.12024">
        <ele>4.0</ele>
        <time>2022-06-20T23:33:59Z</time>
      </trkpt>
      <trkpt lat="37.57006" lon="-122.12028">
        <ele>4.0</ele>
        <time>2022-06-20T23:34:00Z</time>
      </trkpt>
      <trkpt lat="37.57005" lon="-122.12032">
        <ele>4.0</ele>
        <time>2022-06-20T23:34:01Z</time>
      </trkpt>
      <trkpt lat="37.57005" lon="-122.12036">
        <ele>4.0</ele>
        <time>2022-06-20T23:34:03Z</time>
      </trkpt>
      <trkpt lat="37.57005" lon="-122.12042">
        <ele>4.0</ele>
        <time>2022-06-20T23:34:03Z</time>
      </trkpt>
      <trkpt lat="37.57005" lon="-122.12045">
        <ele>4.0</ele>
        <time>2022-06-20T23:34:04Z</time>
      </trkpt>
      <trkpt lat="37.57005" lon="-122.12053">
        <ele>4.0</ele>
        <time>2022-06-20T23:34:06Z</time>
      </trkpt>
      <trkpt lat="37.57004" lon="-122.12057">
        <ele>4.0</ele>
        <time>2022-06-20T23:34:07Z</time>
      </trkpt>
      <trkpt lat="37.57004" lon="-122.12062">
        <ele>4.0</ele>
        <time>2022-06-20T23:34:08Z</time>
      </trkpt>
      <trkpt lat="37.57003" lon="-122.12065">
        <ele>4.0</ele>
        <time>2022-06-20T23:34:09Z</time>
      </trkpt>
      <trkpt lat="37.57003" lon="-122.12069">
        <ele>4.0</ele>
        <time>2022-06-20T23:34:10Z</time>
      </trkpt>
      <trkpt lat="37.57003" lon="-122.12073">
        <ele>4.0</ele>
        <time>2022-06-20T23:34:11Z</time>
      </trkpt>
      <trkpt lat="37.57003" lon="-122.12077">
        <ele>4.0</ele>
        <time>2022-06-20T23:34:13Z</time>
      </trkpt>
      <trkpt lat="37.57003" lon="-122.12082">
        <ele>4.0</ele>
        <time>2022-06-20T23:34:13Z</time>
      </trkpt>
      <trkpt lat="37.57002" lon="-122.12087">
        <ele>4.0</ele>
        <time>2022-06-20T23:34:14Z</time>
      </trkpt>
      <trkpt lat="37.57002" lon="-122.12091">
        <ele>4.0</ele>
        <time>2022-06-20T23:34:15Z</time>
      </trkpt>
      <trkpt lat="37.57001" lon="-122.12094">
        <ele>4.0</ele>
        <time>2022-06-20T23:34:16Z</time>
      </trkpt>
      <trkpt lat="37.57001" lon="-122.12099">
        <ele>4.0</ele>
        <time>2022-06-20T23:34:18Z</time>
      </trkpt>
      <trkpt lat="37.57" lon="-122.12104">
        <ele>4.0</ele>
        <time>2022-06-20T23:34:18Z</time>
      </trkpt>
      <trkpt lat="37.57" lon="-122.12109">
        <ele>4.0</ele>
        <time>2022-06-20T23:34:19Z</time>
      </trkpt>
      <trkpt lat="37.57" lon="-122.12113">
        <ele>4.0</ele>
        <time>2022-06-20T23:34:20Z</time>
      </trkpt>
      <trkpt lat="37.56999" lon="-122.12119">
        <ele>4.0</ele>
        <time>2022-06-20T23:34:23Z</time>
      </trkpt>
      <trkpt lat="37.56998" lon="-122.12125">
        <ele>4.0</ele>
        <time>2022-06-20T23:34:23Z</time>
      </trkpt>
      <trkpt lat="37.56998" lon="-122.12128">
        <ele>4.0</ele>
        <time>2022-06-20T23:34:24Z</time>
      </trkpt>
      <trkpt lat="37.56997" lon="-122.12133">
        <ele>4.0</ele>
        <time>2022-06-20T23:34:25Z</time>
      </trkpt>
      <trkpt lat="37.56996" lon="-122.1214">
        <ele>4.0</ele>
        <time>2022-06-20T23:34:28Z</time>
      </trkpt>
      <trkpt lat="37.56995" lon="-122.12145">
        <ele>4.0</ele>
        <time>2022-06-20T23:34:28Z</time>
      </trkpt>
      <trkpt lat="37.56994" lon="-122.12149">
        <ele>4.0</ele>
        <time>2022-06-20T23:34:29Z</time>
      </trkpt>
      <trkpt lat="37.56994" lon="-122.12153">
        <ele>4.0</ele>
        <time>2022-06-20T23:34:30Z</time>
      </trkpt>
      <trkpt lat="37.56993" lon="-122.12157">
        <ele>4.0</ele>
        <time>2022-06-20T23:34:31Z</time>
      </trkpt>
      <trkpt lat="37.56993" lon="-122.12161">
        <ele>4.0</ele>
        <time>2022-06-20T23:34:33Z</time>
      </trkpt>
      <trkpt lat="37.56992" lon="-122.12165">
        <ele>4.0</ele>
        <time>2022-06-20T23:34:33Z</time>
      </trkpt>
      <trkpt lat="37.56991" lon="-122.12169">
        <ele>4.0</ele>
        <time>2022-06-20T23:34:34Z</time>
      </trkpt>
      <trkpt lat="37.5699" lon="-122.12173">
        <ele>3.97</ele>
        <time>2022-06-20T23:34:35Z</time>
      </trkpt>
      <trkpt lat="37.56989" lon="-122.12176">
        <ele>4.0</ele>
        <time>2022-06-20T23:34:36Z</time>
      </trkpt>
      <trkpt lat="37.56989" lon="-122.1218">
        <ele>4.0</ele>
        <time>2022-06-20T23:34:38Z</time>
      </trkpt>
      <trkpt lat="37.56988" lon="-122.12184">
        <ele>4.0</ele>
        <time>2022-06-20T23:34:38Z</time>
      </trkpt>
      <trkpt lat="37.56987" lon="-122.12188">
        <ele>4.0</ele>
        <time>2022-06-20T23:34:39Z</time>
      </trkpt>
      <trkpt lat="37.56986" lon="-122.12191">
        <ele>4.0</ele>
        <time>2022-06-20T23:34:40Z</time>
      </trkpt>
      <trkpt lat="37.56985" lon="-122.12198">
        <ele>4.0</ele>
        <time>2022-06-20T23:34:43Z</time>
      </trkpt>
      <trkpt lat="37.56983" lon="-122.12203">
        <ele>4.0</ele>
        <time>2022-06-20T23:34:43Z</time>
      </trkpt>
      <trkpt lat="37.56982" lon="-122.12207">
        <ele>4.0</ele>
        <time>2022-06-20T23:34:44Z</time>
      </trkpt>
      <trkpt lat="37.56981" lon="-122.12212">
        <ele>3.95</ele>
        <time>2022-06-20T23:34:45Z</time>
      </trkpt>
      <trkpt lat="37.5698" lon="-122.12219">
        <ele>3.84</ele>
        <time>2022-06-20T23:34:48Z</time>
      </trkpt>
      <trkpt lat="37.56979" lon="-122.12224">
        <ele>3.73</ele>
        <time>2022-06-20T23:34:48Z</time>
      </trkpt>
      <trkpt lat="37.56978" lon="-122.12228">
        <ele>3.62</ele>
        <time>2022-06-20T23:34:49Z</time>
      </trkpt>
      <trkpt lat="37.56977" lon="-122.12232">
        <ele>3.54</ele>
        <time>2022-06-20T23:34:50Z</time>
      </trkpt>
      <trkpt lat="37.56976" lon="-122.12236">
        <ele>3.7</ele>
        <time>2022-06-20T23:34:51Z</time>
      </trkpt>
      <trkpt lat="37.56975" lon="-122.1224">
        <ele>3.94</ele>
        <time>2022-06-20T23:34:53Z</time>
      </trkpt>
      <trkpt lat="37.56973" lon="-122.12245">
        <ele>4.0</ele>
        <time>2022-06-20T23:34:53Z</time>
      </trkpt>
      <trkpt lat="37.56972" lon="-122.12249">
        <ele>3.98</ele>
        <time>2022-06-20T23:34:54Z</time>
      </trkpt>
      <trkpt lat="37.56971" lon="-122.12254">
        <ele>3.87</ele>
        <time>2022-06-20T23:34:55Z</time>
      </trkpt>
      <trkpt lat="37.56969" lon="-122.12258">
        <ele>3.65</ele>
        <time>2022-06-20T23:34:56Z</time>
      </trkpt>
      <trkpt lat="37.56968" lon="-122.12262">
        <ele>3.68</ele>
        <time>2022-06-20T23:34:57Z</time>
      </trkpt>
      <trkpt lat="37.56967" lon="-122.12265">
        <ele>3.79</ele>
        <time>2022-06-20T23:34:58Z</time>
      </trkpt>
      <trkpt lat="37.56965" lon="-122.12268">
        <ele>3.96</ele>
        <time>2022-06-20T23:34:59Z</time>
      </trkpt>
      <trkpt lat="37.56964" lon="-122.12272">
        <ele>4.0</ele>
        <time>2022-06-20T23:35:00Z</time>
      </trkpt>
      <trkpt lat="37.56963" lon="-122.12276">
        <ele>4.0</ele>
        <time>2022-06-20T23:35:01Z</time>
      </trkpt>
      <trkpt lat="37.56962" lon="-122.12279">
        <ele>3.9</ele>
        <time>2022-06-20T23:35:02Z</time>
      </trkpt>
      <trkpt lat="37.5696" lon="-122.12283">
        <ele>3.68</ele>
        <time>2022-06-20T23:35:03Z</time>
      </trkpt>
      <trkpt lat="37.56959" lon="-122.12287">
        <ele>3.57</ele>
        <time>2022-06-20T23:35:04Z</time>
      </trkpt>
      <trkpt lat="37.56958" lon="-122.12291">
        <ele>3.69</ele>
        <time>2022-06-20T23:35:05Z</time>
      </trkpt>
      <trkpt lat="37.56956" lon="-122.12295">
        <ele>3.89</ele>
        <time>2022-06-20T23:35:06Z</time>
      </trkpt>
      <trkpt lat="37.56955" lon="-122.12299">
        <ele>3.96</ele>
        <time>2022-06-20T23:35:07Z</time>
      </trkpt>
      <trkpt lat="37.56954" lon="-122.12303">
        <ele>3.98</ele>
        <time>2022-06-20T23:35:08Z</time>
      </trkpt>
      <trkpt lat="37.56952" lon="-122.12307">
        <ele>3.82</ele>
        <time>2022-06-20T23:35:09Z</time>
      </trkpt>
      <trkpt lat="37.56951" lon="-122.12311">
        <ele>3.71</ele>
        <time>2022-06-20T23:35:10Z</time>
      </trkpt>
      <trkpt lat="37.5695" lon="-122.12315">
        <ele>3.61</ele>
        <time>2022-06-20T23:35:11Z</time>
      </trkpt>
      <trkpt lat="37.56948" lon="-122.12319">
        <ele>3.66</ele>
        <time>2022-06-20T23:35:12Z</time>
      </trkpt>
      <trkpt lat="37.56947" lon="-122.12324">
        <ele>3.99</ele>
        <time>2022-06-20T23:35:13Z</time>
      </trkpt>
      <trkpt lat="37.56946" lon="-122.12327">
        <ele>3.95</ele>
        <time>2022-06-20T23:35:14Z</time>
      </trkpt>
      <trkpt lat="37.56945" lon="-122.1233">
        <ele>3.96</ele>
        <time>2022-06-20T23:35:15Z</time>
      </trkpt>
      <trkpt lat="37.56943" lon="-122.12335">
        <ele>3.84</ele>
        <time>2022-06-20T23:35:17Z</time>
      </trkpt>
      <trkpt lat="37.56946" lon="-122.12335">
        <ele>3.83</ele>
        <time>2022-06-20T23:37:11Z</time>
      </trkpt>
      <trkpt lat="37.56943" lon="-122.12335">
        <ele>3.84</ele>
        <time>2022-06-20T23:38:02Z</time>
      </trkpt>
      <trkpt lat="37.56941" lon="-122.12337">
        <ele>3.63</ele>
        <time>2022-06-20T23:38:05Z</time>
      </trkpt>
      <trkpt lat="37.56939" lon="-122.12341">
        <ele>3.41</ele>
        <time>2022-06-20T23:38:07Z</time>
      </trkpt>
      <trkpt lat="37.56937" lon="-122.12347">
        <ele>3.58</ele>
        <time>2022-06-20T23:38:09Z</time>
      </trkpt>
      <trkpt lat="37.56934" lon="-122.12353">
        <ele>3.87</ele>
        <time>2022-06-20T23:38:11Z</time>
      </trkpt>
      <trkpt lat="37.56932" lon="-122.12357">
        <ele>3.66</ele>
        <time>2022-06-20T23:38:12Z</time>
      </trkpt>
      <trkpt lat="37.5693" lon="-122.12362">
        <ele>3.49</ele>
        <time>2022-06-20T23:38:13Z</time>
      </trkpt>
      <trkpt lat="37.56928" lon="-122.12365">
        <ele>3.55</ele>
        <time>2022-06-20T23:38:14Z</time>
      </trkpt>
      <trkpt lat="37.56926" lon="-122.1237">
        <ele>3.96</ele>
        <time>2022-06-20T23:38:15Z</time>
      </trkpt>
      <trkpt lat="37.56924" lon="-122.12374">
        <ele>3.79</ele>
        <time>2022-06-20T23:38:16Z</time>
      </trkpt>
      <trkpt lat="37.56922" lon="-122.1238">
        <ele>3.59</ele>
        <time>2022-06-20T23:38:17Z</time>
      </trkpt>
      <trkpt lat="37.5692" lon="-122.12383">
        <ele>3.59</ele>
        <time>2022-06-20T23:38:18Z</time>
      </trkpt>
      <trkpt lat="37.56918" lon="-122.12387">
        <ele>3.83</ele>
        <time>2022-06-20T23:38:19Z</time>
      </trkpt>
      <trkpt lat="37.56916" lon="-122.12392">
        <ele>3.93</ele>
        <time>2022-06-20T23:38:20Z</time>
      </trkpt>
      <trkpt lat="37.56913" lon="-122.12397">
        <ele>3.6</ele>
        <time>2022-06-20T23:38:21Z</time>
      </trkpt>
      <trkpt lat="37.56911" lon="-122.12402">
        <ele>3.48</ele>
        <time>2022-06-20T23:38:22Z</time>
      </trkpt>
      <trkpt lat="37.56909" lon="-122.12405">
        <ele>3.66</ele>
        <time>2022-06-20T23:38:23Z</time>
      </trkpt>
      <trkpt lat="37.56907" lon="-122.12409">
        <ele>3.96</ele>
        <time>2022-06-20T23:38:24Z</time>
      </trkpt>
      <trkpt lat="37.56904" lon="-122.12414">
        <ele>3.63</ele>
        <time>2022-06-20T23:38:25Z</time>
      </trkpt>
      <trkpt lat="37.56901" lon="-122.12418">
        <ele>3.36</ele>
        <time>2022-06-20T23:38:26Z</time>
      </trkpt>
      <trkpt lat="37.56898" lon="-122.12423">
        <ele>3.67</ele>
        <time>2022-06-20T23:38:27Z</time>
      </trkpt>
      <trkpt lat="37.56896" lon="-122.12427">
        <ele>3.77</ele>
        <time>2022-06-20T23:38:28Z</time>
      </trkpt>
      <trkpt lat="37.56894" lon="-122.12432">
        <ele>3.55</ele>
        <time>2022-06-20T23:38:29Z</time>
      </trkpt>
      <trkpt lat="37.56891" lon="-122.12435">
        <ele>3.23</ele>
        <time>2022-06-20T23:38:30Z</time>
      </trkpt>
      <trkpt lat="37.56889" lon="-122.12439">
        <ele>3.41</ele>
        <time>2022-06-20T23:38:31Z</time>
      </trkpt>
      <trkpt lat="37.56886" lon="-122.12445">
        <ele>3.71</ele>
        <time>2022-06-20T23:38:32Z</time>
      </trkpt>
      <trkpt lat="37.56884" lon="-122.12448">
        <ele>3.67</ele>
        <time>2022-06-20T23:38:33Z</time>
      </trkpt>
      <trkpt lat="37.56881" lon="-122.12453">
        <ele>3.94</ele>
        <time>2022-06-20T23:38:34Z</time>
      </trkpt>
      <trkpt lat="37.56879" lon="-122.12457">
        <ele>3.96</ele>
        <time>2022-06-20T23:38:35Z</time>
      </trkpt>
      <trkpt lat="37.56877" lon="-122.1246">
        <ele>3.91</ele>
        <time>2022-06-20T23:38:36Z</time>
      </trkpt>
      <trkpt lat="37.56874" lon="-122.12464">
        <ele>3.96</ele>
        <time>2022-06-20T23:38:37Z</time>
      </trkpt>
      <trkpt lat="37.56872" lon="-122.12468">
        <ele>3.9</ele>
        <time>2022-06-20T23:38:38Z</time>
      </trkpt>
      <trkpt lat="37.56869" lon="-122.12471">
        <ele>3.85</ele>
        <time>2022-06-20T23:38:39Z</time>
      </trkpt>
      <trkpt lat="37.56867" lon="-122.12476">
        <ele>3.64</ele>
        <time>2022-06-20T23:38:40Z</time>
      </trkpt>
      <trkpt lat="37.56864" lon="-122.12479">
        <ele>3.31</ele>
        <time>2022-06-20T23:38:42Z</time>
      </trkpt>
      <trkpt lat="37.56861" lon="-122.12484">
        <ele>3.27</ele>
        <time>2022-06-20T23:38:43Z</time>
      </trkpt>
      <trkpt lat="37.56857" lon="-122.12488">
        <ele>3.39</ele>
        <time>2022-06-20T23:38:45Z</time>
      </trkpt>
      <trkpt lat="37.56852" lon="-122.12494">
        <ele>3.36</ele>
        <time>2022-06-20T23:38:47Z</time>
      </trkpt>
      <trkpt lat="37.56845" lon="-122.12505">
        <ele>3.52</ele>
        <time>2022-06-20T23:38:48Z</time>
      </trkpt>
      <trkpt lat="37.56841" lon="-122.12511">
        <ele>3.7</ele>
        <time>2022-06-20T23:38:48Z</time>
      </trkpt>
      <trkpt lat="37.56837" lon="-122.12515">
        <ele>3.52</ele>
        <time>2022-06-20T23:38:49Z</time>
      </trkpt>
      <trkpt lat="37.56834" lon="-122.12519">
        <ele>3.93</ele>
        <time>2022-06-20T23:38:50Z</time>
      </trkpt>
      <trkpt lat="37.5683" lon="-122.12523">
        <ele>3.81</ele>
        <time>2022-06-20T23:38:51Z</time>
      </trkpt>
      <trkpt lat="37.56827" lon="-122.12527">
        <ele>3.94</ele>
        <time>2022-06-20T23:38:52Z</time>
      </trkpt>
      <trkpt lat="37.56824" lon="-122.12531">
        <ele>3.99</ele>
        <time>2022-06-20T23:38:53Z</time>
      </trkpt>
      <trkpt lat="37.56821" lon="-122.12536">
        <ele>3.96</ele>
        <time>2022-06-20T23:38:56Z</time>
      </trkpt>
      <trkpt lat="37.56815" lon="-122.12541">
        <ele>3.99</ele>
        <time>2022-06-20T23:38:56Z</time>
      </trkpt>
      <trkpt lat="37.56811" lon="-122.12545">
        <ele>3.59</ele>
        <time>2022-06-20T23:38:58Z</time>
      </trkpt>
      <trkpt lat="37.56807" lon="-122.12549">
        <ele>3.36</ele>
        <time>2022-06-20T23:38:58Z</time>
      </trkpt>
      <trkpt lat="37.56804" lon="-122.12553">
        <ele>3.72</ele>
        <time>2022-06-20T23:38:59Z</time>
      </trkpt>
      <trkpt lat="37.568" lon="-122.12557">
        <ele>3.94</ele>
        <time>2022-06-20T23:39:00Z</time>
      </trkpt>
      <trkpt lat="37.56797" lon="-122.12561">
        <ele>3.96</ele>
        <time>2022-06-20T23:39:01Z</time>
      </trkpt>
      <trkpt lat="37.56794" lon="-122.12565">
        <ele>3.74</ele>
        <time>2022-06-20T23:39:02Z</time>
      </trkpt>
      <trkpt lat="37.5679" lon="-122.12569">
        <ele>3.48</ele>
        <time>2022-06-20T23:39:03Z</time>
      </trkpt>
      <trkpt lat="37.56786" lon="-122.12573">
        <ele>3.78</ele>
        <time>2022-06-20T23:39:04Z</time>
      </trkpt>
      <trkpt lat="37.56783" lon="-122.12576">
        <ele>3.54</ele>
        <time>2022-06-20T23:39:05Z</time>
      </trkpt>
      <trkpt lat="37.56779" lon="-122.1258">
        <ele>3.6</ele>
        <time>2022-06-20T23:39:06Z</time>
      </trkpt>
      <trkpt lat="37.56775" lon="-122.12583">
        <ele>3.67</ele>
        <time>2022-06-20T23:39:07Z</time>
      </trkpt>
      <trkpt lat="37.56771" lon="-122.12586">
        <ele>3.4</ele>
        <time>2022-06-20T23:39:08Z</time>
      </trkpt>
      <trkpt lat="37.56767" lon="-122.12589">
        <ele>3.51</ele>
        <time>2022-06-20T23:39:09Z</time>
      </trkpt>
      <trkpt lat="37.56763" lon="-122.12592">
        <ele>3.38</ele>
        <time>2022-06-20T23:39:10Z</time>
      </trkpt>
      <trkpt lat="37.56759" lon="-122.12596">
        <ele>3.36</ele>
        <time>2022-06-20T23:39:11Z</time>
      </trkpt>
      <trkpt lat="37.56755" lon="-122.12599">
        <ele>3.37</ele>
        <time>2022-06-20T23:39:12Z</time>
      </trkpt>
      <trkpt lat="37.56751" lon="-122.12602">
        <ele>3.12</ele>
        <time>2022-06-20T23:39:13Z</time>
      </trkpt>
      <trkpt lat="37.56747" lon="-122.12606">
        <ele>3.45</ele>
        <time>2022-06-20T23:39:14Z</time>
      </trkpt>
      <trkpt lat="37.56743" lon="-122.12609">
        <ele>3.77</ele>
        <time>2022-06-20T23:39:15Z</time>
      </trkpt>
      <trkpt lat="37.56739" lon="-122.12613">
        <ele>3.68</ele>
        <time>2022-06-20T23:39:16Z</time>
      </trkpt>
      <trkpt lat="37.56735" lon="-122.12616">
        <ele>3.51</ele>
        <time>2022-06-20T23:39:17Z</time>
      </trkpt>
      <trkpt lat="37.56731" lon="-122.1262">
        <ele>3.91</ele>
        <time>2022-06-20T23:39:18Z</time>
      </trkpt>
      <trkpt lat="37.56727" lon="-122.12623">
        <ele>3.51</ele>
        <time>2022-06-20T23:39:19Z</time>
      </trkpt>
      <trkpt lat="37.56723" lon="-122.12627">
        <ele>3.68</ele>
        <time>2022-06-20T23:39:20Z</time>
      </trkpt>
      <trkpt lat="37.56719" lon="-122.1263">
        <ele>3.64</ele>
        <time>2022-06-20T23:39:21Z</time>
      </trkpt>
      <trkpt lat="37.56715" lon="-122.12633">
        <ele>3.42</ele>
        <time>2022-06-20T23:39:22Z</time>
      </trkpt>
      <trkpt lat="37.56711" lon="-122.12637">
        <ele>3.63</ele>
        <time>2022-06-20T23:39:23Z</time>
      </trkpt>
      <trkpt lat="37.56707" lon="-122.1264">
        <ele>3.39</ele>
        <time>2022-06-20T23:39:24Z</time>
      </trkpt>
      <trkpt lat="37.56703" lon="-122.12644">
        <ele>3.51</ele>
        <time>2022-06-20T23:39:25Z</time>
      </trkpt>
      <trkpt lat="37.567" lon="-122.12647">
        <ele>3.53</ele>
        <time>2022-06-20T23:39:26Z</time>
      </trkpt>
      <trkpt lat="37.56695" lon="-122.1265">
        <ele>3.24</ele>
        <time>2022-06-20T23:39:27Z</time>
      </trkpt>
      <trkpt lat="37.56691" lon="-122.12654">
        <ele>3.63</ele>
        <time>2022-06-20T23:39:28Z</time>
      </trkpt>
      <trkpt lat="37.56687" lon="-122.12657">
        <ele>3.96</ele>
        <time>2022-06-20T23:39:29Z</time>
      </trkpt>
      <trkpt lat="37.56683" lon="-122.1266">
        <ele>3.62</ele>
        <time>2022-06-20T23:39:30Z</time>
      </trkpt>
      <trkpt lat="37.56679" lon="-122.12663">
        <ele>3.53</ele>
        <time>2022-06-20T23:39:31Z</time>
      </trkpt>
      <trkpt lat="37.56674" lon="-122.12666">
        <ele>3.72</ele>
        <time>2022-06-20T23:39:32Z</time>
      </trkpt>
      <trkpt lat="37.5667" lon="-122.1267">
        <ele>3.46</ele>
        <time>2022-06-20T23:39:33Z</time>
      </trkpt>
      <trkpt lat="37.56666" lon="-122.12673">
        <ele>3.63</ele>
        <time>2022-06-20T23:39:34Z</time>
      </trkpt>
      <trkpt lat="37.56662" lon="-122.12676">
        <ele>3.5</ele>
        <time>2022-06-20T23:39:35Z</time>
      </trkpt>
      <trkpt lat="37.56658" lon="-122.12679">
        <ele>3.35</ele>
        <time>2022-06-20T23:39:36Z</time>
      </trkpt>
      <trkpt lat="37.56655" lon="-122.12683">
        <ele>3.57</ele>
        <time>2022-06-20T23:39:37Z</time>
      </trkpt>
      <trkpt lat="37.56651" lon="-122.12687">
        <ele>3.38</ele>
        <time>2022-06-20T23:39:38Z</time>
      </trkpt>
      <trkpt lat="37.56647" lon="-122.1269">
        <ele>3.46</ele>
        <time>2022-06-20T23:39:39Z</time>
      </trkpt>
      <trkpt lat="37.56643" lon="-122.12693">
        <ele>3.37</ele>
        <time>2022-06-20T23:39:40Z</time>
      </trkpt>
      <trkpt lat="37.56639" lon="-122.12696">
        <ele>3.01</ele>
        <time>2022-06-20T23:39:41Z</time>
      </trkpt>
      <trkpt lat="37.56635" lon="-122.127">
        <ele>3.0</ele>
        <time>2022-06-20T23:39:42Z</time>
      </trkpt>
      <trkpt lat="37.56631" lon="-122.12704">
        <ele>3.0</ele>
        <time>2022-06-20T23:39:43Z</time>
      </trkpt>
      <trkpt lat="37.56627" lon="-122.12707">
        <ele>3.1</ele>
        <time>2022-06-20T23:39:44Z</time>
      </trkpt>
      <trkpt lat="37.56623" lon="-122.12711">
        <ele>3.56</ele>
        <time>2022-06-20T23:39:45Z</time>
      </trkpt>
      <trkpt lat="37.56618" lon="-122.12714">
        <ele>3.69</ele>
        <time>2022-06-20T23:39:46Z</time>
      </trkpt>
      <trkpt lat="37.56614" lon="-122.12717">
        <ele>3.48</ele>
        <time>2022-06-20T23:39:47Z</time>
      </trkpt>
      <trkpt lat="37.5661" lon="-122.1272">
        <ele>3.67</ele>
        <time>2022-06-20T23:39:48Z</time>
      </trkpt>
      <trkpt lat="37.56606" lon="-122.12724">
        <ele>3.47</ele>
        <time>2022-06-20T23:39:49Z</time>
      </trkpt>
      <trkpt lat="37.56602" lon="-122.12727">
        <ele>3.52</ele>
        <time>2022-06-20T23:39:50Z</time>
      </trkpt>
      <trkpt lat="37.56598" lon="-122.1273">
        <ele>3.42</ele>
        <time>2022-06-20T23:39:51Z</time>
      </trkpt>
      <trkpt lat="37.56594" lon="-122.12734">
        <ele>3.11</ele>
        <time>2022-06-20T23:39:52Z</time>
      </trkpt>
      <trkpt lat="37.5659" lon="-122.12737">
        <ele>3.0</ele>
        <time>2022-06-20T23:39:53Z</time>
      </trkpt>
      <trkpt lat="37.56585" lon="-122.12741">
        <ele>3.0</ele>
        <time>2022-06-20T23:39:54Z</time>
      </trkpt>
      <trkpt lat="37.56581" lon="-122.12744">
        <ele>3.0</ele>
        <time>2022-06-20T23:39:55Z</time>
      </trkpt>
      <trkpt lat="37.56577" lon="-122.12748">
        <ele>3.0</ele>
        <time>2022-06-20T23:39:56Z</time>
      </trkpt>
      <trkpt lat="37.56573" lon="-122.12751">
        <ele>3.01</ele>
        <time>2022-06-20T23:39:57Z</time>
      </trkpt>
      <trkpt lat="37.56569" lon="-122.12755">
        <ele>3.3</ele>
        <time>2022-06-20T23:39:58Z</time>
      </trkpt>
      <trkpt lat="37.56565" lon="-122.12758">
        <ele>3.85</ele>
        <time>2022-06-20T23:39:59Z</time>
      </trkpt>
      <trkpt lat="37.56561" lon="-122.12762">
        <ele>3.54</ele>
        <time>2022-06-20T23:40:00Z</time>
      </trkpt>
      <trkpt lat="37.56557" lon="-122.12765">
        <ele>3.58</ele>
        <time>2022-06-20T23:40:01Z</time>
      </trkpt>
      <trkpt lat="37.56553" lon="-122.12768">
        <ele>3.67</ele>
        <time>2022-06-20T23:40:02Z</time>
      </trkpt>
      <trkpt lat="37.56551" lon="-122.1277">
        <ele>3.51</ele>
        <time>2022-06-20T23:40:03Z</time>
      </trkpt>
      <trkpt lat="37.56548" lon="-122.12773">
        <ele>3.49</ele>
        <time>2022-06-20T23:40:04Z</time>
      </trkpt>
      <trkpt lat="37.56544" lon="-122.12775">
        <ele>3.45</ele>
        <time>2022-06-20T23:40:05Z</time>
      </trkpt>
      <trkpt lat="37.5654" lon="-122.12778">
        <ele>3.33</ele>
        <time>2022-06-20T23:40:06Z</time>
      </trkpt>
      <trkpt lat="37.56537" lon="-122.12781">
        <ele>3.34</ele>
        <time>2022-06-20T23:40:08Z</time>
      </trkpt>
      <trkpt lat="37.56534" lon="-122.12783">
        <ele>3.24</ele>
        <time>2022-06-20T23:40:09Z</time>
      </trkpt>
      <trkpt lat="37.5653" lon="-122.12785">
        <ele>3.02</ele>
        <time>2022-06-20T23:40:11Z</time>
      </trkpt>
      <trkpt lat="37.56527" lon="-122.12788">
        <ele>3.0</ele>
        <time>2022-06-20T23:40:11Z</time>
      </trkpt>
      <trkpt lat="37.56523" lon="-122.12791">
        <ele>3.0</ele>
        <time>2022-06-20T23:40:11Z</time>
      </trkpt>
      <trkpt lat="37.5652" lon="-122.12795">
        <ele>3.0</ele>
        <time>2022-06-20T23:40:12Z</time>
      </trkpt>
      <trkpt lat="37.56517" lon="-122.12797">
        <ele>3.0</ele>
        <time>2022-06-20T23:40:13Z</time>
      </trkpt>
      <trkpt lat="37.56513" lon="-122.12801">
        <ele>3.0</ele>
        <time>2022-06-20T23:40:14Z</time>
      </trkpt>
      <trkpt lat="37.56509" lon="-122.12804">
        <ele>3.0</ele>
        <time>2022-06-20T23:40:15Z</time>
      </trkpt>
      <trkpt lat="37.56506" lon="-122.12806">
        <ele>3.02</ele>
        <time>2022-06-20T23:40:17Z</time>
      </trkpt>
      <trkpt lat="37.565" lon="-122.12811">
        <ele>3.59</ele>
        <time>2022-06-20T23:40:17Z</time>
      </trkpt>
      <trkpt lat="37.56496" lon="-122.12815">
        <ele>3.57</ele>
        <time>2022-06-20T23:40:18Z</time>
      </trkpt>
      <trkpt lat="37.56492" lon="-122.12818">
        <ele>3.39</ele>
        <time>2022-06-20T23:40:19Z</time>
      </trkpt>
      <trkpt lat="37.56488" lon="-122.12821">
        <ele>3.37</ele>
        <time>2022-06-20T23:40:20Z</time>
      </trkpt>
      <trkpt lat="37.56484" lon="-122.12824">
        <ele>3.26</ele>
        <time>2022-06-20T23:40:21Z</time>
      </trkpt>
      <trkpt lat="37.5648" lon="-122.12828">
        <ele>2.91</ele>
        <time>2022-06-20T23:40:22Z</time>
      </trkpt>
      <trkpt lat="37.56476" lon="-122.12831">
        <ele>2.85</ele>
        <time>2022-06-20T23:40:23Z</time>
      </trkpt>
      <trkpt lat="37.56472" lon="-122.12835">
        <ele>2.98</ele>
        <time>2022-06-20T23:40:24Z</time>
      </trkpt>
      <trkpt lat="37.56468" lon="-122.12838">
        <ele>2.77</ele>
        <time>2022-06-20T23:40:25Z</time>
      </trkpt>
      <trkpt lat="37.56463" lon="-122.12841">
        <ele>2.83</ele>
        <time>2022-06-20T23:40:26Z</time>
      </trkpt>
      <trkpt lat="37.56459" lon="-122.12845">
        <ele>2.79</ele>
        <time>2022-06-20T23:40:27Z</time>
      </trkpt>
      <trkpt lat="37.56456" lon="-122.12848">
        <ele>3.13</ele>
        <time>2022-06-20T23:40:28Z</time>
      </trkpt>
      <trkpt lat="37.56452" lon="-122.12851">
        <ele>3.65</ele>
        <time>2022-06-20T23:40:29Z</time>
      </trkpt>
      <trkpt lat="37.56448" lon="-122.12854">
        <ele>3.44</ele>
        <time>2022-06-20T23:40:30Z</time>
      </trkpt>
      <trkpt lat="37.56444" lon="-122.12858">
        <ele>3.62</ele>
        <time>2022-06-20T23:40:31Z</time>
      </trkpt>
      <trkpt lat="37.5644" lon="-122.12861">
        <ele>3.51</ele>
        <time>2022-06-20T23:40:32Z</time>
      </trkpt>
      <trkpt lat="37.56436" lon="-122.12864">
        <ele>3.06</ele>
        <time>2022-06-20T23:40:33Z</time>
      </trkpt>
      <trkpt lat="37.56432" lon="-122.12867">
        <ele>2.87</ele>
        <time>2022-06-20T23:40:34Z</time>
      </trkpt>
      <trkpt lat="37.56428" lon="-122.12871">
        <ele>3.0</ele>
        <time>2022-06-20T23:40:35Z</time>
      </trkpt>
      <trkpt lat="37.56424" lon="-122.12874">
        <ele>2.87</ele>
        <time>2022-06-20T23:40:36Z</time>
      </trkpt>
      <trkpt lat="37.5642" lon="-122.12878">
        <ele>2.89</ele>
        <time>2022-06-20T23:40:37Z</time>
      </trkpt>
      <trkpt lat="37.56417" lon="-122.12882">
        <ele>3.0</ele>
        <time>2022-06-20T23:40:38Z</time>
      </trkpt>
      <trkpt lat="37.56413" lon="-122.12885">
        <ele>2.83</ele>
        <time>2022-06-20T23:40:39Z</time>
      </trkpt>
      <trkpt lat="37.56409" lon="-122.12888">
        <ele>2.92</ele>
        <time>2022-06-20T23:40:40Z</time>
      </trkpt>
      <trkpt lat="37.56405" lon="-122.12892">
        <ele>2.83</ele>
        <time>2022-06-20T23:40:41Z</time>
      </trkpt>
      <trkpt lat="37.56401" lon="-122.12895">
        <ele>2.76</ele>
        <time>2022-06-20T23:40:42Z</time>
      </trkpt>
      <trkpt lat="37.56397" lon="-122.12898">
        <ele>2.98</ele>
        <time>2022-06-20T23:40:43Z</time>
      </trkpt>
      <trkpt lat="37.56393" lon="-122.12901">
        <ele>3.0</ele>
        <time>2022-06-20T23:40:44Z</time>
      </trkpt>
      <trkpt lat="37.56389" lon="-122.12904">
        <ele>3.0</ele>
        <time>2022-06-20T23:40:45Z</time>
      </trkpt>
      <trkpt lat="37.56385" lon="-122.12907">
        <ele>2.98</ele>
        <time>2022-06-20T23:40:46Z</time>
      </trkpt>
      <trkpt lat="37.56382" lon="-122.1291">
        <ele>3.0</ele>
        <time>2022-06-20T23:40:47Z</time>
      </trkpt>
      <trkpt lat="37.56378" lon="-122.12914">
        <ele>2.95</ele>
        <time>2022-06-20T23:40:48Z</time>
      </trkpt>
      <trkpt lat="37.56374" lon="-122.12917">
        <ele>3.0</ele>
        <time>2022-06-20T23:40:49Z</time>
      </trkpt>
      <trkpt lat="37.56369" lon="-122.12919">
        <ele>3.0</ele>
        <time>2022-06-20T23:40:50Z</time>
      </trkpt>
      <trkpt lat="37.56365" lon="-122.12921">
        <ele>3.0</ele>
        <time>2022-06-20T23:40:51Z</time>
      </trkpt>
      <trkpt lat="37.56361" lon="-122.12921">
        <ele>3.0</ele>
        <time>2022-06-20T23:40:52Z</time>
      </trkpt>
      <trkpt lat="37.56356" lon="-122.12921">
        <ele>3.0</ele>
        <time>2022-06-20T23:40:53Z</time>
      </trkpt>
      <trkpt lat="37.56351" lon="-122.1292">
        <ele>3.0</ele>
        <time>2022-06-20T23:40:54Z</time>
      </trkpt>
      <trkpt lat="37.56346" lon="-122.12918">
        <ele>3.0</ele>
        <time>2022-06-20T23:40:55Z</time>
      </trkpt>
      <trkpt lat="37.56342" lon="-122.12917">
        <ele>3.0</ele>
        <time>2022-06-20T23:40:56Z</time>
      </trkpt>
      <trkpt lat="37.56337" lon="-122.12915">
        <ele>3.11</ele>
        <time>2022-06-20T23:40:57Z</time>
      </trkpt>
      <trkpt lat="37.56332" lon="-122.12912">
        <ele>3.5</ele>
        <time>2022-06-20T23:40:58Z</time>
      </trkpt>
      <trkpt lat="37.56327" lon="-122.1291">
        <ele>3.72</ele>
        <time>2022-06-20T23:40:59Z</time>
      </trkpt>
      <trkpt lat="37.56323" lon="-122.12908">
        <ele>3.94</ele>
        <time>2022-06-20T23:41:00Z</time>
      </trkpt>
      <trkpt lat="37.56319" lon="-122.12905">
        <ele>3.62</ele>
        <time>2022-06-20T23:41:01Z</time>
      </trkpt>
      <trkpt lat="37.56314" lon="-122.12903">
        <ele>3.57</ele>
        <time>2022-06-20T23:41:02Z</time>
      </trkpt>
      <trkpt lat="37.56309" lon="-122.12901">
        <ele>3.74</ele>
        <time>2022-06-20T23:41:03Z</time>
      </trkpt>
      <trkpt lat="37.56304" lon="-122.12898">
        <ele>3.97</ele>
        <time>2022-06-20T23:41:04Z</time>
      </trkpt>
      <trkpt lat="37.563" lon="-122.12896">
        <ele>3.68</ele>
        <time>2022-06-20T23:41:05Z</time>
      </trkpt>
      <trkpt lat="37.56295" lon="-122.12893">
        <ele>3.46</ele>
        <time>2022-06-20T23:41:06Z</time>
      </trkpt>
      <trkpt lat="37.56291" lon="-122.12891">
        <ele>3.54</ele>
        <time>2022-06-20T23:41:07Z</time>
      </trkpt>
      <trkpt lat="37.56286" lon="-122.1289">
        <ele>3.88</ele>
        <time>2022-06-20T23:41:08Z</time>
      </trkpt>
      <trkpt lat="37.56282" lon="-122.12888">
        <ele>3.86</ele>
        <time>2022-06-20T23:41:09Z</time>
      </trkpt>
      <trkpt lat="37.56277" lon="-122.12886">
        <ele>3.71</ele>
        <time>2022-06-20T23:41:10Z</time>
      </trkpt>
      <trkpt lat="37.56272" lon="-122.12885">
        <ele>3.84</ele>
        <time>2022-06-20T23:41:11Z</time>
      </trkpt>
      <trkpt lat="37.56267" lon="-122.12883">
        <ele>3.94</ele>
        <time>2022-06-20T23:41:12Z</time>
      </trkpt>
      <trkpt lat="37.56262" lon="-122.12881">
        <ele>3.9</ele>
        <time>2022-06-20T23:41:13Z</time>
      </trkpt>
      <trkpt lat="37.56258" lon="-122.1288">
        <ele>3.96</ele>
        <time>2022-06-20T23:41:14Z</time>
      </trkpt>
      <trkpt lat="37.56253" lon="-122.12878">
        <ele>3.77</ele>
        <time>2022-06-20T23:41:15Z</time>
      </trkpt>
      <trkpt lat="37.56248" lon="-122.12876">
        <ele>3.69</ele>
        <time>2022-06-20T23:41:16Z</time>
      </trkpt>
      <trkpt lat="37.56243" lon="-122.12875">
        <ele>3.88</ele>
        <time>2022-06-20T23:41:17Z</time>
      </trkpt>
      <trkpt lat="37.56238" lon="-122.12873">
        <ele>3.92</ele>
        <time>2022-06-20T23:41:18Z</time>
      </trkpt>
      <trkpt lat="37.56233" lon="-122.12871">
        <ele>3.94</ele>
        <time>2022-06-20T23:41:19Z</time>
      </trkpt>
      <trkpt lat="37.56228" lon="-122.1287">
        <ele>3.92</ele>
        <time>2022-06-20T23:41:20Z</time>
      </trkpt>
      <trkpt lat="37.56223" lon="-122.12869">
        <ele>3.7</ele>
        <time>2022-06-20T23:41:21Z</time>
      </trkpt>
      <trkpt lat="37.56218" lon="-122.12867">
        <ele>3.44</ele>
        <time>2022-06-20T23:41:22Z</time>
      </trkpt>
      <trkpt lat="37.56213" lon="-122.12866">
        <ele>3.53</ele>
        <time>2022-06-20T23:41:23Z</time>
      </trkpt>
      <trkpt lat="37.56208" lon="-122.12865">
        <ele>3.19</ele>
        <time>2022-06-20T23:41:24Z</time>
      </trkpt>
      <trkpt lat="37.56203" lon="-122.12864">
        <ele>3.05</ele>
        <time>2022-06-20T23:41:25Z</time>
      </trkpt>
      <trkpt lat="37.56197" lon="-122.12862">
        <ele>3.65</ele>
        <time>2022-06-20T23:41:26Z</time>
      </trkpt>
      <trkpt lat="37.56192" lon="-122.12861">
        <ele>3.98</ele>
        <time>2022-06-20T23:41:27Z</time>
      </trkpt>
      <trkpt lat="37.56187" lon="-122.1286">
        <ele>3.86</ele>
        <time>2022-06-20T23:41:28Z</time>
      </trkpt>
      <trkpt lat="37.56182" lon="-122.12859">
        <ele>3.85</ele>
        <time>2022-06-20T23:41:29Z</time>
      </trkpt>
      <trkpt lat="37.56177" lon="-122.12858">
        <ele>3.96</ele>
        <time>2022-06-20T23:41:30Z</time>
      </trkpt>
      <trkpt lat="37.56172" lon="-122.12857">
        <ele>3.81</ele>
        <time>2022-06-20T23:41:31Z</time>
      </trkpt>
      <trkpt lat="37.56167" lon="-122.12856">
        <ele>3.47</ele>
        <time>2022-06-20T23:41:32Z</time>
      </trkpt>
      <trkpt lat="37.56162" lon="-122.12856">
        <ele>3.22</ele>
        <time>2022-06-20T23:41:33Z</time>
      </trkpt>
      <trkpt lat="37.56157" lon="-122.12855">
        <ele>3.03</ele>
        <time>2022-06-20T23:41:34Z</time>
      </trkpt>
      <trkpt lat="37.56151" lon="-122.12854">
        <ele>3.53</ele>
        <time>2022-06-20T23:41:35Z</time>
      </trkpt>
      <trkpt lat="37.56146" lon="-122.12853">
        <ele>3.88</ele>
        <time>2022-06-20T23:41:36Z</time>
      </trkpt>
      <trkpt lat="37.56141" lon="-122.12851">
        <ele>3.89</ele>
        <time>2022-06-20T23:41:37Z</time>
      </trkpt>
      <trkpt lat="37.56135" lon="-122.12849">
        <ele>3.4</ele>
        <time>2022-06-20T23:41:38Z</time>
      </trkpt>
      <trkpt lat="37.5613" lon="-122.12847">
        <ele>3.02</ele>
        <time>2022-06-20T23:41:39Z</time>
      </trkpt>
      <trkpt lat="37.56124" lon="-122.12845">
        <ele>3.45</ele>
        <time>2022-06-20T23:41:40Z</time>
      </trkpt>
      <trkpt lat="37.5612" lon="-122.12843">
        <ele>3.92</ele>
        <time>2022-06-20T23:41:41Z</time>
      </trkpt>
      <trkpt lat="37.56116" lon="-122.12842">
        <ele>3.49</ele>
        <time>2022-06-20T23:41:43Z</time>
      </trkpt>
      <trkpt lat="37.5612" lon="-122.12845">
        <ele>3.7</ele>
        <time>2022-06-20T23:41:54Z</time>
      </trkpt>
      <trkpt lat="37.56124" lon="-122.12847">
        <ele>3.32</ele>
        <time>2022-06-20T23:41:56Z</time>
      </trkpt>
      <trkpt lat="37.56127" lon="-122.12848">
        <ele>3.12</ele>
        <time>2022-06-20T23:41:58Z</time>
      </trkpt>
      <trkpt lat="37.5613" lon="-122.12849">
        <ele>3.03</ele>
        <time>2022-06-20T23:42:00Z</time>
      </trkpt>
      <trkpt lat="37.56132" lon="-122.12849">
        <ele>3.18</ele>
        <time>2022-06-20T23:42:07Z</time>
      </trkpt>
      <trkpt lat="37.56129" lon="-122.12847">
        <ele>3.04</ele>
        <time>2022-06-20T23:43:15Z</time>
      </trkpt>
      <trkpt lat="37.56126" lon="-122.12846">
        <ele>3.25</ele>
        <time>2022-06-20T23:43:17Z</time>
      </trkpt>
      <trkpt lat="37.5612" lon="-122.12843">
        <ele>3.92</ele>
        <time>2022-06-20T23:43:19Z</time>
      </trkpt>
      <trkpt lat="37.56114" lon="-122.12839">
        <ele>3.34</ele>
        <time>2022-06-20T23:43:21Z</time>
      </trkpt>
      <trkpt lat="37.56108" lon="-122.12835">
        <ele>3.76</ele>
        <time>2022-06-20T23:43:23Z</time>
      </trkpt>
      <trkpt lat="37.56098" lon="-122.12829">
        <ele>3.51</ele>
        <time>2022-06-20T23:43:26Z</time>
      </trkpt>
      <trkpt lat="37.56091" lon="-122.12825">
        <ele>3.88</ele>
        <time>2022-06-20T23:43:28Z</time>
      </trkpt>
      <trkpt lat="37.56084" lon="-122.1282">
        <ele>3.53</ele>
        <time>2022-06-20T23:43:30Z</time>
      </trkpt>
      <trkpt lat="37.56079" lon="-122.12817">
        <ele>3.48</ele>
        <time>2022-06-20T23:43:31Z</time>
      </trkpt>
      <trkpt lat="37.56071" lon="-122.12813">
        <ele>3.67</ele>
        <time>2022-06-20T23:43:34Z</time>
      </trkpt>
      <trkpt lat="37.56065" lon="-122.12809">
        <ele>3.36</ele>
        <time>2022-06-20T23:43:36Z</time>
      </trkpt>
      <trkpt lat="37.56059" lon="-122.12806">
        <ele>3.62</ele>
        <time>2022-06-20T23:43:38Z</time>
      </trkpt>
      <trkpt lat="37.56052" lon="-122.12803">
        <ele>3.66</ele>
        <time>2022-06-20T23:43:41Z</time>
      </trkpt>
      <trkpt lat="37.56046" lon="-122.128">
        <ele>3.99</ele>
        <time>2022-06-20T23:43:43Z</time>
      </trkpt>
      <trkpt lat="37.56039" lon="-122.12797">
        <ele>3.94</ele>
        <time>2022-06-20T23:43:44Z</time>
      </trkpt>
      <trkpt lat="37.56034" lon="-122.12793">
        <ele>3.55</ele>
        <time>2022-06-20T23:43:47Z</time>
      </trkpt>
      <trkpt lat="37.56026" lon="-122.12788">
        <ele>3.88</ele>
        <time>2022-06-20T23:43:49Z</time>
      </trkpt>
      <trkpt lat="37.56018" lon="-122.12783">
        <ele>3.56</ele>
        <time>2022-06-20T23:43:49Z</time>
      </trkpt>
      <trkpt lat="37.5601" lon="-122.12778">
        <ele>3.9</ele>
        <time>2022-06-20T23:43:53Z</time>
      </trkpt>
      <trkpt lat="37.56004" lon="-122.12775">
        <ele>3.34</ele>
        <time>2022-06-20T23:43:54Z</time>
      </trkpt>
      <trkpt lat="37.55998" lon="-122.12771">
        <ele>3.67</ele>
        <time>2022-06-20T23:43:56Z</time>
      </trkpt>
      <trkpt lat="37.55992" lon="-122.12768">
        <ele>3.94</ele>
        <time>2022-06-20T23:43:58Z</time>
      </trkpt>
      <trkpt lat="37.55986" lon="-122.12765">
        <ele>3.5</ele>
        <time>2022-06-20T23:43:59Z</time>
      </trkpt>
      <trkpt lat="37.55989" lon="-122.12766">
        <ele>3.64</ele>
        <time>2022-06-20T23:44:07Z</time>
      </trkpt>
      <trkpt lat="37.55984" lon="-122.12764">
        <ele>3.49</ele>
        <time>2022-06-20T23:44:42Z</time>
      </trkpt>
      <trkpt lat="37.55981" lon="-122.12762">
        <ele>3.69</ele>
        <time>2022-06-20T23:44:43Z</time>
      </trkpt>
      <trkpt lat="37.55978" lon="-122.12761">
        <ele>3.74</ele>
        <time>2022-06-20T23:44:44Z</time>
      </trkpt>
      <trkpt lat="37.55975" lon="-122.12759">
        <ele>3.98</ele>
        <time>2022-06-20T23:44:45Z</time>
      </trkpt>
      <trkpt lat="37.55972" lon="-122.12757">
        <ele>3.98</ele>
        <time>2022-06-20T23:44:47Z</time>
      </trkpt>
      <trkpt lat="37.55967" lon="-122.12754">
        <ele>3.76</ele>
        <time>2022-06-20T23:44:47Z</time>
      </trkpt>
      <trkpt lat="37.55963" lon="-122.12752">
        <ele>3.78</ele>
        <time>2022-06-20T23:44:48Z</time>
      </trkpt>
      <trkpt lat="37.5596" lon="-122.12749">
        <ele>3.85</ele>
        <time>2022-06-20T23:44:49Z</time>
      </trkpt>
      <trkpt lat="37.55956" lon="-122.12747">
        <ele>3.84</ele>
        <time>2022-06-20T23:44:50Z</time>
      </trkpt>
      <trkpt lat="37.55952" lon="-122.12745">
        <ele>3.83</ele>
        <time>2022-06-20T23:44:52Z</time>
      </trkpt>
      <trkpt lat="37.55947" lon="-122.12741">
        <ele>3.96</ele>
        <time>2022-06-20T23:44:52Z</time>
      </trkpt>
      <trkpt lat="37.55942" lon="-122.12738">
        <ele>3.41</ele>
        <time>2022-06-20T23:44:53Z</time>
      </trkpt>
      <trkpt lat="37.55938" lon="-122.12736">
        <ele>3.17</ele>
        <time>2022-06-20T23:44:54Z</time>
      </trkpt>
      <trkpt lat="37.55935" lon="-122.12733">
        <ele>3.66</ele>
        <time>2022-06-20T23:44:55Z</time>
      </trkpt>
      <trkpt lat="37.55931" lon="-122.12731">
        <ele>3.51</ele>
        <time>2022-06-20T23:44:57Z</time>
      </trkpt>
      <trkpt lat="37.55929" lon="-122.12729">
        <ele>3.33</ele>
        <time>2022-06-20T23:44:57Z</time>
      </trkpt>
      <trkpt lat="37.55921" lon="-122.12724">
        <ele>3.71</ele>
        <time>2022-06-20T23:44:58Z</time>
      </trkpt>
      <trkpt lat="37.55917" lon="-122.12721">
        <ele>3.86</ele>
        <time>2022-06-20T23:44:59Z</time>
      </trkpt>
      <trkpt lat="37.55913" lon="-122.12718">
        <ele>3.51</ele>
        <time>2022-06-20T23:45:00Z</time>
      </trkpt>
      <trkpt lat="37.55909" lon="-122.12715">
        <ele>3.68</ele>
        <time>2022-06-20T23:45:01Z</time>
      </trkpt>
      <trkpt lat="37.55904" lon="-122.12713">
        <ele>3.99</ele>
        <time>2022-06-20T23:45:02Z</time>
      </trkpt>
      <trkpt lat="37.559" lon="-122.1271">
        <ele>3.62</ele>
        <time>2022-06-20T23:45:03Z</time>
      </trkpt>
      <trkpt lat="37.55896" lon="-122.12707">
        <ele>3.34</ele>
        <time>2022-06-20T23:45:04Z</time>
      </trkpt>
      <trkpt lat="37.55891" lon="-122.12705">
        <ele>3.59</ele>
        <time>2022-06-20T23:45:05Z</time>
      </trkpt>
      <trkpt lat="37.55886" lon="-122.12702">
        <ele>3.49</ele>
        <time>2022-06-20T23:45:06Z</time>
      </trkpt>
      <trkpt lat="37.55882" lon="-122.127">
        <ele>3.35</ele>
        <time>2022-06-20T23:45:07Z</time>
      </trkpt>
      <trkpt lat="37.55877" lon="-122.12697">
        <ele>3.65</ele>
        <time>2022-06-20T23:45:08Z</time>
      </trkpt>
      <trkpt lat="37.55872" lon="-122.12694">
        <ele>3.94</ele>
        <time>2022-06-20T23:45:09Z</time>
      </trkpt>
      <trkpt lat="37.55867" lon="-122.12692">
        <ele>3.56</ele>
        <time>2022-06-20T23:45:10Z</time>
      </trkpt>
      <trkpt lat="37.55862" lon="-122.12689">
        <ele>3.57</ele>
        <time>2022-06-20T23:45:11Z</time>
      </trkpt>
      <trkpt lat="37.55857" lon="-122.12686">
        <ele>3.83</ele>
        <time>2022-06-20T23:45:12Z</time>
      </trkpt>
      <trkpt lat="37.55852" lon="-122.12683">
        <ele>3.76</ele>
        <time>2022-06-20T23:45:13Z</time>
      </trkpt>
      <trkpt lat="37.55847" lon="-122.1268">
        <ele>3.27</ele>
        <time>2022-06-20T23:45:14Z</time>
      </trkpt>
      <trkpt lat="37.55842" lon="-122.12676">
        <ele>3.92</ele>
        <time>2022-06-20T23:45:15Z</time>
      </trkpt>
      <trkpt lat="37.55836" lon="-122.12673">
        <ele>3.33</ele>
        <time>2022-06-20T23:45:16Z</time>
      </trkpt>
      <trkpt lat="37.5583" lon="-122.12669">
        <ele>3.66</ele>
        <time>2022-06-20T23:45:17Z</time>
      </trkpt>
      <trkpt lat="37.55825" lon="-122.12666">
        <ele>3.92</ele>
        <time>2022-06-20T23:45:18Z</time>
      </trkpt>
      <trkpt lat="37.55819" lon="-122.12662">
        <ele>3.5</ele>
        <time>2022-06-20T23:45:19Z</time>
      </trkpt>
      <trkpt lat="37.55813" lon="-122.12659">
        <ele>3.79</ele>
        <time>2022-06-20T23:45:20Z</time>
      </trkpt>
      <trkpt lat="37.55807" lon="-122.12656">
        <ele>3.82</ele>
        <time>2022-06-20T23:45:21Z</time>
      </trkpt>
      <trkpt lat="37.55801" lon="-122.12652">
        <ele>3.5</ele>
        <time>2022-06-20T23:45:22Z</time>
      </trkpt>
      <trkpt lat="37.55795" lon="-122.12649">
        <ele>3.77</ele>
        <time>2022-06-20T23:45:23Z</time>
      </trkpt>
      <trkpt lat="37.55789" lon="-122.12645">
        <ele>3.34</ele>
        <time>2022-06-20T23:45:24Z</time>
      </trkpt>
      <trkpt lat="37.55783" lon="-122.12642">
        <ele>3.52</ele>
        <time>2022-06-20T23:45:25Z</time>
      </trkpt>
      <trkpt lat="37.55778" lon="-122.12638">
        <ele>3.9</ele>
        <time>2022-06-20T23:45:26Z</time>
      </trkpt>
      <trkpt lat="37.55772" lon="-122.12635">
        <ele>3.48</ele>
        <time>2022-06-20T23:45:27Z</time>
      </trkpt>
      <trkpt lat="37.55766" lon="-122.12632">
        <ele>3.67</ele>
        <time>2022-06-20T23:45:28Z</time>
      </trkpt>
      <trkpt lat="37.5576" lon="-122.12628">
        <ele>3.81</ele>
        <time>2022-06-20T23:45:29Z</time>
      </trkpt>
      <trkpt lat="37.55754" lon="-122.12625">
        <ele>3.5</ele>
        <time>2022-06-20T23:45:30Z</time>
      </trkpt>
      <trkpt lat="37.55748" lon="-122.12621">
        <ele>3.92</ele>
        <time>2022-06-20T23:45:31Z</time>
      </trkpt>
      <trkpt lat="37.55742" lon="-122.12617">
        <ele>3.9</ele>
        <time>2022-06-20T23:45:32Z</time>
      </trkpt>
      <trkpt lat="37.55736" lon="-122.12613">
        <ele>3.79</ele>
        <time>2022-06-20T23:45:33Z</time>
      </trkpt>
      <trkpt lat="37.5573" lon="-122.12609">
        <ele>3.68</ele>
        <time>2022-06-20T23:45:34Z</time>
      </trkpt>
      <trkpt lat="37.55724" lon="-122.12605">
        <ele>3.6</ele>
        <time>2022-06-20T23:45:35Z</time>
      </trkpt>
      <trkpt lat="37.55718" lon="-122.12601">
        <ele>3.49</ele>
        <time>2022-06-20T23:45:36Z</time>
      </trkpt>
      <trkpt lat="37.55711" lon="-122.12597">
        <ele>3.52</ele>
        <time>2022-06-20T23:45:37Z</time>
      </trkpt>
      <trkpt lat="37.55705" lon="-122.12593">
        <ele>3.96</ele>
        <time>2022-06-20T23:45:38Z</time>
      </trkpt>
      <trkpt lat="37.55699" lon="-122.12589">
        <ele>3.5</ele>
        <time>2022-06-20T23:45:39Z</time>
      </trkpt>
      <trkpt lat="37.55693" lon="-122.12585">
        <ele>3.79</ele>
        <time>2022-06-20T23:45:40Z</time>
      </trkpt>
      <trkpt lat="37.55687" lon="-122.12581">
        <ele>3.7</ele>
        <time>2022-06-20T23:45:41Z</time>
      </trkpt>
      <trkpt lat="37.5568" lon="-122.12577">
        <ele>3.52</ele>
        <time>2022-06-20T23:45:42Z</time>
      </trkpt>
      <trkpt lat="37.55674" lon="-122.12573">
        <ele>3.63</ele>
        <time>2022-06-20T23:45:43Z</time>
      </trkpt>
      <trkpt lat="37.55667" lon="-122.12569">
        <ele>3.52</ele>
        <time>2022-06-20T23:45:44Z</time>
      </trkpt>
      <trkpt lat="37.5566" lon="-122.12565">
        <ele>3.98</ele>
        <time>2022-06-20T23:45:45Z</time>
      </trkpt>
      <trkpt lat="37.55654" lon="-122.12561">
        <ele>3.52</ele>
        <time>2022-06-20T23:45:46Z</time>
      </trkpt>
      <trkpt lat="37.55647" lon="-122.12557">
        <ele>3.82</ele>
        <time>2022-06-20T23:45:47Z</time>
      </trkpt>
      <trkpt lat="37.55641" lon="-122.12554">
        <ele>3.92</ele>
        <time>2022-06-20T23:45:48Z</time>
      </trkpt>
      <trkpt lat="37.55634" lon="-122.1255">
        <ele>3.79</ele>
        <time>2022-06-20T23:45:49Z</time>
      </trkpt>
      <trkpt lat="37.55628" lon="-122.12547">
        <ele>3.75</ele>
        <time>2022-06-20T23:45:50Z</time>
      </trkpt>
      <trkpt lat="37.55621" lon="-122.12543">
        <ele>3.38</ele>
        <time>2022-06-20T23:45:51Z</time>
      </trkpt>
      <trkpt lat="37.55615" lon="-122.12539">
        <ele>3.67</ele>
        <time>2022-06-20T23:45:52Z</time>
      </trkpt>
      <trkpt lat="37.55609" lon="-122.12535">
        <ele>3.65</ele>
        <time>2022-06-20T23:45:53Z</time>
      </trkpt>
      <trkpt lat="37.55602" lon="-122.12531">
        <ele>3.65</ele>
        <time>2022-06-20T23:45:54Z</time>
      </trkpt>
      <trkpt lat="37.55595" lon="-122.12527">
        <ele>3.96</ele>
        <time>2022-06-20T23:45:55Z</time>
      </trkpt>
      <trkpt lat="37.55589" lon="-122.12523">
        <ele>3.81</ele>
        <time>2022-06-20T23:45:56Z</time>
      </trkpt>
      <trkpt lat="37.55583" lon="-122.12519">
        <ele>3.91</ele>
        <time>2022-06-20T23:45:57Z</time>
      </trkpt>
      <trkpt lat="37.55576" lon="-122.12515">
        <ele>3.35</ele>
        <time>2022-06-20T23:45:58Z</time>
      </trkpt>
      <trkpt lat="37.5557" lon="-122.12511">
        <ele>3.73</ele>
        <time>2022-06-20T23:45:59Z</time>
      </trkpt>
      <trkpt lat="37.55564" lon="-122.12508">
        <ele>3.8</ele>
        <time>2022-06-20T23:46:00Z</time>
      </trkpt>
      <trkpt lat="37.55557" lon="-122.12504">
        <ele>3.55</ele>
        <time>2022-06-20T23:46:01Z</time>
      </trkpt>
      <trkpt lat="37.55551" lon="-122.125">
        <ele>4.0</ele>
        <time>2022-06-20T23:46:02Z</time>
      </trkpt>
      <trkpt lat="37.55545" lon="-122.12496">
        <ele>3.92</ele>
        <time>2022-06-20T23:46:03Z</time>
      </trkpt>
      <trkpt lat="37.55538" lon="-122.12493">
        <ele>3.78</ele>
        <time>2022-06-20T23:46:04Z</time>
      </trkpt>
      <trkpt lat="37.55532" lon="-122.12489">
        <ele>3.47</ele>
        <time>2022-06-20T23:46:05Z</time>
      </trkpt>
      <trkpt lat="37.55526" lon="-122.12485">
        <ele>3.55</ele>
        <time>2022-06-20T23:46:06Z</time>
      </trkpt>
      <trkpt lat="37.55519" lon="-122.12481">
        <ele>3.95</ele>
        <time>2022-06-20T23:46:07Z</time>
      </trkpt>
      <trkpt lat="37.55512" lon="-122.12477">
        <ele>3.49</ele>
        <time>2022-06-20T23:46:08Z</time>
      </trkpt>
      <trkpt lat="37.55506" lon="-122.12474">
        <ele>3.46</ele>
        <time>2022-06-20T23:46:09Z</time>
      </trkpt>
      <trkpt lat="37.555" lon="-122.1247">
        <ele>3.24</ele>
        <time>2022-06-20T23:46:10Z</time>
      </trkpt>
      <trkpt lat="37.55494" lon="-122.12466">
        <ele>3.46</ele>
        <time>2022-06-20T23:46:11Z</time>
      </trkpt>
      <trkpt lat="37.55488" lon="-122.12462">
        <ele>3.66</ele>
        <time>2022-06-20T23:46:12Z</time>
      </trkpt>
      <trkpt lat="37.55482" lon="-122.12458">
        <ele>3.53</ele>
        <time>2022-06-20T23:46:13Z</time>
      </trkpt>
      <trkpt lat="37.55476" lon="-122.12454">
        <ele>3.38</ele>
        <time>2022-06-20T23:46:14Z</time>
      </trkpt>
      <trkpt lat="37.5547" lon="-122.1245">
        <ele>2.95</ele>
        <time>2022-06-20T23:46:15Z</time>
      </trkpt>
      <trkpt lat="37.55465" lon="-122.12447">
        <ele>3.35</ele>
        <time>2022-06-20T23:46:16Z</time>
      </trkpt>
      <trkpt lat="37.55459" lon="-122.12443">
        <ele>3.46</ele>
        <time>2022-06-20T23:46:17Z</time>
      </trkpt>
      <trkpt lat="37.55454" lon="-122.1244">
        <ele>3.47</ele>
        <time>2022-06-20T23:46:18Z</time>
      </trkpt>
      <trkpt lat="37.55449" lon="-122.12437">
        <ele>3.7</ele>
        <time>2022-06-20T23:46:19Z</time>
      </trkpt>
      <trkpt lat="37.55443" lon="-122.12434">
        <ele>3.65</ele>
        <time>2022-06-20T23:46:20Z</time>
      </trkpt>
      <trkpt lat="37.55437" lon="-122.12431">
        <ele>3.38</ele>
        <time>2022-06-20T23:46:21Z</time>
      </trkpt>
      <trkpt lat="37.55432" lon="-122.12428">
        <ele>3.7</ele>
        <time>2022-06-20T23:46:22Z</time>
      </trkpt>
      <trkpt lat="37.55426" lon="-122.12425">
        <ele>3.9</ele>
        <time>2022-06-20T23:46:23Z</time>
      </trkpt>
      <trkpt lat="37.5542" lon="-122.12421">
        <ele>3.51</ele>
        <time>2022-06-20T23:46:24Z</time>
      </trkpt>
      <trkpt lat="37.55415" lon="-122.12418">
        <ele>3.68</ele>
        <time>2022-06-20T23:46:25Z</time>
      </trkpt>
      <trkpt lat="37.55409" lon="-122.12414">
        <ele>3.07</ele>
        <time>2022-06-20T23:46:26Z</time>
      </trkpt>
      <trkpt lat="37.55403" lon="-122.1241">
        <ele>3.21</ele>
        <time>2022-06-20T23:46:27Z</time>
      </trkpt>
      <trkpt lat="37.55398" lon="-122.12407">
        <ele>3.94</ele>
        <time>2022-06-20T23:46:28Z</time>
      </trkpt>
      <trkpt lat="37.55392" lon="-122.12403">
        <ele>3.49</ele>
        <time>2022-06-20T23:46:29Z</time>
      </trkpt>
      <trkpt lat="37.55386" lon="-122.124">
        <ele>3.49</ele>
        <time>2022-06-20T23:46:30Z</time>
      </trkpt>
      <trkpt lat="37.5538" lon="-122.12396">
        <ele>3.02</ele>
        <time>2022-06-20T23:46:31Z</time>
      </trkpt>
      <trkpt lat="37.55374" lon="-122.12392">
        <ele>3.2</ele>
        <time>2022-06-20T23:46:32Z</time>
      </trkpt>
      <trkpt lat="37.55368" lon="-122.12389">
        <ele>3.72</ele>
        <time>2022-06-20T23:46:33Z</time>
      </trkpt>
      <trkpt lat="37.55362" lon="-122.12385">
        <ele>3.02</ele>
        <time>2022-06-20T23:46:34Z</time>
      </trkpt>
      <trkpt lat="37.55356" lon="-122.12381">
        <ele>3.39</ele>
        <time>2022-06-20T23:46:35Z</time>
      </trkpt>
      <trkpt lat="37.5535" lon="-122.12378">
        <ele>3.55</ele>
        <time>2022-06-20T23:46:36Z</time>
      </trkpt>
      <trkpt lat="37.55345" lon="-122.12374">
        <ele>3.39</ele>
        <time>2022-06-20T23:46:37Z</time>
      </trkpt>
      <trkpt lat="37.55339" lon="-122.1237">
        <ele>3.56</ele>
        <time>2022-06-20T23:46:38Z</time>
      </trkpt>
      <trkpt lat="37.55333" lon="-122.12367">
        <ele>2.99</ele>
        <time>2022-06-20T23:46:39Z</time>
      </trkpt>
      <trkpt lat="37.55327" lon="-122.12363">
        <ele>3.4</ele>
        <time>2022-06-20T23:46:40Z</time>
      </trkpt>
      <trkpt lat="37.55321" lon="-122.1236">
        <ele>3.55</ele>
        <time>2022-06-20T23:46:41Z</time>
      </trkpt>
      <trkpt lat="37.55316" lon="-122.12356">
        <ele>3.47</ele>
        <time>2022-06-20T23:46:42Z</time>
      </trkpt>
      <trkpt lat="37.5531" lon="-122.12353">
        <ele>3.81</ele>
        <time>2022-06-20T23:46:43Z</time>
      </trkpt>
      <trkpt lat="37.55304" lon="-122.12349">
        <ele>3.63</ele>
        <time>2022-06-20T23:46:44Z</time>
      </trkpt>
      <trkpt lat="37.55298" lon="-122.12346">
        <ele>3.58</ele>
        <time>2022-06-20T23:46:45Z</time>
      </trkpt>
      <trkpt lat="37.55293" lon="-122.12343">
        <ele>3.6</ele>
        <time>2022-06-20T23:46:46Z</time>
      </trkpt>
      <trkpt lat="37.55287" lon="-122.12339">
        <ele>3.0</ele>
        <time>2022-06-20T23:46:47Z</time>
      </trkpt>
      <trkpt lat="37.55281" lon="-122.12335">
        <ele>3.42</ele>
        <time>2022-06-20T23:46:48Z</time>
      </trkpt>
      <trkpt lat="37.55275" lon="-122.12332">
        <ele>3.64</ele>
        <time>2022-06-20T23:46:49Z</time>
      </trkpt>
      <trkpt lat="37.55269" lon="-122.12328">
        <ele>3.57</ele>
        <time>2022-06-20T23:46:50Z</time>
      </trkpt>
      <trkpt lat="37.55263" lon="-122.12324">
        <ele>3.99</ele>
        <time>2022-06-20T23:46:51Z</time>
      </trkpt>
      <trkpt lat="37.55257" lon="-122.12321">
        <ele>3.59</ele>
        <time>2022-06-20T23:46:52Z</time>
      </trkpt>
      <trkpt lat="37.55251" lon="-122.12317">
        <ele>3.71</ele>
        <time>2022-06-20T23:46:53Z</time>
      </trkpt>
      <trkpt lat="37.55245" lon="-122.12314">
        <ele>3.92</ele>
        <time>2022-06-20T23:46:54Z</time>
      </trkpt>
      <trkpt lat="37.55239" lon="-122.12311">
        <ele>3.78</ele>
        <time>2022-06-20T23:46:55Z</time>
      </trkpt>
      <trkpt lat="37.55234" lon="-122.12307">
        <ele>3.77</ele>
        <time>2022-06-20T23:46:56Z</time>
      </trkpt>
      <trkpt lat="37.55228" lon="-122.12304">
        <ele>3.58</ele>
        <time>2022-06-20T23:46:57Z</time>
      </trkpt>
      <trkpt lat="37.55222" lon="-122.12301">
        <ele>3.48</ele>
        <time>2022-06-20T23:46:58Z</time>
      </trkpt>
      <trkpt lat="37.55217" lon="-122.12297">
        <ele>3.88</ele>
        <time>2022-06-20T23:46:59Z</time>
      </trkpt>
      <trkpt lat="37.55211" lon="-122.12294">
        <ele>3.65</ele>
        <time>2022-06-20T23:47:00Z</time>
      </trkpt>
      <trkpt lat="37.55205" lon="-122.1229">
        <ele>3.63</ele>
        <time>2022-06-20T23:47:01Z</time>
      </trkpt>
      <trkpt lat="37.55199" lon="-122.12287">
        <ele>3.49</ele>
        <time>2022-06-20T23:47:02Z</time>
      </trkpt>
      <trkpt lat="37.55193" lon="-122.12283">
        <ele>3.44</ele>
        <time>2022-06-20T23:47:03Z</time>
      </trkpt>
      <trkpt lat="37.55188" lon="-122.12279">
        <ele>3.87</ele>
        <time>2022-06-20T23:47:04Z</time>
      </trkpt>
      <trkpt lat="37.55182" lon="-122.12275">
        <ele>3.56</ele>
        <time>2022-06-20T23:47:05Z</time>
      </trkpt>
      <trkpt lat="37.55176" lon="-122.12271">
        <ele>3.73</ele>
        <time>2022-06-20T23:47:06Z</time>
      </trkpt>
      <trkpt lat="37.5517" lon="-122.12268">
        <ele>3.92</ele>
        <time>2022-06-20T23:47:07Z</time>
      </trkpt>
      <trkpt lat="37.55164" lon="-122.12264">
        <ele>3.51</ele>
        <time>2022-06-20T23:47:08Z</time>
      </trkpt>
      <trkpt lat="37.55159" lon="-122.12261">
        <ele>3.7</ele>
        <time>2022-06-20T23:47:09Z</time>
      </trkpt>
      <trkpt lat="37.55153" lon="-122.12257">
        <ele>3.51</ele>
        <time>2022-06-20T23:47:10Z</time>
      </trkpt>
      <trkpt lat="37.55147" lon="-122.12254">
        <ele>3.51</ele>
        <time>2022-06-20T23:47:11Z</time>
      </trkpt>
      <trkpt lat="37.55142" lon="-122.12251">
        <ele>3.82</ele>
        <time>2022-06-20T23:47:12Z</time>
      </trkpt>
      <trkpt lat="37.55136" lon="-122.12248">
        <ele>3.61</ele>
        <time>2022-06-20T23:47:13Z</time>
      </trkpt>
      <trkpt lat="37.55131" lon="-122.12245">
        <ele>3.53</ele>
        <time>2022-06-20T23:47:14Z</time>
      </trkpt>
      <trkpt lat="37.55125" lon="-122.12241">
        <ele>3.96</ele>
        <time>2022-06-20T23:47:15Z</time>
      </trkpt>
      <trkpt lat="37.55119" lon="-122.12238">
        <ele>3.9</ele>
        <time>2022-06-20T23:47:16Z</time>
      </trkpt>
      <trkpt lat="37.55114" lon="-122.12235">
        <ele>3.74</ele>
        <time>2022-06-20T23:47:17Z</time>
      </trkpt>
      <trkpt lat="37.55108" lon="-122.12232">
        <ele>3.93</ele>
        <time>2022-06-20T23:47:18Z</time>
      </trkpt>
      <trkpt lat="37.55102" lon="-122.12229">
        <ele>4.0</ele>
        <time>2022-06-20T23:47:19Z</time>
      </trkpt>
      <trkpt lat="37.55096" lon="-122.12226">
        <ele>3.74</ele>
        <time>2022-06-20T23:47:20Z</time>
      </trkpt>
      <trkpt lat="37.5509" lon="-122.12223">
        <ele>3.89</ele>
        <time>2022-06-20T23:47:21Z</time>
      </trkpt>
      <trkpt lat="37.55084" lon="-122.12219">
        <ele>3.63</ele>
        <time>2022-06-20T23:47:22Z</time>
      </trkpt>
      <trkpt lat="37.55078" lon="-122.12216">
        <ele>3.34</ele>
        <time>2022-06-20T23:47:23Z</time>
      </trkpt>
      <trkpt lat="37.55073" lon="-122.12212">
        <ele>3.9</ele>
        <time>2022-06-20T23:47:24Z</time>
      </trkpt>
      <trkpt lat="37.55067" lon="-122.12209">
        <ele>3.56</ele>
        <time>2022-06-20T23:47:25Z</time>
      </trkpt>
      <trkpt lat="37.55062" lon="-122.12204">
        <ele>3.66</ele>
        <time>2022-06-20T23:47:26Z</time>
      </trkpt>
      <trkpt lat="37.55056" lon="-122.122">
        <ele>3.43</ele>
        <time>2022-06-20T23:47:27Z</time>
      </trkpt>
      <trkpt lat="37.55051" lon="-122.12195">
        <ele>3.94</ele>
        <time>2022-06-20T23:47:28Z</time>
      </trkpt>
      <trkpt lat="37.55045" lon="-122.12192">
        <ele>3.63</ele>
        <time>2022-06-20T23:47:29Z</time>
      </trkpt>
      <trkpt lat="37.55039" lon="-122.12189">
        <ele>3.09</ele>
        <time>2022-06-20T23:47:30Z</time>
      </trkpt>
      <trkpt lat="37.55033" lon="-122.12185">
        <ele>3.42</ele>
        <time>2022-06-20T23:47:31Z</time>
      </trkpt>
      <trkpt lat="37.55027" lon="-122.12182">
        <ele>3.63</ele>
        <time>2022-06-20T23:47:32Z</time>
      </trkpt>
      <trkpt lat="37.55021" lon="-122.12179">
        <ele>3.58</ele>
        <time>2022-06-20T23:47:33Z</time>
      </trkpt>
      <trkpt lat="37.55015" lon="-122.12175">
        <ele>3.5</ele>
        <time>2022-06-20T23:47:34Z</time>
      </trkpt>
      <trkpt lat="37.55009" lon="-122.12172">
        <ele>3.0</ele>
        <time>2022-06-20T23:47:35Z</time>
      </trkpt>
      <trkpt lat="37.55003" lon="-122.12167">
        <ele>3.63</ele>
        <time>2022-06-20T23:47:36Z</time>
      </trkpt>
      <trkpt lat="37.54997" lon="-122.12164">
        <ele>3.38</ele>
        <time>2022-06-20T23:47:37Z</time>
      </trkpt>
      <trkpt lat="37.54991" lon="-122.12161">
        <ele>3.59</ele>
        <time>2022-06-20T23:47:38Z</time>
      </trkpt>
      <trkpt lat="37.54985" lon="-122.12157">
        <ele>3.35</ele>
        <time>2022-06-20T23:47:39Z</time>
      </trkpt>
      <trkpt lat="37.54979" lon="-122.12153">
        <ele>2.86</ele>
        <time>2022-06-20T23:47:40Z</time>
      </trkpt>
      <trkpt lat="37.54973" lon="-122.12149">
        <ele>2.92</ele>
        <time>2022-06-20T23:47:41Z</time>
      </trkpt>
      <trkpt lat="37.54967" lon="-122.12145">
        <ele>3.04</ele>
        <time>2022-06-20T23:47:42Z</time>
      </trkpt>
      <trkpt lat="37.54961" lon="-122.12142">
        <ele>3.52</ele>
        <time>2022-06-20T23:47:43Z</time>
      </trkpt>
      <trkpt lat="37.54955" lon="-122.12139">
        <ele>3.97</ele>
        <time>2022-06-20T23:47:44Z</time>
      </trkpt>
      <trkpt lat="37.54949" lon="-122.12135">
        <ele>3.5</ele>
        <time>2022-06-20T23:47:45Z</time>
      </trkpt>
      <trkpt lat="37.54944" lon="-122.12132">
        <ele>3.72</ele>
        <time>2022-06-20T23:47:46Z</time>
      </trkpt>
      <trkpt lat="37.54938" lon="-122.12128">
        <ele>3.77</ele>
        <time>2022-06-20T23:47:47Z</time>
      </trkpt>
      <trkpt lat="37.54933" lon="-122.12125">
        <ele>3.26</ele>
        <time>2022-06-20T23:47:48Z</time>
      </trkpt>
      <trkpt lat="37.54926" lon="-122.12121">
        <ele>3.79</ele>
        <time>2022-06-20T23:47:49Z</time>
      </trkpt>
      <trkpt lat="37.5492" lon="-122.12118">
        <ele>2.7</ele>
        <time>2022-06-20T23:47:50Z</time>
      </trkpt>
      <trkpt lat="37.54914" lon="-122.12114">
        <ele>2.6</ele>
        <time>2022-06-20T23:47:51Z</time>
      </trkpt>
      <trkpt lat="37.54908" lon="-122.1211">
        <ele>2.99</ele>
        <time>2022-06-20T23:47:52Z</time>
      </trkpt>
      <trkpt lat="37.54902" lon="-122.12105">
        <ele>3.19</ele>
        <time>2022-06-20T23:47:53Z</time>
      </trkpt>
      <trkpt lat="37.54896" lon="-122.12101">
        <ele>3.65</ele>
        <time>2022-06-20T23:47:54Z</time>
      </trkpt>
      <trkpt lat="37.54891" lon="-122.12096">
        <ele>3.43</ele>
        <time>2022-06-20T23:47:55Z</time>
      </trkpt>
      <trkpt lat="37.54885" lon="-122.12093">
        <ele>3.94</ele>
        <time>2022-06-20T23:47:56Z</time>
      </trkpt>
      <trkpt lat="37.54878" lon="-122.12089">
        <ele>3.46</ele>
        <time>2022-06-20T23:47:57Z</time>
      </trkpt>
      <trkpt lat="37.54872" lon="-122.12086">
        <ele>3.4</ele>
        <time>2022-06-20T23:47:58Z</time>
      </trkpt>
      <trkpt lat="37.54867" lon="-122.12083">
        <ele>3.59</ele>
        <time>2022-06-20T23:47:59Z</time>
      </trkpt>
      <trkpt lat="37.54862" lon="-122.1208">
        <ele>3.03</ele>
        <time>2022-06-20T23:48:00Z</time>
      </trkpt>
      <trkpt lat="37.54856" lon="-122.12076">
        <ele>3.32</ele>
        <time>2022-06-20T23:48:01Z</time>
      </trkpt>
      <trkpt lat="37.5485" lon="-122.12073">
        <ele>3.64</ele>
        <time>2022-06-20T23:48:02Z</time>
      </trkpt>
      <trkpt lat="37.54844" lon="-122.1207">
        <ele>3.39</ele>
        <time>2022-06-20T23:48:03Z</time>
      </trkpt>
      <trkpt lat="37.54838" lon="-122.12067">
        <ele>3.65</ele>
        <time>2022-06-20T23:48:04Z</time>
      </trkpt>
      <trkpt lat="37.54833" lon="-122.12063">
        <ele>3.59</ele>
        <time>2022-06-20T23:48:05Z</time>
      </trkpt>
      <trkpt lat="37.54827" lon="-122.1206">
        <ele>2.99</ele>
        <time>2022-06-20T23:48:06Z</time>
      </trkpt>
      <trkpt lat="37.54821" lon="-122.12056">
        <ele>2.98</ele>
        <time>2022-06-20T23:48:07Z</time>
      </trkpt>
      <trkpt lat="37.54815" lon="-122.12052">
        <ele>2.99</ele>
        <time>2022-06-20T23:48:08Z</time>
      </trkpt>
      <trkpt lat="37.54809" lon="-122.12048">
        <ele>3.4</ele>
        <time>2022-06-20T23:48:09Z</time>
      </trkpt>
      <trkpt lat="37.54803" lon="-122.12045">
        <ele>3.56</ele>
        <time>2022-06-20T23:48:10Z</time>
      </trkpt>
      <trkpt lat="37.54797" lon="-122.12041">
        <ele>3.52</ele>
        <time>2022-06-20T23:48:11Z</time>
      </trkpt>
      <trkpt lat="37.54792" lon="-122.12038">
        <ele>3.85</ele>
        <time>2022-06-20T23:48:12Z</time>
      </trkpt>
      <trkpt lat="37.54786" lon="-122.12034">
        <ele>3.63</ele>
        <time>2022-06-20T23:48:13Z</time>
      </trkpt>
      <trkpt lat="37.5478" lon="-122.12031">
        <ele>3.58</ele>
        <time>2022-06-20T23:48:14Z</time>
      </trkpt>
      <trkpt lat="37.54775" lon="-122.12028">
        <ele>3.97</ele>
        <time>2022-06-20T23:48:15Z</time>
      </trkpt>
      <trkpt lat="37.54769" lon="-122.12025">
        <ele>3.68</ele>
        <time>2022-06-20T23:48:16Z</time>
      </trkpt>
      <trkpt lat="37.54764" lon="-122.12022">
        <ele>3.31</ele>
        <time>2022-06-20T23:48:17Z</time>
      </trkpt>
      <trkpt lat="37.54759" lon="-122.12019">
        <ele>3.89</ele>
        <time>2022-06-20T23:48:18Z</time>
      </trkpt>
      <trkpt lat="37.54754" lon="-122.12017">
        <ele>3.86</ele>
        <time>2022-06-20T23:48:19Z</time>
      </trkpt>
      <trkpt lat="37.54749" lon="-122.12014">
        <ele>3.89</ele>
        <time>2022-06-20T23:48:20Z</time>
      </trkpt>
      <trkpt lat="37.54745" lon="-122.12011">
        <ele>3.8</ele>
        <time>2022-06-20T23:48:21Z</time>
      </trkpt>
      <trkpt lat="37.5474" lon="-122.12008">
        <ele>3.81</ele>
        <time>2022-06-20T23:48:22Z</time>
      </trkpt>
      <trkpt lat="37.54735" lon="-122.12005">
        <ele>3.49</ele>
        <time>2022-06-20T23:48:23Z</time>
      </trkpt>
      <trkpt lat="37.54729" lon="-122.12002">
        <ele>3.67</ele>
        <time>2022-06-20T23:48:24Z</time>
      </trkpt>
      <trkpt lat="37.54724" lon="-122.11999">
        <ele>3.87</ele>
        <time>2022-06-20T23:48:25Z</time>
      </trkpt>
      <trkpt lat="37.54719" lon="-122.11995">
        <ele>3.33</ele>
        <time>2022-06-20T23:48:26Z</time>
      </trkpt>
      <trkpt lat="37.54713" lon="-122.11992">
        <ele>3.73</ele>
        <time>2022-06-20T23:48:27Z</time>
      </trkpt>
      <trkpt lat="37.54708" lon="-122.11989">
        <ele>3.83</ele>
        <time>2022-06-20T23:48:28Z</time>
      </trkpt>
      <trkpt lat="37.54703" lon="-122.11986">
        <ele>3.93</ele>
        <time>2022-06-20T23:48:29Z</time>
      </trkpt>
      <trkpt lat="37.54698" lon="-122.11983">
        <ele>3.8</ele>
        <time>2022-06-20T23:48:30Z</time>
      </trkpt>
      <trkpt lat="37.54692" lon="-122.1198">
        <ele>3.88</ele>
        <time>2022-06-20T23:48:31Z</time>
      </trkpt>
      <trkpt lat="37.54687" lon="-122.11977">
        <ele>3.91</ele>
        <time>2022-06-20T23:48:32Z</time>
      </trkpt>
      <trkpt lat="37.54682" lon="-122.11973">
        <ele>3.97</ele>
        <time>2022-06-20T23:48:33Z</time>
      </trkpt>
      <trkpt lat="37.54677" lon="-122.11968">
        <ele>4.0</ele>
        <time>2022-06-20T23:48:34Z</time>
      </trkpt>
      <trkpt lat="37.54673" lon="-122.11961">
        <ele>3.37</ele>
        <time>2022-06-20T23:48:35Z</time>
      </trkpt>
      <trkpt lat="37.5467" lon="-122.11954">
        <ele>2.72</ele>
        <time>2022-06-20T23:48:36Z</time>
      </trkpt>
      <trkpt lat="37.54668" lon="-122.11946">
        <ele>2.29</ele>
        <time>2022-06-20T23:48:37Z</time>
      </trkpt>
      <trkpt lat="37.54667" lon="-122.11939">
        <ele>2.07</ele>
        <time>2022-06-20T23:48:38Z</time>
      </trkpt>
      <trkpt lat="37.54666" lon="-122.11932">
        <ele>2.25</ele>
        <time>2022-06-20T23:48:39Z</time>
      </trkpt>
      <trkpt lat="37.54665" lon="-122.11924">
        <ele>2.81</ele>
        <time>2022-06-20T23:48:40Z</time>
      </trkpt>
      <trkpt lat="37.54664" lon="-122.11917">
        <ele>3.11</ele>
        <time>2022-06-20T23:48:41Z</time>
      </trkpt>
      <trkpt lat="37.54663" lon="-122.1191">
        <ele>3.1</ele>
        <time>2022-06-20T23:48:42Z</time>
      </trkpt>
      <trkpt lat="37.5466" lon="-122.11904">
        <ele>3.09</ele>
        <time>2022-06-20T23:48:43Z</time>
      </trkpt>
      <trkpt lat="37.54657" lon="-122.11897">
        <ele>3.87</ele>
        <time>2022-06-20T23:48:44Z</time>
      </trkpt>
      <trkpt lat="37.54654" lon="-122.1189">
        <ele>2.9</ele>
        <time>2022-06-20T23:48:45Z</time>
      </trkpt>
      <trkpt lat="37.54652" lon="-122.11883">
        <ele>2.62</ele>
        <time>2022-06-20T23:48:46Z</time>
      </trkpt>
      <trkpt lat="37.5465" lon="-122.11876">
        <ele>2.71</ele>
        <time>2022-06-20T23:48:47Z</time>
      </trkpt>
      <trkpt lat="37.54648" lon="-122.11869">
        <ele>3.11</ele>
        <time>2022-06-20T23:48:48Z</time>
      </trkpt>
      <trkpt lat="37.54646" lon="-122.11861">
        <ele>3.3</ele>
        <time>2022-06-20T23:48:49Z</time>
      </trkpt>
      <trkpt lat="37.54645" lon="-122.11854">
        <ele>2.98</ele>
        <time>2022-06-20T23:48:50Z</time>
      </trkpt>
      <trkpt lat="37.54644" lon="-122.11846">
        <ele>2.66</ele>
        <time>2022-06-20T23:48:51Z</time>
      </trkpt>
      <trkpt lat="37.54643" lon="-122.11838">
        <ele>2.33</ele>
        <time>2022-06-20T23:48:52Z</time>
      </trkpt>
      <trkpt lat="37.54643" lon="-122.1183">
        <ele>2.53</ele>
        <time>2022-06-20T23:48:53Z</time>
      </trkpt>
      <trkpt lat="37.54643" lon="-122.11822">
        <ele>2.89</ele>
        <time>2022-06-20T23:48:54Z</time>
      </trkpt>
      <trkpt lat="37.54643" lon="-122.11815">
        <ele>2.89</ele>
        <time>2022-06-20T23:48:55Z</time>
      </trkpt>
      <trkpt lat="37.54643" lon="-122.11807">
        <ele>2.89</ele>
        <time>2022-06-20T23:48:56Z</time>
      </trkpt>
      <trkpt lat="37.54643" lon="-122.11799">
        <ele>2.89</ele>
        <time>2022-06-20T23:48:57Z</time>
      </trkpt>
      <trkpt lat="37.54643" lon="-122.11792">
        <ele>2.89</ele>
        <time>2022-06-20T23:48:58Z</time>
      </trkpt>
      <trkpt lat="37.54644" lon="-122.11784">
        <ele>3.1</ele>
        <time>2022-06-20T23:48:59Z</time>
      </trkpt>
      <trkpt lat="37.54644" lon="-122.11776">
        <ele>3.1</ele>
        <time>2022-06-20T23:49:00Z</time>
      </trkpt>
      <trkpt lat="37.54644" lon="-122.11768">
        <ele>3.1</ele>
        <time>2022-06-20T23:49:01Z</time>
      </trkpt>
      <trkpt lat="37.54644" lon="-122.1176">
        <ele>3.1</ele>
        <time>2022-06-20T23:49:02Z</time>
      </trkpt>
      <trkpt lat="37.54644" lon="-122.11752">
        <ele>3.1</ele>
        <time>2022-06-20T23:49:03Z</time>
      </trkpt>
      <trkpt lat="37.54644" lon="-122.11744">
        <ele>3.1</ele>
        <time>2022-06-20T23:49:04Z</time>
      </trkpt>
      <trkpt lat="37.54644" lon="-122.11736">
        <ele>2.82</ele>
        <time>2022-06-20T23:49:05Z</time>
      </trkpt>
      <trkpt lat="37.54644" lon="-122.11728">
        <ele>2.76</ele>
        <time>2022-06-20T23:49:06Z</time>
      </trkpt>
      <trkpt lat="37.54644" lon="-122.1172">
        <ele>3.1</ele>
        <time>2022-06-20T23:49:07Z</time>
      </trkpt>
      <trkpt lat="37.54644" lon="-122.11712">
        <ele>3.1</ele>
        <time>2022-06-20T23:49:08Z</time>
      </trkpt>
      <trkpt lat="37.54644" lon="-122.11704">
        <ele>3.1</ele>
        <time>2022-06-20T23:49:09Z</time>
      </trkpt>
      <trkpt lat="37.54644" lon="-122.11696">
        <ele>3.1</ele>
        <time>2022-06-20T23:49:10Z</time>
      </trkpt>
      <trkpt lat="37.54644" lon="-122.11688">
        <ele>3.1</ele>
        <time>2022-06-20T23:49:11Z</time>
      </trkpt>
      <trkpt lat="37.54644" lon="-122.1168">
        <ele>3.1</ele>
        <time>2022-06-20T23:49:12Z</time>
      </trkpt>
      <trkpt lat="37.54644" lon="-122.11672">
        <ele>3.1</ele>
        <time>2022-06-20T23:49:13Z</time>
      </trkpt>
      <trkpt lat="37.54643" lon="-122.11664">
        <ele>2.89</ele>
        <time>2022-06-20T23:49:14Z</time>
      </trkpt>
      <trkpt lat="37.54643" lon="-122.11657">
        <ele>2.91</ele>
        <time>2022-06-20T23:49:15Z</time>
      </trkpt>
      <trkpt lat="37.54643" lon="-122.11649">
        <ele>3.39</ele>
        <time>2022-06-20T23:49:16Z</time>
      </trkpt>
      <trkpt lat="37.54643" lon="-122.11642">
        <ele>3.44</ele>
        <time>2022-06-20T23:49:17Z</time>
      </trkpt>
      <trkpt lat="37.54642" lon="-122.11636">
        <ele>3.54</ele>
        <time>2022-06-20T23:49:18Z</time>
      </trkpt>
      <trkpt lat="37.54641" lon="-122.11632">
        <ele>3.8</ele>
        <time>2022-06-20T23:49:19Z</time>
      </trkpt>
      <trkpt lat="37.54639" lon="-122.11628">
        <ele>4.0</ele>
        <time>2022-06-20T23:49:20Z</time>
      </trkpt>
      <trkpt lat="37.54636" lon="-122.11625">
        <ele>3.69</ele>
        <time>2022-06-20T23:49:21Z</time>
      </trkpt>
      <trkpt lat="37.54632" lon="-122.11622">
        <ele>3.26</ele>
        <time>2022-06-20T23:49:22Z</time>
      </trkpt>
      <trkpt lat="37.54627" lon="-122.1162">
        <ele>3.23</ele>
        <time>2022-06-20T23:49:23Z</time>
      </trkpt>
      <trkpt lat="37.54622" lon="-122.11619">
        <ele>3.55</ele>
        <time>2022-06-20T23:49:24Z</time>
      </trkpt>
      <trkpt lat="37.54618" lon="-122.11618">
        <ele>3.55</ele>
        <time>2022-06-20T23:49:26Z</time>
      </trkpt>
      <trkpt lat="37.54611" lon="-122.11616">
        <ele>3.53</ele>
        <time>2022-06-20T23:49:26Z</time>
      </trkpt>
      <trkpt lat="37.54606" lon="-122.11614">
        <ele>3.52</ele>
        <time>2022-06-20T23:49:27Z</time>
      </trkpt>
      <trkpt lat="37.546" lon="-122.11613">
        <ele>3.76</ele>
        <time>2022-06-20T23:49:28Z</time>
      </trkpt>
      <trkpt lat="37.54595" lon="-122.11611">
        <ele>3.98</ele>
        <time>2022-06-20T23:49:29Z</time>
      </trkpt>
      <trkpt lat="37.5459" lon="-122.11609">
        <ele>3.62</ele>
        <time>2022-06-20T23:49:30Z</time>
      </trkpt>
      <trkpt lat="37.54586" lon="-122.11606">
        <ele>3.52</ele>
        <time>2022-06-20T23:49:31Z</time>
      </trkpt>
      <trkpt lat="37.54581" lon="-122.11604">
        <ele>3.71</ele>
        <time>2022-06-20T23:49:32Z</time>
      </trkpt>
      <trkpt lat="37.54576" lon="-122.11601">
        <ele>3.89</ele>
        <time>2022-06-20T23:49:33Z</time>
      </trkpt>
      <trkpt lat="37.5457" lon="-122.11598">
        <ele>3.51</ele>
        <time>2022-06-20T23:49:34Z</time>
      </trkpt>
      <trkpt lat="37.54565" lon="-122.11595">
        <ele>3.73</ele>
        <time>2022-06-20T23:49:35Z</time>
      </trkpt>
      <trkpt lat="37.5456" lon="-122.11593">
        <ele>3.93</ele>
        <time>2022-06-20T23:49:36Z</time>
      </trkpt>
      <trkpt lat="37.54554" lon="-122.1159">
        <ele>3.65</ele>
        <time>2022-06-20T23:49:37Z</time>
      </trkpt>
      <trkpt lat="37.54549" lon="-122.11587">
        <ele>3.54</ele>
        <time>2022-06-20T23:49:38Z</time>
      </trkpt>
      <trkpt lat="37.54544" lon="-122.11584">
        <ele>3.91</ele>
        <time>2022-06-20T23:49:39Z</time>
      </trkpt>
      <trkpt lat="37.54538" lon="-122.11582">
        <ele>3.84</ele>
        <time>2022-06-20T23:49:40Z</time>
      </trkpt>
      <trkpt lat="37.54533" lon="-122.11579">
        <ele>3.3</ele>
        <time>2022-06-20T23:49:41Z</time>
      </trkpt>
      <trkpt lat="37.54527" lon="-122.11577">
        <ele>3.03</ele>
        <time>2022-06-20T23:49:42Z</time>
      </trkpt>
      <trkpt lat="37.54522" lon="-122.11574">
        <ele>3.62</ele>
        <time>2022-06-20T23:49:43Z</time>
      </trkpt>
      <trkpt lat="37.54517" lon="-122.11572">
        <ele>3.69</ele>
        <time>2022-06-20T23:49:44Z</time>
      </trkpt>
      <trkpt lat="37.54511" lon="-122.11569">
        <ele>3.53</ele>
        <time>2022-06-20T23:49:45Z</time>
      </trkpt>
      <trkpt lat="37.54506" lon="-122.11566">
        <ele>3.83</ele>
        <time>2022-06-20T23:49:46Z</time>
      </trkpt>
      <trkpt lat="37.545" lon="-122.11563">
        <ele>3.8</ele>
        <time>2022-06-20T23:49:47Z</time>
      </trkpt>
      <trkpt lat="37.54495" lon="-122.1156">
        <ele>3.5</ele>
        <time>2022-06-20T23:49:48Z</time>
      </trkpt>
      <trkpt lat="37.5449" lon="-122.11558">
        <ele>3.71</ele>
        <time>2022-06-20T23:49:49Z</time>
      </trkpt>
      <trkpt lat="37.54485" lon="-122.11555">
        <ele>3.92</ele>
        <time>2022-06-20T23:49:50Z</time>
      </trkpt>
      <trkpt lat="37.5448" lon="-122.11553">
        <ele>3.65</ele>
        <time>2022-06-20T23:49:51Z</time>
      </trkpt>
      <trkpt lat="37.54474" lon="-122.1155">
        <ele>3.56</ele>
        <time>2022-06-20T23:49:52Z</time>
      </trkpt>
      <trkpt lat="37.54469" lon="-122.11548">
        <ele>3.75</ele>
        <time>2022-06-20T23:49:53Z</time>
      </trkpt>
      <trkpt lat="37.54464" lon="-122.11545">
        <ele>3.84</ele>
        <time>2022-06-20T23:49:54Z</time>
      </trkpt>
      <trkpt lat="37.54458" lon="-122.11542">
        <ele>3.5</ele>
        <time>2022-06-20T23:49:55Z</time>
      </trkpt>
      <trkpt lat="37.54453" lon="-122.11539">
        <ele>3.77</ele>
        <time>2022-06-20T23:49:56Z</time>
      </trkpt>
      <trkpt lat="37.54448" lon="-122.11537">
        <ele>3.99</ele>
        <time>2022-06-20T23:49:57Z</time>
      </trkpt>
      <trkpt lat="37.54442" lon="-122.11534">
        <ele>3.58</ele>
        <time>2022-06-20T23:49:58Z</time>
      </trkpt>
      <trkpt lat="37.54437" lon="-122.11532">
        <ele>3.53</ele>
        <time>2022-06-20T23:49:59Z</time>
      </trkpt>
      <trkpt lat="37.54431" lon="-122.11529">
        <ele>3.81</ele>
        <time>2022-06-20T23:50:00Z</time>
      </trkpt>
      <trkpt lat="37.54426" lon="-122.11526">
        <ele>3.81</ele>
        <time>2022-06-20T23:50:01Z</time>
      </trkpt>
      <trkpt lat="37.5442" lon="-122.11524">
        <ele>3.47</ele>
        <time>2022-06-20T23:50:02Z</time>
      </trkpt>
      <trkpt lat="37.54415" lon="-122.11521">
        <ele>3.68</ele>
        <time>2022-06-20T23:50:03Z</time>
      </trkpt>
      <trkpt lat="37.54409" lon="-122.11518">
        <ele>3.93</ele>
        <time>2022-06-20T23:50:04Z</time>
      </trkpt>
      <trkpt lat="37.54404" lon="-122.11516">
        <ele>3.56</ele>
        <time>2022-06-20T23:50:05Z</time>
      </trkpt>
      <trkpt lat="37.54398" lon="-122.11513">
        <ele>3.59</ele>
        <time>2022-06-20T23:50:06Z</time>
      </trkpt>
      <trkpt lat="37.54393" lon="-122.1151">
        <ele>3.88</ele>
        <time>2022-06-20T23:50:07Z</time>
      </trkpt>
      <trkpt lat="37.54387" lon="-122.11507">
        <ele>3.65</ele>
        <time>2022-06-20T23:50:08Z</time>
      </trkpt>
      <trkpt lat="37.54382" lon="-122.11504">
        <ele>3.53</ele>
        <time>2022-06-20T23:50:09Z</time>
      </trkpt>
      <trkpt lat="37.54377" lon="-122.11501">
        <ele>3.86</ele>
        <time>2022-06-20T23:50:10Z</time>
      </trkpt>
      <trkpt lat="37.54371" lon="-122.11498">
        <ele>3.77</ele>
        <time>2022-06-20T23:50:11Z</time>
      </trkpt>
      <trkpt lat="37.54366" lon="-122.11495">
        <ele>3.5</ele>
        <time>2022-06-20T23:50:12Z</time>
      </trkpt>
      <trkpt lat="37.54361" lon="-122.11493">
        <ele>3.75</ele>
        <time>2022-06-20T23:50:13Z</time>
      </trkpt>
      <trkpt lat="37.54355" lon="-122.1149">
        <ele>3.89</ele>
        <time>2022-06-20T23:50:14Z</time>
      </trkpt>
      <trkpt lat="37.5435" lon="-122.11487">
        <ele>3.56</ele>
        <time>2022-06-20T23:50:15Z</time>
      </trkpt>
      <trkpt lat="37.54345" lon="-122.11484">
        <ele>3.61</ele>
        <time>2022-06-20T23:50:16Z</time>
      </trkpt>
      <trkpt lat="37.5434" lon="-122.11482">
        <ele>3.93</ele>
        <time>2022-06-20T23:50:17Z</time>
      </trkpt>
      <trkpt lat="37.54335" lon="-122.1148">
        <ele>3.81</ele>
        <time>2022-06-20T23:50:18Z</time>
      </trkpt>
      <trkpt lat="37.5433" lon="-122.11477">
        <ele>3.5</ele>
        <time>2022-06-20T23:50:19Z</time>
      </trkpt>
      <trkpt lat="37.54324" lon="-122.11474">
        <ele>3.81</ele>
        <time>2022-06-20T23:50:20Z</time>
      </trkpt>
      <trkpt lat="37.54319" lon="-122.11472">
        <ele>3.97</ele>
        <time>2022-06-20T23:50:21Z</time>
      </trkpt>
      <trkpt lat="37.54315" lon="-122.11469">
        <ele>3.65</ele>
        <time>2022-06-20T23:50:22Z</time>
      </trkpt>
      <trkpt lat="37.5431" lon="-122.11467">
        <ele>3.5</ele>
        <time>2022-06-20T23:50:23Z</time>
      </trkpt>
      <trkpt lat="37.54304" lon="-122.11464">
        <ele>3.87</ele>
        <time>2022-06-20T23:50:24Z</time>
      </trkpt>
      <trkpt lat="37.54299" lon="-122.11462">
        <ele>3.87</ele>
        <time>2022-06-20T23:50:25Z</time>
      </trkpt>
      <trkpt lat="37.54294" lon="-122.11459">
        <ele>3.54</ele>
        <time>2022-06-20T23:50:26Z</time>
      </trkpt>
      <trkpt lat="37.54288" lon="-122.11457">
        <ele>3.61</ele>
        <time>2022-06-20T23:50:27Z</time>
      </trkpt>
      <trkpt lat="37.54283" lon="-122.11454">
        <ele>3.95</ele>
        <time>2022-06-20T23:50:28Z</time>
      </trkpt>
      <trkpt lat="37.54277" lon="-122.11451">
        <ele>3.67</ele>
        <time>2022-06-20T23:50:29Z</time>
      </trkpt>
      <trkpt lat="37.54272" lon="-122.11448">
        <ele>3.53</ele>
        <time>2022-06-20T23:50:30Z</time>
      </trkpt>
      <trkpt lat="37.54267" lon="-122.11446">
        <ele>3.8</ele>
        <time>2022-06-20T23:50:31Z</time>
      </trkpt>
      <trkpt lat="37.54261" lon="-122.11443">
        <ele>3.81</ele>
        <time>2022-06-20T23:50:32Z</time>
      </trkpt>
      <trkpt lat="37.54256" lon="-122.11441">
        <ele>3.54</ele>
        <time>2022-06-20T23:50:33Z</time>
      </trkpt>
      <trkpt lat="37.54251" lon="-122.11438">
        <ele>3.65</ele>
        <time>2022-06-20T23:50:34Z</time>
      </trkpt>
      <trkpt lat="37.54246" lon="-122.11436">
        <ele>3.87</ele>
        <time>2022-06-20T23:50:35Z</time>
      </trkpt>
      <trkpt lat="37.54241" lon="-122.11433">
        <ele>3.76</ele>
        <time>2022-06-20T23:50:36Z</time>
      </trkpt>
      <trkpt lat="37.54236" lon="-122.1143">
        <ele>3.5</ele>
        <time>2022-06-20T23:50:37Z</time>
      </trkpt>
      <trkpt lat="37.54231" lon="-122.11428">
        <ele>3.76</ele>
        <time>2022-06-20T23:50:38Z</time>
      </trkpt>
      <trkpt lat="37.54225" lon="-122.11425">
        <ele>3.87</ele>
        <time>2022-06-20T23:50:39Z</time>
      </trkpt>
      <trkpt lat="37.5422" lon="-122.11423">
        <ele>3.6</ele>
        <time>2022-06-20T23:50:40Z</time>
      </trkpt>
      <trkpt lat="37.54215" lon="-122.1142">
        <ele>3.58</ele>
        <time>2022-06-20T23:50:41Z</time>
      </trkpt>
      <trkpt lat="37.5421" lon="-122.11417">
        <ele>3.95</ele>
        <time>2022-06-20T23:50:42Z</time>
      </trkpt>
      <trkpt lat="37.54205" lon="-122.11414">
        <ele>3.67</ele>
        <time>2022-06-20T23:50:43Z</time>
      </trkpt>
      <trkpt lat="37.542" lon="-122.11411">
        <ele>3.48</ele>
        <time>2022-06-20T23:50:44Z</time>
      </trkpt>
      <trkpt lat="37.54194" lon="-122.11409">
        <ele>3.82</ele>
        <time>2022-06-20T23:50:45Z</time>
      </trkpt>
      <trkpt lat="37.54189" lon="-122.11406">
        <ele>3.79</ele>
        <time>2022-06-20T23:50:46Z</time>
      </trkpt>
      <trkpt lat="37.54184" lon="-122.11404">
        <ele>3.6</ele>
        <time>2022-06-20T23:50:47Z</time>
      </trkpt>
      <trkpt lat="37.54178" lon="-122.11401">
        <ele>3.61</ele>
        <time>2022-06-20T23:50:48Z</time>
      </trkpt>
      <trkpt lat="37.54173" lon="-122.11399">
        <ele>3.88</ele>
        <time>2022-06-20T23:50:49Z</time>
      </trkpt>
      <trkpt lat="37.54167" lon="-122.11396">
        <ele>3.76</ele>
        <time>2022-06-20T23:50:50Z</time>
      </trkpt>
      <trkpt lat="37.54161" lon="-122.11393">
        <ele>3.51</ele>
        <time>2022-06-20T23:50:51Z</time>
      </trkpt>
      <trkpt lat="37.54155" lon="-122.1139">
        <ele>3.62</ele>
        <time>2022-06-20T23:50:52Z</time>
      </trkpt>
      <trkpt lat="37.5415" lon="-122.11387">
        <ele>3.12</ele>
        <time>2022-06-20T23:50:53Z</time>
      </trkpt>
      <trkpt lat="37.54144" lon="-122.11384">
        <ele>3.24</ele>
        <time>2022-06-20T23:50:54Z</time>
      </trkpt>
      <trkpt lat="37.54139" lon="-122.11381">
        <ele>3.84</ele>
        <time>2022-06-20T23:50:55Z</time>
      </trkpt>
      <trkpt lat="37.54134" lon="-122.11379">
        <ele>3.9</ele>
        <time>2022-06-20T23:50:56Z</time>
      </trkpt>
      <trkpt lat="37.54128" lon="-122.11376">
        <ele>3.57</ele>
        <time>2022-06-20T23:50:57Z</time>
      </trkpt>
      <trkpt lat="37.54123" lon="-122.11373">
        <ele>3.59</ele>
        <time>2022-06-20T23:50:58Z</time>
      </trkpt>
      <trkpt lat="37.54118" lon="-122.1137">
        <ele>3.93</ele>
        <time>2022-06-20T23:50:59Z</time>
      </trkpt>
      <trkpt lat="37.54112" lon="-122.11367">
        <ele>3.6</ele>
        <time>2022-06-20T23:51:00Z</time>
      </trkpt>
      <trkpt lat="37.54106" lon="-122.11365">
        <ele>3.51</ele>
        <time>2022-06-20T23:51:01Z</time>
      </trkpt>
      <trkpt lat="37.54101" lon="-122.11362">
        <ele>3.81</ele>
        <time>2022-06-20T23:51:02Z</time>
      </trkpt>
      <trkpt lat="37.54095" lon="-122.11359">
        <ele>3.2</ele>
        <time>2022-06-20T23:51:03Z</time>
      </trkpt>
      <trkpt lat="37.5409" lon="-122.11357">
        <ele>3.12</ele>
        <time>2022-06-20T23:51:04Z</time>
      </trkpt>
      <trkpt lat="37.54084" lon="-122.11354">
        <ele>3.71</ele>
        <time>2022-06-20T23:51:05Z</time>
      </trkpt>
      <trkpt lat="37.54079" lon="-122.11351">
        <ele>3.48</ele>
        <time>2022-06-20T23:51:06Z</time>
      </trkpt>
      <trkpt lat="37.54074" lon="-122.11348">
        <ele>3.0</ele>
        <time>2022-06-20T23:51:07Z</time>
      </trkpt>
      <trkpt lat="37.54068" lon="-122.11346">
        <ele>3.41</ele>
        <time>2022-06-20T23:51:08Z</time>
      </trkpt>
      <trkpt lat="37.54063" lon="-122.11343">
        <ele>3.95</ele>
        <time>2022-06-20T23:51:09Z</time>
      </trkpt>
      <trkpt lat="37.54058" lon="-122.1134">
        <ele>3.65</ele>
        <time>2022-06-20T23:51:10Z</time>
      </trkpt>
      <trkpt lat="37.54053" lon="-122.11338">
        <ele>3.5</ele>
        <time>2022-06-20T23:51:11Z</time>
      </trkpt>
      <trkpt lat="37.54047" lon="-122.11335">
        <ele>3.77</ele>
        <time>2022-06-20T23:51:12Z</time>
      </trkpt>
      <trkpt lat="37.54042" lon="-122.11333">
        <ele>3.5</ele>
        <time>2022-06-20T23:51:13Z</time>
      </trkpt>
      <trkpt lat="37.54036" lon="-122.1133">
        <ele>3.04</ele>
        <time>2022-06-20T23:51:14Z</time>
      </trkpt>
      <trkpt lat="37.54031" lon="-122.11327">
        <ele>3.45</ele>
        <time>2022-06-20T23:51:15Z</time>
      </trkpt>
      <trkpt lat="37.54026" lon="-122.11324">
        <ele>3.99</ele>
        <time>2022-06-20T23:51:16Z</time>
      </trkpt>
      <trkpt lat="37.5402" lon="-122.11322">
        <ele>3.74</ele>
        <time>2022-06-20T23:51:17Z</time>
      </trkpt>
      <trkpt lat="37.54015" lon="-122.11319">
        <ele>3.49</ele>
        <time>2022-06-20T23:51:18Z</time>
      </trkpt>
      <trkpt lat="37.54009" lon="-122.11317">
        <ele>3.76</ele>
        <time>2022-06-20T23:51:19Z</time>
      </trkpt>
      <trkpt lat="37.54004" lon="-122.11314">
        <ele>3.87</ele>
        <time>2022-06-20T23:51:20Z</time>
      </trkpt>
      <trkpt lat="37.53999" lon="-122.11311">
        <ele>3.57</ele>
        <time>2022-06-20T23:51:21Z</time>
      </trkpt>
      <trkpt lat="37.53994" lon="-122.11309">
        <ele>3.54</ele>
        <time>2022-06-20T23:51:22Z</time>
      </trkpt>
      <trkpt lat="37.53989" lon="-122.11307">
        <ele>3.81</ele>
        <time>2022-06-20T23:51:23Z</time>
      </trkpt>
      <trkpt lat="37.53984" lon="-122.11304">
        <ele>3.79</ele>
        <time>2022-06-20T23:51:24Z</time>
      </trkpt>
      <trkpt lat="37.53979" lon="-122.11302">
        <ele>3.55</ele>
        <time>2022-06-20T23:51:25Z</time>
      </trkpt>
      <trkpt lat="37.53974" lon="-122.11299">
        <ele>3.63</ele>
        <time>2022-06-20T23:51:26Z</time>
      </trkpt>
      <trkpt lat="37.53968" lon="-122.11296">
        <ele>3.95</ele>
        <time>2022-06-20T23:51:27Z</time>
      </trkpt>
      <trkpt lat="37.53963" lon="-122.11293">
        <ele>3.64</ele>
        <time>2022-06-20T23:51:28Z</time>
      </trkpt>
      <trkpt lat="37.53957" lon="-122.1129">
        <ele>3.55</ele>
        <time>2022-06-20T23:51:29Z</time>
      </trkpt>
      <trkpt lat="37.53952" lon="-122.11288">
        <ele>3.71</ele>
        <time>2022-06-20T23:51:30Z</time>
      </trkpt>
      <trkpt lat="37.53947" lon="-122.11285">
        <ele>3.15</ele>
        <time>2022-06-20T23:51:31Z</time>
      </trkpt>
      <trkpt lat="37.53941" lon="-122.11282">
        <ele>3.2</ele>
        <time>2022-06-20T23:51:32Z</time>
      </trkpt>
      <trkpt lat="37.53936" lon="-122.1128">
        <ele>3.69</ele>
        <time>2022-06-20T23:51:33Z</time>
      </trkpt>
      <trkpt lat="37.53931" lon="-122.11277">
        <ele>3.87</ele>
        <time>2022-06-20T23:51:34Z</time>
      </trkpt>
      <trkpt lat="37.53925" lon="-122.11274">
        <ele>3.57</ele>
        <time>2022-06-20T23:51:35Z</time>
      </trkpt>
      <trkpt lat="37.5392" lon="-122.11272">
        <ele>3.53</ele>
        <time>2022-06-20T23:51:36Z</time>
      </trkpt>
      <trkpt lat="37.53915" lon="-122.11269">
        <ele>3.94</ele>
        <time>2022-06-20T23:51:37Z</time>
      </trkpt>
      <trkpt lat="37.5391" lon="-122.11267">
        <ele>3.79</ele>
        <time>2022-06-20T23:51:38Z</time>
      </trkpt>
      <trkpt lat="37.53904" lon="-122.11264">
        <ele>3.5</ele>
        <time>2022-06-20T23:51:39Z</time>
      </trkpt>
      <trkpt lat="37.53899" lon="-122.11262">
        <ele>3.67</ele>
        <time>2022-06-20T23:51:40Z</time>
      </trkpt>
      <trkpt lat="37.53894" lon="-122.11259">
        <ele>3.96</ele>
        <time>2022-06-20T23:51:41Z</time>
      </trkpt>
      <trkpt lat="37.53889" lon="-122.11257">
        <ele>3.75</ele>
        <time>2022-06-20T23:51:42Z</time>
      </trkpt>
      <trkpt lat="37.53883" lon="-122.11254">
        <ele>3.52</ele>
        <time>2022-06-20T23:51:43Z</time>
      </trkpt>
      <trkpt lat="37.53878" lon="-122.11251">
        <ele>3.87</ele>
        <time>2022-06-20T23:51:44Z</time>
      </trkpt>
      <trkpt lat="37.53873" lon="-122.11249">
        <ele>3.86</ele>
        <time>2022-06-20T23:51:45Z</time>
      </trkpt>
      <trkpt lat="37.53867" lon="-122.11246">
        <ele>3.52</ele>
        <time>2022-06-20T23:51:46Z</time>
      </trkpt>
      <trkpt lat="37.53862" lon="-122.11243">
        <ele>3.71</ele>
        <time>2022-06-20T23:51:47Z</time>
      </trkpt>
      <trkpt lat="37.53857" lon="-122.1124">
        <ele>3.47</ele>
        <time>2022-06-20T23:51:48Z</time>
      </trkpt>
      <trkpt lat="37.53851" lon="-122.11237">
        <ele>3.04</ele>
        <time>2022-06-20T23:51:49Z</time>
      </trkpt>
      <trkpt lat="37.53846" lon="-122.11234">
        <ele>3.46</ele>
        <time>2022-06-20T23:51:50Z</time>
      </trkpt>
      <trkpt lat="37.5384" lon="-122.11231">
        <ele>3.65</ele>
        <time>2022-06-20T23:51:51Z</time>
      </trkpt>
      <trkpt lat="37.53835" lon="-122.11228">
        <ele>3.04</ele>
        <time>2022-06-20T23:51:52Z</time>
      </trkpt>
      <trkpt lat="37.53829" lon="-122.11225">
        <ele>3.33</ele>
        <time>2022-06-20T23:51:53Z</time>
      </trkpt>
      <trkpt lat="37.53824" lon="-122.11223">
        <ele>3.92</ele>
        <time>2022-06-20T23:51:54Z</time>
      </trkpt>
      <trkpt lat="37.53819" lon="-122.1122">
        <ele>3.78</ele>
        <time>2022-06-20T23:51:55Z</time>
      </trkpt>
      <trkpt lat="37.53813" lon="-122.11217">
        <ele>3.91</ele>
        <time>2022-06-20T23:51:56Z</time>
      </trkpt>
      <trkpt lat="37.53808" lon="-122.11215">
        <ele>3.84</ele>
        <time>2022-06-20T23:51:57Z</time>
      </trkpt>
      <trkpt lat="37.53802" lon="-122.11212">
        <ele>3.87</ele>
        <time>2022-06-20T23:51:58Z</time>
      </trkpt>
      <trkpt lat="37.53797" lon="-122.11209">
        <ele>3.93</ele>
        <time>2022-06-20T23:51:59Z</time>
      </trkpt>
      <trkpt lat="37.53791" lon="-122.11207">
        <ele>3.8</ele>
        <time>2022-06-20T23:52:00Z</time>
      </trkpt>
      <trkpt lat="37.53785" lon="-122.11204">
        <ele>3.96</ele>
        <time>2022-06-20T23:52:01Z</time>
      </trkpt>
      <trkpt lat="37.5378" lon="-122.11201">
        <ele>3.64</ele>
        <time>2022-06-20T23:52:02Z</time>
      </trkpt>
      <trkpt lat="37.53774" lon="-122.11199">
        <ele>3.5</ele>
        <time>2022-06-20T23:52:03Z</time>
      </trkpt>
      <trkpt lat="37.53768" lon="-122.11196">
        <ele>3.83</ele>
        <time>2022-06-20T23:52:04Z</time>
      </trkpt>
      <trkpt lat="37.53762" lon="-122.11193">
        <ele>3.95</ele>
        <time>2022-06-20T23:52:05Z</time>
      </trkpt>
      <trkpt lat="37.53757" lon="-122.1119">
        <ele>3.87</ele>
        <time>2022-06-20T23:52:06Z</time>
      </trkpt>
      <trkpt lat="37.53751" lon="-122.11187">
        <ele>3.83</ele>
        <time>2022-06-20T23:52:07Z</time>
      </trkpt>
      <trkpt lat="37.53746" lon="-122.11184">
        <ele>3.87</ele>
        <time>2022-06-20T23:52:08Z</time>
      </trkpt>
      <trkpt lat="37.5374" lon="-122.11181">
        <ele>3.54</ele>
        <time>2022-06-20T23:52:09Z</time>
      </trkpt>
      <trkpt lat="37.53733" lon="-122.11179">
        <ele>3.61</ele>
        <time>2022-06-20T23:52:10Z</time>
      </trkpt>
      <trkpt lat="37.53727" lon="-122.11175">
        <ele>3.41</ele>
        <time>2022-06-20T23:52:11Z</time>
      </trkpt>
      <trkpt lat="37.53721" lon="-122.11172">
        <ele>3.06</ele>
        <time>2022-06-20T23:52:12Z</time>
      </trkpt>
      <trkpt lat="37.53715" lon="-122.11169">
        <ele>3.58</ele>
        <time>2022-06-20T23:52:13Z</time>
      </trkpt>
      <trkpt lat="37.53709" lon="-122.11165">
        <ele>3.37</ele>
        <time>2022-06-20T23:52:14Z</time>
      </trkpt>
      <trkpt lat="37.53703" lon="-122.11162">
        <ele>3.0</ele>
        <time>2022-06-20T23:52:15Z</time>
      </trkpt>
      <trkpt lat="37.53697" lon="-122.11159">
        <ele>3.0</ele>
        <time>2022-06-20T23:52:16Z</time>
      </trkpt>
      <trkpt lat="37.53691" lon="-122.11156">
        <ele>2.9</ele>
        <time>2022-06-20T23:52:17Z</time>
      </trkpt>
      <trkpt lat="37.53685" lon="-122.11153">
        <ele>3.01</ele>
        <time>2022-06-20T23:52:18Z</time>
      </trkpt>
      <trkpt lat="37.53679" lon="-122.1115">
        <ele>3.53</ele>
        <time>2022-06-20T23:52:19Z</time>
      </trkpt>
      <trkpt lat="37.53673" lon="-122.11148">
        <ele>3.66</ele>
        <time>2022-06-20T23:52:20Z</time>
      </trkpt>
      <trkpt lat="37.53667" lon="-122.11145">
        <ele>3.01</ele>
        <time>2022-06-20T23:52:21Z</time>
      </trkpt>
      <trkpt lat="37.53661" lon="-122.11142">
        <ele>3.0</ele>
        <time>2022-06-20T23:52:22Z</time>
      </trkpt>
      <trkpt lat="37.53656" lon="-122.11139">
        <ele>3.0</ele>
        <time>2022-06-20T23:52:23Z</time>
      </trkpt>
      <trkpt lat="37.5365" lon="-122.11136">
        <ele>3.25</ele>
        <time>2022-06-20T23:52:24Z</time>
      </trkpt>
      <trkpt lat="37.53644" lon="-122.11132">
        <ele>3.74</ele>
        <time>2022-06-20T23:52:25Z</time>
      </trkpt>
      <trkpt lat="37.53638" lon="-122.11129">
        <ele>3.85</ele>
        <time>2022-06-20T23:52:26Z</time>
      </trkpt>
      <trkpt lat="37.53633" lon="-122.11125">
        <ele>3.5</ele>
        <time>2022-06-20T23:52:27Z</time>
      </trkpt>
      <trkpt lat="37.53628" lon="-122.11121">
        <ele>3.59</ele>
        <time>2022-06-20T23:52:28Z</time>
      </trkpt>
      <trkpt lat="37.53624" lon="-122.11114">
        <ele>3.2</ele>
        <time>2022-06-20T23:52:29Z</time>
      </trkpt>
      <trkpt lat="37.5362" lon="-122.11107">
        <ele>2.96</ele>
        <time>2022-06-20T23:52:30Z</time>
      </trkpt>
      <trkpt lat="37.53617" lon="-122.11099">
        <ele>2.83</ele>
        <time>2022-06-20T23:52:31Z</time>
      </trkpt>
      <trkpt lat="37.53615" lon="-122.11092">
        <ele>2.88</ele>
        <time>2022-06-20T23:52:32Z</time>
      </trkpt>
      <trkpt lat="37.53613" lon="-122.11084">
        <ele>3.15</ele>
        <time>2022-06-20T23:52:33Z</time>
      </trkpt>
      <trkpt lat="37.53612" lon="-122.11077">
        <ele>3.1</ele>
        <time>2022-06-20T23:52:34Z</time>
      </trkpt>
      <trkpt lat="37.5361" lon="-122.1107">
        <ele>2.88</ele>
        <time>2022-06-20T23:52:35Z</time>
      </trkpt>
      <trkpt lat="37.53609" lon="-122.11063">
        <ele>2.92</ele>
        <time>2022-06-20T23:52:36Z</time>
      </trkpt>
      <trkpt lat="37.53608" lon="-122.11056">
        <ele>3.3</ele>
        <time>2022-06-20T23:52:37Z</time>
      </trkpt>
      <trkpt lat="37.53606" lon="-122.11049">
        <ele>3.29</ele>
        <time>2022-06-20T23:52:38Z</time>
      </trkpt>
      <trkpt lat="37.53605" lon="-122.11041">
        <ele>3.34</ele>
        <time>2022-06-20T23:52:39Z</time>
      </trkpt>
      <trkpt lat="37.53604" lon="-122.11033">
        <ele>3.13</ele>
        <time>2022-06-20T23:52:40Z</time>
      </trkpt>
      <trkpt lat="37.53602" lon="-122.11026">
        <ele>3.19</ele>
        <time>2022-06-20T23:52:41Z</time>
      </trkpt>
      <trkpt lat="37.536" lon="-122.11019">
        <ele>3.56</ele>
        <time>2022-06-20T23:52:42Z</time>
      </trkpt>
      <trkpt lat="37.53598" lon="-122.11013">
        <ele>3.42</ele>
        <time>2022-06-20T23:52:43Z</time>
      </trkpt>
      <trkpt lat="37.53595" lon="-122.11006">
        <ele>3.43</ele>
        <time>2022-06-20T23:52:44Z</time>
      </trkpt>
      <trkpt lat="37.53592" lon="-122.10999">
        <ele>3.88</ele>
        <time>2022-06-20T23:52:45Z</time>
      </trkpt>
      <trkpt lat="37.53588" lon="-122.10993">
        <ele>3.38</ele>
        <time>2022-06-20T23:52:46Z</time>
      </trkpt>
      <trkpt lat="37.53585" lon="-122.10986">
        <ele>3.42</ele>
        <time>2022-06-20T23:52:47Z</time>
      </trkpt>
      <trkpt lat="37.53581" lon="-122.1098">
        <ele>3.54</ele>
        <time>2022-06-20T23:52:48Z</time>
      </trkpt>
      <trkpt lat="37.53577" lon="-122.10973">
        <ele>3.26</ele>
        <time>2022-06-20T23:52:49Z</time>
      </trkpt>
      <trkpt lat="37.53573" lon="-122.10967">
        <ele>3.45</ele>
        <time>2022-06-20T23:52:50Z</time>
      </trkpt>
      <trkpt lat="37.53569" lon="-122.1096">
        <ele>3.48</ele>
        <time>2022-06-20T23:52:51Z</time>
      </trkpt>
      <trkpt lat="37.53565" lon="-122.10955">
        <ele>3.85</ele>
        <time>2022-06-20T23:52:52Z</time>
      </trkpt>
      <trkpt lat="37.53561" lon="-122.10949">
        <ele>3.3</ele>
        <time>2022-06-20T23:52:53Z</time>
      </trkpt>
      <trkpt lat="37.53557" lon="-122.10943">
        <ele>3.82</ele>
        <time>2022-06-20T23:52:54Z</time>
      </trkpt>
      <trkpt lat="37.53553" lon="-122.10937">
        <ele>3.67</ele>
        <time>2022-06-20T23:52:55Z</time>
      </trkpt>
      <trkpt lat="37.53549" lon="-122.10932">
        <ele>3.44</ele>
        <time>2022-06-20T23:52:56Z</time>
      </trkpt>
      <trkpt lat="37.53544" lon="-122.10926">
        <ele>3.74</ele>
        <time>2022-06-20T23:52:57Z</time>
      </trkpt>
      <trkpt lat="37.5354" lon="-122.10921">
        <ele>3.51</ele>
        <time>2022-06-20T23:52:58Z</time>
      </trkpt>
      <trkpt lat="37.53535" lon="-122.10916">
        <ele>3.74</ele>
        <time>2022-06-20T23:52:59Z</time>
      </trkpt>
      <trkpt lat="37.5353" lon="-122.10911">
        <ele>3.56</ele>
        <time>2022-06-20T23:53:00Z</time>
      </trkpt>
      <trkpt lat="37.53525" lon="-122.10906">
        <ele>3.64</ele>
        <time>2022-06-20T23:53:01Z</time>
      </trkpt>
      <trkpt lat="37.5352" lon="-122.10901">
        <ele>3.63</ele>
        <time>2022-06-20T23:53:02Z</time>
      </trkpt>
      <trkpt lat="37.53515" lon="-122.10896">
        <ele>3.56</ele>
        <time>2022-06-20T23:53:03Z</time>
      </trkpt>
      <trkpt lat="37.53509" lon="-122.10892">
        <ele>3.65</ele>
        <time>2022-06-20T23:53:04Z</time>
      </trkpt>
      <trkpt lat="37.53504" lon="-122.10888">
        <ele>3.92</ele>
        <time>2022-06-20T23:53:05Z</time>
      </trkpt>
      <trkpt lat="37.53498" lon="-122.10884">
        <ele>3.9</ele>
        <time>2022-06-20T23:53:06Z</time>
      </trkpt>
      <trkpt lat="37.53492" lon="-122.1088">
        <ele>3.97</ele>
        <time>2022-06-20T23:53:07Z</time>
      </trkpt>
      <trkpt lat="37.53487" lon="-122.10876">
        <ele>3.52</ele>
        <time>2022-06-20T23:53:08Z</time>
      </trkpt>
      <trkpt lat="37.53481" lon="-122.10872">
        <ele>3.77</ele>
        <time>2022-06-20T23:53:09Z</time>
      </trkpt>
      <trkpt lat="37.53476" lon="-122.10868">
        <ele>3.46</ele>
        <time>2022-06-20T23:53:10Z</time>
      </trkpt>
      <trkpt lat="37.5347" lon="-122.10865">
        <ele>3.58</ele>
        <time>2022-06-20T23:53:11Z</time>
      </trkpt>
      <trkpt lat="37.53464" lon="-122.10861">
        <ele>3.99</ele>
        <time>2022-06-20T23:53:12Z</time>
      </trkpt>
      <trkpt lat="37.53458" lon="-122.10857">
        <ele>3.5</ele>
        <time>2022-06-20T23:53:13Z</time>
      </trkpt>
      <trkpt lat="37.53452" lon="-122.10854">
        <ele>3.58</ele>
        <time>2022-06-20T23:53:14Z</time>
      </trkpt>
      <trkpt lat="37.53446" lon="-122.1085">
        <ele>3.1</ele>
        <time>2022-06-20T23:53:15Z</time>
      </trkpt>
      <trkpt lat="37.5344" lon="-122.10847">
        <ele>3.0</ele>
        <time>2022-06-20T23:53:16Z</time>
      </trkpt>
      <trkpt lat="37.53434" lon="-122.10844">
        <ele>2.98</ele>
        <time>2022-06-20T23:53:17Z</time>
      </trkpt>
      <trkpt lat="37.53428" lon="-122.10841">
        <ele>2.96</ele>
        <time>2022-06-20T23:53:18Z</time>
      </trkpt>
      <trkpt lat="37.53422" lon="-122.10838">
        <ele>3.0</ele>
        <time>2022-06-20T23:53:19Z</time>
      </trkpt>
      <trkpt lat="37.53416" lon="-122.10836">
        <ele>3.0</ele>
        <time>2022-06-20T23:53:20Z</time>
      </trkpt>
      <trkpt lat="37.53409" lon="-122.10833">
        <ele>2.99</ele>
        <time>2022-06-20T23:53:21Z</time>
      </trkpt>
      <trkpt lat="37.53403" lon="-122.10831">
        <ele>3.0</ele>
        <time>2022-06-20T23:53:22Z</time>
      </trkpt>
      <trkpt lat="37.53397" lon="-122.10828">
        <ele>3.07</ele>
        <time>2022-06-20T23:53:23Z</time>
      </trkpt>
      <trkpt lat="37.53391" lon="-122.10825">
        <ele>3.69</ele>
        <time>2022-06-20T23:53:24Z</time>
      </trkpt>
      <trkpt lat="37.53385" lon="-122.10823">
        <ele>3.88</ele>
        <time>2022-06-20T23:53:25Z</time>
      </trkpt>
      <trkpt lat="37.53379" lon="-122.1082">
        <ele>3.55</ele>
        <time>2022-06-20T23:53:26Z</time>
      </trkpt>
      <trkpt lat="37.53374" lon="-122.10818">
        <ele>3.53</ele>
        <time>2022-06-20T23:53:27Z</time>
      </trkpt>
      <trkpt lat="37.53368" lon="-122.10816">
        <ele>3.87</ele>
        <time>2022-06-20T23:53:28Z</time>
      </trkpt>
      <trkpt lat="37.53363" lon="-122.10814">
        <ele>3.89</ele>
        <time>2022-06-20T23:53:29Z</time>
      </trkpt>
      <trkpt lat="37.53358" lon="-122.10812">
        <ele>3.8</ele>
        <time>2022-06-20T23:53:30Z</time>
      </trkpt>
      <trkpt lat="37.53354" lon="-122.10811">
        <ele>3.9</ele>
        <time>2022-06-20T23:53:31Z</time>
      </trkpt>
      <trkpt lat="37.53351" lon="-122.10811">
        <ele>4.0</ele>
        <time>2022-06-20T23:53:32Z</time>
      </trkpt>
      <trkpt lat="37.53346" lon="-122.10812">
        <ele>4.0</ele>
        <time>2022-06-20T23:53:33Z</time>
      </trkpt>
      <trkpt lat="37.53343" lon="-122.10815">
        <ele>4.0</ele>
        <time>2022-06-20T23:53:34Z</time>
      </trkpt>
      <trkpt lat="37.5334" lon="-122.1082">
        <ele>3.44</ele>
        <time>2022-06-20T23:53:35Z</time>
      </trkpt>
      <trkpt lat="37.53338" lon="-122.10825">
        <ele>3.01</ele>
        <time>2022-06-20T23:53:36Z</time>
      </trkpt>
      <trkpt lat="37.53337" lon="-122.10829">
        <ele>2.79</ele>
        <time>2022-06-20T23:53:40Z</time>
      </trkpt>
      <trkpt lat="37.53335" lon="-122.10833">
        <ele>2.36</ele>
        <time>2022-06-20T23:53:41Z</time>
      </trkpt>
      <trkpt lat="37.53333" lon="-122.10844">
        <ele>3.11</ele>
        <time>2022-06-20T23:53:42Z</time>
      </trkpt>
      <trkpt lat="37.53332" lon="-122.10854">
        <ele>3.71</ele>
        <time>2022-06-20T23:53:43Z</time>
      </trkpt>
      <trkpt lat="37.53331" lon="-122.10864">
        <ele>3.5</ele>
        <time>2022-06-20T23:53:46Z</time>
      </trkpt>
      <trkpt lat="37.5333" lon="-122.10871">
        <ele>3.3</ele>
        <time>2022-06-20T23:53:48Z</time>
      </trkpt>
      <trkpt lat="37.53329" lon="-122.10879">
        <ele>3.5</ele>
        <time>2022-06-20T23:53:50Z</time>
      </trkpt>
      <trkpt lat="37.53327" lon="-122.10888">
        <ele>3.03</ele>
        <time>2022-06-20T23:53:53Z</time>
      </trkpt>
      <trkpt lat="37.53325" lon="-122.10897">
        <ele>3.79</ele>
        <time>2022-06-20T23:53:55Z</time>
      </trkpt>
      <trkpt lat="37.53323" lon="-122.10906">
        <ele>3.77</ele>
        <time>2022-06-20T23:53:58Z</time>
      </trkpt>
      <trkpt lat="37.5332" lon="-122.10913">
        <ele>3.12</ele>
        <time>2022-06-20T23:54:00Z</time>
      </trkpt>
      <trkpt lat="37.53318" lon="-122.10922">
        <ele>2.69</ele>
        <time>2022-06-20T23:54:03Z</time>
      </trkpt>
      <trkpt lat="37.53317" lon="-122.10931">
        <ele>2.89</ele>
        <time>2022-06-20T23:54:05Z</time>
      </trkpt>
      <trkpt lat="37.53316" lon="-122.1094">
        <ele>3.06</ele>
        <time>2022-06-20T23:54:08Z</time>
      </trkpt>
      <trkpt lat="37.53314" lon="-122.10947">
        <ele>3.16</ele>
        <time>2022-06-20T23:54:10Z</time>
      </trkpt>
      <trkpt lat="37.53313" lon="-122.10956">
        <ele>3.61</ele>
        <time>2022-06-20T23:54:12Z</time>
      </trkpt>
      <trkpt lat="37.53312" lon="-122.10965">
        <ele>3.39</ele>
        <time>2022-06-20T23:54:14Z</time>
      </trkpt>
      <trkpt lat="37.53311" lon="-122.10973">
        <ele>3.16</ele>
        <time>2022-06-20T23:54:16Z</time>
      </trkpt>
      <trkpt lat="37.53309" lon="-122.10983">
        <ele>3.0</ele>
        <time>2022-06-20T23:54:18Z</time>
      </trkpt>
      <trkpt lat="37.53307" lon="-122.1099">
        <ele>3.0</ele>
        <time>2022-06-20T23:54:20Z</time>
      </trkpt>
      <trkpt lat="37.53305" lon="-122.11002">
        <ele>3.88</ele>
        <time>2022-06-20T23:54:24Z</time>
      </trkpt>
      <trkpt lat="37.53302" lon="-122.11011">
        <ele>3.3</ele>
        <time>2022-06-20T23:54:26Z</time>
      </trkpt>
      <trkpt lat="37.53299" lon="-122.11019">
        <ele>3.31</ele>
        <time>2022-06-20T23:54:28Z</time>
      </trkpt>
      <trkpt lat="37.53296" lon="-122.11028">
        <ele>3.91</ele>
        <time>2022-06-20T23:54:31Z</time>
      </trkpt>
      <trkpt lat="37.5329" lon="-122.11036">
        <ele>3.56</ele>
        <time>2022-06-20T23:54:32Z</time>
      </trkpt>
      <trkpt lat="37.53285" lon="-122.1104">
        <ele>3.38</ele>
        <time>2022-06-20T23:54:35Z</time>
      </trkpt>
      <trkpt lat="37.53281" lon="-122.11045">
        <ele>2.96</ele>
        <time>2022-06-20T23:54:37Z</time>
      </trkpt>
      <trkpt lat="37.53272" lon="-122.11053">
        <ele>3.1</ele>
        <time>2022-06-20T23:54:39Z</time>
      </trkpt>
      <trkpt lat="37.53266" lon="-122.11061">
        <ele>3.32</ele>
        <time>2022-06-20T23:54:42Z</time>
      </trkpt>
      <trkpt lat="37.53259" lon="-122.11069">
        <ele>3.42</ele>
        <time>2022-06-20T23:54:42Z</time>
      </trkpt>
      <trkpt lat="37.53253" lon="-122.11074">
        <ele>3.32</ele>
        <time>2022-06-20T23:54:46Z</time>
      </trkpt>
      <trkpt lat="37.53247" lon="-122.11079">
        <ele>3.38</ele>
        <time>2022-06-20T23:54:48Z</time>
      </trkpt>
      <trkpt lat="37.5324" lon="-122.11085">
        <ele>3.7</ele>
        <time>2022-06-20T23:54:51Z</time>
      </trkpt>
      <trkpt lat="37.53233" lon="-122.1109">
        <ele>3.41</ele>
        <time>2022-06-20T23:54:53Z</time>
      </trkpt>
      <trkpt lat="37.53226" lon="-122.11095">
        <ele>3.46</ele>
        <time>2022-06-20T23:54:55Z</time>
      </trkpt>
      <trkpt lat="37.5322" lon="-122.11099">
        <ele>3.45</ele>
        <time>2022-06-20T23:54:57Z</time>
      </trkpt>
      <trkpt lat="37.53213" lon="-122.11104">
        <ele>3.23</ele>
        <time>2022-06-20T23:54:58Z</time>
      </trkpt>
      <trkpt lat="37.53206" lon="-122.11108">
        <ele>3.41</ele>
        <time>2022-06-20T23:55:01Z</time>
      </trkpt>
      <trkpt lat="37.532" lon="-122.11112">
        <ele>3.18</ele>
        <time>2022-06-20T23:55:03Z</time>
      </trkpt>
      <trkpt lat="37.53192" lon="-122.11118">
        <ele>2.74</ele>
        <time>2022-06-20T23:55:05Z</time>
      </trkpt>
      <trkpt lat="37.53186" lon="-122.11121">
        <ele>2.99</ele>
        <time>2022-06-20T23:55:06Z</time>
      </trkpt>
      <trkpt lat="37.53179" lon="-122.11124">
        <ele>2.59</ele>
        <time>2022-06-20T23:55:09Z</time>
      </trkpt>
      <trkpt lat="37.53168" lon="-122.11129">
        <ele>2.93</ele>
        <time>2022-06-20T23:55:12Z</time>
      </trkpt>
      <trkpt lat="37.53161" lon="-122.11131">
        <ele>3.0</ele>
        <time>2022-06-20T23:55:13Z</time>
      </trkpt>
      <trkpt lat="37.53154" lon="-122.11134">
        <ele>2.98</ele>
        <time>2022-06-20T23:55:15Z</time>
      </trkpt>
      <trkpt lat="37.53147" lon="-122.11136">
        <ele>3.29</ele>
        <time>2022-06-20T23:55:17Z</time>
      </trkpt>
      <trkpt lat="37.53141" lon="-122.1114">
        <ele>3.2</ele>
        <time>2022-06-20T23:55:18Z</time>
      </trkpt>
      <trkpt lat="37.53134" lon="-122.11144">
        <ele>3.05</ele>
        <time>2022-06-20T23:55:21Z</time>
      </trkpt>
      <trkpt lat="37.53127" lon="-122.11147">
        <ele>3.5</ele>
        <time>2022-06-20T23:55:23Z</time>
      </trkpt>
      <trkpt lat="37.53116" lon="-122.11153">
        <ele>3.02</ele>
        <time>2022-06-20T23:55:25Z</time>
      </trkpt>
      <trkpt lat="37.53109" lon="-122.11158">
        <ele>3.52</ele>
        <time>2022-06-20T23:55:25Z</time>
      </trkpt>
      <trkpt lat="37.53102" lon="-122.11163">
        <ele>3.21</ele>
        <time>2022-06-20T23:55:29Z</time>
      </trkpt>
      <trkpt lat="37.53095" lon="-122.11167">
        <ele>3.25</ele>
        <time>2022-06-20T23:55:31Z</time>
      </trkpt>
      <trkpt lat="37.53087" lon="-122.11172">
        <ele>3.09</ele>
        <time>2022-06-20T23:55:33Z</time>
      </trkpt>
      <trkpt lat="37.53079" lon="-122.11177">
        <ele>3.52</ele>
        <time>2022-06-20T23:55:35Z</time>
      </trkpt>
      <trkpt lat="37.53072" lon="-122.11181">
        <ele>3.45</ele>
        <time>2022-06-20T23:55:36Z</time>
      </trkpt>
      <trkpt lat="37.53066" lon="-122.11184">
        <ele>3.76</ele>
        <time>2022-06-20T23:55:39Z</time>
      </trkpt>
      <trkpt lat="37.5306" lon="-122.11187">
        <ele>3.49</ele>
        <time>2022-06-20T23:55:40Z</time>
      </trkpt>
      <trkpt lat="37.53052" lon="-122.11191">
        <ele>3.49</ele>
        <time>2022-06-20T23:55:41Z</time>
      </trkpt>
      <trkpt lat="37.53049" lon="-122.11191">
        <ele>3.36</ele>
        <time>2022-06-20T23:58:30Z</time>
      </trkpt>
      <trkpt lat="37.53045" lon="-122.11192">
        <ele>3.37</ele>
        <time>2022-06-20T23:58:30Z</time>
      </trkpt>
      <trkpt lat="37.53042" lon="-122.11192">
        <ele>3.13</ele>
        <time>2022-06-20T23:58:31Z</time>
      </trkpt>
      <trkpt lat="37.53039" lon="-122.11193">
        <ele>3.02</ele>
        <time>2022-06-20T23:58:32Z</time>
      </trkpt>
      <trkpt lat="37.53036" lon="-122.11194">
        <ele>2.95</ele>
        <time>2022-06-20T23:58:33Z</time>
      </trkpt>
      <trkpt lat="37.53031" lon="-122.11196">
        <ele>3.11</ele>
        <time>2022-06-20T23:58:35Z</time>
      </trkpt>
      <trkpt lat="37.53028" lon="-122.11196">
        <ele>3.16</ele>
        <time>2022-06-20T23:58:36Z</time>
      </trkpt>
      <trkpt lat="37.53025" lon="-122.11198">
        <ele>3.38</ele>
        <time>2022-06-20T23:58:37Z</time>
      </trkpt>
      <trkpt lat="37.53022" lon="-122.11199">
        <ele>3.49</ele>
        <time>2022-06-20T23:58:38Z</time>
      </trkpt>
      <trkpt lat="37.53019" lon="-122.112">
        <ele>3.6</ele>
        <time>2022-06-20T23:58:40Z</time>
      </trkpt>
      <trkpt lat="37.53015" lon="-122.112">
        <ele>3.6</ele>
        <time>2022-06-20T23:58:40Z</time>
      </trkpt>
      <trkpt lat="37.53011" lon="-122.112">
        <ele>3.6</ele>
        <time>2022-06-20T23:58:41Z</time>
      </trkpt>
      <trkpt lat="37.53008" lon="-122.112">
        <ele>3.65</ele>
        <time>2022-06-20T23:58:42Z</time>
      </trkpt>
      <trkpt lat="37.53005" lon="-122.112">
        <ele>3.78</ele>
        <time>2022-06-20T23:58:43Z</time>
      </trkpt>
      <trkpt lat="37.53002" lon="-122.11199">
        <ele>3.89</ele>
        <time>2022-06-20T23:58:45Z</time>
      </trkpt>
      <trkpt lat="37.52998" lon="-122.11199">
        <ele>4.0</ele>
        <time>2022-06-20T23:58:45Z</time>
      </trkpt>
      <trkpt lat="37.52994" lon="-122.11198">
        <ele>4.0</ele>
        <time>2022-06-20T23:58:46Z</time>
      </trkpt>
      <trkpt lat="37.52991" lon="-122.11197">
        <ele>4.0</ele>
        <time>2022-06-20T23:58:47Z</time>
      </trkpt>
      <trkpt lat="37.52988" lon="-122.11196">
        <ele>3.9</ele>
        <time>2022-06-20T23:58:48Z</time>
      </trkpt>
      <trkpt lat="37.52984" lon="-122.11195">
        <ele>3.91</ele>
        <time>2022-06-20T23:58:49Z</time>
      </trkpt>
      <trkpt lat="37.52981" lon="-122.11194">
        <ele>3.91</ele>
        <time>2022-06-20T23:58:50Z</time>
      </trkpt>
      <trkpt lat="37.52977" lon="-122.11193">
        <ele>3.76</ele>
        <time>2022-06-20T23:58:51Z</time>
      </trkpt>
      <trkpt lat="37.52974" lon="-122.11192">
        <ele>3.69</ele>
        <time>2022-06-20T23:58:52Z</time>
      </trkpt>
      <trkpt lat="37.52971" lon="-122.11191">
        <ele>3.68</ele>
        <time>2022-06-20T23:58:53Z</time>
      </trkpt>
      <trkpt lat="37.52967" lon="-122.1119">
        <ele>3.79</ele>
        <time>2022-06-20T23:58:54Z</time>
      </trkpt>
      <trkpt lat="37.52963" lon="-122.11188">
        <ele>4.0</ele>
        <time>2022-06-20T23:58:55Z</time>
      </trkpt>
      <trkpt lat="37.52959" lon="-122.11187">
        <ele>3.92</ele>
        <time>2022-06-20T23:58:56Z</time>
      </trkpt>
      <trkpt lat="37.52955" lon="-122.11185">
        <ele>3.98</ele>
        <time>2022-06-20T23:58:57Z</time>
      </trkpt>
      <trkpt lat="37.52952" lon="-122.11184">
        <ele>3.9</ele>
        <time>2022-06-20T23:58:58Z</time>
      </trkpt>
      <trkpt lat="37.52947" lon="-122.11182">
        <ele>3.91</ele>
        <time>2022-06-20T23:58:59Z</time>
      </trkpt>
      <trkpt lat="37.52943" lon="-122.11181">
        <ele>4.0</ele>
        <time>2022-06-20T23:59:00Z</time>
      </trkpt>
      <trkpt lat="37.52938" lon="-122.11179">
        <ele>4.0</ele>
        <time>2022-06-20T23:59:01Z</time>
      </trkpt>
      <trkpt lat="37.52935" lon="-122.11178">
        <ele>3.99</ele>
        <time>2022-06-20T23:59:02Z</time>
      </trkpt>
      <trkpt lat="37.5293" lon="-122.11176">
        <ele>3.99</ele>
        <time>2022-06-20T23:59:03Z</time>
      </trkpt>
      <trkpt lat="37.52926" lon="-122.11175">
        <ele>3.9</ele>
        <time>2022-06-20T23:59:04Z</time>
      </trkpt>
      <trkpt lat="37.52922" lon="-122.11173">
        <ele>3.82</ele>
        <time>2022-06-20T23:59:05Z</time>
      </trkpt>
      <trkpt lat="37.52918" lon="-122.11172">
        <ele>3.94</ele>
        <time>2022-06-20T23:59:06Z</time>
      </trkpt>
      <trkpt lat="37.52915" lon="-122.11171">
        <ele>4.0</ele>
        <time>2022-06-20T23:59:07Z</time>
      </trkpt>
      <trkpt lat="37.52911" lon="-122.1117">
        <ele>4.0</ele>
        <time>2022-06-20T23:59:08Z</time>
      </trkpt>
      <trkpt lat="37.52906" lon="-122.11169">
        <ele>3.96</ele>
        <time>2022-06-20T23:59:09Z</time>
      </trkpt>
      <trkpt lat="37.52903" lon="-122.11168">
        <ele>3.93</ele>
        <time>2022-06-20T23:59:10Z</time>
      </trkpt>
      <trkpt lat="37.52898" lon="-122.11167">
        <ele>3.96</ele>
        <time>2022-06-20T23:59:11Z</time>
      </trkpt>
      <trkpt lat="37.52894" lon="-122.11166">
        <ele>3.93</ele>
        <time>2022-06-20T23:59:12Z</time>
      </trkpt>
      <trkpt lat="37.5289" lon="-122.11166">
        <ele>3.93</ele>
        <time>2022-06-20T23:59:13Z</time>
      </trkpt>
      <trkpt lat="37.52886" lon="-122.11165">
        <ele>3.82</ele>
        <time>2022-06-20T23:59:14Z</time>
      </trkpt>
      <trkpt lat="37.52882" lon="-122.11164">
        <ele>3.71</ele>
        <time>2022-06-20T23:59:15Z</time>
      </trkpt>
      <trkpt lat="37.52876" lon="-122.11163">
        <ele>3.76</ele>
        <time>2022-06-20T23:59:16Z</time>
      </trkpt>
      <trkpt lat="37.52871" lon="-122.11162">
        <ele>3.97</ele>
        <time>2022-06-20T23:59:17Z</time>
      </trkpt>
      <trkpt lat="37.52867" lon="-122.11161">
        <ele>4.0</ele>
        <time>2022-06-20T23:59:18Z</time>
      </trkpt>
      <trkpt lat="37.52862" lon="-122.1116">
        <ele>4.0</ele>
        <time>2022-06-20T23:59:20Z</time>
      </trkpt>
      <trkpt lat="37.52857" lon="-122.11159">
        <ele>3.92</ele>
        <time>2022-06-20T23:59:20Z</time>
      </trkpt>
      <trkpt lat="37.52852" lon="-122.11158">
        <ele>3.94</ele>
        <time>2022-06-20T23:59:21Z</time>
      </trkpt>
      <trkpt lat="37.52847" lon="-122.11157">
        <ele>3.96</ele>
        <time>2022-06-20T23:59:22Z</time>
      </trkpt>
      <trkpt lat="37.52842" lon="-122.11155">
        <ele>3.76</ele>
        <time>2022-06-20T23:59:23Z</time>
      </trkpt>
      <trkpt lat="37.52837" lon="-122.11154">
        <ele>3.85</ele>
        <time>2022-06-20T23:59:24Z</time>
      </trkpt>
      <trkpt lat="37.52833" lon="-122.11153">
        <ele>3.98</ele>
        <time>2022-06-20T23:59:25Z</time>
      </trkpt>
      <trkpt lat="37.52828" lon="-122.11151">
        <ele>3.82</ele>
        <time>2022-06-20T23:59:26Z</time>
      </trkpt>
      <trkpt lat="37.52823" lon="-122.1115">
        <ele>3.78</ele>
        <time>2022-06-20T23:59:27Z</time>
      </trkpt>
      <trkpt lat="37.52819" lon="-122.11149">
        <ele>3.86</ele>
        <time>2022-06-20T23:59:28Z</time>
      </trkpt>
      <trkpt lat="37.52814" lon="-122.11148">
        <ele>3.99</ele>
        <time>2022-06-20T23:59:29Z</time>
      </trkpt>
      <trkpt lat="37.52809" lon="-122.11146">
        <ele>3.91</ele>
        <time>2022-06-20T23:59:30Z</time>
      </trkpt>
      <trkpt lat="37.52804" lon="-122.11145">
        <ele>4.0</ele>
        <time>2022-06-20T23:59:31Z</time>
      </trkpt>
      <trkpt lat="37.52799" lon="-122.11143">
        <ele>4.0</ele>
        <time>2022-06-20T23:59:32Z</time>
      </trkpt>
      <trkpt lat="37.52794" lon="-122.11141">
        <ele>3.89</ele>
        <time>2022-06-20T23:59:33Z</time>
      </trkpt>
      <trkpt lat="37.52789" lon="-122.1114">
        <ele>3.81</ele>
        <time>2022-06-20T23:59:34Z</time>
      </trkpt>
      <trkpt lat="37.52784" lon="-122.11138">
        <ele>3.84</ele>
        <time>2022-06-20T23:59:35Z</time>
      </trkpt>
      <trkpt lat="37.52779" lon="-122.11137">
        <ele>3.77</ele>
        <time>2022-06-20T23:59:36Z</time>
      </trkpt>
      <trkpt lat="37.52773" lon="-122.11135">
        <ele>3.8</ele>
        <time>2022-06-20T23:59:37Z</time>
      </trkpt>
      <trkpt lat="37.52769" lon="-122.11133">
        <ele>3.97</ele>
        <time>2022-06-20T23:59:38Z</time>
      </trkpt>
      <trkpt lat="37.52764" lon="-122.11132">
        <ele>3.88</ele>
        <time>2022-06-20T23:59:39Z</time>
      </trkpt>
      <trkpt lat="37.52759" lon="-122.1113">
        <ele>3.96</ele>
        <time>2022-06-20T23:59:40Z</time>
      </trkpt>
      <trkpt lat="37.52755" lon="-122.11129">
        <ele>3.9</ele>
        <time>2022-06-20T23:59:41Z</time>
      </trkpt>
      <trkpt lat="37.5275" lon="-122.11128">
        <ele>3.82</ele>
        <time>2022-06-20T23:59:42Z</time>
      </trkpt>
      <trkpt lat="37.52745" lon="-122.11127">
        <ele>3.87</ele>
        <time>2022-06-20T23:59:43Z</time>
      </trkpt>
      <trkpt lat="37.5274" lon="-122.11126">
        <ele>4.0</ele>
        <time>2022-06-20T23:59:44Z</time>
      </trkpt>
      <trkpt lat="37.52734" lon="-122.11124">
        <ele>4.0</ele>
        <time>2022-06-20T23:59:45Z</time>
      </trkpt>
      <trkpt lat="37.52729" lon="-122.11123">
        <ele>3.92</ele>
        <time>2022-06-20T23:59:46Z</time>
      </trkpt>
      <trkpt lat="37.52724" lon="-122.11122">
        <ele>3.86</ele>
        <time>2022-06-20T23:59:47Z</time>
      </trkpt>
      <trkpt lat="37.52719" lon="-122.1112">
        <ele>3.97</ele>
        <time>2022-06-20T23:59:48Z</time>
      </trkpt>
      <trkpt lat="37.52713" lon="-122.11119">
        <ele>4.0</ele>
        <time>2022-06-20T23:59:49Z</time>
      </trkpt>
      <trkpt lat="37.52708" lon="-122.11117">
        <ele>4.0</ele>
        <time>2022-06-20T23:59:50Z</time>
      </trkpt>
      <trkpt lat="37.52703" lon="-122.11116">
        <ele>3.96</ele>
        <time>2022-06-20T23:59:51Z</time>
      </trkpt>
      <trkpt lat="37.52697" lon="-122.11114">
        <ele>3.77</ele>
        <time>2022-06-20T23:59:52Z</time>
      </trkpt>
      <trkpt lat="37.52692" lon="-122.11112">
        <ele>3.88</ele>
        <time>2022-06-20T23:59:53Z</time>
      </trkpt>
      <trkpt lat="37.52687" lon="-122.1111">
        <ele>3.86</ele>
        <time>2022-06-20T23:59:54Z</time>
      </trkpt>
      <trkpt lat="37.52682" lon="-122.11109">
        <ele>3.85</ele>
        <time>2022-06-20T23:59:55Z</time>
      </trkpt>
      <trkpt lat="37.52676" lon="-122.11107">
        <ele>4.0</ele>
        <time>2022-06-20T23:59:56Z</time>
      </trkpt>
      <trkpt lat="37.52671" lon="-122.11106">
        <ele>4.0</ele>
        <time>2022-06-20T23:59:57Z</time>
      </trkpt>
      <trkpt lat="37.52666" lon="-122.11104">
        <ele>3.98</ele>
        <time>2022-06-20T23:59:58Z</time>
      </trkpt>
      <trkpt lat="37.52661" lon="-122.11103">
        <ele>3.92</ele>
        <time>2022-06-20T23:59:59Z</time>
      </trkpt>
      <trkpt lat="37.52655" lon="-122.11101">
        <ele>3.93</ele>
        <time>2022-06-21T00:00:00Z</time>
      </trkpt>
      <trkpt lat="37.52649" lon="-122.11099">
        <ele>3.97</ele>
        <time>2022-06-21T00:00:01Z</time>
      </trkpt>
      <trkpt lat="37.52644" lon="-122.11098">
        <ele>4.0</ele>
        <time>2022-06-21T00:00:02Z</time>
      </trkpt>
      <trkpt lat="37.52638" lon="-122.11096">
        <ele>3.96</ele>
        <time>2022-06-21T00:00:03Z</time>
      </trkpt>
      <trkpt lat="37.52633" lon="-122.11094">
        <ele>3.9</ele>
        <time>2022-06-21T00:00:04Z</time>
      </trkpt>
      <trkpt lat="37.52627" lon="-122.11093">
        <ele>3.94</ele>
        <time>2022-06-21T00:00:05Z</time>
      </trkpt>
      <trkpt lat="37.52621" lon="-122.11091">
        <ele>3.82</ele>
        <time>2022-06-21T00:00:06Z</time>
      </trkpt>
      <trkpt lat="37.52615" lon="-122.1109">
        <ele>3.72</ele>
        <time>2022-06-21T00:00:07Z</time>
      </trkpt>
      <trkpt lat="37.5261" lon="-122.11089">
        <ele>3.66</ele>
        <time>2022-06-21T00:00:08Z</time>
      </trkpt>
      <trkpt lat="37.52604" lon="-122.11087">
        <ele>3.86</ele>
        <time>2022-06-21T00:00:09Z</time>
      </trkpt>
      <trkpt lat="37.52598" lon="-122.11086">
        <ele>3.88</ele>
        <time>2022-06-21T00:00:10Z</time>
      </trkpt>
      <trkpt lat="37.52593" lon="-122.11085">
        <ele>3.83</ele>
        <time>2022-06-21T00:00:11Z</time>
      </trkpt>
      <trkpt lat="37.52587" lon="-122.11084">
        <ele>3.93</ele>
        <time>2022-06-21T00:00:12Z</time>
      </trkpt>
      <trkpt lat="37.52582" lon="-122.11083">
        <ele>3.93</ele>
        <time>2022-06-21T00:00:13Z</time>
      </trkpt>
      <trkpt lat="37.52576" lon="-122.11082">
        <ele>3.83</ele>
        <time>2022-06-21T00:00:14Z</time>
      </trkpt>
      <trkpt lat="37.5257" lon="-122.11082">
        <ele>3.92</ele>
        <time>2022-06-21T00:00:15Z</time>
      </trkpt>
      <trkpt lat="37.52565" lon="-122.11081">
        <ele>3.99</ele>
        <time>2022-06-21T00:00:16Z</time>
      </trkpt>
      <trkpt lat="37.52559" lon="-122.1108">
        <ele>4.0</ele>
        <time>2022-06-21T00:00:17Z</time>
      </trkpt>
      <trkpt lat="37.52554" lon="-122.11079">
        <ele>3.91</ele>
        <time>2022-06-21T00:00:18Z</time>
      </trkpt>
      <trkpt lat="37.52548" lon="-122.11077">
        <ele>3.74</ele>
        <time>2022-06-21T00:00:19Z</time>
      </trkpt>
      <trkpt lat="37.52543" lon="-122.11075">
        <ele>3.86</ele>
        <time>2022-06-21T00:00:20Z</time>
      </trkpt>
      <trkpt lat="37.52538" lon="-122.11074">
        <ele>3.99</ele>
        <time>2022-06-21T00:00:21Z</time>
      </trkpt>
      <trkpt lat="37.52533" lon="-122.11072">
        <ele>3.87</ele>
        <time>2022-06-21T00:00:22Z</time>
      </trkpt>
      <trkpt lat="37.52528" lon="-122.1107">
        <ele>3.99</ele>
        <time>2022-06-21T00:00:23Z</time>
      </trkpt>
      <trkpt lat="37.52522" lon="-122.11069">
        <ele>3.72</ele>
        <time>2022-06-21T00:00:24Z</time>
      </trkpt>
      <trkpt lat="37.52517" lon="-122.11067">
        <ele>3.73</ele>
        <time>2022-06-21T00:00:25Z</time>
      </trkpt>
      <trkpt lat="37.52511" lon="-122.11066">
        <ele>3.77</ele>
        <time>2022-06-21T00:00:26Z</time>
      </trkpt>
      <trkpt lat="37.52506" lon="-122.11064">
        <ele>3.85</ele>
        <time>2022-06-21T00:00:27Z</time>
      </trkpt>
      <trkpt lat="37.525" lon="-122.11063">
        <ele>3.8</ele>
        <time>2022-06-21T00:00:28Z</time>
      </trkpt>
      <trkpt lat="37.52494" lon="-122.11062">
        <ele>3.89</ele>
        <time>2022-06-21T00:00:29Z</time>
      </trkpt>
      <trkpt lat="37.52488" lon="-122.11062">
        <ele>4.0</ele>
        <time>2022-06-21T00:00:30Z</time>
      </trkpt>
      <trkpt lat="37.52483" lon="-122.11061">
        <ele>4.0</ele>
        <time>2022-06-21T00:00:31Z</time>
      </trkpt>
      <trkpt lat="37.52477" lon="-122.1106">
        <ele>4.0</ele>
        <time>2022-06-21T00:00:32Z</time>
      </trkpt>
      <trkpt lat="37.52471" lon="-122.1106">
        <ele>4.0</ele>
        <time>2022-06-21T00:00:33Z</time>
      </trkpt>
      <trkpt lat="37.52466" lon="-122.11059">
        <ele>4.0</ele>
        <time>2022-06-21T00:00:34Z</time>
      </trkpt>
      <trkpt lat="37.5246" lon="-122.11058">
        <ele>3.92</ele>
        <time>2022-06-21T00:00:35Z</time>
      </trkpt>
      <trkpt lat="37.52454" lon="-122.11057">
        <ele>3.85</ele>
        <time>2022-06-21T00:00:36Z</time>
      </trkpt>
      <trkpt lat="37.52449" lon="-122.11056">
        <ele>3.93</ele>
        <time>2022-06-21T00:00:37Z</time>
      </trkpt>
      <trkpt lat="37.52444" lon="-122.11056">
        <ele>3.9</ele>
        <time>2022-06-21T00:00:38Z</time>
      </trkpt>
      <trkpt lat="37.52438" lon="-122.11055">
        <ele>3.94</ele>
        <time>2022-06-21T00:00:39Z</time>
      </trkpt>
      <trkpt lat="37.52433" lon="-122.11054">
        <ele>4.07</ele>
        <time>2022-06-21T00:00:40Z</time>
      </trkpt>
      <trkpt lat="37.52427" lon="-122.11053">
        <ele>4.61</ele>
        <time>2022-06-21T00:00:41Z</time>
      </trkpt>
      <trkpt lat="37.52422" lon="-122.11053">
        <ele>4.72</ele>
        <time>2022-06-21T00:00:42Z</time>
      </trkpt>
      <trkpt lat="37.52416" lon="-122.11052">
        <ele>4.57</ele>
        <time>2022-06-21T00:00:43Z</time>
      </trkpt>
      <trkpt lat="37.5241" lon="-122.11052">
        <ele>4.17</ele>
        <time>2022-06-21T00:00:44Z</time>
      </trkpt>
      <trkpt lat="37.52404" lon="-122.11051">
        <ele>4.0</ele>
        <time>2022-06-21T00:00:45Z</time>
      </trkpt>
      <trkpt lat="37.52398" lon="-122.11051">
        <ele>3.99</ele>
        <time>2022-06-21T00:00:46Z</time>
      </trkpt>
      <trkpt lat="37.52392" lon="-122.1105">
        <ele>3.73</ele>
        <time>2022-06-21T00:00:47Z</time>
      </trkpt>
      <trkpt lat="37.52386" lon="-122.1105">
        <ele>3.6</ele>
        <time>2022-06-21T00:00:48Z</time>
      </trkpt>
      <trkpt lat="37.5238" lon="-122.11049">
        <ele>3.71</ele>
        <time>2022-06-21T00:00:49Z</time>
      </trkpt>
      <trkpt lat="37.52374" lon="-122.11048">
        <ele>3.82</ele>
        <time>2022-06-21T00:00:50Z</time>
      </trkpt>
      <trkpt lat="37.52367" lon="-122.11048">
        <ele>3.82</ele>
        <time>2022-06-21T00:00:51Z</time>
      </trkpt>
      <trkpt lat="37.52362" lon="-122.11047">
        <ele>3.92</ele>
        <time>2022-06-21T00:00:52Z</time>
      </trkpt>
      <trkpt lat="37.52356" lon="-122.11047">
        <ele>3.88</ele>
        <time>2022-06-21T00:00:53Z</time>
      </trkpt>
      <trkpt lat="37.5235" lon="-122.11047">
        <ele>3.85</ele>
        <time>2022-06-21T00:00:54Z</time>
      </trkpt>
      <trkpt lat="37.52344" lon="-122.11046">
        <ele>3.97</ele>
        <time>2022-06-21T00:00:55Z</time>
      </trkpt>
      <trkpt lat="37.52338" lon="-122.11045">
        <ele>4.36</ele>
        <time>2022-06-21T00:00:56Z</time>
      </trkpt>
      <trkpt lat="37.52332" lon="-122.11044">
        <ele>4.64</ele>
        <time>2022-06-21T00:00:57Z</time>
      </trkpt>
      <trkpt lat="37.52326" lon="-122.11044">
        <ele>4.16</ele>
        <time>2022-06-21T00:00:58Z</time>
      </trkpt>
      <trkpt lat="37.5232" lon="-122.11043">
        <ele>4.0</ele>
        <time>2022-06-21T00:00:59Z</time>
      </trkpt>
      <trkpt lat="37.52314" lon="-122.11042">
        <ele>4.0</ele>
        <time>2022-06-21T00:01:00Z</time>
      </trkpt>
      <trkpt lat="37.52308" lon="-122.11042">
        <ele>4.0</ele>
        <time>2022-06-21T00:01:01Z</time>
      </trkpt>
      <trkpt lat="37.52302" lon="-122.11041">
        <ele>3.84</ele>
        <time>2022-06-21T00:01:02Z</time>
      </trkpt>
      <trkpt lat="37.52296" lon="-122.11041">
        <ele>3.57</ele>
        <time>2022-06-21T00:01:03Z</time>
      </trkpt>
      <trkpt lat="37.5229" lon="-122.1104">
        <ele>3.68</ele>
        <time>2022-06-21T00:01:04Z</time>
      </trkpt>
      <trkpt lat="37.52283" lon="-122.11039">
        <ele>3.79</ele>
        <time>2022-06-21T00:01:05Z</time>
      </trkpt>
      <trkpt lat="37.52277" lon="-122.11039">
        <ele>3.77</ele>
        <time>2022-06-21T00:01:06Z</time>
      </trkpt>
      <trkpt lat="37.5227" lon="-122.11038">
        <ele>3.81</ele>
        <time>2022-06-21T00:01:07Z</time>
      </trkpt>
      <trkpt lat="37.52264" lon="-122.11037">
        <ele>4.0</ele>
        <time>2022-06-21T00:01:08Z</time>
      </trkpt>
      <trkpt lat="37.52258" lon="-122.11037">
        <ele>4.0</ele>
        <time>2022-06-21T00:01:09Z</time>
      </trkpt>
      <trkpt lat="37.52252" lon="-122.11036">
        <ele>3.89</ele>
        <time>2022-06-21T00:01:10Z</time>
      </trkpt>
      <trkpt lat="37.52246" lon="-122.11036">
        <ele>3.94</ele>
        <time>2022-06-21T00:01:11Z</time>
      </trkpt>
      <trkpt lat="37.52239" lon="-122.11035">
        <ele>4.0</ele>
        <time>2022-06-21T00:01:12Z</time>
      </trkpt>
      <trkpt lat="37.52233" lon="-122.11035">
        <ele>4.0</ele>
        <time>2022-06-21T00:01:13Z</time>
      </trkpt>
      <trkpt lat="37.52227" lon="-122.11035">
        <ele>4.0</ele>
        <time>2022-06-21T00:01:14Z</time>
      </trkpt>
      <trkpt lat="37.52221" lon="-122.11034">
        <ele>4.0</ele>
        <time>2022-06-21T00:01:15Z</time>
      </trkpt>
      <trkpt lat="37.52215" lon="-122.11034">
        <ele>4.0</ele>
        <time>2022-06-21T00:01:16Z</time>
      </trkpt>
      <trkpt lat="37.52208" lon="-122.11033">
        <ele>4.0</ele>
        <time>2022-06-21T00:01:17Z</time>
      </trkpt>
      <trkpt lat="37.52202" lon="-122.11033">
        <ele>3.9</ele>
        <time>2022-06-21T00:01:18Z</time>
      </trkpt>
      <trkpt lat="37.52195" lon="-122.11032">
        <ele>3.57</ele>
        <time>2022-06-21T00:01:19Z</time>
      </trkpt>
      <trkpt lat="37.52189" lon="-122.11031">
        <ele>3.65</ele>
        <time>2022-06-21T00:01:20Z</time>
      </trkpt>
      <trkpt lat="37.52182" lon="-122.1103">
        <ele>3.68</ele>
        <time>2022-06-21T00:01:21Z</time>
      </trkpt>
      <trkpt lat="37.52176" lon="-122.11029">
        <ele>3.74</ele>
        <time>2022-06-21T00:01:22Z</time>
      </trkpt>
      <trkpt lat="37.5217" lon="-122.11028">
        <ele>3.95</ele>
        <time>2022-06-21T00:01:23Z</time>
      </trkpt>
      <trkpt lat="37.52164" lon="-122.11027">
        <ele>3.92</ele>
        <time>2022-06-21T00:01:24Z</time>
      </trkpt>
      <trkpt lat="37.52158" lon="-122.11026">
        <ele>3.81</ele>
        <time>2022-06-21T00:01:25Z</time>
      </trkpt>
      <trkpt lat="37.52152" lon="-122.11026">
        <ele>3.81</ele>
        <time>2022-06-21T00:01:26Z</time>
      </trkpt>
      <trkpt lat="37.52146" lon="-122.11025">
        <ele>3.7</ele>
        <time>2022-06-21T00:01:27Z</time>
      </trkpt>
      <trkpt lat="37.5214" lon="-122.11025">
        <ele>3.7</ele>
        <time>2022-06-21T00:01:28Z</time>
      </trkpt>
      <trkpt lat="37.52134" lon="-122.11025">
        <ele>3.86</ele>
        <time>2022-06-21T00:01:29Z</time>
      </trkpt>
      <trkpt lat="37.52128" lon="-122.11025">
        <ele>4.0</ele>
        <time>2022-06-21T00:01:30Z</time>
      </trkpt>
      <trkpt lat="37.52122" lon="-122.11025">
        <ele>4.0</ele>
        <time>2022-06-21T00:01:31Z</time>
      </trkpt>
      <trkpt lat="37.52116" lon="-122.11024">
        <ele>4.0</ele>
        <time>2022-06-21T00:01:32Z</time>
      </trkpt>
      <trkpt lat="37.5211" lon="-122.11024">
        <ele>4.0</ele>
        <time>2022-06-21T00:01:33Z</time>
      </trkpt>
      <trkpt lat="37.52104" lon="-122.11023">
        <ele>4.0</ele>
        <time>2022-06-21T00:01:34Z</time>
      </trkpt>
      <trkpt lat="37.52097" lon="-122.11023">
        <ele>4.0</ele>
        <time>2022-06-21T00:01:35Z</time>
      </trkpt>
      <trkpt lat="37.52091" lon="-122.11022">
        <ele>3.94</ele>
        <time>2022-06-21T00:01:36Z</time>
      </trkpt>
      <trkpt lat="37.52084" lon="-122.11021">
        <ele>3.75</ele>
        <time>2022-06-21T00:01:37Z</time>
      </trkpt>
      <trkpt lat="37.52078" lon="-122.1102">
        <ele>3.75</ele>
        <time>2022-06-21T00:01:38Z</time>
      </trkpt>
      <trkpt lat="37.52072" lon="-122.11019">
        <ele>3.9</ele>
        <time>2022-06-21T00:01:39Z</time>
      </trkpt>
      <trkpt lat="37.52066" lon="-122.11018">
        <ele>3.94</ele>
        <time>2022-06-21T00:01:40Z</time>
      </trkpt>
      <trkpt lat="37.5206" lon="-122.11017">
        <ele>3.84</ele>
        <time>2022-06-21T00:01:41Z</time>
      </trkpt>
      <trkpt lat="37.52054" lon="-122.11016">
        <ele>3.73</ele>
        <time>2022-06-21T00:01:42Z</time>
      </trkpt>
      <trkpt lat="37.52049" lon="-122.11016">
        <ele>3.73</ele>
        <time>2022-06-21T00:01:43Z</time>
      </trkpt>
      <trkpt lat="37.52043" lon="-122.11015">
        <ele>3.76</ele>
        <time>2022-06-21T00:01:44Z</time>
      </trkpt>
      <trkpt lat="37.52037" lon="-122.11015">
        <ele>4.0</ele>
        <time>2022-06-21T00:01:45Z</time>
      </trkpt>
      <trkpt lat="37.52032" lon="-122.11014">
        <ele>4.0</ele>
        <time>2022-06-21T00:01:46Z</time>
      </trkpt>
      <trkpt lat="37.52026" lon="-122.11014">
        <ele>3.9</ele>
        <time>2022-06-21T00:01:47Z</time>
      </trkpt>
      <trkpt lat="37.5202" lon="-122.11013">
        <ele>3.66</ele>
        <time>2022-06-21T00:01:48Z</time>
      </trkpt>
      <trkpt lat="37.52015" lon="-122.11013">
        <ele>3.6</ele>
        <time>2022-06-21T00:01:49Z</time>
      </trkpt>
      <trkpt lat="37.52009" lon="-122.11012">
        <ele>3.7</ele>
        <time>2022-06-21T00:01:50Z</time>
      </trkpt>
      <trkpt lat="37.52003" lon="-122.11011">
        <ele>3.81</ele>
        <time>2022-06-21T00:01:51Z</time>
      </trkpt>
      <trkpt lat="37.51997" lon="-122.11011">
        <ele>3.81</ele>
        <time>2022-06-21T00:01:52Z</time>
      </trkpt>
      <trkpt lat="37.51991" lon="-122.1101">
        <ele>3.92</ele>
        <time>2022-06-21T00:01:53Z</time>
      </trkpt>
      <trkpt lat="37.51985" lon="-122.1101">
        <ele>3.87</ele>
        <time>2022-06-21T00:01:54Z</time>
      </trkpt>
      <trkpt lat="37.51979" lon="-122.11009">
        <ele>3.97</ele>
        <time>2022-06-21T00:01:55Z</time>
      </trkpt>
      <trkpt lat="37.51973" lon="-122.11009">
        <ele>3.97</ele>
        <time>2022-06-21T00:01:56Z</time>
      </trkpt>
      <trkpt lat="37.51968" lon="-122.11008">
        <ele>3.93</ele>
        <time>2022-06-21T00:01:57Z</time>
      </trkpt>
      <trkpt lat="37.51962" lon="-122.11008">
        <ele>4.0</ele>
        <time>2022-06-21T00:01:58Z</time>
      </trkpt>
      <trkpt lat="37.51956" lon="-122.11007">
        <ele>4.0</ele>
        <time>2022-06-21T00:01:59Z</time>
      </trkpt>
      <trkpt lat="37.5195" lon="-122.11007">
        <ele>4.0</ele>
        <time>2022-06-21T00:02:00Z</time>
      </trkpt>
      <trkpt lat="37.51944" lon="-122.11006">
        <ele>4.0</ele>
        <time>2022-06-21T00:02:01Z</time>
      </trkpt>
      <trkpt lat="37.51938" lon="-122.11005">
        <ele>4.0</ele>
        <time>2022-06-21T00:02:02Z</time>
      </trkpt>
      <trkpt lat="37.51932" lon="-122.11005">
        <ele>3.81</ele>
        <time>2022-06-21T00:02:03Z</time>
      </trkpt>
      <trkpt lat="37.51926" lon="-122.11004">
        <ele>3.57</ele>
        <time>2022-06-21T00:02:04Z</time>
      </trkpt>
      <trkpt lat="37.5192" lon="-122.11003">
        <ele>3.68</ele>
        <time>2022-06-21T00:02:05Z</time>
      </trkpt>
      <trkpt lat="37.51914" lon="-122.11003">
        <ele>3.58</ele>
        <time>2022-06-21T00:02:06Z</time>
      </trkpt>
      <trkpt lat="37.51908" lon="-122.11002">
        <ele>3.58</ele>
        <time>2022-06-21T00:02:07Z</time>
      </trkpt>
      <trkpt lat="37.51902" lon="-122.11002">
        <ele>3.57</ele>
        <time>2022-06-21T00:02:08Z</time>
      </trkpt>
      <trkpt lat="37.51896" lon="-122.11001">
        <ele>3.78</ele>
        <time>2022-06-21T00:02:09Z</time>
      </trkpt>
      <trkpt lat="37.5189" lon="-122.11001">
        <ele>3.78</ele>
        <time>2022-06-21T00:02:10Z</time>
      </trkpt>
      <trkpt lat="37.51884" lon="-122.11001">
        <ele>3.78</ele>
        <time>2022-06-21T00:02:11Z</time>
      </trkpt>
      <trkpt lat="37.51878" lon="-122.11">
        <ele>4.0</ele>
        <time>2022-06-21T00:02:12Z</time>
      </trkpt>
      <trkpt lat="37.51872" lon="-122.11">
        <ele>4.0</ele>
        <time>2022-06-21T00:02:13Z</time>
      </trkpt>
      <trkpt lat="37.51865" lon="-122.11">
        <ele>4.0</ele>
        <time>2022-06-21T00:02:14Z</time>
      </trkpt>
      <trkpt lat="37.51859" lon="-122.10999">
        <ele>3.89</ele>
        <time>2022-06-21T00:02:15Z</time>
      </trkpt>
      <trkpt lat="37.51853" lon="-122.10999">
        <ele>3.89</ele>
        <time>2022-06-21T00:02:16Z</time>
      </trkpt>
      <trkpt lat="37.51846" lon="-122.10998">
        <ele>3.92</ele>
        <time>2022-06-21T00:02:17Z</time>
      </trkpt>
      <trkpt lat="37.5184" lon="-122.10998">
        <ele>4.0</ele>
        <time>2022-06-21T00:02:18Z</time>
      </trkpt>
      <trkpt lat="37.51834" lon="-122.10997">
        <ele>4.0</ele>
        <time>2022-06-21T00:02:19Z</time>
      </trkpt>
      <trkpt lat="37.51827" lon="-122.10996">
        <ele>4.0</ele>
        <time>2022-06-21T00:02:20Z</time>
      </trkpt>
      <trkpt lat="37.51821" lon="-122.10995">
        <ele>3.85</ele>
        <time>2022-06-21T00:02:21Z</time>
      </trkpt>
      <trkpt lat="37.51815" lon="-122.10994">
        <ele>3.66</ele>
        <time>2022-06-21T00:02:22Z</time>
      </trkpt>
      <trkpt lat="37.51809" lon="-122.10993">
        <ele>3.6</ele>
        <time>2022-06-21T00:02:23Z</time>
      </trkpt>
      <trkpt lat="37.51803" lon="-122.10992">
        <ele>3.73</ele>
        <time>2022-06-21T00:02:24Z</time>
      </trkpt>
      <trkpt lat="37.51797" lon="-122.10991">
        <ele>3.94</ele>
        <time>2022-06-21T00:02:25Z</time>
      </trkpt>
      <trkpt lat="37.51791" lon="-122.1099">
        <ele>3.92</ele>
        <time>2022-06-21T00:02:26Z</time>
      </trkpt>
      <trkpt lat="37.51785" lon="-122.10989">
        <ele>3.81</ele>
        <time>2022-06-21T00:02:27Z</time>
      </trkpt>
      <trkpt lat="37.51779" lon="-122.10988">
        <ele>3.7</ele>
        <time>2022-06-21T00:02:28Z</time>
      </trkpt>
      <trkpt lat="37.51774" lon="-122.10988">
        <ele>3.7</ele>
        <time>2022-06-21T00:02:29Z</time>
      </trkpt>
      <trkpt lat="37.51768" lon="-122.10987">
        <ele>3.62</ele>
        <time>2022-06-21T00:02:30Z</time>
      </trkpt>
      <trkpt lat="37.51763" lon="-122.10987">
        <ele>3.84</ele>
        <time>2022-06-21T00:02:31Z</time>
      </trkpt>
      <trkpt lat="37.51757" lon="-122.10986">
        <ele>4.0</ele>
        <time>2022-06-21T00:02:32Z</time>
      </trkpt>
      <trkpt lat="37.51751" lon="-122.10986">
        <ele>4.0</ele>
        <time>2022-06-21T00:02:33Z</time>
      </trkpt>
      <trkpt lat="37.51745" lon="-122.10986">
        <ele>4.0</ele>
        <time>2022-06-21T00:02:34Z</time>
      </trkpt>
      <trkpt lat="37.51739" lon="-122.10985">
        <ele>4.0</ele>
        <time>2022-06-21T00:02:35Z</time>
      </trkpt>
      <trkpt lat="37.51734" lon="-122.10985">
        <ele>4.0</ele>
        <time>2022-06-21T00:02:36Z</time>
      </trkpt>
      <trkpt lat="37.51728" lon="-122.10985">
        <ele>3.86</ele>
        <time>2022-06-21T00:02:37Z</time>
      </trkpt>
      <trkpt lat="37.51722" lon="-122.10984">
        <ele>3.73</ele>
        <time>2022-06-21T00:02:38Z</time>
      </trkpt>
      <trkpt lat="37.51716" lon="-122.10984">
        <ele>3.73</ele>
        <time>2022-06-21T00:02:39Z</time>
      </trkpt>
      <trkpt lat="37.51711" lon="-122.10983">
        <ele>3.84</ele>
        <time>2022-06-21T00:02:40Z</time>
      </trkpt>
      <trkpt lat="37.51705" lon="-122.10983">
        <ele>3.84</ele>
        <time>2022-06-21T00:02:41Z</time>
      </trkpt>
      <trkpt lat="37.51699" lon="-122.10982">
        <ele>3.94</ele>
        <time>2022-06-21T00:02:42Z</time>
      </trkpt>
      <trkpt lat="37.51694" lon="-122.10982">
        <ele>3.94</ele>
        <time>2022-06-21T00:02:43Z</time>
      </trkpt>
      <trkpt lat="37.51688" lon="-122.10981">
        <ele>3.95</ele>
        <time>2022-06-21T00:02:44Z</time>
      </trkpt>
      <trkpt lat="37.51682" lon="-122.10981">
        <ele>3.95</ele>
        <time>2022-06-21T00:02:45Z</time>
      </trkpt>
      <trkpt lat="37.51677" lon="-122.10981">
        <ele>3.95</ele>
        <time>2022-06-21T00:02:46Z</time>
      </trkpt>
      <trkpt lat="37.51671" lon="-122.1098">
        <ele>3.84</ele>
        <time>2022-06-21T00:02:47Z</time>
      </trkpt>
      <trkpt lat="37.51665" lon="-122.1098">
        <ele>3.84</ele>
        <time>2022-06-21T00:02:48Z</time>
      </trkpt>
      <trkpt lat="37.51659" lon="-122.10981">
        <ele>3.95</ele>
        <time>2022-06-21T00:02:49Z</time>
      </trkpt>
      <trkpt lat="37.51654" lon="-122.10981">
        <ele>3.93</ele>
        <time>2022-06-21T00:02:50Z</time>
      </trkpt>
      <trkpt lat="37.51649" lon="-122.10981">
        <ele>3.9</ele>
        <time>2022-06-21T00:02:51Z</time>
      </trkpt>
      <trkpt lat="37.51643" lon="-122.10982">
        <ele>3.89</ele>
        <time>2022-06-21T00:02:52Z</time>
      </trkpt>
      <trkpt lat="37.51637" lon="-122.10982">
        <ele>3.9</ele>
        <time>2022-06-21T00:02:53Z</time>
      </trkpt>
      <trkpt lat="37.51632" lon="-122.10983">
        <ele>3.79</ele>
        <time>2022-06-21T00:02:54Z</time>
      </trkpt>
      <trkpt lat="37.51626" lon="-122.10983">
        <ele>3.84</ele>
        <time>2022-06-21T00:02:55Z</time>
      </trkpt>
      <trkpt lat="37.51621" lon="-122.10984">
        <ele>3.73</ele>
        <time>2022-06-21T00:02:56Z</time>
      </trkpt>
      <trkpt lat="37.51615" lon="-122.10984">
        <ele>3.89</ele>
        <time>2022-06-21T00:02:57Z</time>
      </trkpt>
      <trkpt lat="37.5161" lon="-122.10984">
        <ele>4.0</ele>
        <time>2022-06-21T00:02:58Z</time>
      </trkpt>
      <trkpt lat="37.51604" lon="-122.10985">
        <ele>4.0</ele>
        <time>2022-06-21T00:02:59Z</time>
      </trkpt>
      <trkpt lat="37.51598" lon="-122.10985">
        <ele>3.84</ele>
        <time>2022-06-21T00:03:00Z</time>
      </trkpt>
      <trkpt lat="37.51592" lon="-122.10985">
        <ele>3.64</ele>
        <time>2022-06-21T00:03:01Z</time>
      </trkpt>
      <trkpt lat="37.51587" lon="-122.10985">
        <ele>3.85</ele>
        <time>2022-06-21T00:03:02Z</time>
      </trkpt>
      <trkpt lat="37.51581" lon="-122.10985">
        <ele>4.0</ele>
        <time>2022-06-21T00:03:03Z</time>
      </trkpt>
      <trkpt lat="37.51576" lon="-122.10985">
        <ele>4.0</ele>
        <time>2022-06-21T00:03:04Z</time>
      </trkpt>
      <trkpt lat="37.5157" lon="-122.10985">
        <ele>4.0</ele>
        <time>2022-06-21T00:03:05Z</time>
      </trkpt>
      <trkpt lat="37.51565" lon="-122.10985">
        <ele>4.0</ele>
        <time>2022-06-21T00:03:06Z</time>
      </trkpt>
      <trkpt lat="37.51559" lon="-122.10986">
        <ele>4.0</ele>
        <time>2022-06-21T00:03:07Z</time>
      </trkpt>
      <trkpt lat="37.51554" lon="-122.10986">
        <ele>4.0</ele>
        <time>2022-06-21T00:03:08Z</time>
      </trkpt>
      <trkpt lat="37.51548" lon="-122.10987">
        <ele>4.0</ele>
        <time>2022-06-21T00:03:09Z</time>
      </trkpt>
      <trkpt lat="37.51542" lon="-122.10987">
        <ele>3.81</ele>
        <time>2022-06-21T00:03:10Z</time>
      </trkpt>
      <trkpt lat="37.51536" lon="-122.10988">
        <ele>3.7</ele>
        <time>2022-06-21T00:03:11Z</time>
      </trkpt>
      <trkpt lat="37.51531" lon="-122.10988">
        <ele>3.7</ele>
        <time>2022-06-21T00:03:12Z</time>
      </trkpt>
      <trkpt lat="37.51525" lon="-122.10988">
        <ele>3.7</ele>
        <time>2022-06-21T00:03:13Z</time>
      </trkpt>
      <trkpt lat="37.51519" lon="-122.10988">
        <ele>3.7</ele>
        <time>2022-06-21T00:03:14Z</time>
      </trkpt>
      <trkpt lat="37.51513" lon="-122.10988">
        <ele>3.7</ele>
        <time>2022-06-21T00:03:15Z</time>
      </trkpt>
      <trkpt lat="37.51508" lon="-122.10988">
        <ele>3.7</ele>
        <time>2022-06-21T00:03:16Z</time>
      </trkpt>
      <trkpt lat="37.51502" lon="-122.10988">
        <ele>3.7</ele>
        <time>2022-06-21T00:03:17Z</time>
      </trkpt>
      <trkpt lat="37.51496" lon="-122.10989">
        <ele>3.81</ele>
        <time>2022-06-21T00:03:18Z</time>
      </trkpt>
      <trkpt lat="37.5149" lon="-122.10989">
        <ele>3.81</ele>
        <time>2022-06-21T00:03:19Z</time>
      </trkpt>
      <trkpt lat="37.51484" lon="-122.10989">
        <ele>3.81</ele>
        <time>2022-06-21T00:03:20Z</time>
      </trkpt>
      <trkpt lat="37.51478" lon="-122.1099">
        <ele>3.92</ele>
        <time>2022-06-21T00:03:21Z</time>
      </trkpt>
      <trkpt lat="37.51472" lon="-122.1099">
        <ele>3.92</ele>
        <time>2022-06-21T00:03:22Z</time>
      </trkpt>
      <trkpt lat="37.51466" lon="-122.10991">
        <ele>3.96</ele>
        <time>2022-06-21T00:03:23Z</time>
      </trkpt>
      <trkpt lat="37.5146" lon="-122.10991">
        <ele>3.97</ele>
        <time>2022-06-21T00:03:24Z</time>
      </trkpt>
      <trkpt lat="37.51454" lon="-122.10991">
        <ele>3.97</ele>
        <time>2022-06-21T00:03:25Z</time>
      </trkpt>
      <trkpt lat="37.51448" lon="-122.10992">
        <ele>3.86</ele>
        <time>2022-06-21T00:03:26Z</time>
      </trkpt>
      <trkpt lat="37.51442" lon="-122.10992">
        <ele>3.86</ele>
        <time>2022-06-21T00:03:27Z</time>
      </trkpt>
      <trkpt lat="37.51436" lon="-122.10992">
        <ele>3.86</ele>
        <time>2022-06-21T00:03:28Z</time>
      </trkpt>
      <trkpt lat="37.5143" lon="-122.10992">
        <ele>3.86</ele>
        <time>2022-06-21T00:03:29Z</time>
      </trkpt>
      <trkpt lat="37.51424" lon="-122.10993">
        <ele>3.76</ele>
        <time>2022-06-21T00:03:30Z</time>
      </trkpt>
      <trkpt lat="37.51418" lon="-122.10993">
        <ele>3.76</ele>
        <time>2022-06-21T00:03:31Z</time>
      </trkpt>
      <trkpt lat="37.51411" lon="-122.10993">
        <ele>3.91</ele>
        <time>2022-06-21T00:03:32Z</time>
      </trkpt>
      <trkpt lat="37.51405" lon="-122.10993">
        <ele>4.0</ele>
        <time>2022-06-21T00:03:33Z</time>
      </trkpt>
      <trkpt lat="37.514" lon="-122.10994">
        <ele>4.0</ele>
        <time>2022-06-21T00:03:34Z</time>
      </trkpt>
      <trkpt lat="37.51394" lon="-122.10994">
        <ele>4.0</ele>
        <time>2022-06-21T00:03:35Z</time>
      </trkpt>
      <trkpt lat="37.51388" lon="-122.10994">
        <ele>4.0</ele>
        <time>2022-06-21T00:03:36Z</time>
      </trkpt>
      <trkpt lat="37.51382" lon="-122.10994">
        <ele>4.0</ele>
        <time>2022-06-21T00:03:37Z</time>
      </trkpt>
      <trkpt lat="37.51376" lon="-122.10995">
        <ele>3.79</ele>
        <time>2022-06-21T00:03:38Z</time>
      </trkpt>
      <trkpt lat="37.5137" lon="-122.10995">
        <ele>3.46</ele>
        <time>2022-06-21T00:03:39Z</time>
      </trkpt>
      <trkpt lat="37.51364" lon="-122.10996">
        <ele>3.57</ele>
        <time>2022-06-21T00:03:40Z</time>
      </trkpt>
      <trkpt lat="37.51359" lon="-122.10996">
        <ele>3.57</ele>
        <time>2022-06-21T00:03:41Z</time>
      </trkpt>
      <trkpt lat="37.51353" lon="-122.10996">
        <ele>3.57</ele>
        <time>2022-06-21T00:03:42Z</time>
      </trkpt>
      <trkpt lat="37.51349" lon="-122.10997">
        <ele>3.68</ele>
        <time>2022-06-21T00:03:43Z</time>
      </trkpt>
      <trkpt lat="37.51344" lon="-122.10997">
        <ele>3.68</ele>
        <time>2022-06-21T00:03:44Z</time>
      </trkpt>
      <trkpt lat="37.51339" lon="-122.10997">
        <ele>3.8</ele>
        <time>2022-06-21T00:03:45Z</time>
      </trkpt>
      <trkpt lat="37.51334" lon="-122.10996">
        <ele>3.97</ele>
        <time>2022-06-21T00:03:46Z</time>
      </trkpt>
      <trkpt lat="37.5133" lon="-122.10996">
        <ele>3.64</ele>
        <time>2022-06-21T00:03:47Z</time>
      </trkpt>
      <trkpt lat="37.51325" lon="-122.10996">
        <ele>3.1</ele>
        <time>2022-06-21T00:03:48Z</time>
      </trkpt>
      <trkpt lat="37.5132" lon="-122.10996">
        <ele>2.81</ele>
        <time>2022-06-21T00:03:49Z</time>
      </trkpt>
      <trkpt lat="37.51315" lon="-122.10995">
        <ele>2.47</ele>
        <time>2022-06-21T00:03:50Z</time>
      </trkpt>
      <trkpt lat="37.51309" lon="-122.10994">
        <ele>2.35</ele>
        <time>2022-06-21T00:03:51Z</time>
      </trkpt>
      <trkpt lat="37.51303" lon="-122.10993">
        <ele>2.45</ele>
        <time>2022-06-21T00:03:52Z</time>
      </trkpt>
      <trkpt lat="37.51297" lon="-122.10991">
        <ele>2.93</ele>
        <time>2022-06-21T00:03:53Z</time>
      </trkpt>
      <trkpt lat="37.51292" lon="-122.1099">
        <ele>2.92</ele>
        <time>2022-06-21T00:03:54Z</time>
      </trkpt>
      <trkpt lat="37.51288" lon="-122.10988">
        <ele>2.7</ele>
        <time>2022-06-21T00:03:55Z</time>
      </trkpt>
      <trkpt lat="37.51286" lon="-122.10986">
        <ele>2.43</ele>
        <time>2022-06-21T00:03:56Z</time>
      </trkpt>
      <trkpt lat="37.51282" lon="-122.10983">
        <ele>2.07</ele>
        <time>2022-06-21T00:03:57Z</time>
      </trkpt>
      <trkpt lat="37.51278" lon="-122.10978">
        <ele>2.37</ele>
        <time>2022-06-21T00:03:58Z</time>
      </trkpt>
      <trkpt lat="37.51276" lon="-122.10975">
        <ele>2.76</ele>
        <time>2022-06-21T00:03:59Z</time>
      </trkpt>
      <trkpt lat="37.51274" lon="-122.10971">
        <ele>3.0</ele>
        <time>2022-06-21T00:04:00Z</time>
      </trkpt>
      <trkpt lat="37.51272" lon="-122.10968">
        <ele>3.0</ele>
        <time>2022-06-21T00:04:02Z</time>
      </trkpt>
      <trkpt lat="37.51267" lon="-122.10964">
        <ele>3.0</ele>
        <time>2022-06-21T00:04:06Z</time>
      </trkpt>
      <trkpt lat="37.5126" lon="-122.10951">
        <ele>3.0</ele>
        <time>2022-06-21T00:04:07Z</time>
      </trkpt>
      <trkpt lat="37.51254" lon="-122.10941">
        <ele>3.0</ele>
        <time>2022-06-21T00:04:10Z</time>
      </trkpt>
      <trkpt lat="37.51248" lon="-122.10932">
        <ele>3.0</ele>
        <time>2022-06-21T00:04:12Z</time>
      </trkpt>
      <trkpt lat="37.51247" lon="-122.10926">
        <ele>3.0</ele>
        <time>2022-06-21T00:04:16Z</time>
      </trkpt>
      <trkpt lat="37.51247" lon="-122.1092">
        <ele>2.79</ele>
        <time>2022-06-21T00:04:20Z</time>
      </trkpt>
      <trkpt lat="37.5125" lon="-122.10912">
        <ele>2.5</ele>
        <time>2022-06-21T00:04:23Z</time>
      </trkpt>
      <trkpt lat="37.51257" lon="-122.10909">
        <ele>2.8</ele>
        <time>2022-06-21T00:04:25Z</time>
      </trkpt>
      <trkpt lat="37.51265" lon="-122.10905">
        <ele>2.74</ele>
        <time>2022-06-21T00:04:27Z</time>
      </trkpt>
      <trkpt lat="37.51271" lon="-122.10902">
        <ele>2.57</ele>
        <time>2022-06-21T00:04:28Z</time>
      </trkpt>
      <trkpt lat="37.51277" lon="-122.10899">
        <ele>2.92</ele>
        <time>2022-06-21T00:04:30Z</time>
      </trkpt>
      <trkpt lat="37.51284" lon="-122.10894">
        <ele>2.85</ele>
        <time>2022-06-21T00:04:31Z</time>
      </trkpt>
      <trkpt lat="37.51292" lon="-122.10888">
        <ele>2.9</ele>
        <time>2022-06-21T00:04:34Z</time>
      </trkpt>
      <trkpt lat="37.51301" lon="-122.10881">
        <ele>2.58</ele>
        <time>2022-06-21T00:04:35Z</time>
      </trkpt>
      <trkpt lat="37.51309" lon="-122.10875">
        <ele>2.69</ele>
        <time>2022-06-21T00:04:36Z</time>
      </trkpt>
      <trkpt lat="37.51315" lon="-122.10869">
        <ele>2.85</ele>
        <time>2022-06-21T00:04:40Z</time>
      </trkpt>
      <trkpt lat="37.51323" lon="-122.10864">
        <ele>2.31</ele>
        <time>2022-06-21T00:04:42Z</time>
      </trkpt>
      <trkpt lat="37.5133" lon="-122.10859">
        <ele>2.49</ele>
        <time>2022-06-21T00:04:44Z</time>
      </trkpt>
      <trkpt lat="37.51334" lon="-122.10856">
        <ele>2.49</ele>
        <time>2022-06-21T00:04:45Z</time>
      </trkpt>
      <trkpt lat="37.5134" lon="-122.10852">
        <ele>2.72</ele>
        <time>2022-06-21T00:04:44Z</time>
      </trkpt>
      <trkpt lat="37.51344" lon="-122.1085">
        <ele>2.8</ele>
        <time>2022-06-21T00:04:45Z</time>
      </trkpt>
      <trkpt lat="37.51348" lon="-122.10847">
        <ele>2.48</ele>
        <time>2022-06-21T00:04:46Z</time>
      </trkpt>
      <trkpt lat="37.51352" lon="-122.10844">
        <ele>2.17</ele>
        <time>2022-06-21T00:04:47Z</time>
      </trkpt>
      <trkpt lat="37.51356" lon="-122.10841">
        <ele>2.37</ele>
        <time>2022-06-21T00:04:48Z</time>
      </trkpt>
      <trkpt lat="37.5136" lon="-122.10838">
        <ele>2.44</ele>
        <time>2022-06-21T00:04:49Z</time>
      </trkpt>
      <trkpt lat="37.51364" lon="-122.10835">
        <ele>2.44</ele>
        <time>2022-06-21T00:04:50Z</time>
      </trkpt>
      <trkpt lat="37.51369" lon="-122.10833">
        <ele>2.82</ele>
        <time>2022-06-21T00:04:51Z</time>
      </trkpt>
      <trkpt lat="37.51372" lon="-122.1083">
        <ele>2.7</ele>
        <time>2022-06-21T00:04:52Z</time>
      </trkpt>
      <trkpt lat="37.51378" lon="-122.10826">
        <ele>2.86</ele>
        <time>2022-06-21T00:04:55Z</time>
      </trkpt>
      <trkpt lat="37.51384" lon="-122.10822">
        <ele>2.78</ele>
        <time>2022-06-21T00:04:55Z</time>
      </trkpt>
      <trkpt lat="37.51389" lon="-122.10816">
        <ele>2.14</ele>
        <time>2022-06-21T00:04:59Z</time>
      </trkpt>
      <trkpt lat="37.51395" lon="-122.10813">
        <ele>2.53</ele>
        <time>2022-06-21T00:05:00Z</time>
      </trkpt>
      <trkpt lat="37.51402" lon="-122.10807">
        <ele>2.51</ele>
        <time>2022-06-21T00:05:00Z</time>
      </trkpt>
      <trkpt lat="37.51411" lon="-122.10802">
        <ele>2.62</ele>
        <time>2022-06-21T00:05:02Z</time>
      </trkpt>
      <trkpt lat="37.51417" lon="-122.10798">
        <ele>2.21</ele>
        <time>2022-06-21T00:05:04Z</time>
      </trkpt>
      <trkpt lat="37.51422" lon="-122.10795">
        <ele>2.5</ele>
        <time>2022-06-21T00:05:07Z</time>
      </trkpt>
      <trkpt lat="37.51427" lon="-122.10792">
        <ele>2.59</ele>
        <time>2022-06-21T00:05:09Z</time>
      </trkpt>
      <trkpt lat="37.51435" lon="-122.10785">
        <ele>2.76</ele>
        <time>2022-06-21T00:05:09Z</time>
      </trkpt>
      <trkpt lat="37.51441" lon="-122.10781">
        <ele>2.76</ele>
        <time>2022-06-21T00:05:13Z</time>
      </trkpt>
      <trkpt lat="37.51447" lon="-122.10777">
        <ele>2.92</ele>
        <time>2022-06-21T00:05:14Z</time>
      </trkpt>
      <trkpt lat="37.51454" lon="-122.10772">
        <ele>2.4</ele>
        <time>2022-06-21T00:05:14Z</time>
      </trkpt>
      <trkpt lat="37.5146" lon="-122.10767">
        <ele>2.57</ele>
        <time>2022-06-21T00:05:16Z</time>
      </trkpt>
      <trkpt lat="37.5147" lon="-122.1076">
        <ele>2.08</ele>
        <time>2022-06-21T00:05:19Z</time>
      </trkpt>
      <trkpt lat="37.51474" lon="-122.10757">
        <ele>2.15</ele>
        <time>2022-06-21T00:05:19Z</time>
      </trkpt>
      <trkpt lat="37.51479" lon="-122.10754">
        <ele>2.32</ele>
        <time>2022-06-21T00:05:20Z</time>
      </trkpt>
      <trkpt lat="37.51483" lon="-122.10752">
        <ele>2.31</ele>
        <time>2022-06-21T00:05:21Z</time>
      </trkpt>
      <trkpt lat="37.51487" lon="-122.10749">
        <ele>2.53</ele>
        <time>2022-06-21T00:05:22Z</time>
      </trkpt>
      <trkpt lat="37.51491" lon="-122.10746">
        <ele>2.58</ele>
        <time>2022-06-21T00:05:23Z</time>
      </trkpt>
      <trkpt lat="37.51495" lon="-122.10743">
        <ele>2.59</ele>
        <time>2022-06-21T00:05:24Z</time>
      </trkpt>
      <trkpt lat="37.51499" lon="-122.1074">
        <ele>2.82</ele>
        <time>2022-06-21T00:05:25Z</time>
      </trkpt>
      <trkpt lat="37.51503" lon="-122.10737">
        <ele>2.6</ele>
        <time>2022-06-21T00:05:26Z</time>
      </trkpt>
      <trkpt lat="37.51507" lon="-122.10734">
        <ele>2.27</ele>
        <time>2022-06-21T00:05:27Z</time>
      </trkpt>
      <trkpt lat="37.51511" lon="-122.10732">
        <ele>2.23</ele>
        <time>2022-06-21T00:05:28Z</time>
      </trkpt>
      <trkpt lat="37.51514" lon="-122.1073">
        <ele>2.43</ele>
        <time>2022-06-21T00:05:31Z</time>
      </trkpt>
      <trkpt lat="37.5152" lon="-122.10726">
        <ele>2.5</ele>
        <time>2022-06-21T00:05:33Z</time>
      </trkpt>
      <trkpt lat="37.51528" lon="-122.1072">
        <ele>2.77</ele>
        <time>2022-06-21T00:05:34Z</time>
      </trkpt>
      <trkpt lat="37.51535" lon="-122.10714">
        <ele>2.8</ele>
        <time>2022-06-21T00:05:37Z</time>
      </trkpt>
      <trkpt lat="37.51542" lon="-122.10709">
        <ele>2.57</ele>
        <time>2022-06-21T00:05:39Z</time>
      </trkpt>
      <trkpt lat="37.5155" lon="-122.10703">
        <ele>2.37</ele>
        <time>2022-06-21T00:05:41Z</time>
      </trkpt>
      <trkpt lat="37.51556" lon="-122.10698">
        <ele>2.41</ele>
        <time>2022-06-21T00:05:43Z</time>
      </trkpt>
      <trkpt lat="37.51563" lon="-122.10694">
        <ele>2.77</ele>
        <time>2022-06-21T00:05:44Z</time>
      </trkpt>
      <trkpt lat="37.51568" lon="-122.1069">
        <ele>2.52</ele>
        <time>2022-06-21T00:05:46Z</time>
      </trkpt>
      <trkpt lat="37.51575" lon="-122.10685">
        <ele>2.1</ele>
        <time>2022-06-21T00:05:47Z</time>
      </trkpt>
      <trkpt lat="37.51581" lon="-122.1068">
        <ele>2.33</ele>
        <time>2022-06-21T00:05:50Z</time>
      </trkpt>
      <trkpt lat="37.51588" lon="-122.10675">
        <ele>2.45</ele>
        <time>2022-06-21T00:05:52Z</time>
      </trkpt>
      <trkpt lat="37.51595" lon="-122.1067">
        <ele>2.36</ele>
        <time>2022-06-21T00:05:54Z</time>
      </trkpt>
      <trkpt lat="37.51605" lon="-122.10663">
        <ele>2.21</ele>
        <time>2022-06-21T00:05:56Z</time>
      </trkpt>
      <trkpt lat="37.51611" lon="-122.10659">
        <ele>2.17</ele>
        <time>2022-06-21T00:05:56Z</time>
      </trkpt>
      <trkpt lat="37.51617" lon="-122.10655">
        <ele>2.47</ele>
        <time>2022-06-21T00:06:00Z</time>
      </trkpt>
      <trkpt lat="37.51623" lon="-122.10651">
        <ele>2.31</ele>
        <time>2022-06-21T00:06:01Z</time>
      </trkpt>
      <trkpt lat="37.51629" lon="-122.10647">
        <ele>2.0</ele>
        <time>2022-06-21T00:06:03Z</time>
      </trkpt>
      <trkpt lat="37.51637" lon="-122.1064">
        <ele>2.1</ele>
        <time>2022-06-21T00:06:05Z</time>
      </trkpt>
      <trkpt lat="37.51645" lon="-122.10635">
        <ele>2.38</ele>
        <time>2022-06-21T00:06:08Z</time>
      </trkpt>
      <trkpt lat="37.51651" lon="-122.10631">
        <ele>2.41</ele>
        <time>2022-06-21T00:06:10Z</time>
      </trkpt>
      <trkpt lat="37.51658" lon="-122.10626">
        <ele>2.61</ele>
        <time>2022-06-21T00:06:11Z</time>
      </trkpt>
      <trkpt lat="37.51664" lon="-122.10622">
        <ele>2.18</ele>
        <time>2022-06-21T00:06:13Z</time>
      </trkpt>
      <trkpt lat="37.5167" lon="-122.10618">
        <ele>2.27</ele>
        <time>2022-06-21T00:06:15Z</time>
      </trkpt>
      <trkpt lat="37.51678" lon="-122.10613">
        <ele>2.38</ele>
        <time>2022-06-21T00:06:16Z</time>
      </trkpt>
      <trkpt lat="37.51684" lon="-122.10609">
        <ele>2.67</ele>
        <time>2022-06-21T00:06:17Z</time>
      </trkpt>
      <trkpt lat="37.51691" lon="-122.10605">
        <ele>2.75</ele>
        <time>2022-06-21T00:06:21Z</time>
      </trkpt>
      <trkpt lat="37.51697" lon="-122.106">
        <ele>2.8</ele>
        <time>2022-06-21T00:06:22Z</time>
      </trkpt>
      <trkpt lat="37.51704" lon="-122.10595">
        <ele>2.28</ele>
        <time>2022-06-21T00:06:23Z</time>
      </trkpt>
      <trkpt lat="37.51711" lon="-122.1059">
        <ele>2.57</ele>
        <time>2022-06-21T00:06:27Z</time>
      </trkpt>
      <trkpt lat="37.51722" lon="-122.10582">
        <ele>2.84</ele>
        <time>2022-06-21T00:06:31Z</time>
      </trkpt>
      <trkpt lat="37.5173" lon="-122.10577">
        <ele>2.89</ele>
        <time>2022-06-21T00:06:33Z</time>
      </trkpt>
      <trkpt lat="37.51738" lon="-122.1057">
        <ele>2.56</ele>
        <time>2022-06-21T00:06:33Z</time>
      </trkpt>
      <trkpt lat="37.51747" lon="-122.10564">
        <ele>2.62</ele>
        <time>2022-06-21T00:06:38Z</time>
      </trkpt>
      <trkpt lat="37.51754" lon="-122.10559">
        <ele>2.64</ele>
        <time>2022-06-21T00:06:39Z</time>
      </trkpt>
      <trkpt lat="37.5176" lon="-122.10555">
        <ele>2.94</ele>
        <time>2022-06-21T00:06:41Z</time>
      </trkpt>
      <trkpt lat="37.51767" lon="-122.10549">
        <ele>2.29</ele>
        <time>2022-06-21T00:06:43Z</time>
      </trkpt>
      <trkpt lat="37.51775" lon="-122.10544">
        <ele>2.53</ele>
        <time>2022-06-21T00:06:45Z</time>
      </trkpt>
      <trkpt lat="37.51781" lon="-122.10539">
        <ele>2.49</ele>
        <time>2022-06-21T00:06:47Z</time>
      </trkpt>
      <trkpt lat="37.51793" lon="-122.10532">
        <ele>2.46</ele>
        <time>2022-06-21T00:06:50Z</time>
      </trkpt>
      <trkpt lat="37.51798" lon="-122.10528">
        <ele>2.2</ele>
        <time>2022-06-21T00:06:50Z</time>
      </trkpt>
      <trkpt lat="37.51804" lon="-122.10523">
        <ele>2.4</ele>
        <time>2022-06-21T00:06:54Z</time>
      </trkpt>
      <trkpt lat="37.51812" lon="-122.10518">
        <ele>2.66</ele>
        <time>2022-06-21T00:06:56Z</time>
      </trkpt>
      <trkpt lat="37.5182" lon="-122.10512">
        <ele>2.69</ele>
        <time>2022-06-21T00:06:58Z</time>
      </trkpt>
      <trkpt lat="37.51825" lon="-122.10508">
        <ele>2.86</ele>
        <time>2022-06-21T00:06:59Z</time>
      </trkpt>
      <trkpt lat="37.5183" lon="-122.10505">
        <ele>2.54</ele>
        <time>2022-06-21T00:06:59Z</time>
      </trkpt>
      <trkpt lat="37.51837" lon="-122.105">
        <ele>2.4</ele>
        <time>2022-06-21T00:07:03Z</time>
      </trkpt>
      <trkpt lat="37.51844" lon="-122.10495">
        <ele>2.54</ele>
        <time>2022-06-21T00:07:04Z</time>
      </trkpt>
      <trkpt lat="37.5185" lon="-122.10491">
        <ele>2.81</ele>
        <time>2022-06-21T00:07:06Z</time>
      </trkpt>
      <trkpt lat="37.51856" lon="-122.10487">
        <ele>2.78</ele>
        <time>2022-06-21T00:07:08Z</time>
      </trkpt>
      <trkpt lat="37.51865" lon="-122.10481">
        <ele>2.95</ele>
        <time>2022-06-21T00:07:10Z</time>
      </trkpt>
      <trkpt lat="37.51872" lon="-122.10476">
        <ele>2.51</ele>
        <time>2022-06-21T00:07:12Z</time>
      </trkpt>
      <trkpt lat="37.51878" lon="-122.10471">
        <ele>2.72</ele>
        <time>2022-06-21T00:07:14Z</time>
      </trkpt>
      <trkpt lat="37.51884" lon="-122.10467">
        <ele>2.7</ele>
        <time>2022-06-21T00:07:16Z</time>
      </trkpt>
      <trkpt lat="37.5189" lon="-122.10463">
        <ele>3.0</ele>
        <time>2022-06-21T00:07:18Z</time>
      </trkpt>
      <trkpt lat="37.51899" lon="-122.10456">
        <ele>3.0</ele>
        <time>2022-06-21T00:07:21Z</time>
      </trkpt>
      <trkpt lat="37.51907" lon="-122.1045">
        <ele>2.98</ele>
        <time>2022-06-21T00:07:23Z</time>
      </trkpt>
      <trkpt lat="37.51913" lon="-122.10446">
        <ele>3.0</ele>
        <time>2022-06-21T00:07:24Z</time>
      </trkpt>
      <trkpt lat="37.5192" lon="-122.10442">
        <ele>2.83</ele>
        <time>2022-06-21T00:07:27Z</time>
      </trkpt>
      <trkpt lat="37.51926" lon="-122.10437">
        <ele>3.0</ele>
        <time>2022-06-21T00:07:29Z</time>
      </trkpt>
      <trkpt lat="37.51933" lon="-122.10431">
        <ele>2.89</ele>
        <time>2022-06-21T00:07:29Z</time>
      </trkpt>
      <trkpt lat="37.51939" lon="-122.10427">
        <ele>3.0</ele>
        <time>2022-06-21T00:07:33Z</time>
      </trkpt>
      <trkpt lat="37.51947" lon="-122.10422">
        <ele>2.69</ele>
        <time>2022-06-21T00:07:35Z</time>
      </trkpt>
      <trkpt lat="37.51958" lon="-122.10415">
        <ele>2.82</ele>
        <time>2022-06-21T00:07:36Z</time>
      </trkpt>
      <trkpt lat="37.51964" lon="-122.10411">
        <ele>2.46</ele>
        <time>2022-06-21T00:07:39Z</time>
      </trkpt>
      <trkpt lat="37.51971" lon="-122.10407">
        <ele>2.83</ele>
        <time>2022-06-21T00:07:42Z</time>
      </trkpt>
      <trkpt lat="37.51977" lon="-122.10402">
        <ele>2.72</ele>
        <time>2022-06-21T00:07:44Z</time>
      </trkpt>
      <trkpt lat="37.51983" lon="-122.10398">
        <ele>2.99</ele>
        <time>2022-06-21T00:07:45Z</time>
      </trkpt>
      <trkpt lat="37.51991" lon="-122.10391">
        <ele>3.0</ele>
        <time>2022-06-21T00:07:48Z</time>
      </trkpt>
      <trkpt lat="37.51999" lon="-122.10386">
        <ele>2.69</ele>
        <time>2022-06-21T00:07:50Z</time>
      </trkpt>
      <trkpt lat="37.52005" lon="-122.10382">
        <ele>2.66</ele>
        <time>2022-06-21T00:07:51Z</time>
      </trkpt>
      <trkpt lat="37.52012" lon="-122.10377">
        <ele>2.8</ele>
        <time>2022-06-21T00:07:54Z</time>
      </trkpt>
      <trkpt lat="37.52018" lon="-122.10372">
        <ele>2.95</ele>
        <time>2022-06-21T00:07:56Z</time>
      </trkpt>
      <trkpt lat="37.52025" lon="-122.10367">
        <ele>2.64</ele>
        <time>2022-06-21T00:07:56Z</time>
      </trkpt>
      <trkpt lat="37.52032" lon="-122.10362">
        <ele>2.51</ele>
        <time>2022-06-21T00:08:00Z</time>
      </trkpt>
      <trkpt lat="37.52038" lon="-122.10357">
        <ele>2.6</ele>
        <time>2022-06-21T00:08:02Z</time>
      </trkpt>
      <trkpt lat="37.52043" lon="-122.10354">
        <ele>2.73</ele>
        <time>2022-06-21T00:08:03Z</time>
      </trkpt>
      <trkpt lat="37.52051" lon="-122.10348">
        <ele>2.58</ele>
        <time>2022-06-21T00:08:06Z</time>
      </trkpt>
      <trkpt lat="37.52057" lon="-122.10343">
        <ele>2.19</ele>
        <time>2022-06-21T00:08:07Z</time>
      </trkpt>
      <trkpt lat="37.52063" lon="-122.1034">
        <ele>2.58</ele>
        <time>2022-06-21T00:08:09Z</time>
      </trkpt>
      <trkpt lat="37.5207" lon="-122.10335">
        <ele>2.64</ele>
        <time>2022-06-21T00:08:11Z</time>
      </trkpt>
      <trkpt lat="37.52076" lon="-122.10331">
        <ele>2.8</ele>
        <time>2022-06-21T00:08:12Z</time>
      </trkpt>
      <trkpt lat="37.52083" lon="-122.10325">
        <ele>2.97</ele>
        <time>2022-06-21T00:08:15Z</time>
      </trkpt>
      <trkpt lat="37.5209" lon="-122.1032">
        <ele>2.56</ele>
        <time>2022-06-21T00:08:17Z</time>
      </trkpt>
      <trkpt lat="37.52096" lon="-122.10316">
        <ele>2.45</ele>
        <time>2022-06-21T00:08:19Z</time>
      </trkpt>
      <trkpt lat="37.52102" lon="-122.10312">
        <ele>2.7</ele>
        <time>2022-06-21T00:08:21Z</time>
      </trkpt>
      <trkpt lat="37.52109" lon="-122.10306">
        <ele>2.78</ele>
        <time>2022-06-21T00:08:23Z</time>
      </trkpt>
      <trkpt lat="37.52115" lon="-122.10302">
        <ele>2.78</ele>
        <time>2022-06-21T00:08:25Z</time>
      </trkpt>
      <trkpt lat="37.52121" lon="-122.10296">
        <ele>2.97</ele>
        <time>2022-06-21T00:08:28Z</time>
      </trkpt>
      <trkpt lat="37.52127" lon="-122.10292">
        <ele>2.54</ele>
        <time>2022-06-21T00:08:29Z</time>
      </trkpt>
      <trkpt lat="37.52132" lon="-122.10288">
        <ele>2.33</ele>
        <time>2022-06-21T00:08:31Z</time>
      </trkpt>
      <trkpt lat="37.52137" lon="-122.10283">
        <ele>2.45</ele>
        <time>2022-06-21T00:08:33Z</time>
      </trkpt>
      <trkpt lat="37.52142" lon="-122.10278">
        <ele>2.35</ele>
        <time>2022-06-21T00:08:34Z</time>
      </trkpt>
      <trkpt lat="37.5215" lon="-122.10272">
        <ele>2.5</ele>
        <time>2022-06-21T00:08:35Z</time>
      </trkpt>
      <trkpt lat="37.52156" lon="-122.10268">
        <ele>2.86</ele>
        <time>2022-06-21T00:08:39Z</time>
      </trkpt>
      <trkpt lat="37.52163" lon="-122.10261">
        <ele>3.0</ele>
        <time>2022-06-21T00:08:42Z</time>
      </trkpt>
      <trkpt lat="37.52164" lon="-122.10257">
        <ele>2.76</ele>
        <time>2022-06-21T00:08:48Z</time>
      </trkpt>
      <trkpt lat="37.52162" lon="-122.1026">
        <ele>3.0</ele>
        <time>2022-06-21T00:09:23Z</time>
      </trkpt>
      <trkpt lat="37.52166" lon="-122.10261">
        <ele>3.0</ele>
        <time>2022-06-21T00:09:46Z</time>
      </trkpt>
      <trkpt lat="37.52171" lon="-122.10258">
        <ele>2.93</ele>
        <time>2022-06-21T00:09:51Z</time>
      </trkpt>
      <trkpt lat="37.52179" lon="-122.10251">
        <ele>3.0</ele>
        <time>2022-06-21T00:09:52Z</time>
      </trkpt>
      <trkpt lat="37.52187" lon="-122.10244">
        <ele>3.0</ele>
        <time>2022-06-21T00:09:56Z</time>
      </trkpt>
      <trkpt lat="37.52193" lon="-122.10239">
        <ele>2.97</ele>
        <time>2022-06-21T00:09:58Z</time>
      </trkpt>
      <trkpt lat="37.52198" lon="-122.10233">
        <ele>3.0</ele>
        <time>2022-06-21T00:10:01Z</time>
      </trkpt>
      <trkpt lat="37.52204" lon="-122.10224">
        <ele>3.0</ele>
        <time>2022-06-21T00:10:03Z</time>
      </trkpt>
      <trkpt lat="37.52211" lon="-122.10217">
        <ele>2.88</ele>
        <time>2022-06-21T00:10:05Z</time>
      </trkpt>
      <trkpt lat="37.52216" lon="-122.10213">
        <ele>3.0</ele>
        <time>2022-06-21T00:10:06Z</time>
      </trkpt>
      <trkpt lat="37.52225" lon="-122.10205">
        <ele>3.0</ele>
        <time>2022-06-21T00:10:09Z</time>
      </trkpt>
      <trkpt lat="37.52235" lon="-122.10194">
        <ele>2.97</ele>
        <time>2022-06-21T00:10:11Z</time>
      </trkpt>
      <trkpt lat="37.5224" lon="-122.1019">
        <ele>2.96</ele>
        <time>2022-06-21T00:10:13Z</time>
      </trkpt>
      <trkpt lat="37.52246" lon="-122.10185">
        <ele>2.99</ele>
        <time>2022-06-21T00:10:14Z</time>
      </trkpt>
      <trkpt lat="37.52251" lon="-122.10179">
        <ele>3.0</ele>
        <time>2022-06-21T00:10:16Z</time>
      </trkpt>
      <trkpt lat="37.52256" lon="-122.10174">
        <ele>2.93</ele>
        <time>2022-06-21T00:10:18Z</time>
      </trkpt>
      <trkpt lat="37.5226" lon="-122.10168">
        <ele>3.0</ele>
        <time>2022-06-21T00:10:19Z</time>
      </trkpt>
      <trkpt lat="37.52267" lon="-122.10161">
        <ele>3.0</ele>
        <time>2022-06-21T00:10:21Z</time>
      </trkpt>
      <trkpt lat="37.52273" lon="-122.10156">
        <ele>3.0</ele>
        <time>2022-06-21T00:10:23Z</time>
      </trkpt>
      <trkpt lat="37.52279" lon="-122.10149">
        <ele>3.0</ele>
        <time>2022-06-21T00:10:25Z</time>
      </trkpt>
      <trkpt lat="37.52288" lon="-122.10139">
        <ele>3.0</ele>
        <time>2022-06-21T00:10:25Z</time>
      </trkpt>
      <trkpt lat="37.52291" lon="-122.10135">
        <ele>3.0</ele>
        <time>2022-06-21T00:10:26Z</time>
      </trkpt>
      <trkpt lat="37.52295" lon="-122.10131">
        <ele>3.0</ele>
        <time>2022-06-21T00:10:27Z</time>
      </trkpt>
      <trkpt lat="37.52298" lon="-122.10127">
        <ele>2.77</ele>
        <time>2022-06-21T00:10:28Z</time>
      </trkpt>
      <trkpt lat="37.52302" lon="-122.10123">
        <ele>2.73</ele>
        <time>2022-06-21T00:10:29Z</time>
      </trkpt>
      <trkpt lat="37.52305" lon="-122.10119">
        <ele>2.8</ele>
        <time>2022-06-21T00:10:30Z</time>
      </trkpt>
      <trkpt lat="37.52309" lon="-122.10115">
        <ele>2.64</ele>
        <time>2022-06-21T00:10:31Z</time>
      </trkpt>
      <trkpt lat="37.52312" lon="-122.10111">
        <ele>2.7</ele>
        <time>2022-06-21T00:10:32Z</time>
      </trkpt>
      <trkpt lat="37.52316" lon="-122.10107">
        <ele>3.0</ele>
        <time>2022-06-21T00:10:33Z</time>
      </trkpt>
      <trkpt lat="37.52319" lon="-122.10103">
        <ele>3.0</ele>
        <time>2022-06-21T00:10:34Z</time>
      </trkpt>
      <trkpt lat="37.52322" lon="-122.10099">
        <ele>2.93</ele>
        <time>2022-06-21T00:10:35Z</time>
      </trkpt>
      <trkpt lat="37.52326" lon="-122.10095">
        <ele>3.0</ele>
        <time>2022-06-21T00:10:36Z</time>
      </trkpt>
      <trkpt lat="37.52329" lon="-122.10091">
        <ele>3.0</ele>
        <time>2022-06-21T00:10:37Z</time>
      </trkpt>
      <trkpt lat="37.52333" lon="-122.10087">
        <ele>3.0</ele>
        <time>2022-06-21T00:10:38Z</time>
      </trkpt>
      <trkpt lat="37.52336" lon="-122.10083">
        <ele>2.97</ele>
        <time>2022-06-21T00:10:39Z</time>
      </trkpt>
      <trkpt lat="37.52339" lon="-122.10079">
        <ele>2.82</ele>
        <time>2022-06-21T00:10:40Z</time>
      </trkpt>
      <trkpt lat="37.52344" lon="-122.10073">
        <ele>2.9</ele>
        <time>2022-06-21T00:10:42Z</time>
      </trkpt>
      <trkpt lat="37.52348" lon="-122.10069">
        <ele>2.77</ele>
        <time>2022-06-21T00:10:43Z</time>
      </trkpt>
      <trkpt lat="37.52351" lon="-122.10065">
        <ele>2.91</ele>
        <time>2022-06-21T00:10:44Z</time>
      </trkpt>
      <trkpt lat="37.52354" lon="-122.10062">
        <ele>2.77</ele>
        <time>2022-06-21T00:10:45Z</time>
      </trkpt>
      <trkpt lat="37.52358" lon="-122.10057">
        <ele>2.72</ele>
        <time>2022-06-21T00:10:46Z</time>
      </trkpt>
      <trkpt lat="37.52361" lon="-122.10053">
        <ele>2.72</ele>
        <time>2022-06-21T00:10:47Z</time>
      </trkpt>
      <trkpt lat="37.52364" lon="-122.10051">
        <ele>2.66</ele>
        <time>2022-06-21T00:10:48Z</time>
      </trkpt>
      <trkpt lat="37.52367" lon="-122.10048">
        <ele>2.7</ele>
        <time>2022-06-21T00:10:51Z</time>
      </trkpt>
      <trkpt lat="37.52371" lon="-122.10044">
        <ele>2.77</ele>
        <time>2022-06-21T00:10:52Z</time>
      </trkpt>
      <trkpt lat="37.52375" lon="-122.1004">
        <ele>2.66</ele>
        <time>2022-06-21T00:10:53Z</time>
      </trkpt>
      <trkpt lat="37.52379" lon="-122.10033">
        <ele>2.93</ele>
        <time>2022-06-21T00:10:55Z</time>
      </trkpt>
      <trkpt lat="37.52384" lon="-122.10027">
        <ele>2.96</ele>
        <time>2022-06-21T00:10:56Z</time>
      </trkpt>
      <trkpt lat="37.5239" lon="-122.10021">
        <ele>3.09</ele>
        <time>2022-06-21T00:10:58Z</time>
      </trkpt>
      <trkpt lat="37.52394" lon="-122.10014">
        <ele>3.06</ele>
        <time>2022-06-21T00:10:59Z</time>
      </trkpt>
      <trkpt lat="37.52401" lon="-122.10007">
        <ele>3.06</ele>
        <time>2022-06-21T00:11:00Z</time>
      </trkpt>
      <trkpt lat="37.52405" lon="-122.10002">
        <ele>2.96</ele>
        <time>2022-06-21T00:11:04Z</time>
      </trkpt>
      <trkpt lat="37.52412" lon="-122.09995">
        <ele>2.96</ele>
        <time>2022-06-21T00:11:06Z</time>
      </trkpt>
      <trkpt lat="37.52417" lon="-122.09988">
        <ele>2.71</ele>
        <time>2022-06-21T00:11:08Z</time>
      </trkpt>
      <trkpt lat="37.52423" lon="-122.09981">
        <ele>2.65</ele>
        <time>2022-06-21T00:11:10Z</time>
      </trkpt>
      <trkpt lat="37.52428" lon="-122.09976">
        <ele>2.54</ele>
        <time>2022-06-21T00:11:11Z</time>
      </trkpt>
      <trkpt lat="37.52433" lon="-122.09968">
        <ele>2.76</ele>
        <time>2022-06-21T00:11:13Z</time>
      </trkpt>
      <trkpt lat="37.5244" lon="-122.09961">
        <ele>2.9</ele>
        <time>2022-06-21T00:11:15Z</time>
      </trkpt>
      <trkpt lat="37.52445" lon="-122.09955">
        <ele>3.0</ele>
        <time>2022-06-21T00:11:17Z</time>
      </trkpt>
      <trkpt lat="37.52451" lon="-122.09948">
        <ele>2.82</ele>
        <time>2022-06-21T00:11:19Z</time>
      </trkpt>
      <trkpt lat="37.52457" lon="-122.09942">
        <ele>3.0</ele>
        <time>2022-06-21T00:11:20Z</time>
      </trkpt>
      <trkpt lat="37.52464" lon="-122.09934">
        <ele>2.89</ele>
        <time>2022-06-21T00:11:21Z</time>
      </trkpt>
      <trkpt lat="37.52469" lon="-122.09929">
        <ele>2.77</ele>
        <time>2022-06-21T00:11:24Z</time>
      </trkpt>
      <trkpt lat="37.52473" lon="-122.09922">
        <ele>2.61</ele>
        <time>2022-06-21T00:11:26Z</time>
      </trkpt>
      <trkpt lat="37.52479" lon="-122.09916">
        <ele>2.73</ele>
        <time>2022-06-21T00:11:26Z</time>
      </trkpt>
      <trkpt lat="37.52486" lon="-122.09907">
        <ele>2.98</ele>
        <time>2022-06-21T00:11:28Z</time>
      </trkpt>
      <trkpt lat="37.5249" lon="-122.099">
        <ele>2.94</ele>
        <time>2022-06-21T00:11:32Z</time>
      </trkpt>
      <trkpt lat="37.52496" lon="-122.09894">
        <ele>2.81</ele>
        <time>2022-06-21T00:11:34Z</time>
      </trkpt>
      <trkpt lat="37.52506" lon="-122.09884">
        <ele>2.81</ele>
        <time>2022-06-21T00:11:36Z</time>
      </trkpt>
      <trkpt lat="37.52511" lon="-122.09877">
        <ele>2.77</ele>
        <time>2022-06-21T00:11:38Z</time>
      </trkpt>
      <trkpt lat="37.52517" lon="-122.09871">
        <ele>2.85</ele>
        <time>2022-06-21T00:11:40Z</time>
      </trkpt>
      <trkpt lat="37.52524" lon="-122.09863">
        <ele>2.68</ele>
        <time>2022-06-21T00:11:42Z</time>
      </trkpt>
      <trkpt lat="37.5253" lon="-122.09858">
        <ele>2.74</ele>
        <time>2022-06-21T00:11:44Z</time>
      </trkpt>
      <trkpt lat="37.52537" lon="-122.09849">
        <ele>2.69</ele>
        <time>2022-06-21T00:11:45Z</time>
      </trkpt>
      <trkpt lat="37.52543" lon="-122.09843">
        <ele>2.66</ele>
        <time>2022-06-21T00:11:46Z</time>
      </trkpt>
      <trkpt lat="37.52548" lon="-122.09837">
        <ele>2.51</ele>
        <time>2022-06-21T00:11:49Z</time>
      </trkpt>
      <trkpt lat="37.52555" lon="-122.0983">
        <ele>2.94</ele>
        <time>2022-06-21T00:11:52Z</time>
      </trkpt>
      <trkpt lat="37.52561" lon="-122.09822">
        <ele>2.91</ele>
        <time>2022-06-21T00:11:54Z</time>
      </trkpt>
      <trkpt lat="37.52566" lon="-122.09816">
        <ele>3.11</ele>
        <time>2022-06-21T00:11:56Z</time>
      </trkpt>
      <trkpt lat="37.52572" lon="-122.09809">
        <ele>3.15</ele>
        <time>2022-06-21T00:11:57Z</time>
      </trkpt>
      <trkpt lat="37.52579" lon="-122.09801">
        <ele>3.27</ele>
        <time>2022-06-21T00:11:58Z</time>
      </trkpt>
      <trkpt lat="37.52586" lon="-122.09794">
        <ele>3.04</ele>
        <time>2022-06-21T00:12:02Z</time>
      </trkpt>
      <trkpt lat="37.52591" lon="-122.09789">
        <ele>3.04</ele>
        <time>2022-06-21T00:12:04Z</time>
      </trkpt>
      <trkpt lat="37.52597" lon="-122.09781">
        <ele>2.82</ele>
        <time>2022-06-21T00:12:06Z</time>
      </trkpt>
      <trkpt lat="37.52604" lon="-122.09772">
        <ele>2.52</ele>
        <time>2022-06-21T00:12:06Z</time>
      </trkpt>
      <trkpt lat="37.52607" lon="-122.09768">
        <ele>2.56</ele>
        <time>2022-06-21T00:12:07Z</time>
      </trkpt>
      <trkpt lat="37.5261" lon="-122.09764">
        <ele>2.88</ele>
        <time>2022-06-21T00:12:08Z</time>
      </trkpt>
      <trkpt lat="37.52614" lon="-122.0976">
        <ele>3.0</ele>
        <time>2022-06-21T00:12:09Z</time>
      </trkpt>
      <trkpt lat="37.52617" lon="-122.09756">
        <ele>2.87</ele>
        <time>2022-06-21T00:12:10Z</time>
      </trkpt>
      <trkpt lat="37.5262" lon="-122.09752">
        <ele>2.97</ele>
        <time>2022-06-21T00:12:11Z</time>
      </trkpt>
      <trkpt lat="37.52624" lon="-122.09748">
        <ele>2.87</ele>
        <time>2022-06-21T00:12:12Z</time>
      </trkpt>
      <trkpt lat="37.52627" lon="-122.09743">
        <ele>2.79</ele>
        <time>2022-06-21T00:12:13Z</time>
      </trkpt>
      <trkpt lat="37.52631" lon="-122.09739">
        <ele>2.84</ele>
        <time>2022-06-21T00:12:14Z</time>
      </trkpt>
      <trkpt lat="37.52635" lon="-122.09735">
        <ele>2.74</ele>
        <time>2022-06-21T00:12:15Z</time>
      </trkpt>
      <trkpt lat="37.52639" lon="-122.09731">
        <ele>2.95</ele>
        <time>2022-06-21T00:12:16Z</time>
      </trkpt>
      <trkpt lat="37.52642" lon="-122.09727">
        <ele>2.68</ele>
        <time>2022-06-21T00:12:17Z</time>
      </trkpt>
      <trkpt lat="37.52646" lon="-122.09723">
        <ele>2.79</ele>
        <time>2022-06-21T00:12:18Z</time>
      </trkpt>
      <trkpt lat="37.52649" lon="-122.09719">
        <ele>2.68</ele>
        <time>2022-06-21T00:12:19Z</time>
      </trkpt>
      <trkpt lat="37.52653" lon="-122.09715">
        <ele>2.63</ele>
        <time>2022-06-21T00:12:20Z</time>
      </trkpt>
      <trkpt lat="37.52656" lon="-122.0971">
        <ele>2.58</ele>
        <time>2022-06-21T00:12:21Z</time>
      </trkpt>
      <trkpt lat="37.52659" lon="-122.09707">
        <ele>2.47</ele>
        <time>2022-06-21T00:12:22Z</time>
      </trkpt>
      <trkpt lat="37.52663" lon="-122.09703">
        <ele>2.6</ele>
        <time>2022-06-21T00:12:23Z</time>
      </trkpt>
      <trkpt lat="37.52665" lon="-122.097">
        <ele>2.82</ele>
        <time>2022-06-21T00:12:24Z</time>
      </trkpt>
      <trkpt lat="37.52669" lon="-122.09696">
        <ele>3.0</ele>
        <time>2022-06-21T00:12:25Z</time>
      </trkpt>
      <trkpt lat="37.52672" lon="-122.09692">
        <ele>2.89</ele>
        <time>2022-06-21T00:12:26Z</time>
      </trkpt>
      <trkpt lat="37.52675" lon="-122.09689">
        <ele>2.94</ele>
        <time>2022-06-21T00:12:27Z</time>
      </trkpt>
      <trkpt lat="37.52678" lon="-122.09685">
        <ele>2.98</ele>
        <time>2022-06-21T00:12:28Z</time>
      </trkpt>
      <trkpt lat="37.52681" lon="-122.09682">
        <ele>2.84</ele>
        <time>2022-06-21T00:12:30Z</time>
      </trkpt>
      <trkpt lat="37.52684" lon="-122.09679">
        <ele>2.91</ele>
        <time>2022-06-21T00:12:31Z</time>
      </trkpt>
      <trkpt lat="37.52689" lon="-122.09673">
        <ele>2.81</ele>
        <time>2022-06-21T00:12:31Z</time>
      </trkpt>
      <trkpt lat="37.52692" lon="-122.09669">
        <ele>2.8</ele>
        <time>2022-06-21T00:12:32Z</time>
      </trkpt>
      <trkpt lat="37.52696" lon="-122.09665">
        <ele>2.85</ele>
        <time>2022-06-21T00:12:33Z</time>
      </trkpt>
      <trkpt lat="37.52699" lon="-122.09661">
        <ele>2.69</ele>
        <time>2022-06-21T00:12:34Z</time>
      </trkpt>
      <trkpt lat="37.52703" lon="-122.09656">
        <ele>2.78</ele>
        <time>2022-06-21T00:12:35Z</time>
      </trkpt>
      <trkpt lat="37.52706" lon="-122.09653">
        <ele>2.64</ele>
        <time>2022-06-21T00:12:36Z</time>
      </trkpt>
      <trkpt lat="37.5271" lon="-122.09649">
        <ele>2.71</ele>
        <time>2022-06-21T00:12:37Z</time>
      </trkpt>
      <trkpt lat="37.52713" lon="-122.09646">
        <ele>2.77</ele>
        <time>2022-06-21T00:12:38Z</time>
      </trkpt>
      <trkpt lat="37.52716" lon="-122.09642">
        <ele>2.55</ele>
        <time>2022-06-21T00:12:39Z</time>
      </trkpt>
      <trkpt lat="37.52719" lon="-122.09638">
        <ele>2.65</ele>
        <time>2022-06-21T00:12:41Z</time>
      </trkpt>
      <trkpt lat="37.52723" lon="-122.09634">
        <ele>3.0</ele>
        <time>2022-06-21T00:12:41Z</time>
      </trkpt>
      <trkpt lat="37.52728" lon="-122.09628">
        <ele>2.93</ele>
        <time>2022-06-21T00:12:44Z</time>
      </trkpt>
      <trkpt lat="37.52734" lon="-122.09623">
        <ele>3.0</ele>
        <time>2022-06-21T00:12:44Z</time>
      </trkpt>
      <trkpt lat="37.52737" lon="-122.09619">
        <ele>2.94</ele>
        <time>2022-06-21T00:12:45Z</time>
      </trkpt>
      <trkpt lat="37.52741" lon="-122.09615">
        <ele>3.0</ele>
        <time>2022-06-21T00:12:46Z</time>
      </trkpt>
      <trkpt lat="37.52744" lon="-122.09611">
        <ele>2.99</ele>
        <time>2022-06-21T00:12:47Z</time>
      </trkpt>
      <trkpt lat="37.52747" lon="-122.09607">
        <ele>2.86</ele>
        <time>2022-06-21T00:12:48Z</time>
      </trkpt>
      <trkpt lat="37.52751" lon="-122.09603">
        <ele>3.09</ele>
        <time>2022-06-21T00:12:49Z</time>
      </trkpt>
      <trkpt lat="37.52754" lon="-122.096">
        <ele>3.23</ele>
        <time>2022-06-21T00:12:50Z</time>
      </trkpt>
      <trkpt lat="37.52759" lon="-122.09594">
        <ele>3.12</ele>
        <time>2022-06-21T00:12:54Z</time>
      </trkpt>
      <trkpt lat="37.52763" lon="-122.09588">
        <ele>3.11</ele>
        <time>2022-06-21T00:12:56Z</time>
      </trkpt>
      <trkpt lat="37.52772" lon="-122.09577">
        <ele>3.15</ele>
        <time>2022-06-21T00:12:58Z</time>
      </trkpt>
      <trkpt lat="37.52778" lon="-122.09571">
        <ele>3.35</ele>
        <time>2022-06-21T00:13:00Z</time>
      </trkpt>
      <trkpt lat="37.52783" lon="-122.09566">
        <ele>3.24</ele>
        <time>2022-06-21T00:12:59Z</time>
      </trkpt>
      <trkpt lat="37.52787" lon="-122.09562">
        <ele>3.69</ele>
        <time>2022-06-21T00:13:00Z</time>
      </trkpt>
      <trkpt lat="37.52791" lon="-122.09557">
        <ele>3.09</ele>
        <time>2022-06-21T00:13:01Z</time>
      </trkpt>
      <trkpt lat="37.52794" lon="-122.09552">
        <ele>2.9</ele>
        <time>2022-06-21T00:13:02Z</time>
      </trkpt>
      <trkpt lat="37.52798" lon="-122.09548">
        <ele>3.15</ele>
        <time>2022-06-21T00:13:03Z</time>
      </trkpt>
      <trkpt lat="37.52802" lon="-122.09543">
        <ele>3.26</ele>
        <time>2022-06-21T00:13:04Z</time>
      </trkpt>
      <trkpt lat="37.52806" lon="-122.09538">
        <ele>3.14</ele>
        <time>2022-06-21T00:13:05Z</time>
      </trkpt>
      <trkpt lat="37.52809" lon="-122.09534">
        <ele>3.04</ele>
        <time>2022-06-21T00:13:06Z</time>
      </trkpt>
      <trkpt lat="37.52813" lon="-122.09529">
        <ele>2.94</ele>
        <time>2022-06-21T00:13:07Z</time>
      </trkpt>
      <trkpt lat="37.52817" lon="-122.09525">
        <ele>2.77</ele>
        <time>2022-06-21T00:13:08Z</time>
      </trkpt>
      <trkpt lat="37.52821" lon="-122.0952">
        <ele>2.72</ele>
        <time>2022-06-21T00:13:09Z</time>
      </trkpt>
      <trkpt lat="37.52825" lon="-122.09515">
        <ele>2.66</ele>
        <time>2022-06-21T00:13:10Z</time>
      </trkpt>
      <trkpt lat="37.52829" lon="-122.09511">
        <ele>2.62</ele>
        <time>2022-06-21T00:13:11Z</time>
      </trkpt>
      <trkpt lat="37.52833" lon="-122.09507">
        <ele>2.73</ele>
        <time>2022-06-21T00:13:12Z</time>
      </trkpt>
      <trkpt lat="37.52837" lon="-122.09502">
        <ele>2.53</ele>
        <time>2022-06-21T00:13:13Z</time>
      </trkpt>
      <trkpt lat="37.52841" lon="-122.09498">
        <ele>2.65</ele>
        <time>2022-06-21T00:13:14Z</time>
      </trkpt>
      <trkpt lat="37.52844" lon="-122.09493">
        <ele>2.36</ele>
        <time>2022-06-21T00:13:15Z</time>
      </trkpt>
      <trkpt lat="37.52848" lon="-122.09489">
        <ele>2.58</ele>
        <time>2022-06-21T00:13:16Z</time>
      </trkpt>
      <trkpt lat="37.52852" lon="-122.09484">
        <ele>3.0</ele>
        <time>2022-06-21T00:13:17Z</time>
      </trkpt>
      <trkpt lat="37.52856" lon="-122.0948">
        <ele>2.91</ele>
        <time>2022-06-21T00:13:18Z</time>
      </trkpt>
      <trkpt lat="37.5286" lon="-122.09475">
        <ele>2.92</ele>
        <time>2022-06-21T00:13:19Z</time>
      </trkpt>
      <trkpt lat="37.52864" lon="-122.09471">
        <ele>2.91</ele>
        <time>2022-06-21T00:13:20Z</time>
      </trkpt>
      <trkpt lat="37.52868" lon="-122.09467">
        <ele>2.86</ele>
        <time>2022-06-21T00:13:21Z</time>
      </trkpt>
      <trkpt lat="37.52872" lon="-122.09462">
        <ele>2.91</ele>
        <time>2022-06-21T00:13:22Z</time>
      </trkpt>
      <trkpt lat="37.52875" lon="-122.09457">
        <ele>2.68</ele>
        <time>2022-06-21T00:13:23Z</time>
      </trkpt>
      <trkpt lat="37.52879" lon="-122.09453">
        <ele>2.86</ele>
        <time>2022-06-21T00:13:24Z</time>
      </trkpt>
      <trkpt lat="37.52883" lon="-122.09448">
        <ele>2.61</ele>
        <time>2022-06-21T00:13:25Z</time>
      </trkpt>
      <trkpt lat="37.52887" lon="-122.09444">
        <ele>2.76</ele>
        <time>2022-06-21T00:13:26Z</time>
      </trkpt>
      <trkpt lat="37.52891" lon="-122.09439">
        <ele>2.64</ele>
        <time>2022-06-21T00:13:27Z</time>
      </trkpt>
      <trkpt lat="37.52896" lon="-122.09435">
        <ele>2.77</ele>
        <time>2022-06-21T00:13:28Z</time>
      </trkpt>
      <trkpt lat="37.529" lon="-122.09431">
        <ele>3.11</ele>
        <time>2022-06-21T00:13:29Z</time>
      </trkpt>
      <trkpt lat="37.52903" lon="-122.09426">
        <ele>3.0</ele>
        <time>2022-06-21T00:13:30Z</time>
      </trkpt>
      <trkpt lat="37.52907" lon="-122.09421">
        <ele>2.98</ele>
        <time>2022-06-21T00:13:31Z</time>
      </trkpt>
      <trkpt lat="37.52911" lon="-122.09417">
        <ele>3.0</ele>
        <time>2022-06-21T00:13:32Z</time>
      </trkpt>
      <trkpt lat="37.52915" lon="-122.09412">
        <ele>2.91</ele>
        <time>2022-06-21T00:13:33Z</time>
      </trkpt>
      <trkpt lat="37.52919" lon="-122.09407">
        <ele>2.97</ele>
        <time>2022-06-21T00:13:34Z</time>
      </trkpt>
      <trkpt lat="37.52923" lon="-122.09402">
        <ele>2.82</ele>
        <time>2022-06-21T00:13:35Z</time>
      </trkpt>
      <trkpt lat="37.52927" lon="-122.09397">
        <ele>2.89</ele>
        <time>2022-06-21T00:13:36Z</time>
      </trkpt>
      <trkpt lat="37.5293" lon="-122.09392">
        <ele>2.63</ele>
        <time>2022-06-21T00:13:37Z</time>
      </trkpt>
      <trkpt lat="37.52934" lon="-122.09388">
        <ele>2.79</ele>
        <time>2022-06-21T00:13:38Z</time>
      </trkpt>
      <trkpt lat="37.52938" lon="-122.09383">
        <ele>2.56</ele>
        <time>2022-06-21T00:13:39Z</time>
      </trkpt>
      <trkpt lat="37.52942" lon="-122.09379">
        <ele>2.74</ele>
        <time>2022-06-21T00:13:40Z</time>
      </trkpt>
      <trkpt lat="37.52946" lon="-122.09374">
        <ele>3.0</ele>
        <time>2022-06-21T00:13:41Z</time>
      </trkpt>
      <trkpt lat="37.5295" lon="-122.09369">
        <ele>2.94</ele>
        <time>2022-06-21T00:13:42Z</time>
      </trkpt>
      <trkpt lat="37.52954" lon="-122.09365">
        <ele>3.0</ele>
        <time>2022-06-21T00:13:43Z</time>
      </trkpt>
      <trkpt lat="37.52958" lon="-122.0936">
        <ele>2.94</ele>
        <time>2022-06-21T00:13:44Z</time>
      </trkpt>
      <trkpt lat="37.52962" lon="-122.09355">
        <ele>2.93</ele>
        <time>2022-06-21T00:13:45Z</time>
      </trkpt>
      <trkpt lat="37.52966" lon="-122.09351">
        <ele>2.94</ele>
        <time>2022-06-21T00:13:46Z</time>
      </trkpt>
      <trkpt lat="37.52969" lon="-122.09346">
        <ele>2.78</ele>
        <time>2022-06-21T00:13:47Z</time>
      </trkpt>
      <trkpt lat="37.52973" lon="-122.09341">
        <ele>3.0</ele>
        <time>2022-06-21T00:13:48Z</time>
      </trkpt>
      <trkpt lat="37.52976" lon="-122.09335">
        <ele>3.0</ele>
        <time>2022-06-21T00:13:49Z</time>
      </trkpt>
      <trkpt lat="37.52979" lon="-122.09329">
        <ele>2.87</ele>
        <time>2022-06-21T00:13:50Z</time>
      </trkpt>
      <trkpt lat="37.52983" lon="-122.09324">
        <ele>3.0</ele>
        <time>2022-06-21T00:13:51Z</time>
      </trkpt>
      <trkpt lat="37.52987" lon="-122.09319">
        <ele>3.0</ele>
        <time>2022-06-21T00:13:52Z</time>
      </trkpt>
      <trkpt lat="37.5299" lon="-122.09314">
        <ele>3.0</ele>
        <time>2022-06-21T00:13:53Z</time>
      </trkpt>
      <trkpt lat="37.52994" lon="-122.09309">
        <ele>3.0</ele>
        <time>2022-06-21T00:13:54Z</time>
      </trkpt>
      <trkpt lat="37.52997" lon="-122.09305">
        <ele>2.98</ele>
        <time>2022-06-21T00:13:55Z</time>
      </trkpt>
      <trkpt lat="37.53001" lon="-122.093">
        <ele>3.0</ele>
        <time>2022-06-21T00:13:56Z</time>
      </trkpt>
      <trkpt lat="37.53005" lon="-122.09296">
        <ele>3.0</ele>
        <time>2022-06-21T00:13:57Z</time>
      </trkpt>
      <trkpt lat="37.53008" lon="-122.09291">
        <ele>3.0</ele>
        <time>2022-06-21T00:13:58Z</time>
      </trkpt>
      <trkpt lat="37.53011" lon="-122.09286">
        <ele>3.0</ele>
        <time>2022-06-21T00:13:59Z</time>
      </trkpt>
      <trkpt lat="37.53014" lon="-122.09281">
        <ele>3.0</ele>
        <time>2022-06-21T00:14:00Z</time>
      </trkpt>
      <trkpt lat="37.53017" lon="-122.09276">
        <ele>2.97</ele>
        <time>2022-06-21T00:14:01Z</time>
      </trkpt>
      <trkpt lat="37.53021" lon="-122.09271">
        <ele>3.0</ele>
        <time>2022-06-21T00:14:02Z</time>
      </trkpt>
      <trkpt lat="37.53024" lon="-122.09266">
        <ele>3.0</ele>
        <time>2022-06-21T00:14:03Z</time>
      </trkpt>
      <trkpt lat="37.53027" lon="-122.09261">
        <ele>3.0</ele>
        <time>2022-06-21T00:14:04Z</time>
      </trkpt>
      <trkpt lat="37.5303" lon="-122.09256">
        <ele>3.0</ele>
        <time>2022-06-21T00:14:05Z</time>
      </trkpt>
      <trkpt lat="37.53033" lon="-122.09252">
        <ele>3.0</ele>
        <time>2022-06-21T00:14:06Z</time>
      </trkpt>
      <trkpt lat="37.53036" lon="-122.09247">
        <ele>2.96</ele>
        <time>2022-06-21T00:14:07Z</time>
      </trkpt>
      <trkpt lat="37.53039" lon="-122.09242">
        <ele>3.0</ele>
        <time>2022-06-21T00:14:08Z</time>
      </trkpt>
      <trkpt lat="37.53042" lon="-122.09236">
        <ele>3.0</ele>
        <time>2022-06-21T00:14:09Z</time>
      </trkpt>
      <trkpt lat="37.53045" lon="-122.09231">
        <ele>3.0</ele>
        <time>2022-06-21T00:14:10Z</time>
      </trkpt>
      <trkpt lat="37.53048" lon="-122.09226">
        <ele>3.08</ele>
        <time>2022-06-21T00:14:11Z</time>
      </trkpt>
      <trkpt lat="37.53051" lon="-122.09221">
        <ele>3.0</ele>
        <time>2022-06-21T00:14:12Z</time>
      </trkpt>
      <trkpt lat="37.53054" lon="-122.09216">
        <ele>3.0</ele>
        <time>2022-06-21T00:14:13Z</time>
      </trkpt>
      <trkpt lat="37.53057" lon="-122.09211">
        <ele>3.12</ele>
        <time>2022-06-21T00:14:14Z</time>
      </trkpt>
      <trkpt lat="37.5306" lon="-122.09206">
        <ele>3.12</ele>
        <time>2022-06-21T00:14:15Z</time>
      </trkpt>
      <trkpt lat="37.53063" lon="-122.09201">
        <ele>3.0</ele>
        <time>2022-06-21T00:14:16Z</time>
      </trkpt>
      <trkpt lat="37.53066" lon="-122.09196">
        <ele>3.13</ele>
        <time>2022-06-21T00:14:17Z</time>
      </trkpt>
      <trkpt lat="37.53069" lon="-122.09191">
        <ele>3.28</ele>
        <time>2022-06-21T00:14:18Z</time>
      </trkpt>
      <trkpt lat="37.53072" lon="-122.09186">
        <ele>3.07</ele>
        <time>2022-06-21T00:14:19Z</time>
      </trkpt>
      <trkpt lat="37.53075" lon="-122.09181">
        <ele>3.1</ele>
        <time>2022-06-21T00:14:20Z</time>
      </trkpt>
      <trkpt lat="37.53077" lon="-122.09175">
        <ele>3.28</ele>
        <time>2022-06-21T00:14:21Z</time>
      </trkpt>
      <trkpt lat="37.5308" lon="-122.0917">
        <ele>3.23</ele>
        <time>2022-06-21T00:14:22Z</time>
      </trkpt>
      <trkpt lat="37.53083" lon="-122.09165">
        <ele>3.0</ele>
        <time>2022-06-21T00:14:23Z</time>
      </trkpt>
      <trkpt lat="37.53085" lon="-122.09159">
        <ele>3.18</ele>
        <time>2022-06-21T00:14:24Z</time>
      </trkpt>
      <trkpt lat="37.53088" lon="-122.09154">
        <ele>3.32</ele>
        <time>2022-06-21T00:14:25Z</time>
      </trkpt>
      <trkpt lat="37.5309" lon="-122.09149">
        <ele>3.07</ele>
        <time>2022-06-21T00:14:26Z</time>
      </trkpt>
      <trkpt lat="37.53093" lon="-122.09144">
        <ele>3.02</ele>
        <time>2022-06-21T00:14:27Z</time>
      </trkpt>
      <trkpt lat="37.53096" lon="-122.09139">
        <ele>3.0</ele>
        <time>2022-06-21T00:14:28Z</time>
      </trkpt>
      <trkpt lat="37.53098" lon="-122.09133">
        <ele>3.0</ele>
        <time>2022-06-21T00:14:29Z</time>
      </trkpt>
      <trkpt lat="37.53101" lon="-122.09128">
        <ele>3.0</ele>
        <time>2022-06-21T00:14:30Z</time>
      </trkpt>
      <trkpt lat="37.53104" lon="-122.09122">
        <ele>3.04</ele>
        <time>2022-06-21T00:14:31Z</time>
      </trkpt>
      <trkpt lat="37.53107" lon="-122.09117">
        <ele>3.0</ele>
        <time>2022-06-21T00:14:32Z</time>
      </trkpt>
      <trkpt lat="37.5311" lon="-122.09111">
        <ele>3.0</ele>
        <time>2022-06-21T00:14:33Z</time>
      </trkpt>
      <trkpt lat="37.53113" lon="-122.09106">
        <ele>3.09</ele>
        <time>2022-06-21T00:14:34Z</time>
      </trkpt>
      <trkpt lat="37.53115" lon="-122.091">
        <ele>3.0</ele>
        <time>2022-06-21T00:14:35Z</time>
      </trkpt>
      <trkpt lat="37.53118" lon="-122.09095">
        <ele>3.0</ele>
        <time>2022-06-21T00:14:36Z</time>
      </trkpt>
      <trkpt lat="37.5312" lon="-122.09089">
        <ele>3.0</ele>
        <time>2022-06-21T00:14:37Z</time>
      </trkpt>
      <trkpt lat="37.53123" lon="-122.09084">
        <ele>3.02</ele>
        <time>2022-06-21T00:14:38Z</time>
      </trkpt>
      <trkpt lat="37.53126" lon="-122.09079">
        <ele>3.0</ele>
        <time>2022-06-21T00:14:39Z</time>
      </trkpt>
      <trkpt lat="37.53128" lon="-122.09073">
        <ele>3.0</ele>
        <time>2022-06-21T00:14:40Z</time>
      </trkpt>
      <trkpt lat="37.53131" lon="-122.09068">
        <ele>3.05</ele>
        <time>2022-06-21T00:14:41Z</time>
      </trkpt>
      <trkpt lat="37.53134" lon="-122.09062">
        <ele>3.0</ele>
        <time>2022-06-21T00:14:42Z</time>
      </trkpt>
      <trkpt lat="37.53136" lon="-122.09056">
        <ele>3.0</ele>
        <time>2022-06-21T00:14:43Z</time>
      </trkpt>
      <trkpt lat="37.53139" lon="-122.0905">
        <ele>3.0</ele>
        <time>2022-06-21T00:14:44Z</time>
      </trkpt>
      <trkpt lat="37.53141" lon="-122.09044">
        <ele>3.0</ele>
        <time>2022-06-21T00:14:45Z</time>
      </trkpt>
      <trkpt lat="37.53144" lon="-122.09038">
        <ele>3.0</ele>
        <time>2022-06-21T00:14:46Z</time>
      </trkpt>
      <trkpt lat="37.53146" lon="-122.09032">
        <ele>3.0</ele>
        <time>2022-06-21T00:14:47Z</time>
      </trkpt>
      <trkpt lat="37.53149" lon="-122.09026">
        <ele>3.0</ele>
        <time>2022-06-21T00:14:48Z</time>
      </trkpt>
      <trkpt lat="37.53152" lon="-122.0902">
        <ele>3.0</ele>
        <time>2022-06-21T00:14:49Z</time>
      </trkpt>
      <trkpt lat="37.53154" lon="-122.09014">
        <ele>3.0</ele>
        <time>2022-06-21T00:14:50Z</time>
      </trkpt>
      <trkpt lat="37.53157" lon="-122.09008">
        <ele>3.0</ele>
        <time>2022-06-21T00:14:51Z</time>
      </trkpt>
      <trkpt lat="37.53159" lon="-122.09002">
        <ele>3.04</ele>
        <time>2022-06-21T00:14:52Z</time>
      </trkpt>
      <trkpt lat="37.53162" lon="-122.08996">
        <ele>3.0</ele>
        <time>2022-06-21T00:14:53Z</time>
      </trkpt>
      <trkpt lat="37.53164" lon="-122.08989">
        <ele>3.0</ele>
        <time>2022-06-21T00:14:54Z</time>
      </trkpt>
      <trkpt lat="37.53166" lon="-122.08983">
        <ele>3.0</ele>
        <time>2022-06-21T00:14:55Z</time>
      </trkpt>
      <trkpt lat="37.53168" lon="-122.08977">
        <ele>3.0</ele>
        <time>2022-06-21T00:14:56Z</time>
      </trkpt>
      <trkpt lat="37.5317" lon="-122.08971">
        <ele>3.0</ele>
        <time>2022-06-21T00:14:57Z</time>
      </trkpt>
      <trkpt lat="37.53172" lon="-122.08965">
        <ele>3.0</ele>
        <time>2022-06-21T00:14:58Z</time>
      </trkpt>
      <trkpt lat="37.53174" lon="-122.08959">
        <ele>3.0</ele>
        <time>2022-06-21T00:14:59Z</time>
      </trkpt>
      <trkpt lat="37.53177" lon="-122.08953">
        <ele>3.11</ele>
        <time>2022-06-21T00:15:00Z</time>
      </trkpt>
      <trkpt lat="37.53179" lon="-122.08948">
        <ele>3.13</ele>
        <time>2022-06-21T00:15:01Z</time>
      </trkpt>
      <trkpt lat="37.53181" lon="-122.08942">
        <ele>3.0</ele>
        <time>2022-06-21T00:15:02Z</time>
      </trkpt>
      <trkpt lat="37.53183" lon="-122.08936">
        <ele>3.0</ele>
        <time>2022-06-21T00:15:03Z</time>
      </trkpt>
      <trkpt lat="37.53186" lon="-122.0893">
        <ele>3.09</ele>
        <time>2022-06-21T00:15:04Z</time>
      </trkpt>
      <trkpt lat="37.53188" lon="-122.08924">
        <ele>3.24</ele>
        <time>2022-06-21T00:15:05Z</time>
      </trkpt>
      <trkpt lat="37.5319" lon="-122.08918">
        <ele>3.07</ele>
        <time>2022-06-21T00:15:06Z</time>
      </trkpt>
      <trkpt lat="37.53193" lon="-122.08913">
        <ele>3.0</ele>
        <time>2022-06-21T00:15:07Z</time>
      </trkpt>
      <trkpt lat="37.53195" lon="-122.08907">
        <ele>3.06</ele>
        <time>2022-06-21T00:15:08Z</time>
      </trkpt>
      <trkpt lat="37.53197" lon="-122.08901">
        <ele>3.28</ele>
        <time>2022-06-21T00:15:09Z</time>
      </trkpt>
      <trkpt lat="37.53199" lon="-122.08895">
        <ele>3.32</ele>
        <time>2022-06-21T00:15:10Z</time>
      </trkpt>
      <trkpt lat="37.53201" lon="-122.08889">
        <ele>3.01</ele>
        <time>2022-06-21T00:15:11Z</time>
      </trkpt>
      <trkpt lat="37.53203" lon="-122.08883">
        <ele>3.0</ele>
        <time>2022-06-21T00:15:12Z</time>
      </trkpt>
      <trkpt lat="37.53205" lon="-122.08877">
        <ele>3.1</ele>
        <time>2022-06-21T00:15:13Z</time>
      </trkpt>
      <trkpt lat="37.53207" lon="-122.08871">
        <ele>3.02</ele>
        <time>2022-06-21T00:15:14Z</time>
      </trkpt>
      <trkpt lat="37.53209" lon="-122.08864">
        <ele>3.0</ele>
        <time>2022-06-21T00:15:15Z</time>
      </trkpt>
      <trkpt lat="37.53211" lon="-122.08858">
        <ele>3.0</ele>
        <time>2022-06-21T00:15:16Z</time>
      </trkpt>
      <trkpt lat="37.53213" lon="-122.08851">
        <ele>3.0</ele>
        <time>2022-06-21T00:15:17Z</time>
      </trkpt>
      <trkpt lat="37.53215" lon="-122.08845">
        <ele>3.0</ele>
        <time>2022-06-21T00:15:18Z</time>
      </trkpt>
      <trkpt lat="37.53217" lon="-122.08838">
        <ele>3.0</ele>
        <time>2022-06-21T00:15:19Z</time>
      </trkpt>
      <trkpt lat="37.53218" lon="-122.08831">
        <ele>3.0</ele>
        <time>2022-06-21T00:15:20Z</time>
      </trkpt>
      <trkpt lat="37.5322" lon="-122.08825">
        <ele>3.0</ele>
        <time>2022-06-21T00:15:21Z</time>
      </trkpt>
      <trkpt lat="37.53222" lon="-122.08818">
        <ele>3.0</ele>
        <time>2022-06-21T00:15:22Z</time>
      </trkpt>
      <trkpt lat="37.53224" lon="-122.08812">
        <ele>3.13</ele>
        <time>2022-06-21T00:15:23Z</time>
      </trkpt>
      <trkpt lat="37.53226" lon="-122.08805">
        <ele>2.96</ele>
        <time>2022-06-21T00:15:24Z</time>
      </trkpt>
      <trkpt lat="37.53227" lon="-122.08798">
        <ele>2.61</ele>
        <time>2022-06-21T00:15:25Z</time>
      </trkpt>
      <trkpt lat="37.53229" lon="-122.08791">
        <ele>2.73</ele>
        <time>2022-06-21T00:15:26Z</time>
      </trkpt>
      <trkpt lat="37.53231" lon="-122.08784">
        <ele>2.95</ele>
        <time>2022-06-21T00:15:27Z</time>
      </trkpt>
      <trkpt lat="37.53233" lon="-122.08777">
        <ele>3.0</ele>
        <time>2022-06-21T00:15:28Z</time>
      </trkpt>
      <trkpt lat="37.53235" lon="-122.0877">
        <ele>3.0</ele>
        <time>2022-06-21T00:15:29Z</time>
      </trkpt>
      <trkpt lat="37.53237" lon="-122.08763">
        <ele>2.76</ele>
        <time>2022-06-21T00:15:30Z</time>
      </trkpt>
      <trkpt lat="37.53238" lon="-122.08757">
        <ele>2.7</ele>
        <time>2022-06-21T00:15:31Z</time>
      </trkpt>
      <trkpt lat="37.5324" lon="-122.0875">
        <ele>2.92</ele>
        <time>2022-06-21T00:15:32Z</time>
      </trkpt>
      <trkpt lat="37.53241" lon="-122.08743">
        <ele>3.03</ele>
        <time>2022-06-21T00:15:33Z</time>
      </trkpt>
      <trkpt lat="37.53243" lon="-122.08736">
        <ele>3.12</ele>
        <time>2022-06-21T00:15:34Z</time>
      </trkpt>
      <trkpt lat="37.53244" lon="-122.0873">
        <ele>2.9</ele>
        <time>2022-06-21T00:15:35Z</time>
      </trkpt>
      <trkpt lat="37.53246" lon="-122.08723">
        <ele>2.6</ele>
        <time>2022-06-21T00:15:36Z</time>
      </trkpt>
      <trkpt lat="37.53248" lon="-122.08717">
        <ele>2.78</ele>
        <time>2022-06-21T00:15:37Z</time>
      </trkpt>
      <trkpt lat="37.53249" lon="-122.08711">
        <ele>2.89</ele>
        <time>2022-06-21T00:15:38Z</time>
      </trkpt>
      <trkpt lat="37.53251" lon="-122.08704">
        <ele>3.11</ele>
        <time>2022-06-21T00:15:39Z</time>
      </trkpt>
      <trkpt lat="37.53252" lon="-122.08698">
        <ele>3.22</ele>
        <time>2022-06-21T00:15:40Z</time>
      </trkpt>
      <trkpt lat="37.53253" lon="-122.08691">
        <ele>3.07</ele>
        <time>2022-06-21T00:15:41Z</time>
      </trkpt>
      <trkpt lat="37.53255" lon="-122.08685">
        <ele>3.07</ele>
        <time>2022-06-21T00:15:42Z</time>
      </trkpt>
      <trkpt lat="37.53256" lon="-122.08678">
        <ele>2.79</ele>
        <time>2022-06-21T00:15:43Z</time>
      </trkpt>
      <trkpt lat="37.53257" lon="-122.08672">
        <ele>2.76</ele>
        <time>2022-06-21T00:15:44Z</time>
      </trkpt>
      <trkpt lat="37.53258" lon="-122.08665">
        <ele>2.86</ele>
        <time>2022-06-21T00:15:45Z</time>
      </trkpt>
      <trkpt lat="37.53259" lon="-122.08659">
        <ele>2.97</ele>
        <time>2022-06-21T00:15:46Z</time>
      </trkpt>
      <trkpt lat="37.5326" lon="-122.08653">
        <ele>3.0</ele>
        <time>2022-06-21T00:15:47Z</time>
      </trkpt>
      <trkpt lat="37.53262" lon="-122.08646">
        <ele>2.84</ele>
        <time>2022-06-21T00:15:48Z</time>
      </trkpt>
      <trkpt lat="37.53263" lon="-122.08639">
        <ele>2.41</ele>
        <time>2022-06-21T00:15:49Z</time>
      </trkpt>
      <trkpt lat="37.53264" lon="-122.08632">
        <ele>2.51</ele>
        <time>2022-06-21T00:15:50Z</time>
      </trkpt>
      <trkpt lat="37.53265" lon="-122.08626">
        <ele>2.62</ele>
        <time>2022-06-21T00:15:51Z</time>
      </trkpt>
      <trkpt lat="37.53266" lon="-122.08619">
        <ele>2.73</ele>
        <time>2022-06-21T00:15:52Z</time>
      </trkpt>
      <trkpt lat="37.53267" lon="-122.08613">
        <ele>2.84</ele>
        <time>2022-06-21T00:15:53Z</time>
      </trkpt>
      <trkpt lat="37.53268" lon="-122.08606">
        <ele>2.94</ele>
        <time>2022-06-21T00:15:54Z</time>
      </trkpt>
      <trkpt lat="37.53269" lon="-122.08599">
        <ele>3.02</ele>
        <time>2022-06-21T00:15:55Z</time>
      </trkpt>
      <trkpt lat="37.53271" lon="-122.08593">
        <ele>3.26</ele>
        <time>2022-06-21T00:15:56Z</time>
      </trkpt>
      <trkpt lat="37.53272" lon="-122.08586">
        <ele>3.38</ele>
        <time>2022-06-21T00:15:57Z</time>
      </trkpt>
      <trkpt lat="37.53273" lon="-122.08579">
        <ele>3.02</ele>
        <time>2022-06-21T00:15:58Z</time>
      </trkpt>
      <trkpt lat="37.53274" lon="-122.08573">
        <ele>2.59</ele>
        <time>2022-06-21T00:15:59Z</time>
      </trkpt>
      <trkpt lat="37.53275" lon="-122.08566">
        <ele>2.7</ele>
        <time>2022-06-21T00:16:00Z</time>
      </trkpt>
      <trkpt lat="37.53276" lon="-122.08559">
        <ele>2.81</ele>
        <time>2022-06-21T00:16:01Z</time>
      </trkpt>
      <trkpt lat="37.53277" lon="-122.08552">
        <ele>2.92</ele>
        <time>2022-06-21T00:16:02Z</time>
      </trkpt>
      <trkpt lat="37.53278" lon="-122.08545">
        <ele>3.02</ele>
        <time>2022-06-21T00:16:03Z</time>
      </trkpt>
      <trkpt lat="37.53279" lon="-122.08538">
        <ele>3.13</ele>
        <time>2022-06-21T00:16:04Z</time>
      </trkpt>
      <trkpt lat="37.5328" lon="-122.08531">
        <ele>3.24</ele>
        <time>2022-06-21T00:16:05Z</time>
      </trkpt>
      <trkpt lat="37.53281" lon="-122.08524">
        <ele>3.08</ele>
        <time>2022-06-21T00:16:06Z</time>
      </trkpt>
      <trkpt lat="37.53282" lon="-122.08517">
        <ele>2.84</ele>
        <time>2022-06-21T00:16:07Z</time>
      </trkpt>
      <trkpt lat="37.53283" lon="-122.08509">
        <ele>2.56</ele>
        <time>2022-06-21T00:16:08Z</time>
      </trkpt>
      <trkpt lat="37.53284" lon="-122.08502">
        <ele>2.67</ele>
        <time>2022-06-21T00:16:09Z</time>
      </trkpt>
      <trkpt lat="37.53286" lon="-122.08494">
        <ele>2.89</ele>
        <time>2022-06-21T00:16:10Z</time>
      </trkpt>
      <trkpt lat="37.53287" lon="-122.08486">
        <ele>3.0</ele>
        <time>2022-06-21T00:16:11Z</time>
      </trkpt>
      <trkpt lat="37.53288" lon="-122.08479">
        <ele>3.1</ele>
        <time>2022-06-21T00:16:12Z</time>
      </trkpt>
      <trkpt lat="37.53289" lon="-122.08471">
        <ele>3.21</ele>
        <time>2022-06-21T00:16:13Z</time>
      </trkpt>
      <trkpt lat="37.5329" lon="-122.08464">
        <ele>3.32</ele>
        <time>2022-06-21T00:16:14Z</time>
      </trkpt>
      <trkpt lat="37.53292" lon="-122.08457">
        <ele>3.24</ele>
        <time>2022-06-21T00:16:15Z</time>
      </trkpt>
      <trkpt lat="37.53293" lon="-122.0845">
        <ele>3.03</ele>
        <time>2022-06-21T00:16:16Z</time>
      </trkpt>
      <trkpt lat="37.53294" lon="-122.08442">
        <ele>2.75</ele>
        <time>2022-06-21T00:16:17Z</time>
      </trkpt>
      <trkpt lat="37.53295" lon="-122.08435">
        <ele>2.86</ele>
        <time>2022-06-21T00:16:18Z</time>
      </trkpt>
      <trkpt lat="37.53296" lon="-122.08427">
        <ele>2.97</ele>
        <time>2022-06-21T00:16:19Z</time>
      </trkpt>
      <trkpt lat="37.53297" lon="-122.0842">
        <ele>3.08</ele>
        <time>2022-06-21T00:16:20Z</time>
      </trkpt>
      <trkpt lat="37.53298" lon="-122.08412">
        <ele>3.18</ele>
        <time>2022-06-21T00:16:21Z</time>
      </trkpt>
      <trkpt lat="37.533" lon="-122.08405">
        <ele>3.24</ele>
        <time>2022-06-21T00:16:22Z</time>
      </trkpt>
      <trkpt lat="37.53301" lon="-122.08398">
        <ele>3.02</ele>
        <time>2022-06-21T00:16:23Z</time>
      </trkpt>
      <trkpt lat="37.53302" lon="-122.0839">
        <ele>3.23</ele>
        <time>2022-06-21T00:16:24Z</time>
      </trkpt>
      <trkpt lat="37.53303" lon="-122.08383">
        <ele>2.99</ele>
        <time>2022-06-21T00:16:25Z</time>
      </trkpt>
      <trkpt lat="37.53304" lon="-122.08375">
        <ele>2.83</ele>
        <time>2022-06-21T00:16:26Z</time>
      </trkpt>
      <trkpt lat="37.53305" lon="-122.08367">
        <ele>2.94</ele>
        <time>2022-06-21T00:16:27Z</time>
      </trkpt>
      <trkpt lat="37.53306" lon="-122.08359">
        <ele>3.05</ele>
        <time>2022-06-21T00:16:28Z</time>
      </trkpt>
      <trkpt lat="37.53307" lon="-122.08352">
        <ele>3.16</ele>
        <time>2022-06-21T00:16:29Z</time>
      </trkpt>
      <trkpt lat="37.53309" lon="-122.08344">
        <ele>3.37</ele>
        <time>2022-06-21T00:16:30Z</time>
      </trkpt>
      <trkpt lat="37.5331" lon="-122.08337">
        <ele>3.17</ele>
        <time>2022-06-21T00:16:31Z</time>
      </trkpt>
      <trkpt lat="37.53311" lon="-122.08329">
        <ele>2.9</ele>
        <time>2022-06-21T00:16:32Z</time>
      </trkpt>
      <trkpt lat="37.53312" lon="-122.08322">
        <ele>2.7</ele>
        <time>2022-06-21T00:16:33Z</time>
      </trkpt>
      <trkpt lat="37.53313" lon="-122.08314">
        <ele>2.8</ele>
        <time>2022-06-21T00:16:34Z</time>
      </trkpt>
      <trkpt lat="37.53315" lon="-122.08306">
        <ele>3.02</ele>
        <time>2022-06-21T00:16:35Z</time>
      </trkpt>
      <trkpt lat="37.53316" lon="-122.08298">
        <ele>3.13</ele>
        <time>2022-06-21T00:16:36Z</time>
      </trkpt>
      <trkpt lat="37.53317" lon="-122.08291">
        <ele>3.24</ele>
        <time>2022-06-21T00:16:37Z</time>
      </trkpt>
      <trkpt lat="37.53318" lon="-122.08283">
        <ele>2.91</ele>
        <time>2022-06-21T00:16:38Z</time>
      </trkpt>
      <trkpt lat="37.53319" lon="-122.08275">
        <ele>2.45</ele>
        <time>2022-06-21T00:16:39Z</time>
      </trkpt>
      <trkpt lat="37.5332" lon="-122.08267">
        <ele>2.56</ele>
        <time>2022-06-21T00:16:40Z</time>
      </trkpt>
      <trkpt lat="37.53321" lon="-122.08259">
        <ele>2.67</ele>
        <time>2022-06-21T00:16:41Z</time>
      </trkpt>
      <trkpt lat="37.53323" lon="-122.08251">
        <ele>2.88</ele>
        <time>2022-06-21T00:16:42Z</time>
      </trkpt>
      <trkpt lat="37.53324" lon="-122.08243">
        <ele>2.99</ele>
        <time>2022-06-21T00:16:43Z</time>
      </trkpt>
      <trkpt lat="37.53325" lon="-122.08235">
        <ele>3.1</ele>
        <time>2022-06-21T00:16:44Z</time>
      </trkpt>
      <trkpt lat="37.53326" lon="-122.08227">
        <ele>2.82</ele>
        <time>2022-06-21T00:16:45Z</time>
      </trkpt>
      <trkpt lat="37.53328" lon="-122.0822">
        <ele>2.85</ele>
        <time>2022-06-21T00:16:46Z</time>
      </trkpt>
      <trkpt lat="37.53329" lon="-122.08213">
        <ele>3.06</ele>
        <time>2022-06-21T00:16:47Z</time>
      </trkpt>
      <trkpt lat="37.5333" lon="-122.08205">
        <ele>2.73</ele>
        <time>2022-06-21T00:16:48Z</time>
      </trkpt>
      <trkpt lat="37.53331" lon="-122.08197">
        <ele>2.75</ele>
        <time>2022-06-21T00:16:49Z</time>
      </trkpt>
      <trkpt lat="37.53332" lon="-122.08189">
        <ele>2.86</ele>
        <time>2022-06-21T00:16:50Z</time>
      </trkpt>
      <trkpt lat="37.53333" lon="-122.08181">
        <ele>2.96</ele>
        <time>2022-06-21T00:16:51Z</time>
      </trkpt>
      <trkpt lat="37.53334" lon="-122.08173">
        <ele>3.0</ele>
        <time>2022-06-21T00:16:52Z</time>
      </trkpt>
      <trkpt lat="37.53336" lon="-122.08165">
        <ele>2.87</ele>
        <time>2022-06-21T00:16:53Z</time>
      </trkpt>
      <trkpt lat="37.53337" lon="-122.08158">
        <ele>2.43</ele>
        <time>2022-06-21T00:16:54Z</time>
      </trkpt>
      <trkpt lat="37.53338" lon="-122.0815">
        <ele>2.5</ele>
        <time>2022-06-21T00:16:55Z</time>
      </trkpt>
      <trkpt lat="37.53339" lon="-122.08143">
        <ele>2.61</ele>
        <time>2022-06-21T00:16:56Z</time>
      </trkpt>
      <trkpt lat="37.53341" lon="-122.08135">
        <ele>2.83</ele>
        <time>2022-06-21T00:16:57Z</time>
      </trkpt>
      <trkpt lat="37.53342" lon="-122.08127">
        <ele>2.94</ele>
        <time>2022-06-21T00:16:58Z</time>
      </trkpt>
      <trkpt lat="37.53343" lon="-122.0812">
        <ele>3.0</ele>
        <time>2022-06-21T00:16:59Z</time>
      </trkpt>
      <trkpt lat="37.53345" lon="-122.08112">
        <ele>3.0</ele>
        <time>2022-06-21T00:17:00Z</time>
      </trkpt>
      <trkpt lat="37.53346" lon="-122.08105">
        <ele>2.58</ele>
        <time>2022-06-21T00:17:01Z</time>
      </trkpt>
      <trkpt lat="37.53347" lon="-122.08097">
        <ele>2.48</ele>
        <time>2022-06-21T00:17:02Z</time>
      </trkpt>
      <trkpt lat="37.53348" lon="-122.08089">
        <ele>2.58</ele>
        <time>2022-06-21T00:17:03Z</time>
      </trkpt>
      <trkpt lat="37.53349" lon="-122.08081">
        <ele>2.69</ele>
        <time>2022-06-21T00:17:04Z</time>
      </trkpt>
      <trkpt lat="37.5335" lon="-122.08073">
        <ele>2.8</ele>
        <time>2022-06-21T00:17:05Z</time>
      </trkpt>
      <trkpt lat="37.53351" lon="-122.08065">
        <ele>2.91</ele>
        <time>2022-06-21T00:17:06Z</time>
      </trkpt>
      <trkpt lat="37.53353" lon="-122.08057">
        <ele>3.0</ele>
        <time>2022-06-21T00:17:07Z</time>
      </trkpt>
      <trkpt lat="37.53354" lon="-122.08049">
        <ele>3.0</ele>
        <time>2022-06-21T00:17:08Z</time>
      </trkpt>
      <trkpt lat="37.53355" lon="-122.08041">
        <ele>2.82</ele>
        <time>2022-06-21T00:17:09Z</time>
      </trkpt>
      <trkpt lat="37.53356" lon="-122.08032">
        <ele>2.65</ele>
        <time>2022-06-21T00:17:10Z</time>
      </trkpt>
      <trkpt lat="37.53357" lon="-122.08025">
        <ele>2.56</ele>
        <time>2022-06-21T00:17:11Z</time>
      </trkpt>
      <trkpt lat="37.53359" lon="-122.08017">
        <ele>2.77</ele>
        <time>2022-06-21T00:17:12Z</time>
      </trkpt>
      <trkpt lat="37.5336" lon="-122.08009">
        <ele>2.88</ele>
        <time>2022-06-21T00:17:13Z</time>
      </trkpt>
      <trkpt lat="37.53361" lon="-122.08001">
        <ele>2.99</ele>
        <time>2022-06-21T00:17:14Z</time>
      </trkpt>
      <trkpt lat="37.53362" lon="-122.07993">
        <ele>3.0</ele>
        <time>2022-06-21T00:17:15Z</time>
      </trkpt>
      <trkpt lat="37.53363" lon="-122.07985">
        <ele>3.0</ele>
        <time>2022-06-21T00:17:16Z</time>
      </trkpt>
      <trkpt lat="37.53365" lon="-122.07977">
        <ele>2.72</ele>
        <time>2022-06-21T00:17:17Z</time>
      </trkpt>
      <trkpt lat="37.53366" lon="-122.07969">
        <ele>2.53</ele>
        <time>2022-06-21T00:17:18Z</time>
      </trkpt>
      <trkpt lat="37.53367" lon="-122.07961">
        <ele>2.64</ele>
        <time>2022-06-21T00:17:19Z</time>
      </trkpt>
      <trkpt lat="37.53369" lon="-122.07953">
        <ele>2.85</ele>
        <time>2022-06-21T00:17:20Z</time>
      </trkpt>
      <trkpt lat="37.5337" lon="-122.07945">
        <ele>2.96</ele>
        <time>2022-06-21T00:17:21Z</time>
      </trkpt>
      <trkpt lat="37.53371" lon="-122.07936">
        <ele>3.0</ele>
        <time>2022-06-21T00:17:22Z</time>
      </trkpt>
      <trkpt lat="37.53373" lon="-122.07928">
        <ele>3.0</ele>
        <time>2022-06-21T00:17:23Z</time>
      </trkpt>
      <trkpt lat="37.53374" lon="-122.0792">
        <ele>2.61</ele>
        <time>2022-06-21T00:17:24Z</time>
      </trkpt>
      <trkpt lat="37.53376" lon="-122.07912">
        <ele>2.61</ele>
        <time>2022-06-21T00:17:25Z</time>
      </trkpt>
      <trkpt lat="37.53377" lon="-122.07903">
        <ele>2.72</ele>
        <time>2022-06-21T00:17:26Z</time>
      </trkpt>
      <trkpt lat="37.53378" lon="-122.07895">
        <ele>2.82</ele>
        <time>2022-06-21T00:17:27Z</time>
      </trkpt>
      <trkpt lat="37.5338" lon="-122.07887">
        <ele>3.0</ele>
        <time>2022-06-21T00:17:28Z</time>
      </trkpt>
      <trkpt lat="37.53381" lon="-122.07879">
        <ele>3.01</ele>
        <time>2022-06-21T00:17:29Z</time>
      </trkpt>
      <trkpt lat="37.53382" lon="-122.07871">
        <ele>3.24</ele>
        <time>2022-06-21T00:17:30Z</time>
      </trkpt>
      <trkpt lat="37.53383" lon="-122.07863">
        <ele>3.36</ele>
        <time>2022-06-21T00:17:31Z</time>
      </trkpt>
      <trkpt lat="37.53384" lon="-122.07855">
        <ele>2.81</ele>
        <time>2022-06-21T00:17:32Z</time>
      </trkpt>
      <trkpt lat="37.53385" lon="-122.07847">
        <ele>2.58</ele>
        <time>2022-06-21T00:17:33Z</time>
      </trkpt>
      <trkpt lat="37.53386" lon="-122.07838">
        <ele>2.69</ele>
        <time>2022-06-21T00:17:34Z</time>
      </trkpt>
      <trkpt lat="37.53387" lon="-122.0783">
        <ele>2.8</ele>
        <time>2022-06-21T00:17:35Z</time>
      </trkpt>
      <trkpt lat="37.53389" lon="-122.07822">
        <ele>3.0</ele>
        <time>2022-06-21T00:17:36Z</time>
      </trkpt>
      <trkpt lat="37.5339" lon="-122.07814">
        <ele>3.0</ele>
        <time>2022-06-21T00:17:37Z</time>
      </trkpt>
      <trkpt lat="37.53391" lon="-122.07806">
        <ele>3.0</ele>
        <time>2022-06-21T00:17:38Z</time>
      </trkpt>
      <trkpt lat="37.53392" lon="-122.07797">
        <ele>3.0</ele>
        <time>2022-06-21T00:17:39Z</time>
      </trkpt>
      <trkpt lat="37.53392" lon="-122.07789">
        <ele>2.74</ele>
        <time>2022-06-21T00:17:40Z</time>
      </trkpt>
      <trkpt lat="37.53393" lon="-122.0778">
        <ele>2.89</ele>
        <time>2022-06-21T00:17:41Z</time>
      </trkpt>
      <trkpt lat="37.53393" lon="-122.07772">
        <ele>2.61</ele>
        <time>2022-06-21T00:17:42Z</time>
      </trkpt>
      <trkpt lat="37.53393" lon="-122.07764">
        <ele>2.44</ele>
        <time>2022-06-21T00:17:43Z</time>
      </trkpt>
      <trkpt lat="37.53393" lon="-122.07756">
        <ele>2.44</ele>
        <time>2022-06-21T00:17:44Z</time>
      </trkpt>
      <trkpt lat="37.53393" lon="-122.07748">
        <ele>2.54</ele>
        <time>2022-06-21T00:17:45Z</time>
      </trkpt>
      <trkpt lat="37.53393" lon="-122.07739">
        <ele>2.89</ele>
        <time>2022-06-21T00:17:46Z</time>
      </trkpt>
      <trkpt lat="37.53392" lon="-122.07731">
        <ele>2.71</ele>
        <time>2022-06-21T00:17:47Z</time>
      </trkpt>
      <trkpt lat="37.53391" lon="-122.07723">
        <ele>3.16</ele>
        <time>2022-06-21T00:17:48Z</time>
      </trkpt>
      <trkpt lat="37.53391" lon="-122.07716">
        <ele>3.23</ele>
        <time>2022-06-21T00:17:49Z</time>
      </trkpt>
      <trkpt lat="37.5339" lon="-122.07708">
        <ele>3.12</ele>
        <time>2022-06-21T00:17:50Z</time>
      </trkpt>
      <trkpt lat="37.53389" lon="-122.07701">
        <ele>3.01</ele>
        <time>2022-06-21T00:17:51Z</time>
      </trkpt>
      <trkpt lat="37.53389" lon="-122.07694">
        <ele>3.01</ele>
        <time>2022-06-21T00:17:52Z</time>
      </trkpt>
      <trkpt lat="37.53388" lon="-122.07686">
        <ele>2.9</ele>
        <time>2022-06-21T00:17:53Z</time>
      </trkpt>
      <trkpt lat="37.53388" lon="-122.07679">
        <ele>2.9</ele>
        <time>2022-06-21T00:17:54Z</time>
      </trkpt>
      <trkpt lat="37.53387" lon="-122.07671">
        <ele>2.8</ele>
        <time>2022-06-21T00:17:55Z</time>
      </trkpt>
      <trkpt lat="37.53387" lon="-122.07663">
        <ele>3.11</ele>
        <time>2022-06-21T00:17:56Z</time>
      </trkpt>
      <trkpt lat="37.53386" lon="-122.07655">
        <ele>3.46</ele>
        <time>2022-06-21T00:17:57Z</time>
      </trkpt>
      <trkpt lat="37.53385" lon="-122.07647">
        <ele>3.58</ele>
        <time>2022-06-21T00:17:58Z</time>
      </trkpt>
      <trkpt lat="37.53384" lon="-122.0764">
        <ele>3.47</ele>
        <time>2022-06-21T00:17:59Z</time>
      </trkpt>
      <trkpt lat="37.53382" lon="-122.07633">
        <ele>3.26</ele>
        <time>2022-06-21T00:18:00Z</time>
      </trkpt>
      <trkpt lat="37.53381" lon="-122.07625">
        <ele>3.57</ele>
        <time>2022-06-21T00:18:01Z</time>
      </trkpt>
      <trkpt lat="37.5338" lon="-122.07618">
        <ele>3.99</ele>
        <time>2022-06-21T00:18:02Z</time>
      </trkpt>
      <trkpt lat="37.53378" lon="-122.07612">
        <ele>3.65</ele>
        <time>2022-06-21T00:18:03Z</time>
      </trkpt>
      <trkpt lat="37.53377" lon="-122.07605">
        <ele>3.62</ele>
        <time>2022-06-21T00:18:04Z</time>
      </trkpt>
      <trkpt lat="37.53375" lon="-122.07599">
        <ele>3.65</ele>
        <time>2022-06-21T00:18:05Z</time>
      </trkpt>
      <trkpt lat="37.53373" lon="-122.07593">
        <ele>3.97</ele>
        <time>2022-06-21T00:18:06Z</time>
      </trkpt>
      <trkpt lat="37.53371" lon="-122.07587">
        <ele>4.56</ele>
        <time>2022-06-21T00:18:07Z</time>
      </trkpt>
      <trkpt lat="37.53369" lon="-122.07581">
        <ele>4.59</ele>
        <time>2022-06-21T00:18:08Z</time>
      </trkpt>
      <trkpt lat="37.53367" lon="-122.07575">
        <ele>4.24</ele>
        <time>2022-06-21T00:18:09Z</time>
      </trkpt>
      <trkpt lat="37.53364" lon="-122.0757">
        <ele>4.23</ele>
        <time>2022-06-21T00:18:10Z</time>
      </trkpt>
      <trkpt lat="37.53362" lon="-122.07564">
        <ele>5.0</ele>
        <time>2022-06-21T00:18:11Z</time>
      </trkpt>
      <trkpt lat="37.5336" lon="-122.07558">
        <ele>4.64</ele>
        <time>2022-06-21T00:18:12Z</time>
      </trkpt>
      <trkpt lat="37.53358" lon="-122.07553">
        <ele>4.18</ele>
        <time>2022-06-21T00:18:13Z</time>
      </trkpt>
      <trkpt lat="37.53357" lon="-122.07547">
        <ele>4.49</ele>
        <time>2022-06-21T00:18:14Z</time>
      </trkpt>
      <trkpt lat="37.53355" lon="-122.07542">
        <ele>4.8</ele>
        <time>2022-06-21T00:18:15Z</time>
      </trkpt>
      <trkpt lat="37.53353" lon="-122.07537">
        <ele>5.13</ele>
        <time>2022-06-21T00:18:16Z</time>
      </trkpt>
      <trkpt lat="37.53352" lon="-122.07534">
        <ele>5.33</ele>
        <time>2022-06-21T00:18:17Z</time>
      </trkpt>
      <trkpt lat="37.5335" lon="-122.07528">
        <ele>5.38</ele>
        <time>2022-06-21T00:18:18Z</time>
      </trkpt>
      <trkpt lat="37.53348" lon="-122.07523">
        <ele>5.18</ele>
        <time>2022-06-21T00:18:19Z</time>
      </trkpt>
      <trkpt lat="37.53346" lon="-122.07519">
        <ele>5.3</ele>
        <time>2022-06-21T00:18:20Z</time>
      </trkpt>
      <trkpt lat="37.53345" lon="-122.07514">
        <ele>5.62</ele>
        <time>2022-06-21T00:18:21Z</time>
      </trkpt>
      <trkpt lat="37.53343" lon="-122.0751">
        <ele>5.92</ele>
        <time>2022-06-21T00:18:22Z</time>
      </trkpt>
      <trkpt lat="37.53341" lon="-122.07508">
        <ele>5.62</ele>
        <time>2022-06-21T00:18:25Z</time>
      </trkpt>
      <trkpt lat="37.53339" lon="-122.07504">
        <ele>5.4</ele>
        <time>2022-06-21T00:18:26Z</time>
      </trkpt>
      <trkpt lat="37.53339" lon="-122.07497">
        <ele>6.09</ele>
        <time>2022-06-21T00:18:27Z</time>
      </trkpt>
      <trkpt lat="37.53338" lon="-122.07492">
        <ele>6.37</ele>
        <time>2022-06-21T00:18:28Z</time>
      </trkpt>
      <trkpt lat="37.53337" lon="-122.07487">
        <ele>6.64</ele>
        <time>2022-06-21T00:18:30Z</time>
      </trkpt>
      <trkpt lat="37.53338" lon="-122.07482">
        <ele>6.97</ele>
        <time>2022-06-21T00:18:32Z</time>
      </trkpt>
      <trkpt lat="37.53339" lon="-122.07478">
        <ele>7.38</ele>
        <time>2022-06-21T00:18:34Z</time>
      </trkpt>
      <trkpt lat="37.53342" lon="-122.07473">
        <ele>7.92</ele>
        <time>2022-06-21T00:18:38Z</time>
      </trkpt>
      <trkpt lat="37.5335" lon="-122.07467">
        <ele>6.75</ele>
        <time>2022-06-21T00:18:39Z</time>
      </trkpt>
      <trkpt lat="37.53357" lon="-122.07464">
        <ele>6.61</ele>
        <time>2022-06-21T00:18:41Z</time>
      </trkpt>
      <trkpt lat="37.53362" lon="-122.0746">
        <ele>6.71</ele>
        <time>2022-06-21T00:18:45Z</time>
      </trkpt>
      <trkpt lat="37.53369" lon="-122.07457">
        <ele>6.9</ele>
        <time>2022-06-21T00:18:45Z</time>
      </trkpt>
      <trkpt lat="37.53375" lon="-122.07453">
        <ele>7.54</ele>
        <time>2022-06-21T00:18:49Z</time>
      </trkpt>
      <trkpt lat="37.53378" lon="-122.07448">
        <ele>8.33</ele>
        <time>2022-06-21T00:18:52Z</time>
      </trkpt>
      <trkpt lat="37.53382" lon="-122.07452">
        <ele>8.14</ele>
        <time>2022-06-21T00:18:59Z</time>
      </trkpt>
      <trkpt lat="37.53387" lon="-122.07457">
        <ele>8.0</ele>
        <time>2022-06-21T00:19:01Z</time>
      </trkpt>
      <trkpt lat="37.53394" lon="-122.07456">
        <ele>8.0</ele>
        <time>2022-06-21T00:19:02Z</time>
      </trkpt>
      <trkpt lat="37.534" lon="-122.07459">
        <ele>7.91</ele>
        <time>2022-06-21T00:19:07Z</time>
      </trkpt>
      <trkpt lat="37.53402" lon="-122.07468">
        <ele>8.86</ele>
        <time>2022-06-21T00:19:08Z</time>
      </trkpt>
      <trkpt lat="37.53404" lon="-122.07476">
        <ele>9.52</ele>
        <time>2022-06-21T00:19:14Z</time>
      </trkpt>
      <trkpt lat="37.5341" lon="-122.07482">
        <ele>9.32</ele>
        <time>2022-06-21T00:19:17Z</time>
      </trkpt>
      <trkpt lat="37.53417" lon="-122.07482">
        <ele>10.0</ele>
        <time>2022-06-21T00:19:21Z</time>
      </trkpt>
      <trkpt lat="37.53424" lon="-122.07481">
        <ele>9.94</ele>
        <time>2022-06-21T00:19:24Z</time>
      </trkpt>
      <trkpt lat="37.5343" lon="-122.07479">
        <ele>10.17</ele>
        <time>2022-06-21T00:19:27Z</time>
      </trkpt>
      <trkpt lat="37.53437" lon="-122.07475">
        <ele>10.5</ele>
        <time>2022-06-21T00:19:32Z</time>
      </trkpt>
      <trkpt lat="37.53442" lon="-122.07471">
        <ele>10.47</ele>
        <time>2022-06-21T00:19:34Z</time>
      </trkpt>
      <trkpt lat="37.53447" lon="-122.07466">
        <ele>10.03</ele>
        <time>2022-06-21T00:19:35Z</time>
      </trkpt>
      <trkpt lat="37.53454" lon="-122.07462">
        <ele>10.8</ele>
        <time>2022-06-21T00:19:38Z</time>
      </trkpt>
      <trkpt lat="37.53462" lon="-122.0746">
        <ele>10.65</ele>
        <time>2022-06-21T00:19:41Z</time>
      </trkpt>
      <trkpt lat="37.5347" lon="-122.07459">
        <ele>10.9</ele>
        <time>2022-06-21T00:19:44Z</time>
      </trkpt>
      <trkpt lat="37.53478" lon="-122.07459">
        <ele>11.36</ele>
        <time>2022-06-21T00:19:49Z</time>
      </trkpt>
      <trkpt lat="37.53484" lon="-122.07462">
        <ele>11.87</ele>
        <time>2022-06-21T00:19:51Z</time>
      </trkpt>
      <trkpt lat="37.53491" lon="-122.07465">
        <ele>11.98</ele>
        <time>2022-06-21T00:19:54Z</time>
      </trkpt>
      <trkpt lat="37.53497" lon="-122.07469">
        <ele>11.76</ele>
        <time>2022-06-21T00:19:57Z</time>
      </trkpt>
      <trkpt lat="37.53504" lon="-122.07474">
        <ele>11.68</ele>
        <time>2022-06-21T00:19:58Z</time>
      </trkpt>
      <trkpt lat="37.5351" lon="-122.07479">
        <ele>10.76</ele>
        <time>2022-06-21T00:20:02Z</time>
      </trkpt>
      <trkpt lat="37.53515" lon="-122.07483">
        <ele>8.81</ele>
        <time>2022-06-21T00:20:05Z</time>
      </trkpt>
      <trkpt lat="37.53521" lon="-122.07488">
        <ele>6.17</ele>
        <time>2022-06-21T00:20:08Z</time>
      </trkpt>
      <trkpt lat="37.53525" lon="-122.07493">
        <ele>5.06</ele>
        <time>2022-06-21T00:20:15Z</time>
      </trkpt>
      <trkpt lat="37.53531" lon="-122.07497">
        <ele>4.21</ele>
        <time>2022-06-21T00:20:17Z</time>
      </trkpt>
      <trkpt lat="37.53536" lon="-122.075">
        <ele>4.0</ele>
        <time>2022-06-21T00:20:21Z</time>
      </trkpt>
      <trkpt lat="37.53539" lon="-122.075">
        <ele>4.0</ele>
        <time>2022-06-21T00:21:22Z</time>
      </trkpt>
      <trkpt lat="37.53541" lon="-122.07503">
        <ele>4.0</ele>
        <time>2022-06-21T00:21:58Z</time>
      </trkpt>
      <trkpt lat="37.53544" lon="-122.07505">
        <ele>4.0</ele>
        <time>2022-06-21T00:22:00Z</time>
      </trkpt>
      <trkpt lat="37.53547" lon="-122.07507">
        <ele>4.0</ele>
        <time>2022-06-21T00:22:02Z</time>
      </trkpt>
      <trkpt lat="37.5355" lon="-122.0751">
        <ele>4.0</ele>
        <time>2022-06-21T00:22:02Z</time>
      </trkpt>
      <trkpt lat="37.53554" lon="-122.07513">
        <ele>4.0</ele>
        <time>2022-06-21T00:22:04Z</time>
      </trkpt>
      <trkpt lat="37.53557" lon="-122.07514">
        <ele>4.0</ele>
        <time>2022-06-21T00:22:05Z</time>
      </trkpt>
      <trkpt lat="37.5356" lon="-122.07516">
        <ele>4.0</ele>
        <time>2022-06-21T00:22:06Z</time>
      </trkpt>
      <trkpt lat="37.53563" lon="-122.07519">
        <ele>4.0</ele>
        <time>2022-06-21T00:22:07Z</time>
      </trkpt>
      <trkpt lat="37.53567" lon="-122.07522">
        <ele>4.0</ele>
        <time>2022-06-21T00:22:09Z</time>
      </trkpt>
      <trkpt lat="37.53571" lon="-122.07524">
        <ele>4.0</ele>
        <time>2022-06-21T00:22:12Z</time>
      </trkpt>
      <trkpt lat="37.53575" lon="-122.07527">
        <ele>4.19</ele>
        <time>2022-06-21T00:22:12Z</time>
      </trkpt>
      <trkpt lat="37.53579" lon="-122.0753">
        <ele>5.18</ele>
        <time>2022-06-21T00:22:14Z</time>
      </trkpt>
      <trkpt lat="37.53584" lon="-122.07532">
        <ele>6.0</ele>
        <time>2022-06-21T00:22:17Z</time>
      </trkpt>
      <trkpt lat="37.53588" lon="-122.07534">
        <ele>6.0</ele>
        <time>2022-06-21T00:22:17Z</time>
      </trkpt>
      <trkpt lat="37.53592" lon="-122.07536">
        <ele>6.0</ele>
        <time>2022-06-21T00:22:18Z</time>
      </trkpt>
      <trkpt lat="37.53595" lon="-122.07537">
        <ele>6.0</ele>
        <time>2022-06-21T00:22:19Z</time>
      </trkpt>
      <trkpt lat="37.53598" lon="-122.07538">
        <ele>6.0</ele>
        <time>2022-06-21T00:22:20Z</time>
      </trkpt>
      <trkpt lat="37.53601" lon="-122.07539">
        <ele>6.0</ele>
        <time>2022-06-21T00:22:22Z</time>
      </trkpt>
      <trkpt lat="37.53605" lon="-122.0754">
        <ele>6.0</ele>
        <time>2022-06-21T00:22:22Z</time>
      </trkpt>
      <trkpt lat="37.53608" lon="-122.07541">
        <ele>6.0</ele>
        <time>2022-06-21T00:22:23Z</time>
      </trkpt>
      <trkpt lat="37.53612" lon="-122.07542">
        <ele>6.0</ele>
        <time>2022-06-21T00:22:24Z</time>
      </trkpt>
      <trkpt lat="37.53615" lon="-122.07542">
        <ele>6.0</ele>
        <time>2022-06-21T00:22:25Z</time>
      </trkpt>
      <trkpt lat="37.53618" lon="-122.07543">
        <ele>6.0</ele>
        <time>2022-06-21T00:22:26Z</time>
      </trkpt>
      <trkpt lat="37.53621" lon="-122.07544">
        <ele>6.1</ele>
        <time>2022-06-21T00:22:27Z</time>
      </trkpt>
      <trkpt lat="37.53624" lon="-122.07544">
        <ele>6.59</ele>
        <time>2022-06-21T00:22:28Z</time>
      </trkpt>
      <trkpt lat="37.53628" lon="-122.07545">
        <ele>7.42</ele>
        <time>2022-06-21T00:22:29Z</time>
      </trkpt>
      <trkpt lat="37.53631" lon="-122.07546">
        <ele>8.38</ele>
        <time>2022-06-21T00:22:30Z</time>
      </trkpt>
      <trkpt lat="37.53634" lon="-122.07546">
        <ele>9.37</ele>
        <time>2022-06-21T00:22:31Z</time>
      </trkpt>
      <trkpt lat="37.53638" lon="-122.07547">
        <ele>10.72</ele>
        <time>2022-06-21T00:22:33Z</time>
      </trkpt>
      <trkpt lat="37.53641" lon="-122.07548">
        <ele>11.23</ele>
        <time>2022-06-21T00:22:35Z</time>
      </trkpt>
      <trkpt lat="37.53643" lon="-122.07552">
        <ele>11.44</ele>
        <time>2022-06-21T00:22:37Z</time>
      </trkpt>
      <trkpt lat="37.53644" lon="-122.07556">
        <ele>11.55</ele>
        <time>2022-06-21T00:22:39Z</time>
      </trkpt>
      <trkpt lat="37.53645" lon="-122.0756">
        <ele>11.66</ele>
        <time>2022-06-21T00:22:41Z</time>
      </trkpt>
      <trkpt lat="37.53644" lon="-122.07564">
        <ele>11.55</ele>
        <time>2022-06-21T00:22:43Z</time>
      </trkpt>
      <trkpt lat="37.53642" lon="-122.07568">
        <ele>11.56</ele>
        <time>2022-06-21T00:22:45Z</time>
      </trkpt>
      <trkpt lat="37.53639" lon="-122.07571">
        <ele>11.67</ele>
        <time>2022-06-21T00:22:47Z</time>
      </trkpt>
      <trkpt lat="37.53635" lon="-122.07574">
        <ele>11.16</ele>
        <time>2022-06-21T00:22:49Z</time>
      </trkpt>
      <trkpt lat="37.53633" lon="-122.07578">
        <ele>11.0</ele>
        <time>2022-06-21T00:22:51Z</time>
      </trkpt>
      <trkpt lat="37.53631" lon="-122.07582">
        <ele>11.03</ele>
        <time>2022-06-21T00:22:53Z</time>
      </trkpt>
      <trkpt lat="37.53629" lon="-122.07585">
        <ele>11.28</ele>
        <time>2022-06-21T00:22:55Z</time>
      </trkpt>
      <trkpt lat="37.53627" lon="-122.07589">
        <ele>11.77</ele>
        <time>2022-06-21T00:22:57Z</time>
      </trkpt>
      <trkpt lat="37.53625" lon="-122.07592">
        <ele>11.9</ele>
        <time>2022-06-21T00:22:59Z</time>
      </trkpt>
      <trkpt lat="37.53623" lon="-122.07596">
        <ele>12.3</ele>
        <time>2022-06-21T00:23:01Z</time>
      </trkpt>
      <trkpt lat="37.5362" lon="-122.076">
        <ele>12.49</ele>
        <time>2022-06-21T00:23:03Z</time>
      </trkpt>
      <trkpt lat="37.53618" lon="-122.07604">
        <ele>12.52</ele>
        <time>2022-06-21T00:23:05Z</time>
      </trkpt>
      <trkpt lat="37.53615" lon="-122.07609">
        <ele>12.48</ele>
        <time>2022-06-21T00:23:07Z</time>
      </trkpt>
      <trkpt lat="37.53613" lon="-122.07615">
        <ele>12.83</ele>
        <time>2022-06-21T00:23:09Z</time>
      </trkpt>
      <trkpt lat="37.53612" lon="-122.07621">
        <ele>13.26</ele>
        <time>2022-06-21T00:23:11Z</time>
      </trkpt>
      <trkpt lat="37.53612" lon="-122.07625">
        <ele>13.69</ele>
        <time>2022-06-21T00:23:12Z</time>
      </trkpt>
      <trkpt lat="37.53612" lon="-122.07629">
        <ele>14.12</ele>
        <time>2022-06-21T00:23:13Z</time>
      </trkpt>
      <trkpt lat="37.53612" lon="-122.07635">
        <ele>14.14</ele>
        <time>2022-06-21T00:23:15Z</time>
      </trkpt>
      <trkpt lat="37.53611" lon="-122.07641">
        <ele>14.22</ele>
        <time>2022-06-21T00:23:17Z</time>
      </trkpt>
      <trkpt lat="37.53612" lon="-122.07647">
        <ele>14.89</ele>
        <time>2022-06-21T00:23:19Z</time>
      </trkpt>
      <trkpt lat="37.53612" lon="-122.07653">
        <ele>15.0</ele>
        <time>2022-06-21T00:23:21Z</time>
      </trkpt>
      <trkpt lat="37.53612" lon="-122.07656">
        <ele>15.0</ele>
        <time>2022-06-21T00:23:22Z</time>
      </trkpt>
      <trkpt lat="37.53613" lon="-122.07662">
        <ele>15.29</ele>
        <time>2022-06-21T00:23:24Z</time>
      </trkpt>
      <trkpt lat="37.53613" lon="-122.07669">
        <ele>15.54</ele>
        <time>2022-06-21T00:23:27Z</time>
      </trkpt>
      <trkpt lat="37.53614" lon="-122.07673">
        <ele>15.16</ele>
        <time>2022-06-21T00:23:27Z</time>
      </trkpt>
      <trkpt lat="37.53615" lon="-122.07677">
        <ele>14.79</ele>
        <time>2022-06-21T00:23:28Z</time>
      </trkpt>
      <trkpt lat="37.53615" lon="-122.07682">
        <ele>15.02</ele>
        <time>2022-06-21T00:23:29Z</time>
      </trkpt>
      <trkpt lat="37.53616" lon="-122.07686">
        <ele>14.9</ele>
        <time>2022-06-21T00:23:30Z</time>
      </trkpt>
      <trkpt lat="37.53616" lon="-122.07692">
        <ele>14.6</ele>
        <time>2022-06-21T00:23:32Z</time>
      </trkpt>
      <trkpt lat="37.53617" lon="-122.07697">
        <ele>14.36</ele>
        <time>2022-06-21T00:23:32Z</time>
      </trkpt>
      <trkpt lat="37.53617" lon="-122.07702">
        <ele>14.36</ele>
        <time>2022-06-21T00:23:33Z</time>
      </trkpt>
      <trkpt lat="37.53618" lon="-122.07707">
        <ele>14.26</ele>
        <time>2022-06-21T00:23:34Z</time>
      </trkpt>
      <trkpt lat="37.53619" lon="-122.07712">
        <ele>14.15</ele>
        <time>2022-06-21T00:23:35Z</time>
      </trkpt>
      <trkpt lat="37.5362" lon="-122.07718">
        <ele>14.02</ele>
        <time>2022-06-21T00:23:36Z</time>
      </trkpt>
      <trkpt lat="37.53621" lon="-122.07722">
        <ele>13.93</ele>
        <time>2022-06-21T00:23:37Z</time>
      </trkpt>
      <trkpt lat="37.53624" lon="-122.07728">
        <ele>13.85</ele>
        <time>2022-06-21T00:23:39Z</time>
      </trkpt>
      <trkpt lat="37.53626" lon="-122.07733">
        <ele>14.04</ele>
        <time>2022-06-21T00:23:41Z</time>
      </trkpt>
      <trkpt lat="37.53628" lon="-122.07738">
        <ele>14.46</ele>
        <time>2022-06-21T00:23:43Z</time>
      </trkpt>
      <trkpt lat="37.5363" lon="-122.07742">
        <ele>14.87</ele>
        <time>2022-06-21T00:23:45Z</time>
      </trkpt>
      <trkpt lat="37.53632" lon="-122.07747">
        <ele>14.67</ele>
        <time>2022-06-21T00:23:47Z</time>
      </trkpt>
      <trkpt lat="37.53634" lon="-122.07751">
        <ele>14.78</ele>
        <time>2022-06-21T00:23:49Z</time>
      </trkpt>
      <trkpt lat="37.53636" lon="-122.07756">
        <ele>14.53</ele>
        <time>2022-06-21T00:23:51Z</time>
      </trkpt>
      <trkpt lat="37.53637" lon="-122.07761">
        <ele>14.35</ele>
        <time>2022-06-21T00:23:53Z</time>
      </trkpt>
      <trkpt lat="37.53638" lon="-122.07766">
        <ele>14.64</ele>
        <time>2022-06-21T00:23:55Z</time>
      </trkpt>
      <trkpt lat="37.53639" lon="-122.07771">
        <ele>14.73</ele>
        <time>2022-06-21T00:23:57Z</time>
      </trkpt>
      <trkpt lat="37.5364" lon="-122.07777">
        <ele>14.08</ele>
        <time>2022-06-21T00:23:59Z</time>
      </trkpt>
      <trkpt lat="37.53639" lon="-122.07784">
        <ele>14.66</ele>
        <time>2022-06-21T00:24:01Z</time>
      </trkpt>
      <trkpt lat="37.53638" lon="-122.07788">
        <ele>14.52</ele>
        <time>2022-06-21T00:24:02Z</time>
      </trkpt>
      <trkpt lat="37.53637" lon="-122.07792">
        <ele>13.98</ele>
        <time>2022-06-21T00:24:03Z</time>
      </trkpt>
      <trkpt lat="37.53636" lon="-122.07797">
        <ele>13.46</ele>
        <time>2022-06-21T00:24:04Z</time>
      </trkpt>
      <trkpt lat="37.53635" lon="-122.07802">
        <ele>13.16</ele>
        <time>2022-06-21T00:24:05Z</time>
      </trkpt>
      <trkpt lat="37.53634" lon="-122.07806">
        <ele>12.89</ele>
        <time>2022-06-21T00:24:06Z</time>
      </trkpt>
      <trkpt lat="37.53633" lon="-122.07811">
        <ele>12.62</ele>
        <time>2022-06-21T00:24:07Z</time>
      </trkpt>
      <trkpt lat="37.53632" lon="-122.07815">
        <ele>12.54</ele>
        <time>2022-06-21T00:24:08Z</time>
      </trkpt>
      <trkpt lat="37.53631" lon="-122.07819">
        <ele>13.0</ele>
        <time>2022-06-21T00:24:09Z</time>
      </trkpt>
      <trkpt lat="37.5363" lon="-122.07824">
        <ele>13.94</ele>
        <time>2022-06-21T00:24:10Z</time>
      </trkpt>
      <trkpt lat="37.53629" lon="-122.07827">
        <ele>13.93</ele>
        <time>2022-06-21T00:24:11Z</time>
      </trkpt>
      <trkpt lat="37.53628" lon="-122.07832">
        <ele>13.95</ele>
        <time>2022-06-21T00:24:12Z</time>
      </trkpt>
      <trkpt lat="37.53627" lon="-122.07836">
        <ele>13.74</ele>
        <time>2022-06-21T00:24:13Z</time>
      </trkpt>
      <trkpt lat="37.53627" lon="-122.07839">
        <ele>13.93</ele>
        <time>2022-06-21T00:24:14Z</time>
      </trkpt>
      <trkpt lat="37.53625" lon="-122.07846">
        <ele>13.68</ele>
        <time>2022-06-21T00:24:16Z</time>
      </trkpt>
      <trkpt lat="37.53625" lon="-122.07852">
        <ele>14.01</ele>
        <time>2022-06-21T00:24:18Z</time>
      </trkpt>
      <trkpt lat="37.53625" lon="-122.07858">
        <ele>14.33</ele>
        <time>2022-06-21T00:24:20Z</time>
      </trkpt>
      <trkpt lat="37.53625" lon="-122.07863">
        <ele>14.6</ele>
        <time>2022-06-21T00:24:22Z</time>
      </trkpt>
      <trkpt lat="37.53625" lon="-122.07869">
        <ele>14.93</ele>
        <time>2022-06-21T00:24:24Z</time>
      </trkpt>
      <trkpt lat="37.53626" lon="-122.07874">
        <ele>15.22</ele>
        <time>2022-06-21T00:24:26Z</time>
      </trkpt>
      <trkpt lat="37.53628" lon="-122.0788">
        <ele>15.63</ele>
        <time>2022-06-21T00:24:28Z</time>
      </trkpt>
      <trkpt lat="37.53629" lon="-122.07883">
        <ele>15.81</ele>
        <time>2022-06-21T00:24:29Z</time>
      </trkpt>
      <trkpt lat="37.53631" lon="-122.07887">
        <ele>15.97</ele>
        <time>2022-06-21T00:24:30Z</time>
      </trkpt>
      <trkpt lat="37.53634" lon="-122.0789">
        <ele>15.75</ele>
        <time>2022-06-21T00:24:31Z</time>
      </trkpt>
      <trkpt lat="37.53636" lon="-122.07893">
        <ele>15.28</ele>
        <time>2022-06-21T00:24:32Z</time>
      </trkpt>
      <trkpt lat="37.53639" lon="-122.07896">
        <ele>15.24</ele>
        <time>2022-06-21T00:24:33Z</time>
      </trkpt>
      <trkpt lat="37.53642" lon="-122.07898">
        <ele>15.34</ele>
        <time>2022-06-21T00:24:34Z</time>
      </trkpt>
      <trkpt lat="37.53645" lon="-122.07901">
        <ele>14.94</ele>
        <time>2022-06-21T00:24:35Z</time>
      </trkpt>
      <trkpt lat="37.53649" lon="-122.07904">
        <ele>14.74</ele>
        <time>2022-06-21T00:24:36Z</time>
      </trkpt>
      <trkpt lat="37.53654" lon="-122.07908">
        <ele>13.82</ele>
        <time>2022-06-21T00:24:37Z</time>
      </trkpt>
      <trkpt lat="37.53659" lon="-122.07911">
        <ele>13.33</ele>
        <time>2022-06-21T00:24:38Z</time>
      </trkpt>
      <trkpt lat="37.53663" lon="-122.07914">
        <ele>12.75</ele>
        <time>2022-06-21T00:24:39Z</time>
      </trkpt>
      <trkpt lat="37.53667" lon="-122.07918">
        <ele>11.71</ele>
        <time>2022-06-21T00:24:40Z</time>
      </trkpt>
      <trkpt lat="37.53672" lon="-122.07921">
        <ele>11.06</ele>
        <time>2022-06-21T00:24:41Z</time>
      </trkpt>
      <trkpt lat="37.53677" lon="-122.07926">
        <ele>9.98</ele>
        <time>2022-06-21T00:24:42Z</time>
      </trkpt>
      <trkpt lat="37.53681" lon="-122.0793">
        <ele>9.36</ele>
        <time>2022-06-21T00:24:43Z</time>
      </trkpt>
      <trkpt lat="37.53684" lon="-122.07934">
        <ele>9.02</ele>
        <time>2022-06-21T00:24:44Z</time>
      </trkpt>
      <trkpt lat="37.53687" lon="-122.07939">
        <ele>8.14</ele>
        <time>2022-06-21T00:24:45Z</time>
      </trkpt>
      <trkpt lat="37.5369" lon="-122.07945">
        <ele>7.46</ele>
        <time>2022-06-21T00:24:46Z</time>
      </trkpt>
      <trkpt lat="37.53693" lon="-122.07953">
        <ele>6.92</ele>
        <time>2022-06-21T00:24:47Z</time>
      </trkpt>
      <trkpt lat="37.53696" lon="-122.07959">
        <ele>6.62</ele>
        <time>2022-06-21T00:24:48Z</time>
      </trkpt>
      <trkpt lat="37.53698" lon="-122.07966">
        <ele>6.44</ele>
        <time>2022-06-21T00:24:49Z</time>
      </trkpt>
      <trkpt lat="37.537" lon="-122.07972">
        <ele>6.22</ele>
        <time>2022-06-21T00:24:50Z</time>
      </trkpt>
      <trkpt lat="37.53701" lon="-122.07978">
        <ele>6.05</ele>
        <time>2022-06-21T00:24:51Z</time>
      </trkpt>
      <trkpt lat="37.53703" lon="-122.07984">
        <ele>6.7</ele>
        <time>2022-06-21T00:24:52Z</time>
      </trkpt>
      <trkpt lat="37.53703" lon="-122.0799">
        <ele>6.7</ele>
        <time>2022-06-21T00:24:53Z</time>
      </trkpt>
      <trkpt lat="37.53704" lon="-122.07995">
        <ele>7.03</ele>
        <time>2022-06-21T00:24:54Z</time>
      </trkpt>
      <trkpt lat="37.53704" lon="-122.08">
        <ele>7.03</ele>
        <time>2022-06-21T00:24:55Z</time>
      </trkpt>
      <trkpt lat="37.53705" lon="-122.08004">
        <ele>7.14</ele>
        <time>2022-06-21T00:24:56Z</time>
      </trkpt>
      <trkpt lat="37.53705" lon="-122.0801">
        <ele>7.13</ele>
        <time>2022-06-21T00:24:57Z</time>
      </trkpt>
      <trkpt lat="37.53705" lon="-122.08015">
        <ele>7.05</ele>
        <time>2022-06-21T00:24:58Z</time>
      </trkpt>
      <trkpt lat="37.53704" lon="-122.0802">
        <ele>6.85</ele>
        <time>2022-06-21T00:24:59Z</time>
      </trkpt>
      <trkpt lat="37.53704" lon="-122.08024">
        <ele>6.43</ele>
        <time>2022-06-21T00:25:02Z</time>
      </trkpt>
      <trkpt lat="37.53704" lon="-122.08028">
        <ele>6.03</ele>
        <time>2022-06-21T00:25:03Z</time>
      </trkpt>
      <trkpt lat="37.53702" lon="-122.08038">
        <ele>5.65</ele>
        <time>2022-06-21T00:25:02Z</time>
      </trkpt>
      <trkpt lat="37.537" lon="-122.08044">
        <ele>5.5</ele>
        <time>2022-06-21T00:25:03Z</time>
      </trkpt>
      <trkpt lat="37.53699" lon="-122.08049">
        <ele>5.64</ele>
        <time>2022-06-21T00:25:04Z</time>
      </trkpt>
      <trkpt lat="37.53694" lon="-122.08058">
        <ele>5.47</ele>
        <time>2022-06-21T00:25:09Z</time>
      </trkpt>
      <trkpt lat="37.53689" lon="-122.08065">
        <ele>5.88</ele>
        <time>2022-06-21T00:25:11Z</time>
      </trkpt>
      <trkpt lat="37.53686" lon="-122.08072">
        <ele>7.44</ele>
        <time>2022-06-21T00:25:15Z</time>
      </trkpt>
      <trkpt lat="37.53681" lon="-122.0808">
        <ele>7.57</ele>
        <time>2022-06-21T00:25:20Z</time>
      </trkpt>
      <trkpt lat="37.53677" lon="-122.08087">
        <ele>8.42</ele>
        <time>2022-06-21T00:25:23Z</time>
      </trkpt>
      <trkpt lat="37.53672" lon="-122.08095">
        <ele>9.36</ele>
        <time>2022-06-21T00:25:28Z</time>
      </trkpt>
      <trkpt lat="37.53669" lon="-122.08103">
        <ele>10.91</ele>
        <time>2022-06-21T00:25:32Z</time>
      </trkpt>
      <trkpt lat="37.53664" lon="-122.0811">
        <ele>11.81</ele>
        <time>2022-06-21T00:25:36Z</time>
      </trkpt>
      <trkpt lat="37.5366" lon="-122.08117">
        <ele>12.57</ele>
        <time>2022-06-21T00:25:39Z</time>
      </trkpt>
      <trkpt lat="37.53655" lon="-122.08125">
        <ele>12.85</ele>
        <time>2022-06-21T00:25:44Z</time>
      </trkpt>
      <trkpt lat="37.53649" lon="-122.08132">
        <ele>12.72</ele>
        <time>2022-06-21T00:25:48Z</time>
      </trkpt>
      <trkpt lat="37.53644" lon="-122.08139">
        <ele>12.68</ele>
        <time>2022-06-21T00:25:52Z</time>
      </trkpt>
      <trkpt lat="37.53641" lon="-122.08147">
        <ele>13.44</ele>
        <time>2022-06-21T00:25:53Z</time>
      </trkpt>
      <trkpt lat="37.53639" lon="-122.08155">
        <ele>13.78</ele>
        <time>2022-06-21T00:25:59Z</time>
      </trkpt>
      <trkpt lat="37.53639" lon="-122.08164">
        <ele>14.75</ele>
        <time>2022-06-21T00:26:02Z</time>
      </trkpt>
      <trkpt lat="37.53641" lon="-122.08172">
        <ele>15.11</ele>
        <time>2022-06-21T00:26:06Z</time>
      </trkpt>
      <trkpt lat="37.53642" lon="-122.0818">
        <ele>14.13</ele>
        <time>2022-06-21T00:26:09Z</time>
      </trkpt>
      <trkpt lat="37.53646" lon="-122.08188">
        <ele>13.93</ele>
        <time>2022-06-21T00:26:11Z</time>
      </trkpt>
      <trkpt lat="37.53651" lon="-122.08193">
        <ele>14.61</ele>
        <time>2022-06-21T00:26:13Z</time>
      </trkpt>
      <trkpt lat="37.53656" lon="-122.082">
        <ele>13.47</ele>
        <time>2022-06-21T00:26:14Z</time>
      </trkpt>
      <trkpt lat="37.53662" lon="-122.08208">
        <ele>12.83</ele>
        <time>2022-06-21T00:26:15Z</time>
      </trkpt>
      <trkpt lat="37.53666" lon="-122.08219">
        <ele>12.74</ele>
        <time>2022-06-21T00:26:16Z</time>
      </trkpt>
      <trkpt lat="37.53667" lon="-122.08228">
        <ele>13.17</ele>
        <time>2022-06-21T00:26:20Z</time>
      </trkpt>
      <trkpt lat="37.53665" lon="-122.08241">
        <ele>13.27</ele>
        <time>2022-06-21T00:26:23Z</time>
      </trkpt>
      <trkpt lat="37.53665" lon="-122.0825">
        <ele>13.1</ele>
        <time>2022-06-21T00:26:25Z</time>
      </trkpt>
      <trkpt lat="37.53665" lon="-122.08259">
        <ele>13.1</ele>
        <time>2022-06-21T00:26:27Z</time>
      </trkpt>
      <trkpt lat="37.53665" lon="-122.08267">
        <ele>13.1</ele>
        <time>2022-06-21T00:26:28Z</time>
      </trkpt>
      <trkpt lat="37.53667" lon="-122.08276">
        <ele>14.15</ele>
        <time>2022-06-21T00:26:34Z</time>
      </trkpt>
      <trkpt lat="37.53668" lon="-122.08285">
        <ele>13.68</ele>
        <time>2022-06-21T00:26:37Z</time>
      </trkpt>
      <trkpt lat="37.53672" lon="-122.08293">
        <ele>13.44</ele>
        <time>2022-06-21T00:26:40Z</time>
      </trkpt>
      <trkpt lat="37.53676" lon="-122.083">
        <ele>13.64</ele>
        <time>2022-06-21T00:26:43Z</time>
      </trkpt>
      <trkpt lat="37.53679" lon="-122.08307">
        <ele>13.96</ele>
        <time>2022-06-21T00:26:46Z</time>
      </trkpt>
      <trkpt lat="37.53684" lon="-122.08316">
        <ele>13.47</ele>
        <time>2022-06-21T00:26:48Z</time>
      </trkpt>
      <trkpt lat="37.53689" lon="-122.08324">
        <ele>13.84</ele>
        <time>2022-06-21T00:26:52Z</time>
      </trkpt>
      <trkpt lat="37.53694" lon="-122.08332">
        <ele>13.97</ele>
        <time>2022-06-21T00:26:56Z</time>
      </trkpt>
      <trkpt lat="37.537" lon="-122.08341">
        <ele>13.32</ele>
        <time>2022-06-21T00:26:57Z</time>
      </trkpt>
      <trkpt lat="37.53705" lon="-122.08348">
        <ele>13.31</ele>
        <time>2022-06-21T00:27:02Z</time>
      </trkpt>
      <trkpt lat="37.5371" lon="-122.08355">
        <ele>13.36</ele>
        <time>2022-06-21T00:27:05Z</time>
      </trkpt>
      <trkpt lat="37.53716" lon="-122.08363">
        <ele>13.45</ele>
        <time>2022-06-21T00:27:08Z</time>
      </trkpt>
      <trkpt lat="37.5372" lon="-122.08369">
        <ele>13.67</ele>
        <time>2022-06-21T00:27:11Z</time>
      </trkpt>
      <trkpt lat="37.53727" lon="-122.08374">
        <ele>14.64</ele>
        <time>2022-06-21T00:27:13Z</time>
      </trkpt>
      <trkpt lat="37.53733" lon="-122.08379">
        <ele>15.24</ele>
        <time>2022-06-21T00:27:19Z</time>
      </trkpt>
      <trkpt lat="37.53739" lon="-122.08385">
        <ele>15.12</ele>
        <time>2022-06-21T00:27:23Z</time>
      </trkpt>
      <trkpt lat="37.53745" lon="-122.08388">
        <ele>15.64</ele>
        <time>2022-06-21T00:27:28Z</time>
      </trkpt>
      <trkpt lat="37.53752" lon="-122.08393">
        <ele>16.11</ele>
        <time>2022-06-21T00:27:32Z</time>
      </trkpt>
      <trkpt lat="37.53757" lon="-122.08399">
        <ele>16.26</ele>
        <time>2022-06-21T00:27:38Z</time>
      </trkpt>
      <trkpt lat="37.53762" lon="-122.08404">
        <ele>15.88</ele>
        <time>2022-06-21T00:27:43Z</time>
      </trkpt>
      <trkpt lat="37.53769" lon="-122.0841">
        <ele>16.54</ele>
        <time>2022-06-21T00:27:48Z</time>
      </trkpt>
      <trkpt lat="37.53775" lon="-122.08415">
        <ele>16.76</ele>
        <time>2022-06-21T00:27:53Z</time>
      </trkpt>
      <trkpt lat="37.53781" lon="-122.08421">
        <ele>17.23</ele>
        <time>2022-06-21T00:27:56Z</time>
      </trkpt>
      <trkpt lat="37.53787" lon="-122.08427">
        <ele>17.88</ele>
        <time>2022-06-21T00:28:02Z</time>
      </trkpt>
      <trkpt lat="37.53793" lon="-122.08432">
        <ele>18.63</ele>
        <time>2022-06-21T00:28:07Z</time>
      </trkpt>
      <trkpt lat="37.53798" lon="-122.08439">
        <ele>18.88</ele>
        <time>2022-06-21T00:28:11Z</time>
      </trkpt>
      <trkpt lat="37.53802" lon="-122.08447">
        <ele>18.51</ele>
        <time>2022-06-21T00:28:14Z</time>
      </trkpt>
      <trkpt lat="37.53806" lon="-122.08454">
        <ele>19.06</ele>
        <time>2022-06-21T00:28:20Z</time>
      </trkpt>
      <trkpt lat="37.53811" lon="-122.08461">
        <ele>18.92</ele>
        <time>2022-06-21T00:28:24Z</time>
      </trkpt>
      <trkpt lat="37.53815" lon="-122.08468">
        <ele>19.05</ele>
        <time>2022-06-21T00:28:28Z</time>
      </trkpt>
      <trkpt lat="37.53818" lon="-122.08476">
        <ele>19.28</ele>
        <time>2022-06-21T00:28:32Z</time>
      </trkpt>
      <trkpt lat="37.53822" lon="-122.08484">
        <ele>19.28</ele>
        <time>2022-06-21T00:28:36Z</time>
      </trkpt>
      <trkpt lat="37.53826" lon="-122.08494">
        <ele>19.34</ele>
        <time>2022-06-21T00:28:40Z</time>
      </trkpt>
      <trkpt lat="37.5383" lon="-122.08501">
        <ele>19.64</ele>
        <time>2022-06-21T00:28:43Z</time>
      </trkpt>
      <trkpt lat="37.53833" lon="-122.08508">
        <ele>19.96</ele>
        <time>2022-06-21T00:28:46Z</time>
      </trkpt>
      <trkpt lat="37.53837" lon="-122.08516">
        <ele>20.5</ele>
        <time>2022-06-21T00:28:50Z</time>
      </trkpt>
      <trkpt lat="37.53842" lon="-122.08522">
        <ele>20.94</ele>
        <time>2022-06-21T00:28:55Z</time>
      </trkpt>
      <trkpt lat="37.53847" lon="-122.08528">
        <ele>20.99</ele>
        <time>2022-06-21T00:28:57Z</time>
      </trkpt>
      <trkpt lat="37.53852" lon="-122.08534">
        <ele>20.99</ele>
        <time>2022-06-21T00:29:02Z</time>
      </trkpt>
      <trkpt lat="37.53858" lon="-122.08539">
        <ele>20.05</ele>
        <time>2022-06-21T00:29:05Z</time>
      </trkpt>
      <trkpt lat="37.53866" lon="-122.08544">
        <ele>19.38</ele>
        <time>2022-06-21T00:29:07Z</time>
      </trkpt>
      <trkpt lat="37.53873" lon="-122.08547">
        <ele>18.85</ele>
        <time>2022-06-21T00:29:10Z</time>
      </trkpt>
      <trkpt lat="37.5388" lon="-122.0855">
        <ele>18.22</ele>
        <time>2022-06-21T00:29:12Z</time>
      </trkpt>
      <trkpt lat="37.53888" lon="-122.08555">
        <ele>17.17</ele>
        <time>2022-06-21T00:29:13Z</time>
      </trkpt>
      <trkpt lat="37.53896" lon="-122.08558">
        <ele>16.47</ele>
        <time>2022-06-21T00:29:16Z</time>
      </trkpt>
      <trkpt lat="37.53907" lon="-122.0856">
        <ele>16.04</ele>
        <time>2022-06-21T00:29:16Z</time>
      </trkpt>
      <trkpt lat="37.53917" lon="-122.08562">
        <ele>15.92</ele>
        <time>2022-06-21T00:29:18Z</time>
      </trkpt>
      <trkpt lat="37.53921" lon="-122.08563">
        <ele>15.68</ele>
        <time>2022-06-21T00:29:19Z</time>
      </trkpt>
      <trkpt lat="37.53926" lon="-122.08564">
        <ele>15.36</ele>
        <time>2022-06-21T00:29:20Z</time>
      </trkpt>
      <trkpt lat="37.53931" lon="-122.08566">
        <ele>15.22</ele>
        <time>2022-06-21T00:29:21Z</time>
      </trkpt>
      <trkpt lat="37.53936" lon="-122.08567">
        <ele>15.29</ele>
        <time>2022-06-21T00:29:22Z</time>
      </trkpt>
      <trkpt lat="37.5394" lon="-122.08569">
        <ele>14.64</ele>
        <time>2022-06-21T00:29:23Z</time>
      </trkpt>
      <trkpt lat="37.53945" lon="-122.0857">
        <ele>14.32</ele>
        <time>2022-06-21T00:29:24Z</time>
      </trkpt>
      <trkpt lat="37.5395" lon="-122.08572">
        <ele>13.67</ele>
        <time>2022-06-21T00:29:25Z</time>
      </trkpt>
      <trkpt lat="37.53955" lon="-122.08574">
        <ele>13.16</ele>
        <time>2022-06-21T00:29:26Z</time>
      </trkpt>
      <trkpt lat="37.53961" lon="-122.08576">
        <ele>13.21</ele>
        <time>2022-06-21T00:29:27Z</time>
      </trkpt>
      <trkpt lat="37.53966" lon="-122.08578">
        <ele>12.87</ele>
        <time>2022-06-21T00:29:28Z</time>
      </trkpt>
      <trkpt lat="37.53971" lon="-122.08579">
        <ele>12.87</ele>
        <time>2022-06-21T00:29:29Z</time>
      </trkpt>
      <trkpt lat="37.53977" lon="-122.08581">
        <ele>12.12</ele>
        <time>2022-06-21T00:29:30Z</time>
      </trkpt>
      <trkpt lat="37.53982" lon="-122.08583">
        <ele>11.16</ele>
        <time>2022-06-21T00:29:31Z</time>
      </trkpt>
      <trkpt lat="37.53987" lon="-122.08585">
        <ele>11.31</ele>
        <time>2022-06-21T00:29:32Z</time>
      </trkpt>
      <trkpt lat="37.53992" lon="-122.08587">
        <ele>11.21</ele>
        <time>2022-06-21T00:29:33Z</time>
      </trkpt>
      <trkpt lat="37.53997" lon="-122.08591">
        <ele>10.34</ele>
        <time>2022-06-21T00:29:34Z</time>
      </trkpt>
      <trkpt lat="37.54001" lon="-122.08596">
        <ele>9.7</ele>
        <time>2022-06-21T00:29:35Z</time>
      </trkpt>
      <trkpt lat="37.54005" lon="-122.08601">
        <ele>9.14</ele>
        <time>2022-06-21T00:29:36Z</time>
      </trkpt>
      <trkpt lat="37.54009" lon="-122.08607">
        <ele>8.98</ele>
        <time>2022-06-21T00:29:37Z</time>
      </trkpt>
      <trkpt lat="37.54012" lon="-122.08612">
        <ele>9.2</ele>
        <time>2022-06-21T00:29:38Z</time>
      </trkpt>
      <trkpt lat="37.54015" lon="-122.08619">
        <ele>8.77</ele>
        <time>2022-06-21T00:29:39Z</time>
      </trkpt>
      <trkpt lat="37.54017" lon="-122.08625">
        <ele>8.34</ele>
        <time>2022-06-21T00:29:40Z</time>
      </trkpt>
      <trkpt lat="37.54019" lon="-122.08633">
        <ele>7.74</ele>
        <time>2022-06-21T00:29:41Z</time>
      </trkpt>
      <trkpt lat="37.5402" lon="-122.0864">
        <ele>7.32</ele>
        <time>2022-06-21T00:29:42Z</time>
      </trkpt>
      <trkpt lat="37.54021" lon="-122.08648">
        <ele>7.54</ele>
        <time>2022-06-21T00:29:43Z</time>
      </trkpt>
      <trkpt lat="37.54022" lon="-122.08655">
        <ele>7.01</ele>
        <time>2022-06-21T00:29:44Z</time>
      </trkpt>
      <trkpt lat="37.54022" lon="-122.08663">
        <ele>6.52</ele>
        <time>2022-06-21T00:29:45Z</time>
      </trkpt>
      <trkpt lat="37.54022" lon="-122.08671">
        <ele>6.08</ele>
        <time>2022-06-21T00:29:46Z</time>
      </trkpt>
      <trkpt lat="37.54023" lon="-122.08679">
        <ele>5.97</ele>
        <time>2022-06-21T00:29:47Z</time>
      </trkpt>
      <trkpt lat="37.54023" lon="-122.08687">
        <ele>5.87</ele>
        <time>2022-06-21T00:29:48Z</time>
      </trkpt>
      <trkpt lat="37.54023" lon="-122.08695">
        <ele>5.48</ele>
        <time>2022-06-21T00:29:49Z</time>
      </trkpt>
      <trkpt lat="37.54024" lon="-122.08702">
        <ele>5.59</ele>
        <time>2022-06-21T00:29:50Z</time>
      </trkpt>
      <trkpt lat="37.54025" lon="-122.08709">
        <ele>5.3</ele>
        <time>2022-06-21T00:29:51Z</time>
      </trkpt>
      <trkpt lat="37.54027" lon="-122.08714">
        <ele>5.0</ele>
        <time>2022-06-21T00:29:52Z</time>
      </trkpt>
      <trkpt lat="37.5403" lon="-122.08718">
        <ele>5.11</ele>
        <time>2022-06-21T00:29:53Z</time>
      </trkpt>
      <trkpt lat="37.54032" lon="-122.08721">
        <ele>5.06</ele>
        <time>2022-06-21T00:29:54Z</time>
      </trkpt>
      <trkpt lat="37.54035" lon="-122.08723">
        <ele>5.0</ele>
        <time>2022-06-21T00:29:55Z</time>
      </trkpt>
      <trkpt lat="37.54041" lon="-122.08725">
        <ele>4.87</ele>
        <time>2022-06-21T00:29:56Z</time>
      </trkpt>
      <trkpt lat="37.54046" lon="-122.08726">
        <ele>4.61</ele>
        <time>2022-06-21T00:29:57Z</time>
      </trkpt>
      <trkpt lat="37.54049" lon="-122.08727">
        <ele>4.63</ele>
        <time>2022-06-21T00:29:59Z</time>
      </trkpt>
      <trkpt lat="37.54052" lon="-122.08729">
        <ele>4.43</ele>
        <time>2022-06-21T00:30:01Z</time>
      </trkpt>
      <trkpt lat="37.54057" lon="-122.0873">
        <ele>4.45</ele>
        <time>2022-06-21T00:30:02Z</time>
      </trkpt>
      <trkpt lat="37.54064" lon="-122.0873">
        <ele>5.09</ele>
        <time>2022-06-21T00:30:04Z</time>
      </trkpt>
      <trkpt lat="37.54073" lon="-122.08729">
        <ele>5.5</ele>
        <time>2022-06-21T00:30:06Z</time>
      </trkpt>
      <trkpt lat="37.54081" lon="-122.0873">
        <ele>5.32</ele>
        <time>2022-06-21T00:30:08Z</time>
      </trkpt>
      <trkpt lat="37.5409" lon="-122.08731">
        <ele>5.14</ele>
        <time>2022-06-21T00:30:11Z</time>
      </trkpt>
      <trkpt lat="37.54097" lon="-122.08733">
        <ele>5.15</ele>
        <time>2022-06-21T00:30:13Z</time>
      </trkpt>
      <trkpt lat="37.54104" lon="-122.08736">
        <ele>5.26</ele>
        <time>2022-06-21T00:30:14Z</time>
      </trkpt>
      <trkpt lat="37.5411" lon="-122.0874">
        <ele>5.04</ele>
        <time>2022-06-21T00:30:15Z</time>
      </trkpt>
      <trkpt lat="37.54116" lon="-122.08744">
        <ele>5.18</ele>
        <time>2022-06-21T00:30:19Z</time>
      </trkpt>
      <trkpt lat="37.54124" lon="-122.0875">
        <ele>5.0</ele>
        <time>2022-06-21T00:30:21Z</time>
      </trkpt>
      <trkpt lat="37.5413" lon="-122.08754">
        <ele>4.61</ele>
        <time>2022-06-21T00:30:24Z</time>
      </trkpt>
      <trkpt lat="37.54137" lon="-122.08756">
        <ele>5.15</ele>
        <time>2022-06-21T00:30:26Z</time>
      </trkpt>
      <trkpt lat="37.54144" lon="-122.08758">
        <ele>5.14</ele>
        <time>2022-06-21T00:30:28Z</time>
      </trkpt>
      <trkpt lat="37.5415" lon="-122.08758">
        <ele>5.14</ele>
        <time>2022-06-21T00:30:31Z</time>
      </trkpt>
      <trkpt lat="37.54161" lon="-122.08758">
        <ele>5.19</ele>
        <time>2022-06-21T00:30:34Z</time>
      </trkpt>
      <trkpt lat="37.54167" lon="-122.08759">
        <ele>5.06</ele>
        <time>2022-06-21T00:30:36Z</time>
      </trkpt>
      <trkpt lat="37.54175" lon="-122.0876">
        <ele>4.84</ele>
        <time>2022-06-21T00:30:38Z</time>
      </trkpt>
      <trkpt lat="37.54183" lon="-122.08762">
        <ele>5.17</ele>
        <time>2022-06-21T00:30:38Z</time>
      </trkpt>
      <trkpt lat="37.5419" lon="-122.08764">
        <ele>5.5</ele>
        <time>2022-06-21T00:30:42Z</time>
      </trkpt>
      <trkpt lat="37.54198" lon="-122.08766">
        <ele>5.65</ele>
        <time>2022-06-21T00:30:45Z</time>
      </trkpt>
      <trkpt lat="37.54206" lon="-122.08768">
        <ele>5.17</ele>
        <time>2022-06-21T00:30:48Z</time>
      </trkpt>
      <trkpt lat="37.54213" lon="-122.08769">
        <ele>4.95</ele>
        <time>2022-06-21T00:30:51Z</time>
      </trkpt>
      <trkpt lat="37.54222" lon="-122.08769">
        <ele>5.87</ele>
        <time>2022-06-21T00:30:54Z</time>
      </trkpt>
      <trkpt lat="37.5423" lon="-122.08769">
        <ele>5.9</ele>
        <time>2022-06-21T00:30:57Z</time>
      </trkpt>
      <trkpt lat="37.5424" lon="-122.0877">
        <ele>5.68</ele>
        <time>2022-06-21T00:31:00Z</time>
      </trkpt>
      <trkpt lat="37.54247" lon="-122.08773">
        <ele>5.36</ele>
        <time>2022-06-21T00:31:03Z</time>
      </trkpt>
      <trkpt lat="37.54254" lon="-122.08776">
        <ele>5.27</ele>
        <time>2022-06-21T00:31:06Z</time>
      </trkpt>
      <trkpt lat="37.5426" lon="-122.08778">
        <ele>5.08</ele>
        <time>2022-06-21T00:31:09Z</time>
      </trkpt>
      <trkpt lat="37.54267" lon="-122.08781">
        <ele>5.55</ele>
        <time>2022-06-21T00:31:12Z</time>
      </trkpt>
      <trkpt lat="37.54274" lon="-122.08783">
        <ele>5.44</ele>
        <time>2022-06-21T00:31:15Z</time>
      </trkpt>
      <trkpt lat="37.54282" lon="-122.08782">
        <ele>5.54</ele>
        <time>2022-06-21T00:31:18Z</time>
      </trkpt>
      <trkpt lat="37.54289" lon="-122.08781">
        <ele>5.58</ele>
        <time>2022-06-21T00:31:19Z</time>
      </trkpt>
      <trkpt lat="37.54296" lon="-122.0878">
        <ele>5.53</ele>
        <time>2022-06-21T00:31:22Z</time>
      </trkpt>
      <trkpt lat="37.54302" lon="-122.0878">
        <ele>5.05</ele>
        <time>2022-06-21T00:31:24Z</time>
      </trkpt>
      <trkpt lat="37.5431" lon="-122.0878">
        <ele>5.12</ele>
        <time>2022-06-21T00:31:25Z</time>
      </trkpt>
      <trkpt lat="37.54318" lon="-122.08781">
        <ele>5.65</ele>
        <time>2022-06-21T00:31:28Z</time>
      </trkpt>
      <trkpt lat="37.54325" lon="-122.08784">
        <ele>5.69</ele>
        <time>2022-06-21T00:31:30Z</time>
      </trkpt>
      <trkpt lat="37.54333" lon="-122.08786">
        <ele>5.33</ele>
        <time>2022-06-21T00:31:34Z</time>
      </trkpt>
      <trkpt lat="37.5434" lon="-122.08787">
        <ele>5.73</ele>
        <time>2022-06-21T00:31:36Z</time>
      </trkpt>
      <trkpt lat="37.54348" lon="-122.0879">
        <ele>5.36</ele>
        <time>2022-06-21T00:31:40Z</time>
      </trkpt>
      <trkpt lat="37.54358" lon="-122.08793">
        <ele>5.38</ele>
        <time>2022-06-21T00:31:43Z</time>
      </trkpt>
      <trkpt lat="37.54366" lon="-122.08796">
        <ele>5.06</ele>
        <time>2022-06-21T00:31:46Z</time>
      </trkpt>
      <trkpt lat="37.54373" lon="-122.08796">
        <ele>5.35</ele>
        <time>2022-06-21T00:31:48Z</time>
      </trkpt>
      <trkpt lat="37.5438" lon="-122.08797">
        <ele>5.85</ele>
        <time>2022-06-21T00:31:51Z</time>
      </trkpt>
      <trkpt lat="37.54386" lon="-122.08799">
        <ele>5.42</ele>
        <time>2022-06-21T00:31:53Z</time>
      </trkpt>
      <trkpt lat="37.54393" lon="-122.088">
        <ele>5.38</ele>
        <time>2022-06-21T00:31:55Z</time>
      </trkpt>
      <trkpt lat="37.54401" lon="-122.08804">
        <ele>5.17</ele>
        <time>2022-06-21T00:31:58Z</time>
      </trkpt>
      <trkpt lat="37.54406" lon="-122.0881">
        <ele>4.85</ele>
        <time>2022-06-21T00:31:58Z</time>
      </trkpt>
      <trkpt lat="37.54411" lon="-122.08816">
        <ele>5.26</ele>
        <time>2022-06-21T00:32:03Z</time>
      </trkpt>
      <trkpt lat="37.54414" lon="-122.08824">
        <ele>4.72</ele>
        <time>2022-06-21T00:32:05Z</time>
      </trkpt>
      <trkpt lat="37.54416" lon="-122.08831">
        <ele>4.87</ele>
        <time>2022-06-21T00:32:08Z</time>
      </trkpt>
      <trkpt lat="37.5442" lon="-122.08844">
        <ele>4.57</ele>
        <time>2022-06-21T00:32:11Z</time>
      </trkpt>
      <trkpt lat="37.54421" lon="-122.08853">
        <ele>3.94</ele>
        <time>2022-06-21T00:32:14Z</time>
      </trkpt>
      <trkpt lat="37.54423" lon="-122.08862">
        <ele>4.34</ele>
        <time>2022-06-21T00:32:17Z</time>
      </trkpt>
      <trkpt lat="37.54425" lon="-122.08871">
        <ele>4.64</ele>
        <time>2022-06-21T00:32:19Z</time>
      </trkpt>
      <trkpt lat="37.54427" lon="-122.0888">
        <ele>4.34</ele>
        <time>2022-06-21T00:32:22Z</time>
      </trkpt>
      <trkpt lat="37.54429" lon="-122.08892">
        <ele>4.44</ele>
        <time>2022-06-21T00:32:25Z</time>
      </trkpt>
      <trkpt lat="37.5443" lon="-122.089">
        <ele>4.23</ele>
        <time>2022-06-21T00:32:27Z</time>
      </trkpt>
      <trkpt lat="37.54432" lon="-122.08908">
        <ele>4.29</ele>
        <time>2022-06-21T00:32:30Z</time>
      </trkpt>
      <trkpt lat="37.54434" lon="-122.08916">
        <ele>4.63</ele>
        <time>2022-06-21T00:32:32Z</time>
      </trkpt>
      <trkpt lat="37.54436" lon="-122.08925">
        <ele>4.36</ele>
        <time>2022-06-21T00:32:34Z</time>
      </trkpt>
      <trkpt lat="37.54439" lon="-122.08932">
        <ele>4.31</ele>
        <time>2022-06-21T00:32:36Z</time>
      </trkpt>
      <trkpt lat="37.54442" lon="-122.08939">
        <ele>4.36</ele>
        <time>2022-06-21T00:32:38Z</time>
      </trkpt>
      <trkpt lat="37.54445" lon="-122.08947">
        <ele>4.84</ele>
        <time>2022-06-21T00:32:41Z</time>
      </trkpt>
      <trkpt lat="37.54448" lon="-122.08956">
        <ele>4.52</ele>
        <time>2022-06-21T00:32:44Z</time>
      </trkpt>
      <trkpt lat="37.54452" lon="-122.08965">
        <ele>4.59</ele>
        <time>2022-06-21T00:32:46Z</time>
      </trkpt>
      <trkpt lat="37.54455" lon="-122.08972">
        <ele>5.14</ele>
        <time>2022-06-21T00:32:46Z</time>
      </trkpt>
      <trkpt lat="37.54459" lon="-122.0898">
        <ele>4.37</ele>
        <time>2022-06-21T00:32:51Z</time>
      </trkpt>
      <trkpt lat="37.54462" lon="-122.08987">
        <ele>4.73</ele>
        <time>2022-06-21T00:32:53Z</time>
      </trkpt>
      <trkpt lat="37.54467" lon="-122.08994">
        <ele>5.52</ele>
        <time>2022-06-21T00:32:56Z</time>
      </trkpt>
      <trkpt lat="37.54473" lon="-122.09">
        <ele>6.08</ele>
        <time>2022-06-21T00:32:59Z</time>
      </trkpt>
      <trkpt lat="37.54478" lon="-122.09005">
        <ele>6.08</ele>
        <time>2022-06-21T00:33:03Z</time>
      </trkpt>
      <trkpt lat="37.54484" lon="-122.09008">
        <ele>6.17</ele>
        <time>2022-06-21T00:33:06Z</time>
      </trkpt>
      <trkpt lat="37.5449" lon="-122.0901">
        <ele>5.76</ele>
        <time>2022-06-21T00:33:09Z</time>
      </trkpt>
      <trkpt lat="37.54497" lon="-122.09012">
        <ele>5.99</ele>
        <time>2022-06-21T00:33:12Z</time>
      </trkpt>
      <trkpt lat="37.54503" lon="-122.09014">
        <ele>6.3</ele>
        <time>2022-06-21T00:33:16Z</time>
      </trkpt>
      <trkpt lat="37.5451" lon="-122.09016">
        <ele>6.57</ele>
        <time>2022-06-21T00:33:18Z</time>
      </trkpt>
      <trkpt lat="37.54517" lon="-122.09018">
        <ele>6.16</ele>
        <time>2022-06-21T00:33:22Z</time>
      </trkpt>
      <trkpt lat="37.54524" lon="-122.0902">
        <ele>6.86</ele>
        <time>2022-06-21T00:33:25Z</time>
      </trkpt>
      <trkpt lat="37.5453" lon="-122.09023">
        <ele>7.27</ele>
        <time>2022-06-21T00:33:28Z</time>
      </trkpt>
      <trkpt lat="37.54536" lon="-122.09027">
        <ele>7.06</ele>
        <time>2022-06-21T00:33:31Z</time>
      </trkpt>
      <trkpt lat="37.54542" lon="-122.09032">
        <ele>7.16</ele>
        <time>2022-06-21T00:33:33Z</time>
      </trkpt>
      <trkpt lat="37.54548" lon="-122.09036">
        <ele>7.59</ele>
        <time>2022-06-21T00:33:37Z</time>
      </trkpt>
      <trkpt lat="37.54554" lon="-122.09041">
        <ele>7.74</ele>
        <time>2022-06-21T00:33:41Z</time>
      </trkpt>
      <trkpt lat="37.54558" lon="-122.09047">
        <ele>7.56</ele>
        <time>2022-06-21T00:33:44Z</time>
      </trkpt>
      <trkpt lat="37.54564" lon="-122.09055">
        <ele>6.92</ele>
        <time>2022-06-21T00:33:48Z</time>
      </trkpt>
      <trkpt lat="37.54568" lon="-122.09062">
        <ele>7.44</ele>
        <time>2022-06-21T00:33:50Z</time>
      </trkpt>
      <trkpt lat="37.54571" lon="-122.09069">
        <ele>6.95</ele>
        <time>2022-06-21T00:33:53Z</time>
      </trkpt>
      <trkpt lat="37.54576" lon="-122.09075">
        <ele>7.42</ele>
        <time>2022-06-21T00:33:56Z</time>
      </trkpt>
      <trkpt lat="37.54581" lon="-122.09082">
        <ele>7.53</ele>
        <time>2022-06-21T00:34:00Z</time>
      </trkpt>
      <trkpt lat="37.54588" lon="-122.09089">
        <ele>7.78</ele>
        <time>2022-06-21T00:34:04Z</time>
      </trkpt>
      <trkpt lat="37.54594" lon="-122.09092">
        <ele>8.29</ele>
        <time>2022-06-21T00:34:06Z</time>
      </trkpt>
      <trkpt lat="37.54602" lon="-122.09095">
        <ele>8.24</ele>
        <time>2022-06-21T00:34:10Z</time>
      </trkpt>
      <trkpt lat="37.5461" lon="-122.09097">
        <ele>8.45</ele>
        <time>2022-06-21T00:34:13Z</time>
      </trkpt>
      <trkpt lat="37.54618" lon="-122.09099">
        <ele>8.67</ele>
        <time>2022-06-21T00:34:15Z</time>
      </trkpt>
      <trkpt lat="37.54625" lon="-122.09101">
        <ele>7.82</ele>
        <time>2022-06-21T00:34:18Z</time>
      </trkpt>
      <trkpt lat="37.54633" lon="-122.091">
        <ele>7.73</ele>
        <time>2022-06-21T00:34:20Z</time>
      </trkpt>
      <trkpt lat="37.54641" lon="-122.09098">
        <ele>8.15</ele>
        <time>2022-06-21T00:34:23Z</time>
      </trkpt>
      <trkpt lat="37.54648" lon="-122.09096">
        <ele>8.27</ele>
        <time>2022-06-21T00:34:26Z</time>
      </trkpt>
      <trkpt lat="37.54655" lon="-122.09093">
        <ele>8.17</ele>
        <time>2022-06-21T00:34:29Z</time>
      </trkpt>
      <trkpt lat="37.54662" lon="-122.0909">
        <ele>8.21</ele>
        <time>2022-06-21T00:34:31Z</time>
      </trkpt>
      <trkpt lat="37.54668" lon="-122.09086">
        <ele>8.18</ele>
        <time>2022-06-21T00:34:34Z</time>
      </trkpt>
      <trkpt lat="37.54674" lon="-122.09083">
        <ele>7.5</ele>
        <time>2022-06-21T00:34:36Z</time>
      </trkpt>
      <trkpt lat="37.5468" lon="-122.09079">
        <ele>7.52</ele>
        <time>2022-06-21T00:34:38Z</time>
      </trkpt>
      <trkpt lat="37.54685" lon="-122.09075">
        <ele>7.04</ele>
        <time>2022-06-21T00:34:40Z</time>
      </trkpt>
      <trkpt lat="37.5469" lon="-122.0907">
        <ele>7.42</ele>
        <time>2022-06-21T00:34:43Z</time>
      </trkpt>
      <trkpt lat="37.54694" lon="-122.09065">
        <ele>7.09</ele>
        <time>2022-06-21T00:34:43Z</time>
      </trkpt>
      <trkpt lat="37.54697" lon="-122.0906">
        <ele>7.38</ele>
        <time>2022-06-21T00:34:45Z</time>
      </trkpt>
      <trkpt lat="37.54698" lon="-122.09055">
        <ele>7.71</ele>
        <time>2022-06-21T00:34:48Z</time>
      </trkpt>
      <trkpt lat="37.547" lon="-122.09051">
        <ele>8.09</ele>
        <time>2022-06-21T00:34:48Z</time>
      </trkpt>
      <trkpt lat="37.54701" lon="-122.09046">
        <ele>8.59</ele>
        <time>2022-06-21T00:34:50Z</time>
      </trkpt>
      <trkpt lat="37.54702" lon="-122.09042">
        <ele>8.45</ele>
        <time>2022-06-21T00:34:51Z</time>
      </trkpt>
      <trkpt lat="37.54703" lon="-122.09039">
        <ele>8.21</ele>
        <time>2022-06-21T00:34:52Z</time>
      </trkpt>
      <trkpt lat="37.54704" lon="-122.09036">
        <ele>8.08</ele>
        <time>2022-06-21T00:34:53Z</time>
      </trkpt>
      <trkpt lat="37.54705" lon="-122.09029">
        <ele>8.61</ele>
        <time>2022-06-21T00:34:55Z</time>
      </trkpt>
      <trkpt lat="37.54706" lon="-122.09026">
        <ele>8.65</ele>
        <time>2022-06-21T00:34:56Z</time>
      </trkpt>
      <trkpt lat="37.54708" lon="-122.0902">
        <ele>8.52</ele>
        <time>2022-06-21T00:34:58Z</time>
      </trkpt>
      <trkpt lat="37.5471" lon="-122.09014">
        <ele>8.45</ele>
        <time>2022-06-21T00:35:00Z</time>
      </trkpt>
      <trkpt lat="37.54713" lon="-122.0901">
        <ele>7.91</ele>
        <time>2022-06-21T00:35:03Z</time>
      </trkpt>
      <trkpt lat="37.54715" lon="-122.09006">
        <ele>7.83</ele>
        <time>2022-06-21T00:35:03Z</time>
      </trkpt>
      <trkpt lat="37.54717" lon="-122.09003">
        <ele>7.51</ele>
        <time>2022-06-21T00:35:04Z</time>
      </trkpt>
      <trkpt lat="37.5472" lon="-122.08999">
        <ele>6.72</ele>
        <time>2022-06-21T00:35:05Z</time>
      </trkpt>
      <trkpt lat="37.54723" lon="-122.08995">
        <ele>5.96</ele>
        <time>2022-06-21T00:35:06Z</time>
      </trkpt>
      <trkpt lat="37.54728" lon="-122.08992">
        <ele>5.92</ele>
        <time>2022-06-21T00:35:08Z</time>
      </trkpt>
      <trkpt lat="37.54733" lon="-122.0899">
        <ele>5.84</ele>
        <time>2022-06-21T00:35:08Z</time>
      </trkpt>
      <trkpt lat="37.54736" lon="-122.08989">
        <ele>5.51</ele>
        <time>2022-06-21T00:35:11Z</time>
      </trkpt>
      <trkpt lat="37.54742" lon="-122.0899">
        <ele>4.99</ele>
        <time>2022-06-21T00:35:13Z</time>
      </trkpt>
      <trkpt lat="37.54747" lon="-122.08993">
        <ele>5.0</ele>
        <time>2022-06-21T00:35:14Z</time>
      </trkpt>
      <trkpt lat="37.54756" lon="-122.08997">
        <ele>5.44</ele>
        <time>2022-06-21T00:35:17Z</time>
      </trkpt>
      <trkpt lat="37.54763" lon="-122.09">
        <ele>6.0</ele>
        <time>2022-06-21T00:35:20Z</time>
      </trkpt>
      <trkpt lat="37.54769" lon="-122.09002">
        <ele>5.96</ele>
        <time>2022-06-21T00:35:20Z</time>
      </trkpt>
      <trkpt lat="37.54778" lon="-122.09005">
        <ele>5.56</ele>
        <time>2022-06-21T00:35:25Z</time>
      </trkpt>
      <trkpt lat="37.54784" lon="-122.09008">
        <ele>6.54</ele>
        <time>2022-06-21T00:35:27Z</time>
      </trkpt>
      <trkpt lat="37.54791" lon="-122.09011">
        <ele>7.11</ele>
        <time>2022-06-21T00:35:30Z</time>
      </trkpt>
      <trkpt lat="37.54799" lon="-122.09015">
        <ele>7.18</ele>
        <time>2022-06-21T00:35:33Z</time>
      </trkpt>
      <trkpt lat="37.54805" lon="-122.09017">
        <ele>7.79</ele>
        <time>2022-06-21T00:35:37Z</time>
      </trkpt>
      <trkpt lat="37.54812" lon="-122.09019">
        <ele>8.07</ele>
        <time>2022-06-21T00:35:40Z</time>
      </trkpt>
      <trkpt lat="37.54818" lon="-122.0902">
        <ele>8.45</ele>
        <time>2022-06-21T00:35:41Z</time>
      </trkpt>
      <trkpt lat="37.54824" lon="-122.0902">
        <ele>8.99</ele>
        <time>2022-06-21T00:35:46Z</time>
      </trkpt>
      <trkpt lat="37.54831" lon="-122.09022">
        <ele>9.0</ele>
        <time>2022-06-21T00:35:50Z</time>
      </trkpt>
      <trkpt lat="37.54837" lon="-122.09024">
        <ele>9.23</ele>
        <time>2022-06-21T00:35:53Z</time>
      </trkpt>
      <trkpt lat="37.54844" lon="-122.09025">
        <ele>9.7</ele>
        <time>2022-06-21T00:35:57Z</time>
      </trkpt>
      <trkpt lat="37.54849" lon="-122.09027">
        <ele>9.92</ele>
        <time>2022-06-21T00:35:59Z</time>
      </trkpt>
      <trkpt lat="37.54857" lon="-122.0903">
        <ele>10.35</ele>
        <time>2022-06-21T00:36:03Z</time>
      </trkpt>
      <trkpt lat="37.54864" lon="-122.09032">
        <ele>10.46</ele>
        <time>2022-06-21T00:36:06Z</time>
      </trkpt>
      <trkpt lat="37.5487" lon="-122.09034">
        <ele>10.67</ele>
        <time>2022-06-21T00:36:09Z</time>
      </trkpt>
      <trkpt lat="37.54876" lon="-122.09038">
        <ele>11.14</ele>
        <time>2022-06-21T00:36:12Z</time>
      </trkpt>
      <trkpt lat="37.54881" lon="-122.09041">
        <ele>11.43</ele>
        <time>2022-06-21T00:36:15Z</time>
      </trkpt>
      <trkpt lat="37.54886" lon="-122.09046">
        <ele>11.97</ele>
        <time>2022-06-21T00:36:18Z</time>
      </trkpt>
      <trkpt lat="37.54892" lon="-122.0905">
        <ele>12.27</ele>
        <time>2022-06-21T00:36:21Z</time>
      </trkpt>
      <trkpt lat="37.54897" lon="-122.09055">
        <ele>12.12</ele>
        <time>2022-06-21T00:36:24Z</time>
      </trkpt>
      <trkpt lat="37.54899" lon="-122.09058">
        <ele>12.5</ele>
        <time>2022-06-21T00:36:30Z</time>
      </trkpt>
      <trkpt lat="37.54898" lon="-122.09055">
        <ele>12.02</ele>
        <time>2022-06-21T00:36:44Z</time>
      </trkpt>
      <trkpt lat="37.54896" lon="-122.09052">
        <ele>12.14</ele>
        <time>2022-06-21T00:36:52Z</time>
      </trkpt>
      <trkpt lat="37.54894" lon="-122.0905">
        <ele>12.18</ele>
        <time>2022-06-21T00:36:55Z</time>
      </trkpt>
      <trkpt lat="37.54891" lon="-122.09047">
        <ele>12.06</ele>
        <time>2022-06-21T00:36:57Z</time>
      </trkpt>
      <trkpt lat="37.54887" lon="-122.09045">
        <ele>11.86</ele>
        <time>2022-06-21T00:36:58Z</time>
      </trkpt>
      <trkpt lat="37.54884" lon="-122.09043">
        <ele>11.64</ele>
        <time>2022-06-21T00:36:58Z</time>
      </trkpt>
      <trkpt lat="37.5488" lon="-122.0904">
        <ele>11.32</ele>
        <time>2022-06-21T00:37:00Z</time>
      </trkpt>
      <trkpt lat="37.54875" lon="-122.09037">
        <ele>10.99</ele>
        <time>2022-06-21T00:37:01Z</time>
      </trkpt>
      <trkpt lat="37.54868" lon="-122.09033">
        <ele>10.56</ele>
        <time>2022-06-21T00:37:03Z</time>
      </trkpt>
      <trkpt lat="37.54863" lon="-122.0903">
        <ele>10.24</ele>
        <time>2022-06-21T00:37:04Z</time>
      </trkpt>
      <trkpt lat="37.54855" lon="-122.09027">
        <ele>9.92</ele>
        <time>2022-06-21T00:37:05Z</time>
      </trkpt>
      <trkpt lat="37.54842" lon="-122.09023">
        <ele>9.45</ele>
        <time>2022-06-21T00:37:08Z</time>
      </trkpt>
      <trkpt lat="37.54828" lon="-122.0902">
        <ele>9.0</ele>
        <time>2022-06-21T00:37:08Z</time>
      </trkpt>
      <trkpt lat="37.54822" lon="-122.09019">
        <ele>8.79</ele>
        <time>2022-06-21T00:37:09Z</time>
      </trkpt>
      <trkpt lat="37.54817" lon="-122.09019">
        <ele>8.28</ele>
        <time>2022-06-21T00:37:10Z</time>
      </trkpt>
      <trkpt lat="37.54812" lon="-122.09018">
        <ele>7.98</ele>
        <time>2022-06-21T00:37:11Z</time>
      </trkpt>
      <trkpt lat="37.54807" lon="-122.09016">
        <ele>7.77</ele>
        <time>2022-06-21T00:37:12Z</time>
      </trkpt>
      <trkpt lat="37.54801" lon="-122.09013">
        <ele>7.21</ele>
        <time>2022-06-21T00:37:13Z</time>
      </trkpt>
      <trkpt lat="37.54795" lon="-122.09011">
        <ele>7.03</ele>
        <time>2022-06-21T00:37:14Z</time>
      </trkpt>
      <trkpt lat="37.54789" lon="-122.09009">
        <ele>6.97</ele>
        <time>2022-06-21T00:37:15Z</time>
      </trkpt>
      <trkpt lat="37.54784" lon="-122.09008">
        <ele>6.54</ele>
        <time>2022-06-21T00:37:16Z</time>
      </trkpt>
      <trkpt lat="37.5478" lon="-122.09007">
        <ele>6.0</ele>
        <time>2022-06-21T00:37:17Z</time>
      </trkpt>
      <trkpt lat="37.54774" lon="-122.09004">
        <ele>5.66</ele>
        <time>2022-06-21T00:37:21Z</time>
      </trkpt>
      <trkpt lat="37.5477" lon="-122.08997">
        <ele>5.57</ele>
        <time>2022-06-21T00:37:24Z</time>
      </trkpt>
      <trkpt lat="37.54776" lon="-122.08995">
        <ele>5.09</ele>
        <time>2022-06-21T00:37:29Z</time>
      </trkpt>
      <trkpt lat="37.54784" lon="-122.08995">
        <ele>4.95</ele>
        <time>2022-06-21T00:37:31Z</time>
      </trkpt>
      <trkpt lat="37.5479" lon="-122.08993">
        <ele>4.49</ele>
        <time>2022-06-21T00:37:33Z</time>
      </trkpt>
      <trkpt lat="37.54796" lon="-122.08991">
        <ele>4.06</ele>
        <time>2022-06-21T00:37:34Z</time>
      </trkpt>
      <trkpt lat="37.54805" lon="-122.0899">
        <ele>3.92</ele>
        <time>2022-06-21T00:37:37Z</time>
      </trkpt>
      <trkpt lat="37.54813" lon="-122.08989">
        <ele>3.81</ele>
        <time>2022-06-21T00:37:38Z</time>
      </trkpt>
      <trkpt lat="37.54821" lon="-122.08989">
        <ele>3.81</ele>
        <time>2022-06-21T00:37:40Z</time>
      </trkpt>
      <trkpt lat="37.54828" lon="-122.0899">
        <ele>3.92</ele>
        <time>2022-06-21T00:37:42Z</time>
      </trkpt>
      <trkpt lat="37.54834" lon="-122.0899">
        <ele>3.92</ele>
        <time>2022-06-21T00:37:44Z</time>
      </trkpt>
      <trkpt lat="37.54842" lon="-122.08991">
        <ele>4.06</ele>
        <time>2022-06-21T00:37:47Z</time>
      </trkpt>
      <trkpt lat="37.54849" lon="-122.0899">
        <ele>3.92</ele>
        <time>2022-06-21T00:37:50Z</time>
      </trkpt>
      <trkpt lat="37.54856" lon="-122.08988">
        <ele>3.7</ele>
        <time>2022-06-21T00:37:53Z</time>
      </trkpt>
      <trkpt lat="37.54862" lon="-122.08985">
        <ele>3.44</ele>
        <time>2022-06-21T00:37:55Z</time>
      </trkpt>
      <trkpt lat="37.54869" lon="-122.08982">
        <ele>3.86</ele>
        <time>2022-06-21T00:37:57Z</time>
      </trkpt>
      <trkpt lat="37.54877" lon="-122.08978">
        <ele>3.79</ele>
        <time>2022-06-21T00:38:00Z</time>
      </trkpt>
      <trkpt lat="37.54883" lon="-122.08974">
        <ele>4.0</ele>
        <time>2022-06-21T00:38:02Z</time>
      </trkpt>
      <trkpt lat="37.54888" lon="-122.08969">
        <ele>3.93</ele>
        <time>2022-06-21T00:38:04Z</time>
      </trkpt>
      <trkpt lat="37.54893" lon="-122.08963">
        <ele>4.0</ele>
        <time>2022-06-21T00:38:06Z</time>
      </trkpt>
      <trkpt lat="37.54899" lon="-122.08958">
        <ele>4.0</ele>
        <time>2022-06-21T00:38:07Z</time>
      </trkpt>
      <trkpt lat="37.54905" lon="-122.0895">
        <ele>3.9</ele>
        <time>2022-06-21T00:38:10Z</time>
      </trkpt>
      <trkpt lat="37.54912" lon="-122.08943">
        <ele>3.84</ele>
        <time>2022-06-21T00:38:12Z</time>
      </trkpt>
      <trkpt lat="37.54918" lon="-122.08936">
        <ele>3.22</ele>
        <time>2022-06-21T00:38:14Z</time>
      </trkpt>
      <trkpt lat="37.54923" lon="-122.08931">
        <ele>3.68</ele>
        <time>2022-06-21T00:38:16Z</time>
      </trkpt>
      <trkpt lat="37.54929" lon="-122.08924">
        <ele>3.86</ele>
        <time>2022-06-21T00:38:20Z</time>
      </trkpt>
      <trkpt lat="37.54933" lon="-122.08919">
        <ele>3.82</ele>
        <time>2022-06-21T00:38:22Z</time>
      </trkpt>
      <trkpt lat="37.54939" lon="-122.08913">
        <ele>4.82</ele>
        <time>2022-06-21T00:38:25Z</time>
      </trkpt>
      <trkpt lat="37.54942" lon="-122.08905">
        <ele>5.47</ele>
        <time>2022-06-21T00:38:28Z</time>
      </trkpt>
      <trkpt lat="37.54942" lon="-122.08895">
        <ele>5.47</ele>
        <time>2022-06-21T00:38:28Z</time>
      </trkpt>
      <trkpt lat="37.54941" lon="-122.08884">
        <ele>5.26</ele>
        <time>2022-06-21T00:38:32Z</time>
      </trkpt>
      <trkpt lat="37.54941" lon="-122.08874">
        <ele>5.26</ele>
        <time>2022-06-21T00:38:33Z</time>
      </trkpt>
      <trkpt lat="37.54941" lon="-122.08865">
        <ele>5.26</ele>
        <time>2022-06-21T00:38:34Z</time>
      </trkpt>
      <trkpt lat="37.54942" lon="-122.08852">
        <ele>4.75</ele>
        <time>2022-06-21T00:38:35Z</time>
      </trkpt>
      <trkpt lat="37.54943" lon="-122.08844">
        <ele>4.71</ele>
        <time>2022-06-21T00:38:36Z</time>
      </trkpt>
      <trkpt lat="37.54945" lon="-122.08837">
        <ele>4.49</ele>
        <time>2022-06-21T00:38:37Z</time>
      </trkpt>
      <trkpt lat="37.54947" lon="-122.08828">
        <ele>4.39</ele>
        <time>2022-06-21T00:38:38Z</time>
      </trkpt>
      <trkpt lat="37.54948" lon="-122.0882">
        <ele>4.11</ele>
        <time>2022-06-21T00:38:39Z</time>
      </trkpt>
      <trkpt lat="37.5495" lon="-122.08811">
        <ele>3.95</ele>
        <time>2022-06-21T00:38:40Z</time>
      </trkpt>
      <trkpt lat="37.54951" lon="-122.08802">
        <ele>3.71</ele>
        <time>2022-06-21T00:38:41Z</time>
      </trkpt>
      <trkpt lat="37.54952" lon="-122.08793">
        <ele>3.82</ele>
        <time>2022-06-21T00:38:42Z</time>
      </trkpt>
      <trkpt lat="37.54953" lon="-122.08784">
        <ele>3.92</ele>
        <time>2022-06-21T00:38:43Z</time>
      </trkpt>
      <trkpt lat="37.54954" lon="-122.08775">
        <ele>4.03</ele>
        <time>2022-06-21T00:38:44Z</time>
      </trkpt>
      <trkpt lat="37.54954" lon="-122.08766">
        <ele>3.77</ele>
        <time>2022-06-21T00:38:45Z</time>
      </trkpt>
      <trkpt lat="37.54955" lon="-122.08757">
        <ele>3.28</ele>
        <time>2022-06-21T00:38:46Z</time>
      </trkpt>
      <trkpt lat="37.54955" lon="-122.08748">
        <ele>3.28</ele>
        <time>2022-06-21T00:38:47Z</time>
      </trkpt>
      <trkpt lat="37.54956" lon="-122.08739">
        <ele>3.45</ele>
        <time>2022-06-21T00:38:48Z</time>
      </trkpt>
      <trkpt lat="37.54957" lon="-122.0873">
        <ele>3.36</ele>
        <time>2022-06-21T00:38:49Z</time>
      </trkpt>
      <trkpt lat="37.54959" lon="-122.08721">
        <ele>3.5</ele>
        <time>2022-06-21T00:38:50Z</time>
      </trkpt>
      <trkpt lat="37.5496" lon="-122.08712">
        <ele>2.97</ele>
        <time>2022-06-21T00:38:51Z</time>
      </trkpt>
      <trkpt lat="37.54961" lon="-122.08703">
        <ele>2.79</ele>
        <time>2022-06-21T00:38:52Z</time>
      </trkpt>
      <trkpt lat="37.54962" lon="-122.08694">
        <ele>2.9</ele>
        <time>2022-06-21T00:38:53Z</time>
      </trkpt>
      <trkpt lat="37.54962" lon="-122.08684">
        <ele>2.9</ele>
        <time>2022-06-21T00:38:54Z</time>
      </trkpt>
      <trkpt lat="37.54963" lon="-122.08675">
        <ele>3.0</ele>
        <time>2022-06-21T00:38:55Z</time>
      </trkpt>
      <trkpt lat="37.54964" lon="-122.08666">
        <ele>2.94</ele>
        <time>2022-06-21T00:38:56Z</time>
      </trkpt>
      <trkpt lat="37.54965" lon="-122.08657">
        <ele>2.22</ele>
        <time>2022-06-21T00:38:57Z</time>
      </trkpt>
      <trkpt lat="37.54967" lon="-122.08649">
        <ele>2.44</ele>
        <time>2022-06-21T00:38:58Z</time>
      </trkpt>
      <trkpt lat="37.54969" lon="-122.08641">
        <ele>2.65</ele>
        <time>2022-06-21T00:38:59Z</time>
      </trkpt>
      <trkpt lat="37.54972" lon="-122.08634">
        <ele>2.46</ele>
        <time>2022-06-21T00:39:00Z</time>
      </trkpt>
      <trkpt lat="37.54975" lon="-122.08627">
        <ele>2.3</ele>
        <time>2022-06-21T00:39:01Z</time>
      </trkpt>
      <trkpt lat="37.54979" lon="-122.08621">
        <ele>2.73</ele>
        <time>2022-06-21T00:39:02Z</time>
      </trkpt>
      <trkpt lat="37.54983" lon="-122.08616">
        <ele>2.77</ele>
        <time>2022-06-21T00:39:03Z</time>
      </trkpt>
      <trkpt lat="37.54987" lon="-122.08611">
        <ele>3.19</ele>
        <time>2022-06-21T00:39:04Z</time>
      </trkpt>
      <trkpt lat="37.5499" lon="-122.08606">
        <ele>3.84</ele>
        <time>2022-06-21T00:39:05Z</time>
      </trkpt>
      <trkpt lat="37.54993" lon="-122.08602">
        <ele>4.25</ele>
        <time>2022-06-21T00:39:06Z</time>
      </trkpt>
      <trkpt lat="37.54996" lon="-122.08597">
        <ele>4.34</ele>
        <time>2022-06-21T00:39:07Z</time>
      </trkpt>
      <trkpt lat="37.54998" lon="-122.08593">
        <ele>4.58</ele>
        <time>2022-06-21T00:39:08Z</time>
      </trkpt>
      <trkpt lat="37.55" lon="-122.0859">
        <ele>5.0</ele>
        <time>2022-06-21T00:39:09Z</time>
      </trkpt>
      <trkpt lat="37.55002" lon="-122.08585">
        <ele>5.04</ele>
        <time>2022-06-21T00:39:10Z</time>
      </trkpt>
      <trkpt lat="37.55005" lon="-122.0858">
        <ele>4.67</ele>
        <time>2022-06-21T00:39:11Z</time>
      </trkpt>
      <trkpt lat="37.55008" lon="-122.08577">
        <ele>4.81</ele>
        <time>2022-06-21T00:39:12Z</time>
      </trkpt>
      <trkpt lat="37.5501" lon="-122.08575">
        <ele>5.07</ele>
        <time>2022-06-21T00:39:14Z</time>
      </trkpt>
      <trkpt lat="37.55012" lon="-122.08572">
        <ele>5.23</ele>
        <time>2022-06-21T00:39:16Z</time>
      </trkpt>
      <trkpt lat="37.55017" lon="-122.08568">
        <ele>5.29</ele>
        <time>2022-06-21T00:39:17Z</time>
      </trkpt>
      <trkpt lat="37.55028" lon="-122.08564">
        <ele>5.91</ele>
        <time>2022-06-21T00:39:19Z</time>
      </trkpt>
      <trkpt lat="37.55037" lon="-122.08561">
        <ele>5.59</ele>
        <time>2022-06-21T00:39:19Z</time>
      </trkpt>
      <trkpt lat="37.55046" lon="-122.08558">
        <ele>5.01</ele>
        <time>2022-06-21T00:39:21Z</time>
      </trkpt>
      <trkpt lat="37.55051" lon="-122.08557">
        <ele>5.0</ele>
        <time>2022-06-21T00:39:22Z</time>
      </trkpt>
      <trkpt lat="37.55056" lon="-122.08556">
        <ele>5.0</ele>
        <time>2022-06-21T00:39:23Z</time>
      </trkpt>
      <trkpt lat="37.5506" lon="-122.08554">
        <ele>5.0</ele>
        <time>2022-06-21T00:39:24Z</time>
      </trkpt>
      <trkpt lat="37.55066" lon="-122.08553">
        <ele>5.0</ele>
        <time>2022-06-21T00:39:25Z</time>
      </trkpt>
      <trkpt lat="37.55071" lon="-122.08552">
        <ele>5.0</ele>
        <time>2022-06-21T00:39:26Z</time>
      </trkpt>
      <trkpt lat="37.55076" lon="-122.0855">
        <ele>5.0</ele>
        <time>2022-06-21T00:39:27Z</time>
      </trkpt>
      <trkpt lat="37.55081" lon="-122.08548">
        <ele>5.0</ele>
        <time>2022-06-21T00:39:28Z</time>
      </trkpt>
      <trkpt lat="37.55086" lon="-122.08546">
        <ele>4.71</ele>
        <time>2022-06-21T00:39:29Z</time>
      </trkpt>
      <trkpt lat="37.55091" lon="-122.08544">
        <ele>4.17</ele>
        <time>2022-06-21T00:39:30Z</time>
      </trkpt>
      <trkpt lat="37.55096" lon="-122.08542">
        <ele>4.0</ele>
        <time>2022-06-21T00:39:31Z</time>
      </trkpt>
      <trkpt lat="37.55102" lon="-122.08539">
        <ele>3.99</ele>
        <time>2022-06-21T00:39:32Z</time>
      </trkpt>
      <trkpt lat="37.55108" lon="-122.08537">
        <ele>3.34</ele>
        <time>2022-06-21T00:39:33Z</time>
      </trkpt>
      <trkpt lat="37.55114" lon="-122.08537">
        <ele>3.0</ele>
        <time>2022-06-21T00:39:34Z</time>
      </trkpt>
      <trkpt lat="37.55121" lon="-122.08537">
        <ele>3.0</ele>
        <time>2022-06-21T00:39:35Z</time>
      </trkpt>
      <trkpt lat="37.55126" lon="-122.0854">
        <ele>3.32</ele>
        <time>2022-06-21T00:39:36Z</time>
      </trkpt>
      <trkpt lat="37.55131" lon="-122.08543">
        <ele>3.64</ele>
        <time>2022-06-21T00:39:37Z</time>
      </trkpt>
      <trkpt lat="37.55135" lon="-122.08544">
        <ele>3.75</ele>
        <time>2022-06-21T00:39:38Z</time>
      </trkpt>
      <trkpt lat="37.55139" lon="-122.08544">
        <ele>3.74</ele>
        <time>2022-06-21T00:39:39Z</time>
      </trkpt>
      <trkpt lat="37.55143" lon="-122.08543">
        <ele>3.36</ele>
        <time>2022-06-21T00:39:40Z</time>
      </trkpt>
      <trkpt lat="37.55148" lon="-122.08541">
        <ele>3.01</ele>
        <time>2022-06-21T00:39:41Z</time>
      </trkpt>
      <trkpt lat="37.55151" lon="-122.0854">
        <ele>3.0</ele>
        <time>2022-06-21T00:39:42Z</time>
      </trkpt>
      <trkpt lat="37.55155" lon="-122.08539">
        <ele>3.0</ele>
        <time>2022-06-21T00:39:43Z</time>
      </trkpt>
      <trkpt lat="37.55159" lon="-122.08538">
        <ele>3.0</ele>
        <time>2022-06-21T00:39:45Z</time>
      </trkpt>
      <trkpt lat="37.55163" lon="-122.08538">
        <ele>3.0</ele>
        <time>2022-06-21T00:39:47Z</time>
      </trkpt>
      <trkpt lat="37.55169" lon="-122.08537">
        <ele>3.25</ele>
        <time>2022-06-21T00:39:49Z</time>
      </trkpt>
      <trkpt lat="37.55177" lon="-122.08532">
        <ele>3.52</ele>
        <time>2022-06-21T00:39:51Z</time>
      </trkpt>
      <trkpt lat="37.55179" lon="-122.08522">
        <ele>3.33</ele>
        <time>2022-06-21T00:39:54Z</time>
      </trkpt>
      <trkpt lat="37.55178" lon="-122.08514">
        <ele>3.11</ele>
        <time>2022-06-21T00:39:56Z</time>
      </trkpt>
      <trkpt lat="37.55176" lon="-122.08506">
        <ele>3.0</ele>
        <time>2022-06-21T00:39:56Z</time>
      </trkpt>
      <trkpt lat="37.55175" lon="-122.08498">
        <ele>3.19</ele>
        <time>2022-06-21T00:40:00Z</time>
      </trkpt>
      <trkpt lat="37.55173" lon="-122.0849">
        <ele>3.68</ele>
        <time>2022-06-21T00:40:01Z</time>
      </trkpt>
      <trkpt lat="37.55173" lon="-122.08481">
        <ele>3.67</ele>
        <time>2022-06-21T00:40:03Z</time>
      </trkpt>
      <trkpt lat="37.55173" lon="-122.08473">
        <ele>3.39</ele>
        <time>2022-06-21T00:40:03Z</time>
      </trkpt>
      <trkpt lat="37.55172" lon="-122.08461">
        <ele>3.15</ele>
        <time>2022-06-21T00:40:04Z</time>
      </trkpt>
      <trkpt lat="37.55172" lon="-122.08455">
        <ele>3.15</ele>
        <time>2022-06-21T00:40:05Z</time>
      </trkpt>
      <trkpt lat="37.55172" lon="-122.08449">
        <ele>2.86</ele>
        <time>2022-06-21T00:40:06Z</time>
      </trkpt>
      <trkpt lat="37.55172" lon="-122.08442">
        <ele>2.58</ele>
        <time>2022-06-21T00:40:07Z</time>
      </trkpt>
      <trkpt lat="37.55172" lon="-122.08435">
        <ele>2.58</ele>
        <time>2022-06-21T00:40:08Z</time>
      </trkpt>
      <trkpt lat="37.55172" lon="-122.08428">
        <ele>2.58</ele>
        <time>2022-06-21T00:40:09Z</time>
      </trkpt>
      <trkpt lat="37.55172" lon="-122.08421">
        <ele>2.58</ele>
        <time>2022-06-21T00:40:10Z</time>
      </trkpt>
      <trkpt lat="37.55171" lon="-122.08413">
        <ele>2.47</ele>
        <time>2022-06-21T00:40:11Z</time>
      </trkpt>
      <trkpt lat="37.55171" lon="-122.08406">
        <ele>2.47</ele>
        <time>2022-06-21T00:40:12Z</time>
      </trkpt>
      <trkpt lat="37.5517" lon="-122.08398">
        <ele>2.36</ele>
        <time>2022-06-21T00:40:13Z</time>
      </trkpt>
      <trkpt lat="37.55169" lon="-122.08391">
        <ele>2.25</ele>
        <time>2022-06-21T00:40:14Z</time>
      </trkpt>
      <trkpt lat="37.55168" lon="-122.08383">
        <ele>2.14</ele>
        <time>2022-06-21T00:40:15Z</time>
      </trkpt>
      <trkpt lat="37.55166" lon="-122.08375">
        <ele>2.46</ele>
        <time>2022-06-21T00:40:16Z</time>
      </trkpt>
      <trkpt lat="37.55165" lon="-122.08367">
        <ele>2.82</ele>
        <time>2022-06-21T00:40:17Z</time>
      </trkpt>
      <trkpt lat="37.55163" lon="-122.08359">
        <ele>2.6</ele>
        <time>2022-06-21T00:40:18Z</time>
      </trkpt>
      <trkpt lat="37.55161" lon="-122.08351">
        <ele>2.39</ele>
        <time>2022-06-21T00:40:19Z</time>
      </trkpt>
      <trkpt lat="37.55159" lon="-122.08343">
        <ele>2.17</ele>
        <time>2022-06-21T00:40:20Z</time>
      </trkpt>
      <trkpt lat="37.55157" lon="-122.08335">
        <ele>2.78</ele>
        <time>2022-06-21T00:40:21Z</time>
      </trkpt>
      <trkpt lat="37.55155" lon="-122.08326">
        <ele>2.74</ele>
        <time>2022-06-21T00:40:22Z</time>
      </trkpt>
      <trkpt lat="37.55153" lon="-122.08318">
        <ele>2.52</ele>
        <time>2022-06-21T00:40:23Z</time>
      </trkpt>
      <trkpt lat="37.55152" lon="-122.0831">
        <ele>2.42</ele>
        <time>2022-06-21T00:40:24Z</time>
      </trkpt>
      <trkpt lat="37.5515" lon="-122.08302">
        <ele>2.2</ele>
        <time>2022-06-21T00:40:25Z</time>
      </trkpt>
      <trkpt lat="37.55148" lon="-122.08293">
        <ele>2.35</ele>
        <time>2022-06-21T00:40:26Z</time>
      </trkpt>
      <trkpt lat="37.55147" lon="-122.08285">
        <ele>2.88</ele>
        <time>2022-06-21T00:40:27Z</time>
      </trkpt>
      <trkpt lat="37.55145" lon="-122.08276">
        <ele>2.66</ele>
        <time>2022-06-21T00:40:28Z</time>
      </trkpt>
      <trkpt lat="37.55143" lon="-122.08267">
        <ele>2.44</ele>
        <time>2022-06-21T00:40:29Z</time>
      </trkpt>
      <trkpt lat="37.55141" lon="-122.08258">
        <ele>2.23</ele>
        <time>2022-06-21T00:40:30Z</time>
      </trkpt>
      <trkpt lat="37.55139" lon="-122.0825">
        <ele>2.01</ele>
        <time>2022-06-21T00:40:31Z</time>
      </trkpt>
      <trkpt lat="37.55138" lon="-122.08241">
        <ele>2.88</ele>
        <time>2022-06-21T00:40:32Z</time>
      </trkpt>
      <trkpt lat="37.55136" lon="-122.08232">
        <ele>2.69</ele>
        <time>2022-06-21T00:40:33Z</time>
      </trkpt>
      <trkpt lat="37.55135" lon="-122.08223">
        <ele>2.58</ele>
        <time>2022-06-21T00:40:34Z</time>
      </trkpt>
      <trkpt lat="37.55133" lon="-122.08214">
        <ele>2.36</ele>
        <time>2022-06-21T00:40:35Z</time>
      </trkpt>
      <trkpt lat="37.55132" lon="-122.08206">
        <ele>2.26</ele>
        <time>2022-06-21T00:40:36Z</time>
      </trkpt>
      <trkpt lat="37.5513" lon="-122.08197">
        <ele>2.04</ele>
        <time>2022-06-21T00:40:37Z</time>
      </trkpt>
      <trkpt lat="37.55129" lon="-122.08188">
        <ele>2.65</ele>
        <time>2022-06-21T00:40:38Z</time>
      </trkpt>
      <trkpt lat="37.55128" lon="-122.08179">
        <ele>2.82</ele>
        <time>2022-06-21T00:40:39Z</time>
      </trkpt>
      <trkpt lat="37.55128" lon="-122.08171">
        <ele>2.82</ele>
        <time>2022-06-21T00:40:40Z</time>
      </trkpt>
      <trkpt lat="37.55127" lon="-122.08162">
        <ele>2.72</ele>
        <time>2022-06-21T00:40:41Z</time>
      </trkpt>
      <trkpt lat="37.55127" lon="-122.08153">
        <ele>2.72</ele>
        <time>2022-06-21T00:40:42Z</time>
      </trkpt>
      <trkpt lat="37.55128" lon="-122.08145">
        <ele>2.82</ele>
        <time>2022-06-21T00:40:43Z</time>
      </trkpt>
      <trkpt lat="37.55129" lon="-122.08136">
        <ele>2.93</ele>
        <time>2022-06-21T00:40:44Z</time>
      </trkpt>
      <trkpt lat="37.5513" lon="-122.08128">
        <ele>2.83</ele>
        <time>2022-06-21T00:40:45Z</time>
      </trkpt>
      <trkpt lat="37.55133" lon="-122.0812">
        <ele>2.36</ele>
        <time>2022-06-21T00:40:46Z</time>
      </trkpt>
      <trkpt lat="37.55135" lon="-122.08112">
        <ele>2.58</ele>
        <time>2022-06-21T00:40:47Z</time>
      </trkpt>
      <trkpt lat="37.55137" lon="-122.08104">
        <ele>2.18</ele>
        <time>2022-06-21T00:40:48Z</time>
      </trkpt>
      <trkpt lat="37.5514" lon="-122.08096">
        <ele>2.12</ele>
        <time>2022-06-21T00:40:49Z</time>
      </trkpt>
      <trkpt lat="37.55143" lon="-122.08088">
        <ele>2.44</ele>
        <time>2022-06-21T00:40:50Z</time>
      </trkpt>
      <trkpt lat="37.55145" lon="-122.0808">
        <ele>2.42</ele>
        <time>2022-06-21T00:40:51Z</time>
      </trkpt>
      <trkpt lat="37.55148" lon="-122.08073">
        <ele>2.0</ele>
        <time>2022-06-21T00:40:52Z</time>
      </trkpt>
      <trkpt lat="37.55151" lon="-122.08065">
        <ele>2.31</ele>
        <time>2022-06-21T00:40:53Z</time>
      </trkpt>
      <trkpt lat="37.55154" lon="-122.08057">
        <ele>2.63</ele>
        <time>2022-06-21T00:40:54Z</time>
      </trkpt>
      <trkpt lat="37.55157" lon="-122.08049">
        <ele>2.28</ele>
        <time>2022-06-21T00:40:55Z</time>
      </trkpt>
      <trkpt lat="37.5516" lon="-122.08042">
        <ele>2.28</ele>
        <time>2022-06-21T00:40:56Z</time>
      </trkpt>
      <trkpt lat="37.55163" lon="-122.08035">
        <ele>2.6</ele>
        <time>2022-06-21T00:40:57Z</time>
      </trkpt>
      <trkpt lat="37.55166" lon="-122.08028">
        <ele>2.93</ele>
        <time>2022-06-21T00:40:58Z</time>
      </trkpt>
      <trkpt lat="37.55169" lon="-122.0802">
        <ele>2.37</ele>
        <time>2022-06-21T00:40:59Z</time>
      </trkpt>
      <trkpt lat="37.55171" lon="-122.08012">
        <ele>2.47</ele>
        <time>2022-06-21T00:41:00Z</time>
      </trkpt>
      <trkpt lat="37.55174" lon="-122.08005">
        <ele>2.43</ele>
        <time>2022-06-21T00:41:01Z</time>
      </trkpt>
      <trkpt lat="37.55177" lon="-122.07997">
        <ele>2.12</ele>
        <time>2022-06-21T00:41:02Z</time>
      </trkpt>
      <trkpt lat="37.55181" lon="-122.0799">
        <ele>2.55</ele>
        <time>2022-06-21T00:41:03Z</time>
      </trkpt>
      <trkpt lat="37.55184" lon="-122.07983">
        <ele>2.87</ele>
        <time>2022-06-21T00:41:04Z</time>
      </trkpt>
      <trkpt lat="37.55187" lon="-122.07976">
        <ele>2.52</ele>
        <time>2022-06-21T00:41:05Z</time>
      </trkpt>
      <trkpt lat="37.55191" lon="-122.07969">
        <ele>2.63</ele>
        <time>2022-06-21T00:41:06Z</time>
      </trkpt>
      <trkpt lat="37.55195" lon="-122.07962">
        <ele>2.9</ele>
        <time>2022-06-21T00:41:07Z</time>
      </trkpt>
      <trkpt lat="37.55199" lon="-122.07955">
        <ele>2.56</ele>
        <time>2022-06-21T00:41:08Z</time>
      </trkpt>
      <trkpt lat="37.55204" lon="-122.07949">
        <ele>2.51</ele>
        <time>2022-06-21T00:41:09Z</time>
      </trkpt>
      <trkpt lat="37.55209" lon="-122.07943">
        <ele>2.48</ele>
        <time>2022-06-21T00:41:10Z</time>
      </trkpt>
      <trkpt lat="37.55213" lon="-122.07937">
        <ele>2.2</ele>
        <time>2022-06-21T00:41:11Z</time>
      </trkpt>
      <trkpt lat="37.55218" lon="-122.07932">
        <ele>2.36</ele>
        <time>2022-06-21T00:41:12Z</time>
      </trkpt>
      <trkpt lat="37.55222" lon="-122.07927">
        <ele>2.11</ele>
        <time>2022-06-21T00:41:13Z</time>
      </trkpt>
      <trkpt lat="37.55227" lon="-122.07922">
        <ele>2.3</ele>
        <time>2022-06-21T00:41:14Z</time>
      </trkpt>
      <trkpt lat="37.55231" lon="-122.07917">
        <ele>2.03</ele>
        <time>2022-06-21T00:41:15Z</time>
      </trkpt>
      <trkpt lat="37.55235" lon="-122.07912">
        <ele>2.38</ele>
        <time>2022-06-21T00:41:16Z</time>
      </trkpt>
      <trkpt lat="37.55239" lon="-122.07906">
        <ele>2.69</ele>
        <time>2022-06-21T00:41:17Z</time>
      </trkpt>
      <trkpt lat="37.55243" lon="-122.079">
        <ele>2.4</ele>
        <time>2022-06-21T00:41:18Z</time>
      </trkpt>
      <trkpt lat="37.55246" lon="-122.07894">
        <ele>2.57</ele>
        <time>2022-06-21T00:41:19Z</time>
      </trkpt>
      <trkpt lat="37.55249" lon="-122.07887">
        <ele>2.71</ele>
        <time>2022-06-21T00:41:20Z</time>
      </trkpt>
      <trkpt lat="37.55252" lon="-122.0788">
        <ele>2.24</ele>
        <time>2022-06-21T00:41:21Z</time>
      </trkpt>
      <trkpt lat="37.55255" lon="-122.07873">
        <ele>2.54</ele>
        <time>2022-06-21T00:41:22Z</time>
      </trkpt>
      <trkpt lat="37.55257" lon="-122.07866">
        <ele>2.76</ele>
        <time>2022-06-21T00:41:23Z</time>
      </trkpt>
      <trkpt lat="37.5526" lon="-122.07859">
        <ele>2.79</ele>
        <time>2022-06-21T00:41:24Z</time>
      </trkpt>
      <trkpt lat="37.55263" lon="-122.07852">
        <ele>2.41</ele>
        <time>2022-06-21T00:41:25Z</time>
      </trkpt>
      <trkpt lat="37.55265" lon="-122.07846">
        <ele>2.62</ele>
        <time>2022-06-21T00:41:26Z</time>
      </trkpt>
      <trkpt lat="37.55268" lon="-122.0784">
        <ele>2.94</ele>
        <time>2022-06-21T00:41:27Z</time>
      </trkpt>
      <trkpt lat="37.5527" lon="-122.07833">
        <ele>2.97</ele>
        <time>2022-06-21T00:41:28Z</time>
      </trkpt>
      <trkpt lat="37.55273" lon="-122.07827">
        <ele>2.65</ele>
        <time>2022-06-21T00:41:29Z</time>
      </trkpt>
      <trkpt lat="37.55275" lon="-122.0782">
        <ele>2.7</ele>
        <time>2022-06-21T00:41:30Z</time>
      </trkpt>
      <trkpt lat="37.55277" lon="-122.07814">
        <ele>2.84</ele>
        <time>2022-06-21T00:41:31Z</time>
      </trkpt>
      <trkpt lat="37.5528" lon="-122.07807">
        <ele>2.36</ele>
        <time>2022-06-21T00:41:32Z</time>
      </trkpt>
      <trkpt lat="37.55283" lon="-122.078">
        <ele>2.56</ele>
        <time>2022-06-21T00:41:33Z</time>
      </trkpt>
      <trkpt lat="37.55286" lon="-122.07793">
        <ele>2.89</ele>
        <time>2022-06-21T00:41:34Z</time>
      </trkpt>
      <trkpt lat="37.55288" lon="-122.07786">
        <ele>3.0</ele>
        <time>2022-06-21T00:41:35Z</time>
      </trkpt>
      <trkpt lat="37.55291" lon="-122.0778">
        <ele>3.0</ele>
        <time>2022-06-21T00:41:36Z</time>
      </trkpt>
      <trkpt lat="37.55294" lon="-122.07773">
        <ele>2.87</ele>
        <time>2022-06-21T00:41:37Z</time>
      </trkpt>
      <trkpt lat="37.55297" lon="-122.07766">
        <ele>2.75</ele>
        <time>2022-06-21T00:41:38Z</time>
      </trkpt>
      <trkpt lat="37.55299" lon="-122.0776">
        <ele>2.35</ele>
        <time>2022-06-21T00:41:39Z</time>
      </trkpt>
      <trkpt lat="37.55302" lon="-122.07754">
        <ele>2.62</ele>
        <time>2022-06-21T00:41:40Z</time>
      </trkpt>
      <trkpt lat="37.55304" lon="-122.07747">
        <ele>2.56</ele>
        <time>2022-06-21T00:41:41Z</time>
      </trkpt>
      <trkpt lat="37.55306" lon="-122.07741">
        <ele>2.07</ele>
        <time>2022-06-21T00:41:42Z</time>
      </trkpt>
      <trkpt lat="37.55309" lon="-122.07735">
        <ele>2.37</ele>
        <time>2022-06-21T00:41:43Z</time>
      </trkpt>
      <trkpt lat="37.55311" lon="-122.07729">
        <ele>2.59</ele>
        <time>2022-06-21T00:41:44Z</time>
      </trkpt>
      <trkpt lat="37.55314" lon="-122.07722">
        <ele>2.91</ele>
        <time>2022-06-21T00:41:45Z</time>
      </trkpt>
      <trkpt lat="37.55316" lon="-122.07715">
        <ele>3.0</ele>
        <time>2022-06-21T00:41:46Z</time>
      </trkpt>
      <trkpt lat="37.55319" lon="-122.07709">
        <ele>2.77</ele>
        <time>2022-06-21T00:41:47Z</time>
      </trkpt>
      <trkpt lat="37.55321" lon="-122.07703">
        <ele>2.67</ele>
        <time>2022-06-21T00:41:48Z</time>
      </trkpt>
      <trkpt lat="37.55324" lon="-122.07698">
        <ele>2.99</ele>
        <time>2022-06-21T00:41:49Z</time>
      </trkpt>
      <trkpt lat="37.55326" lon="-122.07692">
        <ele>3.0</ele>
        <time>2022-06-21T00:41:50Z</time>
      </trkpt>
      <trkpt lat="37.55328" lon="-122.07686">
        <ele>3.0</ele>
        <time>2022-06-21T00:41:51Z</time>
      </trkpt>
      <trkpt lat="37.55329" lon="-122.0768">
        <ele>3.0</ele>
        <time>2022-06-21T00:41:52Z</time>
      </trkpt>
      <trkpt lat="37.5533" lon="-122.07677">
        <ele>3.0</ele>
        <time>2022-06-21T00:41:53Z</time>
      </trkpt>
      <trkpt lat="37.55331" lon="-122.07672">
        <ele>3.0</ele>
        <time>2022-06-21T00:41:54Z</time>
      </trkpt>
      <trkpt lat="37.55333" lon="-122.07667">
        <ele>3.0</ele>
        <time>2022-06-21T00:41:56Z</time>
      </trkpt>
      <trkpt lat="37.55334" lon="-122.07662">
        <ele>3.04</ele>
        <time>2022-06-21T00:41:58Z</time>
      </trkpt>
      <trkpt lat="37.55334" lon="-122.07657">
        <ele>3.07</ele>
        <time>2022-06-21T00:42:02Z</time>
      </trkpt>
      <trkpt lat="37.55337" lon="-122.07653">
        <ele>3.21</ele>
        <time>2022-06-21T00:42:02Z</time>
      </trkpt>
      <trkpt lat="37.5534" lon="-122.07647">
        <ele>2.97</ele>
        <time>2022-06-21T00:42:04Z</time>
      </trkpt>
      <trkpt lat="37.55345" lon="-122.07638">
        <ele>2.93</ele>
        <time>2022-06-21T00:42:04Z</time>
      </trkpt>
      <trkpt lat="37.5535" lon="-122.07629">
        <ele>2.8</ele>
        <time>2022-06-21T00:42:08Z</time>
      </trkpt>
      <trkpt lat="37.55354" lon="-122.0762">
        <ele>3.23</ele>
        <time>2022-06-21T00:42:08Z</time>
      </trkpt>
      <trkpt lat="37.55357" lon="-122.07613">
        <ele>3.56</ele>
        <time>2022-06-21T00:42:10Z</time>
      </trkpt>
      <trkpt lat="37.55362" lon="-122.07605">
        <ele>3.37</ele>
        <time>2022-06-21T00:42:14Z</time>
      </trkpt>
      <trkpt lat="37.55365" lon="-122.07595">
        <ele>3.11</ele>
        <time>2022-06-21T00:42:15Z</time>
      </trkpt>
      <trkpt lat="37.55368" lon="-122.07587">
        <ele>3.0</ele>
        <time>2022-06-21T00:42:16Z</time>
      </trkpt>
      <trkpt lat="37.55372" lon="-122.07577">
        <ele>3.0</ele>
        <time>2022-06-21T00:42:18Z</time>
      </trkpt>
      <trkpt lat="37.55376" lon="-122.07568">
        <ele>3.0</ele>
        <time>2022-06-21T00:42:22Z</time>
      </trkpt>
      <trkpt lat="37.5538" lon="-122.07561">
        <ele>3.0</ele>
        <time>2022-06-21T00:42:24Z</time>
      </trkpt>
      <trkpt lat="37.55382" lon="-122.07551">
        <ele>3.0</ele>
        <time>2022-06-21T00:42:23Z</time>
      </trkpt>
      <trkpt lat="37.55386" lon="-122.0754">
        <ele>3.0</ele>
        <time>2022-06-21T00:42:25Z</time>
      </trkpt>
      <trkpt lat="37.55388" lon="-122.07536">
        <ele>3.0</ele>
        <time>2022-06-21T00:42:26Z</time>
      </trkpt>
      <trkpt lat="37.55389" lon="-122.0753">
        <ele>3.0</ele>
        <time>2022-06-21T00:42:28Z</time>
      </trkpt>
      <trkpt lat="37.55392" lon="-122.07525">
        <ele>3.1</ele>
        <time>2022-06-21T00:42:28Z</time>
      </trkpt>
      <trkpt lat="37.55393" lon="-122.07518">
        <ele>3.44</ele>
        <time>2022-06-21T00:42:29Z</time>
      </trkpt>
      <trkpt lat="37.55395" lon="-122.07512">
        <ele>3.66</ele>
        <time>2022-06-21T00:42:30Z</time>
      </trkpt>
      <trkpt lat="37.55396" lon="-122.07507">
        <ele>3.58</ele>
        <time>2022-06-21T00:42:31Z</time>
      </trkpt>
      <trkpt lat="37.55398" lon="-122.07502">
        <ele>3.21</ele>
        <time>2022-06-21T00:42:32Z</time>
      </trkpt>
      <trkpt lat="37.554" lon="-122.07496">
        <ele>3.2</ele>
        <time>2022-06-21T00:42:33Z</time>
      </trkpt>
      <trkpt lat="37.55402" lon="-122.07491">
        <ele>3.42</ele>
        <time>2022-06-21T00:42:34Z</time>
      </trkpt>
      <trkpt lat="37.55404" lon="-122.07485">
        <ele>3.63</ele>
        <time>2022-06-21T00:42:35Z</time>
      </trkpt>
      <trkpt lat="37.55406" lon="-122.07479">
        <ele>3.62</ele>
        <time>2022-06-21T00:42:36Z</time>
      </trkpt>
      <trkpt lat="37.55407" lon="-122.07473">
        <ele>3.08</ele>
        <time>2022-06-21T00:42:37Z</time>
      </trkpt>
      <trkpt lat="37.55409" lon="-122.07468">
        <ele>3.17</ele>
        <time>2022-06-21T00:42:38Z</time>
      </trkpt>
      <trkpt lat="37.55411" lon="-122.07462">
        <ele>3.39</ele>
        <time>2022-06-21T00:42:39Z</time>
      </trkpt>
      <trkpt lat="37.55413" lon="-122.07457">
        <ele>3.6</ele>
        <time>2022-06-21T00:42:40Z</time>
      </trkpt>
      <trkpt lat="37.55415" lon="-122.07451">
        <ele>3.58</ele>
        <time>2022-06-21T00:42:41Z</time>
      </trkpt>
      <trkpt lat="37.55417" lon="-122.07446">
        <ele>3.2</ele>
        <time>2022-06-21T00:42:42Z</time>
      </trkpt>
      <trkpt lat="37.55419" lon="-122.0744">
        <ele>3.13</ele>
        <time>2022-06-21T00:42:43Z</time>
      </trkpt>
      <trkpt lat="37.55422" lon="-122.07434">
        <ele>3.0</ele>
        <time>2022-06-21T00:42:44Z</time>
      </trkpt>
      <trkpt lat="37.55425" lon="-122.07428">
        <ele>3.0</ele>
        <time>2022-06-21T00:42:45Z</time>
      </trkpt>
      <trkpt lat="37.55427" lon="-122.07422">
        <ele>3.0</ele>
        <time>2022-06-21T00:42:46Z</time>
      </trkpt>
      <trkpt lat="37.5543" lon="-122.07416">
        <ele>3.0</ele>
        <time>2022-06-21T00:42:47Z</time>
      </trkpt>
      <trkpt lat="37.55432" lon="-122.07409">
        <ele>3.0</ele>
        <time>2022-06-21T00:42:48Z</time>
      </trkpt>
      <trkpt lat="37.55434" lon="-122.07403">
        <ele>3.0</ele>
        <time>2022-06-21T00:42:49Z</time>
      </trkpt>
      <trkpt lat="37.55436" lon="-122.07398">
        <ele>3.0</ele>
        <time>2022-06-21T00:42:50Z</time>
      </trkpt>
      <trkpt lat="37.55439" lon="-122.07391">
        <ele>3.0</ele>
        <time>2022-06-21T00:42:51Z</time>
      </trkpt>
      <trkpt lat="37.55441" lon="-122.07385">
        <ele>3.0</ele>
        <time>2022-06-21T00:42:52Z</time>
      </trkpt>
      <trkpt lat="37.55444" lon="-122.0738">
        <ele>3.0</ele>
        <time>2022-06-21T00:42:53Z</time>
      </trkpt>
      <trkpt lat="37.55446" lon="-122.07374">
        <ele>3.1</ele>
        <time>2022-06-21T00:42:54Z</time>
      </trkpt>
      <trkpt lat="37.55448" lon="-122.07369">
        <ele>3.33</ele>
        <time>2022-06-21T00:42:55Z</time>
      </trkpt>
      <trkpt lat="37.5545" lon="-122.07364">
        <ele>3.19</ele>
        <time>2022-06-21T00:42:56Z</time>
      </trkpt>
      <trkpt lat="37.55452" lon="-122.07359">
        <ele>3.0</ele>
        <time>2022-06-21T00:42:57Z</time>
      </trkpt>
      <trkpt lat="37.55454" lon="-122.07353">
        <ele>3.03</ele>
        <time>2022-06-21T00:42:58Z</time>
      </trkpt>
      <trkpt lat="37.55456" lon="-122.07348">
        <ele>3.25</ele>
        <time>2022-06-21T00:42:59Z</time>
      </trkpt>
      <trkpt lat="37.55459" lon="-122.07342">
        <ele>3.54</ele>
        <time>2022-06-21T00:43:00Z</time>
      </trkpt>
      <trkpt lat="37.55461" lon="-122.07336">
        <ele>3.23</ele>
        <time>2022-06-21T00:43:01Z</time>
      </trkpt>
      <trkpt lat="37.55463" lon="-122.0733">
        <ele>3.0</ele>
        <time>2022-06-21T00:43:02Z</time>
      </trkpt>
      <trkpt lat="37.55465" lon="-122.07325">
        <ele>3.22</ele>
        <time>2022-06-21T00:43:03Z</time>
      </trkpt>
      <trkpt lat="37.55467" lon="-122.0732">
        <ele>3.44</ele>
        <time>2022-06-21T00:43:04Z</time>
      </trkpt>
      <trkpt lat="37.55469" lon="-122.07314">
        <ele>3.65</ele>
        <time>2022-06-21T00:43:05Z</time>
      </trkpt>
      <trkpt lat="37.55471" lon="-122.07308">
        <ele>3.87</ele>
        <time>2022-06-21T00:43:06Z</time>
      </trkpt>
      <trkpt lat="37.55473" lon="-122.07302">
        <ele>3.65</ele>
        <time>2022-06-21T00:43:07Z</time>
      </trkpt>
      <trkpt lat="37.55474" lon="-122.07297">
        <ele>3.25</ele>
        <time>2022-06-21T00:43:08Z</time>
      </trkpt>
      <trkpt lat="37.55476" lon="-122.07291">
        <ele>3.41</ele>
        <time>2022-06-21T00:43:09Z</time>
      </trkpt>
      <trkpt lat="37.55478" lon="-122.07285">
        <ele>3.62</ele>
        <time>2022-06-21T00:43:10Z</time>
      </trkpt>
      <trkpt lat="37.5548" lon="-122.0728">
        <ele>3.84</ele>
        <time>2022-06-21T00:43:11Z</time>
      </trkpt>
      <trkpt lat="37.55482" lon="-122.07274">
        <ele>3.61</ele>
        <time>2022-06-21T00:43:12Z</time>
      </trkpt>
      <trkpt lat="37.55483" lon="-122.07268">
        <ele>3.16</ele>
        <time>2022-06-21T00:43:13Z</time>
      </trkpt>
      <trkpt lat="37.55485" lon="-122.07262">
        <ele>3.38</ele>
        <time>2022-06-21T00:43:14Z</time>
      </trkpt>
      <trkpt lat="37.55487" lon="-122.07256">
        <ele>3.6</ele>
        <time>2022-06-21T00:43:15Z</time>
      </trkpt>
      <trkpt lat="37.55489" lon="-122.0725">
        <ele>3.81</ele>
        <time>2022-06-21T00:43:16Z</time>
      </trkpt>
      <trkpt lat="37.55492" lon="-122.07245">
        <ele>3.53</ele>
        <time>2022-06-21T00:43:17Z</time>
      </trkpt>
      <trkpt lat="37.55494" lon="-122.07239">
        <ele>3.35</ele>
        <time>2022-06-21T00:43:18Z</time>
      </trkpt>
      <trkpt lat="37.55496" lon="-122.07234">
        <ele>3.57</ele>
        <time>2022-06-21T00:43:19Z</time>
      </trkpt>
      <trkpt lat="37.55498" lon="-122.07228">
        <ele>3.78</ele>
        <time>2022-06-21T00:43:20Z</time>
      </trkpt>
      <trkpt lat="37.555" lon="-122.07222">
        <ele>4.0</ele>
        <time>2022-06-21T00:43:21Z</time>
      </trkpt>
      <trkpt lat="37.55503" lon="-122.07216">
        <ele>4.0</ele>
        <time>2022-06-21T00:43:22Z</time>
      </trkpt>
      <trkpt lat="37.55505" lon="-122.0721">
        <ele>3.85</ele>
        <time>2022-06-21T00:43:23Z</time>
      </trkpt>
      <trkpt lat="37.55507" lon="-122.07204">
        <ele>3.76</ele>
        <time>2022-06-21T00:43:24Z</time>
      </trkpt>
      <trkpt lat="37.5551" lon="-122.07198">
        <ele>4.0</ele>
        <time>2022-06-21T00:43:25Z</time>
      </trkpt>
      <trkpt lat="37.55512" lon="-122.07191">
        <ele>4.0</ele>
        <time>2022-06-21T00:43:26Z</time>
      </trkpt>
      <trkpt lat="37.55515" lon="-122.07185">
        <ele>3.99</ele>
        <time>2022-06-21T00:43:27Z</time>
      </trkpt>
      <trkpt lat="37.55517" lon="-122.07179">
        <ele>3.89</ele>
        <time>2022-06-21T00:43:28Z</time>
      </trkpt>
      <trkpt lat="37.5552" lon="-122.07173">
        <ele>4.0</ele>
        <time>2022-06-21T00:43:29Z</time>
      </trkpt>
      <trkpt lat="37.55522" lon="-122.07167">
        <ele>4.0</ele>
        <time>2022-06-21T00:43:30Z</time>
      </trkpt>
      <trkpt lat="37.55525" lon="-122.07161">
        <ele>3.82</ele>
        <time>2022-06-21T00:43:31Z</time>
      </trkpt>
      <trkpt lat="37.55528" lon="-122.07154">
        <ele>4.0</ele>
        <time>2022-06-21T00:43:32Z</time>
      </trkpt>
      <trkpt lat="37.5553" lon="-122.07148">
        <ele>4.0</ele>
        <time>2022-06-21T00:43:33Z</time>
      </trkpt>
      <trkpt lat="37.55532" lon="-122.07142">
        <ele>4.0</ele>
        <time>2022-06-21T00:43:34Z</time>
      </trkpt>
      <trkpt lat="37.55534" lon="-122.07136">
        <ele>3.9</ele>
        <time>2022-06-21T00:43:35Z</time>
      </trkpt>
      <trkpt lat="37.55536" lon="-122.0713">
        <ele>3.89</ele>
        <time>2022-06-21T00:43:36Z</time>
      </trkpt>
      <trkpt lat="37.55539" lon="-122.07125">
        <ele>4.0</ele>
        <time>2022-06-21T00:43:37Z</time>
      </trkpt>
      <trkpt lat="37.55541" lon="-122.07119">
        <ele>4.0</ele>
        <time>2022-06-21T00:43:38Z</time>
      </trkpt>
      <trkpt lat="37.55543" lon="-122.07114">
        <ele>4.0</ele>
        <time>2022-06-21T00:43:39Z</time>
      </trkpt>
      <trkpt lat="37.55546" lon="-122.07108">
        <ele>3.99</ele>
        <time>2022-06-21T00:43:40Z</time>
      </trkpt>
      <trkpt lat="37.55548" lon="-122.07102">
        <ele>4.0</ele>
        <time>2022-06-21T00:43:41Z</time>
      </trkpt>
      <trkpt lat="37.5555" lon="-122.07097">
        <ele>4.0</ele>
        <time>2022-06-21T00:43:42Z</time>
      </trkpt>
      <trkpt lat="37.55551" lon="-122.07091">
        <ele>3.92</ele>
        <time>2022-06-21T00:43:43Z</time>
      </trkpt>
      <trkpt lat="37.55553" lon="-122.07085">
        <ele>3.77</ele>
        <time>2022-06-21T00:43:44Z</time>
      </trkpt>
      <trkpt lat="37.55555" lon="-122.07079">
        <ele>3.94</ele>
        <time>2022-06-21T00:43:45Z</time>
      </trkpt>
      <trkpt lat="37.55557" lon="-122.07073">
        <ele>4.0</ele>
        <time>2022-06-21T00:43:46Z</time>
      </trkpt>
      <trkpt lat="37.55559" lon="-122.07067">
        <ele>4.0</ele>
        <time>2022-06-21T00:43:47Z</time>
      </trkpt>
      <trkpt lat="37.55561" lon="-122.07061">
        <ele>4.0</ele>
        <time>2022-06-21T00:43:48Z</time>
      </trkpt>
      <trkpt lat="37.55563" lon="-122.07055">
        <ele>3.99</ele>
        <time>2022-06-21T00:43:49Z</time>
      </trkpt>
      <trkpt lat="37.55565" lon="-122.07049">
        <ele>4.0</ele>
        <time>2022-06-21T00:43:50Z</time>
      </trkpt>
      <trkpt lat="37.55567" lon="-122.07043">
        <ele>4.0</ele>
        <time>2022-06-21T00:43:51Z</time>
      </trkpt>
      <trkpt lat="37.55569" lon="-122.07037">
        <ele>4.0</ele>
        <time>2022-06-21T00:43:52Z</time>
      </trkpt>
      <trkpt lat="37.55571" lon="-122.07031">
        <ele>4.0</ele>
        <time>2022-06-21T00:43:53Z</time>
      </trkpt>
      <trkpt lat="37.55574" lon="-122.07026">
        <ele>4.0</ele>
        <time>2022-06-21T00:43:54Z</time>
      </trkpt>
      <trkpt lat="37.55576" lon="-122.0702">
        <ele>4.0</ele>
        <time>2022-06-21T00:43:55Z</time>
      </trkpt>
      <trkpt lat="37.55577" lon="-122.07013">
        <ele>4.0</ele>
        <time>2022-06-21T00:43:56Z</time>
      </trkpt>
      <trkpt lat="37.55579" lon="-122.07007">
        <ele>4.0</ele>
        <time>2022-06-21T00:43:57Z</time>
      </trkpt>
      <trkpt lat="37.55582" lon="-122.07001">
        <ele>4.0</ele>
        <time>2022-06-21T00:43:58Z</time>
      </trkpt>
      <trkpt lat="37.55584" lon="-122.06995">
        <ele>4.0</ele>
        <time>2022-06-21T00:43:59Z</time>
      </trkpt>
      <trkpt lat="37.55586" lon="-122.06989">
        <ele>4.0</ele>
        <time>2022-06-21T00:44:00Z</time>
      </trkpt>
      <trkpt lat="37.55589" lon="-122.06984">
        <ele>4.0</ele>
        <time>2022-06-21T00:44:01Z</time>
      </trkpt>
      <trkpt lat="37.55591" lon="-122.06977">
        <ele>4.0</ele>
        <time>2022-06-21T00:44:02Z</time>
      </trkpt>
      <trkpt lat="37.55593" lon="-122.06971">
        <ele>4.04</ele>
        <time>2022-06-21T00:44:03Z</time>
      </trkpt>
      <trkpt lat="37.55595" lon="-122.06965">
        <ele>4.06</ele>
        <time>2022-06-21T00:44:04Z</time>
      </trkpt>
      <trkpt lat="37.55597" lon="-122.06959">
        <ele>4.0</ele>
        <time>2022-06-21T00:44:05Z</time>
      </trkpt>
      <trkpt lat="37.55599" lon="-122.06953">
        <ele>4.0</ele>
        <time>2022-06-21T00:44:06Z</time>
      </trkpt>
      <trkpt lat="37.55601" lon="-122.06947">
        <ele>4.0</ele>
        <time>2022-06-21T00:44:07Z</time>
      </trkpt>
      <trkpt lat="37.55603" lon="-122.06941">
        <ele>4.08</ele>
        <time>2022-06-21T00:44:08Z</time>
      </trkpt>
      <trkpt lat="37.55606" lon="-122.06935">
        <ele>4.0</ele>
        <time>2022-06-21T00:44:09Z</time>
      </trkpt>
      <trkpt lat="37.55608" lon="-122.06929">
        <ele>4.0</ele>
        <time>2022-06-21T00:44:10Z</time>
      </trkpt>
      <trkpt lat="37.5561" lon="-122.06922">
        <ele>4.0</ele>
        <time>2022-06-21T00:44:11Z</time>
      </trkpt>
      <trkpt lat="37.55612" lon="-122.06915">
        <ele>4.1</ele>
        <time>2022-06-21T00:44:12Z</time>
      </trkpt>
      <trkpt lat="37.55613" lon="-122.06908">
        <ele>4.2</ele>
        <time>2022-06-21T00:44:13Z</time>
      </trkpt>
      <trkpt lat="37.55613" lon="-122.069">
        <ele>4.2</ele>
        <time>2022-06-21T00:44:14Z</time>
      </trkpt>
      <trkpt lat="37.55613" lon="-122.06893">
        <ele>4.2</ele>
        <time>2022-06-21T00:44:15Z</time>
      </trkpt>
      <trkpt lat="37.55613" lon="-122.06887">
        <ele>4.2</ele>
        <time>2022-06-21T00:44:16Z</time>
      </trkpt>
      <trkpt lat="37.55612" lon="-122.0688">
        <ele>4.1</ele>
        <time>2022-06-21T00:44:17Z</time>
      </trkpt>
      <trkpt lat="37.55611" lon="-122.06873">
        <ele>4.0</ele>
        <time>2022-06-21T00:44:18Z</time>
      </trkpt>
      <trkpt lat="37.5561" lon="-122.06867">
        <ele>4.32</ele>
        <time>2022-06-21T00:44:19Z</time>
      </trkpt>
      <trkpt lat="37.55608" lon="-122.0686">
        <ele>4.66</ele>
        <time>2022-06-21T00:44:20Z</time>
      </trkpt>
      <trkpt lat="37.55605" lon="-122.06854">
        <ele>4.34</ele>
        <time>2022-06-21T00:44:21Z</time>
      </trkpt>
      <trkpt lat="37.55603" lon="-122.06847">
        <ele>4.12</ele>
        <time>2022-06-21T00:44:22Z</time>
      </trkpt>
      <trkpt lat="37.556" lon="-122.06841">
        <ele>4.14</ele>
        <time>2022-06-21T00:44:23Z</time>
      </trkpt>
      <trkpt lat="37.55598" lon="-122.06835">
        <ele>4.48</ele>
        <time>2022-06-21T00:44:24Z</time>
      </trkpt>
      <trkpt lat="37.55595" lon="-122.06829">
        <ele>4.14</ele>
        <time>2022-06-21T00:44:25Z</time>
      </trkpt>
      <trkpt lat="37.55592" lon="-122.06824">
        <ele>4.0</ele>
        <time>2022-06-21T00:44:26Z</time>
      </trkpt>
      <trkpt lat="37.55589" lon="-122.0682">
        <ele>4.0</ele>
        <time>2022-06-21T00:44:27Z</time>
      </trkpt>
      <trkpt lat="37.55585" lon="-122.06815">
        <ele>4.0</ele>
        <time>2022-06-21T00:44:28Z</time>
      </trkpt>
      <trkpt lat="37.55582" lon="-122.0681">
        <ele>4.0</ele>
        <time>2022-06-21T00:44:29Z</time>
      </trkpt>
      <trkpt lat="37.55579" lon="-122.06805">
        <ele>4.0</ele>
        <time>2022-06-21T00:44:30Z</time>
      </trkpt>
      <trkpt lat="37.55575" lon="-122.06801">
        <ele>4.0</ele>
        <time>2022-06-21T00:44:31Z</time>
      </trkpt>
      <trkpt lat="37.55571" lon="-122.06798">
        <ele>4.0</ele>
        <time>2022-06-21T00:44:32Z</time>
      </trkpt>
      <trkpt lat="37.55568" lon="-122.06797">
        <ele>4.0</ele>
        <time>2022-06-21T00:44:33Z</time>
      </trkpt>
      <trkpt lat="37.55563" lon="-122.06796">
        <ele>4.0</ele>
        <time>2022-06-21T00:44:34Z</time>
      </trkpt>
      <trkpt lat="37.55558" lon="-122.06796">
        <ele>4.0</ele>
        <time>2022-06-21T00:44:35Z</time>
      </trkpt>
      <trkpt lat="37.55555" lon="-122.06796">
        <ele>4.0</ele>
        <time>2022-06-21T00:44:36Z</time>
      </trkpt>
      <trkpt lat="37.55552" lon="-122.06796">
        <ele>4.0</ele>
        <time>2022-06-21T00:44:37Z</time>
      </trkpt>
      <trkpt lat="37.55547" lon="-122.06797">
        <ele>4.0</ele>
        <time>2022-06-21T00:44:41Z</time>
      </trkpt>
      <trkpt lat="37.55541" lon="-122.06798">
        <ele>4.0</ele>
        <time>2022-06-21T00:44:43Z</time>
      </trkpt>
      <trkpt lat="37.55534" lon="-122.06799">
        <ele>4.0</ele>
        <time>2022-06-21T00:44:46Z</time>
      </trkpt>
      <trkpt lat="37.55528" lon="-122.06797">
        <ele>4.0</ele>
        <time>2022-06-21T00:44:48Z</time>
      </trkpt>
      <trkpt lat="37.55529" lon="-122.06788">
        <ele>4.0</ele>
        <time>2022-06-21T00:44:52Z</time>
      </trkpt>
    </trkseg>
  </trk>
</gpx>
