<?xml version='1.0' encoding='UTF-8'?>
<gpx version="1.1" creator="https://www.komoot.de" xmlns="http://www.topografix.com/GPX/1/1" xmlns:xsi="http://www.w3.org/2001/XMLSchema-instance" xsi:schemaLocation="http://www.topografix.com/GPX/1/1 http://www.topografix.com/GPX/1/1/gpx.xsd">
  <metadata>
    <name>Tour</name>
    <author>
      <link href="https://www.komoot.de">
        <text>komoot</text>
        <type>text/html</type>
      </link>
    </author>
  </metadata>
  <trk>
    <name>Tour</name>
    <trkseg>
      <trkpt lat="37.501615" lon="-122.474298">
        <ele>3.809006</ele>
        <time>2022-08-13T20:05:24.036Z</time>
      </trkpt>
      <trkpt lat="37.501571" lon="-122.474187">
        <ele>3.809006</ele>
        <time>2022-08-13T20:05:27.000Z</time>
      </trkpt>
      <trkpt lat="37.501519" lon="-122.474062">
        <ele>3.809006</ele>
        <time>2022-08-13T20:05:29.999Z</time>
      </trkpt>
      <trkpt lat="37.501487" lon="-122.473947">
        <ele>3.809006</ele>
        <time>2022-08-13T20:05:32.999Z</time>
      </trkpt>
      <trkpt lat="37.501455" lon="-122.473828">
        <ele>3.809006</ele>
        <time>2022-08-13T20:05:35.999Z</time>
      </trkpt>
      <trkpt lat="37.501420" lon="-122.473705">
        <ele>3.809006</ele>
        <time>2022-08-13T20:05:38.999Z</time>
      </trkpt>
      <trkpt lat="37.501381" lon="-122.473583">
        <ele>3.809006</ele>
        <time>2022-08-13T20:05:41.999Z</time>
      </trkpt>
      <trkpt lat="37.501337" lon="-122.473464">
        <ele>3.809006</ele>
        <time>2022-08-13T20:05:44.999Z</time>
      </trkpt>
      <trkpt lat="37.501235" lon="-122.473147">
        <ele>3.853417</ele>
        <time>2022-08-13T20:06:07.999Z</time>
      </trkpt>
      <trkpt lat="37.501218" lon="-122.473022">
        <ele>3.902509</ele>
        <time>2022-08-13T20:06:09.999Z</time>
      </trkpt>
      <trkpt lat="37.501199" lon="-122.472908">
        <ele>3.947600</ele>
        <time>2022-08-13T20:06:11.999Z</time>
      </trkpt>
      <trkpt lat="37.501199" lon="-122.472767">
        <ele>4.002180</ele>
        <time>2022-08-13T20:06:14.999Z</time>
      </trkpt>
      <trkpt lat="37.501198" lon="-122.472626">
        <ele>4.056762</ele>
        <time>2022-08-13T20:06:17.999Z</time>
      </trkpt>
      <trkpt lat="37.501140" lon="-122.472486">
        <ele>4.117899</ele>
        <time>2022-08-13T20:06:20.999Z</time>
      </trkpt>
      <trkpt lat="37.501084" lon="-122.472338">
        <ele>4.181371</ele>
        <time>2022-08-13T20:06:23.999Z</time>
      </trkpt>
      <trkpt lat="37.501023" lon="-122.472191">
        <ele>4.245587</ele>
        <time>2022-08-13T20:06:26.998Z</time>
      </trkpt>
      <trkpt lat="37.500983" lon="-122.472055">
        <ele>4.301733</ele>
        <time>2022-08-13T20:06:29.998Z</time>
      </trkpt>
      <trkpt lat="37.501017" lon="-122.471945">
        <ele>4.347430</ele>
        <time>2022-08-13T20:06:32.998Z</time>
      </trkpt>
      <trkpt lat="37.501073" lon="-122.471844">
        <ele>4.395128</ele>
        <time>2022-08-13T20:06:35.998Z</time>
      </trkpt>
      <trkpt lat="37.501143" lon="-122.471733">
        <ele>4.450016</ele>
        <time>2022-08-13T20:06:39.998Z</time>
      </trkpt>
      <trkpt lat="37.501184" lon="-122.471606">
        <ele>4.503091</ele>
        <time>2022-08-13T20:06:42.998Z</time>
      </trkpt>
      <trkpt lat="37.501183" lon="-122.471459">
        <ele>4.559996</ele>
        <time>2022-08-13T20:06:45.998Z</time>
      </trkpt>
      <trkpt lat="37.501155" lon="-122.471350">
        <ele>4.604345</ele>
        <time>2022-08-13T20:06:48.998Z</time>
      </trkpt>
      <trkpt lat="37.501111" lon="-122.471215">
        <ele>4.660841</ele>
        <time>2022-08-13T20:06:52.998Z</time>
      </trkpt>
      <trkpt lat="37.501073" lon="-122.471083">
        <ele>4.689652</ele>
        <time>2022-08-13T20:06:56.998Z</time>
      </trkpt>
      <trkpt lat="37.501029" lon="-122.470977">
        <ele>4.694583</ele>
        <time>2022-08-13T20:07:00.998Z</time>
      </trkpt>
      <trkpt lat="37.500993" lon="-122.470861">
        <ele>4.699717</ele>
        <time>2022-08-13T20:07:04.998Z</time>
      </trkpt>
      <trkpt lat="37.500956" lon="-122.470755">
        <ele>4.704490</ele>
        <time>2022-08-13T20:07:07.998Z</time>
      </trkpt>
      <trkpt lat="37.500919" lon="-122.470651">
        <ele>4.709188</ele>
        <time>2022-08-13T20:07:10.998Z</time>
      </trkpt>
      <trkpt lat="37.500876" lon="-122.470535">
        <ele>4.714465</ele>
        <time>2022-08-13T20:07:13.998Z</time>
      </trkpt>
      <trkpt lat="37.500829" lon="-122.470414">
        <ele>4.720018</ele>
        <time>2022-08-13T20:07:16.998Z</time>
      </trkpt>
      <trkpt lat="37.500787" lon="-122.470304">
        <ele>4.725050</ele>
        <time>2022-08-13T20:07:19.998Z</time>
      </trkpt>
      <trkpt lat="37.500744" lon="-122.470188">
        <ele>4.730327</ele>
        <time>2022-08-13T20:07:22.998Z</time>
      </trkpt>
      <trkpt lat="37.500696" lon="-122.470064">
        <ele>4.736014</ele>
        <time>2022-08-13T20:07:25.998Z</time>
      </trkpt>
      <trkpt lat="37.500651" lon="-122.469953">
        <ele>4.741152</ele>
        <time>2022-08-13T20:07:28.998Z</time>
      </trkpt>
      <trkpt lat="37.500614" lon="-122.469832">
        <ele>4.746497</ele>
        <time>2022-08-13T20:07:31.998Z</time>
      </trkpt>
      <trkpt lat="37.500566" lon="-122.469714">
        <ele>4.751962</ele>
        <time>2022-08-13T20:07:34.997Z</time>
      </trkpt>
      <trkpt lat="37.500527" lon="-122.469590">
        <ele>4.757460</ele>
        <time>2022-08-13T20:07:37.998Z</time>
      </trkpt>
      <trkpt lat="37.500481" lon="-122.469472">
        <ele>4.762879</ele>
        <time>2022-08-13T20:07:40.998Z</time>
      </trkpt>
      <trkpt lat="37.500432" lon="-122.469357">
        <ele>4.768259</ele>
        <time>2022-08-13T20:07:43.998Z</time>
      </trkpt>
      <trkpt lat="37.500382" lon="-122.469233">
        <ele>4.773993</ele>
        <time>2022-08-13T20:07:46.998Z</time>
      </trkpt>
      <trkpt lat="37.500331" lon="-122.469098">
        <ele>4.781414</ele>
        <time>2022-08-13T20:07:49.998Z</time>
      </trkpt>
      <trkpt lat="37.500276" lon="-122.468969">
        <ele>4.861720</ele>
        <time>2022-08-13T20:07:52.998Z</time>
      </trkpt>
      <trkpt lat="37.500229" lon="-122.468840">
        <ele>4.939562</ele>
        <time>2022-08-13T20:07:55.998Z</time>
      </trkpt>
      <trkpt lat="37.500181" lon="-122.468713">
        <ele>5.016703</ele>
        <time>2022-08-13T20:07:58.998Z</time>
      </trkpt>
      <trkpt lat="37.500128" lon="-122.468582">
        <ele>5.097340</ele>
        <time>2022-08-13T20:08:01.998Z</time>
      </trkpt>
      <trkpt lat="37.500070" lon="-122.468450">
        <ele>5.180084</ele>
        <time>2022-08-13T20:08:04.998Z</time>
      </trkpt>
      <trkpt lat="37.500012" lon="-122.468322">
        <ele>5.260917</ele>
        <time>2022-08-13T20:08:07.998Z</time>
      </trkpt>
      <trkpt lat="37.499967" lon="-122.468213">
        <ele>5.328297</ele>
        <time>2022-08-13T20:08:10.998Z</time>
      </trkpt>
      <trkpt lat="37.499933" lon="-122.468077">
        <ele>5.406489</ele>
        <time>2022-08-13T20:08:14.998Z</time>
      </trkpt>
      <trkpt lat="37.499872" lon="-122.467971">
        <ele>5.478298</ele>
        <time>2022-08-13T20:08:17.998Z</time>
      </trkpt>
      <trkpt lat="37.499802" lon="-122.467855">
        <ele>5.558218</ele>
        <time>2022-08-13T20:08:20.998Z</time>
      </trkpt>
      <trkpt lat="37.499724" lon="-122.467730">
        <ele>5.645425</ele>
        <time>2022-08-13T20:08:23.998Z</time>
      </trkpt>
      <trkpt lat="37.499631" lon="-122.467617">
        <ele>5.734710</ele>
        <time>2022-08-13T20:08:26.998Z</time>
      </trkpt>
      <trkpt lat="37.499563" lon="-122.467540">
        <ele>5.797893</ele>
        <time>2022-08-13T20:08:28.998Z</time>
      </trkpt>
      <trkpt lat="37.499504" lon="-122.467444">
        <ele>5.864484</ele>
        <time>2022-08-13T20:08:30.998Z</time>
      </trkpt>
      <trkpt lat="37.499465" lon="-122.467339">
        <ele>5.928060</ele>
        <time>2022-08-13T20:08:32.998Z</time>
      </trkpt>
      <trkpt lat="37.499429" lon="-122.467186">
        <ele>6.015572</ele>
        <time>2022-08-13T20:08:35.998Z</time>
      </trkpt>
      <trkpt lat="37.499393" lon="-122.467035">
        <ele>6.195543</ele>
        <time>2022-08-13T20:08:38.998Z</time>
      </trkpt>
      <trkpt lat="37.499341" lon="-122.466906">
        <ele>6.369092</ele>
        <time>2022-08-13T20:08:41.998Z</time>
      </trkpt>
      <trkpt lat="37.499281" lon="-122.466790">
        <ele>6.535179</ele>
        <time>2022-08-13T20:08:44.998Z</time>
      </trkpt>
      <trkpt lat="37.499223" lon="-122.466689">
        <ele>6.684722</ele>
        <time>2022-08-13T20:08:47.998Z</time>
      </trkpt>
      <trkpt lat="37.499167" lon="-122.466592">
        <ele>6.828607</ele>
        <time>2022-08-13T20:08:50.998Z</time>
      </trkpt>
      <trkpt lat="37.499104" lon="-122.466503">
        <ele>6.971666</ele>
        <time>2022-08-13T20:08:53.998Z</time>
      </trkpt>
      <trkpt lat="37.499043" lon="-122.466401">
        <ele>7.124869</ele>
        <time>2022-08-13T20:08:56.998Z</time>
      </trkpt>
      <trkpt lat="37.498982" lon="-122.466302">
        <ele>7.275215</ele>
        <time>2022-08-13T20:08:59.998Z</time>
      </trkpt>
      <trkpt lat="37.498917" lon="-122.466202">
        <ele>7.430270</ele>
        <time>2022-08-13T20:09:02.998Z</time>
      </trkpt>
      <trkpt lat="37.498852" lon="-122.466093">
        <ele>7.593818</ele>
        <time>2022-08-13T20:09:05.998Z</time>
      </trkpt>
      <trkpt lat="37.498782" lon="-122.465977">
        <ele>7.768622</ele>
        <time>2022-08-13T20:09:08.998Z</time>
      </trkpt>
      <trkpt lat="37.498714" lon="-122.465868">
        <ele>7.934935</ele>
        <time>2022-08-13T20:09:11.998Z</time>
      </trkpt>
      <trkpt lat="37.498644" lon="-122.465762">
        <ele>8.100352</ele>
        <time>2022-08-13T20:09:14.998Z</time>
      </trkpt>
      <trkpt lat="37.498577" lon="-122.465646">
        <ele>8.272448</ele>
        <time>2022-08-13T20:09:17.998Z</time>
      </trkpt>
      <trkpt lat="37.498505" lon="-122.465526">
        <ele>8.452903</ele>
        <time>2022-08-13T20:09:20.998Z</time>
      </trkpt>
      <trkpt lat="37.498432" lon="-122.465407">
        <ele>8.633323</ele>
        <time>2022-08-13T20:09:23.998Z</time>
      </trkpt>
      <trkpt lat="37.498360" lon="-122.465295">
        <ele>8.739104</ele>
        <time>2022-08-13T20:09:26.998Z</time>
      </trkpt>
      <trkpt lat="37.498289" lon="-122.465179">
        <ele>8.729897</ele>
        <time>2022-08-13T20:09:29.998Z</time>
      </trkpt>
      <trkpt lat="37.498213" lon="-122.465057">
        <ele>8.720149</ele>
        <time>2022-08-13T20:09:32.998Z</time>
      </trkpt>
      <trkpt lat="37.498136" lon="-122.464937">
        <ele>8.710450</ele>
        <time>2022-08-13T20:09:35.998Z</time>
      </trkpt>
      <trkpt lat="37.498060" lon="-122.464814">
        <ele>8.700652</ele>
        <time>2022-08-13T20:09:38.998Z</time>
      </trkpt>
      <trkpt lat="37.497983" lon="-122.464693">
        <ele>8.690904</ele>
        <time>2022-08-13T20:09:41.998Z</time>
      </trkpt>
      <trkpt lat="37.497906" lon="-122.464567">
        <ele>8.680909</ele>
        <time>2022-08-13T20:09:44.998Z</time>
      </trkpt>
      <trkpt lat="37.497826" lon="-122.464441">
        <ele>8.670767</ele>
        <time>2022-08-13T20:09:47.998Z</time>
      </trkpt>
      <trkpt lat="37.497750" lon="-122.464308">
        <ele>8.660466</ele>
        <time>2022-08-13T20:09:50.998Z</time>
      </trkpt>
      <trkpt lat="37.497676" lon="-122.464176">
        <ele>8.650308</ele>
        <time>2022-08-13T20:09:53.998Z</time>
      </trkpt>
      <trkpt lat="37.497604" lon="-122.464040">
        <ele>8.640033</ele>
        <time>2022-08-13T20:09:56.998Z</time>
      </trkpt>
      <trkpt lat="37.497549" lon="-122.463946">
        <ele>8.632693</ele>
        <time>2022-08-13T20:09:58.998Z</time>
      </trkpt>
      <trkpt lat="37.497497" lon="-122.463852">
        <ele>8.625492</ele>
        <time>2022-08-13T20:10:00.998Z</time>
      </trkpt>
      <trkpt lat="37.497439" lon="-122.463752">
        <ele>8.617707</ele>
        <time>2022-08-13T20:10:02.998Z</time>
      </trkpt>
      <trkpt lat="37.497388" lon="-122.463653">
        <ele>8.610289</ele>
        <time>2022-08-13T20:10:04.998Z</time>
      </trkpt>
      <trkpt lat="37.497344" lon="-122.463549">
        <ele>8.602881</ele>
        <time>2022-08-13T20:10:06.998Z</time>
      </trkpt>
      <trkpt lat="37.497304" lon="-122.463446">
        <ele>8.566950</ele>
        <time>2022-08-13T20:10:08.998Z</time>
      </trkpt>
      <trkpt lat="37.497272" lon="-122.463338">
        <ele>8.511272</ele>
        <time>2022-08-13T20:10:10.998Z</time>
      </trkpt>
      <trkpt lat="37.497245" lon="-122.463230">
        <ele>8.456584</ele>
        <time>2022-08-13T20:10:12.998Z</time>
      </trkpt>
      <trkpt lat="37.497217" lon="-122.463120">
        <ele>8.400791</ele>
        <time>2022-08-13T20:10:14.998Z</time>
      </trkpt>
      <trkpt lat="37.497175" lon="-122.462968">
        <ele>8.323057</ele>
        <time>2022-08-13T20:10:17.998Z</time>
      </trkpt>
      <trkpt lat="37.497110" lon="-122.462830">
        <ele>8.245548</ele>
        <time>2022-08-13T20:10:20.998Z</time>
      </trkpt>
      <trkpt lat="37.497033" lon="-122.462695">
        <ele>8.165249</ele>
        <time>2022-08-13T20:10:23.998Z</time>
      </trkpt>
      <trkpt lat="37.496948" lon="-122.462570">
        <ele>8.085739</ele>
        <time>2022-08-13T20:10:26.998Z</time>
      </trkpt>
      <trkpt lat="37.496882" lon="-122.462429">
        <ele>8.006674</ele>
        <time>2022-08-13T20:10:29.998Z</time>
      </trkpt>
      <trkpt lat="37.496904" lon="-122.462278">
        <ele>7.932527</ele>
        <time>2022-08-13T20:10:32.998Z</time>
      </trkpt>
      <trkpt lat="37.496847" lon="-122.462155">
        <ele>7.863732</ele>
        <time>2022-08-13T20:10:35.998Z</time>
      </trkpt>
      <trkpt lat="37.496786" lon="-122.462064">
        <ele>7.806196</ele>
        <time>2022-08-13T20:10:38.998Z</time>
      </trkpt>
      <trkpt lat="37.496731" lon="-122.461965">
        <ele>7.747826</ele>
        <time>2022-08-13T20:10:43.998Z</time>
      </trkpt>
      <trkpt lat="37.496625" lon="-122.461856">
        <ele>7.664551</ele>
        <time>2022-08-13T20:11:54.998Z</time>
      </trkpt>
      <trkpt lat="37.496532" lon="-122.461956">
        <ele>7.590137</ele>
        <time>2022-08-13T20:11:58.998Z</time>
      </trkpt>
      <trkpt lat="37.496455" lon="-122.462039">
        <ele>7.528461</ele>
        <time>2022-08-13T20:12:01.998Z</time>
      </trkpt>
      <trkpt lat="37.496382" lon="-122.462132">
        <ele>7.454608</ele>
        <time>2022-08-13T20:12:04.998Z</time>
      </trkpt>
      <trkpt lat="37.496322" lon="-122.462223">
        <ele>7.382144</ele>
        <time>2022-08-13T20:12:07.998Z</time>
      </trkpt>
      <trkpt lat="37.496244" lon="-122.462331">
        <ele>7.292701</ele>
        <time>2022-08-13T20:12:11.998Z</time>
      </trkpt>
      <trkpt lat="37.496187" lon="-122.462431">
        <ele>7.217290</ele>
        <time>2022-08-13T20:12:15.998Z</time>
      </trkpt>
      <trkpt lat="37.496113" lon="-122.462511">
        <ele>7.142035</ele>
        <time>2022-08-13T20:12:19.998Z</time>
      </trkpt>
      <trkpt lat="37.496018" lon="-122.462578">
        <ele>7.058003</ele>
        <time>2022-08-13T20:12:23.998Z</time>
      </trkpt>
      <trkpt lat="37.495934" lon="-122.462676">
        <ele>6.969648</ele>
        <time>2022-08-13T20:12:27.998Z</time>
      </trkpt>
      <trkpt lat="37.495877" lon="-122.462769">
        <ele>6.897676</ele>
        <time>2022-08-13T20:12:33.998Z</time>
      </trkpt>
      <trkpt lat="37.495782" lon="-122.462750">
        <ele>6.823426</ele>
        <time>2022-08-13T20:12:37.998Z</time>
      </trkpt>
      <trkpt lat="37.495707" lon="-122.462672">
        <ele>6.748368</ele>
        <time>2022-08-13T20:12:40.998Z</time>
      </trkpt>
      <trkpt lat="37.495617" lon="-122.462588">
        <ele>6.661922</ele>
        <time>2022-08-13T20:12:43.998Z</time>
      </trkpt>
      <trkpt lat="37.495522" lon="-122.462488">
        <ele>6.566379</ele>
        <time>2022-08-13T20:12:46.998Z</time>
      </trkpt>
      <trkpt lat="37.495446" lon="-122.462404">
        <ele>6.488351</ele>
        <time>2022-08-13T20:12:48.998Z</time>
      </trkpt>
      <trkpt lat="37.495364" lon="-122.462329">
        <ele>6.410144</ele>
        <time>2022-08-13T20:12:50.998Z</time>
      </trkpt>
      <trkpt lat="37.495289" lon="-122.462248">
        <ele>6.333904</ele>
        <time>2022-08-13T20:12:52.998Z</time>
      </trkpt>
      <trkpt lat="37.495214" lon="-122.462173">
        <ele>6.260001</ele>
        <time>2022-08-13T20:12:54.998Z</time>
      </trkpt>
      <trkpt lat="37.495122" lon="-122.462067">
        <ele>6.163784</ele>
        <time>2022-08-13T20:12:57.998Z</time>
      </trkpt>
      <trkpt lat="37.495035" lon="-122.461978">
        <ele>6.164885</ele>
        <time>2022-08-13T20:13:00.998Z</time>
      </trkpt>
      <trkpt lat="37.494954" lon="-122.461886">
        <ele>6.267914</ele>
        <time>2022-08-13T20:13:03.998Z</time>
      </trkpt>
      <trkpt lat="37.494867" lon="-122.461799">
        <ele>6.372852</ele>
        <time>2022-08-13T20:13:06.998Z</time>
      </trkpt>
      <trkpt lat="37.494774" lon="-122.461706">
        <ele>6.485028</ele>
        <time>2022-08-13T20:13:09.998Z</time>
      </trkpt>
      <trkpt lat="37.494689" lon="-122.461615">
        <ele>6.590409</ele>
        <time>2022-08-13T20:13:12.998Z</time>
      </trkpt>
      <trkpt lat="37.494614" lon="-122.461528">
        <ele>6.686723</ele>
        <time>2022-08-13T20:13:15.998Z</time>
      </trkpt>
      <trkpt lat="37.494535" lon="-122.461437">
        <ele>6.787849</ele>
        <time>2022-08-13T20:13:18.998Z</time>
      </trkpt>
      <trkpt lat="37.494468" lon="-122.461331">
        <ele>6.889452</ele>
        <time>2022-08-13T20:13:21.998Z</time>
      </trkpt>
      <trkpt lat="37.494369" lon="-122.461249">
        <ele>7.001390</ele>
        <time>2022-08-13T20:13:24.998Z</time>
      </trkpt>
      <trkpt lat="37.494283" lon="-122.461152">
        <ele>7.110439</ele>
        <time>2022-08-13T20:13:27.998Z</time>
      </trkpt>
      <trkpt lat="37.494197" lon="-122.461056">
        <ele>7.218990</ele>
        <time>2022-08-13T20:13:30.998Z</time>
      </trkpt>
      <trkpt lat="37.494114" lon="-122.460968">
        <ele>7.321476</ele>
        <time>2022-08-13T20:13:33.998Z</time>
      </trkpt>
      <trkpt lat="37.494028" lon="-122.460877">
        <ele>7.427579</ele>
        <time>2022-08-13T20:13:36.998Z</time>
      </trkpt>
      <trkpt lat="37.493949" lon="-122.460786">
        <ele>7.528706</ele>
        <time>2022-08-13T20:13:39.998Z</time>
      </trkpt>
      <trkpt lat="37.493888" lon="-122.460695">
        <ele>7.618018</ele>
        <time>2022-08-13T20:13:42.998Z</time>
      </trkpt>
      <trkpt lat="37.493831" lon="-122.460567">
        <ele>7.728062</ele>
        <time>2022-08-13T20:13:46.998Z</time>
      </trkpt>
      <trkpt lat="37.493753" lon="-122.460453">
        <ele>7.857601</ele>
        <time>2022-08-13T20:13:50.998Z</time>
      </trkpt>
      <trkpt lat="37.493696" lon="-122.460358">
        <ele>8.007212</ele>
        <time>2022-08-13T20:13:53.998Z</time>
      </trkpt>
      <trkpt lat="37.493636" lon="-122.460243">
        <ele>8.180100</ele>
        <time>2022-08-13T20:13:57.998Z</time>
      </trkpt>
      <trkpt lat="37.493586" lon="-122.460130">
        <ele>8.342622</ele>
        <time>2022-08-13T20:14:02.998Z</time>
      </trkpt>
      <trkpt lat="37.493545" lon="-122.460028">
        <ele>8.486251</ele>
        <time>2022-08-13T20:14:13.998Z</time>
      </trkpt>
      <trkpt lat="37.493586" lon="-122.460147">
        <ele>8.649215</ele>
        <time>2022-08-13T20:14:18.998Z</time>
      </trkpt>
      <trkpt lat="37.493644" lon="-122.460257">
        <ele>8.815117</ele>
        <time>2022-08-13T20:14:21.998Z</time>
      </trkpt>
      <trkpt lat="37.493732" lon="-122.460356">
        <ele>9.001864</ele>
        <time>2022-08-13T20:14:24.998Z</time>
      </trkpt>
      <trkpt lat="37.493819" lon="-122.460460">
        <ele>9.191698</ele>
        <time>2022-08-13T20:14:27.998Z</time>
      </trkpt>
      <trkpt lat="37.493929" lon="-122.460412">
        <ele>9.375989</ele>
        <time>2022-08-13T20:14:30.998Z</time>
      </trkpt>
      <trkpt lat="37.493995" lon="-122.460318">
        <ele>9.533659</ele>
        <time>2022-08-13T20:14:33.998Z</time>
      </trkpt>
      <trkpt lat="37.494159" lon="-122.460109">
        <ele>9.902893</ele>
        <time>2022-08-13T20:15:27.998Z</time>
      </trkpt>
      <trkpt lat="37.494216" lon="-122.460016">
        <ele>10.050508</ele>
        <time>2022-08-13T20:15:30.998Z</time>
      </trkpt>
      <trkpt lat="37.494281" lon="-122.459922">
        <ele>10.207132</ele>
        <time>2022-08-13T20:15:33.998Z</time>
      </trkpt>
      <trkpt lat="37.494357" lon="-122.459837">
        <ele>10.367995</ele>
        <time>2022-08-13T20:15:36.998Z</time>
      </trkpt>
      <trkpt lat="37.494420" lon="-122.459742">
        <ele>10.523520</ele>
        <time>2022-08-13T20:15:39.998Z</time>
      </trkpt>
      <trkpt lat="37.494511" lon="-122.459652">
        <ele>10.751951</ele>
        <time>2022-08-13T20:15:43.998Z</time>
      </trkpt>
      <trkpt lat="37.494590" lon="-122.459551">
        <ele>11.118392</ele>
        <time>2022-08-13T20:15:47.998Z</time>
      </trkpt>
      <trkpt lat="37.494652" lon="-122.459435">
        <ele>11.479762</ele>
        <time>2022-08-13T20:15:51.998Z</time>
      </trkpt>
      <trkpt lat="37.494725" lon="-122.459322">
        <ele>11.856259</ele>
        <time>2022-08-13T20:15:55.998Z</time>
      </trkpt>
      <trkpt lat="37.494800" lon="-122.459231">
        <ele>12.195271</ele>
        <time>2022-08-13T20:15:59.998Z</time>
      </trkpt>
      <trkpt lat="37.494884" lon="-122.459135">
        <ele>12.564521</ele>
        <time>2022-08-13T20:16:03.998Z</time>
      </trkpt>
      <trkpt lat="37.494972" lon="-122.459035">
        <ele>12.950364</ele>
        <time>2022-08-13T20:16:07.998Z</time>
      </trkpt>
      <trkpt lat="37.495055" lon="-122.458928">
        <ele>13.336992</ele>
        <time>2022-08-13T20:16:11.998Z</time>
      </trkpt>
      <trkpt lat="37.495130" lon="-122.458820">
        <ele>13.707817</ele>
        <time>2022-08-13T20:16:15.999Z</time>
      </trkpt>
      <trkpt lat="37.495202" lon="-122.458714">
        <ele>14.068342</ele>
        <time>2022-08-13T20:16:19.999Z</time>
      </trkpt>
      <trkpt lat="37.495270" lon="-122.458618">
        <ele>14.400840</ele>
        <time>2022-08-13T20:16:23.999Z</time>
      </trkpt>
      <trkpt lat="37.495353" lon="-122.458534">
        <ele>14.747474</ele>
        <time>2022-08-13T20:16:27.999Z</time>
      </trkpt>
      <trkpt lat="37.495437" lon="-122.458431">
        <ele>15.129106</ele>
        <time>2022-08-13T20:16:31.999Z</time>
      </trkpt>
      <trkpt lat="37.495517" lon="-122.458327">
        <ele>15.503364</ele>
        <time>2022-08-13T20:16:35.999Z</time>
      </trkpt>
      <trkpt lat="37.495596" lon="-122.458232">
        <ele>15.858929</ele>
        <time>2022-08-13T20:16:39.999Z</time>
      </trkpt>
      <trkpt lat="37.495660" lon="-122.458150">
        <ele>16.156117</ele>
        <time>2022-08-13T20:16:42.999Z</time>
      </trkpt>
      <trkpt lat="37.495745" lon="-122.458053">
        <ele>16.527598</ele>
        <time>2022-08-13T20:16:46.999Z</time>
      </trkpt>
      <trkpt lat="37.495812" lon="-122.457940">
        <ele>16.810445</ele>
        <time>2022-08-13T20:16:50.999Z</time>
      </trkpt>
      <trkpt lat="37.495875" lon="-122.457844">
        <ele>17.060240</ele>
        <time>2022-08-13T20:16:54.999Z</time>
      </trkpt>
      <trkpt lat="37.495921" lon="-122.457739">
        <ele>17.300732</ele>
        <time>2022-08-13T20:16:59.999Z</time>
      </trkpt>
      <trkpt lat="37.495891" lon="-122.457624">
        <ele>17.543454</ele>
        <time>2022-08-13T20:17:03.999Z</time>
      </trkpt>
      <trkpt lat="37.495848" lon="-122.457507">
        <ele>17.801990</ele>
        <time>2022-08-13T20:17:07.999Z</time>
      </trkpt>
      <trkpt lat="37.495797" lon="-122.457376">
        <ele>18.094567</ele>
        <time>2022-08-13T20:17:11.999Z</time>
      </trkpt>
      <trkpt lat="37.495754" lon="-122.457243">
        <ele>18.382527</ele>
        <time>2022-08-13T20:17:15.999Z</time>
      </trkpt>
      <trkpt lat="37.495714" lon="-122.457140">
        <ele>18.612458</ele>
        <time>2022-08-13T20:17:18.999Z</time>
      </trkpt>
      <trkpt lat="37.495665" lon="-122.457006">
        <ele>18.908297</ele>
        <time>2022-08-13T20:17:22.999Z</time>
      </trkpt>
      <trkpt lat="37.495623" lon="-122.456895">
        <ele>19.154870</ele>
        <time>2022-08-13T20:17:25.998Z</time>
      </trkpt>
      <trkpt lat="37.495577" lon="-122.456760">
        <ele>19.449457</ele>
        <time>2022-08-13T20:17:29.998Z</time>
      </trkpt>
      <trkpt lat="37.495521" lon="-122.456626">
        <ele>19.753126</ele>
        <time>2022-08-13T20:17:33.998Z</time>
      </trkpt>
      <trkpt lat="37.495476" lon="-122.456526">
        <ele>19.983635</ele>
        <time>2022-08-13T20:17:36.998Z</time>
      </trkpt>
      <trkpt lat="37.495429" lon="-122.456390">
        <ele>20.281067</ele>
        <time>2022-08-13T20:17:40.998Z</time>
      </trkpt>
      <trkpt lat="37.495392" lon="-122.456278">
        <ele>20.524321</ele>
        <time>2022-08-13T20:17:43.998Z</time>
      </trkpt>
      <trkpt lat="37.495349" lon="-122.456164">
        <ele>20.777412</ele>
        <time>2022-08-13T20:17:46.998Z</time>
      </trkpt>
      <trkpt lat="37.495307" lon="-122.456050">
        <ele>21.029429</ele>
        <time>2022-08-13T20:17:49.998Z</time>
      </trkpt>
      <trkpt lat="37.495280" lon="-122.455931">
        <ele>20.841207</ele>
        <time>2022-08-13T20:17:52.998Z</time>
      </trkpt>
      <trkpt lat="37.495224" lon="-122.455819">
        <ele>20.558170</ele>
        <time>2022-08-13T20:17:57.998Z</time>
      </trkpt>
      <trkpt lat="37.495092" lon="-122.455799">
        <ele>20.199909</ele>
        <time>2022-08-13T20:18:01.999Z</time>
      </trkpt>
      <trkpt lat="37.494987" lon="-122.455851">
        <ele>19.895908</ele>
        <time>2022-08-13T20:18:03.999Z</time>
      </trkpt>
      <trkpt lat="37.494886" lon="-122.455908">
        <ele>19.597706</ele>
        <time>2022-08-13T20:18:05.999Z</time>
      </trkpt>
      <trkpt lat="37.494793" lon="-122.455970">
        <ele>19.314202</ele>
        <time>2022-08-13T20:18:07.999Z</time>
      </trkpt>
      <trkpt lat="37.494689" lon="-122.456037">
        <ele>18.999467</ele>
        <time>2022-08-13T20:18:09.999Z</time>
      </trkpt>
      <trkpt lat="37.494582" lon="-122.456118">
        <ele>18.663125</ele>
        <time>2022-08-13T20:18:11.999Z</time>
      </trkpt>
      <trkpt lat="37.494483" lon="-122.456220">
        <ele>18.318559</ele>
        <time>2022-08-13T20:18:13.999Z</time>
      </trkpt>
      <trkpt lat="37.494394" lon="-122.456339">
        <ele>17.968919</ele>
        <time>2022-08-13T20:18:15.999Z</time>
      </trkpt>
      <trkpt lat="37.494318" lon="-122.456453">
        <ele>17.650568</ele>
        <time>2022-08-13T20:18:17.999Z</time>
      </trkpt>
      <trkpt lat="37.494242" lon="-122.456565">
        <ele>17.335478</ele>
        <time>2022-08-13T20:18:19.999Z</time>
      </trkpt>
      <trkpt lat="37.494165" lon="-122.456683">
        <ele>17.008828</ele>
        <time>2022-08-13T20:18:21.999Z</time>
      </trkpt>
      <trkpt lat="37.494081" lon="-122.456785">
        <ele>16.694513</ele>
        <time>2022-08-13T20:18:23.999Z</time>
      </trkpt>
      <trkpt lat="37.493996" lon="-122.456886">
        <ele>16.379722</ele>
        <time>2022-08-13T20:18:25.999Z</time>
      </trkpt>
      <trkpt lat="37.493898" lon="-122.456966">
        <ele>16.083977</ele>
        <time>2022-08-13T20:18:27.999Z</time>
      </trkpt>
      <trkpt lat="37.493797" lon="-122.457039">
        <ele>15.808585</ele>
        <time>2022-08-13T20:18:29.999Z</time>
      </trkpt>
      <trkpt lat="37.493691" lon="-122.457097">
        <ele>15.535253</ele>
        <time>2022-08-13T20:18:31.999Z</time>
      </trkpt>
      <trkpt lat="37.493611" lon="-122.457164">
        <ele>15.308060</ele>
        <time>2022-08-13T20:18:33.999Z</time>
      </trkpt>
      <trkpt lat="37.493534" lon="-122.457313">
        <ele>14.974349</ele>
        <time>2022-08-13T20:18:36.999Z</time>
      </trkpt>
      <trkpt lat="37.493500" lon="-122.457425">
        <ele>14.749299</ele>
        <time>2022-08-13T20:18:38.999Z</time>
      </trkpt>
      <trkpt lat="37.493437" lon="-122.457578">
        <ele>14.425799</ele>
        <time>2022-08-13T20:18:41.999Z</time>
      </trkpt>
      <trkpt lat="37.493399" lon="-122.457682">
        <ele>14.210920</ele>
        <time>2022-08-13T20:18:43.999Z</time>
      </trkpt>
      <trkpt lat="37.493356" lon="-122.457784">
        <ele>13.994153</ele>
        <time>2022-08-13T20:18:45.999Z</time>
      </trkpt>
      <trkpt lat="37.493312" lon="-122.457888">
        <ele>13.772962</ele>
        <time>2022-08-13T20:18:47.999Z</time>
      </trkpt>
      <trkpt lat="37.493270" lon="-122.457998">
        <ele>13.543865</ele>
        <time>2022-08-13T20:18:49.999Z</time>
      </trkpt>
      <trkpt lat="37.493238" lon="-122.458111">
        <ele>13.318694</ele>
        <time>2022-08-13T20:18:51.999Z</time>
      </trkpt>
      <trkpt lat="37.493218" lon="-122.458236">
        <ele>13.079383</ele>
        <time>2022-08-13T20:18:53.999Z</time>
      </trkpt>
      <trkpt lat="37.493211" lon="-122.458361">
        <ele>12.844211</ele>
        <time>2022-08-13T20:18:55.999Z</time>
      </trkpt>
      <trkpt lat="37.493208" lon="-122.458494">
        <ele>12.594508</ele>
        <time>2022-08-13T20:18:57.999Z</time>
      </trkpt>
      <trkpt lat="37.493205" lon="-122.458616">
        <ele>12.365440</ele>
        <time>2022-08-13T20:18:59.999Z</time>
      </trkpt>
      <trkpt lat="37.493202" lon="-122.458729">
        <ele>12.153254</ele>
        <time>2022-08-13T20:19:01.999Z</time>
      </trkpt>
      <trkpt lat="37.493194" lon="-122.458844">
        <ele>11.942982</ele>
        <time>2022-08-13T20:19:03.999Z</time>
      </trkpt>
      <trkpt lat="37.493198" lon="-122.459013">
        <ele>11.696348</ele>
        <time>2022-08-13T20:19:06.999Z</time>
      </trkpt>
      <trkpt lat="37.493183" lon="-122.459168">
        <ele>11.468571</ele>
        <time>2022-08-13T20:19:09.999Z</time>
      </trkpt>
      <trkpt lat="37.493180" lon="-122.459306">
        <ele>11.267192</ele>
        <time>2022-08-13T20:19:12.999Z</time>
      </trkpt>
      <trkpt lat="37.493174" lon="-122.459434">
        <ele>11.080151</ele>
        <time>2022-08-13T20:19:15.999Z</time>
      </trkpt>
      <trkpt lat="37.493073" lon="-122.459478">
        <ele>10.883682</ele>
        <time>2022-08-13T20:19:19.999Z</time>
      </trkpt>
      <trkpt lat="37.492908" lon="-122.459408">
        <ele>10.563603</ele>
        <time>2022-08-13T20:19:45.999Z</time>
      </trkpt>
      <trkpt lat="37.492846" lon="-122.459324">
        <ele>10.396249</ele>
        <time>2022-08-13T20:19:48.999Z</time>
      </trkpt>
      <trkpt lat="37.492767" lon="-122.459231">
        <ele>10.197504</ele>
        <time>2022-08-13T20:19:51.999Z</time>
      </trkpt>
      <trkpt lat="37.492681" lon="-122.459131">
        <ele>9.982381</ele>
        <time>2022-08-13T20:19:54.999Z</time>
      </trkpt>
      <trkpt lat="37.492590" lon="-122.459021">
        <ele>9.750566</ele>
        <time>2022-08-13T20:19:57.998Z</time>
      </trkpt>
      <trkpt lat="37.492515" lon="-122.458921">
        <ele>9.549837</ele>
        <time>2022-08-13T20:20:01.998Z</time>
      </trkpt>
      <trkpt lat="37.492426" lon="-122.458833">
        <ele>9.341865</ele>
        <time>2022-08-13T20:20:04.998Z</time>
      </trkpt>
      <trkpt lat="37.492359" lon="-122.458722">
        <ele>9.138416</ele>
        <time>2022-08-13T20:20:07.999Z</time>
      </trkpt>
      <trkpt lat="37.492272" lon="-122.458613">
        <ele>8.912882</ele>
        <time>2022-08-13T20:20:10.999Z</time>
      </trkpt>
      <trkpt lat="37.492182" lon="-122.458488">
        <ele>8.666655</ele>
        <time>2022-08-13T20:20:13.999Z</time>
      </trkpt>
      <trkpt lat="37.492109" lon="-122.458410">
        <ele>8.615888</ele>
        <time>2022-08-13T20:20:15.999Z</time>
      </trkpt>
      <trkpt lat="37.491984" lon="-122.458334">
        <ele>8.551184</ele>
        <time>2022-08-13T20:20:18.999Z</time>
      </trkpt>
      <trkpt lat="37.491894" lon="-122.458277">
        <ele>8.504225</ele>
        <time>2022-08-13T20:20:20.999Z</time>
      </trkpt>
      <trkpt lat="37.491814" lon="-122.458205">
        <ele>8.458395</ele>
        <time>2022-08-13T20:20:22.999Z</time>
      </trkpt>
      <trkpt lat="37.491747" lon="-122.458119">
        <ele>8.413811</ele>
        <time>2022-08-13T20:20:24.999Z</time>
      </trkpt>
      <trkpt lat="37.491673" lon="-122.458030">
        <ele>8.366123</ele>
        <time>2022-08-13T20:20:26.999Z</time>
      </trkpt>
      <trkpt lat="37.491615" lon="-122.457924">
        <ele>8.318493</ele>
        <time>2022-08-13T20:20:28.999Z</time>
      </trkpt>
      <trkpt lat="37.491572" lon="-122.457813">
        <ele>8.272800</ele>
        <time>2022-08-13T20:20:30.999Z</time>
      </trkpt>
      <trkpt lat="37.491539" lon="-122.457702">
        <ele>8.228951</ele>
        <time>2022-08-13T20:20:32.999Z</time>
      </trkpt>
      <trkpt lat="37.491459" lon="-122.457601">
        <ele>8.176160</ele>
        <time>2022-08-13T20:20:35.999Z</time>
      </trkpt>
      <trkpt lat="37.491361" lon="-122.457547">
        <ele>8.126295</ele>
        <time>2022-08-13T20:20:38.999Z</time>
      </trkpt>
      <trkpt lat="37.491263" lon="-122.457463">
        <ele>8.071041</ele>
        <time>2022-08-13T20:20:41.999Z</time>
      </trkpt>
      <trkpt lat="37.491151" lon="-122.457382">
        <ele>8.010839</ele>
        <time>2022-08-13T20:20:44.999Z</time>
      </trkpt>
      <trkpt lat="37.491125" lon="-122.457271">
        <ele>7.968026</ele>
        <time>2022-08-13T20:20:46.999Z</time>
      </trkpt>
      <trkpt lat="37.491101" lon="-122.457122">
        <ele>7.911785</ele>
        <time>2022-08-13T20:20:49.999Z</time>
      </trkpt>
      <trkpt lat="37.491022" lon="-122.457020">
        <ele>7.859057</ele>
        <time>2022-08-13T20:20:52.999Z</time>
      </trkpt>
      <trkpt lat="37.490921" lon="-122.456922">
        <ele>7.812155</ele>
        <time>2022-08-13T20:20:55.999Z</time>
      </trkpt>
      <trkpt lat="37.490849" lon="-122.456845">
        <ele>7.795381</ele>
        <time>2022-08-13T20:20:57.999Z</time>
      </trkpt>
      <trkpt lat="37.490768" lon="-122.456777">
        <ele>7.778093</ele>
        <time>2022-08-13T20:20:59.999Z</time>
      </trkpt>
      <trkpt lat="37.490688" lon="-122.456705">
        <ele>7.760631</ele>
        <time>2022-08-13T20:21:01.999Z</time>
      </trkpt>
      <trkpt lat="37.490607" lon="-122.456627">
        <ele>7.742523</ele>
        <time>2022-08-13T20:21:03.999Z</time>
      </trkpt>
      <trkpt lat="37.490517" lon="-122.456557">
        <ele>7.723736</ele>
        <time>2022-08-13T20:21:05.999Z</time>
      </trkpt>
      <trkpt lat="37.490428" lon="-122.456492">
        <ele>7.705464</ele>
        <time>2022-08-13T20:21:07.999Z</time>
      </trkpt>
      <trkpt lat="37.490335" lon="-122.456431">
        <ele>7.686840</ele>
        <time>2022-08-13T20:21:09.999Z</time>
      </trkpt>
      <trkpt lat="37.490248" lon="-122.456368">
        <ele>7.669017</ele>
        <time>2022-08-13T20:21:11.999Z</time>
      </trkpt>
      <trkpt lat="37.490159" lon="-122.456311">
        <ele>7.651283</ele>
        <time>2022-08-13T20:21:13.999Z</time>
      </trkpt>
      <trkpt lat="37.490068" lon="-122.456250">
        <ele>7.632974</ele>
        <time>2022-08-13T20:21:15.999Z</time>
      </trkpt>
      <trkpt lat="37.489979" lon="-122.456185">
        <ele>7.614701</ele>
        <time>2022-08-13T20:21:17.999Z</time>
      </trkpt>
      <trkpt lat="37.489894" lon="-122.456129">
        <ele>7.597664</ele>
        <time>2022-08-13T20:21:19.999Z</time>
      </trkpt>
      <trkpt lat="37.489805" lon="-122.456070">
        <ele>7.579800</ele>
        <time>2022-08-13T20:21:21.999Z</time>
      </trkpt>
      <trkpt lat="37.489717" lon="-122.456009">
        <ele>7.561960</ele>
        <time>2022-08-13T20:21:23.999Z</time>
      </trkpt>
      <trkpt lat="37.489636" lon="-122.455941">
        <ele>7.544671</ele>
        <time>2022-08-13T20:21:25.999Z</time>
      </trkpt>
      <trkpt lat="37.489593" lon="-122.455834">
        <ele>7.527766</ele>
        <time>2022-08-13T20:21:27.999Z</time>
      </trkpt>
      <trkpt lat="37.489610" lon="-122.455713">
        <ele>7.510446</ele>
        <time>2022-08-13T20:21:29.999Z</time>
      </trkpt>
      <trkpt lat="37.489620" lon="-122.455600">
        <ele>7.533721</ele>
        <time>2022-08-13T20:21:31.999Z</time>
      </trkpt>
      <trkpt lat="37.489567" lon="-122.455504">
        <ele>7.626294</ele>
        <time>2022-08-13T20:21:33.999Z</time>
      </trkpt>
      <trkpt lat="37.489461" lon="-122.455394">
        <ele>7.763273</ele>
        <time>2022-08-13T20:21:36.999Z</time>
      </trkpt>
      <trkpt lat="37.489357" lon="-122.455296">
        <ele>7.892816</ele>
        <time>2022-08-13T20:21:39.999Z</time>
      </trkpt>
      <trkpt lat="37.489278" lon="-122.455241">
        <ele>7.982851</ele>
        <time>2022-08-13T20:21:41.999Z</time>
      </trkpt>
      <trkpt lat="37.489200" lon="-122.455179">
        <ele>8.074847</ele>
        <time>2022-08-13T20:21:43.999Z</time>
      </trkpt>
      <trkpt lat="37.489085" lon="-122.455096">
        <ele>8.207050</ele>
        <time>2022-08-13T20:21:46.999Z</time>
      </trkpt>
      <trkpt lat="37.488980" lon="-122.455000">
        <ele>8.336458</ele>
        <time>2022-08-13T20:21:49.999Z</time>
      </trkpt>
      <trkpt lat="37.488900" lon="-122.454937">
        <ele>8.430564</ele>
        <time>2022-08-13T20:21:51.999Z</time>
      </trkpt>
      <trkpt lat="37.488817" lon="-122.454874">
        <ele>8.527222</ele>
        <time>2022-08-13T20:21:53.999Z</time>
      </trkpt>
      <trkpt lat="37.488745" lon="-122.454803">
        <ele>8.618423</ele>
        <time>2022-08-13T20:21:55.999Z</time>
      </trkpt>
      <trkpt lat="37.488644" lon="-122.454699">
        <ele>8.748534</ele>
        <time>2022-08-13T20:21:58.999Z</time>
      </trkpt>
      <trkpt lat="37.488542" lon="-122.454606">
        <ele>8.874125</ele>
        <time>2022-08-13T20:22:01.999Z</time>
      </trkpt>
      <trkpt lat="37.488456" lon="-122.454507">
        <ele>8.990321</ele>
        <time>2022-08-13T20:22:04.999Z</time>
      </trkpt>
      <trkpt lat="37.488361" lon="-122.454426">
        <ele>9.104743</ele>
        <time>2022-08-13T20:22:07.999Z</time>
      </trkpt>
      <trkpt lat="37.488271" lon="-122.454328">
        <ele>9.223397</ele>
        <time>2022-08-13T20:22:10.998Z</time>
      </trkpt>
      <trkpt lat="37.488179" lon="-122.454239">
        <ele>9.327341</ele>
        <time>2022-08-13T20:22:13.999Z</time>
      </trkpt>
      <trkpt lat="37.488095" lon="-122.454155">
        <ele>9.406008</ele>
        <time>2022-08-13T20:22:18.999Z</time>
      </trkpt>
      <trkpt lat="37.488020" lon="-122.454035">
        <ele>9.494929</ele>
        <time>2022-08-13T20:22:23.999Z</time>
      </trkpt>
      <trkpt lat="37.487941" lon="-122.453964">
        <ele>9.566112</ele>
        <time>2022-08-13T20:22:26.999Z</time>
      </trkpt>
      <trkpt lat="37.487860" lon="-122.453896">
        <ele>9.637513</ele>
        <time>2022-08-13T20:22:29.999Z</time>
      </trkpt>
      <trkpt lat="37.487760" lon="-122.453814">
        <ele>9.725037</ele>
        <time>2022-08-13T20:22:32.999Z</time>
      </trkpt>
      <trkpt lat="37.487658" lon="-122.453726">
        <ele>9.815721</ele>
        <time>2022-08-13T20:22:35.999Z</time>
      </trkpt>
      <trkpt lat="37.487549" lon="-122.453631">
        <ele>9.912945</ele>
        <time>2022-08-13T20:22:38.999Z</time>
      </trkpt>
      <trkpt lat="37.487437" lon="-122.453549">
        <ele>10.007970</ele>
        <time>2022-08-13T20:22:41.999Z</time>
      </trkpt>
      <trkpt lat="37.487327" lon="-122.453457">
        <ele>10.104822</ele>
        <time>2022-08-13T20:22:44.999Z</time>
      </trkpt>
      <trkpt lat="37.487217" lon="-122.453373">
        <ele>10.199180</ele>
        <time>2022-08-13T20:22:47.999Z</time>
      </trkpt>
      <trkpt lat="37.487109" lon="-122.453280">
        <ele>10.295140</ele>
        <time>2022-08-13T20:22:50.999Z</time>
      </trkpt>
      <trkpt lat="37.487006" lon="-122.453195">
        <ele>10.385462</ele>
        <time>2022-08-13T20:22:53.999Z</time>
      </trkpt>
      <trkpt lat="37.486909" lon="-122.453157">
        <ele>10.459982</ele>
        <time>2022-08-13T20:22:57.999Z</time>
      </trkpt>
      <trkpt lat="37.486813" lon="-122.453122">
        <ele>10.533298</ele>
        <time>2022-08-13T20:23:01.999Z</time>
      </trkpt>
      <trkpt lat="37.486703" lon="-122.453039">
        <ele>10.624709</ele>
        <time>2022-08-13T20:23:04.999Z</time>
      </trkpt>
      <trkpt lat="37.486594" lon="-122.452944">
        <ele>10.702388</ele>
        <time>2022-08-13T20:23:07.999Z</time>
      </trkpt>
      <trkpt lat="37.486480" lon="-122.452862">
        <ele>10.779326</ele>
        <time>2022-08-13T20:23:10.999Z</time>
      </trkpt>
      <trkpt lat="37.486401" lon="-122.452802">
        <ele>10.833390</ele>
        <time>2022-08-13T20:23:12.999Z</time>
      </trkpt>
      <trkpt lat="37.486325" lon="-122.452739">
        <ele>10.886709</ele>
        <time>2022-08-13T20:23:14.999Z</time>
      </trkpt>
      <trkpt lat="37.486250" lon="-122.452675">
        <ele>10.939799</ele>
        <time>2022-08-13T20:23:16.999Z</time>
      </trkpt>
      <trkpt lat="37.486141" lon="-122.452573">
        <ele>11.019376</ele>
        <time>2022-08-13T20:23:19.999Z</time>
      </trkpt>
      <trkpt lat="37.486061" lon="-122.452514">
        <ele>11.073706</ele>
        <time>2022-08-13T20:23:21.999Z</time>
      </trkpt>
      <trkpt lat="37.485957" lon="-122.452422">
        <ele>11.148183</ele>
        <time>2022-08-13T20:23:24.999Z</time>
      </trkpt>
      <trkpt lat="37.485857" lon="-122.452348">
        <ele>11.216155</ele>
        <time>2022-08-13T20:23:27.999Z</time>
      </trkpt>
      <trkpt lat="37.485767" lon="-122.452269">
        <ele>11.280442</ele>
        <time>2022-08-13T20:23:30.999Z</time>
      </trkpt>
      <trkpt lat="37.485672" lon="-122.452181">
        <ele>11.349550</ele>
        <time>2022-08-13T20:23:34.999Z</time>
      </trkpt>
      <trkpt lat="37.485598" lon="-122.452114">
        <ele>11.402957</ele>
        <time>2022-08-13T20:23:38.999Z</time>
      </trkpt>
      <trkpt lat="37.485538" lon="-122.452019">
        <ele>11.459430</ele>
        <time>2022-08-13T20:23:43.999Z</time>
      </trkpt>
      <trkpt lat="37.485468" lon="-122.451926">
        <ele>11.519049</ele>
        <time>2022-08-13T20:23:51.999Z</time>
      </trkpt>
      <trkpt lat="37.485366" lon="-122.451968">
        <ele>11.581945</ele>
        <time>2022-08-13T20:23:55.999Z</time>
      </trkpt>
      <trkpt lat="37.485321" lon="-122.452085">
        <ele>11.642418</ele>
        <time>2022-08-13T20:23:58.999Z</time>
      </trkpt>
      <trkpt lat="37.485290" lon="-122.452224">
        <ele>11.641544</ele>
        <time>2022-08-13T20:24:01.999Z</time>
      </trkpt>
      <trkpt lat="37.485244" lon="-122.452363">
        <ele>11.595720</ele>
        <time>2022-08-13T20:24:04.999Z</time>
      </trkpt>
      <trkpt lat="37.485160" lon="-122.452449">
        <ele>11.554220</ele>
        <time>2022-08-13T20:24:07.999Z</time>
      </trkpt>
      <trkpt lat="37.485054" lon="-122.452522">
        <ele>11.507902</ele>
        <time>2022-08-13T20:24:10.999Z</time>
      </trkpt>
      <trkpt lat="37.484931" lon="-122.452554">
        <ele>11.459743</ele>
        <time>2022-08-13T20:24:13.999Z</time>
      </trkpt>
      <trkpt lat="37.484812" lon="-122.452539">
        <ele>11.413884</ele>
        <time>2022-08-13T20:24:16.999Z</time>
      </trkpt>
      <trkpt lat="37.484710" lon="-122.452530">
        <ele>11.374677</ele>
        <time>2022-08-13T20:24:19.999Z</time>
      </trkpt>
      <trkpt lat="37.484610" lon="-122.452510">
        <ele>11.335852</ele>
        <time>2022-08-13T20:24:22.999Z</time>
      </trkpt>
      <trkpt lat="37.484508" lon="-122.452493">
        <ele>11.296399</ele>
        <time>2022-08-13T20:24:25.999Z</time>
      </trkpt>
      <trkpt lat="37.484400" lon="-122.452457">
        <ele>11.253563</ele>
        <time>2022-08-13T20:24:28.999Z</time>
      </trkpt>
      <trkpt lat="37.484289" lon="-122.452417">
        <ele>11.209294</ele>
        <time>2022-08-13T20:24:31.999Z</time>
      </trkpt>
      <trkpt lat="37.484181" lon="-122.452377">
        <ele>11.166130</ele>
        <time>2022-08-13T20:24:34.999Z</time>
      </trkpt>
      <trkpt lat="37.484074" lon="-122.452329">
        <ele>11.122578</ele>
        <time>2022-08-13T20:24:37.999Z</time>
      </trkpt>
      <trkpt lat="37.483977" lon="-122.452283">
        <ele>11.082837</ele>
        <time>2022-08-13T20:24:40.999Z</time>
      </trkpt>
      <trkpt lat="37.483872" lon="-122.452239">
        <ele>11.040407</ele>
        <time>2022-08-13T20:24:44.999Z</time>
      </trkpt>
      <trkpt lat="37.483780" lon="-122.452183">
        <ele>11.001230</ele>
        <time>2022-08-13T20:24:59.999Z</time>
      </trkpt>
      <trkpt lat="37.483647" lon="-122.452380">
        <ele>10.989484</ele>
        <time>2022-08-13T20:25:31.999Z</time>
      </trkpt>
      <trkpt lat="37.483698" lon="-122.452485">
        <ele>10.996629</ele>
        <time>2022-08-13T20:25:38.999Z</time>
      </trkpt>
      <trkpt lat="37.483747" lon="-122.452387">
        <ele>11.003351</ele>
        <time>2022-08-13T20:27:16.999Z</time>
      </trkpt>
      <trkpt lat="37.483740" lon="-122.452273">
        <ele>11.009988</ele>
        <time>2022-08-13T20:27:23.999Z</time>
      </trkpt>
      <trkpt lat="37.483516" lon="-122.452062">
        <ele>11.030442</ele>
        <time>2022-08-13T20:28:22.999Z</time>
      </trkpt>
      <trkpt lat="37.483414" lon="-122.452024">
        <ele>11.038222</ele>
        <time>2022-08-13T20:28:25.999Z</time>
      </trkpt>
      <trkpt lat="37.483310" lon="-122.451972">
        <ele>11.046405</ele>
        <time>2022-08-13T20:28:28.999Z</time>
      </trkpt>
      <trkpt lat="37.483210" lon="-122.451919">
        <ele>11.054340</ele>
        <time>2022-08-13T20:28:31.999Z</time>
      </trkpt>
      <trkpt lat="37.483097" lon="-122.451869">
        <ele>11.063099</ele>
        <time>2022-08-13T20:28:34.999Z</time>
      </trkpt>
      <trkpt lat="37.482986" lon="-122.451847">
        <ele>11.071317</ele>
        <time>2022-08-13T20:28:37.999Z</time>
      </trkpt>
      <trkpt lat="37.482866" lon="-122.451886">
        <ele>11.080381</ele>
        <time>2022-08-13T20:28:40.999Z</time>
      </trkpt>
      <trkpt lat="37.482760" lon="-122.451898">
        <ele>11.088166</ele>
        <time>2022-08-13T20:28:43.999Z</time>
      </trkpt>
      <trkpt lat="37.482662" lon="-122.451837">
        <ele>11.096160</ele>
        <time>2022-08-13T20:28:46.999Z</time>
      </trkpt>
      <trkpt lat="37.482586" lon="-122.451758">
        <ele>11.103366</ele>
        <time>2022-08-13T20:28:49.999Z</time>
      </trkpt>
      <trkpt lat="37.482502" lon="-122.451674">
        <ele>11.099843</ele>
        <time>2022-08-13T20:28:52.999Z</time>
      </trkpt>
      <trkpt lat="37.482424" lon="-122.451606">
        <ele>11.018916</ele>
        <time>2022-08-13T20:28:55.999Z</time>
      </trkpt>
      <trkpt lat="37.482328" lon="-122.451573">
        <ele>10.934011</ele>
        <time>2022-08-13T20:28:58.999Z</time>
      </trkpt>
      <trkpt lat="37.482209" lon="-122.451556">
        <ele>10.831824</ele>
        <time>2022-08-13T20:29:02.999Z</time>
      </trkpt>
      <trkpt lat="37.482099" lon="-122.451549">
        <ele>10.737847</ele>
        <time>2022-08-13T20:29:05.999Z</time>
      </trkpt>
      <trkpt lat="37.482009" lon="-122.451531">
        <ele>10.660094</ele>
        <time>2022-08-13T20:29:07.999Z</time>
      </trkpt>
      <trkpt lat="37.481920" lon="-122.451504">
        <ele>10.581985</ele>
        <time>2022-08-13T20:29:09.999Z</time>
      </trkpt>
      <trkpt lat="37.481825" lon="-122.451467">
        <ele>10.497143</ele>
        <time>2022-08-13T20:29:11.999Z</time>
      </trkpt>
      <trkpt lat="37.481713" lon="-122.451424">
        <ele>10.397243</ele>
        <time>2022-08-13T20:29:14.999Z</time>
      </trkpt>
      <trkpt lat="37.481617" lon="-122.451386">
        <ele>10.311385</ele>
        <time>2022-08-13T20:29:17.999Z</time>
      </trkpt>
      <trkpt lat="37.481513" lon="-122.451317">
        <ele>10.211100</ele>
        <time>2022-08-13T20:29:20.999Z</time>
      </trkpt>
      <trkpt lat="37.481428" lon="-122.451259">
        <ele>10.128624</ele>
        <time>2022-08-13T20:29:23.999Z</time>
      </trkpt>
      <trkpt lat="37.481346" lon="-122.451179">
        <ele>10.040140</ele>
        <time>2022-08-13T20:29:28.999Z</time>
      </trkpt>
      <trkpt lat="37.481214" lon="-122.451165">
        <ele>9.927113</ele>
        <time>2022-08-13T20:30:38.999Z</time>
      </trkpt>
      <trkpt lat="37.481113" lon="-122.451196">
        <ele>9.838415</ele>
        <time>2022-08-13T20:30:46.999Z</time>
      </trkpt>
      <trkpt lat="37.481020" lon="-122.451215">
        <ele>9.758027</ele>
        <time>2022-08-13T20:30:53.999Z</time>
      </trkpt>
      <trkpt lat="37.481115" lon="-122.451170">
        <ele>9.671431</ele>
        <time>2022-08-13T20:34:12.999Z</time>
      </trkpt>
      <trkpt lat="37.481211" lon="-122.451142">
        <ele>9.587354</ele>
        <time>2022-08-13T20:34:21.999Z</time>
      </trkpt>
      <trkpt lat="37.481302" lon="-122.451167">
        <ele>9.608521</ele>
        <time>2022-08-13T20:34:30.999Z</time>
      </trkpt>
      <trkpt lat="37.481356" lon="-122.451066">
        <ele>9.648570</ele>
        <time>2022-08-13T20:34:40.999Z</time>
      </trkpt>
      <trkpt lat="37.481435" lon="-122.450982">
        <ele>9.691404</ele>
        <time>2022-08-13T20:34:45.999Z</time>
      </trkpt>
      <trkpt lat="37.481514" lon="-122.450927">
        <ele>9.728806</ele>
        <time>2022-08-13T20:34:55.999Z</time>
      </trkpt>
      <trkpt lat="37.481608" lon="-122.450849">
        <ele>9.775447</ele>
        <time>2022-08-13T20:35:02.999Z</time>
      </trkpt>
      <trkpt lat="37.481686" lon="-122.450755">
        <ele>9.820172</ele>
        <time>2022-08-13T20:35:07.999Z</time>
      </trkpt>
      <trkpt lat="37.481734" lon="-122.450645">
        <ele>9.861453</ele>
        <time>2022-08-13T20:35:11.999Z</time>
      </trkpt>
      <trkpt lat="37.481793" lon="-122.450534">
        <ele>9.905387</ele>
        <time>2022-08-13T20:35:16.999Z</time>
      </trkpt>
      <trkpt lat="37.481838" lon="-122.450432">
        <ele>9.943765</ele>
        <time>2022-08-13T20:35:20.999Z</time>
      </trkpt>
      <trkpt lat="37.481886" lon="-122.450333">
        <ele>9.981917</ele>
        <time>2022-08-13T20:35:24.999Z</time>
      </trkpt>
      <trkpt lat="37.481941" lon="-122.450207">
        <ele>10.029207</ele>
        <time>2022-08-13T20:35:28.999Z</time>
      </trkpt>
      <trkpt lat="37.481988" lon="-122.450111">
        <ele>10.066301</ele>
        <time>2022-08-13T20:35:31.999Z</time>
      </trkpt>
      <trkpt lat="37.482043" lon="-122.450003">
        <ele>10.108500</ele>
        <time>2022-08-13T20:35:35.999Z</time>
      </trkpt>
      <trkpt lat="37.482105" lon="-122.449887">
        <ele>10.154492</ele>
        <time>2022-08-13T20:35:39.999Z</time>
      </trkpt>
      <trkpt lat="37.482054" lon="-122.449771">
        <ele>10.198102</ele>
        <time>2022-08-13T20:35:44.999Z</time>
      </trkpt>
      <trkpt lat="37.481950" lon="-122.449740">
        <ele>10.242389</ele>
        <time>2022-08-13T20:35:49.999Z</time>
      </trkpt>
      <trkpt lat="37.481863" lon="-122.449703">
        <ele>10.280440</ele>
        <time>2022-08-13T20:35:53.999Z</time>
      </trkpt>
      <trkpt lat="37.481765" lon="-122.449670">
        <ele>10.322694</ele>
        <time>2022-08-13T20:35:56.999Z</time>
      </trkpt>
      <trkpt lat="37.481655" lon="-122.449655">
        <ele>10.375223</ele>
        <time>2022-08-13T20:35:59.999Z</time>
      </trkpt>
      <trkpt lat="37.481545" lon="-122.449653">
        <ele>10.427453</ele>
        <time>2022-08-13T20:36:02.999Z</time>
      </trkpt>
      <trkpt lat="37.481446" lon="-122.449644">
        <ele>10.474577</ele>
        <time>2022-08-13T20:36:05.999Z</time>
      </trkpt>
      <trkpt lat="37.481344" lon="-122.449619">
        <ele>10.523910</ele>
        <time>2022-08-13T20:36:08.999Z</time>
      </trkpt>
      <trkpt lat="37.481256" lon="-122.449553">
        <ele>10.572530</ele>
        <time>2022-08-13T20:36:11.999Z</time>
      </trkpt>
      <trkpt lat="37.481182" lon="-122.449473">
        <ele>10.618819</ele>
        <time>2022-08-13T20:36:14.999Z</time>
      </trkpt>
      <trkpt lat="37.481113" lon="-122.449380">
        <ele>10.666786</ele>
        <time>2022-08-13T20:36:17.999Z</time>
      </trkpt>
      <trkpt lat="37.481042" lon="-122.449288">
        <ele>10.715135</ele>
        <time>2022-08-13T20:36:21.000Z</time>
      </trkpt>
      <trkpt lat="37.480966" lon="-122.449207">
        <ele>10.762392</ele>
        <time>2022-08-13T20:36:23.999Z</time>
      </trkpt>
      <trkpt lat="37.480873" lon="-122.449149">
        <ele>10.811657</ele>
        <time>2022-08-13T20:36:26.999Z</time>
      </trkpt>
      <trkpt lat="37.480764" lon="-122.449120">
        <ele>10.864547</ele>
        <time>2022-08-13T20:36:29.999Z</time>
      </trkpt>
      <trkpt lat="37.480640" lon="-122.449146">
        <ele>10.924228</ele>
        <time>2022-08-13T20:36:32.999Z</time>
      </trkpt>
      <trkpt lat="37.480548" lon="-122.449158">
        <ele>10.968140</ele>
        <time>2022-08-13T20:36:34.999Z</time>
      </trkpt>
      <trkpt lat="37.480425" lon="-122.449205">
        <ele>11.029162</ele>
        <time>2022-08-13T20:36:37.999Z</time>
      </trkpt>
      <trkpt lat="37.480304" lon="-122.449262">
        <ele>11.090491</ele>
        <time>2022-08-13T20:36:40.999Z</time>
      </trkpt>
      <trkpt lat="37.480191" lon="-122.449330">
        <ele>11.149943</ele>
        <time>2022-08-13T20:36:43.999Z</time>
      </trkpt>
      <trkpt lat="37.480085" lon="-122.449384">
        <ele>11.122934</ele>
        <time>2022-08-13T20:36:46.999Z</time>
      </trkpt>
      <trkpt lat="37.479973" lon="-122.449404">
        <ele>11.027663</ele>
        <time>2022-08-13T20:36:49.999Z</time>
      </trkpt>
      <trkpt lat="37.479870" lon="-122.449367">
        <ele>10.937459</ele>
        <time>2022-08-13T20:36:52.999Z</time>
      </trkpt>
      <trkpt lat="37.479774" lon="-122.449302">
        <ele>10.845674</ele>
        <time>2022-08-13T20:36:55.999Z</time>
      </trkpt>
      <trkpt lat="37.479687" lon="-122.449219">
        <ele>10.753770</ele>
        <time>2022-08-13T20:36:58.999Z</time>
      </trkpt>
      <trkpt lat="37.479603" lon="-122.449118">
        <ele>10.655986</ele>
        <time>2022-08-13T20:37:01.999Z</time>
      </trkpt>
      <trkpt lat="37.479514" lon="-122.449032">
        <ele>10.561527</ele>
        <time>2022-08-13T20:37:04.999Z</time>
      </trkpt>
      <trkpt lat="37.479420" lon="-122.448962">
        <ele>10.469568</ele>
        <time>2022-08-13T20:37:07.999Z</time>
      </trkpt>
      <trkpt lat="37.479345" lon="-122.448887">
        <ele>10.388928</ele>
        <time>2022-08-13T20:37:10.999Z</time>
      </trkpt>
      <trkpt lat="37.479268" lon="-122.448821">
        <ele>10.310497</ele>
        <time>2022-08-13T20:37:13.999Z</time>
      </trkpt>
      <trkpt lat="37.479176" lon="-122.448757">
        <ele>10.221990</ele>
        <time>2022-08-13T20:37:16.999Z</time>
      </trkpt>
      <trkpt lat="37.479068" lon="-122.448716">
        <ele>10.126992</ele>
        <time>2022-08-13T20:37:19.999Z</time>
      </trkpt>
      <trkpt lat="37.478956" lon="-122.448667">
        <ele>10.027141</ele>
        <time>2022-08-13T20:37:22.999Z</time>
      </trkpt>
      <trkpt lat="37.478842" lon="-122.448617">
        <ele>9.925478</ele>
        <time>2022-08-13T20:37:25.999Z</time>
      </trkpt>
      <trkpt lat="37.478730" lon="-122.448571">
        <ele>9.826266</ele>
        <time>2022-08-13T20:37:28.999Z</time>
      </trkpt>
      <trkpt lat="37.478633" lon="-122.448529">
        <ele>9.739883</ele>
        <time>2022-08-13T20:37:31.999Z</time>
      </trkpt>
      <trkpt lat="37.478542" lon="-122.448472">
        <ele>9.655217</ele>
        <time>2022-08-13T20:37:34.999Z</time>
      </trkpt>
      <trkpt lat="37.478460" lon="-122.448406">
        <ele>9.586358</ele>
        <time>2022-08-13T20:37:37.999Z</time>
      </trkpt>
      <trkpt lat="37.478382" lon="-122.448324">
        <ele>9.514470</ele>
        <time>2022-08-13T20:37:40.999Z</time>
      </trkpt>
      <trkpt lat="37.478318" lon="-122.448239">
        <ele>9.448666</ele>
        <time>2022-08-13T20:37:43.999Z</time>
      </trkpt>
      <trkpt lat="37.478250" lon="-122.448162">
        <ele>9.383967</ele>
        <time>2022-08-13T20:37:46.999Z</time>
      </trkpt>
      <trkpt lat="37.478155" lon="-122.448075">
        <ele>9.300856</ele>
        <time>2022-08-13T20:37:50.999Z</time>
      </trkpt>
      <trkpt lat="37.478071" lon="-122.448006">
        <ele>9.229895</ele>
        <time>2022-08-13T20:37:53.999Z</time>
      </trkpt>
      <trkpt lat="37.477981" lon="-122.447929">
        <ele>9.152909</ele>
        <time>2022-08-13T20:37:56.999Z</time>
      </trkpt>
      <trkpt lat="37.477888" lon="-122.447863">
        <ele>9.077373</ele>
        <time>2022-08-13T20:37:59.999Z</time>
      </trkpt>
      <trkpt lat="37.477791" lon="-122.447794">
        <ele>8.998544</ele>
        <time>2022-08-13T20:38:02.999Z</time>
      </trkpt>
      <trkpt lat="37.477699" lon="-122.447720">
        <ele>8.921303</ele>
        <time>2022-08-13T20:38:05.999Z</time>
      </trkpt>
      <trkpt lat="37.477605" lon="-122.447657">
        <ele>8.845955</ele>
        <time>2022-08-13T20:38:08.999Z</time>
      </trkpt>
      <trkpt lat="37.477511" lon="-122.447595">
        <ele>8.770870</ele>
        <time>2022-08-13T20:38:11.999Z</time>
      </trkpt>
      <trkpt lat="37.477409" lon="-122.447570">
        <ele>8.697332</ele>
        <time>2022-08-13T20:38:14.999Z</time>
      </trkpt>
      <trkpt lat="37.477309" lon="-122.447559">
        <ele>8.626293</ele>
        <time>2022-08-13T20:38:17.999Z</time>
      </trkpt>
      <trkpt lat="37.477203" lon="-122.447577">
        <ele>8.550600</ele>
        <time>2022-08-13T20:38:20.998Z</time>
      </trkpt>
      <trkpt lat="37.477098" lon="-122.447610">
        <ele>8.474015</ele>
        <time>2022-08-13T20:38:23.998Z</time>
      </trkpt>
      <trkpt lat="37.476994" lon="-122.447651">
        <ele>8.396897</ele>
        <time>2022-08-13T20:38:26.998Z</time>
      </trkpt>
      <trkpt lat="37.476879" lon="-122.447681">
        <ele>8.335617</ele>
        <time>2022-08-13T20:38:29.998Z</time>
      </trkpt>
      <trkpt lat="37.476764" lon="-122.447674">
        <ele>8.278373</ele>
        <time>2022-08-13T20:38:32.998Z</time>
      </trkpt>
      <trkpt lat="37.476651" lon="-122.447629">
        <ele>8.219451</ele>
        <time>2022-08-13T20:38:35.998Z</time>
      </trkpt>
      <trkpt lat="37.476550" lon="-122.447553">
        <ele>8.160962</ele>
        <time>2022-08-13T20:38:38.998Z</time>
      </trkpt>
      <trkpt lat="37.476479" lon="-122.447483">
        <ele>8.116140</ele>
        <time>2022-08-13T20:38:41.998Z</time>
      </trkpt>
      <trkpt lat="37.476407" lon="-122.447411">
        <ele>8.070439</ele>
        <time>2022-08-13T20:38:44.998Z</time>
      </trkpt>
      <trkpt lat="37.476304" lon="-122.447336">
        <ele>8.011292</ele>
        <time>2022-08-13T20:38:47.998Z</time>
      </trkpt>
      <trkpt lat="37.476201" lon="-122.447269">
        <ele>7.953660</ele>
        <time>2022-08-13T20:38:50.998Z</time>
      </trkpt>
      <trkpt lat="37.476098" lon="-122.447206">
        <ele>7.896735</ele>
        <time>2022-08-13T20:38:53.998Z</time>
      </trkpt>
      <trkpt lat="37.475995" lon="-122.447143">
        <ele>7.839809</ele>
        <time>2022-08-13T20:38:56.998Z</time>
      </trkpt>
      <trkpt lat="37.475898" lon="-122.447077">
        <ele>7.784999</ele>
        <time>2022-08-13T20:38:59.998Z</time>
      </trkpt>
      <trkpt lat="37.475798" lon="-122.447012">
        <ele>7.729054</ele>
        <time>2022-08-13T20:39:02.999Z</time>
      </trkpt>
      <trkpt lat="37.475692" lon="-122.446937">
        <ele>7.668612</ele>
        <time>2022-08-13T20:39:05.999Z</time>
      </trkpt>
      <trkpt lat="37.475588" lon="-122.446833">
        <ele>7.602598</ele>
        <time>2022-08-13T20:39:08.999Z</time>
      </trkpt>
      <trkpt lat="37.475478" lon="-122.446742">
        <ele>7.537173</ele>
        <time>2022-08-13T20:39:11.999Z</time>
      </trkpt>
      <trkpt lat="37.475372" lon="-122.446672">
        <ele>7.487192</ele>
        <time>2022-08-13T20:39:14.999Z</time>
      </trkpt>
      <trkpt lat="37.475274" lon="-122.446614">
        <ele>7.467002</ele>
        <time>2022-08-13T20:39:17.999Z</time>
      </trkpt>
      <trkpt lat="37.475177" lon="-122.446553">
        <ele>7.446787</ele>
        <time>2022-08-13T20:39:20.999Z</time>
      </trkpt>
      <trkpt lat="37.475073" lon="-122.446486">
        <ele>7.425006</ele>
        <time>2022-08-13T20:39:23.999Z</time>
      </trkpt>
      <trkpt lat="37.474985" lon="-122.446461">
        <ele>7.408184</ele>
        <time>2022-08-13T20:39:25.999Z</time>
      </trkpt>
      <trkpt lat="37.474898" lon="-122.446424">
        <ele>7.391062</ele>
        <time>2022-08-13T20:39:27.999Z</time>
      </trkpt>
      <trkpt lat="37.474814" lon="-122.446378">
        <ele>7.373983</ele>
        <time>2022-08-13T20:39:29.999Z</time>
      </trkpt>
      <trkpt lat="37.474696" lon="-122.446321">
        <ele>7.350418</ele>
        <time>2022-08-13T20:39:32.999Z</time>
      </trkpt>
      <trkpt lat="37.474596" lon="-122.446263">
        <ele>7.329890</ele>
        <time>2022-08-13T20:39:35.999Z</time>
      </trkpt>
      <trkpt lat="37.474501" lon="-122.446212">
        <ele>7.310634</ele>
        <time>2022-08-13T20:39:38.999Z</time>
      </trkpt>
      <trkpt lat="37.474403" lon="-122.446162">
        <ele>7.290918</ele>
        <time>2022-08-13T20:39:41.999Z</time>
      </trkpt>
      <trkpt lat="37.474300" lon="-122.446104">
        <ele>7.269881</ele>
        <time>2022-08-13T20:39:44.999Z</time>
      </trkpt>
      <trkpt lat="37.474192" lon="-122.446054">
        <ele>7.248426</ele>
        <time>2022-08-13T20:39:47.999Z</time>
      </trkpt>
      <trkpt lat="37.474095" lon="-122.446015">
        <ele>7.229439</ele>
        <time>2022-08-13T20:39:50.999Z</time>
      </trkpt>
      <trkpt lat="37.474003" lon="-122.446014">
        <ele>7.212283</ele>
        <time>2022-08-13T20:39:53.999Z</time>
      </trkpt>
      <trkpt lat="37.473923" lon="-122.446077">
        <ele>7.194691</ele>
        <time>2022-08-13T20:39:56.999Z</time>
      </trkpt>
      <trkpt lat="37.473842" lon="-122.446173">
        <ele>7.173955</ele>
        <time>2022-08-13T20:40:01.999Z</time>
      </trkpt>
      <trkpt lat="37.473755" lon="-122.446276">
        <ele>7.181419</ele>
        <time>2022-08-13T20:40:05.999Z</time>
      </trkpt>
      <trkpt lat="37.473684" lon="-122.446360">
        <ele>7.256134</ele>
        <time>2022-08-13T20:40:08.999Z</time>
      </trkpt>
      <trkpt lat="37.473607" lon="-122.446463">
        <ele>7.342285</ele>
        <time>2022-08-13T20:40:12.998Z</time>
      </trkpt>
      <trkpt lat="37.473525" lon="-122.446545">
        <ele>7.422595</ele>
        <time>2022-08-13T20:40:15.998Z</time>
      </trkpt>
      <trkpt lat="37.473441" lon="-122.446615">
        <ele>7.499854</ele>
        <time>2022-08-13T20:40:18.998Z</time>
      </trkpt>
      <trkpt lat="37.473372" lon="-122.446695">
        <ele>7.571787</ele>
        <time>2022-08-13T20:40:21.998Z</time>
      </trkpt>
      <trkpt lat="37.473290" lon="-122.446777">
        <ele>7.652098</ele>
        <time>2022-08-13T20:40:24.998Z</time>
      </trkpt>
      <trkpt lat="37.473201" lon="-122.446868">
        <ele>7.740026</ele>
        <time>2022-08-13T20:40:27.998Z</time>
      </trkpt>
      <trkpt lat="37.473119" lon="-122.446952">
        <ele>7.821099</ele>
        <time>2022-08-13T20:40:30.998Z</time>
      </trkpt>
      <trkpt lat="37.473023" lon="-122.446968">
        <ele>7.895388</ele>
        <time>2022-08-13T20:40:33.998Z</time>
      </trkpt>
      <trkpt lat="37.472913" lon="-122.446919">
        <ele>7.984893</ele>
        <time>2022-08-13T20:40:36.998Z</time>
      </trkpt>
      <trkpt lat="37.472834" lon="-122.446828">
        <ele>8.067007</ele>
        <time>2022-08-13T20:40:39.998Z</time>
      </trkpt>
      <trkpt lat="37.472763" lon="-122.446715">
        <ele>8.154757</ele>
        <time>2022-08-13T20:40:42.998Z</time>
      </trkpt>
      <trkpt lat="37.472676" lon="-122.446622">
        <ele>8.242283</ele>
        <time>2022-08-13T20:40:45.998Z</time>
      </trkpt>
      <trkpt lat="37.472582" lon="-122.446551">
        <ele>8.326360</ele>
        <time>2022-08-13T20:40:48.998Z</time>
      </trkpt>
      <trkpt lat="37.472489" lon="-122.446478">
        <ele>8.410417</ele>
        <time>2022-08-13T20:40:51.998Z</time>
      </trkpt>
      <trkpt lat="37.472401" lon="-122.446407">
        <ele>8.490581</ele>
        <time>2022-08-13T20:40:54.998Z</time>
      </trkpt>
      <trkpt lat="37.472306" lon="-122.446338">
        <ele>8.549649</ele>
        <time>2022-08-13T20:40:57.998Z</time>
      </trkpt>
      <trkpt lat="37.472208" lon="-122.446276">
        <ele>8.577357</ele>
        <time>2022-08-13T20:41:00.998Z</time>
      </trkpt>
      <trkpt lat="37.472117" lon="-122.446222">
        <ele>8.602772</ele>
        <time>2022-08-13T20:41:03.998Z</time>
      </trkpt>
      <trkpt lat="37.472017" lon="-122.446201">
        <ele>8.628388</ele>
        <time>2022-08-13T20:41:06.999Z</time>
      </trkpt>
      <trkpt lat="37.471901" lon="-122.446173">
        <ele>8.658231</ele>
        <time>2022-08-13T20:41:10.999Z</time>
      </trkpt>
      <trkpt lat="37.471805" lon="-122.446140">
        <ele>8.683374</ele>
        <time>2022-08-13T20:41:13.999Z</time>
      </trkpt>
      <trkpt lat="37.471713" lon="-122.446118">
        <ele>8.707035</ele>
        <time>2022-08-13T20:41:16.999Z</time>
      </trkpt>
      <trkpt lat="37.471618" lon="-122.446090">
        <ele>8.731687</ele>
        <time>2022-08-13T20:41:19.999Z</time>
      </trkpt>
      <trkpt lat="37.471519" lon="-122.446061">
        <ele>8.757369</ele>
        <time>2022-08-13T20:41:22.999Z</time>
      </trkpt>
      <trkpt lat="37.471419" lon="-122.446032">
        <ele>8.783297</ele>
        <time>2022-08-13T20:41:25.999Z</time>
      </trkpt>
      <trkpt lat="37.471316" lon="-122.446003">
        <ele>8.809964</ele>
        <time>2022-08-13T20:41:28.999Z</time>
      </trkpt>
      <trkpt lat="37.471214" lon="-122.445976">
        <ele>8.836299</ele>
        <time>2022-08-13T20:41:31.999Z</time>
      </trkpt>
      <trkpt lat="37.471124" lon="-122.445931">
        <ele>8.860765</ele>
        <time>2022-08-13T20:41:34.999Z</time>
      </trkpt>
      <trkpt lat="37.471042" lon="-122.445869">
        <ele>8.884928</ele>
        <time>2022-08-13T20:41:37.999Z</time>
      </trkpt>
      <trkpt lat="37.470964" lon="-122.445786">
        <ele>8.910725</ele>
        <time>2022-08-13T20:41:41.999Z</time>
      </trkpt>
      <trkpt lat="37.470890" lon="-122.445684">
        <ele>8.938438</ele>
        <time>2022-08-13T20:41:45.999Z</time>
      </trkpt>
      <trkpt lat="37.470811" lon="-122.445614">
        <ele>8.962841</ele>
        <time>2022-08-13T20:41:49.999Z</time>
      </trkpt>
      <trkpt lat="37.470698" lon="-122.445593">
        <ele>8.991702</ele>
        <time>2022-08-13T20:41:53.999Z</time>
      </trkpt>
      <trkpt lat="37.470587" lon="-122.445598">
        <ele>9.080377</ele>
        <time>2022-08-13T20:41:57.999Z</time>
      </trkpt>
      <trkpt lat="37.470470" lon="-122.445615">
        <ele>9.174661</ele>
        <time>2022-08-13T20:42:01.999Z</time>
      </trkpt>
      <trkpt lat="37.470373" lon="-122.445630">
        <ele>9.252896</ele>
        <time>2022-08-13T20:42:04.999Z</time>
      </trkpt>
      <trkpt lat="37.470268" lon="-122.445626">
        <ele>9.336992</ele>
        <time>2022-08-13T20:42:07.999Z</time>
      </trkpt>
      <trkpt lat="37.470180" lon="-122.445604">
        <ele>9.408813</ele>
        <time>2022-08-13T20:42:10.999Z</time>
      </trkpt>
      <trkpt lat="37.470064" lon="-122.445563">
        <ele>9.505261</ele>
        <time>2022-08-13T20:42:14.999Z</time>
      </trkpt>
      <trkpt lat="37.469967" lon="-122.445531">
        <ele>9.585531</ele>
        <time>2022-08-13T20:42:17.999Z</time>
      </trkpt>
      <trkpt lat="37.469872" lon="-122.445498">
        <ele>9.664420</ele>
        <time>2022-08-13T20:42:20.999Z</time>
      </trkpt>
      <trkpt lat="37.469776" lon="-122.445460">
        <ele>9.744975</ele>
        <time>2022-08-13T20:42:23.999Z</time>
      </trkpt>
      <trkpt lat="37.469677" lon="-122.445418">
        <ele>9.828601</ele>
        <time>2022-08-13T20:42:26.999Z</time>
      </trkpt>
      <trkpt lat="37.469580" lon="-122.445383">
        <ele>9.909375</ele>
        <time>2022-08-13T20:42:29.998Z</time>
      </trkpt>
      <trkpt lat="37.469483" lon="-122.445347">
        <ele>9.990327</ele>
        <time>2022-08-13T20:42:32.998Z</time>
      </trkpt>
      <trkpt lat="37.469391" lon="-122.445319">
        <ele>10.066095</ele>
        <time>2022-08-13T20:42:35.998Z</time>
      </trkpt>
      <trkpt lat="37.469294" lon="-122.445285">
        <ele>10.146696</ele>
        <time>2022-08-13T20:42:38.998Z</time>
      </trkpt>
      <trkpt lat="37.469202" lon="-122.445256">
        <ele>10.222616</ele>
        <time>2022-08-13T20:42:41.998Z</time>
      </trkpt>
      <trkpt lat="37.469104" lon="-122.445216">
        <ele>10.305083</ele>
        <time>2022-08-13T20:42:44.998Z</time>
      </trkpt>
      <trkpt lat="37.469005" lon="-122.445184">
        <ele>10.386903</ele>
        <time>2022-08-13T20:42:47.998Z</time>
      </trkpt>
      <trkpt lat="37.468909" lon="-122.445144">
        <ele>10.471168</ele>
        <time>2022-08-13T20:42:50.998Z</time>
      </trkpt>
      <trkpt lat="37.468813" lon="-122.445116">
        <ele>10.557295</ele>
        <time>2022-08-13T20:42:53.998Z</time>
      </trkpt>
      <trkpt lat="37.468723" lon="-122.445083">
        <ele>10.639223</ele>
        <time>2022-08-13T20:42:56.998Z</time>
      </trkpt>
      <trkpt lat="37.468634" lon="-122.445059">
        <ele>10.718775</ele>
        <time>2022-08-13T20:42:59.998Z</time>
      </trkpt>
      <trkpt lat="37.468530" lon="-122.445023">
        <ele>10.813045</ele>
        <time>2022-08-13T20:43:03.998Z</time>
      </trkpt>
      <trkpt lat="37.468421" lon="-122.444979">
        <ele>10.913086</ele>
        <time>2022-08-13T20:43:08.998Z</time>
      </trkpt>
      <trkpt lat="37.468330" lon="-122.444946">
        <ele>10.995854</ele>
        <time>2022-08-13T20:43:11.998Z</time>
      </trkpt>
      <trkpt lat="37.468233" lon="-122.444929">
        <ele>11.081453</ele>
        <time>2022-08-13T20:43:14.999Z</time>
      </trkpt>
      <trkpt lat="37.468128" lon="-122.444896">
        <ele>11.176040</ele>
        <time>2022-08-13T20:43:17.999Z</time>
      </trkpt>
      <trkpt lat="37.468012" lon="-122.444846">
        <ele>11.283199</ele>
        <time>2022-08-13T20:43:20.999Z</time>
      </trkpt>
      <trkpt lat="37.467918" lon="-122.444809">
        <ele>11.369276</ele>
        <time>2022-08-13T20:43:23.999Z</time>
      </trkpt>
      <trkpt lat="37.467807" lon="-122.444778">
        <ele>11.468650</ele>
        <time>2022-08-13T20:43:27.999Z</time>
      </trkpt>
      <trkpt lat="37.467692" lon="-122.444740">
        <ele>11.572565</ele>
        <time>2022-08-13T20:43:31.999Z</time>
      </trkpt>
      <trkpt lat="37.467594" lon="-122.444747">
        <ele>11.658360</ele>
        <time>2022-08-13T20:43:34.999Z</time>
      </trkpt>
      <trkpt lat="37.467480" lon="-122.444737">
        <ele>11.758242</ele>
        <time>2022-08-13T20:43:38.999Z</time>
      </trkpt>
      <trkpt lat="37.467371" lon="-122.444703">
        <ele>11.856390</ele>
        <time>2022-08-13T20:43:42.999Z</time>
      </trkpt>
      <trkpt lat="37.467253" lon="-122.444656">
        <ele>11.964559</ele>
        <time>2022-08-13T20:43:46.999Z</time>
      </trkpt>
      <trkpt lat="37.467154" lon="-122.444616">
        <ele>12.098191</ele>
        <time>2022-08-13T20:43:49.999Z</time>
      </trkpt>
      <trkpt lat="37.467052" lon="-122.444588">
        <ele>12.265014</ele>
        <time>2022-08-13T20:43:52.999Z</time>
      </trkpt>
      <trkpt lat="37.466946" lon="-122.444533">
        <ele>12.448208</ele>
        <time>2022-08-13T20:43:56.999Z</time>
      </trkpt>
      <trkpt lat="37.466833" lon="-122.444504">
        <ele>12.632493</ele>
        <time>2022-08-13T20:44:00.999Z</time>
      </trkpt>
      <trkpt lat="37.466715" lon="-122.444482">
        <ele>12.823115</ele>
        <time>2022-08-13T20:44:04.999Z</time>
      </trkpt>
      <trkpt lat="37.466605" lon="-122.444467">
        <ele>12.999925</ele>
        <time>2022-08-13T20:44:07.999Z</time>
      </trkpt>
      <trkpt lat="37.466504" lon="-122.444466">
        <ele>13.161331</ele>
        <time>2022-08-13T20:44:10.999Z</time>
      </trkpt>
      <trkpt lat="37.466410" lon="-122.444455">
        <ele>13.312192</ele>
        <time>2022-08-13T20:44:13.999Z</time>
      </trkpt>
      <trkpt lat="37.466317" lon="-122.444449">
        <ele>13.461004</ele>
        <time>2022-08-13T20:44:16.999Z</time>
      </trkpt>
      <trkpt lat="37.466219" lon="-122.444456">
        <ele>13.617863</ele>
        <time>2022-08-13T20:44:19.999Z</time>
      </trkpt>
      <trkpt lat="37.466124" lon="-122.444463">
        <ele>13.769935</ele>
        <time>2022-08-13T20:44:22.999Z</time>
      </trkpt>
      <trkpt lat="37.466032" lon="-122.444464">
        <ele>13.916960</ele>
        <time>2022-08-13T20:44:25.999Z</time>
      </trkpt>
      <trkpt lat="37.465937" lon="-122.444464">
        <ele>14.068773</ele>
        <time>2022-08-13T20:44:28.999Z</time>
      </trkpt>
      <trkpt lat="37.465829" lon="-122.444482">
        <ele>14.242864</ele>
        <time>2022-08-13T20:44:31.998Z</time>
      </trkpt>
      <trkpt lat="37.465734" lon="-122.444502">
        <ele>14.396781</ele>
        <time>2022-08-13T20:44:34.998Z</time>
      </trkpt>
      <trkpt lat="37.465641" lon="-122.444516">
        <ele>14.546456</ele>
        <time>2022-08-13T20:44:37.998Z</time>
      </trkpt>
      <trkpt lat="37.465548" lon="-122.444519">
        <ele>14.695121</ele>
        <time>2022-08-13T20:44:40.998Z</time>
      </trkpt>
      <trkpt lat="37.465449" lon="-122.444520">
        <ele>14.853331</ele>
        <time>2022-08-13T20:44:43.998Z</time>
      </trkpt>
      <trkpt lat="37.465349" lon="-122.444543">
        <ele>14.763883</ele>
        <time>2022-08-13T20:44:46.998Z</time>
      </trkpt>
      <trkpt lat="37.465248" lon="-122.444572">
        <ele>14.626559</ele>
        <time>2022-08-13T20:44:51.998Z</time>
      </trkpt>
      <trkpt lat="37.465323" lon="-122.444643">
        <ele>14.502196</ele>
        <time>2022-08-13T20:45:02.998Z</time>
      </trkpt>
      <trkpt lat="37.465402" lon="-122.444716">
        <ele>14.372322</ele>
        <time>2022-08-13T20:45:05.998Z</time>
      </trkpt>
      <trkpt lat="37.465405" lon="-122.444850">
        <ele>14.231271</ele>
        <time>2022-08-13T20:45:08.998Z</time>
      </trkpt>
      <trkpt lat="37.465401" lon="-122.444975">
        <ele>14.099640</ele>
        <time>2022-08-13T20:45:11.998Z</time>
      </trkpt>
      <trkpt lat="37.465363" lon="-122.445086">
        <ele>13.972445</ele>
        <time>2022-08-13T20:45:14.998Z</time>
      </trkpt>
      <trkpt lat="37.465305" lon="-122.445186">
        <ele>13.842127</ele>
        <time>2022-08-13T20:45:17.998Z</time>
      </trkpt>
      <trkpt lat="37.465227" lon="-122.445265">
        <ele>13.709457</ele>
        <time>2022-08-13T20:45:20.999Z</time>
      </trkpt>
      <trkpt lat="37.465137" lon="-122.445326">
        <ele>13.573980</ele>
        <time>2022-08-13T20:45:23.999Z</time>
      </trkpt>
      <trkpt lat="37.465051" lon="-122.445399">
        <ele>13.436512</ele>
        <time>2022-08-13T20:45:26.999Z</time>
      </trkpt>
      <trkpt lat="37.464962" lon="-122.445466">
        <ele>13.299072</ele>
        <time>2022-08-13T20:45:29.999Z</time>
      </trkpt>
      <trkpt lat="37.464864" lon="-122.445510">
        <ele>13.161155</ele>
        <time>2022-08-13T20:45:32.999Z</time>
      </trkpt>
      <trkpt lat="37.464768" lon="-122.445562">
        <ele>13.022629</ele>
        <time>2022-08-13T20:45:35.999Z</time>
      </trkpt>
      <trkpt lat="37.464661" lon="-122.445577">
        <ele>12.879909</ele>
        <time>2022-08-13T20:45:38.999Z</time>
      </trkpt>
      <trkpt lat="37.464554" lon="-122.445594">
        <ele>12.736941</ele>
        <time>2022-08-13T20:45:41.999Z</time>
      </trkpt>
      <trkpt lat="37.464461" lon="-122.445649">
        <ele>12.600749</ele>
        <time>2022-08-13T20:45:44.999Z</time>
      </trkpt>
      <trkpt lat="37.464360" lon="-122.445710">
        <ele>12.474735</ele>
        <time>2022-08-13T20:45:48.999Z</time>
      </trkpt>
      <trkpt lat="37.464255" lon="-122.445698">
        <ele>12.410716</ele>
        <time>2022-08-13T20:45:52.999Z</time>
      </trkpt>
      <trkpt lat="37.464071" lon="-122.445594">
        <ele>12.288261</ele>
        <time>2022-08-13T21:02:20.999Z</time>
      </trkpt>
      <trkpt lat="37.463984" lon="-122.445535">
        <ele>12.228266</ele>
        <time>2022-08-13T21:02:30.999Z</time>
      </trkpt>
      <trkpt lat="37.463901" lon="-122.445479">
        <ele>12.171096</ele>
        <time>2022-08-13T21:02:37.999Z</time>
      </trkpt>
      <trkpt lat="37.463815" lon="-122.445433">
        <ele>12.114365</ele>
        <time>2022-08-13T21:02:42.999Z</time>
      </trkpt>
      <trkpt lat="37.463718" lon="-122.445387">
        <ele>12.051431</ele>
        <time>2022-08-13T21:02:46.999Z</time>
      </trkpt>
      <trkpt lat="37.463613" lon="-122.445353">
        <ele>11.985602</ele>
        <time>2022-08-13T21:02:50.999Z</time>
      </trkpt>
      <trkpt lat="37.463509" lon="-122.445318">
        <ele>11.920238</ele>
        <time>2022-08-13T21:02:54.999Z</time>
      </trkpt>
      <trkpt lat="37.463411" lon="-122.445295">
        <ele>11.859707</ele>
        <time>2022-08-13T21:02:58.999Z</time>
      </trkpt>
      <trkpt lat="37.463305" lon="-122.445279">
        <ele>11.794883</ele>
        <time>2022-08-13T21:03:02.999Z</time>
      </trkpt>
      <trkpt lat="37.463211" lon="-122.445266">
        <ele>11.737462</ele>
        <time>2022-08-13T21:03:06.999Z</time>
      </trkpt>
      <trkpt lat="37.463113" lon="-122.445256">
        <ele>11.677761</ele>
        <time>2022-08-13T21:03:10.999Z</time>
      </trkpt>
      <trkpt lat="37.463007" lon="-122.445268">
        <ele>11.613137</ele>
        <time>2022-08-13T21:03:14.999Z</time>
      </trkpt>
      <trkpt lat="37.462912" lon="-122.445287">
        <ele>11.554730</ele>
        <time>2022-08-13T21:03:17.999Z</time>
      </trkpt>
      <trkpt lat="37.462815" lon="-122.445305">
        <ele>11.495195</ele>
        <time>2022-08-13T21:03:20.999Z</time>
      </trkpt>
      <trkpt lat="37.462719" lon="-122.445311">
        <ele>11.436831</ele>
        <time>2022-08-13T21:03:23.999Z</time>
      </trkpt>
      <trkpt lat="37.462609" lon="-122.445296">
        <ele>11.412627</ele>
        <time>2022-08-13T21:03:27.999Z</time>
      </trkpt>
      <trkpt lat="37.462499" lon="-122.445275">
        <ele>11.436028</ele>
        <time>2022-08-13T21:03:31.999Z</time>
      </trkpt>
      <trkpt lat="37.462409" lon="-122.445256">
        <ele>11.455222</ele>
        <time>2022-08-13T21:03:34.999Z</time>
      </trkpt>
      <trkpt lat="37.462316" lon="-122.445239">
        <ele>11.474988</ele>
        <time>2022-08-13T21:03:37.999Z</time>
      </trkpt>
      <trkpt lat="37.462222" lon="-122.445223">
        <ele>11.494939</ele>
        <time>2022-08-13T21:03:40.999Z</time>
      </trkpt>
      <trkpt lat="37.462123" lon="-122.445207">
        <ele>11.515933</ele>
        <time>2022-08-13T21:03:43.999Z</time>
      </trkpt>
      <trkpt lat="37.462020" lon="-122.445186">
        <ele>11.537880</ele>
        <time>2022-08-13T21:03:46.999Z</time>
      </trkpt>
      <trkpt lat="37.461922" lon="-122.445165">
        <ele>11.558789</ele>
        <time>2022-08-13T21:03:49.999Z</time>
      </trkpt>
      <trkpt lat="37.461825" lon="-122.445146">
        <ele>11.579436</ele>
        <time>2022-08-13T21:03:52.999Z</time>
      </trkpt>
      <trkpt lat="37.461732" lon="-122.445130">
        <ele>11.599179</ele>
        <time>2022-08-13T21:03:55.999Z</time>
      </trkpt>
      <trkpt lat="37.461640" lon="-122.445115">
        <ele>11.618691</ele>
        <time>2022-08-13T21:03:58.999Z</time>
      </trkpt>
      <trkpt lat="37.461534" lon="-122.445109">
        <ele>11.641010</ele>
        <time>2022-08-13T21:04:01.999Z</time>
      </trkpt>
      <trkpt lat="37.461429" lon="-122.445099">
        <ele>11.663158</ele>
        <time>2022-08-13T21:04:04.999Z</time>
      </trkpt>
      <trkpt lat="37.461325" lon="-122.445084">
        <ele>11.685176</ele>
        <time>2022-08-13T21:04:07.999Z</time>
      </trkpt>
      <trkpt lat="37.461222" lon="-122.445065">
        <ele>11.707071</ele>
        <time>2022-08-13T21:04:10.999Z</time>
      </trkpt>
      <trkpt lat="37.461122" lon="-122.445037">
        <ele>11.728618</ele>
        <time>2022-08-13T21:04:13.999Z</time>
      </trkpt>
      <trkpt lat="37.461026" lon="-122.445001">
        <ele>11.749686</ele>
        <time>2022-08-13T21:04:16.999Z</time>
      </trkpt>
      <trkpt lat="37.460932" lon="-122.444964">
        <ele>11.770400</ele>
        <time>2022-08-13T21:04:19.999Z</time>
      </trkpt>
      <trkpt lat="37.460841" lon="-122.444924">
        <ele>11.824876</ele>
        <time>2022-08-13T21:04:22.999Z</time>
      </trkpt>
      <trkpt lat="37.460752" lon="-122.444881">
        <ele>11.908519</ele>
        <time>2022-08-13T21:04:25.999Z</time>
      </trkpt>
      <trkpt lat="37.460644" lon="-122.444830">
        <ele>12.009727</ele>
        <time>2022-08-13T21:04:29.999Z</time>
      </trkpt>
      <trkpt lat="37.460536" lon="-122.444790">
        <ele>12.108507</ele>
        <time>2022-08-13T21:04:33.999Z</time>
      </trkpt>
      <trkpt lat="37.460443" lon="-122.444764">
        <ele>12.192099</ele>
        <time>2022-08-13T21:04:36.999Z</time>
      </trkpt>
      <trkpt lat="37.460352" lon="-122.444755">
        <ele>12.272197</ele>
        <time>2022-08-13T21:04:39.999Z</time>
      </trkpt>
      <trkpt lat="37.460235" lon="-122.444741">
        <ele>12.375325</ele>
        <time>2022-08-13T21:04:43.999Z</time>
      </trkpt>
      <trkpt lat="37.460132" lon="-122.444732">
        <ele>12.465924</ele>
        <time>2022-08-13T21:04:46.999Z</time>
      </trkpt>
      <trkpt lat="37.460017" lon="-122.444746">
        <ele>12.567306</ele>
        <time>2022-08-13T21:04:49.999Z</time>
      </trkpt>
      <trkpt lat="37.459903" lon="-122.444726">
        <ele>12.668305</ele>
        <time>2022-08-13T21:04:52.999Z</time>
      </trkpt>
      <trkpt lat="37.459796" lon="-122.444679">
        <ele>12.767741</ele>
        <time>2022-08-13T21:04:55.999Z</time>
      </trkpt>
      <trkpt lat="37.459712" lon="-122.444590">
        <ele>12.864053</ele>
        <time>2022-08-13T21:04:58.999Z</time>
      </trkpt>
      <trkpt lat="37.459628" lon="-122.444491">
        <ele>12.964989</ele>
        <time>2022-08-13T21:05:01.999Z</time>
      </trkpt>
      <trkpt lat="37.459532" lon="-122.444433">
        <ele>13.058415</ele>
        <time>2022-08-13T21:05:04.999Z</time>
      </trkpt>
      <trkpt lat="37.459427" lon="-122.444427">
        <ele>13.150646</ele>
        <time>2022-08-13T21:05:07.999Z</time>
      </trkpt>
      <trkpt lat="37.459330" lon="-122.444477">
        <ele>13.242613</ele>
        <time>2022-08-13T21:05:10.999Z</time>
      </trkpt>
      <trkpt lat="37.459246" lon="-122.444527">
        <ele>13.324136</ele>
        <time>2022-08-13T21:05:13.999Z</time>
      </trkpt>
      <trkpt lat="37.459157" lon="-122.444577">
        <ele>13.384396</ele>
        <time>2022-08-13T21:05:16.999Z</time>
      </trkpt>
      <trkpt lat="37.459062" lon="-122.444604">
        <ele>13.427922</ele>
        <time>2022-08-13T21:05:19.999Z</time>
      </trkpt>
      <trkpt lat="37.458959" lon="-122.444613">
        <ele>13.474067</ele>
        <time>2022-08-13T21:05:22.999Z</time>
      </trkpt>
      <trkpt lat="37.458862" lon="-122.444600">
        <ele>13.517665</ele>
        <time>2022-08-13T21:05:25.999Z</time>
      </trkpt>
      <trkpt lat="37.458766" lon="-122.444561">
        <ele>13.562747</ele>
        <time>2022-08-13T21:05:28.999Z</time>
      </trkpt>
      <trkpt lat="37.458669" lon="-122.444518">
        <ele>13.608706</ele>
        <time>2022-08-13T21:05:31.999Z</time>
      </trkpt>
      <trkpt lat="37.458581" lon="-122.444478">
        <ele>13.650519</ele>
        <time>2022-08-13T21:05:34.998Z</time>
      </trkpt>
      <trkpt lat="37.458488" lon="-122.444433">
        <ele>13.695045</ele>
        <time>2022-08-13T21:05:40.998Z</time>
      </trkpt>
      <trkpt lat="37.458379" lon="-122.444369">
        <ele>13.748793</ele>
        <time>2022-08-13T21:05:44.998Z</time>
      </trkpt>
      <trkpt lat="37.458271" lon="-122.444318">
        <ele>13.800342</ele>
        <time>2022-08-13T21:05:47.998Z</time>
      </trkpt>
      <trkpt lat="37.458176" lon="-122.444247">
        <ele>13.849711</ele>
        <time>2022-08-13T21:05:50.998Z</time>
      </trkpt>
      <trkpt lat="37.458088" lon="-122.444182">
        <ele>13.895304</ele>
        <time>2022-08-13T21:05:53.998Z</time>
      </trkpt>
      <trkpt lat="37.457995" lon="-122.444165">
        <ele>13.937304</ele>
        <time>2022-08-13T21:05:56.998Z</time>
      </trkpt>
      <trkpt lat="37.457901" lon="-122.444184">
        <ele>13.979854</ele>
        <time>2022-08-13T21:05:59.998Z</time>
      </trkpt>
      <trkpt lat="37.457812" lon="-122.444235">
        <ele>14.023553</ele>
        <time>2022-08-13T21:06:02.998Z</time>
      </trkpt>
      <trkpt lat="37.457734" lon="-122.444304">
        <ele>14.066151</ele>
        <time>2022-08-13T21:06:05.998Z</time>
      </trkpt>
      <trkpt lat="37.457646" lon="-122.444364">
        <ele>14.110873</ele>
        <time>2022-08-13T21:06:08.998Z</time>
      </trkpt>
      <trkpt lat="37.457543" lon="-122.444383">
        <ele>14.157399</ele>
        <time>2022-08-13T21:06:11.998Z</time>
      </trkpt>
      <trkpt lat="37.457434" lon="-122.444368">
        <ele>14.259332</ele>
        <time>2022-08-13T21:06:14.998Z</time>
      </trkpt>
      <trkpt lat="37.457339" lon="-122.444343">
        <ele>14.354488</ele>
        <time>2022-08-13T21:06:17.998Z</time>
      </trkpt>
      <trkpt lat="37.457225" lon="-122.444306">
        <ele>14.469914</ele>
        <time>2022-08-13T21:06:21.999Z</time>
      </trkpt>
      <trkpt lat="37.457134" lon="-122.444278">
        <ele>14.561761</ele>
        <time>2022-08-13T21:06:24.999Z</time>
      </trkpt>
      <trkpt lat="37.457033" lon="-122.444278">
        <ele>14.660790</ele>
        <time>2022-08-13T21:06:27.999Z</time>
      </trkpt>
      <trkpt lat="37.456928" lon="-122.444312">
        <ele>14.767087</ele>
        <time>2022-08-13T21:06:30.999Z</time>
      </trkpt>
      <trkpt lat="37.456835" lon="-122.444347">
        <ele>14.862255</ele>
        <time>2022-08-13T21:06:33.999Z</time>
      </trkpt>
      <trkpt lat="37.456737" lon="-122.444359">
        <ele>14.958795</ele>
        <time>2022-08-13T21:06:36.999Z</time>
      </trkpt>
      <trkpt lat="37.456640" lon="-122.444356">
        <ele>15.053931</ele>
        <time>2022-08-13T21:06:39.999Z</time>
      </trkpt>
      <trkpt lat="37.456539" lon="-122.444365">
        <ele>15.153207</ele>
        <time>2022-08-13T21:06:42.999Z</time>
      </trkpt>
      <trkpt lat="37.456438" lon="-122.444366">
        <ele>15.252239</ele>
        <time>2022-08-13T21:06:45.999Z</time>
      </trkpt>
      <trkpt lat="37.456334" lon="-122.444346">
        <ele>15.355391</ele>
        <time>2022-08-13T21:06:48.999Z</time>
      </trkpt>
      <trkpt lat="37.456227" lon="-122.444346">
        <ele>15.460303</ele>
        <time>2022-08-13T21:06:51.999Z</time>
      </trkpt>
      <trkpt lat="37.456121" lon="-122.444337">
        <ele>15.564470</ele>
        <time>2022-08-13T21:06:54.999Z</time>
      </trkpt>
      <trkpt lat="37.456020" lon="-122.444330">
        <ele>15.663649</ele>
        <time>2022-08-13T21:06:57.999Z</time>
      </trkpt>
      <trkpt lat="37.455924" lon="-122.444325">
        <ele>15.757856</ele>
        <time>2022-08-13T21:07:00.999Z</time>
      </trkpt>
      <trkpt lat="37.455834" lon="-122.444314">
        <ele>15.846514</ele>
        <time>2022-08-13T21:07:05.999Z</time>
      </trkpt>
      <trkpt lat="37.455737" lon="-122.444302">
        <ele>15.939823</ele>
        <time>2022-08-13T21:07:10.999Z</time>
      </trkpt>
      <trkpt lat="37.455649" lon="-122.444220">
        <ele>16.032441</ele>
        <time>2022-08-13T21:07:14.999Z</time>
      </trkpt>
      <trkpt lat="37.455569" lon="-122.444161">
        <ele>16.110880</ele>
        <time>2022-08-13T21:07:17.999Z</time>
      </trkpt>
      <trkpt lat="37.455492" lon="-122.444100">
        <ele>16.187846</ele>
        <time>2022-08-13T21:07:24.999Z</time>
      </trkpt>
      <trkpt lat="37.455400" lon="-122.444072">
        <ele>16.267931</ele>
        <time>2022-08-13T21:07:29.999Z</time>
      </trkpt>
      <trkpt lat="37.455298" lon="-122.444083">
        <ele>16.354554</ele>
        <time>2022-08-13T21:07:33.999Z</time>
      </trkpt>
      <trkpt lat="37.455238" lon="-122.443957">
        <ele>16.453247</ele>
        <time>2022-08-13T21:07:37.999Z</time>
      </trkpt>
      <trkpt lat="37.455122" lon="-122.443944">
        <ele>16.551788</ele>
        <time>2022-08-13T21:07:40.999Z</time>
      </trkpt>
      <trkpt lat="37.455009" lon="-122.443923">
        <ele>16.648438</ele>
        <time>2022-08-13T21:07:43.999Z</time>
      </trkpt>
      <trkpt lat="37.454901" lon="-122.443898">
        <ele>16.741352</ele>
        <time>2022-08-13T21:07:46.999Z</time>
      </trkpt>
      <trkpt lat="37.454808" lon="-122.443888">
        <ele>16.820330</ele>
        <time>2022-08-13T21:07:49.999Z</time>
      </trkpt>
      <trkpt lat="37.454719" lon="-122.443862">
        <ele>16.897635</ele>
        <time>2022-08-13T21:07:52.999Z</time>
      </trkpt>
      <trkpt lat="37.454605" lon="-122.443825">
        <ele>16.997247</ele>
        <time>2022-08-13T21:07:56.999Z</time>
      </trkpt>
      <trkpt lat="37.454505" lon="-122.443798">
        <ele>17.083783</ele>
        <time>2022-08-13T21:07:59.999Z</time>
      </trkpt>
      <trkpt lat="37.454412" lon="-122.443763">
        <ele>17.165912</ele>
        <time>2022-08-13T21:08:02.999Z</time>
      </trkpt>
      <trkpt lat="37.454310" lon="-122.443749">
        <ele>17.252730</ele>
        <time>2022-08-13T21:08:05.999Z</time>
      </trkpt>
      <trkpt lat="37.454205" lon="-122.443778">
        <ele>17.343685</ele>
        <time>2022-08-13T21:08:08.999Z</time>
      </trkpt>
      <trkpt lat="37.454112" lon="-122.443828">
        <ele>17.429245</ele>
        <time>2022-08-13T21:08:11.999Z</time>
      </trkpt>
      <trkpt lat="37.454015" lon="-122.443890">
        <ele>17.425822</ele>
        <time>2022-08-13T21:08:14.999Z</time>
      </trkpt>
      <trkpt lat="37.453922" lon="-122.443966">
        <ele>17.398212</ele>
        <time>2022-08-13T21:08:17.999Z</time>
      </trkpt>
      <trkpt lat="37.453833" lon="-122.444036">
        <ele>17.372079</ele>
        <time>2022-08-13T21:08:20.998Z</time>
      </trkpt>
      <trkpt lat="37.453728" lon="-122.444109">
        <ele>17.342209</ele>
        <time>2022-08-13T21:08:24.999Z</time>
      </trkpt>
      <trkpt lat="37.453635" lon="-122.444155">
        <ele>17.317324</ele>
        <time>2022-08-13T21:08:27.999Z</time>
      </trkpt>
      <trkpt lat="37.453534" lon="-122.444172">
        <ele>17.291945</ele>
        <time>2022-08-13T21:08:30.999Z</time>
      </trkpt>
      <trkpt lat="37.453437" lon="-122.444157">
        <ele>17.267605</ele>
        <time>2022-08-13T21:08:33.999Z</time>
      </trkpt>
      <trkpt lat="37.453331" lon="-122.444142">
        <ele>17.241038</ele>
        <time>2022-08-13T21:08:36.999Z</time>
      </trkpt>
      <trkpt lat="37.453220" lon="-122.444143">
        <ele>17.213391</ele>
        <time>2022-08-13T21:08:39.999Z</time>
      </trkpt>
      <trkpt lat="37.453118" lon="-122.444157">
        <ele>17.187836</ele>
        <time>2022-08-13T21:08:42.999Z</time>
      </trkpt>
      <trkpt lat="37.453014" lon="-122.444174">
        <ele>17.161716</ele>
        <time>2022-08-13T21:08:46.999Z</time>
      </trkpt>
      <trkpt lat="37.452897" lon="-122.444199">
        <ele>17.132160</ele>
        <time>2022-08-13T21:08:50.999Z</time>
      </trkpt>
      <trkpt lat="37.452806" lon="-122.444223">
        <ele>17.109004</ele>
        <time>2022-08-13T21:08:53.999Z</time>
      </trkpt>
      <trkpt lat="37.452710" lon="-122.444241">
        <ele>17.084830</ele>
        <time>2022-08-13T21:08:56.999Z</time>
      </trkpt>
      <trkpt lat="37.452610" lon="-122.444230">
        <ele>17.059829</ele>
        <time>2022-08-13T21:08:59.999Z</time>
      </trkpt>
      <trkpt lat="37.452505" lon="-122.444214">
        <ele>17.033487</ele>
        <time>2022-08-13T21:09:02.999Z</time>
      </trkpt>
      <trkpt lat="37.452419" lon="-122.444157">
        <ele>17.009283</ele>
        <time>2022-08-13T21:09:05.999Z</time>
      </trkpt>
      <trkpt lat="37.452354" lon="-122.444058">
        <ele>17.102428</ele>
        <time>2022-08-13T21:09:08.999Z</time>
      </trkpt>
      <trkpt lat="37.452295" lon="-122.443932">
        <ele>17.292285</ele>
        <time>2022-08-13T21:09:12.999Z</time>
      </trkpt>
      <trkpt lat="37.452274" lon="-122.443797">
        <ele>17.470826</ele>
        <time>2022-08-13T21:09:16.999Z</time>
      </trkpt>
      <trkpt lat="37.452274" lon="-122.443657">
        <ele>17.652525</ele>
        <time>2022-08-13T21:09:20.999Z</time>
      </trkpt>
      <trkpt lat="37.452281" lon="-122.443540">
        <ele>17.804803</ele>
        <time>2022-08-13T21:09:24.999Z</time>
      </trkpt>
      <trkpt lat="37.452280" lon="-122.443418">
        <ele>17.963149</ele>
        <time>2022-08-13T21:09:28.999Z</time>
      </trkpt>
      <trkpt lat="37.452282" lon="-122.443287">
        <ele>18.133199</ele>
        <time>2022-08-13T21:09:32.999Z</time>
      </trkpt>
      <trkpt lat="37.452294" lon="-122.443168">
        <ele>18.288883</ele>
        <time>2022-08-13T21:09:36.999Z</time>
      </trkpt>
      <trkpt lat="37.452302" lon="-122.443046">
        <ele>18.447760</ele>
        <time>2022-08-13T21:09:40.999Z</time>
      </trkpt>
      <trkpt lat="37.452215" lon="-122.442966">
        <ele>18.623857</ele>
        <time>2022-08-13T21:09:48.999Z</time>
      </trkpt>
      <trkpt lat="37.452110" lon="-122.442969">
        <ele>18.795561</ele>
        <time>2022-08-13T21:09:53.999Z</time>
      </trkpt>
      <trkpt lat="37.452015" lon="-122.442993">
        <ele>18.953965</ele>
        <time>2022-08-13T21:09:56.999Z</time>
      </trkpt>
      <trkpt lat="37.451925" lon="-122.443054">
        <ele>19.121049</ele>
        <time>2022-08-13T21:10:00.999Z</time>
      </trkpt>
      <trkpt lat="37.451903" lon="-122.443187">
        <ele>19.297371</ele>
        <time>2022-08-13T21:10:04.999Z</time>
      </trkpt>
      <trkpt lat="37.451872" lon="-122.443315">
        <ele>19.471055</ele>
        <time>2022-08-13T21:10:08.999Z</time>
      </trkpt>
      <trkpt lat="37.451786" lon="-122.443416">
        <ele>19.663281</ele>
        <time>2022-08-13T21:10:12.999Z</time>
      </trkpt>
      <trkpt lat="37.451742" lon="-122.443537">
        <ele>19.836012</ele>
        <time>2022-08-13T21:10:16.999Z</time>
      </trkpt>
      <trkpt lat="37.451712" lon="-122.443646">
        <ele>19.872205</ele>
        <time>2022-08-13T21:10:19.999Z</time>
      </trkpt>
      <trkpt lat="37.451688" lon="-122.443761">
        <ele>19.642819</ele>
        <time>2022-08-13T21:10:22.999Z</time>
      </trkpt>
      <trkpt lat="37.451665" lon="-122.443871">
        <ele>19.423378</ele>
        <time>2022-08-13T21:10:25.999Z</time>
      </trkpt>
      <trkpt lat="37.451634" lon="-122.444009">
        <ele>19.146707</ele>
        <time>2022-08-13T21:10:29.999Z</time>
      </trkpt>
      <trkpt lat="37.451577" lon="-122.444127">
        <ele>18.880241</ele>
        <time>2022-08-13T21:10:33.999Z</time>
      </trkpt>
      <trkpt lat="37.451485" lon="-122.444215">
        <ele>18.599528</ele>
        <time>2022-08-13T21:10:37.999Z</time>
      </trkpt>
      <trkpt lat="37.451394" lon="-122.444246">
        <ele>18.370452</ele>
        <time>2022-08-13T21:10:40.999Z</time>
      </trkpt>
      <trkpt lat="37.451304" lon="-122.444268">
        <ele>18.147669</ele>
        <time>2022-08-13T21:10:43.999Z</time>
      </trkpt>
      <trkpt lat="37.451210" lon="-122.444280">
        <ele>17.918076</ele>
        <time>2022-08-13T21:10:46.999Z</time>
      </trkpt>
      <trkpt lat="37.451118" lon="-122.444298">
        <ele>17.691832</ele>
        <time>2022-08-13T21:10:49.999Z</time>
      </trkpt>
      <trkpt lat="37.451022" lon="-122.444308">
        <ele>17.457753</ele>
        <time>2022-08-13T21:10:52.999Z</time>
      </trkpt>
      <trkpt lat="37.450928" lon="-122.444318">
        <ele>17.228517</ele>
        <time>2022-08-13T21:10:55.999Z</time>
      </trkpt>
      <trkpt lat="37.450828" lon="-122.444326">
        <ele>16.985024</ele>
        <time>2022-08-13T21:10:58.999Z</time>
      </trkpt>
      <trkpt lat="37.450731" lon="-122.444323">
        <ele>16.749240</ele>
        <time>2022-08-13T21:11:01.999Z</time>
      </trkpt>
      <trkpt lat="37.450629" lon="-122.444319">
        <ele>16.501256</ele>
        <time>2022-08-13T21:11:04.999Z</time>
      </trkpt>
      <trkpt lat="37.450525" lon="-122.444314">
        <ele>16.248349</ele>
        <time>2022-08-13T21:11:07.999Z</time>
      </trkpt>
      <trkpt lat="37.450423" lon="-122.444307">
        <ele>16.000118</ele>
        <time>2022-08-13T21:11:10.999Z</time>
      </trkpt>
      <trkpt lat="37.450319" lon="-122.444302">
        <ele>15.747211</ele>
        <time>2022-08-13T21:11:13.999Z</time>
      </trkpt>
      <trkpt lat="37.450222" lon="-122.444278">
        <ele>15.621017</ele>
        <time>2022-08-13T21:11:16.999Z</time>
      </trkpt>
      <trkpt lat="37.450130" lon="-122.444210">
        <ele>15.836040</ele>
        <time>2022-08-13T21:11:19.999Z</time>
      </trkpt>
      <trkpt lat="37.450055" lon="-122.444111">
        <ele>16.055032</ele>
        <time>2022-08-13T21:11:22.999Z</time>
      </trkpt>
      <trkpt lat="37.450006" lon="-122.443995">
        <ele>16.265310</ele>
        <time>2022-08-13T21:11:25.999Z</time>
      </trkpt>
      <trkpt lat="37.449987" lon="-122.443871">
        <ele>16.467412</ele>
        <time>2022-08-13T21:11:28.999Z</time>
      </trkpt>
      <trkpt lat="37.449975" lon="-122.443745">
        <ele>16.670497</ele>
        <time>2022-08-13T21:11:31.999Z</time>
      </trkpt>
      <trkpt lat="37.449964" lon="-122.443618">
        <ele>16.874943</ele>
        <time>2022-08-13T21:11:34.999Z</time>
      </trkpt>
      <trkpt lat="37.449971" lon="-122.443489">
        <ele>17.081865</ele>
        <time>2022-08-13T21:11:37.999Z</time>
      </trkpt>
      <trkpt lat="37.449946" lon="-122.443363">
        <ele>17.289707</ele>
        <time>2022-08-13T21:11:40.999Z</time>
      </trkpt>
      <trkpt lat="37.449863" lon="-122.443287">
        <ele>17.496554</ele>
        <time>2022-08-13T21:11:43.999Z</time>
      </trkpt>
      <trkpt lat="37.449755" lon="-122.443263">
        <ele>17.717622</ele>
        <time>2022-08-13T21:11:47.999Z</time>
      </trkpt>
      <trkpt lat="37.449640" lon="-122.443314">
        <ele>17.963387</ele>
        <time>2022-08-13T21:11:51.999Z</time>
      </trkpt>
      <trkpt lat="37.449562" lon="-122.443421">
        <ele>18.195859</ele>
        <time>2022-08-13T21:11:54.999Z</time>
      </trkpt>
      <trkpt lat="37.449531" lon="-122.443550">
        <ele>18.411552</ele>
        <time>2022-08-13T21:11:57.999Z</time>
      </trkpt>
      <trkpt lat="37.449505" lon="-122.443675">
        <ele>18.618344</ele>
        <time>2022-08-13T21:12:00.999Z</time>
      </trkpt>
      <trkpt lat="37.449472" lon="-122.443795">
        <ele>18.821578</ele>
        <time>2022-08-13T21:12:03.999Z</time>
      </trkpt>
      <trkpt lat="37.449425" lon="-122.443921">
        <ele>19.044368</ele>
        <time>2022-08-13T21:12:06.999Z</time>
      </trkpt>
      <trkpt lat="37.449349" lon="-122.444021">
        <ele>19.203416</ele>
        <time>2022-08-13T21:12:09.999Z</time>
      </trkpt>
      <trkpt lat="37.449251" lon="-122.444118">
        <ele>19.233157</ele>
        <time>2022-08-13T21:12:12.999Z</time>
      </trkpt>
      <trkpt lat="37.449130" lon="-122.444157">
        <ele>19.262959</ele>
        <time>2022-08-13T21:12:15.999Z</time>
      </trkpt>
      <trkpt lat="37.449020" lon="-122.444162">
        <ele>19.289224</ele>
        <time>2022-08-13T21:12:18.999Z</time>
      </trkpt>
      <trkpt lat="37.448921" lon="-122.444141">
        <ele>19.313180</ele>
        <time>2022-08-13T21:12:21.999Z</time>
      </trkpt>
      <trkpt lat="37.448822" lon="-122.444054">
        <ele>19.341984</ele>
        <time>2022-08-13T21:12:25.999Z</time>
      </trkpt>
      <trkpt lat="37.448730" lon="-122.444014">
        <ele>19.365208</ele>
        <time>2022-08-13T21:12:28.999Z</time>
      </trkpt>
      <trkpt lat="37.448631" lon="-122.444011">
        <ele>19.388838</ele>
        <time>2022-08-13T21:12:31.999Z</time>
      </trkpt>
      <trkpt lat="37.448532" lon="-122.443989">
        <ele>19.412826</ele>
        <time>2022-08-13T21:12:35.999Z</time>
      </trkpt>
      <trkpt lat="37.448425" lon="-122.444026">
        <ele>19.439302</ele>
        <time>2022-08-13T21:12:40.999Z</time>
      </trkpt>
      <trkpt lat="37.448310" lon="-122.444021">
        <ele>19.466759</ele>
        <time>2022-08-13T21:12:44.999Z</time>
      </trkpt>
      <trkpt lat="37.448213" lon="-122.444015">
        <ele>19.489933</ele>
        <time>2022-08-13T21:12:47.999Z</time>
      </trkpt>
      <trkpt lat="37.448127" lon="-122.443965">
        <ele>19.512535</ele>
        <time>2022-08-13T21:12:50.999Z</time>
      </trkpt>
      <trkpt lat="37.448042" lon="-122.443899">
        <ele>19.536361</ele>
        <time>2022-08-13T21:12:53.999Z</time>
      </trkpt>
      <trkpt lat="37.447976" lon="-122.443807">
        <ele>19.559851</ele>
        <time>2022-08-13T21:12:56.999Z</time>
      </trkpt>
      <trkpt lat="37.447904" lon="-122.443732">
        <ele>19.582145</ele>
        <time>2022-08-13T21:12:59.999Z</time>
      </trkpt>
      <trkpt lat="37.447819" lon="-122.443659">
        <ele>19.606693</ele>
        <time>2022-08-13T21:13:03.999Z</time>
      </trkpt>
      <trkpt lat="37.447728" lon="-122.443568">
        <ele>19.512330</ele>
        <time>2022-08-13T21:13:07.999Z</time>
      </trkpt>
      <trkpt lat="37.447634" lon="-122.443510">
        <ele>19.238552</ele>
        <time>2022-08-13T21:13:11.999Z</time>
      </trkpt>
      <trkpt lat="37.447539" lon="-122.443533">
        <ele>18.985524</ele>
        <time>2022-08-13T21:13:15.999Z</time>
      </trkpt>
      <trkpt lat="37.447440" lon="-122.443586">
        <ele>18.704165</ele>
        <time>2022-08-13T21:13:25.999Z</time>
      </trkpt>
      <trkpt lat="37.447369" lon="-122.443684">
        <ele>18.428667</ele>
        <time>2022-08-13T21:13:29.999Z</time>
      </trkpt>
      <trkpt lat="37.447287" lon="-122.443791">
        <ele>18.119849</ele>
        <time>2022-08-13T21:13:33.999Z</time>
      </trkpt>
      <trkpt lat="37.447199" lon="-122.443865">
        <ele>17.843099</ele>
        <time>2022-08-13T21:13:39.999Z</time>
      </trkpt>
      <trkpt lat="37.447097" lon="-122.443868">
        <ele>17.576238</ele>
        <time>2022-08-13T21:13:43.998Z</time>
      </trkpt>
      <trkpt lat="37.446996" lon="-122.443869">
        <ele>17.312057</ele>
        <time>2022-08-13T21:13:47.998Z</time>
      </trkpt>
      <trkpt lat="37.446900" lon="-122.443905">
        <ele>17.050070</ele>
        <time>2022-08-13T21:13:52.998Z</time>
      </trkpt>
      <trkpt lat="37.446802" lon="-122.443951">
        <ele>16.776524</ele>
        <time>2022-08-13T21:13:56.998Z</time>
      </trkpt>
      <trkpt lat="37.446687" lon="-122.443971">
        <ele>16.472880</ele>
        <time>2022-08-13T21:14:00.998Z</time>
      </trkpt>
      <trkpt lat="37.446578" lon="-122.443971">
        <ele>16.187782</ele>
        <time>2022-08-13T21:14:04.998Z</time>
      </trkpt>
      <trkpt lat="37.446461" lon="-122.443976">
        <ele>15.881584</ele>
        <time>2022-08-13T21:14:08.998Z</time>
      </trkpt>
      <trkpt lat="37.446347" lon="-122.443968">
        <ele>15.582946</ele>
        <time>2022-08-13T21:14:12.998Z</time>
      </trkpt>
      <trkpt lat="37.446243" lon="-122.443934">
        <ele>15.301914</ele>
        <time>2022-08-13T21:14:16.998Z</time>
      </trkpt>
      <trkpt lat="37.446128" lon="-122.443899">
        <ele>14.992467</ele>
        <time>2022-08-13T21:14:20.998Z</time>
      </trkpt>
      <trkpt lat="37.446025" lon="-122.443832">
        <ele>15.068163</ele>
        <time>2022-08-13T21:14:24.998Z</time>
      </trkpt>
      <trkpt lat="37.445928" lon="-122.443776">
        <ele>15.247907</ele>
        <time>2022-08-13T21:14:30.998Z</time>
      </trkpt>
      <trkpt lat="37.445821" lon="-122.443820">
        <ele>15.437512</ele>
        <time>2022-08-13T21:14:34.998Z</time>
      </trkpt>
      <trkpt lat="37.445717" lon="-122.443867">
        <ele>15.623637</ele>
        <time>2022-08-13T21:14:38.998Z</time>
      </trkpt>
      <trkpt lat="37.445614" lon="-122.443919">
        <ele>15.810561</ele>
        <time>2022-08-13T21:14:42.998Z</time>
      </trkpt>
      <trkpt lat="37.445510" lon="-122.443961">
        <ele>15.994535</ele>
        <time>2022-08-13T21:14:46.998Z</time>
      </trkpt>
      <trkpt lat="37.445418" lon="-122.443954">
        <ele>16.149793</ele>
        <time>2022-08-13T21:14:50.998Z</time>
      </trkpt>
      <trkpt lat="37.445320" lon="-122.443958">
        <ele>16.314962</ele>
        <time>2022-08-13T21:14:54.998Z</time>
      </trkpt>
      <trkpt lat="37.445234" lon="-122.443904">
        <ele>16.476834</ele>
        <time>2022-08-13T21:14:58.998Z</time>
      </trkpt>
      <trkpt lat="37.445059" lon="-122.443889">
        <ele>16.772306</ele>
        <time>2022-08-13T21:18:49.999Z</time>
      </trkpt>
      <trkpt lat="37.445141" lon="-122.443829">
        <ele>16.932053</ele>
        <time>2022-08-13T21:21:00.998Z</time>
      </trkpt>
      <trkpt lat="37.445265" lon="-122.443708">
        <ele>17.196284</ele>
        <time>2022-08-13T21:21:24.998Z</time>
      </trkpt>
      <trkpt lat="37.445340" lon="-122.443644">
        <ele>17.348887</ele>
        <time>2022-08-13T21:21:28.998Z</time>
      </trkpt>
      <trkpt lat="37.445419" lon="-122.443588">
        <ele>17.501591</ele>
        <time>2022-08-13T21:21:32.998Z</time>
      </trkpt>
      <trkpt lat="37.445501" lon="-122.443496">
        <ele>17.686574</ele>
        <time>2022-08-13T21:21:37.998Z</time>
      </trkpt>
      <trkpt lat="37.445507" lon="-122.443359">
        <ele>17.870075</ele>
        <time>2022-08-13T21:21:42.998Z</time>
      </trkpt>
      <trkpt lat="37.445533" lon="-122.443234">
        <ele>18.101459</ele>
        <time>2022-08-13T21:21:46.998Z</time>
      </trkpt>
      <trkpt lat="37.445549" lon="-122.443114">
        <ele>18.366326</ele>
        <time>2022-08-13T21:21:50.998Z</time>
      </trkpt>
      <trkpt lat="37.445478" lon="-122.443024">
        <ele>18.642503</ele>
        <time>2022-08-13T21:21:54.998Z</time>
      </trkpt>
      <trkpt lat="37.445409" lon="-122.442943">
        <ele>18.901108</ele>
        <time>2022-08-13T21:21:59.998Z</time>
      </trkpt>
      <trkpt lat="37.445393" lon="-122.442716">
        <ele>19.397175</ele>
        <time>2022-08-13T21:22:25.998Z</time>
      </trkpt>
      <trkpt lat="37.445354" lon="-122.442598">
        <ele>19.675399</ele>
        <time>2022-08-13T21:22:31.998Z</time>
      </trkpt>
      <trkpt lat="37.445262" lon="-122.442546">
        <ele>19.951872</ele>
        <time>2022-08-13T21:22:37.998Z</time>
      </trkpt>
      <trkpt lat="37.445179" lon="-122.442490">
        <ele>20.210028</ele>
        <time>2022-08-13T21:22:41.998Z</time>
      </trkpt>
      <trkpt lat="37.445090" lon="-122.442512">
        <ele>20.458697</ele>
        <time>2022-08-13T21:22:47.998Z</time>
      </trkpt>
      <trkpt lat="37.445008" lon="-122.442560">
        <ele>20.706613</ele>
        <time>2022-08-13T21:22:52.998Z</time>
      </trkpt>
      <trkpt lat="37.444950" lon="-122.442666">
        <ele>20.986840</ele>
        <time>2022-08-13T21:22:57.998Z</time>
      </trkpt>
      <trkpt lat="37.444904" lon="-122.442775">
        <ele>21.255544</ele>
        <time>2022-08-13T21:23:02.998Z</time>
      </trkpt>
      <trkpt lat="37.444810" lon="-122.442841">
        <ele>21.550606</ele>
        <time>2022-08-13T21:23:07.998Z</time>
      </trkpt>
      <trkpt lat="37.444717" lon="-122.442861">
        <ele>21.809277</ele>
        <time>2022-08-13T21:23:11.998Z</time>
      </trkpt>
      <trkpt lat="37.444609" lon="-122.442863">
        <ele>22.105416</ele>
        <time>2022-08-13T21:23:15.998Z</time>
      </trkpt>
      <trkpt lat="37.444516" lon="-122.442861">
        <ele>22.360435</ele>
        <time>2022-08-13T21:23:19.998Z</time>
      </trkpt>
      <trkpt lat="37.444409" lon="-122.442851">
        <ele>22.654607</ele>
        <time>2022-08-13T21:23:23.998Z</time>
      </trkpt>
      <trkpt lat="37.444312" lon="-122.442837">
        <ele>22.864685</ele>
        <time>2022-08-13T21:23:27.998Z</time>
      </trkpt>
      <trkpt lat="37.444206" lon="-122.442821">
        <ele>22.749291</ele>
        <time>2022-08-13T21:23:31.998Z</time>
      </trkpt>
      <trkpt lat="37.444103" lon="-122.442814">
        <ele>22.637798</ele>
        <time>2022-08-13T21:23:35.998Z</time>
      </trkpt>
      <trkpt lat="37.443996" lon="-122.442804">
        <ele>22.521825</ele>
        <time>2022-08-13T21:23:39.998Z</time>
      </trkpt>
      <trkpt lat="37.443881" lon="-122.442785">
        <ele>22.396459</ele>
        <time>2022-08-13T21:23:43.998Z</time>
      </trkpt>
      <trkpt lat="37.443776" lon="-122.442771">
        <ele>22.282331</ele>
        <time>2022-08-13T21:23:47.998Z</time>
      </trkpt>
      <trkpt lat="37.443669" lon="-122.442754">
        <ele>22.165760</ele>
        <time>2022-08-13T21:23:51.998Z</time>
      </trkpt>
      <trkpt lat="37.443559" lon="-122.442735">
        <ele>22.045750</ele>
        <time>2022-08-13T21:23:55.998Z</time>
      </trkpt>
      <trkpt lat="37.443461" lon="-122.442727">
        <ele>21.939601</ele>
        <time>2022-08-13T21:23:58.998Z</time>
      </trkpt>
      <trkpt lat="37.443369" lon="-122.442725">
        <ele>21.840145</ele>
        <time>2022-08-13T21:24:01.998Z</time>
      </trkpt>
      <trkpt lat="37.443271" lon="-122.442733">
        <ele>21.733996</ele>
        <time>2022-08-13T21:24:04.998Z</time>
      </trkpt>
      <trkpt lat="37.443171" lon="-122.442738">
        <ele>21.625822</ele>
        <time>2022-08-13T21:24:07.998Z</time>
      </trkpt>
      <trkpt lat="37.443064" lon="-122.442714">
        <ele>21.508348</ele>
        <time>2022-08-13T21:24:10.998Z</time>
      </trkpt>
      <trkpt lat="37.442988" lon="-122.442619">
        <ele>21.392612</ele>
        <time>2022-08-13T21:24:14.998Z</time>
      </trkpt>
      <trkpt lat="37.442931" lon="-122.442525">
        <ele>21.291107</ele>
        <time>2022-08-13T21:24:17.998Z</time>
      </trkpt>
      <trkpt lat="37.442839" lon="-122.442499">
        <ele>21.189193</ele>
        <time>2022-08-13T21:24:20.998Z</time>
      </trkpt>
      <trkpt lat="37.442729" lon="-122.442518">
        <ele>21.069183</ele>
        <time>2022-08-13T21:24:25.998Z</time>
      </trkpt>
      <trkpt lat="37.442633" lon="-122.442578">
        <ele>20.953344</ele>
        <time>2022-08-13T21:24:29.998Z</time>
      </trkpt>
      <trkpt lat="37.442534" lon="-122.442598">
        <ele>20.858736</ele>
        <time>2022-08-13T21:24:33.998Z</time>
      </trkpt>
      <trkpt lat="37.442454" lon="-122.442666">
        <ele>20.770048</ele>
        <time>2022-08-13T21:24:37.998Z</time>
      </trkpt>
      <trkpt lat="37.442362" lon="-122.442713">
        <ele>20.678817</ele>
        <time>2022-08-13T21:24:42.998Z</time>
      </trkpt>
      <trkpt lat="37.442302" lon="-122.442812">
        <ele>20.587948</ele>
        <time>2022-08-13T21:24:46.998Z</time>
      </trkpt>
      <trkpt lat="37.442287" lon="-122.442943">
        <ele>20.491383</ele>
        <time>2022-08-13T21:24:50.998Z</time>
      </trkpt>
      <trkpt lat="37.442249" lon="-122.443065">
        <ele>20.395768</ele>
        <time>2022-08-13T21:24:55.998Z</time>
      </trkpt>
      <trkpt lat="37.442290" lon="-122.442945">
        <ele>20.300454</ele>
        <time>2022-08-13T21:25:14.998Z</time>
      </trkpt>
      <trkpt lat="37.442293" lon="-122.442794">
        <ele>20.190251</ele>
        <time>2022-08-13T21:25:18.998Z</time>
      </trkpt>
      <trkpt lat="37.442314" lon="-122.442679">
        <ele>20.104157</ele>
        <time>2022-08-13T21:25:21.999Z</time>
      </trkpt>
      <trkpt lat="37.442318" lon="-122.442547">
        <ele>20.007780</ele>
        <time>2022-08-13T21:25:24.999Z</time>
      </trkpt>
      <trkpt lat="37.442334" lon="-122.442400">
        <ele>19.899527</ele>
        <time>2022-08-13T21:25:28.999Z</time>
      </trkpt>
      <trkpt lat="37.442344" lon="-122.442278">
        <ele>19.810043</ele>
        <time>2022-08-13T21:25:31.999Z</time>
      </trkpt>
      <trkpt lat="37.442375" lon="-122.442158">
        <ele>19.717974</ele>
        <time>2022-08-13T21:25:36.999Z</time>
      </trkpt>
      <trkpt lat="37.442389" lon="-122.442040">
        <ele>19.630926</ele>
        <time>2022-08-13T21:25:40.999Z</time>
      </trkpt>
      <trkpt lat="37.442397" lon="-122.441926">
        <ele>19.547428</ele>
        <time>2022-08-13T21:25:43.999Z</time>
      </trkpt>
      <trkpt lat="37.442370" lon="-122.441784">
        <ele>19.440896</ele>
        <time>2022-08-13T21:25:47.999Z</time>
      </trkpt>
      <trkpt lat="37.442365" lon="-122.441655">
        <ele>19.346667</ele>
        <time>2022-08-13T21:25:50.999Z</time>
      </trkpt>
      <trkpt lat="37.442375" lon="-122.441532">
        <ele>19.315295</ele>
        <time>2022-08-13T21:25:54.999Z</time>
      </trkpt>
      <trkpt lat="37.442378" lon="-122.441407">
        <ele>19.418746</ele>
        <time>2022-08-13T21:25:58.999Z</time>
      </trkpt>
      <trkpt lat="37.442389" lon="-122.441292">
        <ele>19.514565</ele>
        <time>2022-08-13T21:26:02.999Z</time>
      </trkpt>
      <trkpt lat="37.442393" lon="-122.441178">
        <ele>19.608962</ele>
        <time>2022-08-13T21:26:07.999Z</time>
      </trkpt>
      <trkpt lat="37.442426" lon="-122.440993">
        <ele>19.765814</ele>
        <time>2022-08-13T21:26:25.999Z</time>
      </trkpt>
      <trkpt lat="37.442440" lon="-122.440865">
        <ele>19.872700</ele>
        <time>2022-08-13T21:26:29.999Z</time>
      </trkpt>
      <trkpt lat="37.442467" lon="-122.440732">
        <ele>19.986261</ele>
        <time>2022-08-13T21:26:33.999Z</time>
      </trkpt>
      <trkpt lat="37.442484" lon="-122.440620">
        <ele>20.080588</ele>
        <time>2022-08-13T21:26:36.999Z</time>
      </trkpt>
      <trkpt lat="37.442509" lon="-122.440506">
        <ele>20.178424</ele>
        <time>2022-08-13T21:26:40.999Z</time>
      </trkpt>
      <trkpt lat="37.442545" lon="-122.440396">
        <ele>20.276846</ele>
        <time>2022-08-13T21:26:44.999Z</time>
      </trkpt>
      <trkpt lat="37.442605" lon="-122.440281">
        <ele>20.390679</ele>
        <time>2022-08-13T21:26:48.999Z</time>
      </trkpt>
      <trkpt lat="37.442672" lon="-122.440182">
        <ele>20.498289</ele>
        <time>2022-08-13T21:26:52.999Z</time>
      </trkpt>
      <trkpt lat="37.442745" lon="-122.440080">
        <ele>20.611887</ele>
        <time>2022-08-13T21:26:56.999Z</time>
      </trkpt>
      <trkpt lat="37.442822" lon="-122.439987">
        <ele>20.723039</ele>
        <time>2022-08-13T21:27:00.999Z</time>
      </trkpt>
      <trkpt lat="37.442887" lon="-122.439882">
        <ele>20.833179</ele>
        <time>2022-08-13T21:27:04.999Z</time>
      </trkpt>
      <trkpt lat="37.442975" lon="-122.439802">
        <ele>20.946255</ele>
        <time>2022-08-13T21:27:08.999Z</time>
      </trkpt>
      <trkpt lat="37.443001" lon="-122.439687">
        <ele>21.045167</ele>
        <time>2022-08-13T21:27:12.999Z</time>
      </trkpt>
      <trkpt lat="37.443060" lon="-122.439593">
        <ele>21.144290</ele>
        <time>2022-08-13T21:27:21.999Z</time>
      </trkpt>
      <trkpt lat="37.443039" lon="-122.439473">
        <ele>21.222053</ele>
        <time>2022-08-13T21:27:28.999Z</time>
      </trkpt>
      <trkpt lat="37.443006" lon="-122.439337">
        <ele>21.307725</ele>
        <time>2022-08-13T21:27:33.999Z</time>
      </trkpt>
      <trkpt lat="37.442971" lon="-122.439212">
        <ele>21.387576</ele>
        <time>2022-08-13T21:27:37.999Z</time>
      </trkpt>
      <trkpt lat="37.442985" lon="-122.439100">
        <ele>21.455880</ele>
        <time>2022-08-13T21:27:42.999Z</time>
      </trkpt>
      <trkpt lat="37.443004" lon="-122.438981">
        <ele>21.529006</ele>
        <time>2022-08-13T21:27:50.999Z</time>
      </trkpt>
      <trkpt lat="37.443024" lon="-122.438859">
        <ele>21.604054</ele>
        <time>2022-08-13T21:27:57.999Z</time>
      </trkpt>
      <trkpt lat="37.443045" lon="-122.438749">
        <ele>21.672211</ele>
        <time>2022-08-13T21:28:02.999Z</time>
      </trkpt>
      <trkpt lat="37.443070" lon="-122.438618">
        <ele>21.753379</ele>
        <time>2022-08-13T21:28:06.999Z</time>
      </trkpt>
      <trkpt lat="37.443102" lon="-122.438508">
        <ele>21.823955</ele>
        <time>2022-08-13T21:28:09.999Z</time>
      </trkpt>
      <trkpt lat="37.443174" lon="-122.438430">
        <ele>21.896016</ele>
        <time>2022-08-13T21:28:12.999Z</time>
      </trkpt>
      <trkpt lat="37.443247" lon="-122.438343">
        <ele>21.972274</ele>
        <time>2022-08-13T21:28:17.999Z</time>
      </trkpt>
      <trkpt lat="37.443344" lon="-122.438282">
        <ele>22.054539</ele>
        <time>2022-08-13T21:28:22.999Z</time>
      </trkpt>
      <trkpt lat="37.443401" lon="-122.438187">
        <ele>22.126275</ele>
        <time>2022-08-13T21:28:26.999Z</time>
      </trkpt>
      <trkpt lat="37.443461" lon="-122.438092">
        <ele>22.199406</ele>
        <time>2022-08-13T21:28:30.999Z</time>
      </trkpt>
      <trkpt lat="37.443537" lon="-122.438022">
        <ele>22.270848</ele>
        <time>2022-08-13T21:28:44.999Z</time>
      </trkpt>
      <trkpt lat="37.443622" lon="-122.437953">
        <ele>22.347579</ele>
        <time>2022-08-13T21:28:51.999Z</time>
      </trkpt>
      <trkpt lat="37.443639" lon="-122.437817">
        <ele>22.430519</ele>
        <time>2022-08-13T21:28:57.999Z</time>
      </trkpt>
      <trkpt lat="37.443577" lon="-122.437703">
        <ele>22.513765</ele>
        <time>2022-08-13T21:29:02.999Z</time>
      </trkpt>
      <trkpt lat="37.443464" lon="-122.437637">
        <ele>22.620223</ele>
        <time>2022-08-13T21:29:06.999Z</time>
      </trkpt>
      <trkpt lat="37.443353" lon="-122.437607">
        <ele>22.718405</ele>
        <time>2022-08-13T21:29:09.999Z</time>
      </trkpt>
      <trkpt lat="37.443252" lon="-122.437578">
        <ele>22.807995</ele>
        <time>2022-08-13T21:29:12.999Z</time>
      </trkpt>
      <trkpt lat="37.443145" lon="-122.437544">
        <ele>22.903431</ele>
        <time>2022-08-13T21:29:16.999Z</time>
      </trkpt>
      <trkpt lat="37.443055" lon="-122.437537">
        <ele>22.981415</ele>
        <time>2022-08-13T21:29:20.999Z</time>
      </trkpt>
      <trkpt lat="37.442955" lon="-122.437513">
        <ele>23.069454</ele>
        <time>2022-08-13T21:29:24.999Z</time>
      </trkpt>
      <trkpt lat="37.442863" lon="-122.437503">
        <ele>23.149315</ele>
        <time>2022-08-13T21:29:28.999Z</time>
      </trkpt>
      <trkpt lat="37.442756" lon="-122.437511">
        <ele>23.242015</ele>
        <time>2022-08-13T21:29:34.999Z</time>
      </trkpt>
      <trkpt lat="37.442657" lon="-122.437490">
        <ele>23.328840</ele>
        <time>2022-08-13T21:29:38.999Z</time>
      </trkpt>
      <trkpt lat="37.442564" lon="-122.437475">
        <ele>23.409926</ele>
        <time>2022-08-13T21:29:42.999Z</time>
      </trkpt>
      <trkpt lat="37.442472" lon="-122.437460">
        <ele>23.490155</ele>
        <time>2022-08-13T21:29:47.999Z</time>
      </trkpt>
      <trkpt lat="37.442375" lon="-122.437434">
        <ele>23.575923</ele>
        <time>2022-08-13T21:29:52.999Z</time>
      </trkpt>
      <trkpt lat="37.442263" lon="-122.437423">
        <ele>23.673078</ele>
        <time>2022-08-13T21:29:56.999Z</time>
      </trkpt>
      <trkpt lat="37.442149" lon="-122.437406">
        <ele>23.772358</ele>
        <time>2022-08-13T21:30:00.999Z</time>
      </trkpt>
      <trkpt lat="37.442034" lon="-122.437372">
        <ele>23.874517</ele>
        <time>2022-08-13T21:30:04.999Z</time>
      </trkpt>
      <trkpt lat="37.441943" lon="-122.437350">
        <ele>23.954654</ele>
        <time>2022-08-13T21:30:07.999Z</time>
      </trkpt>
      <trkpt lat="37.441826" lon="-122.437345">
        <ele>24.055898</ele>
        <time>2022-08-13T21:30:11.999Z</time>
      </trkpt>
      <trkpt lat="37.441710" lon="-122.437334">
        <ele>24.100263</ele>
        <time>2022-08-13T21:30:15.999Z</time>
      </trkpt>
      <trkpt lat="37.441594" lon="-122.437319">
        <ele>24.128550</ele>
        <time>2022-08-13T21:30:19.999Z</time>
      </trkpt>
      <trkpt lat="37.441479" lon="-122.437308">
        <ele>24.156526</ele>
        <time>2022-08-13T21:30:23.999Z</time>
      </trkpt>
      <trkpt lat="37.441391" lon="-122.437286">
        <ele>24.178289</ele>
        <time>2022-08-13T21:30:26.999Z</time>
      </trkpt>
      <trkpt lat="37.441300" lon="-122.437294">
        <ele>24.200417</ele>
        <time>2022-08-13T21:30:29.999Z</time>
      </trkpt>
      <trkpt lat="37.441184" lon="-122.437279">
        <ele>24.228703</ele>
        <time>2022-08-13T21:30:33.999Z</time>
      </trkpt>
      <trkpt lat="37.441092" lon="-122.437271">
        <ele>24.251073</ele>
        <time>2022-08-13T21:30:36.999Z</time>
      </trkpt>
      <trkpt lat="37.440996" lon="-122.437274">
        <ele>24.274367</ele>
        <time>2022-08-13T21:30:39.999Z</time>
      </trkpt>
      <trkpt lat="37.440895" lon="-122.437269">
        <ele>24.298886</ele>
        <time>2022-08-13T21:30:42.999Z</time>
      </trkpt>
      <trkpt lat="37.440804" lon="-122.437347">
        <ele>24.325587</ele>
        <time>2022-08-13T21:30:46.999Z</time>
      </trkpt>
      <trkpt lat="37.440731" lon="-122.437462">
        <ele>24.353945</ele>
        <time>2022-08-13T21:30:50.999Z</time>
      </trkpt>
      <trkpt lat="37.440620" lon="-122.437493">
        <ele>24.381525</ele>
        <time>2022-08-13T21:30:54.999Z</time>
      </trkpt>
      <trkpt lat="37.440503" lon="-122.437472">
        <ele>24.410192</ele>
        <time>2022-08-13T21:30:58.999Z</time>
      </trkpt>
      <trkpt lat="37.440384" lon="-122.437497">
        <ele>24.439458</ele>
        <time>2022-08-13T21:31:02.999Z</time>
      </trkpt>
      <trkpt lat="37.440279" lon="-122.437517">
        <ele>24.465217</ele>
        <time>2022-08-13T21:31:06.999Z</time>
      </trkpt>
      <trkpt lat="37.440184" lon="-122.437470">
        <ele>24.489976</ele>
        <time>2022-08-13T21:31:18.999Z</time>
      </trkpt>
      <trkpt lat="37.440166" lon="-122.437593">
        <ele>24.514065</ele>
        <time>2022-08-13T21:31:33.999Z</time>
      </trkpt>
      <trkpt lat="37.440139" lon="-122.437730">
        <ele>24.467643</ele>
        <time>2022-08-13T21:31:38.999Z</time>
      </trkpt>
      <trkpt lat="37.440124" lon="-122.437862">
        <ele>24.422280</ele>
        <time>2022-08-13T21:31:42.999Z</time>
      </trkpt>
      <trkpt lat="37.440099" lon="-122.437971">
        <ele>24.383683</ele>
        <time>2022-08-13T21:31:46.999Z</time>
      </trkpt>
      <trkpt lat="37.440079" lon="-122.438110">
        <ele>24.335626</ele>
        <time>2022-08-13T21:31:51.999Z</time>
      </trkpt>
      <trkpt lat="37.440062" lon="-122.438244">
        <ele>24.289462</ele>
        <time>2022-08-13T21:31:55.999Z</time>
      </trkpt>
      <trkpt lat="37.440050" lon="-122.438374">
        <ele>24.244939</ele>
        <time>2022-08-13T21:31:58.999Z</time>
      </trkpt>
      <trkpt lat="37.440024" lon="-122.438513">
        <ele>24.196358</ele>
        <time>2022-08-13T21:32:01.999Z</time>
      </trkpt>
      <trkpt lat="37.439996" lon="-122.438676">
        <ele>24.139623</ele>
        <time>2022-08-13T21:32:04.999Z</time>
      </trkpt>
      <trkpt lat="37.439967" lon="-122.438833">
        <ele>24.084787</ele>
        <time>2022-08-13T21:32:07.999Z</time>
      </trkpt>
      <trkpt lat="37.439942" lon="-122.438986">
        <ele>24.031646</ele>
        <time>2022-08-13T21:32:10.999Z</time>
      </trkpt>
      <trkpt lat="37.439918" lon="-122.439140">
        <ele>23.978257</ele>
        <time>2022-08-13T21:32:13.999Z</time>
      </trkpt>
      <trkpt lat="37.439898" lon="-122.439292">
        <ele>23.925842</ele>
        <time>2022-08-13T21:32:16.999Z</time>
      </trkpt>
      <trkpt lat="37.439872" lon="-122.439446">
        <ele>23.872281</ele>
        <time>2022-08-13T21:32:19.999Z</time>
      </trkpt>
      <trkpt lat="37.439853" lon="-122.439597">
        <ele>23.820271</ele>
        <time>2022-08-13T21:32:22.999Z</time>
      </trkpt>
      <trkpt lat="37.439830" lon="-122.439751">
        <ele>23.766962</ele>
        <time>2022-08-13T21:32:25.999Z</time>
      </trkpt>
      <trkpt lat="37.439800" lon="-122.439916">
        <ele>23.714415</ele>
        <time>2022-08-13T21:32:28.999Z</time>
      </trkpt>
      <trkpt lat="37.439794" lon="-122.440036">
        <ele>23.679464</ele>
        <time>2022-08-13T21:32:30.999Z</time>
      </trkpt>
      <trkpt lat="37.439774" lon="-122.440147">
        <ele>23.646377</ele>
        <time>2022-08-13T21:32:32.999Z</time>
      </trkpt>
      <trkpt lat="37.439750" lon="-122.440259">
        <ele>23.612655</ele>
        <time>2022-08-13T21:32:34.999Z</time>
      </trkpt>
      <trkpt lat="37.439738" lon="-122.440373">
        <ele>23.579227</ele>
        <time>2022-08-13T21:32:36.999Z</time>
      </trkpt>
      <trkpt lat="37.439711" lon="-122.440534">
        <ele>23.531394</ele>
        <time>2022-08-13T21:32:39.999Z</time>
      </trkpt>
      <trkpt lat="37.439685" lon="-122.440698">
        <ele>23.482780</ele>
        <time>2022-08-13T21:32:42.999Z</time>
      </trkpt>
      <trkpt lat="37.439660" lon="-122.440844">
        <ele>23.439364</ele>
        <time>2022-08-13T21:32:45.999Z</time>
      </trkpt>
      <trkpt lat="37.439643" lon="-122.440981">
        <ele>23.399057</ele>
        <time>2022-08-13T21:32:48.999Z</time>
      </trkpt>
      <trkpt lat="37.439619" lon="-122.441123">
        <ele>23.356854</ele>
        <time>2022-08-13T21:32:51.999Z</time>
      </trkpt>
      <trkpt lat="37.439592" lon="-122.441263">
        <ele>23.314975</ele>
        <time>2022-08-13T21:32:54.999Z</time>
      </trkpt>
      <trkpt lat="37.439572" lon="-122.441404">
        <ele>23.273339</ele>
        <time>2022-08-13T21:32:57.999Z</time>
      </trkpt>
      <trkpt lat="37.439550" lon="-122.441546">
        <ele>23.231283</ele>
        <time>2022-08-13T21:33:00.999Z</time>
      </trkpt>
      <trkpt lat="37.439521" lon="-122.441694">
        <ele>23.186970</ele>
        <time>2022-08-13T21:33:03.999Z</time>
      </trkpt>
      <trkpt lat="37.439494" lon="-122.441841">
        <ele>23.143111</ele>
        <time>2022-08-13T21:33:06.999Z</time>
      </trkpt>
      <trkpt lat="37.439467" lon="-122.441984">
        <ele>23.100383</ele>
        <time>2022-08-13T21:33:09.999Z</time>
      </trkpt>
      <trkpt lat="37.439441" lon="-122.442127">
        <ele>23.040580</ele>
        <time>2022-08-13T21:33:12.999Z</time>
      </trkpt>
      <trkpt lat="37.439422" lon="-122.442267">
        <ele>22.973775</ele>
        <time>2022-08-13T21:33:15.999Z</time>
      </trkpt>
      <trkpt lat="37.439392" lon="-122.442407">
        <ele>22.905569</ele>
        <time>2022-08-13T21:33:18.999Z</time>
      </trkpt>
      <trkpt lat="37.439363" lon="-122.442548">
        <ele>22.837059</ele>
        <time>2022-08-13T21:33:21.999Z</time>
      </trkpt>
      <trkpt lat="37.439343" lon="-122.442689">
        <ele>22.769689</ele>
        <time>2022-08-13T21:33:24.999Z</time>
      </trkpt>
      <trkpt lat="37.439321" lon="-122.442823">
        <ele>22.705327</ele>
        <time>2022-08-13T21:33:27.999Z</time>
      </trkpt>
      <trkpt lat="37.439254" lon="-122.442921">
        <ele>22.644499</ele>
        <time>2022-08-13T21:33:30.999Z</time>
      </trkpt>
      <trkpt lat="37.439159" lon="-122.442916">
        <ele>22.588172</ele>
        <time>2022-08-13T21:33:33.999Z</time>
      </trkpt>
      <trkpt lat="37.439063" lon="-122.442897">
        <ele>22.530604</ele>
        <time>2022-08-13T21:33:36.999Z</time>
      </trkpt>
      <trkpt lat="37.438965" lon="-122.442878">
        <ele>22.471866</ele>
        <time>2022-08-13T21:33:39.999Z</time>
      </trkpt>
      <trkpt lat="37.438866" lon="-122.442865">
        <ele>22.412901</ele>
        <time>2022-08-13T21:33:42.999Z</time>
      </trkpt>
      <trkpt lat="37.438766" lon="-122.442840">
        <ele>22.352506</ele>
        <time>2022-08-13T21:33:45.999Z</time>
      </trkpt>
      <trkpt lat="37.438656" lon="-122.442811">
        <ele>22.285930</ele>
        <time>2022-08-13T21:33:48.999Z</time>
      </trkpt>
      <trkpt lat="37.438545" lon="-122.442785">
        <ele>22.219047</ele>
        <time>2022-08-13T21:33:51.999Z</time>
      </trkpt>
      <trkpt lat="37.438432" lon="-122.442760">
        <ele>22.151081</ele>
        <time>2022-08-13T21:33:54.999Z</time>
      </trkpt>
      <trkpt lat="37.438317" lon="-122.442736">
        <ele>22.082027</ele>
        <time>2022-08-13T21:33:57.999Z</time>
      </trkpt>
      <trkpt lat="37.438209" lon="-122.442709">
        <ele>22.024499</ele>
        <time>2022-08-13T21:34:00.999Z</time>
      </trkpt>
      <trkpt lat="37.438105" lon="-122.442684">
        <ele>22.112996</ele>
        <time>2022-08-13T21:34:03.999Z</time>
      </trkpt>
      <trkpt lat="37.437999" lon="-122.442649">
        <ele>22.204591</ele>
        <time>2022-08-13T21:34:06.999Z</time>
      </trkpt>
      <trkpt lat="37.437890" lon="-122.442643">
        <ele>22.295785</ele>
        <time>2022-08-13T21:34:09.999Z</time>
      </trkpt>
      <trkpt lat="37.437796" lon="-122.442595">
        <ele>22.380568</ele>
        <time>2022-08-13T21:34:12.999Z</time>
      </trkpt>
      <trkpt lat="37.437718" lon="-122.442514">
        <ele>22.465069</ele>
        <time>2022-08-13T21:34:15.999Z</time>
      </trkpt>
      <trkpt lat="37.437689" lon="-122.442388">
        <ele>22.552135</ele>
        <time>2022-08-13T21:34:19.999Z</time>
      </trkpt>
      <trkpt lat="37.437703" lon="-122.442266">
        <ele>22.633945</ele>
        <time>2022-08-13T21:34:22.999Z</time>
      </trkpt>
      <trkpt lat="37.437718" lon="-122.442146">
        <ele>22.714567</ele>
        <time>2022-08-13T21:34:26.999Z</time>
      </trkpt>
      <trkpt lat="37.437723" lon="-122.442022">
        <ele>22.796969</ele>
        <time>2022-08-13T21:34:30.999Z</time>
      </trkpt>
      <trkpt lat="37.437731" lon="-122.441897">
        <ele>22.880197</ele>
        <time>2022-08-13T21:34:35.999Z</time>
      </trkpt>
      <trkpt lat="37.437756" lon="-122.441766">
        <ele>22.969615</ele>
        <time>2022-08-13T21:34:40.999Z</time>
      </trkpt>
      <trkpt lat="37.437778" lon="-122.441631">
        <ele>23.061079</ele>
        <time>2022-08-13T21:34:45.999Z</time>
      </trkpt>
      <trkpt lat="37.437807" lon="-122.441518">
        <ele>23.139894</ele>
        <time>2022-08-13T21:34:49.999Z</time>
      </trkpt>
      <trkpt lat="37.437816" lon="-122.441401">
        <ele>23.217908</ele>
        <time>2022-08-13T21:34:53.999Z</time>
      </trkpt>
      <trkpt lat="37.437832" lon="-122.441283">
        <ele>23.297355</ele>
        <time>2022-08-13T21:34:57.999Z</time>
      </trkpt>
      <trkpt lat="37.437826" lon="-122.441149">
        <ele>23.386429</ele>
        <time>2022-08-13T21:35:01.999Z</time>
      </trkpt>
      <trkpt lat="37.437827" lon="-122.441010">
        <ele>23.478684</ele>
        <time>2022-08-13T21:35:05.999Z</time>
      </trkpt>
      <trkpt lat="37.437848" lon="-122.440882">
        <ele>23.295647</ele>
        <time>2022-08-13T21:35:09.999Z</time>
      </trkpt>
      <trkpt lat="37.437867" lon="-122.440746">
        <ele>22.799175</ele>
        <time>2022-08-13T21:35:13.999Z</time>
      </trkpt>
      <trkpt lat="37.437900" lon="-122.440617">
        <ele>22.311904</ele>
        <time>2022-08-13T21:35:17.999Z</time>
      </trkpt>
      <trkpt lat="37.437943" lon="-122.440486">
        <ele>21.802261</ele>
        <time>2022-08-13T21:35:22.999Z</time>
      </trkpt>
      <trkpt lat="37.437931" lon="-122.440364">
        <ele>21.360282</ele>
        <time>2022-08-13T21:35:25.999Z</time>
      </trkpt>
      <trkpt lat="37.437827" lon="-122.440319">
        <ele>20.862351</ele>
        <time>2022-08-13T21:35:28.999Z</time>
      </trkpt>
      <trkpt lat="37.437725" lon="-122.440309">
        <ele>20.399096</ele>
        <time>2022-08-13T21:35:31.999Z</time>
      </trkpt>
      <trkpt lat="37.437631" lon="-122.440317">
        <ele>19.972492</ele>
        <time>2022-08-13T21:35:38.999Z</time>
      </trkpt>
      <trkpt lat="37.437597" lon="-122.440423">
        <ele>19.561467</ele>
        <time>2022-08-13T21:35:49.999Z</time>
      </trkpt>
      <trkpt lat="37.437551" lon="-122.440527">
        <ele>19.133454</ele>
        <time>2022-08-13T21:35:55.999Z</time>
      </trkpt>
      <trkpt lat="37.437483" lon="-122.440609">
        <ele>18.707165</ele>
        <time>2022-08-13T21:36:04.999Z</time>
      </trkpt>
      <trkpt lat="37.437394" lon="-122.440658">
        <ele>18.267347</ele>
        <time>2022-08-13T21:36:14.999Z</time>
      </trkpt>
      <trkpt lat="37.437290" lon="-122.440634">
        <ele>17.788594</ele>
        <time>2022-08-13T21:36:20.999Z</time>
      </trkpt>
      <trkpt lat="37.437209" lon="-122.440532">
        <ele>17.269936</ele>
        <time>2022-08-13T21:36:24.999Z</time>
      </trkpt>
      <trkpt lat="37.437128" lon="-122.440461">
        <ele>16.823078</ele>
        <time>2022-08-13T21:36:27.999Z</time>
      </trkpt>
      <trkpt lat="37.437024" lon="-122.440420">
        <ele>16.329632</ele>
        <time>2022-08-13T21:36:31.999Z</time>
      </trkpt>
      <trkpt lat="37.436927" lon="-122.440372">
        <ele>15.857726</ele>
        <time>2022-08-13T21:36:34.999Z</time>
      </trkpt>
      <trkpt lat="37.436832" lon="-122.440360">
        <ele>15.425407</ele>
        <time>2022-08-13T21:36:37.999Z</time>
      </trkpt>
      <trkpt lat="37.436736" lon="-122.440386">
        <ele>15.219636</ele>
        <time>2022-08-13T21:36:40.999Z</time>
      </trkpt>
      <trkpt lat="37.436611" lon="-122.440407">
        <ele>14.991032</ele>
        <time>2022-08-13T21:36:44.999Z</time>
      </trkpt>
      <trkpt lat="37.436476" lon="-122.440458">
        <ele>14.735535</ele>
        <time>2022-08-13T21:36:47.999Z</time>
      </trkpt>
      <trkpt lat="37.436397" lon="-122.440526">
        <ele>14.562073</ele>
        <time>2022-08-13T21:36:49.999Z</time>
      </trkpt>
      <trkpt lat="37.436287" lon="-122.440604">
        <ele>14.333233</ele>
        <time>2022-08-13T21:36:52.999Z</time>
      </trkpt>
      <trkpt lat="37.436177" lon="-122.440666">
        <ele>14.114769</ele>
        <time>2022-08-13T21:36:55.999Z</time>
      </trkpt>
      <trkpt lat="37.436056" lon="-122.440697">
        <ele>13.890930</ele>
        <time>2022-08-13T21:36:58.999Z</time>
      </trkpt>
      <trkpt lat="37.435939" lon="-122.440711">
        <ele>13.677880</ele>
        <time>2022-08-13T21:37:01.999Z</time>
      </trkpt>
      <trkpt lat="37.435832" lon="-122.440719">
        <ele>13.483572</ele>
        <time>2022-08-13T21:37:04.999Z</time>
      </trkpt>
      <trkpt lat="37.435744" lon="-122.440770">
        <ele>13.307967</ele>
        <time>2022-08-13T21:37:07.999Z</time>
      </trkpt>
      <trkpt lat="37.435665" lon="-122.440829">
        <ele>13.141471</ele>
        <time>2022-08-13T21:37:10.999Z</time>
      </trkpt>
      <trkpt lat="37.435560" lon="-122.440891">
        <ele>12.931247</ele>
        <time>2022-08-13T21:37:14.999Z</time>
      </trkpt>
      <trkpt lat="37.435464" lon="-122.440940">
        <ele>12.743471</ele>
        <time>2022-08-13T21:37:18.999Z</time>
      </trkpt>
      <trkpt lat="37.435369" lon="-122.440984">
        <ele>12.559980</ele>
        <time>2022-08-13T21:37:22.999Z</time>
      </trkpt>
      <trkpt lat="37.435221" lon="-122.441042">
        <ele>12.279000</ele>
        <time>2022-08-13T21:38:48.999Z</time>
      </trkpt>
      <trkpt lat="37.435125" lon="-122.441070">
        <ele>12.122810</ele>
        <time>2022-08-13T21:38:53.999Z</time>
      </trkpt>
      <trkpt lat="37.435031" lon="-122.441094">
        <ele>12.163309</ele>
        <time>2022-08-13T21:39:00.999Z</time>
      </trkpt>
      <trkpt lat="37.434946" lon="-122.441189">
        <ele>12.211296</ele>
        <time>2022-08-13T21:39:05.999Z</time>
      </trkpt>
      <trkpt lat="37.434895" lon="-122.441302">
        <ele>12.254876</ele>
        <time>2022-08-13T21:39:09.999Z</time>
      </trkpt>
      <trkpt lat="37.434852" lon="-122.441409">
        <ele>12.295085</ele>
        <time>2022-08-13T21:39:12.999Z</time>
      </trkpt>
      <trkpt lat="37.434858" lon="-122.441538">
        <ele>12.338411</ele>
        <time>2022-08-13T21:39:15.999Z</time>
      </trkpt>
      <trkpt lat="37.434860" lon="-122.441690">
        <ele>12.389382</ele>
        <time>2022-08-13T21:39:19.999Z</time>
      </trkpt>
      <trkpt lat="37.434804" lon="-122.441825">
        <ele>12.440450</ele>
        <time>2022-08-13T21:39:22.999Z</time>
      </trkpt>
      <trkpt lat="37.434725" lon="-122.441891">
        <ele>12.480481</ele>
        <time>2022-08-13T21:39:24.999Z</time>
      </trkpt>
      <trkpt lat="37.434625" lon="-122.441912">
        <ele>12.523289</ele>
        <time>2022-08-13T21:39:26.999Z</time>
      </trkpt>
      <trkpt lat="37.434527" lon="-122.441925">
        <ele>12.564899</ele>
        <time>2022-08-13T21:39:28.999Z</time>
      </trkpt>
      <trkpt lat="37.434418" lon="-122.441933">
        <ele>12.611002</ele>
        <time>2022-08-13T21:39:31.999Z</time>
      </trkpt>
      <trkpt lat="37.434327" lon="-122.441934">
        <ele>12.649429</ele>
        <time>2022-08-13T21:39:34.999Z</time>
      </trkpt>
      <trkpt lat="37.434231" lon="-122.441923">
        <ele>12.690133</ele>
        <time>2022-08-13T21:39:37.999Z</time>
      </trkpt>
      <trkpt lat="37.434138" lon="-122.441930">
        <ele>12.729472</ele>
        <time>2022-08-13T21:39:40.999Z</time>
      </trkpt>
      <trkpt lat="37.434021" lon="-122.441932">
        <ele>12.778880</ele>
        <time>2022-08-13T21:39:44.999Z</time>
      </trkpt>
      <trkpt lat="37.433925" lon="-122.441980">
        <ele>12.822495</ele>
        <time>2022-08-13T21:39:48.999Z</time>
      </trkpt>
      <trkpt lat="37.433849" lon="-122.442042">
        <ele>12.860731</ele>
        <time>2022-08-13T21:39:52.999Z</time>
      </trkpt>
      <trkpt lat="37.433791" lon="-122.442158">
        <ele>12.930384</ele>
        <time>2022-08-13T21:39:57.999Z</time>
      </trkpt>
      <trkpt lat="37.433736" lon="-122.442280">
        <ele>13.016331</ele>
        <time>2022-08-13T21:40:02.999Z</time>
      </trkpt>
      <trkpt lat="37.433655" lon="-122.442357">
        <ele>13.094631</ele>
        <time>2022-08-13T21:40:07.999Z</time>
      </trkpt>
      <trkpt lat="37.433548" lon="-122.442359">
        <ele>13.177193</ele>
        <time>2022-08-13T21:40:13.999Z</time>
      </trkpt>
      <trkpt lat="37.433438" lon="-122.442374">
        <ele>13.262558</ele>
        <time>2022-08-13T21:40:18.999Z</time>
      </trkpt>
      <trkpt lat="37.433343" lon="-122.442323">
        <ele>13.342235</ele>
        <time>2022-08-13T21:40:24.999Z</time>
      </trkpt>
      <trkpt lat="37.433267" lon="-122.442249">
        <ele>13.416353</ele>
        <time>2022-08-13T21:40:29.999Z</time>
      </trkpt>
      <trkpt lat="37.433213" lon="-122.442156">
        <ele>13.486936</ele>
        <time>2022-08-13T21:40:35.999Z</time>
      </trkpt>
      <trkpt lat="37.433182" lon="-122.442027">
        <ele>13.569507</ele>
        <time>2022-08-13T21:40:42.999Z</time>
      </trkpt>
      <trkpt lat="37.433112" lon="-122.441952">
        <ele>13.640415</ele>
        <time>2022-08-13T21:40:49.999Z</time>
      </trkpt>
      <trkpt lat="37.433726" lon="-122.442099">
        <ele>14.122618</ele>
        <time>2022-08-13T21:59:31.999Z</time>
      </trkpt>
      <trkpt lat="37.433790" lon="-122.442018">
        <ele>14.192623</ele>
        <time>2022-08-13T21:59:40.999Z</time>
      </trkpt>
      <trkpt lat="37.433872" lon="-122.441945">
        <ele>14.260572</ele>
        <time>2022-08-13T21:59:46.999Z</time>
      </trkpt>
      <trkpt lat="37.433978" lon="-122.441930">
        <ele>14.162282</ele>
        <time>2022-08-13T21:59:51.999Z</time>
      </trkpt>
      <trkpt lat="37.434093" lon="-122.441910">
        <ele>14.055309</ele>
        <time>2022-08-13T21:59:54.999Z</time>
      </trkpt>
      <trkpt lat="37.434213" lon="-122.441896">
        <ele>13.944260</ele>
        <time>2022-08-13T21:59:57.999Z</time>
      </trkpt>
      <trkpt lat="37.434334" lon="-122.441890">
        <ele>13.832677</ele>
        <time>2022-08-13T22:00:00.999Z</time>
      </trkpt>
      <trkpt lat="37.434427" lon="-122.441919">
        <ele>13.744393</ele>
        <time>2022-08-13T22:00:02.999Z</time>
      </trkpt>
      <trkpt lat="37.434520" lon="-122.441945">
        <ele>13.656611</ele>
        <time>2022-08-13T22:00:04.999Z</time>
      </trkpt>
      <trkpt lat="37.434624" lon="-122.441909">
        <ele>13.557225</ele>
        <time>2022-08-13T22:00:06.999Z</time>
      </trkpt>
      <trkpt lat="37.434723" lon="-122.441871">
        <ele>13.461858</ele>
        <time>2022-08-13T22:00:08.999Z</time>
      </trkpt>
      <trkpt lat="37.434820" lon="-122.441773">
        <ele>13.347269</ele>
        <time>2022-08-13T22:00:11.999Z</time>
      </trkpt>
      <trkpt lat="37.434839" lon="-122.441632">
        <ele>13.242626</ele>
        <time>2022-08-13T22:00:14.999Z</time>
      </trkpt>
      <trkpt lat="37.434828" lon="-122.441486">
        <ele>13.135321</ele>
        <time>2022-08-13T22:00:17.999Z</time>
      </trkpt>
      <trkpt lat="37.434854" lon="-122.441322">
        <ele>13.012957</ele>
        <time>2022-08-13T22:00:20.999Z</time>
      </trkpt>
      <trkpt lat="37.434907" lon="-122.441226">
        <ele>12.927406</ele>
        <time>2022-08-13T22:00:22.999Z</time>
      </trkpt>
      <trkpt lat="37.434974" lon="-122.441125">
        <ele>12.831111</ele>
        <time>2022-08-13T22:00:25.999Z</time>
      </trkpt>
      <trkpt lat="37.435072" lon="-122.441103">
        <ele>12.739385</ele>
        <time>2022-08-13T22:00:28.999Z</time>
      </trkpt>
      <trkpt lat="37.435196" lon="-122.441075">
        <ele>12.623302</ele>
        <time>2022-08-13T22:00:31.999Z</time>
      </trkpt>
      <trkpt lat="37.435313" lon="-122.441016">
        <ele>12.619127</ele>
        <time>2022-08-13T22:00:34.999Z</time>
      </trkpt>
      <trkpt lat="37.435420" lon="-122.440978">
        <ele>12.630005</ele>
        <time>2022-08-13T22:00:37.999Z</time>
      </trkpt>
      <trkpt lat="37.435512" lon="-122.440932">
        <ele>12.639690</ele>
        <time>2022-08-13T22:00:40.999Z</time>
      </trkpt>
      <trkpt lat="37.435594" lon="-122.440881">
        <ele>12.648639</ele>
        <time>2022-08-13T22:00:43.999Z</time>
      </trkpt>
      <trkpt lat="37.435690" lon="-122.440817">
        <ele>12.659267</ele>
        <time>2022-08-13T22:00:47.999Z</time>
      </trkpt>
      <trkpt lat="37.435784" lon="-122.440756">
        <ele>12.669614</ele>
        <time>2022-08-13T22:00:52.999Z</time>
      </trkpt>
      <trkpt lat="37.435900" lon="-122.440765">
        <ele>12.680986</ele>
        <time>2022-08-13T22:00:57.999Z</time>
      </trkpt>
      <trkpt lat="37.435982" lon="-122.440838">
        <ele>12.690811</ele>
        <time>2022-08-13T22:01:00.999Z</time>
      </trkpt>
      <trkpt lat="37.436041" lon="-122.440941">
        <ele>12.700679</ele>
        <time>2022-08-13T22:01:03.999Z</time>
      </trkpt>
      <trkpt lat="37.436117" lon="-122.441011">
        <ele>12.709892</ele>
        <time>2022-08-13T22:01:06.999Z</time>
      </trkpt>
      <trkpt lat="37.436200" lon="-122.441062">
        <ele>12.718928</ele>
        <time>2022-08-13T22:01:09.999Z</time>
      </trkpt>
      <trkpt lat="37.436277" lon="-122.441001">
        <ele>12.727829</ele>
        <time>2022-08-13T22:01:13.999Z</time>
      </trkpt>
      <trkpt lat="37.436177" lon="-122.441059">
        <ele>12.738602</ele>
        <time>2022-08-13T22:01:22.999Z</time>
      </trkpt>
      <trkpt lat="37.436088" lon="-122.441023">
        <ele>12.747748</ele>
        <time>2022-08-13T22:01:24.999Z</time>
      </trkpt>
      <trkpt lat="37.436026" lon="-122.440921">
        <ele>12.757728</ele>
        <time>2022-08-13T22:01:26.999Z</time>
      </trkpt>
      <trkpt lat="37.435953" lon="-122.440833">
        <ele>12.767616</ele>
        <time>2022-08-13T22:01:28.999Z</time>
      </trkpt>
      <trkpt lat="37.435862" lon="-122.440789">
        <ele>12.777154</ele>
        <time>2022-08-13T22:01:30.999Z</time>
      </trkpt>
      <trkpt lat="37.435764" lon="-122.440822">
        <ele>12.829539</ele>
        <time>2022-08-13T22:01:32.999Z</time>
      </trkpt>
      <trkpt lat="37.435688" lon="-122.440886">
        <ele>12.978756</ele>
        <time>2022-08-13T22:01:34.999Z</time>
      </trkpt>
      <trkpt lat="37.435576" lon="-122.440956">
        <ele>13.182826</ele>
        <time>2022-08-13T22:01:37.999Z</time>
      </trkpt>
      <trkpt lat="37.435480" lon="-122.440927">
        <ele>13.343954</ele>
        <time>2022-08-13T22:01:41.999Z</time>
      </trkpt>
      <trkpt lat="37.435569" lon="-122.440844">
        <ele>13.524703</ele>
        <time>2022-08-13T22:01:45.999Z</time>
      </trkpt>
      <trkpt lat="37.435675" lon="-122.440784">
        <ele>13.714379</ele>
        <time>2022-08-13T22:01:48.999Z</time>
      </trkpt>
      <trkpt lat="37.435782" lon="-122.440712">
        <ele>13.912381</ele>
        <time>2022-08-13T22:01:51.999Z</time>
      </trkpt>
      <trkpt lat="37.435901" lon="-122.440681">
        <ele>14.110715</ele>
        <time>2022-08-13T22:01:54.999Z</time>
      </trkpt>
      <trkpt lat="37.436008" lon="-122.440680">
        <ele>14.285356</ele>
        <time>2022-08-13T22:01:57.999Z</time>
      </trkpt>
      <trkpt lat="37.436107" lon="-122.440646">
        <ele>14.452837</ele>
        <time>2022-08-13T22:02:00.999Z</time>
      </trkpt>
      <trkpt lat="37.436212" lon="-122.440587">
        <ele>14.640493</ele>
        <time>2022-08-13T22:02:03.999Z</time>
      </trkpt>
      <trkpt lat="37.436326" lon="-122.440532">
        <ele>14.839740</ele>
        <time>2022-08-13T22:02:06.999Z</time>
      </trkpt>
      <trkpt lat="37.436431" lon="-122.440438">
        <ele>15.049998</ele>
        <time>2022-08-13T22:02:09.999Z</time>
      </trkpt>
      <trkpt lat="37.436546" lon="-122.440390">
        <ele>15.247732</ele>
        <time>2022-08-13T22:02:12.999Z</time>
      </trkpt>
      <trkpt lat="37.436663" lon="-122.440401">
        <ele>15.439221</ele>
        <time>2022-08-13T22:02:16.999Z</time>
      </trkpt>
      <trkpt lat="37.436760" lon="-122.440362">
        <ele>15.605409</ele>
        <time>2022-08-13T22:02:19.999Z</time>
      </trkpt>
      <trkpt lat="37.436855" lon="-122.440397">
        <ele>15.849964</ele>
        <time>2022-08-13T22:02:22.999Z</time>
      </trkpt>
      <trkpt lat="37.436949" lon="-122.440423">
        <ele>16.284542</ele>
        <time>2022-08-13T22:02:25.999Z</time>
      </trkpt>
      <trkpt lat="37.437051" lon="-122.440446">
        <ele>16.752452</ele>
        <time>2022-08-13T22:02:29.999Z</time>
      </trkpt>
      <trkpt lat="37.437130" lon="-122.440509">
        <ele>17.174681</ele>
        <time>2022-08-13T22:02:33.999Z</time>
      </trkpt>
      <trkpt lat="37.437206" lon="-122.440580">
        <ele>17.601972</ele>
        <time>2022-08-13T22:02:38.998Z</time>
      </trkpt>
      <trkpt lat="37.437289" lon="-122.440627">
        <ele>18.012904</ele>
        <time>2022-08-13T22:02:48.998Z</time>
      </trkpt>
      <trkpt lat="37.437382" lon="-122.440626">
        <ele>18.432865</ele>
        <time>2022-08-13T22:02:55.998Z</time>
      </trkpt>
      <trkpt lat="37.437468" lon="-122.440582">
        <ele>18.852023</ele>
        <time>2022-08-13T22:03:01.998Z</time>
      </trkpt>
      <trkpt lat="37.437546" lon="-122.440522">
        <ele>19.264737</ele>
        <time>2022-08-13T22:03:16.999Z</time>
      </trkpt>
      <trkpt lat="37.437587" lon="-122.440418">
        <ele>19.681051</ele>
        <time>2022-08-13T22:03:26.999Z</time>
      </trkpt>
      <trkpt lat="37.437651" lon="-122.440335">
        <ele>20.095874</ele>
        <time>2022-08-13T22:03:36.999Z</time>
      </trkpt>
      <trkpt lat="37.437738" lon="-122.440307">
        <ele>20.501351</ele>
        <time>2022-08-13T22:03:46.999Z</time>
      </trkpt>
      <trkpt lat="37.437833" lon="-122.440314">
        <ele>20.931061</ele>
        <time>2022-08-13T22:03:50.999Z</time>
      </trkpt>
      <trkpt lat="37.437926" lon="-122.440379">
        <ele>21.411339</ele>
        <time>2022-08-13T22:03:56.999Z</time>
      </trkpt>
      <trkpt lat="37.437929" lon="-122.440498">
        <ele>21.838217</ele>
        <time>2022-08-13T22:04:01.999Z</time>
      </trkpt>
      <trkpt lat="37.437902" lon="-122.440621">
        <ele>22.295764</ele>
        <time>2022-08-13T22:04:06.999Z</time>
      </trkpt>
      <trkpt lat="37.437890" lon="-122.440754">
        <ele>22.775691</ele>
        <time>2022-08-13T22:04:11.999Z</time>
      </trkpt>
      <trkpt lat="37.437868" lon="-122.440864">
        <ele>23.182404</ele>
        <time>2022-08-13T22:04:15.999Z</time>
      </trkpt>
      <trkpt lat="37.437856" lon="-122.440985">
        <ele>23.619609</ele>
        <time>2022-08-13T22:04:19.999Z</time>
      </trkpt>
      <trkpt lat="37.437855" lon="-122.441126">
        <ele>23.792247</ele>
        <time>2022-08-13T22:04:24.999Z</time>
      </trkpt>
      <trkpt lat="37.437855" lon="-122.441243">
        <ele>23.718835</ele>
        <time>2022-08-13T22:04:27.999Z</time>
      </trkpt>
      <trkpt lat="37.437851" lon="-122.441381">
        <ele>23.632190</ele>
        <time>2022-08-13T22:04:31.998Z</time>
      </trkpt>
      <trkpt lat="37.437837" lon="-122.441517">
        <ele>23.546143</ele>
        <time>2022-08-13T22:04:35.998Z</time>
      </trkpt>
      <trkpt lat="37.437809" lon="-122.441625">
        <ele>23.474857</ele>
        <time>2022-08-13T22:04:38.998Z</time>
      </trkpt>
      <trkpt lat="37.437790" lon="-122.441744">
        <ele>23.398697</ele>
        <time>2022-08-13T22:04:41.998Z</time>
      </trkpt>
      <trkpt lat="37.437768" lon="-122.441867">
        <ele>23.319587</ele>
        <time>2022-08-13T22:04:44.998Z</time>
      </trkpt>
      <trkpt lat="37.437748" lon="-122.441985">
        <ele>23.243880</ele>
        <time>2022-08-13T22:04:47.998Z</time>
      </trkpt>
      <trkpt lat="37.437739" lon="-122.442106">
        <ele>23.167626</ele>
        <time>2022-08-13T22:04:50.998Z</time>
      </trkpt>
      <trkpt lat="37.437733" lon="-122.442226">
        <ele>23.092183</ele>
        <time>2022-08-13T22:04:53.998Z</time>
      </trkpt>
      <trkpt lat="37.437707" lon="-122.442349">
        <ele>23.012319</ele>
        <time>2022-08-13T22:04:57.998Z</time>
      </trkpt>
      <trkpt lat="37.437700" lon="-122.442469">
        <ele>22.936822</ele>
        <time>2022-08-13T22:05:03.998Z</time>
      </trkpt>
      <trkpt lat="37.437802" lon="-122.442547">
        <ele>22.842524</ele>
        <time>2022-08-13T22:05:09.998Z</time>
      </trkpt>
      <trkpt lat="37.437906" lon="-122.442557">
        <ele>22.760102</ele>
        <time>2022-08-13T22:05:12.999Z</time>
      </trkpt>
      <trkpt lat="37.438011" lon="-122.442594">
        <ele>22.673942</ele>
        <time>2022-08-13T22:05:15.999Z</time>
      </trkpt>
      <trkpt lat="37.438110" lon="-122.442610">
        <ele>22.595068</ele>
        <time>2022-08-13T22:05:18.999Z</time>
      </trkpt>
      <trkpt lat="37.438207" lon="-122.442630">
        <ele>22.517396</ele>
        <time>2022-08-13T22:05:21.999Z</time>
      </trkpt>
      <trkpt lat="37.438306" lon="-122.442641">
        <ele>22.438860</ele>
        <time>2022-08-13T22:05:24.999Z</time>
      </trkpt>
      <trkpt lat="37.438409" lon="-122.442656">
        <ele>22.437630</ele>
        <time>2022-08-13T22:05:27.999Z</time>
      </trkpt>
      <trkpt lat="37.438509" lon="-122.442678">
        <ele>22.459244</ele>
        <time>2022-08-13T22:05:30.999Z</time>
      </trkpt>
      <trkpt lat="37.438610" lon="-122.442697">
        <ele>22.480986</ele>
        <time>2022-08-13T22:05:33.999Z</time>
      </trkpt>
      <trkpt lat="37.438724" lon="-122.442738">
        <ele>22.506228</ele>
        <time>2022-08-13T22:05:37.999Z</time>
      </trkpt>
      <trkpt lat="37.438815" lon="-122.442766">
        <ele>22.526173</ele>
        <time>2022-08-13T22:05:41.999Z</time>
      </trkpt>
      <trkpt lat="37.438915" lon="-122.442812">
        <ele>22.548839</ele>
        <time>2022-08-13T22:05:45.999Z</time>
      </trkpt>
      <trkpt lat="37.439004" lon="-122.442860">
        <ele>22.569453</ele>
        <time>2022-08-13T22:05:49.999Z</time>
      </trkpt>
      <trkpt lat="37.439109" lon="-122.442886">
        <ele>22.592236</ele>
        <time>2022-08-13T22:05:53.999Z</time>
      </trkpt>
      <trkpt lat="37.439213" lon="-122.442917">
        <ele>22.614990</ele>
        <time>2022-08-13T22:05:57.999Z</time>
      </trkpt>
      <trkpt lat="37.439290" lon="-122.442856">
        <ele>22.634358</ele>
        <time>2022-08-13T22:06:00.999Z</time>
      </trkpt>
      <trkpt lat="37.439324" lon="-122.442729">
        <ele>22.657015</ele>
        <time>2022-08-13T22:06:03.999Z</time>
      </trkpt>
      <trkpt lat="37.439343" lon="-122.442616">
        <ele>22.676541</ele>
        <time>2022-08-13T22:06:06.999Z</time>
      </trkpt>
      <trkpt lat="37.439362" lon="-122.442503">
        <ele>22.696067</ele>
        <time>2022-08-13T22:06:09.999Z</time>
      </trkpt>
      <trkpt lat="37.439386" lon="-122.442364">
        <ele>22.720114</ele>
        <time>2022-08-13T22:06:13.999Z</time>
      </trkpt>
      <trkpt lat="37.439405" lon="-122.442232">
        <ele>22.742792</ele>
        <time>2022-08-13T22:06:17.999Z</time>
      </trkpt>
      <trkpt lat="37.439424" lon="-122.442099">
        <ele>22.765637</ele>
        <time>2022-08-13T22:06:21.999Z</time>
      </trkpt>
      <trkpt lat="37.439447" lon="-122.441952">
        <ele>22.790965</ele>
        <time>2022-08-13T22:06:25.999Z</time>
      </trkpt>
      <trkpt lat="37.439468" lon="-122.441842">
        <ele>22.820155</ele>
        <time>2022-08-13T22:06:28.999Z</time>
      </trkpt>
      <trkpt lat="37.439487" lon="-122.441730">
        <ele>22.868855</ele>
        <time>2022-08-13T22:06:31.999Z</time>
      </trkpt>
      <trkpt lat="37.439514" lon="-122.441599">
        <ele>22.926407</ele>
        <time>2022-08-13T22:06:35.999Z</time>
      </trkpt>
      <trkpt lat="37.439535" lon="-122.441464">
        <ele>22.984904</ele>
        <time>2022-08-13T22:06:39.999Z</time>
      </trkpt>
      <trkpt lat="37.439548" lon="-122.441336">
        <ele>23.039777</ele>
        <time>2022-08-13T22:06:43.999Z</time>
      </trkpt>
      <trkpt lat="37.439569" lon="-122.441206">
        <ele>23.096189</ele>
        <time>2022-08-13T22:06:47.999Z</time>
      </trkpt>
      <trkpt lat="37.439592" lon="-122.441069">
        <ele>23.155733</ele>
        <time>2022-08-13T22:06:51.999Z</time>
      </trkpt>
      <trkpt lat="37.439616" lon="-122.440942">
        <ele>23.211246</ele>
        <time>2022-08-13T22:06:55.999Z</time>
      </trkpt>
      <trkpt lat="37.439641" lon="-122.440818">
        <ele>23.265647</ele>
        <time>2022-08-13T22:06:59.998Z</time>
      </trkpt>
      <trkpt lat="37.439666" lon="-122.440678">
        <ele>23.326666</ele>
        <time>2022-08-13T22:07:03.998Z</time>
      </trkpt>
      <trkpt lat="37.439688" lon="-122.440540">
        <ele>23.386519</ele>
        <time>2022-08-13T22:07:07.998Z</time>
      </trkpt>
      <trkpt lat="37.439709" lon="-122.440410">
        <ele>23.442931</ele>
        <time>2022-08-13T22:07:11.998Z</time>
      </trkpt>
      <trkpt lat="37.439734" lon="-122.440275">
        <ele>23.501878</ele>
        <time>2022-08-13T22:07:15.998Z</time>
      </trkpt>
      <trkpt lat="37.439750" lon="-122.440164">
        <ele>23.549849</ele>
        <time>2022-08-13T22:07:18.999Z</time>
      </trkpt>
      <trkpt lat="37.439777" lon="-122.440021">
        <ele>23.612353</ele>
        <time>2022-08-13T22:07:22.999Z</time>
      </trkpt>
      <trkpt lat="37.439798" lon="-122.439877">
        <ele>23.674610</ele>
        <time>2022-08-13T22:07:26.999Z</time>
      </trkpt>
      <trkpt lat="37.439821" lon="-122.439738">
        <ele>23.734986</ele>
        <time>2022-08-13T22:07:30.999Z</time>
      </trkpt>
      <trkpt lat="37.439832" lon="-122.439605">
        <ele>23.790549</ele>
        <time>2022-08-13T22:07:35.999Z</time>
      </trkpt>
      <trkpt lat="37.439853" lon="-122.439471">
        <ele>23.845627</ele>
        <time>2022-08-13T22:07:39.999Z</time>
      </trkpt>
      <trkpt lat="37.439877" lon="-122.439356">
        <ele>23.893576</ele>
        <time>2022-08-13T22:07:42.999Z</time>
      </trkpt>
      <trkpt lat="37.439891" lon="-122.439234">
        <ele>23.943283</ele>
        <time>2022-08-13T22:07:45.999Z</time>
      </trkpt>
      <trkpt lat="37.439913" lon="-122.439120">
        <ele>23.990592</ele>
        <time>2022-08-13T22:07:48.999Z</time>
      </trkpt>
      <trkpt lat="37.439929" lon="-122.439000">
        <ele>24.039659</ele>
        <time>2022-08-13T22:07:51.999Z</time>
      </trkpt>
      <trkpt lat="37.439937" lon="-122.438880">
        <ele>24.088220</ele>
        <time>2022-08-13T22:07:54.999Z</time>
      </trkpt>
      <trkpt lat="37.439967" lon="-122.438741">
        <ele>24.146305</ele>
        <time>2022-08-13T22:07:58.999Z</time>
      </trkpt>
      <trkpt lat="37.439997" lon="-122.438625">
        <ele>24.195501</ele>
        <time>2022-08-13T22:08:02.999Z</time>
      </trkpt>
      <trkpt lat="37.440013" lon="-122.438508">
        <ele>24.243376</ele>
        <time>2022-08-13T22:08:05.999Z</time>
      </trkpt>
      <trkpt lat="37.440032" lon="-122.438364">
        <ele>24.302240</ele>
        <time>2022-08-13T22:08:09.999Z</time>
      </trkpt>
      <trkpt lat="37.440046" lon="-122.438243">
        <ele>24.351548</ele>
        <time>2022-08-13T22:08:13.999Z</time>
      </trkpt>
      <trkpt lat="37.440086" lon="-122.438138">
        <ele>24.398511</ele>
        <time>2022-08-13T22:08:20.999Z</time>
      </trkpt>
      <trkpt lat="37.440184" lon="-122.437952">
        <ele>24.488527</ele>
        <time>2022-08-13T22:08:50.999Z</time>
      </trkpt>
      <trkpt lat="37.440237" lon="-122.437841">
        <ele>24.540757</ele>
        <time>2022-08-13T22:08:54.998Z</time>
      </trkpt>
      <trkpt lat="37.440251" lon="-122.437705">
        <ele>24.596058</ele>
        <time>2022-08-13T22:08:58.998Z</time>
      </trkpt>
      <trkpt lat="37.440273" lon="-122.437595">
        <ele>24.641801</ele>
        <time>2022-08-13T22:09:02.998Z</time>
      </trkpt>
      <trkpt lat="37.440338" lon="-122.437511">
        <ele>24.677204</ele>
        <time>2022-08-13T22:09:06.998Z</time>
      </trkpt>
      <trkpt lat="37.440432" lon="-122.437486">
        <ele>24.660696</ele>
        <time>2022-08-13T22:09:10.998Z</time>
      </trkpt>
      <trkpt lat="37.440534" lon="-122.437490">
        <ele>24.643160</ele>
        <time>2022-08-13T22:09:14.998Z</time>
      </trkpt>
      <trkpt lat="37.440628" lon="-122.437493">
        <ele>24.627003</ele>
        <time>2022-08-13T22:09:18.998Z</time>
      </trkpt>
      <trkpt lat="37.440720" lon="-122.437443">
        <ele>24.609785</ele>
        <time>2022-08-13T22:09:21.998Z</time>
      </trkpt>
      <trkpt lat="37.440776" lon="-122.437341">
        <ele>24.592866</ele>
        <time>2022-08-13T22:09:24.998Z</time>
      </trkpt>
      <trkpt lat="37.440840" lon="-122.437257">
        <ele>24.576983</ele>
        <time>2022-08-13T22:09:27.999Z</time>
      </trkpt>
      <trkpt lat="37.440937" lon="-122.437259">
        <ele>24.560313</ele>
        <time>2022-08-13T22:09:30.999Z</time>
      </trkpt>
      <trkpt lat="37.441051" lon="-122.437258">
        <ele>24.540723</ele>
        <time>2022-08-13T22:09:33.999Z</time>
      </trkpt>
      <trkpt lat="37.441158" lon="-122.437258">
        <ele>24.522337</ele>
        <time>2022-08-13T22:09:37.999Z</time>
      </trkpt>
      <trkpt lat="37.441274" lon="-122.437275">
        <ele>24.502270</ele>
        <time>2022-08-13T22:09:41.999Z</time>
      </trkpt>
      <trkpt lat="37.441367" lon="-122.437282">
        <ele>24.486261</ele>
        <time>2022-08-13T22:09:44.999Z</time>
      </trkpt>
      <trkpt lat="37.441481" lon="-122.437302">
        <ele>24.466483</ele>
        <time>2022-08-13T22:09:48.999Z</time>
      </trkpt>
      <trkpt lat="37.441582" lon="-122.437312">
        <ele>24.449075</ele>
        <time>2022-08-13T22:09:51.999Z</time>
      </trkpt>
      <trkpt lat="37.441673" lon="-122.437327">
        <ele>24.433304</ele>
        <time>2022-08-13T22:09:54.999Z</time>
      </trkpt>
      <trkpt lat="37.441771" lon="-122.437340">
        <ele>24.416372</ele>
        <time>2022-08-13T22:09:57.999Z</time>
      </trkpt>
      <trkpt lat="37.441885" lon="-122.437336">
        <ele>24.396775</ele>
        <time>2022-08-13T22:10:01.999Z</time>
      </trkpt>
      <trkpt lat="37.441996" lon="-122.437350">
        <ele>24.377606</ele>
        <time>2022-08-13T22:10:05.999Z</time>
      </trkpt>
      <trkpt lat="37.442110" lon="-122.437391">
        <ele>24.315200</ele>
        <time>2022-08-13T22:10:09.999Z</time>
      </trkpt>
      <trkpt lat="37.442227" lon="-122.437404">
        <ele>24.234033</ele>
        <time>2022-08-13T22:10:13.999Z</time>
      </trkpt>
      <trkpt lat="37.442325" lon="-122.437417">
        <ele>24.165936</ele>
        <time>2022-08-13T22:10:16.999Z</time>
      </trkpt>
      <trkpt lat="37.442426" lon="-122.437432">
        <ele>24.095656</ele>
        <time>2022-08-13T22:10:19.999Z</time>
      </trkpt>
      <trkpt lat="37.442525" lon="-122.437458">
        <ele>24.025771</ele>
        <time>2022-08-13T22:10:22.999Z</time>
      </trkpt>
      <trkpt lat="37.442620" lon="-122.437464">
        <ele>23.960038</ele>
        <time>2022-08-13T22:10:25.999Z</time>
      </trkpt>
      <trkpt lat="37.442730" lon="-122.437469">
        <ele>23.883973</ele>
        <time>2022-08-13T22:10:29.999Z</time>
      </trkpt>
      <trkpt lat="37.442840" lon="-122.437489">
        <ele>23.807170</ele>
        <time>2022-08-13T22:10:33.999Z</time>
      </trkpt>
      <trkpt lat="37.442942" lon="-122.437510">
        <ele>23.735747</ele>
        <time>2022-08-13T22:10:36.999Z</time>
      </trkpt>
      <trkpt lat="37.443041" lon="-122.437530">
        <ele>23.666459</ele>
        <time>2022-08-13T22:10:39.999Z</time>
      </trkpt>
      <trkpt lat="37.443132" lon="-122.437549">
        <ele>23.602715</ele>
        <time>2022-08-13T22:10:43.999Z</time>
      </trkpt>
      <trkpt lat="37.443249" lon="-122.437576">
        <ele>23.520516</ele>
        <time>2022-08-13T22:10:48.998Z</time>
      </trkpt>
      <trkpt lat="37.443355" lon="-122.437604">
        <ele>23.445671</ele>
        <time>2022-08-13T22:10:51.998Z</time>
      </trkpt>
      <trkpt lat="37.443444" lon="-122.437639">
        <ele>23.381240</ele>
        <time>2022-08-13T22:10:54.998Z</time>
      </trkpt>
      <trkpt lat="37.443545" lon="-122.437675">
        <ele>23.308702</ele>
        <time>2022-08-13T22:10:58.998Z</time>
      </trkpt>
      <trkpt lat="37.443641" lon="-122.437741">
        <ele>23.233122</ele>
        <time>2022-08-13T22:11:03.998Z</time>
      </trkpt>
      <trkpt lat="37.443752" lon="-122.437754">
        <ele>23.156085</ele>
        <time>2022-08-13T22:11:08.998Z</time>
      </trkpt>
      <trkpt lat="37.443862" lon="-122.437764">
        <ele>23.189105</ele>
        <time>2022-08-13T22:11:13.998Z</time>
      </trkpt>
      <trkpt lat="37.443956" lon="-122.437769">
        <ele>23.271063</ele>
        <time>2022-08-13T22:11:17.998Z</time>
      </trkpt>
      <trkpt lat="37.444054" lon="-122.437771">
        <ele>23.356445</ele>
        <time>2022-08-13T22:11:21.998Z</time>
      </trkpt>
      <trkpt lat="37.444164" lon="-122.437799">
        <ele>23.454205</ele>
        <time>2022-08-13T22:11:25.998Z</time>
      </trkpt>
      <trkpt lat="37.444271" lon="-122.437830">
        <ele>23.549850</ele>
        <time>2022-08-13T22:11:29.998Z</time>
      </trkpt>
      <trkpt lat="37.444386" lon="-122.437837">
        <ele>23.650145</ele>
        <time>2022-08-13T22:11:33.998Z</time>
      </trkpt>
      <trkpt lat="37.444493" lon="-122.437839">
        <ele>23.743366</ele>
        <time>2022-08-13T22:11:37.999Z</time>
      </trkpt>
      <trkpt lat="37.444598" lon="-122.437846">
        <ele>23.834962</ele>
        <time>2022-08-13T22:11:41.999Z</time>
      </trkpt>
      <trkpt lat="37.444712" lon="-122.437857">
        <ele>23.934561</ele>
        <time>2022-08-13T22:11:45.999Z</time>
      </trkpt>
      <trkpt lat="37.444827" lon="-122.437881">
        <ele>24.036105</ele>
        <time>2022-08-13T22:11:49.999Z</time>
      </trkpt>
      <trkpt lat="37.444920" lon="-122.437892">
        <ele>24.117476</ele>
        <time>2022-08-13T22:11:52.999Z</time>
      </trkpt>
      <trkpt lat="37.445035" lon="-122.437912">
        <ele>24.218606</ele>
        <time>2022-08-13T22:11:56.999Z</time>
      </trkpt>
      <trkpt lat="37.445152" lon="-122.437937">
        <ele>24.321983</ele>
        <time>2022-08-13T22:12:00.999Z</time>
      </trkpt>
      <trkpt lat="37.445252" lon="-122.437946">
        <ele>24.409318</ele>
        <time>2022-08-13T22:12:03.999Z</time>
      </trkpt>
      <trkpt lat="37.445354" lon="-122.437959">
        <ele>24.498626</ele>
        <time>2022-08-13T22:12:06.999Z</time>
      </trkpt>
      <trkpt lat="37.445443" lon="-122.437974">
        <ele>24.576847</ele>
        <time>2022-08-13T22:12:09.999Z</time>
      </trkpt>
      <trkpt lat="37.445533" lon="-122.437982">
        <ele>24.655443</ele>
        <time>2022-08-13T22:12:12.999Z</time>
      </trkpt>
      <trkpt lat="37.445623" lon="-122.437998">
        <ele>24.681018</ele>
        <time>2022-08-13T22:12:15.999Z</time>
      </trkpt>
      <trkpt lat="37.445721" lon="-122.438004">
        <ele>24.650767</ele>
        <time>2022-08-13T22:12:18.999Z</time>
      </trkpt>
      <trkpt lat="37.445836" lon="-122.438020">
        <ele>24.615094</ele>
        <time>2022-08-13T22:12:22.999Z</time>
      </trkpt>
      <trkpt lat="37.445926" lon="-122.438029">
        <ele>24.587258</ele>
        <time>2022-08-13T22:12:25.999Z</time>
      </trkpt>
      <trkpt lat="37.446020" lon="-122.438033">
        <ele>24.558260</ele>
        <time>2022-08-13T22:12:28.999Z</time>
      </trkpt>
      <trkpt lat="37.446117" lon="-122.438052">
        <ele>24.527993</ele>
        <time>2022-08-13T22:12:31.999Z</time>
      </trkpt>
      <trkpt lat="37.446218" lon="-122.438063">
        <ele>24.496737</ele>
        <time>2022-08-13T22:12:34.999Z</time>
      </trkpt>
      <trkpt lat="37.446322" lon="-122.438071">
        <ele>24.464612</ele>
        <time>2022-08-13T22:12:38.999Z</time>
      </trkpt>
      <trkpt lat="37.446469" lon="-122.438085">
        <ele>24.419159</ele>
        <time>2022-08-13T22:13:03.999Z</time>
      </trkpt>
      <trkpt lat="37.446572" lon="-122.438094">
        <ele>24.387326</ele>
        <time>2022-08-13T22:13:10.999Z</time>
      </trkpt>
      <trkpt lat="37.446663" lon="-122.438097">
        <ele>24.359259</ele>
        <time>2022-08-13T22:13:15.999Z</time>
      </trkpt>
      <trkpt lat="37.446746" lon="-122.438152">
        <ele>24.330343</ele>
        <time>2022-08-13T22:13:19.999Z</time>
      </trkpt>
      <trkpt lat="37.446860" lon="-122.438141">
        <ele>24.295092</ele>
        <time>2022-08-13T22:13:23.999Z</time>
      </trkpt>
      <trkpt lat="37.446951" lon="-122.438139">
        <ele>24.267030</ele>
        <time>2022-08-13T22:13:27.999Z</time>
      </trkpt>
      <trkpt lat="37.447063" lon="-122.438156">
        <ele>24.232248</ele>
        <time>2022-08-13T22:13:31.999Z</time>
      </trkpt>
      <trkpt lat="37.447172" lon="-122.438165">
        <ele>24.198569</ele>
        <time>2022-08-13T22:13:35.999Z</time>
      </trkpt>
      <trkpt lat="37.447284" lon="-122.438161">
        <ele>24.164024</ele>
        <time>2022-08-13T22:13:39.999Z</time>
      </trkpt>
      <trkpt lat="37.447387" lon="-122.438189">
        <ele>24.115123</ele>
        <time>2022-08-13T22:13:43.999Z</time>
      </trkpt>
      <trkpt lat="37.447499" lon="-122.438218">
        <ele>24.015125</ele>
        <time>2022-08-13T22:13:47.999Z</time>
      </trkpt>
      <trkpt lat="37.447612" lon="-122.438241">
        <ele>23.915019</ele>
        <time>2022-08-13T22:13:51.999Z</time>
      </trkpt>
      <trkpt lat="37.447708" lon="-122.438263">
        <ele>23.829684</ele>
        <time>2022-08-13T22:13:54.999Z</time>
      </trkpt>
      <trkpt lat="37.447804" lon="-122.438277">
        <ele>23.745166</ele>
        <time>2022-08-13T22:13:57.999Z</time>
      </trkpt>
      <trkpt lat="37.447908" lon="-122.438295">
        <ele>23.653358</ele>
        <time>2022-08-13T22:14:00.999Z</time>
      </trkpt>
      <trkpt lat="37.448014" lon="-122.438303">
        <ele>23.560489</ele>
        <time>2022-08-13T22:14:03.999Z</time>
      </trkpt>
      <trkpt lat="37.448127" lon="-122.438314">
        <ele>23.461370</ele>
        <time>2022-08-13T22:14:06.999Z</time>
      </trkpt>
      <trkpt lat="37.448238" lon="-122.438327">
        <ele>23.363876</ele>
        <time>2022-08-13T22:14:09.999Z</time>
      </trkpt>
      <trkpt lat="37.448353" lon="-122.438341">
        <ele>23.262834</ele>
        <time>2022-08-13T22:14:12.999Z</time>
      </trkpt>
      <trkpt lat="37.448475" lon="-122.438358">
        <ele>23.155488</ele>
        <time>2022-08-13T22:14:15.999Z</time>
      </trkpt>
      <trkpt lat="37.448599" lon="-122.438376">
        <ele>23.046326</ele>
        <time>2022-08-13T22:14:18.999Z</time>
      </trkpt>
      <trkpt lat="37.448715" lon="-122.438391">
        <ele>22.944345</ele>
        <time>2022-08-13T22:14:21.999Z</time>
      </trkpt>
      <trkpt lat="37.448816" lon="-122.438408">
        <ele>22.855230</ele>
        <time>2022-08-13T22:14:24.999Z</time>
      </trkpt>
      <trkpt lat="37.448918" lon="-122.438421">
        <ele>22.765570</ele>
        <time>2022-08-13T22:14:27.999Z</time>
      </trkpt>
      <trkpt lat="37.449039" lon="-122.438434">
        <ele>22.659365</ele>
        <time>2022-08-13T22:14:31.999Z</time>
      </trkpt>
      <trkpt lat="37.449155" lon="-122.438439">
        <ele>22.559813</ele>
        <time>2022-08-13T22:14:35.999Z</time>
      </trkpt>
      <trkpt lat="37.449270" lon="-122.438452">
        <ele>22.479387</ele>
        <time>2022-08-13T22:14:39.999Z</time>
      </trkpt>
      <trkpt lat="37.449376" lon="-122.438468">
        <ele>22.405024</ele>
        <time>2022-08-13T22:14:43.999Z</time>
      </trkpt>
      <trkpt lat="37.449495" lon="-122.438490">
        <ele>22.321245</ele>
        <time>2022-08-13T22:14:47.999Z</time>
      </trkpt>
      <trkpt lat="37.449599" lon="-122.438510">
        <ele>22.247964</ele>
        <time>2022-08-13T22:14:50.999Z</time>
      </trkpt>
      <trkpt lat="37.449783" lon="-122.438673">
        <ele>22.091275</ele>
        <time>2022-08-13T22:15:18.999Z</time>
      </trkpt>
      <trkpt lat="37.449857" lon="-122.438761">
        <ele>22.020388</ele>
        <time>2022-08-13T22:15:22.999Z</time>
      </trkpt>
      <trkpt lat="37.449899" lon="-122.438861">
        <ele>21.957827</ele>
        <time>2022-08-13T22:15:26.999Z</time>
      </trkpt>
      <trkpt lat="37.449941" lon="-122.438963">
        <ele>21.894287</ele>
        <time>2022-08-13T22:15:29.999Z</time>
      </trkpt>
      <trkpt lat="37.449989" lon="-122.439088">
        <ele>21.817502</ele>
        <time>2022-08-13T22:15:33.999Z</time>
      </trkpt>
      <trkpt lat="37.450042" lon="-122.439220">
        <ele>21.735703</ele>
        <time>2022-08-13T22:15:37.999Z</time>
      </trkpt>
      <trkpt lat="37.450059" lon="-122.439349">
        <ele>21.663392</ele>
        <time>2022-08-13T22:15:41.999Z</time>
      </trkpt>
      <trkpt lat="37.450079" lon="-122.439470">
        <ele>21.595046</ele>
        <time>2022-08-13T22:15:45.999Z</time>
      </trkpt>
      <trkpt lat="37.450130" lon="-122.439581">
        <ele>21.524126</ele>
        <time>2022-08-13T22:15:49.999Z</time>
      </trkpt>
      <trkpt lat="37.450208" lon="-122.439680">
        <ele>21.446996</ele>
        <time>2022-08-13T22:15:54.999Z</time>
      </trkpt>
      <trkpt lat="37.450310" lon="-122.439719">
        <ele>21.372746</ele>
        <time>2022-08-13T22:15:58.999Z</time>
      </trkpt>
      <trkpt lat="37.450412" lon="-122.439734">
        <ele>21.301206</ele>
        <time>2022-08-13T22:16:02.999Z</time>
      </trkpt>
      <trkpt lat="37.450524" lon="-122.439784">
        <ele>21.218382</ele>
        <time>2022-08-13T22:16:06.999Z</time>
      </trkpt>
      <trkpt lat="37.450626" lon="-122.439846">
        <ele>21.139442</ele>
        <time>2022-08-13T22:16:10.999Z</time>
      </trkpt>
      <trkpt lat="37.450722" lon="-122.439917">
        <ele>21.061848</ele>
        <time>2022-08-13T22:16:14.999Z</time>
      </trkpt>
      <trkpt lat="37.450795" lon="-122.439987">
        <ele>20.997900</ele>
        <time>2022-08-13T22:16:17.999Z</time>
      </trkpt>
      <trkpt lat="37.450894" lon="-122.440054">
        <ele>20.919567</ele>
        <time>2022-08-13T22:16:22.999Z</time>
      </trkpt>
      <trkpt lat="37.451005" lon="-122.440055">
        <ele>20.842196</ele>
        <time>2022-08-13T22:16:26.999Z</time>
      </trkpt>
      <trkpt lat="37.451122" lon="-122.440034">
        <ele>20.759822</ele>
        <time>2022-08-13T22:16:30.999Z</time>
      </trkpt>
      <trkpt lat="37.451232" lon="-122.440039">
        <ele>20.683101</ele>
        <time>2022-08-13T22:16:34.999Z</time>
      </trkpt>
      <trkpt lat="37.451325" lon="-122.440045">
        <ele>20.618193</ele>
        <time>2022-08-13T22:16:37.999Z</time>
      </trkpt>
      <trkpt lat="37.451439" lon="-122.440057">
        <ele>20.538457</ele>
        <time>2022-08-13T22:16:41.999Z</time>
      </trkpt>
      <trkpt lat="37.451547" lon="-122.440086">
        <ele>20.461488</ele>
        <time>2022-08-13T22:16:45.999Z</time>
      </trkpt>
      <trkpt lat="37.451646" lon="-122.440087">
        <ele>20.392481</ele>
        <time>2022-08-13T22:16:49.999Z</time>
      </trkpt>
      <trkpt lat="37.451736" lon="-122.440078">
        <ele>20.329553</ele>
        <time>2022-08-13T22:16:53.999Z</time>
      </trkpt>
      <trkpt lat="37.451844" lon="-122.440057">
        <ele>20.253384</ele>
        <time>2022-08-13T22:16:57.999Z</time>
      </trkpt>
      <trkpt lat="37.451942" lon="-122.440033">
        <ele>20.183797</ele>
        <time>2022-08-13T22:17:01.999Z</time>
      </trkpt>
      <trkpt lat="37.452036" lon="-122.440003">
        <ele>20.116208</ele>
        <time>2022-08-13T22:17:06.999Z</time>
      </trkpt>
      <trkpt lat="37.452117" lon="-122.440069">
        <ele>20.057886</ele>
        <time>2022-08-13T22:17:13.999Z</time>
      </trkpt>
      <trkpt lat="37.452225" lon="-122.440032">
        <ele>20.038048</ele>
        <time>2022-08-13T22:17:19.999Z</time>
      </trkpt>
      <trkpt lat="37.452320" lon="-122.440054">
        <ele>20.020928</ele>
        <time>2022-08-13T22:17:23.999Z</time>
      </trkpt>
      <trkpt lat="37.452414" lon="-122.440078">
        <ele>20.003928</ele>
        <time>2022-08-13T22:17:31.999Z</time>
      </trkpt>
      <trkpt lat="37.452504" lon="-122.440111">
        <ele>19.987315</ele>
        <time>2022-08-13T22:17:38.999Z</time>
      </trkpt>
      <trkpt lat="37.452561" lon="-122.440215">
        <ele>19.969533</ele>
        <time>2022-08-13T22:17:47.999Z</time>
      </trkpt>
      <trkpt lat="37.452655" lon="-122.440206">
        <ele>19.952824</ele>
        <time>2022-08-13T22:17:55.999Z</time>
      </trkpt>
      <trkpt lat="37.452693" lon="-122.440321">
        <ele>19.935297</ele>
        <time>2022-08-13T22:18:15.999Z</time>
      </trkpt>
      <trkpt lat="37.452664" lon="-122.440431">
        <ele>19.918988</ele>
        <time>2022-08-13T22:18:20.999Z</time>
      </trkpt>
      <trkpt lat="37.452648" lon="-122.440575">
        <ele>19.898529</ele>
        <time>2022-08-13T22:18:25.999Z</time>
      </trkpt>
      <trkpt lat="37.452656" lon="-122.440694">
        <ele>19.881725</ele>
        <time>2022-08-13T22:18:29.999Z</time>
      </trkpt>
      <trkpt lat="37.452690" lon="-122.440826">
        <ele>19.862199</ele>
        <time>2022-08-13T22:18:34.999Z</time>
      </trkpt>
      <trkpt lat="37.452724" lon="-122.440946">
        <ele>19.844272</ele>
        <time>2022-08-13T22:18:38.999Z</time>
      </trkpt>
      <trkpt lat="37.452706" lon="-122.441075">
        <ele>19.825842</ele>
        <time>2022-08-13T22:18:42.999Z</time>
      </trkpt>
      <trkpt lat="37.452635" lon="-122.441153">
        <ele>19.809145</ele>
        <time>2022-08-13T22:18:46.999Z</time>
      </trkpt>
      <trkpt lat="37.452567" lon="-122.441259">
        <ele>19.789969</ele>
        <time>2022-08-13T22:18:50.999Z</time>
      </trkpt>
      <trkpt lat="37.452567" lon="-122.441389">
        <ele>19.771677</ele>
        <time>2022-08-13T22:18:54.999Z</time>
      </trkpt>
      <trkpt lat="37.452581" lon="-122.441509">
        <ele>19.754611</ele>
        <time>2022-08-13T22:18:58.999Z</time>
      </trkpt>
      <trkpt lat="37.452606" lon="-122.441648">
        <ele>19.702486</ele>
        <time>2022-08-13T22:19:02.999Z</time>
      </trkpt>
      <trkpt lat="37.452612" lon="-122.441785">
        <ele>19.601427</ele>
        <time>2022-08-13T22:19:06.999Z</time>
      </trkpt>
      <trkpt lat="37.452595" lon="-122.441923">
        <ele>19.498569</ele>
        <time>2022-08-13T22:19:10.999Z</time>
      </trkpt>
      <trkpt lat="37.452559" lon="-122.442056">
        <ele>19.395072</ele>
        <time>2022-08-13T22:19:14.999Z</time>
      </trkpt>
      <trkpt lat="37.452502" lon="-122.442179">
        <ele>19.290171</ele>
        <time>2022-08-13T22:19:18.999Z</time>
      </trkpt>
      <trkpt lat="37.452475" lon="-122.442294">
        <ele>19.201843</ele>
        <time>2022-08-13T22:19:22.999Z</time>
      </trkpt>
      <trkpt lat="37.452441" lon="-122.442419">
        <ele>19.104521</ele>
        <time>2022-08-13T22:19:27.999Z</time>
      </trkpt>
      <trkpt lat="37.452409" lon="-122.442545">
        <ele>19.007084</ele>
        <time>2022-08-13T22:19:54.999Z</time>
      </trkpt>
      <trkpt lat="37.452369" lon="-122.442678">
        <ele>18.902330</ele>
        <time>2022-08-13T22:19:59.999Z</time>
      </trkpt>
      <trkpt lat="37.452357" lon="-122.442796">
        <ele>18.814709</ele>
        <time>2022-08-13T22:20:03.999Z</time>
      </trkpt>
      <trkpt lat="37.452343" lon="-122.442919">
        <ele>18.723188</ele>
        <time>2022-08-13T22:20:08.999Z</time>
      </trkpt>
      <trkpt lat="37.452331" lon="-122.443046">
        <ele>18.628987</ele>
        <time>2022-08-13T22:20:13.999Z</time>
      </trkpt>
      <trkpt lat="37.452312" lon="-122.443160">
        <ele>18.543191</ele>
        <time>2022-08-13T22:20:18.999Z</time>
      </trkpt>
      <trkpt lat="37.452307" lon="-122.443275">
        <ele>18.458362</ele>
        <time>2022-08-13T22:20:24.999Z</time>
      </trkpt>
      <trkpt lat="37.452303" lon="-122.443389">
        <ele>18.374315</ele>
        <time>2022-08-13T22:20:28.999Z</time>
      </trkpt>
      <trkpt lat="37.452306" lon="-122.443516">
        <ele>18.280733</ele>
        <time>2022-08-13T22:20:32.999Z</time>
      </trkpt>
      <trkpt lat="37.452299" lon="-122.443636">
        <ele>18.192110</ele>
        <time>2022-08-13T22:20:35.999Z</time>
      </trkpt>
      <trkpt lat="37.452296" lon="-122.443788">
        <ele>18.080121</ele>
        <time>2022-08-13T22:20:38.999Z</time>
      </trkpt>
      <trkpt lat="37.452301" lon="-122.443902">
        <ele>18.013712</ele>
        <time>2022-08-13T22:20:40.999Z</time>
      </trkpt>
      <trkpt lat="37.452335" lon="-122.444018">
        <ele>17.943464</ele>
        <time>2022-08-13T22:20:42.999Z</time>
      </trkpt>
      <trkpt lat="37.452422" lon="-122.444147">
        <ele>17.847303</ele>
        <time>2022-08-13T22:20:45.999Z</time>
      </trkpt>
      <trkpt lat="37.452538" lon="-122.444197">
        <ele>17.759566</ele>
        <time>2022-08-13T22:20:48.999Z</time>
      </trkpt>
      <trkpt lat="37.452640" lon="-122.444213">
        <ele>17.686009</ele>
        <time>2022-08-13T22:20:51.999Z</time>
      </trkpt>
      <trkpt lat="37.452741" lon="-122.444210">
        <ele>17.613711</ele>
        <time>2022-08-13T22:20:54.999Z</time>
      </trkpt>
      <trkpt lat="37.452839" lon="-122.444183">
        <ele>17.541923</ele>
        <time>2022-08-13T22:20:57.999Z</time>
      </trkpt>
      <trkpt lat="37.452929" lon="-122.444155">
        <ele>17.475581</ele>
        <time>2022-08-13T22:21:00.999Z</time>
      </trkpt>
      <trkpt lat="37.453037" lon="-122.444157">
        <ele>17.398286</ele>
        <time>2022-08-13T22:21:04.999Z</time>
      </trkpt>
      <trkpt lat="37.453219" lon="-122.444097">
        <ele>17.263657</ele>
        <time>2022-08-13T22:22:57.999Z</time>
      </trkpt>
      <trkpt lat="37.453335" lon="-122.444107">
        <ele>17.180451</ele>
        <time>2022-08-13T22:23:01.999Z</time>
      </trkpt>
      <trkpt lat="37.453453" lon="-122.444123">
        <ele>17.095520</ele>
        <time>2022-08-13T22:23:05.999Z</time>
      </trkpt>
      <trkpt lat="37.453574" lon="-122.444117">
        <ele>17.008862</ele>
        <time>2022-08-13T22:23:09.999Z</time>
      </trkpt>
      <trkpt lat="37.453680" lon="-122.444082">
        <ele>16.930444</ele>
        <time>2022-08-13T22:23:13.999Z</time>
      </trkpt>
      <trkpt lat="37.453784" lon="-122.444014">
        <ele>16.846591</ele>
        <time>2022-08-13T22:23:17.999Z</time>
      </trkpt>
      <trkpt lat="37.453865" lon="-122.443949">
        <ele>16.793664</ele>
        <time>2022-08-13T22:23:20.999Z</time>
      </trkpt>
      <trkpt lat="37.453946" lon="-122.443888">
        <ele>16.853940</ele>
        <time>2022-08-13T22:23:23.999Z</time>
      </trkpt>
      <trkpt lat="37.454050" lon="-122.443814">
        <ele>16.930231</ele>
        <time>2022-08-13T22:23:27.999Z</time>
      </trkpt>
      <trkpt lat="37.454154" lon="-122.443747">
        <ele>17.004839</ele>
        <time>2022-08-13T22:23:31.999Z</time>
      </trkpt>
      <trkpt lat="37.454263" lon="-122.443717">
        <ele>17.076101</ele>
        <time>2022-08-13T22:23:35.999Z</time>
      </trkpt>
      <trkpt lat="37.454362" lon="-122.443719">
        <ele>17.139342</ele>
        <time>2022-08-13T22:23:38.999Z</time>
      </trkpt>
      <trkpt lat="37.454464" lon="-122.443732">
        <ele>17.204823</ele>
        <time>2022-08-13T22:23:41.999Z</time>
      </trkpt>
      <trkpt lat="37.454567" lon="-122.443765">
        <ele>17.272705</ele>
        <time>2022-08-13T22:23:44.999Z</time>
      </trkpt>
      <trkpt lat="37.454668" lon="-122.443800">
        <ele>17.339611</ele>
        <time>2022-08-13T22:23:47.999Z</time>
      </trkpt>
      <trkpt lat="37.454765" lon="-122.443825">
        <ele>17.402849</ele>
        <time>2022-08-13T22:23:50.999Z</time>
      </trkpt>
      <trkpt lat="37.454870" lon="-122.443849">
        <ele>17.471009</ele>
        <time>2022-08-13T22:23:53.999Z</time>
      </trkpt>
      <trkpt lat="37.454978" lon="-122.443865">
        <ele>17.540465</ele>
        <time>2022-08-13T22:23:56.999Z</time>
      </trkpt>
      <trkpt lat="37.455074" lon="-122.443892">
        <ele>17.603291</ele>
        <time>2022-08-13T22:23:59.999Z</time>
      </trkpt>
      <trkpt lat="37.455182" lon="-122.443907">
        <ele>17.672690</ele>
        <time>2022-08-13T22:24:02.999Z</time>
      </trkpt>
      <trkpt lat="37.455271" lon="-122.443951">
        <ele>17.733756</ele>
        <time>2022-08-13T22:24:05.999Z</time>
      </trkpt>
      <trkpt lat="37.455302" lon="-122.444066">
        <ele>17.795335</ele>
        <time>2022-08-13T22:24:08.999Z</time>
      </trkpt>
      <trkpt lat="37.455397" lon="-122.444053">
        <ele>17.856369</ele>
        <time>2022-08-13T22:24:11.999Z</time>
      </trkpt>
      <trkpt lat="37.455493" lon="-122.444067">
        <ele>17.918095</ele>
        <time>2022-08-13T22:24:14.999Z</time>
      </trkpt>
      <trkpt lat="37.455577" lon="-122.444128">
        <ele>17.788343</ele>
        <time>2022-08-13T22:24:17.999Z</time>
      </trkpt>
      <trkpt lat="37.455668" lon="-122.444199">
        <ele>17.565472</ele>
        <time>2022-08-13T22:24:20.999Z</time>
      </trkpt>
      <trkpt lat="37.455746" lon="-122.444262">
        <ele>17.372552</ele>
        <time>2022-08-13T22:24:23.999Z</time>
      </trkpt>
      <trkpt lat="37.455843" lon="-122.444277">
        <ele>17.169070</ele>
        <time>2022-08-13T22:24:30.999Z</time>
      </trkpt>
      <trkpt lat="37.455958" lon="-122.444298">
        <ele>16.927123</ele>
        <time>2022-08-13T22:24:37.999Z</time>
      </trkpt>
      <trkpt lat="37.456052" lon="-122.444299">
        <ele>16.731396</ele>
        <time>2022-08-13T22:24:39.999Z</time>
      </trkpt>
      <trkpt lat="37.456172" lon="-122.444291">
        <ele>16.481192</ele>
        <time>2022-08-13T22:24:43.999Z</time>
      </trkpt>
      <trkpt lat="37.456301" lon="-122.444293">
        <ele>16.212578</ele>
        <time>2022-08-13T22:24:46.999Z</time>
      </trkpt>
      <trkpt lat="37.456427" lon="-122.444323">
        <ele>15.945586</ele>
        <time>2022-08-13T22:24:49.999Z</time>
      </trkpt>
      <trkpt lat="37.456542" lon="-122.444355">
        <ele>15.700370</ele>
        <time>2022-08-13T22:24:52.999Z</time>
      </trkpt>
      <trkpt lat="37.456656" lon="-122.444338">
        <ele>15.461350</ele>
        <time>2022-08-13T22:24:55.999Z</time>
      </trkpt>
      <trkpt lat="37.456780" lon="-122.444333">
        <ele>15.203035</ele>
        <time>2022-08-13T22:24:58.999Z</time>
      </trkpt>
      <trkpt lat="37.456900" lon="-122.444297">
        <ele>14.946193</ele>
        <time>2022-08-13T22:25:01.999Z</time>
      </trkpt>
      <trkpt lat="37.457029" lon="-122.444246">
        <ele>14.664683</ele>
        <time>2022-08-13T22:25:04.999Z</time>
      </trkpt>
      <trkpt lat="37.457121" lon="-122.444243">
        <ele>14.473063</ele>
        <time>2022-08-13T22:25:06.999Z</time>
      </trkpt>
      <trkpt lat="37.457216" lon="-122.444272">
        <ele>14.269537</ele>
        <time>2022-08-13T22:25:08.999Z</time>
      </trkpt>
      <trkpt lat="37.457338" lon="-122.444311">
        <ele>14.178890</ele>
        <time>2022-08-13T22:25:11.999Z</time>
      </trkpt>
      <trkpt lat="37.457459" lon="-122.444335">
        <ele>14.163327</ele>
        <time>2022-08-13T22:25:14.999Z</time>
      </trkpt>
      <trkpt lat="37.457590" lon="-122.444340">
        <ele>14.146675</ele>
        <time>2022-08-13T22:25:17.999Z</time>
      </trkpt>
      <trkpt lat="37.457713" lon="-122.444276">
        <ele>14.129766</ele>
        <time>2022-08-13T22:25:20.999Z</time>
      </trkpt>
      <trkpt lat="37.457791" lon="-122.444217">
        <ele>14.118206</ele>
        <time>2022-08-13T22:25:22.999Z</time>
      </trkpt>
      <trkpt lat="37.457910" lon="-122.444142">
        <ele>14.101300</ele>
        <time>2022-08-13T22:25:25.999Z</time>
      </trkpt>
      <trkpt lat="37.458043" lon="-122.444148">
        <ele>14.084390</ele>
        <time>2022-08-13T22:25:28.999Z</time>
      </trkpt>
      <trkpt lat="37.458128" lon="-122.444184">
        <ele>14.072996</ele>
        <time>2022-08-13T22:25:30.999Z</time>
      </trkpt>
      <trkpt lat="37.458210" lon="-122.444238">
        <ele>14.061240</ele>
        <time>2022-08-13T22:25:32.999Z</time>
      </trkpt>
      <trkpt lat="37.458287" lon="-122.444298">
        <ele>14.049736</ele>
        <time>2022-08-13T22:25:34.999Z</time>
      </trkpt>
      <trkpt lat="37.458386" lon="-122.444371">
        <ele>14.035161</ele>
        <time>2022-08-13T22:25:37.999Z</time>
      </trkpt>
      <trkpt lat="37.458477" lon="-122.444396">
        <ele>14.023327</ele>
        <time>2022-08-13T22:25:40.999Z</time>
      </trkpt>
      <trkpt lat="37.458560" lon="-122.444445">
        <ele>14.011681</ele>
        <time>2022-08-13T22:25:43.999Z</time>
      </trkpt>
      <trkpt lat="37.458600" lon="-122.444550">
        <ele>13.999935</ele>
        <time>2022-08-13T22:25:53.999Z</time>
      </trkpt>
      <trkpt lat="37.458690" lon="-122.444600">
        <ele>13.987437</ele>
        <time>2022-08-13T22:26:01.999Z</time>
      </trkpt>
      <trkpt lat="37.458828" lon="-122.444557">
        <ele>13.969375</ele>
        <time>2022-08-13T22:35:16.999Z</time>
      </trkpt>
      <trkpt lat="37.458929" lon="-122.444576">
        <ele>13.942587</ele>
        <time>2022-08-13T22:35:22.999Z</time>
      </trkpt>
      <trkpt lat="37.459032" lon="-122.444569">
        <ele>13.893989</ele>
        <time>2022-08-13T22:35:26.999Z</time>
      </trkpt>
      <trkpt lat="37.459139" lon="-122.444541">
        <ele>13.842500</ele>
        <time>2022-08-13T22:35:30.999Z</time>
      </trkpt>
      <trkpt lat="37.459230" lon="-122.444485">
        <ele>13.794784</ele>
        <time>2022-08-13T22:35:34.999Z</time>
      </trkpt>
      <trkpt lat="37.459320" lon="-122.444430">
        <ele>13.747655</ele>
        <time>2022-08-13T22:35:38.999Z</time>
      </trkpt>
      <trkpt lat="37.459410" lon="-122.444396">
        <ele>13.703386</ele>
        <time>2022-08-13T22:35:41.999Z</time>
      </trkpt>
      <trkpt lat="37.459508" lon="-122.444384">
        <ele>13.656997</ele>
        <time>2022-08-13T22:35:44.999Z</time>
      </trkpt>
      <trkpt lat="37.459600" lon="-122.444424">
        <ele>13.611142</ele>
        <time>2022-08-13T22:35:47.999Z</time>
      </trkpt>
      <trkpt lat="37.459690" lon="-122.444509">
        <ele>13.558146</ele>
        <time>2022-08-13T22:35:50.999Z</time>
      </trkpt>
      <trkpt lat="37.459771" lon="-122.444617">
        <ele>13.502578</ele>
        <time>2022-08-13T22:35:53.999Z</time>
      </trkpt>
      <trkpt lat="37.459872" lon="-122.444693">
        <ele>13.447150</ele>
        <time>2022-08-13T22:35:56.999Z</time>
      </trkpt>
      <trkpt lat="37.459995" lon="-122.444739">
        <ele>13.386700</ele>
        <time>2022-08-13T22:35:59.999Z</time>
      </trkpt>
      <trkpt lat="37.460125" lon="-122.444731">
        <ele>13.325378</ele>
        <time>2022-08-13T22:36:02.999Z</time>
      </trkpt>
      <trkpt lat="37.460251" lon="-122.444712">
        <ele>13.265590</ele>
        <time>2022-08-13T22:36:05.999Z</time>
      </trkpt>
      <trkpt lat="37.460370" lon="-122.444720">
        <ele>13.209444</ele>
        <time>2022-08-13T22:36:08.999Z</time>
      </trkpt>
      <trkpt lat="37.460485" lon="-122.444746">
        <ele>13.154396</ele>
        <time>2022-08-13T22:36:11.999Z</time>
      </trkpt>
      <trkpt lat="37.460575" lon="-122.444760">
        <ele>13.109495</ele>
        <time>2022-08-13T22:36:13.999Z</time>
      </trkpt>
      <trkpt lat="37.460688" lon="-122.444803">
        <ele>13.003555</ele>
        <time>2022-08-13T22:36:16.999Z</time>
      </trkpt>
      <trkpt lat="37.460803" lon="-122.444859">
        <ele>12.892904</ele>
        <time>2022-08-13T22:36:19.999Z</time>
      </trkpt>
      <trkpt lat="37.460918" lon="-122.444920">
        <ele>12.780920</ele>
        <time>2022-08-13T22:36:22.999Z</time>
      </trkpt>
      <trkpt lat="37.461033" lon="-122.444972">
        <ele>12.671265</ele>
        <time>2022-08-13T22:36:25.999Z</time>
      </trkpt>
      <trkpt lat="37.461150" lon="-122.445009">
        <ele>12.563003</ele>
        <time>2022-08-13T22:36:28.999Z</time>
      </trkpt>
      <trkpt lat="37.461271" lon="-122.445037">
        <ele>12.452593</ele>
        <time>2022-08-13T22:36:31.999Z</time>
      </trkpt>
      <trkpt lat="37.461395" lon="-122.445058">
        <ele>12.340305</ele>
        <time>2022-08-13T22:36:34.999Z</time>
      </trkpt>
      <trkpt lat="37.461529" lon="-122.445064">
        <ele>12.219969</ele>
        <time>2022-08-13T22:36:37.999Z</time>
      </trkpt>
      <trkpt lat="37.461619" lon="-122.445070">
        <ele>12.139083</ele>
        <time>2022-08-13T22:36:39.999Z</time>
      </trkpt>
      <trkpt lat="37.461753" lon="-122.445083">
        <ele>12.018466</ele>
        <time>2022-08-13T22:36:42.999Z</time>
      </trkpt>
      <trkpt lat="37.461881" lon="-122.445108">
        <ele>11.902218</ele>
        <time>2022-08-13T22:36:45.999Z</time>
      </trkpt>
      <trkpt lat="37.461970" lon="-122.445131">
        <ele>11.820680</ele>
        <time>2022-08-13T22:36:47.999Z</time>
      </trkpt>
      <trkpt lat="37.462095" lon="-122.445154">
        <ele>11.707306</ele>
        <time>2022-08-13T22:36:50.999Z</time>
      </trkpt>
      <trkpt lat="37.462226" lon="-122.445181">
        <ele>11.588175</ele>
        <time>2022-08-13T22:36:53.999Z</time>
      </trkpt>
      <trkpt lat="37.462355" lon="-122.445208">
        <ele>11.487478</ele>
        <time>2022-08-13T22:36:56.999Z</time>
      </trkpt>
      <trkpt lat="37.462448" lon="-122.445225">
        <ele>11.451541</ele>
        <time>2022-08-13T22:36:58.999Z</time>
      </trkpt>
      <trkpt lat="37.462539" lon="-122.445238">
        <ele>11.416518</ele>
        <time>2022-08-13T22:37:00.999Z</time>
      </trkpt>
      <trkpt lat="37.462632" lon="-122.445253">
        <ele>11.380664</ele>
        <time>2022-08-13T22:37:02.999Z</time>
      </trkpt>
      <trkpt lat="37.462726" lon="-122.445257">
        <ele>11.344696</ele>
        <time>2022-08-13T22:37:04.999Z</time>
      </trkpt>
      <trkpt lat="37.462857" lon="-122.445251">
        <ele>11.294567</ele>
        <time>2022-08-13T22:37:07.999Z</time>
      </trkpt>
      <trkpt lat="37.462984" lon="-122.445231">
        <ele>11.245623</ele>
        <time>2022-08-13T22:37:10.999Z</time>
      </trkpt>
      <trkpt lat="37.463114" lon="-122.445217">
        <ele>11.195728</ele>
        <time>2022-08-13T22:37:13.999Z</time>
      </trkpt>
      <trkpt lat="37.463247" lon="-122.445226">
        <ele>11.144794</ele>
        <time>2022-08-13T22:37:16.999Z</time>
      </trkpt>
      <trkpt lat="37.463379" lon="-122.445238">
        <ele>11.094184</ele>
        <time>2022-08-13T22:37:19.999Z</time>
      </trkpt>
      <trkpt lat="37.463468" lon="-122.445258">
        <ele>11.059612</ele>
        <time>2022-08-13T22:37:21.999Z</time>
      </trkpt>
      <trkpt lat="37.463557" lon="-122.445280">
        <ele>11.024929</ele>
        <time>2022-08-13T22:37:23.999Z</time>
      </trkpt>
      <trkpt lat="37.463684" lon="-122.445329">
        <ele>10.974136</ele>
        <time>2022-08-13T22:37:26.999Z</time>
      </trkpt>
      <trkpt lat="37.463776" lon="-122.445387">
        <ele>10.934795</ele>
        <time>2022-08-13T22:37:28.999Z</time>
      </trkpt>
      <trkpt lat="37.463876" lon="-122.445442">
        <ele>10.893069</ele>
        <time>2022-08-13T22:37:30.999Z</time>
      </trkpt>
      <trkpt lat="37.463976" lon="-122.445494">
        <ele>10.851698</ele>
        <time>2022-08-13T22:37:32.999Z</time>
      </trkpt>
      <trkpt lat="37.464077" lon="-122.445548">
        <ele>10.821594</ele>
        <time>2022-08-13T22:37:34.999Z</time>
      </trkpt>
      <trkpt lat="37.464180" lon="-122.445586">
        <ele>10.993404</ele>
        <time>2022-08-13T22:37:36.999Z</time>
      </trkpt>
      <trkpt lat="37.464268" lon="-122.445635">
        <ele>11.147423</ele>
        <time>2022-08-13T22:37:38.999Z</time>
      </trkpt>
      <trkpt lat="37.464385" lon="-122.445690">
        <ele>11.347335</ele>
        <time>2022-08-13T22:37:41.999Z</time>
      </trkpt>
      <trkpt lat="37.464468" lon="-122.445635">
        <ele>11.497462</ele>
        <time>2022-08-13T22:37:43.999Z</time>
      </trkpt>
      <trkpt lat="37.464535" lon="-122.445547">
        <ele>11.652403</ele>
        <time>2022-08-13T22:37:45.999Z</time>
      </trkpt>
      <trkpt lat="37.464635" lon="-122.445514">
        <ele>11.817887</ele>
        <time>2022-08-13T22:37:47.999Z</time>
      </trkpt>
      <trkpt lat="37.464738" lon="-122.445520">
        <ele>11.982950</ele>
        <time>2022-08-13T22:37:49.999Z</time>
      </trkpt>
      <trkpt lat="37.464834" lon="-122.445501">
        <ele>12.138515</ele>
        <time>2022-08-13T22:37:51.999Z</time>
      </trkpt>
      <trkpt lat="37.464926" lon="-122.445452">
        <ele>12.298412</ele>
        <time>2022-08-13T22:37:53.999Z</time>
      </trkpt>
      <trkpt lat="37.465016" lon="-122.445405">
        <ele>12.454374</ele>
        <time>2022-08-13T22:37:55.999Z</time>
      </trkpt>
      <trkpt lat="37.465089" lon="-122.445318">
        <ele>12.615236</ele>
        <time>2022-08-13T22:37:57.999Z</time>
      </trkpt>
      <trkpt lat="37.465174" lon="-122.445263">
        <ele>12.768204</ele>
        <time>2022-08-13T22:37:59.999Z</time>
      </trkpt>
      <trkpt lat="37.465285" lon="-122.445194">
        <ele>12.966349</ele>
        <time>2022-08-13T22:38:02.999Z</time>
      </trkpt>
      <trkpt lat="37.465359" lon="-122.445121">
        <ele>13.116804</ele>
        <time>2022-08-13T22:38:05.999Z</time>
      </trkpt>
      <trkpt lat="37.465363" lon="-122.444982">
        <ele>13.293536</ele>
        <time>2022-08-13T22:38:08.999Z</time>
      </trkpt>
      <trkpt lat="37.465392" lon="-122.444858">
        <ele>13.457790</ele>
        <time>2022-08-13T22:38:11.999Z</time>
      </trkpt>
      <trkpt lat="37.465392" lon="-122.444741">
        <ele>13.606452</ele>
        <time>2022-08-13T22:38:14.999Z</time>
      </trkpt>
      <trkpt lat="37.465351" lon="-122.444614">
        <ele>13.634796</ele>
        <time>2022-08-13T22:38:19.999Z</time>
      </trkpt>
      <trkpt lat="37.465369" lon="-122.444498">
        <ele>13.539657</ele>
        <time>2022-08-13T22:38:25.999Z</time>
      </trkpt>
      <trkpt lat="37.465479" lon="-122.444468">
        <ele>13.425520</ele>
        <time>2022-08-13T22:38:30.999Z</time>
      </trkpt>
      <trkpt lat="37.465585" lon="-122.444455">
        <ele>13.317515</ele>
        <time>2022-08-13T22:38:34.999Z</time>
      </trkpt>
      <trkpt lat="37.465682" lon="-122.444447">
        <ele>13.218935</ele>
        <time>2022-08-13T22:38:38.999Z</time>
      </trkpt>
      <trkpt lat="37.465802" lon="-122.444431">
        <ele>13.096561</ele>
        <time>2022-08-13T22:38:42.999Z</time>
      </trkpt>
      <trkpt lat="37.465907" lon="-122.444419">
        <ele>12.989641</ele>
        <time>2022-08-13T22:38:45.999Z</time>
      </trkpt>
      <trkpt lat="37.466016" lon="-122.444422">
        <ele>12.879076</ele>
        <time>2022-08-13T22:38:48.999Z</time>
      </trkpt>
      <trkpt lat="37.466113" lon="-122.444427">
        <ele>12.780624</ele>
        <time>2022-08-13T22:38:51.999Z</time>
      </trkpt>
      <trkpt lat="37.466222" lon="-122.444418">
        <ele>12.669848</ele>
        <time>2022-08-13T22:38:54.999Z</time>
      </trkpt>
      <trkpt lat="37.466344" lon="-122.444405">
        <ele>12.545684</ele>
        <time>2022-08-13T22:38:57.999Z</time>
      </trkpt>
      <trkpt lat="37.466462" lon="-122.444433">
        <ele>12.423914</ele>
        <time>2022-08-13T22:39:00.999Z</time>
      </trkpt>
      <trkpt lat="37.466586" lon="-122.444411">
        <ele>12.296922</ele>
        <time>2022-08-13T22:39:03.999Z</time>
      </trkpt>
      <trkpt lat="37.466717" lon="-122.444426">
        <ele>12.163525</ele>
        <time>2022-08-13T22:39:06.999Z</time>
      </trkpt>
      <trkpt lat="37.466843" lon="-122.444455">
        <ele>12.033632</ele>
        <time>2022-08-13T22:39:09.999Z</time>
      </trkpt>
      <trkpt lat="37.466959" lon="-122.444501">
        <ele>11.910304</ele>
        <time>2022-08-13T22:39:12.999Z</time>
      </trkpt>
      <trkpt lat="37.467057" lon="-122.444543">
        <ele>11.795646</ele>
        <time>2022-08-13T22:39:15.999Z</time>
      </trkpt>
      <trkpt lat="37.467160" lon="-122.444570">
        <ele>11.672293</ele>
        <time>2022-08-13T22:39:17.999Z</time>
      </trkpt>
      <trkpt lat="37.467290" lon="-122.444617">
        <ele>11.513717</ele>
        <time>2022-08-13T22:39:20.999Z</time>
      </trkpt>
      <trkpt lat="37.467382" lon="-122.444659">
        <ele>11.398984</ele>
        <time>2022-08-13T22:39:22.999Z</time>
      </trkpt>
      <trkpt lat="37.467512" lon="-122.444691">
        <ele>11.243677</ele>
        <time>2022-08-13T22:39:25.999Z</time>
      </trkpt>
      <trkpt lat="37.467611" lon="-122.444690">
        <ele>11.127596</ele>
        <time>2022-08-13T22:39:27.999Z</time>
      </trkpt>
      <trkpt lat="37.467709" lon="-122.444698">
        <ele>11.012451</ele>
        <time>2022-08-13T22:39:29.999Z</time>
      </trkpt>
      <trkpt lat="37.467804" lon="-122.444726">
        <ele>10.898056</ele>
        <time>2022-08-13T22:39:31.999Z</time>
      </trkpt>
      <trkpt lat="37.467931" lon="-122.444768">
        <ele>10.744105</ele>
        <time>2022-08-13T22:39:34.999Z</time>
      </trkpt>
      <trkpt lat="37.468026" lon="-122.444796">
        <ele>10.629710</ele>
        <time>2022-08-13T22:39:36.999Z</time>
      </trkpt>
      <trkpt lat="37.468118" lon="-122.444829">
        <ele>10.517554</ele>
        <time>2022-08-13T22:39:38.999Z</time>
      </trkpt>
      <trkpt lat="37.468207" lon="-122.444856">
        <ele>10.410219</ele>
        <time>2022-08-13T22:39:40.999Z</time>
      </trkpt>
      <trkpt lat="37.468295" lon="-122.444902">
        <ele>10.298512</ele>
        <time>2022-08-13T22:39:42.999Z</time>
      </trkpt>
      <trkpt lat="37.468407" lon="-122.444952">
        <ele>10.159192</ele>
        <time>2022-08-13T22:39:45.999Z</time>
      </trkpt>
      <trkpt lat="37.468534" lon="-122.444994">
        <ele>10.005241</ele>
        <time>2022-08-13T22:39:48.999Z</time>
      </trkpt>
      <trkpt lat="37.468670" lon="-122.445034">
        <ele>9.841494</ele>
        <time>2022-08-13T22:39:51.999Z</time>
      </trkpt>
      <trkpt lat="37.468774" lon="-122.445060">
        <ele>9.726009</ele>
        <time>2022-08-13T22:39:53.999Z</time>
      </trkpt>
      <trkpt lat="37.468864" lon="-122.445087">
        <ele>9.640764</ele>
        <time>2022-08-13T22:39:55.999Z</time>
      </trkpt>
      <trkpt lat="37.468960" lon="-122.445124">
        <ele>9.548263</ele>
        <time>2022-08-13T22:39:57.999Z</time>
      </trkpt>
      <trkpt lat="37.469052" lon="-122.445156">
        <ele>9.460323</ele>
        <time>2022-08-13T22:39:59.999Z</time>
      </trkpt>
      <trkpt lat="37.469144" lon="-122.445186">
        <ele>9.372760</ele>
        <time>2022-08-13T22:40:01.999Z</time>
      </trkpt>
      <trkpt lat="37.469272" lon="-122.445226">
        <ele>9.251246</ele>
        <time>2022-08-13T22:40:04.999Z</time>
      </trkpt>
      <trkpt lat="37.469394" lon="-122.445273">
        <ele>9.133697</ele>
        <time>2022-08-13T22:40:07.999Z</time>
      </trkpt>
      <trkpt lat="37.469512" lon="-122.445313">
        <ele>9.021105</ele>
        <time>2022-08-13T22:40:10.999Z</time>
      </trkpt>
      <trkpt lat="37.469640" lon="-122.445361">
        <ele>8.898052</ele>
        <time>2022-08-13T22:40:13.999Z</time>
      </trkpt>
      <trkpt lat="37.469758" lon="-122.445400">
        <ele>8.785647</ele>
        <time>2022-08-13T22:40:16.999Z</time>
      </trkpt>
      <trkpt lat="37.469877" lon="-122.445439">
        <ele>8.672351</ele>
        <time>2022-08-13T22:40:19.999Z</time>
      </trkpt>
      <trkpt lat="37.469999" lon="-122.445476">
        <ele>8.556729</ele>
        <time>2022-08-13T22:40:22.999Z</time>
      </trkpt>
      <trkpt lat="37.470119" lon="-122.445518">
        <ele>8.441973</ele>
        <time>2022-08-13T22:40:25.999Z</time>
      </trkpt>
      <trkpt lat="37.470239" lon="-122.445558">
        <ele>8.327600</ele>
        <time>2022-08-13T22:40:28.999Z</time>
      </trkpt>
      <trkpt lat="37.470354" lon="-122.445583">
        <ele>8.220072</ele>
        <time>2022-08-13T22:40:31.999Z</time>
      </trkpt>
      <trkpt lat="37.470472" lon="-122.445581">
        <ele>8.111336</ele>
        <time>2022-08-13T22:40:34.999Z</time>
      </trkpt>
      <trkpt lat="37.470596" lon="-122.445575">
        <ele>8.078012</ele>
        <time>2022-08-13T22:40:37.999Z</time>
      </trkpt>
      <trkpt lat="37.470723" lon="-122.445572">
        <ele>8.052024</ele>
        <time>2022-08-13T22:40:40.999Z</time>
      </trkpt>
      <trkpt lat="37.470813" lon="-122.445593">
        <ele>8.033297</ele>
        <time>2022-08-13T22:40:42.999Z</time>
      </trkpt>
      <trkpt lat="37.470918" lon="-122.445690">
        <ele>8.006659</ele>
        <time>2022-08-13T22:40:45.999Z</time>
      </trkpt>
      <trkpt lat="37.470992" lon="-122.445756">
        <ele>7.988110</ele>
        <time>2022-08-13T22:40:47.999Z</time>
      </trkpt>
      <trkpt lat="37.471064" lon="-122.445828">
        <ele>7.969303</ele>
        <time>2022-08-13T22:40:49.999Z</time>
      </trkpt>
      <trkpt lat="37.471181" lon="-122.445910">
        <ele>7.941912</ele>
        <time>2022-08-13T22:40:52.999Z</time>
      </trkpt>
      <trkpt lat="37.471309" lon="-122.445953">
        <ele>7.914809</ele>
        <time>2022-08-13T22:40:55.999Z</time>
      </trkpt>
      <trkpt lat="37.471438" lon="-122.445990">
        <ele>7.887741</ele>
        <time>2022-08-13T22:40:58.999Z</time>
      </trkpt>
      <trkpt lat="37.471567" lon="-122.446026">
        <ele>7.860709</ele>
        <time>2022-08-13T22:41:01.999Z</time>
      </trkpt>
      <trkpt lat="37.471657" lon="-122.446052">
        <ele>7.841817</ele>
        <time>2022-08-13T22:41:03.999Z</time>
      </trkpt>
      <trkpt lat="37.471787" lon="-122.446097">
        <ele>7.814235</ele>
        <time>2022-08-13T22:41:06.999Z</time>
      </trkpt>
      <trkpt lat="37.471876" lon="-122.446121">
        <ele>7.795613</ele>
        <time>2022-08-13T22:41:08.999Z</time>
      </trkpt>
      <trkpt lat="37.471964" lon="-122.446154">
        <ele>7.776829</ele>
        <time>2022-08-13T22:41:10.999Z</time>
      </trkpt>
      <trkpt lat="37.472057" lon="-122.446174">
        <ele>7.757526</ele>
        <time>2022-08-13T22:41:12.999Z</time>
      </trkpt>
      <trkpt lat="37.472146" lon="-122.446204">
        <ele>7.738677</ele>
        <time>2022-08-13T22:41:14.999Z</time>
      </trkpt>
      <trkpt lat="37.472227" lon="-122.446252">
        <ele>7.693568</ele>
        <time>2022-08-13T22:41:16.999Z</time>
      </trkpt>
      <trkpt lat="37.472344" lon="-122.446324">
        <ele>7.611069</ele>
        <time>2022-08-13T22:41:19.999Z</time>
      </trkpt>
      <trkpt lat="37.472449" lon="-122.446407">
        <ele>7.532534</ele>
        <time>2022-08-13T22:41:22.999Z</time>
      </trkpt>
      <trkpt lat="37.472559" lon="-122.446496">
        <ele>7.449707</ele>
        <time>2022-08-13T22:41:25.999Z</time>
      </trkpt>
      <trkpt lat="37.472640" lon="-122.446558">
        <ele>7.389658</ele>
        <time>2022-08-13T22:41:27.999Z</time>
      </trkpt>
      <trkpt lat="37.472723" lon="-122.446635">
        <ele>7.324353</ele>
        <time>2022-08-13T22:41:29.999Z</time>
      </trkpt>
      <trkpt lat="37.472804" lon="-122.446728">
        <ele>7.254921</ele>
        <time>2022-08-13T22:41:31.999Z</time>
      </trkpt>
      <trkpt lat="37.472864" lon="-122.446835">
        <ele>7.189042</ele>
        <time>2022-08-13T22:41:33.999Z</time>
      </trkpt>
      <trkpt lat="37.472929" lon="-122.446923">
        <ele>7.128592</ele>
        <time>2022-08-13T22:41:35.999Z</time>
      </trkpt>
      <trkpt lat="37.473046" lon="-122.446976">
        <ele>7.049817</ele>
        <time>2022-08-13T22:41:38.999Z</time>
      </trkpt>
      <trkpt lat="37.473139" lon="-122.446911">
        <ele>6.982434</ele>
        <time>2022-08-13T22:41:42.999Z</time>
      </trkpt>
      <trkpt lat="37.473212" lon="-122.446827">
        <ele>6.919797</ele>
        <time>2022-08-13T22:41:46.999Z</time>
      </trkpt>
      <trkpt lat="37.473300" lon="-122.446727">
        <ele>6.844716</ele>
        <time>2022-08-13T22:41:50.999Z</time>
      </trkpt>
      <trkpt lat="37.473373" lon="-122.446643">
        <ele>6.782079</ele>
        <time>2022-08-13T22:41:54.999Z</time>
      </trkpt>
      <trkpt lat="37.473458" lon="-122.446552">
        <ele>6.711409</ele>
        <time>2022-08-13T22:41:58.999Z</time>
      </trkpt>
      <trkpt lat="37.473532" lon="-122.446474">
        <ele>6.650281</ele>
        <time>2022-08-13T22:42:01.999Z</time>
      </trkpt>
      <trkpt lat="37.473599" lon="-122.446362">
        <ele>6.592379</ele>
        <time>2022-08-13T22:42:05.999Z</time>
      </trkpt>
      <trkpt lat="37.473684" lon="-122.446293">
        <ele>6.587006</ele>
        <time>2022-08-13T22:42:08.999Z</time>
      </trkpt>
      <trkpt lat="37.473763" lon="-122.446226">
        <ele>6.581946</ele>
        <time>2022-08-13T22:42:11.999Z</time>
      </trkpt>
      <trkpt lat="37.473854" lon="-122.446100">
        <ele>6.574762</ele>
        <time>2022-08-13T22:42:14.999Z</time>
      </trkpt>
      <trkpt lat="37.473943" lon="-122.446043">
        <ele>6.569457</ele>
        <time>2022-08-13T22:42:16.999Z</time>
      </trkpt>
      <trkpt lat="37.474038" lon="-122.446031">
        <ele>6.564384</ele>
        <time>2022-08-13T22:42:18.999Z</time>
      </trkpt>
      <trkpt lat="37.474162" lon="-122.446066">
        <ele>6.557632</ele>
        <time>2022-08-13T22:42:21.999Z</time>
      </trkpt>
      <trkpt lat="37.474288" lon="-122.446106">
        <ele>6.550728</ele>
        <time>2022-08-13T22:42:24.999Z</time>
      </trkpt>
      <trkpt lat="37.474413" lon="-122.446151">
        <ele>6.543820</ele>
        <time>2022-08-13T22:42:27.999Z</time>
      </trkpt>
      <trkpt lat="37.474529" lon="-122.446202">
        <ele>6.537292</ele>
        <time>2022-08-13T22:42:30.999Z</time>
      </trkpt>
      <trkpt lat="37.474646" lon="-122.446256">
        <ele>6.530672</ele>
        <time>2022-08-13T22:42:33.999Z</time>
      </trkpt>
      <trkpt lat="37.474763" lon="-122.446322">
        <ele>6.523860</ele>
        <time>2022-08-13T22:42:36.999Z</time>
      </trkpt>
      <trkpt lat="37.474891" lon="-122.446376">
        <ele>6.516688</ele>
        <time>2022-08-13T22:42:39.999Z</time>
      </trkpt>
      <trkpt lat="37.475014" lon="-122.446434">
        <ele>6.509710</ele>
        <time>2022-08-13T22:42:42.999Z</time>
      </trkpt>
      <trkpt lat="37.475134" lon="-122.446502">
        <ele>6.502719</ele>
        <time>2022-08-13T22:42:45.999Z</time>
      </trkpt>
      <trkpt lat="37.475252" lon="-122.446558">
        <ele>6.518521</ele>
        <time>2022-08-13T22:42:48.999Z</time>
      </trkpt>
      <trkpt lat="37.475367" lon="-122.446633">
        <ele>6.591236</ele>
        <time>2022-08-13T22:42:51.999Z</time>
      </trkpt>
      <trkpt lat="37.475489" lon="-122.446705">
        <ele>6.666888</ele>
        <time>2022-08-13T22:42:54.999Z</time>
      </trkpt>
      <trkpt lat="37.475570" lon="-122.446763">
        <ele>6.719205</ele>
        <time>2022-08-13T22:42:56.999Z</time>
      </trkpt>
      <trkpt lat="37.475647" lon="-122.446834">
        <ele>6.772785</ele>
        <time>2022-08-13T22:42:58.999Z</time>
      </trkpt>
      <trkpt lat="37.475751" lon="-122.446938">
        <ele>6.847342</ele>
        <time>2022-08-13T22:43:01.999Z</time>
      </trkpt>
      <trkpt lat="37.475854" lon="-122.447020">
        <ele>6.915759</ele>
        <time>2022-08-13T22:43:04.999Z</time>
      </trkpt>
      <trkpt lat="37.475964" lon="-122.447068">
        <ele>6.981129</ele>
        <time>2022-08-13T22:43:07.999Z</time>
      </trkpt>
      <trkpt lat="37.476079" lon="-122.447139">
        <ele>7.053042</ele>
        <time>2022-08-13T22:43:10.999Z</time>
      </trkpt>
      <trkpt lat="37.476192" lon="-122.447215">
        <ele>7.124971</ele>
        <time>2022-08-13T22:43:13.999Z</time>
      </trkpt>
      <trkpt lat="37.476299" lon="-122.447285">
        <ele>7.192672</ele>
        <time>2022-08-13T22:43:16.999Z</time>
      </trkpt>
      <trkpt lat="37.476401" lon="-122.447360">
        <ele>7.258989</ele>
        <time>2022-08-13T22:43:19.999Z</time>
      </trkpt>
      <trkpt lat="37.476498" lon="-122.447449">
        <ele>7.326370</ele>
        <time>2022-08-13T22:43:22.999Z</time>
      </trkpt>
      <trkpt lat="37.476591" lon="-122.447536">
        <ele>7.391413</ele>
        <time>2022-08-13T22:43:25.999Z</time>
      </trkpt>
      <trkpt lat="37.476694" lon="-122.447625">
        <ele>7.461545</ele>
        <time>2022-08-13T22:43:28.999Z</time>
      </trkpt>
      <trkpt lat="37.476811" lon="-122.447658">
        <ele>7.543651</ele>
        <time>2022-08-13T22:43:31.999Z</time>
      </trkpt>
      <trkpt lat="37.476921" lon="-122.447653">
        <ele>7.649214</ele>
        <time>2022-08-13T22:43:34.999Z</time>
      </trkpt>
      <trkpt lat="37.477025" lon="-122.447618">
        <ele>7.752449</ele>
        <time>2022-08-13T22:43:37.999Z</time>
      </trkpt>
      <trkpt lat="37.477128" lon="-122.447572">
        <ele>7.857250</ele>
        <time>2022-08-13T22:43:40.999Z</time>
      </trkpt>
      <trkpt lat="37.477230" lon="-122.447520">
        <ele>7.962774</ele>
        <time>2022-08-13T22:43:43.999Z</time>
      </trkpt>
      <trkpt lat="37.477347" lon="-122.447514">
        <ele>8.075074</ele>
        <time>2022-08-13T22:43:46.999Z</time>
      </trkpt>
      <trkpt lat="37.477462" lon="-122.447530">
        <ele>8.186033</ele>
        <time>2022-08-13T22:43:49.999Z</time>
      </trkpt>
      <trkpt lat="37.477575" lon="-122.447581">
        <ele>8.301146</ele>
        <time>2022-08-13T22:43:52.999Z</time>
      </trkpt>
      <trkpt lat="37.477680" lon="-122.447657">
        <ele>8.417275</ele>
        <time>2022-08-13T22:43:55.999Z</time>
      </trkpt>
      <trkpt lat="37.477778" lon="-122.447729">
        <ele>8.526068</ele>
        <time>2022-08-13T22:43:58.999Z</time>
      </trkpt>
      <trkpt lat="37.477877" lon="-122.447800">
        <ele>8.635313</ele>
        <time>2022-08-13T22:44:01.999Z</time>
      </trkpt>
      <trkpt lat="37.477976" lon="-122.447869">
        <ele>8.743812</ele>
        <time>2022-08-13T22:44:04.999Z</time>
      </trkpt>
      <trkpt lat="37.478069" lon="-122.447941">
        <ele>8.848491</ele>
        <time>2022-08-13T22:44:07.999Z</time>
      </trkpt>
      <trkpt lat="37.478165" lon="-122.448011">
        <ele>8.954862</ele>
        <time>2022-08-13T22:44:10.999Z</time>
      </trkpt>
      <trkpt lat="37.478258" lon="-122.448093">
        <ele>9.063718</ele>
        <time>2022-08-13T22:44:13.999Z</time>
      </trkpt>
      <trkpt lat="37.478342" lon="-122.448191">
        <ele>9.173502</ele>
        <time>2022-08-13T22:44:16.999Z</time>
      </trkpt>
      <trkpt lat="37.478422" lon="-122.448302">
        <ele>9.284183</ele>
        <time>2022-08-13T22:44:19.999Z</time>
      </trkpt>
      <trkpt lat="37.478510" lon="-122.448399">
        <ele>9.389257</ele>
        <time>2022-08-13T22:44:22.999Z</time>
      </trkpt>
      <trkpt lat="37.478606" lon="-122.448467">
        <ele>9.488230</ele>
        <time>2022-08-13T22:44:25.999Z</time>
      </trkpt>
      <trkpt lat="37.478705" lon="-122.448522">
        <ele>9.585466</ele>
        <time>2022-08-13T22:44:28.999Z</time>
      </trkpt>
      <trkpt lat="37.478809" lon="-122.448564">
        <ele>9.683614</ele>
        <time>2022-08-13T22:44:31.999Z</time>
      </trkpt>
      <trkpt lat="37.478915" lon="-122.448606">
        <ele>9.783476</ele>
        <time>2022-08-13T22:44:34.999Z</time>
      </trkpt>
      <trkpt lat="37.479016" lon="-122.448652">
        <ele>9.879993</ele>
        <time>2022-08-13T22:44:37.999Z</time>
      </trkpt>
      <trkpt lat="37.479113" lon="-122.448684">
        <ele>9.970105</ele>
        <time>2022-08-13T22:44:40.999Z</time>
      </trkpt>
      <trkpt lat="37.479213" lon="-122.448734">
        <ele>10.066793</ele>
        <time>2022-08-13T22:44:44.999Z</time>
      </trkpt>
      <trkpt lat="37.479298" lon="-122.448786">
        <ele>10.151710</ele>
        <time>2022-08-13T22:44:48.999Z</time>
      </trkpt>
      <trkpt lat="37.479363" lon="-122.448880">
        <ele>10.240630</ele>
        <time>2022-08-13T22:44:51.999Z</time>
      </trkpt>
      <trkpt lat="37.479442" lon="-122.448945">
        <ele>10.325423</ele>
        <time>2022-08-13T22:44:54.999Z</time>
      </trkpt>
      <trkpt lat="37.479522" lon="-122.449018">
        <ele>10.414190</ele>
        <time>2022-08-13T22:44:57.999Z</time>
      </trkpt>
      <trkpt lat="37.479606" lon="-122.449096">
        <ele>10.507964</ele>
        <time>2022-08-13T22:45:00.999Z</time>
      </trkpt>
      <trkpt lat="37.479694" lon="-122.449172">
        <ele>10.603842</ele>
        <time>2022-08-13T22:45:03.999Z</time>
      </trkpt>
      <trkpt lat="37.479782" lon="-122.449251">
        <ele>10.700946</ele>
        <time>2022-08-13T22:45:06.999Z</time>
      </trkpt>
      <trkpt lat="37.479869" lon="-122.449328">
        <ele>10.796492</ele>
        <time>2022-08-13T22:45:09.999Z</time>
      </trkpt>
      <trkpt lat="37.479975" lon="-122.449367">
        <ele>10.851858</ele>
        <time>2022-08-13T22:45:12.999Z</time>
      </trkpt>
      <trkpt lat="37.480077" lon="-122.449350">
        <ele>10.856734</ele>
        <time>2022-08-13T22:45:15.999Z</time>
      </trkpt>
      <trkpt lat="37.480171" lon="-122.449290">
        <ele>10.861728</ele>
        <time>2022-08-13T22:45:18.999Z</time>
      </trkpt>
      <trkpt lat="37.480256" lon="-122.449234">
        <ele>10.866274</ele>
        <time>2022-08-13T22:45:21.999Z</time>
      </trkpt>
      <trkpt lat="37.480345" lon="-122.449187">
        <ele>10.870848</ele>
        <time>2022-08-13T22:45:24.999Z</time>
      </trkpt>
      <trkpt lat="37.480457" lon="-122.449140">
        <ele>10.876443</ele>
        <time>2022-08-13T22:45:28.999Z</time>
      </trkpt>
      <trkpt lat="37.480550" lon="-122.449115">
        <ele>10.880950</ele>
        <time>2022-08-13T22:45:31.999Z</time>
      </trkpt>
      <trkpt lat="37.480660" lon="-122.449100">
        <ele>10.886194</ele>
        <time>2022-08-13T22:45:34.999Z</time>
      </trkpt>
      <trkpt lat="37.480779" lon="-122.449090">
        <ele>10.891847</ele>
        <time>2022-08-13T22:45:37.999Z</time>
      </trkpt>
      <trkpt lat="37.480888" lon="-122.449118">
        <ele>10.897119</ele>
        <time>2022-08-13T22:45:40.999Z</time>
      </trkpt>
      <trkpt lat="37.480994" lon="-122.449190">
        <ele>10.902827</ele>
        <time>2022-08-13T22:45:43.999Z</time>
      </trkpt>
      <trkpt lat="37.481080" lon="-122.449288">
        <ele>10.908322</ele>
        <time>2022-08-13T22:45:46.999Z</time>
      </trkpt>
      <trkpt lat="37.481163" lon="-122.449399">
        <ele>10.914058</ele>
        <time>2022-08-13T22:45:49.999Z</time>
      </trkpt>
      <trkpt lat="37.481240" lon="-122.449506">
        <ele>10.919491</ele>
        <time>2022-08-13T22:45:52.999Z</time>
      </trkpt>
      <trkpt lat="37.481332" lon="-122.449587">
        <ele>10.924811</ele>
        <time>2022-08-13T22:45:55.999Z</time>
      </trkpt>
      <trkpt lat="37.481443" lon="-122.449619">
        <ele>10.930207</ele>
        <time>2022-08-13T22:45:58.999Z</time>
      </trkpt>
      <trkpt lat="37.481559" lon="-122.449628">
        <ele>10.924541</ele>
        <time>2022-08-13T22:46:01.999Z</time>
      </trkpt>
      <trkpt lat="37.481676" lon="-122.449626">
        <ele>10.871169</ele>
        <time>2022-08-13T22:46:04.999Z</time>
      </trkpt>
      <trkpt lat="37.481785" lon="-122.449648">
        <ele>10.820818</ele>
        <time>2022-08-13T22:46:07.999Z</time>
      </trkpt>
      <trkpt lat="37.481881" lon="-122.449687">
        <ele>10.774811</ele>
        <time>2022-08-13T22:46:10.999Z</time>
      </trkpt>
      <trkpt lat="37.481974" lon="-122.449713">
        <ele>10.731360</ele>
        <time>2022-08-13T22:46:13.999Z</time>
      </trkpt>
      <trkpt lat="37.482069" lon="-122.449748">
        <ele>10.686214</ele>
        <time>2022-08-13T22:46:16.999Z</time>
      </trkpt>
      <trkpt lat="37.482150" lon="-122.449843">
        <ele>10.635743</ele>
        <time>2022-08-13T22:46:19.999Z</time>
      </trkpt>
      <trkpt lat="37.482094" lon="-122.449935">
        <ele>10.593775</ele>
        <time>2022-08-13T22:46:21.999Z</time>
      </trkpt>
      <trkpt lat="37.482032" lon="-122.450058">
        <ele>10.541032</ele>
        <time>2022-08-13T22:46:24.999Z</time>
      </trkpt>
      <trkpt lat="37.481970" lon="-122.450165">
        <ele>10.493077</ele>
        <time>2022-08-13T22:46:27.999Z</time>
      </trkpt>
      <trkpt lat="37.481919" lon="-122.450292">
        <ele>10.441557</ele>
        <time>2022-08-13T22:46:30.999Z</time>
      </trkpt>
      <trkpt lat="37.481867" lon="-122.450422">
        <ele>10.388863</ele>
        <time>2022-08-13T22:46:33.999Z</time>
      </trkpt>
      <trkpt lat="37.481808" lon="-122.450559">
        <ele>10.332444</ele>
        <time>2022-08-13T22:46:36.999Z</time>
      </trkpt>
      <trkpt lat="37.481742" lon="-122.450696">
        <ele>10.274433</ele>
        <time>2022-08-13T22:46:39.999Z</time>
      </trkpt>
      <trkpt lat="37.481679" lon="-122.450838">
        <ele>10.215548</ele>
        <time>2022-08-13T22:46:42.999Z</time>
      </trkpt>
      <trkpt lat="37.481582" lon="-122.450926">
        <ele>10.161031</ele>
        <time>2022-08-13T22:46:45.999Z</time>
      </trkpt>
      <trkpt lat="37.481493" lon="-122.450980">
        <ele>10.115975</ele>
        <time>2022-08-13T22:46:47.999Z</time>
      </trkpt>
      <trkpt lat="37.481398" lon="-122.451029">
        <ele>10.142626</ele>
        <time>2022-08-13T22:46:49.999Z</time>
      </trkpt>
      <trkpt lat="37.481387" lon="-122.451170">
        <ele>10.174879</ele>
        <time>2022-08-13T22:46:52.999Z</time>
      </trkpt>
      <trkpt lat="37.481485" lon="-122.451249">
        <ele>10.208252</ele>
        <time>2022-08-13T22:46:55.999Z</time>
      </trkpt>
      <trkpt lat="37.481580" lon="-122.451312">
        <ele>10.239048</ele>
        <time>2022-08-13T22:46:58.999Z</time>
      </trkpt>
      <trkpt lat="37.481677" lon="-122.451362">
        <ele>10.269112</ele>
        <time>2022-08-13T22:47:01.999Z</time>
      </trkpt>
      <trkpt lat="37.481774" lon="-122.451407">
        <ele>10.298764</ele>
        <time>2022-08-13T22:47:04.999Z</time>
      </trkpt>
      <trkpt lat="37.481883" lon="-122.451448">
        <ele>10.331396</ele>
        <time>2022-08-13T22:47:07.999Z</time>
      </trkpt>
      <trkpt lat="37.481991" lon="-122.451485">
        <ele>10.363502</ele>
        <time>2022-08-13T22:47:10.999Z</time>
      </trkpt>
      <trkpt lat="37.482089" lon="-122.451513">
        <ele>10.392328</ele>
        <time>2022-08-13T22:47:13.999Z</time>
      </trkpt>
      <trkpt lat="37.482200" lon="-122.451539">
        <ele>10.424716</ele>
        <time>2022-08-13T22:47:16.999Z</time>
      </trkpt>
      <trkpt lat="37.482308" lon="-122.451533">
        <ele>10.455728</ele>
        <time>2022-08-13T22:47:19.999Z</time>
      </trkpt>
      <trkpt lat="37.482411" lon="-122.451559">
        <ele>10.485862</ele>
        <time>2022-08-13T22:47:22.999Z</time>
      </trkpt>
      <trkpt lat="37.482522" lon="-122.451633">
        <ele>10.521886</ele>
        <time>2022-08-13T22:47:25.999Z</time>
      </trkpt>
      <trkpt lat="37.482619" lon="-122.451730">
        <ele>10.557409</ele>
        <time>2022-08-13T22:47:28.999Z</time>
      </trkpt>
      <trkpt lat="37.482715" lon="-122.451816">
        <ele>10.591198</ele>
        <time>2022-08-13T22:47:31.999Z</time>
      </trkpt>
      <trkpt lat="37.482816" lon="-122.451876">
        <ele>10.623229</ele>
        <time>2022-08-13T22:47:34.999Z</time>
      </trkpt>
      <trkpt lat="37.482931" lon="-122.451833">
        <ele>10.615243</ele>
        <time>2022-08-13T22:47:37.999Z</time>
      </trkpt>
      <trkpt lat="37.483032" lon="-122.451806">
        <ele>10.599046</ele>
        <time>2022-08-13T22:47:40.999Z</time>
      </trkpt>
      <trkpt lat="37.483132" lon="-122.451837">
        <ele>10.582891</ele>
        <time>2022-08-13T22:47:43.999Z</time>
      </trkpt>
      <trkpt lat="37.483242" lon="-122.451897">
        <ele>10.564088</ele>
        <time>2022-08-13T22:47:46.999Z</time>
      </trkpt>
      <trkpt lat="37.483345" lon="-122.451955">
        <ele>10.546389</ele>
        <time>2022-08-13T22:47:49.999Z</time>
      </trkpt>
      <trkpt lat="37.483456" lon="-122.452003">
        <ele>10.527979</ele>
        <time>2022-08-13T22:47:52.999Z</time>
      </trkpt>
      <trkpt lat="37.483557" lon="-122.452054">
        <ele>10.510910</ele>
        <time>2022-08-13T22:47:55.999Z</time>
      </trkpt>
      <trkpt lat="37.483650" lon="-122.452089">
        <ele>10.495684</ele>
        <time>2022-08-13T22:47:58.999Z</time>
      </trkpt>
      <trkpt lat="37.483713" lon="-122.452195">
        <ele>10.479198</ele>
        <time>2022-08-13T22:48:02.999Z</time>
      </trkpt>
      <trkpt lat="37.483660" lon="-122.452299">
        <ele>10.463811</ele>
        <time>2022-08-13T22:48:05.999Z</time>
      </trkpt>
      <trkpt lat="37.483733" lon="-122.452390">
        <ele>10.447703</ele>
        <time>2022-08-13T22:48:10.999Z</time>
      </trkpt>
      <trkpt lat="37.483848" lon="-122.452344">
        <ele>10.428775</ele>
        <time>2022-08-13T22:50:25.999Z</time>
      </trkpt>
      <trkpt lat="37.483910" lon="-122.452243">
        <ele>10.412879</ele>
        <time>2022-08-13T22:50:35.999Z</time>
      </trkpt>
      <trkpt lat="37.484006" lon="-122.452257">
        <ele>10.397719</ele>
        <time>2022-08-13T22:50:45.999Z</time>
      </trkpt>
      <trkpt lat="37.484106" lon="-122.452303">
        <ele>10.381019</ele>
        <time>2022-08-13T22:50:49.999Z</time>
      </trkpt>
      <trkpt lat="37.484191" lon="-122.452340">
        <ele>10.366911</ele>
        <time>2022-08-13T22:50:52.999Z</time>
      </trkpt>
      <trkpt lat="37.484277" lon="-122.452379">
        <ele>10.352573</ele>
        <time>2022-08-13T22:50:55.999Z</time>
      </trkpt>
      <trkpt lat="37.484364" lon="-122.452419">
        <ele>10.358697</ele>
        <time>2022-08-13T22:50:58.999Z</time>
      </trkpt>
      <trkpt lat="37.484462" lon="-122.452442">
        <ele>10.375283</ele>
        <time>2022-08-13T22:51:01.999Z</time>
      </trkpt>
      <trkpt lat="37.484562" lon="-122.452467">
        <ele>10.392245</ele>
        <time>2022-08-13T22:51:04.999Z</time>
      </trkpt>
      <trkpt lat="37.484662" lon="-122.452483">
        <ele>10.409016</ele>
        <time>2022-08-13T22:51:07.999Z</time>
      </trkpt>
      <trkpt lat="37.484762" lon="-122.452498">
        <ele>10.425771</ele>
        <time>2022-08-13T22:51:10.999Z</time>
      </trkpt>
      <trkpt lat="37.484866" lon="-122.452524">
        <ele>10.443412</ele>
        <time>2022-08-13T22:51:13.999Z</time>
      </trkpt>
      <trkpt lat="37.484967" lon="-122.452515">
        <ele>10.460258</ele>
        <time>2022-08-13T22:51:16.999Z</time>
      </trkpt>
      <trkpt lat="37.485075" lon="-122.452480">
        <ele>10.478811</ele>
        <time>2022-08-13T22:51:19.999Z</time>
      </trkpt>
      <trkpt lat="37.485162" lon="-122.452414">
        <ele>10.495707</ele>
        <time>2022-08-13T22:51:22.999Z</time>
      </trkpt>
      <trkpt lat="37.485236" lon="-122.452329">
        <ele>10.512365</ele>
        <time>2022-08-13T22:51:25.999Z</time>
      </trkpt>
      <trkpt lat="37.485276" lon="-122.452201">
        <ele>10.530528</ele>
        <time>2022-08-13T22:51:28.999Z</time>
      </trkpt>
      <trkpt lat="37.485309" lon="-122.452072">
        <ele>10.548422</ele>
        <time>2022-08-13T22:51:31.999Z</time>
      </trkpt>
      <trkpt lat="37.485358" lon="-122.451947">
        <ele>10.566828</ele>
        <time>2022-08-13T22:51:34.999Z</time>
      </trkpt>
      <trkpt lat="37.485455" lon="-122.451902">
        <ele>10.584026</ele>
        <time>2022-08-13T22:51:37.999Z</time>
      </trkpt>
      <trkpt lat="37.485555" lon="-122.451938">
        <ele>10.601329</ele>
        <time>2022-08-13T22:51:41.999Z</time>
      </trkpt>
      <trkpt lat="37.485641" lon="-122.452019">
        <ele>10.619192</ele>
        <time>2022-08-13T22:51:45.999Z</time>
      </trkpt>
      <trkpt lat="37.485732" lon="-122.452086">
        <ele>10.636727</ele>
        <time>2022-08-13T22:51:48.999Z</time>
      </trkpt>
      <trkpt lat="37.485820" lon="-122.452161">
        <ele>10.608802</ele>
        <time>2022-08-13T22:51:51.999Z</time>
      </trkpt>
      <trkpt lat="37.485903" lon="-122.452236">
        <ele>10.516353</ele>
        <time>2022-08-13T22:51:54.999Z</time>
      </trkpt>
      <trkpt lat="37.485996" lon="-122.452303">
        <ele>10.419385</ele>
        <time>2022-08-13T22:51:57.999Z</time>
      </trkpt>
      <trkpt lat="37.486086" lon="-122.452390">
        <ele>10.316710</ele>
        <time>2022-08-13T22:52:00.999Z</time>
      </trkpt>
      <trkpt lat="37.486183" lon="-122.452468">
        <ele>10.212554</ele>
        <time>2022-08-13T22:52:03.999Z</time>
      </trkpt>
      <trkpt lat="37.486278" lon="-122.452538">
        <ele>10.112940</ele>
        <time>2022-08-13T22:52:06.999Z</time>
      </trkpt>
      <trkpt lat="37.486372" lon="-122.452609">
        <ele>10.013739</ele>
        <time>2022-08-13T22:52:09.999Z</time>
      </trkpt>
      <trkpt lat="37.486460" lon="-122.452685">
        <ele>9.917172</ele>
        <time>2022-08-13T22:52:12.999Z</time>
      </trkpt>
      <trkpt lat="37.486548" lon="-122.452759">
        <ele>9.821409</ele>
        <time>2022-08-13T22:52:15.999Z</time>
      </trkpt>
      <trkpt lat="37.486645" lon="-122.452834">
        <ele>9.718397</ele>
        <time>2022-08-13T22:52:18.999Z</time>
      </trkpt>
      <trkpt lat="37.486742" lon="-122.452910">
        <ele>9.615007</ele>
        <time>2022-08-13T22:52:21.999Z</time>
      </trkpt>
      <trkpt lat="37.486837" lon="-122.452997">
        <ele>9.508706</ele>
        <time>2022-08-13T22:52:24.999Z</time>
      </trkpt>
      <trkpt lat="37.486942" lon="-122.453089">
        <ele>9.392946</ele>
        <time>2022-08-13T22:52:27.999Z</time>
      </trkpt>
      <trkpt lat="37.487046" lon="-122.453180">
        <ele>9.278339</ele>
        <time>2022-08-13T22:52:30.999Z</time>
      </trkpt>
      <trkpt lat="37.487145" lon="-122.453278">
        <ele>9.164385</ele>
        <time>2022-08-13T22:52:33.999Z</time>
      </trkpt>
      <trkpt lat="37.487256" lon="-122.453351">
        <ele>9.051049</ele>
        <time>2022-08-13T22:52:36.999Z</time>
      </trkpt>
      <trkpt lat="37.487367" lon="-122.453435">
        <ele>8.934410</ele>
        <time>2022-08-13T22:52:39.999Z</time>
      </trkpt>
      <trkpt lat="37.487475" lon="-122.453531">
        <ele>8.815564</ele>
        <time>2022-08-13T22:52:42.999Z</time>
      </trkpt>
      <trkpt lat="37.487585" lon="-122.453614">
        <ele>8.700272</ele>
        <time>2022-08-13T22:52:45.999Z</time>
      </trkpt>
      <trkpt lat="37.487693" lon="-122.453700">
        <ele>8.585391</ele>
        <time>2022-08-13T22:52:48.999Z</time>
      </trkpt>
      <trkpt lat="37.487803" lon="-122.453796">
        <ele>8.465071</ele>
        <time>2022-08-13T22:52:51.999Z</time>
      </trkpt>
      <trkpt lat="37.487907" lon="-122.453887">
        <ele>8.351218</ele>
        <time>2022-08-13T22:52:54.999Z</time>
      </trkpt>
      <trkpt lat="37.488012" lon="-122.453989">
        <ele>8.232002</ele>
        <time>2022-08-13T22:52:57.999Z</time>
      </trkpt>
      <trkpt lat="37.488085" lon="-122.454071">
        <ele>8.144066</ele>
        <time>2022-08-13T22:52:59.999Z</time>
      </trkpt>
      <trkpt lat="37.488158" lon="-122.454150">
        <ele>8.057540</ele>
        <time>2022-08-13T22:53:01.999Z</time>
      </trkpt>
      <trkpt lat="37.488234" lon="-122.454228">
        <ele>7.969402</ele>
        <time>2022-08-13T22:53:03.999Z</time>
      </trkpt>
      <trkpt lat="37.488309" lon="-122.454303">
        <ele>7.883305</ele>
        <time>2022-08-13T22:53:05.999Z</time>
      </trkpt>
      <trkpt lat="37.488386" lon="-122.454378">
        <ele>7.795793</ele>
        <time>2022-08-13T22:53:07.999Z</time>
      </trkpt>
      <trkpt lat="37.488492" lon="-122.454488">
        <ele>7.672317</ele>
        <time>2022-08-13T22:53:10.999Z</time>
      </trkpt>
      <trkpt lat="37.488564" lon="-122.454557">
        <ele>7.590978</ele>
        <time>2022-08-13T22:53:12.999Z</time>
      </trkpt>
      <trkpt lat="37.488638" lon="-122.454636">
        <ele>7.503768</ele>
        <time>2022-08-13T22:53:14.999Z</time>
      </trkpt>
      <trkpt lat="37.488713" lon="-122.454711">
        <ele>7.417672</ele>
        <time>2022-08-13T22:53:16.999Z</time>
      </trkpt>
      <trkpt lat="37.488789" lon="-122.454785">
        <ele>7.370863</ele>
        <time>2022-08-13T22:53:18.999Z</time>
      </trkpt>
      <trkpt lat="37.488861" lon="-122.454857">
        <ele>7.334615</ele>
        <time>2022-08-13T22:53:20.999Z</time>
      </trkpt>
      <trkpt lat="37.488960" lon="-122.454961">
        <ele>7.283786</ele>
        <time>2022-08-13T22:53:23.999Z</time>
      </trkpt>
      <trkpt lat="37.489061" lon="-122.455049">
        <ele>7.235361</ele>
        <time>2022-08-13T22:53:26.999Z</time>
      </trkpt>
      <trkpt lat="37.489169" lon="-122.455127">
        <ele>7.186270</ele>
        <time>2022-08-13T22:53:29.999Z</time>
      </trkpt>
      <trkpt lat="37.489292" lon="-122.455192">
        <ele>7.133670</ele>
        <time>2022-08-13T22:53:32.999Z</time>
      </trkpt>
      <trkpt lat="37.489406" lon="-122.455274">
        <ele>7.081903</ele>
        <time>2022-08-13T22:53:35.999Z</time>
      </trkpt>
      <trkpt lat="37.489508" lon="-122.455368">
        <ele>7.032069</ele>
        <time>2022-08-13T22:53:38.999Z</time>
      </trkpt>
      <trkpt lat="37.489592" lon="-122.455468">
        <ele>6.986498</ele>
        <time>2022-08-13T22:53:41.999Z</time>
      </trkpt>
      <trkpt lat="37.489647" lon="-122.455603">
        <ele>6.939010</ele>
        <time>2022-08-13T22:53:44.999Z</time>
      </trkpt>
      <trkpt lat="37.489620" lon="-122.455759">
        <ele>6.889046</ele>
        <time>2022-08-13T22:53:47.999Z</time>
      </trkpt>
      <trkpt lat="37.489648" lon="-122.455902">
        <ele>6.842955</ele>
        <time>2022-08-13T22:53:50.999Z</time>
      </trkpt>
      <trkpt lat="37.489754" lon="-122.455988">
        <ele>6.793237</ele>
        <time>2022-08-13T22:53:53.999Z</time>
      </trkpt>
      <trkpt lat="37.489835" lon="-122.456040">
        <ele>6.757387</ele>
        <time>2022-08-13T22:53:55.999Z</time>
      </trkpt>
      <trkpt lat="37.489939" lon="-122.456114">
        <ele>6.710286</ele>
        <time>2022-08-13T22:53:58.999Z</time>
      </trkpt>
      <trkpt lat="37.490049" lon="-122.456185">
        <ele>6.736681</ele>
        <time>2022-08-13T22:54:01.999Z</time>
      </trkpt>
      <trkpt lat="37.490129" lon="-122.456239">
        <ele>6.788010</ele>
        <time>2022-08-13T22:54:03.999Z</time>
      </trkpt>
      <trkpt lat="37.490239" lon="-122.456321">
        <ele>6.860296</ele>
        <time>2022-08-13T22:54:06.999Z</time>
      </trkpt>
      <trkpt lat="37.490339" lon="-122.456388">
        <ele>6.924352</ele>
        <time>2022-08-13T22:54:09.999Z</time>
      </trkpt>
      <trkpt lat="37.490433" lon="-122.456455">
        <ele>6.985432</ele>
        <time>2022-08-13T22:54:12.999Z</time>
      </trkpt>
      <trkpt lat="37.490526" lon="-122.456510">
        <ele>7.043537</ele>
        <time>2022-08-13T22:54:15.999Z</time>
      </trkpt>
      <trkpt lat="37.490611" lon="-122.456571">
        <ele>7.098861</ele>
        <time>2022-08-13T22:54:18.999Z</time>
      </trkpt>
      <trkpt lat="37.490693" lon="-122.456633">
        <ele>7.152947</ele>
        <time>2022-08-13T22:54:21.999Z</time>
      </trkpt>
      <trkpt lat="37.490776" lon="-122.456708">
        <ele>7.210711</ele>
        <time>2022-08-13T22:54:24.999Z</time>
      </trkpt>
      <trkpt lat="37.490854" lon="-122.456789">
        <ele>7.267875</ele>
        <time>2022-08-13T22:54:27.999Z</time>
      </trkpt>
      <trkpt lat="37.490930" lon="-122.456869">
        <ele>7.323882</ele>
        <time>2022-08-13T22:54:30.999Z</time>
      </trkpt>
      <trkpt lat="37.491010" lon="-122.456960">
        <ele>7.384835</ele>
        <time>2022-08-13T22:54:35.999Z</time>
      </trkpt>
      <trkpt lat="37.491081" lon="-122.457043">
        <ele>7.439608</ele>
        <time>2022-08-13T22:54:39.999Z</time>
      </trkpt>
      <trkpt lat="37.491125" lon="-122.457145">
        <ele>7.491711</ele>
        <time>2022-08-13T22:54:42.999Z</time>
      </trkpt>
      <trkpt lat="37.491138" lon="-122.457275">
        <ele>7.550514</ele>
        <time>2022-08-13T22:54:45.999Z</time>
      </trkpt>
      <trkpt lat="37.491184" lon="-122.457391">
        <ele>7.608712</ele>
        <time>2022-08-13T22:54:48.999Z</time>
      </trkpt>
      <trkpt lat="37.491279" lon="-122.457452">
        <ele>7.669016</ele>
        <time>2022-08-13T22:54:51.999Z</time>
      </trkpt>
      <trkpt lat="37.491368" lon="-122.457501">
        <ele>7.720959</ele>
        <time>2022-08-13T22:54:54.999Z</time>
      </trkpt>
      <trkpt lat="37.491452" lon="-122.457560">
        <ele>7.763911</ele>
        <time>2022-08-13T22:54:57.999Z</time>
      </trkpt>
      <trkpt lat="37.491531" lon="-122.457629">
        <ele>7.806842</ele>
        <time>2022-08-13T22:55:00.999Z</time>
      </trkpt>
      <trkpt lat="37.491580" lon="-122.457754">
        <ele>7.856253</ele>
        <time>2022-08-13T22:55:03.999Z</time>
      </trkpt>
      <trkpt lat="37.491616" lon="-122.457896">
        <ele>7.909084</ele>
        <time>2022-08-13T22:55:06.999Z</time>
      </trkpt>
      <trkpt lat="37.491692" lon="-122.458025">
        <ele>7.966026</ele>
        <time>2022-08-13T22:55:09.999Z</time>
      </trkpt>
      <trkpt lat="37.491759" lon="-122.458105">
        <ele>8.007249</ele>
        <time>2022-08-13T22:55:12.999Z</time>
      </trkpt>
      <trkpt lat="37.491830" lon="-122.458182">
        <ele>8.049087</ele>
        <time>2022-08-13T22:55:15.999Z</time>
      </trkpt>
      <trkpt lat="37.491914" lon="-122.458263">
        <ele>8.096328</ele>
        <time>2022-08-13T22:55:19.999Z</time>
      </trkpt>
      <trkpt lat="37.492008" lon="-122.458315">
        <ele>8.142180</ele>
        <time>2022-08-13T22:55:24.999Z</time>
      </trkpt>
      <trkpt lat="37.492103" lon="-122.458394">
        <ele>8.193016</ele>
        <time>2022-08-13T22:55:30.999Z</time>
      </trkpt>
      <trkpt lat="37.492202" lon="-122.458487">
        <ele>8.248167</ele>
        <time>2022-08-13T22:55:34.999Z</time>
      </trkpt>
      <trkpt lat="37.492272" lon="-122.458575">
        <ele>8.292328</ele>
        <time>2022-08-13T22:55:37.999Z</time>
      </trkpt>
      <trkpt lat="37.492341" lon="-122.458658">
        <ele>8.334931</ele>
        <time>2022-08-13T22:55:40.999Z</time>
      </trkpt>
      <trkpt lat="37.492421" lon="-122.458762">
        <ele>8.386266</ele>
        <time>2022-08-13T22:55:44.999Z</time>
      </trkpt>
      <trkpt lat="37.492474" lon="-122.458858">
        <ele>8.427713</ele>
        <time>2022-08-13T22:55:47.999Z</time>
      </trkpt>
      <trkpt lat="37.492550" lon="-122.458940">
        <ele>8.472399</ele>
        <time>2022-08-13T22:55:50.999Z</time>
      </trkpt>
      <trkpt lat="37.492627" lon="-122.459009">
        <ele>8.519964</ele>
        <time>2022-08-13T22:55:53.999Z</time>
      </trkpt>
      <trkpt lat="37.492695" lon="-122.459105">
        <ele>8.730003</ele>
        <time>2022-08-13T22:55:56.999Z</time>
      </trkpt>
      <trkpt lat="37.492769" lon="-122.459190">
        <ele>8.935959</ele>
        <time>2022-08-13T22:55:59.999Z</time>
      </trkpt>
      <trkpt lat="37.492839" lon="-122.459268">
        <ele>9.128159</ele>
        <time>2022-08-13T22:56:02.999Z</time>
      </trkpt>
      <trkpt lat="37.492907" lon="-122.459353">
        <ele>9.325168</ele>
        <time>2022-08-13T22:56:05.999Z</time>
      </trkpt>
      <trkpt lat="37.492976" lon="-122.459439">
        <ele>9.524787</ele>
        <time>2022-08-13T22:56:08.999Z</time>
      </trkpt>
      <trkpt lat="37.493078" lon="-122.459471">
        <ele>9.741009</ele>
        <time>2022-08-13T22:56:12.999Z</time>
      </trkpt>
      <trkpt lat="37.493138" lon="-122.459342">
        <ele>9.985062</ele>
        <time>2022-08-13T22:56:16.999Z</time>
      </trkpt>
      <trkpt lat="37.493149" lon="-122.459218">
        <ele>10.188706</ele>
        <time>2022-08-13T22:56:19.999Z</time>
      </trkpt>
      <trkpt lat="37.493146" lon="-122.459062">
        <ele>10.443391</ele>
        <time>2022-08-13T22:56:22.999Z</time>
      </trkpt>
      <trkpt lat="37.493153" lon="-122.458903">
        <ele>10.703297</ele>
        <time>2022-08-13T22:56:25.999Z</time>
      </trkpt>
      <trkpt lat="37.493167" lon="-122.458754">
        <ele>10.948182</ele>
        <time>2022-08-13T22:56:28.999Z</time>
      </trkpt>
      <trkpt lat="37.493180" lon="-122.458615">
        <ele>11.176618</ele>
        <time>2022-08-13T22:56:31.999Z</time>
      </trkpt>
      <trkpt lat="37.493175" lon="-122.458471">
        <ele>11.411868</ele>
        <time>2022-08-13T22:56:34.999Z</time>
      </trkpt>
      <trkpt lat="37.493175" lon="-122.458325">
        <ele>11.650157</ele>
        <time>2022-08-13T22:56:37.999Z</time>
      </trkpt>
      <trkpt lat="37.493189" lon="-122.458195">
        <ele>11.864278</ele>
        <time>2022-08-13T22:56:40.999Z</time>
      </trkpt>
      <trkpt lat="37.493214" lon="-122.458064">
        <ele>12.084183</ele>
        <time>2022-08-13T22:56:43.999Z</time>
      </trkpt>
      <trkpt lat="37.493249" lon="-122.457932">
        <ele>12.369276</ele>
        <time>2022-08-13T22:56:46.999Z</time>
      </trkpt>
      <trkpt lat="37.493277" lon="-122.457798">
        <ele>12.728716</ele>
        <time>2022-08-13T22:56:49.999Z</time>
      </trkpt>
      <trkpt lat="37.493334" lon="-122.457674">
        <ele>13.100448</ele>
        <time>2022-08-13T22:56:52.999Z</time>
      </trkpt>
      <trkpt lat="37.493384" lon="-122.457563">
        <ele>13.431542</ele>
        <time>2022-08-13T22:56:55.999Z</time>
      </trkpt>
      <trkpt lat="37.493436" lon="-122.457460">
        <ele>13.748219</ele>
        <time>2022-08-13T22:56:58.999Z</time>
      </trkpt>
      <trkpt lat="37.493478" lon="-122.457347">
        <ele>14.071902</ele>
        <time>2022-08-13T22:57:01.999Z</time>
      </trkpt>
      <trkpt lat="37.493523" lon="-122.457239">
        <ele>14.388328</ele>
        <time>2022-08-13T22:57:04.999Z</time>
      </trkpt>
      <trkpt lat="37.493574" lon="-122.457136">
        <ele>14.703261</ele>
        <time>2022-08-13T22:57:07.999Z</time>
      </trkpt>
      <trkpt lat="37.493662" lon="-122.457063">
        <ele>15.047683</ele>
        <time>2022-08-13T22:57:10.999Z</time>
      </trkpt>
      <trkpt lat="37.493757" lon="-122.457002">
        <ele>15.396250</ele>
        <time>2022-08-13T22:57:13.999Z</time>
      </trkpt>
      <trkpt lat="37.493840" lon="-122.456940">
        <ele>15.711680</ele>
        <time>2022-08-13T22:57:16.999Z</time>
      </trkpt>
      <trkpt lat="37.493939" lon="-122.456861">
        <ele>16.094758</ele>
        <time>2022-08-13T22:57:20.999Z</time>
      </trkpt>
      <trkpt lat="37.494016" lon="-122.456788">
        <ele>16.409761</ele>
        <time>2022-08-13T22:57:23.999Z</time>
      </trkpt>
      <trkpt lat="37.494097" lon="-122.456695">
        <ele>16.767979</ele>
        <time>2022-08-13T22:57:26.999Z</time>
      </trkpt>
      <trkpt lat="37.494166" lon="-122.456606">
        <ele>17.090752</ele>
        <time>2022-08-13T22:57:29.999Z</time>
      </trkpt>
      <trkpt lat="37.494233" lon="-122.456502">
        <ele>17.438249</ele>
        <time>2022-08-13T22:57:32.999Z</time>
      </trkpt>
      <trkpt lat="37.494300" lon="-122.456405">
        <ele>17.771847</ele>
        <time>2022-08-13T22:57:35.999Z</time>
      </trkpt>
      <trkpt lat="37.494363" lon="-122.456304">
        <ele>18.097616</ele>
        <time>2022-08-13T22:57:38.999Z</time>
      </trkpt>
      <trkpt lat="37.494434" lon="-122.456215">
        <ele>18.216959</ele>
        <time>2022-08-13T22:57:41.999Z</time>
      </trkpt>
      <trkpt lat="37.494512" lon="-122.456125">
        <ele>18.342991</ele>
        <time>2022-08-13T22:57:44.999Z</time>
      </trkpt>
      <trkpt lat="37.494587" lon="-122.456056">
        <ele>18.453656</ele>
        <time>2022-08-13T22:57:47.999Z</time>
      </trkpt>
      <trkpt lat="37.494678" lon="-122.456004">
        <ele>18.572735</ele>
        <time>2022-08-13T22:57:50.999Z</time>
      </trkpt>
      <trkpt lat="37.494765" lon="-122.455966">
        <ele>18.682472</ele>
        <time>2022-08-13T22:57:53.999Z</time>
      </trkpt>
      <trkpt lat="37.494849" lon="-122.455909">
        <ele>18.796170</ele>
        <time>2022-08-13T22:57:56.999Z</time>
      </trkpt>
      <trkpt lat="37.494959" lon="-122.455881">
        <ele>18.929915</ele>
        <time>2022-08-13T22:58:00.999Z</time>
      </trkpt>
      <trkpt lat="37.495041" lon="-122.455831">
        <ele>19.038478</ele>
        <time>2022-08-13T22:58:03.999Z</time>
      </trkpt>
      <trkpt lat="37.495145" lon="-122.455817">
        <ele>19.163130</ele>
        <time>2022-08-13T22:58:07.999Z</time>
      </trkpt>
      <trkpt lat="37.495233" lon="-122.455899">
        <ele>19.293558</ele>
        <time>2022-08-13T22:58:12.999Z</time>
      </trkpt>
      <trkpt lat="37.495283" lon="-122.455996">
        <ele>19.402937</ele>
        <time>2022-08-13T22:58:15.999Z</time>
      </trkpt>
      <trkpt lat="37.495331" lon="-122.456112">
        <ele>19.526646</ele>
        <time>2022-08-13T22:58:18.999Z</time>
      </trkpt>
      <trkpt lat="37.495380" lon="-122.456223">
        <ele>19.646757</ele>
        <time>2022-08-13T22:58:22.999Z</time>
      </trkpt>
      <trkpt lat="37.495426" lon="-122.456362">
        <ele>19.789168</ele>
        <time>2022-08-13T22:58:25.999Z</time>
      </trkpt>
      <trkpt lat="37.495486" lon="-122.456513">
        <ele>19.948855</ele>
        <time>2022-08-13T22:58:28.999Z</time>
      </trkpt>
      <trkpt lat="37.495531" lon="-122.456620">
        <ele>20.063367</ele>
        <time>2022-08-13T22:58:30.999Z</time>
      </trkpt>
      <trkpt lat="37.495572" lon="-122.456739">
        <ele>20.186042</ele>
        <time>2022-08-13T22:58:32.999Z</time>
      </trkpt>
      <trkpt lat="37.495619" lon="-122.456856">
        <ele>20.003629</ele>
        <time>2022-08-13T22:58:34.999Z</time>
      </trkpt>
      <trkpt lat="37.495667" lon="-122.456980">
        <ele>19.587233</ele>
        <time>2022-08-13T22:58:36.999Z</time>
      </trkpt>
      <trkpt lat="37.495713" lon="-122.457102">
        <ele>19.179576</ele>
        <time>2022-08-13T22:58:38.999Z</time>
      </trkpt>
      <trkpt lat="37.495764" lon="-122.457225">
        <ele>18.760729</ele>
        <time>2022-08-13T22:58:40.999Z</time>
      </trkpt>
      <trkpt lat="37.495813" lon="-122.457351">
        <ele>18.337240</ele>
        <time>2022-08-13T22:58:42.999Z</time>
      </trkpt>
      <trkpt lat="37.495854" lon="-122.457459">
        <ele>17.975907</ele>
        <time>2022-08-13T22:58:44.999Z</time>
      </trkpt>
      <trkpt lat="37.495897" lon="-122.457609">
        <ele>17.494567</ele>
        <time>2022-08-13T22:58:47.999Z</time>
      </trkpt>
      <trkpt lat="37.495920" lon="-122.457751">
        <ele>17.057176</ele>
        <time>2022-08-13T22:58:50.999Z</time>
      </trkpt>
      <trkpt lat="37.495864" lon="-122.457847">
        <ele>16.697569</ele>
        <time>2022-08-13T22:58:53.999Z</time>
      </trkpt>
      <trkpt lat="37.495801" lon="-122.457942">
        <ele>16.323897</ele>
        <time>2022-08-13T22:58:56.999Z</time>
      </trkpt>
      <trkpt lat="37.495759" lon="-122.458047">
        <ele>15.969014</ele>
        <time>2022-08-13T22:58:59.999Z</time>
      </trkpt>
      <trkpt lat="37.495694" lon="-122.458193">
        <ele>15.463758</ele>
        <time>2022-08-13T22:59:02.999Z</time>
      </trkpt>
      <trkpt lat="37.495637" lon="-122.458286">
        <ele>15.109092</ele>
        <time>2022-08-13T22:59:04.999Z</time>
      </trkpt>
      <trkpt lat="37.495570" lon="-122.458369">
        <ele>14.751740</ele>
        <time>2022-08-13T22:59:06.999Z</time>
      </trkpt>
      <trkpt lat="37.495506" lon="-122.458454">
        <ele>14.398083</ele>
        <time>2022-08-13T22:59:08.999Z</time>
      </trkpt>
      <trkpt lat="37.495411" lon="-122.458524">
        <ele>13.979493</ele>
        <time>2022-08-13T22:59:14.999Z</time>
      </trkpt>
      <trkpt lat="37.495347" lon="-122.458625">
        <ele>13.589390</ele>
        <time>2022-08-13T22:59:17.999Z</time>
      </trkpt>
      <trkpt lat="37.495261" lon="-122.458762">
        <ele>13.176512</ele>
        <time>2022-08-13T22:59:20.999Z</time>
      </trkpt>
      <trkpt lat="37.495193" lon="-122.458851">
        <ele>12.931669</ele>
        <time>2022-08-13T22:59:22.999Z</time>
      </trkpt>
      <trkpt lat="37.495118" lon="-122.458941">
        <ele>12.673028</ele>
        <time>2022-08-13T22:59:24.999Z</time>
      </trkpt>
      <trkpt lat="37.495041" lon="-122.459023">
        <ele>12.421258</ele>
        <time>2022-08-13T22:59:26.999Z</time>
      </trkpt>
      <trkpt lat="37.494968" lon="-122.459115">
        <ele>12.163424</ele>
        <time>2022-08-13T22:59:28.999Z</time>
      </trkpt>
      <trkpt lat="37.494894" lon="-122.459198">
        <ele>11.916017</ele>
        <time>2022-08-13T22:59:30.999Z</time>
      </trkpt>
      <trkpt lat="37.494827" lon="-122.459304">
        <ele>11.647459</ele>
        <time>2022-08-13T22:59:32.999Z</time>
      </trkpt>
      <trkpt lat="37.494752" lon="-122.459393">
        <ele>11.390180</ele>
        <time>2022-08-13T22:59:34.999Z</time>
      </trkpt>
      <trkpt lat="37.494676" lon="-122.459489">
        <ele>11.121443</ele>
        <time>2022-08-13T22:59:36.999Z</time>
      </trkpt>
      <trkpt lat="37.494599" lon="-122.459589">
        <ele>10.845304</ele>
        <time>2022-08-13T22:59:38.999Z</time>
      </trkpt>
      <trkpt lat="37.494522" lon="-122.459695">
        <ele>10.560512</ele>
        <time>2022-08-13T22:59:40.999Z</time>
      </trkpt>
      <trkpt lat="37.494437" lon="-122.459798">
        <ele>10.266014</ele>
        <time>2022-08-13T22:59:42.999Z</time>
      </trkpt>
      <trkpt lat="37.494353" lon="-122.459901">
        <ele>9.973312</ele>
        <time>2022-08-13T22:59:44.999Z</time>
      </trkpt>
      <trkpt lat="37.494277" lon="-122.459999">
        <ele>9.701754</ele>
        <time>2022-08-13T22:59:46.999Z</time>
      </trkpt>
      <trkpt lat="37.494201" lon="-122.460100">
        <ele>9.425914</ele>
        <time>2022-08-13T22:59:48.999Z</time>
      </trkpt>
      <trkpt lat="37.494124" lon="-122.460201">
        <ele>9.148348</ele>
        <time>2022-08-13T22:59:50.999Z</time>
      </trkpt>
      <trkpt lat="37.494056" lon="-122.460290">
        <ele>8.903504</ele>
        <time>2022-08-13T22:59:52.999Z</time>
      </trkpt>
      <trkpt lat="37.493992" lon="-122.460375">
        <ele>8.740274</ele>
        <time>2022-08-13T22:59:54.999Z</time>
      </trkpt>
      <trkpt lat="37.493920" lon="-122.460480">
        <ele>8.547182</ele>
        <time>2022-08-13T22:59:57.999Z</time>
      </trkpt>
      <trkpt lat="37.493896" lon="-122.460591">
        <ele>8.387109</ele>
        <time>2022-08-13T23:00:01.999Z</time>
      </trkpt>
      <trkpt lat="37.493948" lon="-122.460692">
        <ele>8.219588</ele>
        <time>2022-08-13T23:00:04.999Z</time>
      </trkpt>
      <trkpt lat="37.494035" lon="-122.460777">
        <ele>8.026553</ele>
        <time>2022-08-13T23:00:07.999Z</time>
      </trkpt>
      <trkpt lat="37.494128" lon="-122.460880">
        <ele>7.809447</ele>
        <time>2022-08-13T23:00:10.999Z</time>
      </trkpt>
      <trkpt lat="37.494228" lon="-122.460982">
        <ele>7.583853</ele>
        <time>2022-08-13T23:00:13.999Z</time>
      </trkpt>
      <trkpt lat="37.494319" lon="-122.461092">
        <ele>7.362743</ele>
        <time>2022-08-13T23:00:16.999Z</time>
      </trkpt>
      <trkpt lat="37.494417" lon="-122.461189">
        <ele>7.144229</ele>
        <time>2022-08-13T23:00:19.999Z</time>
      </trkpt>
      <trkpt lat="37.494515" lon="-122.461284">
        <ele>6.927422</ele>
        <time>2022-08-13T23:00:22.999Z</time>
      </trkpt>
      <trkpt lat="37.494607" lon="-122.461377">
        <ele>6.720609</ele>
        <time>2022-08-13T23:00:25.999Z</time>
      </trkpt>
      <trkpt lat="37.494677" lon="-122.461463">
        <ele>6.549186</ele>
        <time>2022-08-13T23:00:28.999Z</time>
      </trkpt>
      <trkpt lat="37.494751" lon="-122.461551">
        <ele>6.370774</ele>
        <time>2022-08-13T23:00:31.999Z</time>
      </trkpt>
      <trkpt lat="37.494818" lon="-122.461660">
        <ele>6.178930</ele>
        <time>2022-08-13T23:00:34.999Z</time>
      </trkpt>
      <trkpt lat="37.494889" lon="-122.461762">
        <ele>5.990138</ele>
        <time>2022-08-13T23:00:37.999Z</time>
      </trkpt>
      <trkpt lat="37.494983" lon="-122.461840">
        <ele>5.792781</ele>
        <time>2022-08-13T23:00:40.999Z</time>
      </trkpt>
      <trkpt lat="37.495070" lon="-122.461925">
        <ele>5.806509</ele>
        <time>2022-08-13T23:00:43.999Z</time>
      </trkpt>
      <trkpt lat="37.495147" lon="-122.462015">
        <ele>5.877925</ele>
        <time>2022-08-13T23:00:46.999Z</time>
      </trkpt>
      <trkpt lat="37.495235" lon="-122.462089">
        <ele>5.949868</ele>
        <time>2022-08-13T23:00:49.999Z</time>
      </trkpt>
      <trkpt lat="37.495317" lon="-122.462169">
        <ele>6.020387</ele>
        <time>2022-08-13T23:00:52.999Z</time>
      </trkpt>
      <trkpt lat="37.495405" lon="-122.462259">
        <ele>6.097456</ele>
        <time>2022-08-13T23:00:55.999Z</time>
      </trkpt>
      <trkpt lat="37.495488" lon="-122.462347">
        <ele>6.171217</ele>
        <time>2022-08-13T23:00:58.999Z</time>
      </trkpt>
      <trkpt lat="37.495563" lon="-122.462433">
        <ele>6.240171</ele>
        <time>2022-08-13T23:01:01.999Z</time>
      </trkpt>
      <trkpt lat="37.495648" lon="-122.462529">
        <ele>6.317788</ele>
        <time>2022-08-13T23:01:04.999Z</time>
      </trkpt>
      <trkpt lat="37.495725" lon="-122.462622">
        <ele>6.390315</ele>
        <time>2022-08-13T23:01:07.999Z</time>
      </trkpt>
      <trkpt lat="37.495801" lon="-122.462705">
        <ele>6.458703</ele>
        <time>2022-08-13T23:01:10.999Z</time>
      </trkpt>
      <trkpt lat="37.495888" lon="-122.462741">
        <ele>6.520975</ele>
        <time>2022-08-13T23:01:13.999Z</time>
      </trkpt>
      <trkpt lat="37.495974" lon="-122.462656">
        <ele>6.595298</ele>
        <time>2022-08-13T23:01:17.999Z</time>
      </trkpt>
      <trkpt lat="37.496056" lon="-122.462539">
        <ele>6.679530</ele>
        <time>2022-08-13T23:01:21.999Z</time>
      </trkpt>
      <trkpt lat="37.496121" lon="-122.462446">
        <ele>6.746403</ele>
        <time>2022-08-13T23:01:24.999Z</time>
      </trkpt>
      <trkpt lat="37.496193" lon="-122.462343">
        <ele>6.820471</ele>
        <time>2022-08-13T23:01:27.999Z</time>
      </trkpt>
      <trkpt lat="37.496258" lon="-122.462235">
        <ele>6.893612</ele>
        <time>2022-08-13T23:01:30.999Z</time>
      </trkpt>
      <trkpt lat="37.496329" lon="-122.462139">
        <ele>6.964424</ele>
        <time>2022-08-13T23:01:33.999Z</time>
      </trkpt>
      <trkpt lat="37.496398" lon="-122.462037">
        <ele>6.985250</ele>
        <time>2022-08-13T23:01:36.999Z</time>
      </trkpt>
      <trkpt lat="37.496467" lon="-122.461940">
        <ele>6.999700</ele>
        <time>2022-08-13T23:01:39.999Z</time>
      </trkpt>
      <trkpt lat="37.496534" lon="-122.461857">
        <ele>7.012833</ele>
        <time>2022-08-13T23:01:42.999Z</time>
      </trkpt>
      <trkpt lat="37.496621" lon="-122.461795">
        <ele>7.026804</ele>
        <time>2022-08-13T23:01:46.999Z</time>
      </trkpt>
      <trkpt lat="37.496711" lon="-122.461889">
        <ele>7.043144</ele>
        <time>2022-08-13T23:01:50.999Z</time>
      </trkpt>
      <trkpt lat="37.496775" lon="-122.461994">
        <ele>7.057830</ele>
        <time>2022-08-13T23:01:54.999Z</time>
      </trkpt>
      <trkpt lat="37.496842" lon="-122.462093">
        <ele>7.072263</ele>
        <time>2022-08-13T23:01:58.999Z</time>
      </trkpt>
      <trkpt lat="37.496905" lon="-122.462195">
        <ele>7.086600</ele>
        <time>2022-08-13T23:02:03.999Z</time>
      </trkpt>
      <trkpt lat="37.496901" lon="-122.462326">
        <ele>7.101140</ele>
        <time>2022-08-13T23:02:06.999Z</time>
      </trkpt>
      <trkpt lat="37.496916" lon="-122.462449">
        <ele>7.114943</ele>
        <time>2022-08-13T23:02:09.999Z</time>
      </trkpt>
      <trkpt lat="37.496979" lon="-122.462551">
        <ele>7.129280</ele>
        <time>2022-08-13T23:02:12.999Z</time>
      </trkpt>
      <trkpt lat="37.497038" lon="-122.462644">
        <ele>7.142487</ele>
        <time>2022-08-13T23:02:15.999Z</time>
      </trkpt>
      <trkpt lat="37.497101" lon="-122.462728">
        <ele>7.155308</ele>
        <time>2022-08-13T23:02:18.999Z</time>
      </trkpt>
      <trkpt lat="37.497157" lon="-122.462827">
        <ele>7.168793</ele>
        <time>2022-08-13T23:02:21.999Z</time>
      </trkpt>
      <trkpt lat="37.497203" lon="-122.462936">
        <ele>7.182486</ele>
        <time>2022-08-13T23:02:24.999Z</time>
      </trkpt>
      <trkpt lat="37.497245" lon="-122.463045">
        <ele>7.195926</ele>
        <time>2022-08-13T23:02:27.999Z</time>
      </trkpt>
      <trkpt lat="37.497270" lon="-122.463155">
        <ele>7.208617</ele>
        <time>2022-08-13T23:02:30.999Z</time>
      </trkpt>
      <trkpt lat="37.497302" lon="-122.463270">
        <ele>7.222134</ele>
        <time>2022-08-13T23:02:33.999Z</time>
      </trkpt>
      <trkpt lat="37.497331" lon="-122.463382">
        <ele>7.279784</ele>
        <time>2022-08-13T23:02:36.999Z</time>
      </trkpt>
      <trkpt lat="37.497373" lon="-122.463517">
        <ele>7.356470</ele>
        <time>2022-08-13T23:02:40.999Z</time>
      </trkpt>
      <trkpt lat="37.497421" lon="-122.463638">
        <ele>7.428012</ele>
        <time>2022-08-13T23:02:44.999Z</time>
      </trkpt>
      <trkpt lat="37.497477" lon="-122.463757">
        <ele>7.501182</ele>
        <time>2022-08-13T23:02:48.999Z</time>
      </trkpt>
      <trkpt lat="37.497541" lon="-122.463873">
        <ele>7.575902</ele>
        <time>2022-08-13T23:02:52.999Z</time>
      </trkpt>
      <trkpt lat="37.497613" lon="-122.463982">
        <ele>7.650909</ele>
        <time>2022-08-13T23:02:56.999Z</time>
      </trkpt>
      <trkpt lat="37.497683" lon="-122.464095">
        <ele>7.726725</ele>
        <time>2022-08-13T23:03:00.999Z</time>
      </trkpt>
      <trkpt lat="37.497741" lon="-122.464212">
        <ele>7.799684</ele>
        <time>2022-08-13T23:03:04.999Z</time>
      </trkpt>
      <trkpt lat="37.497808" lon="-122.464325">
        <ele>7.874287</ele>
        <time>2022-08-13T23:03:08.999Z</time>
      </trkpt>
      <trkpt lat="37.497880" lon="-122.464439">
        <ele>7.951344</ele>
        <time>2022-08-13T23:03:12.999Z</time>
      </trkpt>
      <trkpt lat="37.497953" lon="-122.464557">
        <ele>8.030475</ele>
        <time>2022-08-13T23:03:16.999Z</time>
      </trkpt>
      <trkpt lat="37.498017" lon="-122.464666">
        <ele>8.102187</ele>
        <time>2022-08-13T23:03:19.999Z</time>
      </trkpt>
      <trkpt lat="37.498077" lon="-122.464772">
        <ele>8.171048</ele>
        <time>2022-08-13T23:03:22.999Z</time>
      </trkpt>
      <trkpt lat="37.498147" lon="-122.464885">
        <ele>8.246865</ele>
        <time>2022-08-13T23:03:26.999Z</time>
      </trkpt>
      <trkpt lat="37.498200" lon="-122.464979">
        <ele>8.307849</ele>
        <time>2022-08-13T23:03:29.999Z</time>
      </trkpt>
      <trkpt lat="37.498261" lon="-122.465070">
        <ele>8.370851</ele>
        <time>2022-08-13T23:03:32.999Z</time>
      </trkpt>
      <trkpt lat="37.498324" lon="-122.465178">
        <ele>8.390366</ele>
        <time>2022-08-13T23:03:35.999Z</time>
      </trkpt>
      <trkpt lat="37.498388" lon="-122.465278">
        <ele>8.278970</ele>
        <time>2022-08-13T23:03:38.999Z</time>
      </trkpt>
      <trkpt lat="37.498449" lon="-122.465377">
        <ele>8.170289</ele>
        <time>2022-08-13T23:03:41.999Z</time>
      </trkpt>
      <trkpt lat="37.498513" lon="-122.465481">
        <ele>8.056174</ele>
        <time>2022-08-13T23:03:44.999Z</time>
      </trkpt>
      <trkpt lat="37.498577" lon="-122.465587">
        <ele>7.940683</ele>
        <time>2022-08-13T23:03:47.999Z</time>
      </trkpt>
      <trkpt lat="37.498643" lon="-122.465681">
        <ele>7.831850</ele>
        <time>2022-08-13T23:03:50.999Z</time>
      </trkpt>
      <trkpt lat="37.498703" lon="-122.465782">
        <ele>7.722453</ele>
        <time>2022-08-13T23:03:53.999Z</time>
      </trkpt>
      <trkpt lat="37.498764" lon="-122.465883">
        <ele>7.612398</ele>
        <time>2022-08-13T23:03:56.999Z</time>
      </trkpt>
      <trkpt lat="37.498831" lon="-122.465986">
        <ele>7.496916</ele>
        <time>2022-08-13T23:03:59.999Z</time>
      </trkpt>
      <trkpt lat="37.498892" lon="-122.466099">
        <ele>7.378415</ele>
        <time>2022-08-13T23:04:02.999Z</time>
      </trkpt>
      <trkpt lat="37.498961" lon="-122.466202">
        <ele>7.261535</ele>
        <time>2022-08-13T23:04:05.999Z</time>
      </trkpt>
      <trkpt lat="37.499027" lon="-122.466310">
        <ele>7.143339</ele>
        <time>2022-08-13T23:04:08.999Z</time>
      </trkpt>
      <trkpt lat="37.499087" lon="-122.466421">
        <ele>7.026886</ele>
        <time>2022-08-13T23:04:11.999Z</time>
      </trkpt>
      <trkpt lat="37.499146" lon="-122.466526">
        <ele>6.915330</ele>
        <time>2022-08-13T23:04:14.999Z</time>
      </trkpt>
      <trkpt lat="37.499213" lon="-122.466615">
        <ele>6.808956</ele>
        <time>2022-08-13T23:04:17.999Z</time>
      </trkpt>
      <trkpt lat="37.499270" lon="-122.466718">
        <ele>6.700075</ele>
        <time>2022-08-13T23:04:20.999Z</time>
      </trkpt>
      <trkpt lat="37.499339" lon="-122.466838">
        <ele>6.571581</ele>
        <time>2022-08-13T23:04:23.999Z</time>
      </trkpt>
      <trkpt lat="37.499391" lon="-122.466973">
        <ele>6.441934</ele>
        <time>2022-08-13T23:04:26.999Z</time>
      </trkpt>
      <trkpt lat="37.499436" lon="-122.467106">
        <ele>6.320409</ele>
        <time>2022-08-13T23:04:29.999Z</time>
      </trkpt>
      <trkpt lat="37.499467" lon="-122.467254">
        <ele>6.191755</ele>
        <time>2022-08-13T23:04:32.999Z</time>
      </trkpt>
      <trkpt lat="37.499513" lon="-122.467404">
        <ele>6.056592</ele>
        <time>2022-08-13T23:04:35.999Z</time>
      </trkpt>
      <trkpt lat="37.499594" lon="-122.467532">
        <ele>5.918979</ele>
        <time>2022-08-13T23:04:38.999Z</time>
      </trkpt>
      <trkpt lat="37.499684" lon="-122.467633">
        <ele>5.791319</ele>
        <time>2022-08-13T23:04:41.999Z</time>
      </trkpt>
      <trkpt lat="37.499761" lon="-122.467733">
        <ele>5.674194</ele>
        <time>2022-08-13T23:04:44.999Z</time>
      </trkpt>
      <trkpt lat="37.499832" lon="-122.467843">
        <ele>5.555009</ele>
        <time>2022-08-13T23:04:47.999Z</time>
      </trkpt>
      <trkpt lat="37.499889" lon="-122.467959">
        <ele>5.440328</ele>
        <time>2022-08-13T23:04:50.999Z</time>
      </trkpt>
      <trkpt lat="37.499945" lon="-122.468083">
        <ele>5.320406</ele>
        <time>2022-08-13T23:04:53.999Z</time>
      </trkpt>
      <trkpt lat="37.499996" lon="-122.468204">
        <ele>5.205247</ele>
        <time>2022-08-13T23:04:56.999Z</time>
      </trkpt>
      <trkpt lat="37.500049" lon="-122.468328">
        <ele>5.086865</ele>
        <time>2022-08-13T23:04:59.999Z</time>
      </trkpt>
      <trkpt lat="37.500097" lon="-122.468446">
        <ele>4.975412</ele>
        <time>2022-08-13T23:05:02.999Z</time>
      </trkpt>
      <trkpt lat="37.500147" lon="-122.468567">
        <ele>4.860747</ele>
        <time>2022-08-13T23:05:05.999Z</time>
      </trkpt>
      <trkpt lat="37.500192" lon="-122.468678">
        <ele>4.755979</ele>
        <time>2022-08-13T23:05:08.999Z</time>
      </trkpt>
      <trkpt lat="37.500238" lon="-122.468795">
        <ele>4.646231</ele>
        <time>2022-08-13T23:05:11.999Z</time>
      </trkpt>
      <trkpt lat="37.500284" lon="-122.468908">
        <ele>4.550107</ele>
        <time>2022-08-13T23:05:14.999Z</time>
      </trkpt>
      <trkpt lat="37.500329" lon="-122.469015">
        <ele>4.540738</ele>
        <time>2022-08-13T23:05:17.999Z</time>
      </trkpt>
      <trkpt lat="37.500371" lon="-122.469123">
        <ele>4.531432</ele>
        <time>2022-08-13T23:05:20.999Z</time>
      </trkpt>
      <trkpt lat="37.500411" lon="-122.469226">
        <ele>4.522560</ele>
        <time>2022-08-13T23:05:23.999Z</time>
      </trkpt>
      <trkpt lat="37.500454" lon="-122.469331">
        <ele>4.513418</ele>
        <time>2022-08-13T23:05:26.999Z</time>
      </trkpt>
      <trkpt lat="37.500489" lon="-122.469436">
        <ele>4.504606</ele>
        <time>2022-08-13T23:05:29.999Z</time>
      </trkpt>
      <trkpt lat="37.500532" lon="-122.469536">
        <ele>4.495806</ele>
        <time>2022-08-13T23:05:32.999Z</time>
      </trkpt>
      <trkpt lat="37.500585" lon="-122.469673">
        <ele>4.484013</ele>
        <time>2022-08-13T23:05:36.999Z</time>
      </trkpt>
      <trkpt lat="37.500621" lon="-122.469779">
        <ele>4.475093</ele>
        <time>2022-08-13T23:05:39.999Z</time>
      </trkpt>
      <trkpt lat="37.500662" lon="-122.469892">
        <ele>4.465479</ele>
        <time>2022-08-13T23:05:42.999Z</time>
      </trkpt>
      <trkpt lat="37.500709" lon="-122.470006">
        <ele>4.455539</ele>
        <time>2022-08-13T23:05:45.999Z</time>
      </trkpt>
      <trkpt lat="37.500751" lon="-122.470117">
        <ele>4.446025</ele>
        <time>2022-08-13T23:05:48.999Z</time>
      </trkpt>
      <trkpt lat="37.500800" lon="-122.470227">
        <ele>4.436264</ele>
        <time>2022-08-13T23:05:51.999Z</time>
      </trkpt>
      <trkpt lat="37.500841" lon="-122.470337">
        <ele>4.426862</ele>
        <time>2022-08-13T23:05:54.999Z</time>
      </trkpt>
      <trkpt lat="37.500884" lon="-122.470451">
        <ele>4.417096</ele>
        <time>2022-08-13T23:05:57.999Z</time>
      </trkpt>
      <trkpt lat="37.500938" lon="-122.470581">
        <ele>4.405742</ele>
        <time>2022-08-13T23:06:01.999Z</time>
      </trkpt>
      <trkpt lat="37.500977" lon="-122.470715">
        <ele>4.394700</ele>
        <time>2022-08-13T23:06:05.999Z</time>
      </trkpt>
      <trkpt lat="37.501021" lon="-122.470819">
        <ele>4.385581</ele>
        <time>2022-08-13T23:06:08.999Z</time>
      </trkpt>
      <trkpt lat="37.501072" lon="-122.470958">
        <ele>4.360528</ele>
        <time>2022-08-13T23:06:12.999Z</time>
      </trkpt>
      <trkpt lat="37.501112" lon="-122.471076">
        <ele>4.286558</ele>
        <time>2022-08-13T23:06:15.999Z</time>
      </trkpt>
      <trkpt lat="37.501148" lon="-122.471222">
        <ele>4.198425</ele>
        <time>2022-08-13T23:06:18.999Z</time>
      </trkpt>
      <trkpt lat="37.501178" lon="-122.471360">
        <ele>4.115943</ele>
        <time>2022-08-13T23:06:21.999Z</time>
      </trkpt>
      <trkpt lat="37.501202" lon="-122.471492">
        <ele>4.037879</ele>
        <time>2022-08-13T23:06:24.999Z</time>
      </trkpt>
      <trkpt lat="37.501200" lon="-122.471644">
        <ele>3.950246</ele>
        <time>2022-08-13T23:06:27.999Z</time>
      </trkpt>
      <trkpt lat="37.501146" lon="-122.471764">
        <ele>3.870719</ele>
        <time>2022-08-13T23:06:30.999Z</time>
      </trkpt>
      <trkpt lat="37.501079" lon="-122.471868">
        <ele>3.793492</ele>
        <time>2022-08-13T23:06:33.999Z</time>
      </trkpt>
      <trkpt lat="37.501025" lon="-122.472001">
        <ele>3.707367</ele>
        <time>2022-08-13T23:06:36.999Z</time>
      </trkpt>
      <trkpt lat="37.501046" lon="-122.472137">
        <ele>3.627499</ele>
        <time>2022-08-13T23:06:39.999Z</time>
      </trkpt>
      <trkpt lat="37.501096" lon="-122.472251">
        <ele>3.552409</ele>
        <time>2022-08-13T23:06:42.999Z</time>
      </trkpt>
      <trkpt lat="37.501146" lon="-122.472371">
        <ele>3.474275</ele>
        <time>2022-08-13T23:06:45.999Z</time>
      </trkpt>
      <trkpt lat="37.501184" lon="-122.472485">
        <ele>3.402995</ele>
        <time>2022-08-13T23:06:48.999Z</time>
      </trkpt>
      <trkpt lat="37.501219" lon="-122.472591">
        <ele>3.336810</ele>
        <time>2022-08-13T23:06:51.999Z</time>
      </trkpt>
      <trkpt lat="37.501238" lon="-122.472749">
        <ele>3.244691</ele>
        <time>2022-08-13T23:06:55.999Z</time>
      </trkpt>
      <trkpt lat="37.501253" lon="-122.472916">
        <ele>3.147809</ele>
        <time>2022-08-13T23:06:58.999Z</time>
      </trkpt>
      <trkpt lat="37.501261" lon="-122.473036">
        <ele>3.078392</ele>
        <time>2022-08-13T23:07:00.999Z</time>
      </trkpt>
      <trkpt lat="37.501281" lon="-122.473154">
        <ele>3.068868</ele>
        <time>2022-08-13T23:07:02.999Z</time>
      </trkpt>
      <trkpt lat="37.501309" lon="-122.473317">
        <ele>3.068868</ele>
        <time>2022-08-13T23:07:05.999Z</time>
      </trkpt>
      <trkpt lat="37.501366" lon="-122.473447">
        <ele>3.068868</ele>
        <time>2022-08-13T23:07:08.999Z</time>
      </trkpt>
      <trkpt lat="37.501409" lon="-122.473569">
        <ele>3.068868</ele>
        <time>2022-08-13T23:07:11.999Z</time>
      </trkpt>
      <trkpt lat="37.501455" lon="-122.473698">
        <ele>3.068868</ele>
        <time>2022-08-13T23:07:15.999Z</time>
      </trkpt>
      <trkpt lat="37.501487" lon="-122.473848">
        <ele>3.068868</ele>
        <time>2022-08-13T23:07:19.999Z</time>
      </trkpt>
      <trkpt lat="37.501523" lon="-122.473985">
        <ele>3.068868</ele>
        <time>2022-08-13T23:07:22.999Z</time>
      </trkpt>
      <trkpt lat="37.501566" lon="-122.474130">
        <ele>3.068868</ele>
        <time>2022-08-13T23:07:25.999Z</time>
      </trkpt>
      <trkpt lat="37.501634" lon="-122.474260">
        <ele>3.068868</ele>
        <time>2022-08-13T23:07:28.999Z</time>
      </trkpt>
      <trkpt lat="37.501697" lon="-122.474384">
        <ele>3.068868</ele>
        <time>2022-08-13T23:07:31.999Z</time>
      </trkpt>
      <trkpt lat="37.501747" lon="-122.474504">
        <ele>3.068868</ele>
        <time>2022-08-13T23:07:34.999Z</time>
      </trkpt>
      <trkpt lat="37.501795" lon="-122.474619">
        <ele>3.068868</ele>
        <time>2022-08-13T23:07:37.999Z</time>
      </trkpt>
      <trkpt lat="37.501837" lon="-122.474746">
        <ele>3.068868</ele>
        <time>2022-08-13T23:07:40.999Z</time>
      </trkpt>
      <trkpt lat="37.501885" lon="-122.474870">
        <ele>3.068868</ele>
        <time>2022-08-13T23:07:43.999Z</time>
      </trkpt>
      <trkpt lat="37.501947" lon="-122.474991">
        <ele>3.068868</ele>
        <time>2022-08-13T23:07:46.999Z</time>
      </trkpt>
      <trkpt lat="37.501986" lon="-122.475118">
        <ele>3.068868</ele>
        <time>2022-08-13T23:07:49.999Z</time>
      </trkpt>
      <trkpt lat="37.502014" lon="-122.475255">
        <ele>3.068868</ele>
        <time>2022-08-13T23:07:52.999Z</time>
      </trkpt>
      <trkpt lat="37.502042" lon="-122.475388">
        <ele>3.068868</ele>
        <time>2022-08-13T23:07:55.999Z</time>
      </trkpt>
      <trkpt lat="37.502080" lon="-122.475498">
        <ele>3.068868</ele>
        <time>2022-08-13T23:07:59.999Z</time>
      </trkpt>
      <trkpt lat="37.502083" lon="-122.475615">
        <ele>3.068868</ele>
        <time>2022-08-13T23:08:15.999Z</time>
      </trkpt>
      <trkpt lat="37.502132" lon="-122.475715">
        <ele>3.068868</ele>
        <time>2022-08-13T23:08:25.999Z</time>
      </trkpt>
    </trkseg>
  </trk>
</gpx>