<?xml version='1.0' encoding='UTF-8'?>
<gpx version="1.1" creator="https://www.komoot.de" xmlns="http://www.topografix.com/GPX/1/1" xmlns:xsi="http://www.w3.org/2001/XMLSchema-instance" xsi:schemaLocation="http://www.topografix.com/GPX/1/1 http://www.topografix.com/GPX/1/1/gpx.xsd">
  <metadata>
    <name>Tour</name>
    <author>
      <link href="https://www.komoot.de">
        <text>komoot</text>
        <type>text/html</type>
      </link>
    </author>
  </metadata>
  <trk>
    <name>Tour</name>
    <trkseg>
      <trkpt lat="37.623468" lon="-122.136130">
        <ele>2.297903</ele>
        <time>2023-07-15T22:50:07.002Z</time>
      </trkpt>
      <trkpt lat="37.623515" lon="-122.135987">
        <ele>2.297903</ele>
        <time>2023-07-15T22:50:11.001Z</time>
      </trkpt>
      <trkpt lat="37.623555" lon="-122.135870">
        <ele>2.297903</ele>
        <time>2023-07-15T22:50:15.001Z</time>
      </trkpt>
      <trkpt lat="37.623653" lon="-122.135824">
        <ele>2.297903</ele>
        <time>2023-07-15T22:50:20.001Z</time>
      </trkpt>
      <trkpt lat="37.623656" lon="-122.135938">
        <ele>2.297903</ele>
        <time>2023-07-15T22:50:23.001Z</time>
      </trkpt>
      <trkpt lat="37.623647" lon="-122.136057">
        <ele>2.297903</ele>
        <time>2023-07-15T22:50:26.001Z</time>
      </trkpt>
      <trkpt lat="37.623641" lon="-122.136191">
        <ele>2.297903</ele>
        <time>2023-07-15T22:50:29.001Z</time>
      </trkpt>
      <trkpt lat="37.623639" lon="-122.136317">
        <ele>2.297903</ele>
        <time>2023-07-15T22:50:32.001Z</time>
      </trkpt>
      <trkpt lat="37.623651" lon="-122.136432">
        <ele>2.297903</ele>
        <time>2023-07-15T22:50:35.001Z</time>
      </trkpt>
      <trkpt lat="37.623637" lon="-122.136554">
        <ele>2.297803</ele>
        <time>2023-07-15T22:50:38.001Z</time>
      </trkpt>
      <trkpt lat="37.623637" lon="-122.136682">
        <ele>2.296733</ele>
        <time>2023-07-15T22:50:41.001Z</time>
      </trkpt>
      <trkpt lat="37.623636" lon="-122.136810">
        <ele>2.295663</ele>
        <time>2023-07-15T22:50:44.000Z</time>
      </trkpt>
      <trkpt lat="37.623630" lon="-122.136933">
        <ele>2.294633</ele>
        <time>2023-07-15T22:50:47.000Z</time>
      </trkpt>
      <trkpt lat="37.623636" lon="-122.137067">
        <ele>2.293511</ele>
        <time>2023-07-15T22:50:50.000Z</time>
      </trkpt>
      <trkpt lat="37.623637" lon="-122.137199">
        <ele>2.292407</ele>
        <time>2023-07-15T22:50:53.000Z</time>
      </trkpt>
      <trkpt lat="37.623635" lon="-122.137326">
        <ele>2.291345</ele>
        <time>2023-07-15T22:50:56.000Z</time>
      </trkpt>
      <trkpt lat="37.623630" lon="-122.137456">
        <ele>2.290257</ele>
        <time>2023-07-15T22:50:59.000Z</time>
      </trkpt>
      <trkpt lat="37.623628" lon="-122.137586">
        <ele>2.289170</ele>
        <time>2023-07-15T22:51:02.000Z</time>
      </trkpt>
      <trkpt lat="37.623631" lon="-122.137716">
        <ele>2.288083</ele>
        <time>2023-07-15T22:51:05.000Z</time>
      </trkpt>
      <trkpt lat="37.623630" lon="-122.137849">
        <ele>2.286971</ele>
        <time>2023-07-15T22:51:08.000Z</time>
      </trkpt>
      <trkpt lat="37.623649" lon="-122.137979">
        <ele>2.285866</ele>
        <time>2023-07-15T22:51:11.000Z</time>
      </trkpt>
      <trkpt lat="37.623678" lon="-122.138099">
        <ele>2.284817</ele>
        <time>2023-07-15T22:51:14.000Z</time>
      </trkpt>
      <trkpt lat="37.623717" lon="-122.138219">
        <ele>2.283732</ele>
        <time>2023-07-15T22:51:17.000Z</time>
      </trkpt>
      <trkpt lat="37.623758" lon="-122.138342">
        <ele>2.282617</ele>
        <time>2023-07-15T22:51:20.000Z</time>
      </trkpt>
      <trkpt lat="37.623793" lon="-122.138457">
        <ele>2.281587</ele>
        <time>2023-07-15T22:51:23.000Z</time>
      </trkpt>
      <trkpt lat="37.623817" lon="-122.138593">
        <ele>2.280422</ele>
        <time>2023-07-15T22:51:26.000Z</time>
      </trkpt>
      <trkpt lat="37.623807" lon="-122.138740">
        <ele>2.279188</ele>
        <time>2023-07-15T22:51:29.000Z</time>
      </trkpt>
      <trkpt lat="37.623790" lon="-122.138889">
        <ele>2.231310</ele>
        <time>2023-07-15T22:51:32.000Z</time>
      </trkpt>
      <trkpt lat="37.623776" lon="-122.139036">
        <ele>2.171658</ele>
        <time>2023-07-15T22:51:35.000Z</time>
      </trkpt>
      <trkpt lat="37.623756" lon="-122.139171">
        <ele>2.116325</ele>
        <time>2023-07-15T22:51:38.000Z</time>
      </trkpt>
      <trkpt lat="37.623723" lon="-122.139281">
        <ele>2.068934</ele>
        <time>2023-07-15T22:51:41.000Z</time>
      </trkpt>
      <trkpt lat="37.623676" lon="-122.139395">
        <ele>2.017155</ele>
        <time>2023-07-15T22:51:45.000Z</time>
      </trkpt>
      <trkpt lat="37.623630" lon="-122.139496">
        <ele>1.970215</ele>
        <time>2023-07-15T22:51:49.000Z</time>
      </trkpt>
      <trkpt lat="37.623608" lon="-122.139618">
        <ele>1.919804</ele>
        <time>2023-07-15T22:51:52.000Z</time>
      </trkpt>
      <trkpt lat="37.623591" lon="-122.139748">
        <ele>1.866719</ele>
        <time>2023-07-15T22:51:55.000Z</time>
      </trkpt>
      <trkpt lat="37.623595" lon="-122.139886">
        <ele>1.811083</ele>
        <time>2023-07-15T22:51:58.000Z</time>
      </trkpt>
      <trkpt lat="37.623602" lon="-122.140020">
        <ele>1.756978</ele>
        <time>2023-07-15T22:52:01.000Z</time>
      </trkpt>
      <trkpt lat="37.623611" lon="-122.140134">
        <ele>1.710821</ele>
        <time>2023-07-15T22:52:04.000Z</time>
      </trkpt>
      <trkpt lat="37.623670" lon="-122.140387">
        <ele>1.604563</ele>
        <time>2023-07-15T22:52:24.000Z</time>
      </trkpt>
      <trkpt lat="37.623701" lon="-122.140532">
        <ele>1.544053</ele>
        <time>2023-07-15T22:52:27.000Z</time>
      </trkpt>
      <trkpt lat="37.623742" lon="-122.140671">
        <ele>1.484294</ele>
        <time>2023-07-15T22:52:30.000Z</time>
      </trkpt>
      <trkpt lat="37.623790" lon="-122.140814">
        <ele>1.421720</ele>
        <time>2023-07-15T22:52:33.000Z</time>
      </trkpt>
      <trkpt lat="37.623838" lon="-122.140954">
        <ele>1.363442</ele>
        <time>2023-07-15T22:52:36.000Z</time>
      </trkpt>
      <trkpt lat="37.623876" lon="-122.141097">
        <ele>1.354534</ele>
        <time>2023-07-15T22:52:39.000Z</time>
      </trkpt>
      <trkpt lat="37.623912" lon="-122.141245">
        <ele>1.345390</ele>
        <time>2023-07-15T22:52:42.000Z</time>
      </trkpt>
      <trkpt lat="37.623962" lon="-122.141391">
        <ele>1.335996</ele>
        <time>2023-07-15T22:52:45.000Z</time>
      </trkpt>
      <trkpt lat="37.624001" lon="-122.141539">
        <ele>1.326784</ele>
        <time>2023-07-15T22:52:48.000Z</time>
      </trkpt>
      <trkpt lat="37.624048" lon="-122.141682">
        <ele>1.317640</ele>
        <time>2023-07-15T22:52:51.000Z</time>
      </trkpt>
      <trkpt lat="37.624097" lon="-122.141829">
        <ele>1.308220</ele>
        <time>2023-07-15T22:52:54.000Z</time>
      </trkpt>
      <trkpt lat="37.624146" lon="-122.141980">
        <ele>1.298583</ele>
        <time>2023-07-15T22:52:57.000Z</time>
      </trkpt>
      <trkpt lat="37.624193" lon="-122.142131">
        <ele>1.289001</ele>
        <time>2023-07-15T22:53:00.000Z</time>
      </trkpt>
      <trkpt lat="37.624242" lon="-122.142285">
        <ele>1.279199</ele>
        <time>2023-07-15T22:53:03.000Z</time>
      </trkpt>
      <trkpt lat="37.624292" lon="-122.142438">
        <ele>1.269424</ele>
        <time>2023-07-15T22:53:06.000Z</time>
      </trkpt>
      <trkpt lat="37.624341" lon="-122.142583">
        <ele>1.260113</ele>
        <time>2023-07-15T22:53:09.000Z</time>
      </trkpt>
      <trkpt lat="37.624389" lon="-122.142734">
        <ele>1.250503</ele>
        <time>2023-07-15T22:53:12.000Z</time>
      </trkpt>
      <trkpt lat="37.624437" lon="-122.142881">
        <ele>1.241113</ele>
        <time>2023-07-15T22:53:15.000Z</time>
      </trkpt>
      <trkpt lat="37.624483" lon="-122.143033">
        <ele>1.231503</ele>
        <time>2023-07-15T22:53:18.000Z</time>
      </trkpt>
      <trkpt lat="37.624534" lon="-122.143181">
        <ele>1.215445</ele>
        <time>2023-07-15T22:53:21.000Z</time>
      </trkpt>
      <trkpt lat="37.624581" lon="-122.143326">
        <ele>1.198547</ele>
        <time>2023-07-15T22:53:24.000Z</time>
      </trkpt>
      <trkpt lat="37.624631" lon="-122.143483">
        <ele>1.180296</ele>
        <time>2023-07-15T22:53:27.000Z</time>
      </trkpt>
      <trkpt lat="37.624676" lon="-122.143635">
        <ele>1.162794</ele>
        <time>2023-07-15T22:53:30.000Z</time>
      </trkpt>
      <trkpt lat="37.624723" lon="-122.143782">
        <ele>1.145696</ele>
        <time>2023-07-15T22:53:33.000Z</time>
      </trkpt>
      <trkpt lat="37.624770" lon="-122.143938">
        <ele>1.127694</ele>
        <time>2023-07-15T22:53:36.000Z</time>
      </trkpt>
      <trkpt lat="37.624807" lon="-122.144042">
        <ele>1.115398</ele>
        <time>2023-07-15T22:53:38.000Z</time>
      </trkpt>
      <trkpt lat="37.624841" lon="-122.144150">
        <ele>1.102863</ele>
        <time>2023-07-15T22:53:40.000Z</time>
      </trkpt>
      <trkpt lat="37.624874" lon="-122.144259">
        <ele>1.090277</ele>
        <time>2023-07-15T22:53:42.000Z</time>
      </trkpt>
      <trkpt lat="37.624901" lon="-122.144370">
        <ele>1.077753</ele>
        <time>2023-07-15T22:53:44.000Z</time>
      </trkpt>
      <trkpt lat="37.624933" lon="-122.144482">
        <ele>1.064911</ele>
        <time>2023-07-15T22:53:46.000Z</time>
      </trkpt>
      <trkpt lat="37.624973" lon="-122.144596">
        <ele>1.051463</ele>
        <time>2023-07-15T22:53:48.000Z</time>
      </trkpt>
      <trkpt lat="37.625004" lon="-122.144709">
        <ele>1.038565</ele>
        <time>2023-07-15T22:53:50.000Z</time>
      </trkpt>
      <trkpt lat="37.625036" lon="-122.144818">
        <ele>1.026027</ele>
        <time>2023-07-15T22:53:52.000Z</time>
      </trkpt>
      <trkpt lat="37.625066" lon="-122.144932">
        <ele>1.013071</ele>
        <time>2023-07-15T22:53:54.000Z</time>
      </trkpt>
      <trkpt lat="37.625114" lon="-122.145091">
        <ele>0.994718</ele>
        <time>2023-07-15T22:53:57.000Z</time>
      </trkpt>
      <trkpt lat="37.625149" lon="-122.145199">
        <ele>0.989267</ele>
        <time>2023-07-15T22:53:59.000Z</time>
      </trkpt>
      <trkpt lat="37.625182" lon="-122.145308">
        <ele>1.008733</ele>
        <time>2023-07-15T22:54:01.000Z</time>
      </trkpt>
      <trkpt lat="37.625217" lon="-122.145420">
        <ele>1.028818</ele>
        <time>2023-07-15T22:54:03.000Z</time>
      </trkpt>
      <trkpt lat="37.625263" lon="-122.145576">
        <ele>1.056587</ele>
        <time>2023-07-15T22:54:06.000Z</time>
      </trkpt>
      <trkpt lat="37.625296" lon="-122.145683">
        <ele>1.075741</ele>
        <time>2023-07-15T22:54:08.000Z</time>
      </trkpt>
      <trkpt lat="37.625326" lon="-122.145792">
        <ele>1.094991</ele>
        <time>2023-07-15T22:54:10.000Z</time>
      </trkpt>
      <trkpt lat="37.625374" lon="-122.145953">
        <ele>1.123688</ele>
        <time>2023-07-15T22:54:13.000Z</time>
      </trkpt>
      <trkpt lat="37.625423" lon="-122.146108">
        <ele>1.151528</ele>
        <time>2023-07-15T22:54:16.000Z</time>
      </trkpt>
      <trkpt lat="37.625458" lon="-122.146215">
        <ele>1.170840</ele>
        <time>2023-07-15T22:54:18.000Z</time>
      </trkpt>
      <trkpt lat="37.625511" lon="-122.146366">
        <ele>1.198392</ele>
        <time>2023-07-15T22:54:21.000Z</time>
      </trkpt>
      <trkpt lat="37.625566" lon="-122.146516">
        <ele>1.225966</ele>
        <time>2023-07-15T22:54:24.000Z</time>
      </trkpt>
      <trkpt lat="37.625618" lon="-122.146663">
        <ele>1.252823</ele>
        <time>2023-07-15T22:54:27.000Z</time>
      </trkpt>
      <trkpt lat="37.625692" lon="-122.146796">
        <ele>1.279937</ele>
        <time>2023-07-15T22:54:30.000Z</time>
      </trkpt>
      <trkpt lat="37.625773" lon="-122.146930">
        <ele>1.308056</ele>
        <time>2023-07-15T22:54:33.000Z</time>
      </trkpt>
      <trkpt lat="37.625832" lon="-122.147017">
        <ele>1.327163</ele>
        <time>2023-07-15T22:54:35.000Z</time>
      </trkpt>
      <trkpt lat="37.625920" lon="-122.147146">
        <ele>1.355564</ele>
        <time>2023-07-15T22:54:38.000Z</time>
      </trkpt>
      <trkpt lat="37.625980" lon="-122.147231">
        <ele>1.384325</ele>
        <time>2023-07-15T22:54:40.000Z</time>
      </trkpt>
      <trkpt lat="37.626064" lon="-122.147347">
        <ele>1.434279</ele>
        <time>2023-07-15T22:54:43.000Z</time>
      </trkpt>
      <trkpt lat="37.626148" lon="-122.147460">
        <ele>1.483535</ele>
        <time>2023-07-15T22:54:46.000Z</time>
      </trkpt>
      <trkpt lat="37.626233" lon="-122.147567">
        <ele>1.531701</ele>
        <time>2023-07-15T22:54:49.000Z</time>
      </trkpt>
      <trkpt lat="37.626318" lon="-122.147683">
        <ele>1.581927</ele>
        <time>2023-07-15T22:54:52.000Z</time>
      </trkpt>
      <trkpt lat="37.626395" lon="-122.147806">
        <ele>1.631756</ele>
        <time>2023-07-15T22:54:55.000Z</time>
      </trkpt>
      <trkpt lat="37.626458" lon="-122.147940">
        <ele>1.681283</ele>
        <time>2023-07-15T22:54:58.000Z</time>
      </trkpt>
      <trkpt lat="37.626496" lon="-122.148081">
        <ele>1.728620</ele>
        <time>2023-07-15T22:55:01.000Z</time>
      </trkpt>
      <trkpt lat="37.626510" lon="-122.148228">
        <ele>1.775676</ele>
        <time>2023-07-15T22:55:04.000Z</time>
      </trkpt>
      <trkpt lat="37.626511" lon="-122.148381">
        <ele>1.824305</ele>
        <time>2023-07-15T22:55:07.000Z</time>
      </trkpt>
      <trkpt lat="37.626510" lon="-122.148537">
        <ele>1.873887</ele>
        <time>2023-07-15T22:55:10.000Z</time>
      </trkpt>
      <trkpt lat="37.626512" lon="-122.148682">
        <ele>1.919979</ele>
        <time>2023-07-15T22:55:13.000Z</time>
      </trkpt>
      <trkpt lat="37.626520" lon="-122.148823">
        <ele>1.964907</ele>
        <time>2023-07-15T22:55:16.000Z</time>
      </trkpt>
      <trkpt lat="37.626532" lon="-122.148968">
        <ele>2.011242</ele>
        <time>2023-07-15T22:55:19.000Z</time>
      </trkpt>
      <trkpt lat="37.626574" lon="-122.149109">
        <ele>2.059120</ele>
        <time>2023-07-15T22:55:22.000Z</time>
      </trkpt>
      <trkpt lat="37.626643" lon="-122.149247">
        <ele>2.078211</ele>
        <time>2023-07-15T22:55:25.000Z</time>
      </trkpt>
      <trkpt lat="37.626720" lon="-122.149364">
        <ele>2.064281</ele>
        <time>2023-07-15T22:55:28.000Z</time>
      </trkpt>
      <trkpt lat="37.626791" lon="-122.149470">
        <ele>2.051568</ele>
        <time>2023-07-15T22:55:31.000Z</time>
      </trkpt>
      <trkpt lat="37.626862" lon="-122.149586">
        <ele>2.038143</ele>
        <time>2023-07-15T22:55:34.000Z</time>
      </trkpt>
      <trkpt lat="37.626929" lon="-122.149705">
        <ele>2.024773</ele>
        <time>2023-07-15T22:55:37.000Z</time>
      </trkpt>
      <trkpt lat="37.626968" lon="-122.149834">
        <ele>2.012128</ele>
        <time>2023-07-15T22:55:40.000Z</time>
      </trkpt>
      <trkpt lat="37.626984" lon="-122.149970">
        <ele>1.999537</ele>
        <time>2023-07-15T22:55:43.000Z</time>
      </trkpt>
      <trkpt lat="37.627001" lon="-122.150116">
        <ele>1.986024</ele>
        <time>2023-07-15T22:55:46.000Z</time>
      </trkpt>
      <trkpt lat="37.627034" lon="-122.150254">
        <ele>1.972823</ele>
        <time>2023-07-15T22:55:49.000Z</time>
      </trkpt>
      <trkpt lat="37.627088" lon="-122.150380">
        <ele>1.959704</ele>
        <time>2023-07-15T22:55:52.000Z</time>
      </trkpt>
      <trkpt lat="37.627162" lon="-122.150489">
        <ele>1.946557</ele>
        <time>2023-07-15T22:55:55.000Z</time>
      </trkpt>
      <trkpt lat="37.627254" lon="-122.150560">
        <ele>1.934090</ele>
        <time>2023-07-15T22:55:58.000Z</time>
      </trkpt>
      <trkpt lat="37.627352" lon="-122.150602">
        <ele>1.922124</ele>
        <time>2023-07-15T22:56:01.000Z</time>
      </trkpt>
      <trkpt lat="37.627539" lon="-122.150401">
        <ele>1.893729</ele>
        <time>2023-07-15T22:56:47.000Z</time>
      </trkpt>
      <trkpt lat="37.627565" lon="-122.150254">
        <ele>1.879936</ele>
        <time>2023-07-15T22:56:50.000Z</time>
      </trkpt>
      <trkpt lat="37.627539" lon="-122.150094">
        <ele>1.873703</ele>
        <time>2023-07-15T22:56:53.000Z</time>
      </trkpt>
      <trkpt lat="37.627517" lon="-122.149944">
        <ele>1.869407</ele>
        <time>2023-07-15T22:56:56.000Z</time>
      </trkpt>
      <trkpt lat="37.627601" lon="-122.149822">
        <ele>1.864854</ele>
        <time>2023-07-15T22:56:59.000Z</time>
      </trkpt>
      <trkpt lat="37.627692" lon="-122.149794">
        <ele>1.861524</ele>
        <time>2023-07-15T22:57:01.000Z</time>
      </trkpt>
      <trkpt lat="37.627782" lon="-122.149811">
        <ele>1.858288</ele>
        <time>2023-07-15T22:57:03.000Z</time>
      </trkpt>
      <trkpt lat="37.627911" lon="-122.149822">
        <ele>1.853691</ele>
        <time>2023-07-15T22:57:06.001Z</time>
      </trkpt>
      <trkpt lat="37.628035" lon="-122.149851">
        <ele>1.849207</ele>
        <time>2023-07-15T22:57:09.001Z</time>
      </trkpt>
      <trkpt lat="37.628156" lon="-122.149889">
        <ele>1.844773</ele>
        <time>2023-07-15T22:57:12.001Z</time>
      </trkpt>
      <trkpt lat="37.628273" lon="-122.149935">
        <ele>1.840416</ele>
        <time>2023-07-15T22:57:15.001Z</time>
      </trkpt>
      <trkpt lat="37.628389" lon="-122.150006">
        <ele>1.835833</ele>
        <time>2023-07-15T22:57:18.001Z</time>
      </trkpt>
      <trkpt lat="37.628486" lon="-122.150100">
        <ele>1.831485</ele>
        <time>2023-07-15T22:57:21.001Z</time>
      </trkpt>
      <trkpt lat="37.628565" lon="-122.150224">
        <ele>1.827003</ele>
        <time>2023-07-15T22:57:24.001Z</time>
      </trkpt>
      <trkpt lat="37.628625" lon="-122.150366">
        <ele>1.822471</ele>
        <time>2023-07-15T22:57:27.001Z</time>
      </trkpt>
      <trkpt lat="37.628655" lon="-122.150519">
        <ele>1.818032</ele>
        <time>2023-07-15T22:57:30.001Z</time>
      </trkpt>
      <trkpt lat="37.628673" lon="-122.150678">
        <ele>1.814133</ele>
        <time>2023-07-15T22:57:33.001Z</time>
      </trkpt>
      <trkpt lat="37.628676" lon="-122.150842">
        <ele>1.834924</ele>
        <time>2023-07-15T22:57:36.001Z</time>
      </trkpt>
      <trkpt lat="37.628675" lon="-122.151004">
        <ele>1.855456</ele>
        <time>2023-07-15T22:57:39.001Z</time>
      </trkpt>
      <trkpt lat="37.628730" lon="-122.151149">
        <ele>1.875832</ele>
        <time>2023-07-15T22:57:42.001Z</time>
      </trkpt>
      <trkpt lat="37.628834" lon="-122.151236">
        <ele>1.895795</ele>
        <time>2023-07-15T22:57:45.001Z</time>
      </trkpt>
      <trkpt lat="37.628940" lon="-122.151295">
        <ele>1.914333</ele>
        <time>2023-07-15T22:57:48.001Z</time>
      </trkpt>
      <trkpt lat="37.629053" lon="-122.151342">
        <ele>1.933372</ele>
        <time>2023-07-15T22:57:51.001Z</time>
      </trkpt>
      <trkpt lat="37.629167" lon="-122.151387">
        <ele>1.952485</ele>
        <time>2023-07-15T22:57:54.001Z</time>
      </trkpt>
      <trkpt lat="37.629280" lon="-122.151425">
        <ele>1.971198</ele>
        <time>2023-07-15T22:57:57.001Z</time>
      </trkpt>
      <trkpt lat="37.629396" lon="-122.151450">
        <ele>1.990030</ele>
        <time>2023-07-15T22:58:00.001Z</time>
      </trkpt>
      <trkpt lat="37.629492" lon="-122.151365">
        <ele>2.008793</ele>
        <time>2023-07-15T22:58:03.001Z</time>
      </trkpt>
      <trkpt lat="37.629496" lon="-122.151197">
        <ele>2.030094</ele>
        <time>2023-07-15T22:58:06.001Z</time>
      </trkpt>
      <trkpt lat="37.629473" lon="-122.151034">
        <ele>2.051077</ele>
        <time>2023-07-15T22:58:09.001Z</time>
      </trkpt>
      <trkpt lat="37.629496" lon="-122.150919">
        <ele>2.066109</ele>
        <time>2023-07-15T22:58:11.001Z</time>
      </trkpt>
      <trkpt lat="37.629566" lon="-122.150818">
        <ele>2.083119</ele>
        <time>2023-07-15T22:58:13.001Z</time>
      </trkpt>
      <trkpt lat="37.629651" lon="-122.150754">
        <ele>2.098956</ele>
        <time>2023-07-15T22:58:15.001Z</time>
      </trkpt>
      <trkpt lat="37.629737" lon="-122.150722">
        <ele>2.112774</ele>
        <time>2023-07-15T22:58:17.001Z</time>
      </trkpt>
      <trkpt lat="37.629864" lon="-122.150761">
        <ele>2.132756</ele>
        <time>2023-07-15T22:58:20.001Z</time>
      </trkpt>
      <trkpt lat="37.629978" lon="-122.150823">
        <ele>2.151732</ele>
        <time>2023-07-15T22:58:23.001Z</time>
      </trkpt>
      <trkpt lat="37.630056" lon="-122.150941">
        <ele>2.170341</ele>
        <time>2023-07-15T22:58:26.001Z</time>
      </trkpt>
      <trkpt lat="37.630077" lon="-122.151098">
        <ele>2.189619</ele>
        <time>2023-07-15T22:58:29.001Z</time>
      </trkpt>
      <trkpt lat="37.630084" lon="-122.151255">
        <ele>2.208659</ele>
        <time>2023-07-15T22:58:32.001Z</time>
      </trkpt>
      <trkpt lat="37.630072" lon="-122.151416">
        <ele>2.228238</ele>
        <time>2023-07-15T22:58:35.001Z</time>
      </trkpt>
      <trkpt lat="37.630056" lon="-122.151572">
        <ele>2.247284</ele>
        <time>2023-07-15T22:58:38.001Z</time>
      </trkpt>
      <trkpt lat="37.630027" lon="-122.151728">
        <ele>2.266685</ele>
        <time>2023-07-15T22:58:41.001Z</time>
      </trkpt>
      <trkpt lat="37.630002" lon="-122.151881">
        <ele>2.285600</ele>
        <time>2023-07-15T22:58:44.001Z</time>
      </trkpt>
      <trkpt lat="37.629972" lon="-122.152037">
        <ele>2.305036</ele>
        <time>2023-07-15T22:58:47.001Z</time>
      </trkpt>
      <trkpt lat="37.629961" lon="-122.152187">
        <ele>2.323276</ele>
        <time>2023-07-15T22:58:50.001Z</time>
      </trkpt>
      <trkpt lat="37.630000" lon="-122.152327">
        <ele>2.341244</ele>
        <time>2023-07-15T22:58:53.001Z</time>
      </trkpt>
      <trkpt lat="37.630077" lon="-122.152436">
        <ele>2.358929</ele>
        <time>2023-07-15T22:58:56.001Z</time>
      </trkpt>
      <trkpt lat="37.630177" lon="-122.152505">
        <ele>2.376350</ele>
        <time>2023-07-15T22:58:59.001Z</time>
      </trkpt>
      <trkpt lat="37.630293" lon="-122.152557">
        <ele>2.323715</ele>
        <time>2023-07-15T22:59:02.001Z</time>
      </trkpt>
      <trkpt lat="37.630424" lon="-122.152574">
        <ele>2.267093</ele>
        <time>2023-07-15T22:59:05.001Z</time>
      </trkpt>
      <trkpt lat="37.630553" lon="-122.152566">
        <ele>2.211560</ele>
        <time>2023-07-15T22:59:08.001Z</time>
      </trkpt>
      <trkpt lat="37.630670" lon="-122.152555">
        <ele>2.161115</ele>
        <time>2023-07-15T22:59:11.001Z</time>
      </trkpt>
      <trkpt lat="37.630793" lon="-122.152517">
        <ele>2.106669</ele>
        <time>2023-07-15T22:59:14.001Z</time>
      </trkpt>
      <trkpt lat="37.630911" lon="-122.152487">
        <ele>2.054914</ele>
        <time>2023-07-15T22:59:17.001Z</time>
      </trkpt>
      <trkpt lat="37.631028" lon="-122.152458">
        <ele>2.003648</ele>
        <time>2023-07-15T22:59:20.001Z</time>
      </trkpt>
      <trkpt lat="37.631142" lon="-122.152426">
        <ele>1.953435</ele>
        <time>2023-07-15T22:59:23.001Z</time>
      </trkpt>
      <trkpt lat="37.631262" lon="-122.152409">
        <ele>1.901515</ele>
        <time>2023-07-15T22:59:26.001Z</time>
      </trkpt>
      <trkpt lat="37.631384" lon="-122.152388">
        <ele>1.848574</ele>
        <time>2023-07-15T22:59:29.001Z</time>
      </trkpt>
      <trkpt lat="37.631501" lon="-122.152378">
        <ele>1.798153</ele>
        <time>2023-07-15T22:59:32.001Z</time>
      </trkpt>
      <trkpt lat="37.631603" lon="-122.152364">
        <ele>1.754038</ele>
        <time>2023-07-15T22:59:35.001Z</time>
      </trkpt>
      <trkpt lat="37.631713" lon="-122.152350">
        <ele>1.706501</ele>
        <time>2023-07-15T22:59:38.001Z</time>
      </trkpt>
      <trkpt lat="37.631820" lon="-122.152339">
        <ele>1.660343</ele>
        <time>2023-07-15T22:59:41.001Z</time>
      </trkpt>
      <trkpt lat="37.631923" lon="-122.152330">
        <ele>1.615950</ele>
        <time>2023-07-15T22:59:44.001Z</time>
      </trkpt>
      <trkpt lat="37.632026" lon="-122.152316">
        <ele>1.584864</ele>
        <time>2023-07-15T22:59:47.001Z</time>
      </trkpt>
      <trkpt lat="37.632136" lon="-122.152307">
        <ele>1.557613</ele>
        <time>2023-07-15T22:59:50.001Z</time>
      </trkpt>
      <trkpt lat="37.632239" lon="-122.152299">
        <ele>1.532101</ele>
        <time>2023-07-15T22:59:53.001Z</time>
      </trkpt>
      <trkpt lat="37.632344" lon="-122.152285">
        <ele>1.505998</ele>
        <time>2023-07-15T22:59:56.001Z</time>
      </trkpt>
      <trkpt lat="37.632457" lon="-122.152301">
        <ele>1.477887</ele>
        <time>2023-07-15T22:59:59.001Z</time>
      </trkpt>
      <trkpt lat="37.632561" lon="-122.152324">
        <ele>1.451785</ele>
        <time>2023-07-15T23:00:02.001Z</time>
      </trkpt>
      <trkpt lat="37.632662" lon="-122.152338">
        <ele>1.426665</ele>
        <time>2023-07-15T23:00:05.001Z</time>
      </trkpt>
      <trkpt lat="37.632763" lon="-122.152350">
        <ele>1.401586</ele>
        <time>2023-07-15T23:00:08.001Z</time>
      </trkpt>
      <trkpt lat="37.632866" lon="-122.152358">
        <ele>1.376074</ele>
        <time>2023-07-15T23:00:11.001Z</time>
      </trkpt>
      <trkpt lat="37.632971" lon="-122.152363">
        <ele>1.350097</ele>
        <time>2023-07-15T23:00:14.001Z</time>
      </trkpt>
      <trkpt lat="37.633073" lon="-122.152370">
        <ele>1.324843</ele>
        <time>2023-07-15T23:00:17.001Z</time>
      </trkpt>
      <trkpt lat="37.633176" lon="-122.152384">
        <ele>1.299232</ele>
        <time>2023-07-15T23:00:20.001Z</time>
      </trkpt>
      <trkpt lat="37.633279" lon="-122.152396">
        <ele>1.273660</ele>
        <time>2023-07-15T23:00:23.001Z</time>
      </trkpt>
      <trkpt lat="37.633385" lon="-122.152406">
        <ele>1.247382</ele>
        <time>2023-07-15T23:00:26.001Z</time>
      </trkpt>
      <trkpt lat="37.633494" lon="-122.152417">
        <ele>1.220348</ele>
        <time>2023-07-15T23:00:29.001Z</time>
      </trkpt>
      <trkpt lat="37.633604" lon="-122.152428">
        <ele>1.193069</ele>
        <time>2023-07-15T23:00:32.001Z</time>
      </trkpt>
      <trkpt lat="37.633713" lon="-122.152434">
        <ele>1.166096</ele>
        <time>2023-07-15T23:00:35.001Z</time>
      </trkpt>
      <trkpt lat="37.633825" lon="-122.152426">
        <ele>1.161802</ele>
        <time>2023-07-15T23:00:38.001Z</time>
      </trkpt>
      <trkpt lat="37.633931" lon="-122.152437">
        <ele>1.166259</ele>
        <time>2023-07-15T23:00:41.001Z</time>
      </trkpt>
      <trkpt lat="37.634040" lon="-122.152444">
        <ele>1.170833</ele>
        <time>2023-07-15T23:00:44.001Z</time>
      </trkpt>
      <trkpt lat="37.634150" lon="-122.152454">
        <ele>1.175455</ele>
        <time>2023-07-15T23:00:47.001Z</time>
      </trkpt>
      <trkpt lat="37.634254" lon="-122.152467">
        <ele>1.179835</ele>
        <time>2023-07-15T23:00:50.001Z</time>
      </trkpt>
      <trkpt lat="37.634363" lon="-122.152493">
        <ele>1.184484</ele>
        <time>2023-07-15T23:00:53.001Z</time>
      </trkpt>
      <trkpt lat="37.634471" lon="-122.152520">
        <ele>1.189098</ele>
        <time>2023-07-15T23:00:56.001Z</time>
      </trkpt>
      <trkpt lat="37.634583" lon="-122.152540">
        <ele>1.193838</ele>
        <time>2023-07-15T23:00:59.001Z</time>
      </trkpt>
      <trkpt lat="37.634699" lon="-122.152565">
        <ele>1.198770</ele>
        <time>2023-07-15T23:01:02.001Z</time>
      </trkpt>
      <trkpt lat="37.634816" lon="-122.152593">
        <ele>1.203761</ele>
        <time>2023-07-15T23:01:05.001Z</time>
      </trkpt>
      <trkpt lat="37.634935" lon="-122.152611">
        <ele>1.208784</ele>
        <time>2023-07-15T23:01:08.001Z</time>
      </trkpt>
      <trkpt lat="37.635053" lon="-122.152632">
        <ele>1.213778</ele>
        <time>2023-07-15T23:01:11.001Z</time>
      </trkpt>
      <trkpt lat="37.635168" lon="-122.152658">
        <ele>1.218674</ele>
        <time>2023-07-15T23:01:14.001Z</time>
      </trkpt>
      <trkpt lat="37.635282" lon="-122.152680">
        <ele>1.223507</ele>
        <time>2023-07-15T23:01:17.001Z</time>
      </trkpt>
      <trkpt lat="37.635390" lon="-122.152698">
        <ele>1.228072</ele>
        <time>2023-07-15T23:01:20.001Z</time>
      </trkpt>
      <trkpt lat="37.635496" lon="-122.152720">
        <ele>1.232574</ele>
        <time>2023-07-15T23:01:23.001Z</time>
      </trkpt>
      <trkpt lat="37.635602" lon="-122.152734">
        <ele>1.235473</ele>
        <time>2023-07-15T23:01:26.001Z</time>
      </trkpt>
      <trkpt lat="37.635709" lon="-122.152710">
        <ele>1.237835</ele>
        <time>2023-07-15T23:01:29.001Z</time>
      </trkpt>
      <trkpt lat="37.635778" lon="-122.152587">
        <ele>1.240430</ele>
        <time>2023-07-15T23:01:32.001Z</time>
      </trkpt>
      <trkpt lat="37.635815" lon="-122.152449">
        <ele>1.242938</ele>
        <time>2023-07-15T23:01:35.001Z</time>
      </trkpt>
      <trkpt lat="37.635848" lon="-122.152307">
        <ele>1.245485</ele>
        <time>2023-07-15T23:01:38.001Z</time>
      </trkpt>
      <trkpt lat="37.635891" lon="-122.152169">
        <ele>1.248038</ele>
        <time>2023-07-15T23:01:41.001Z</time>
      </trkpt>
      <trkpt lat="37.635941" lon="-122.152018">
        <ele>1.250855</ele>
        <time>2023-07-15T23:01:44.001Z</time>
      </trkpt>
      <trkpt lat="37.635987" lon="-122.151879">
        <ele>1.253448</ele>
        <time>2023-07-15T23:01:47.001Z</time>
      </trkpt>
      <trkpt lat="37.636027" lon="-122.151750">
        <ele>1.255833</ele>
        <time>2023-07-15T23:01:50.001Z</time>
      </trkpt>
      <trkpt lat="37.636074" lon="-122.151608">
        <ele>1.258482</ele>
        <time>2023-07-15T23:01:53.001Z</time>
      </trkpt>
      <trkpt lat="37.636120" lon="-122.151461">
        <ele>1.261203</ele>
        <time>2023-07-15T23:01:56.001Z</time>
      </trkpt>
      <trkpt lat="37.636170" lon="-122.151313">
        <ele>1.263972</ele>
        <time>2023-07-15T23:01:59.001Z</time>
      </trkpt>
      <trkpt lat="37.636213" lon="-122.151166">
        <ele>1.266670</ele>
        <time>2023-07-15T23:02:02.001Z</time>
      </trkpt>
      <trkpt lat="37.636259" lon="-122.151019">
        <ele>1.269391</ele>
        <time>2023-07-15T23:02:05.001Z</time>
      </trkpt>
      <trkpt lat="37.636308" lon="-122.150875">
        <ele>1.272088</ele>
        <time>2023-07-15T23:02:08.001Z</time>
      </trkpt>
      <trkpt lat="37.636354" lon="-122.150727">
        <ele>1.269022</ele>
        <time>2023-07-15T23:02:11.001Z</time>
      </trkpt>
      <trkpt lat="37.636396" lon="-122.150579">
        <ele>1.263655</ele>
        <time>2023-07-15T23:02:14.001Z</time>
      </trkpt>
      <trkpt lat="37.636440" lon="-122.150423">
        <ele>1.258002</ele>
        <time>2023-07-15T23:02:17.001Z</time>
      </trkpt>
      <trkpt lat="37.636476" lon="-122.150277">
        <ele>1.252782</ele>
        <time>2023-07-15T23:02:20.001Z</time>
      </trkpt>
      <trkpt lat="37.636572" lon="-122.150224">
        <ele>1.248266</ele>
        <time>2023-07-15T23:02:23.001Z</time>
      </trkpt>
      <trkpt lat="37.636679" lon="-122.150174">
        <ele>1.243348</ele>
        <time>2023-07-15T23:02:26.001Z</time>
      </trkpt>
      <trkpt lat="37.636786" lon="-122.150128">
        <ele>1.238476</ele>
        <time>2023-07-15T23:02:29.001Z</time>
      </trkpt>
      <trkpt lat="37.636898" lon="-122.150075">
        <ele>1.233320</ele>
        <time>2023-07-15T23:02:32.001Z</time>
      </trkpt>
      <trkpt lat="37.637011" lon="-122.150026">
        <ele>1.228170</ele>
        <time>2023-07-15T23:02:35.001Z</time>
      </trkpt>
      <trkpt lat="37.637120" lon="-122.149981">
        <ele>1.223227</ele>
        <time>2023-07-15T23:02:38.001Z</time>
      </trkpt>
      <trkpt lat="37.637229" lon="-122.149933">
        <ele>1.218251</ele>
        <time>2023-07-15T23:02:41.001Z</time>
      </trkpt>
      <trkpt lat="37.637334" lon="-122.149888">
        <ele>1.213471</ele>
        <time>2023-07-15T23:02:44.001Z</time>
      </trkpt>
      <trkpt lat="37.637440" lon="-122.149841">
        <ele>1.208628</ele>
        <time>2023-07-15T23:02:47.001Z</time>
      </trkpt>
      <trkpt lat="37.637544" lon="-122.149802">
        <ele>1.203952</ele>
        <time>2023-07-15T23:02:50.001Z</time>
      </trkpt>
      <trkpt lat="37.637643" lon="-122.149753">
        <ele>1.199368</ele>
        <time>2023-07-15T23:02:53.001Z</time>
      </trkpt>
      <trkpt lat="37.637748" lon="-122.149708">
        <ele>1.204021</ele>
        <time>2023-07-15T23:02:56.001Z</time>
      </trkpt>
      <trkpt lat="37.637856" lon="-122.149662">
        <ele>1.260150</ele>
        <time>2023-07-15T23:02:59.001Z</time>
      </trkpt>
      <trkpt lat="37.637958" lon="-122.149620">
        <ele>1.312984</ele>
        <time>2023-07-15T23:03:02.001Z</time>
      </trkpt>
      <trkpt lat="37.638073" lon="-122.149552">
        <ele>1.375517</ele>
        <time>2023-07-15T23:03:05.001Z</time>
      </trkpt>
      <trkpt lat="37.638178" lon="-122.149471">
        <ele>1.436110</ele>
        <time>2023-07-15T23:03:08.001Z</time>
      </trkpt>
      <trkpt lat="37.638277" lon="-122.149370">
        <ele>1.498785</ele>
        <time>2023-07-15T23:03:11.001Z</time>
      </trkpt>
      <trkpt lat="37.638382" lon="-122.149290">
        <ele>1.559175</ele>
        <time>2023-07-15T23:03:14.001Z</time>
      </trkpt>
      <trkpt lat="37.638483" lon="-122.149204">
        <ele>1.619164</ele>
        <time>2023-07-15T23:03:17.001Z</time>
      </trkpt>
      <trkpt lat="37.638583" lon="-122.149120">
        <ele>1.678309</ele>
        <time>2023-07-15T23:03:20.001Z</time>
      </trkpt>
      <trkpt lat="37.638681" lon="-122.149032">
        <ele>1.737527</ele>
        <time>2023-07-15T23:03:23.001Z</time>
      </trkpt>
      <trkpt lat="37.638780" lon="-122.148946">
        <ele>1.796701</ele>
        <time>2023-07-15T23:03:26.001Z</time>
      </trkpt>
      <trkpt lat="37.638884" lon="-122.148853">
        <ele>1.859457</ele>
        <time>2023-07-15T23:03:29.001Z</time>
      </trkpt>
      <trkpt lat="37.638986" lon="-122.148758">
        <ele>1.921872</ele>
        <time>2023-07-15T23:03:32.001Z</time>
      </trkpt>
      <trkpt lat="37.639086" lon="-122.148673">
        <ele>1.981234</ele>
        <time>2023-07-15T23:03:35.001Z</time>
      </trkpt>
      <trkpt lat="37.639180" lon="-122.148592">
        <ele>2.037274</ele>
        <time>2023-07-15T23:03:38.001Z</time>
      </trkpt>
      <trkpt lat="37.639281" lon="-122.148502">
        <ele>2.080959</ele>
        <time>2023-07-15T23:03:41.001Z</time>
      </trkpt>
      <trkpt lat="37.639383" lon="-122.148421">
        <ele>2.080465</ele>
        <time>2023-07-15T23:03:44.001Z</time>
      </trkpt>
      <trkpt lat="37.639482" lon="-122.148335">
        <ele>2.079972</ele>
        <time>2023-07-15T23:03:47.001Z</time>
      </trkpt>
      <trkpt lat="37.639577" lon="-122.148249">
        <ele>2.079493</ele>
        <time>2023-07-15T23:03:50.001Z</time>
      </trkpt>
      <trkpt lat="37.639680" lon="-122.148163">
        <ele>2.078987</ele>
        <time>2023-07-15T23:03:53.001Z</time>
      </trkpt>
      <trkpt lat="37.639786" lon="-122.148081">
        <ele>2.078477</ele>
        <time>2023-07-15T23:03:56.001Z</time>
      </trkpt>
      <trkpt lat="37.639892" lon="-122.147996">
        <ele>2.077962</ele>
        <time>2023-07-15T23:03:59.001Z</time>
      </trkpt>
      <trkpt lat="37.639999" lon="-122.147927">
        <ele>2.077469</ele>
        <time>2023-07-15T23:04:02.001Z</time>
      </trkpt>
      <trkpt lat="37.640107" lon="-122.147858">
        <ele>2.076973</ele>
        <time>2023-07-15T23:04:05.001Z</time>
      </trkpt>
      <trkpt lat="37.640217" lon="-122.147785">
        <ele>2.076464</ele>
        <time>2023-07-15T23:04:08.001Z</time>
      </trkpt>
      <trkpt lat="37.640327" lon="-122.147734">
        <ele>2.075983</ele>
        <time>2023-07-15T23:04:11.001Z</time>
      </trkpt>
      <trkpt lat="37.640426" lon="-122.147643">
        <ele>2.075481</ele>
        <time>2023-07-15T23:04:14.001Z</time>
      </trkpt>
      <trkpt lat="37.640531" lon="-122.147570">
        <ele>2.074990</ele>
        <time>2023-07-15T23:04:17.001Z</time>
      </trkpt>
      <trkpt lat="37.640635" lon="-122.147506">
        <ele>2.074515</ele>
        <time>2023-07-15T23:04:20.001Z</time>
      </trkpt>
      <trkpt lat="37.640738" lon="-122.147432">
        <ele>2.074029</ele>
        <time>2023-07-15T23:04:23.001Z</time>
      </trkpt>
      <trkpt lat="37.640844" lon="-122.147352">
        <ele>2.118630</ele>
        <time>2023-07-15T23:04:26.001Z</time>
      </trkpt>
      <trkpt lat="37.640952" lon="-122.147283">
        <ele>2.228487</ele>
        <time>2023-07-15T23:04:29.001Z</time>
      </trkpt>
      <trkpt lat="37.641067" lon="-122.147312">
        <ele>2.334929</ele>
        <time>2023-07-15T23:04:32.001Z</time>
      </trkpt>
      <trkpt lat="37.641176" lon="-122.147390">
        <ele>2.448643</ele>
        <time>2023-07-15T23:04:35.001Z</time>
      </trkpt>
      <trkpt lat="37.641270" lon="-122.147485">
        <ele>2.557920</ele>
        <time>2023-07-15T23:04:38.001Z</time>
      </trkpt>
      <trkpt lat="37.641364" lon="-122.147570">
        <ele>2.662857</ele>
        <time>2023-07-15T23:04:41.001Z</time>
      </trkpt>
      <trkpt lat="37.641448" lon="-122.147671">
        <ele>2.768130</ele>
        <time>2023-07-15T23:04:44.001Z</time>
      </trkpt>
      <trkpt lat="37.641518" lon="-122.147745">
        <ele>2.850989</ele>
        <time>2023-07-15T23:04:47.001Z</time>
      </trkpt>
      <trkpt lat="37.641596" lon="-122.147809">
        <ele>2.935417</ele>
        <time>2023-07-15T23:04:50.001Z</time>
      </trkpt>
      <trkpt lat="37.641785" lon="-122.147956">
        <ele>3.136889</ele>
        <time>2023-07-15T23:05:44.001Z</time>
      </trkpt>
      <trkpt lat="37.641863" lon="-122.148035">
        <ele>3.227642</ele>
        <time>2023-07-15T23:05:47.001Z</time>
      </trkpt>
      <trkpt lat="37.641901" lon="-122.148176">
        <ele>3.334690</ele>
        <time>2023-07-15T23:05:50.001Z</time>
      </trkpt>
      <trkpt lat="37.641873" lon="-122.148318">
        <ele>3.439866</ele>
        <time>2023-07-15T23:05:53.001Z</time>
      </trkpt>
      <trkpt lat="37.641875" lon="-122.148472">
        <ele>3.550564</ele>
        <time>2023-07-15T23:05:56.001Z</time>
      </trkpt>
      <trkpt lat="37.641874" lon="-122.148618">
        <ele>3.655501</ele>
        <time>2023-07-15T23:05:59.001Z</time>
      </trkpt>
      <trkpt lat="37.641875" lon="-122.148761">
        <ele>3.717419</ele>
        <time>2023-07-15T23:06:02.001Z</time>
      </trkpt>
      <trkpt lat="37.641876" lon="-122.148914">
        <ele>3.740980</ele>
        <time>2023-07-15T23:06:05.001Z</time>
      </trkpt>
      <trkpt lat="37.641875" lon="-122.149076">
        <ele>3.765926</ele>
        <time>2023-07-15T23:06:08.001Z</time>
      </trkpt>
      <trkpt lat="37.641870" lon="-122.149241">
        <ele>3.791352</ele>
        <time>2023-07-15T23:06:11.001Z</time>
      </trkpt>
      <trkpt lat="37.641869" lon="-122.149403">
        <ele>3.816299</ele>
        <time>2023-07-15T23:06:14.001Z</time>
      </trkpt>
      <trkpt lat="37.641868" lon="-122.149556">
        <ele>3.839859</ele>
        <time>2023-07-15T23:06:17.001Z</time>
      </trkpt>
      <trkpt lat="37.641862" lon="-122.149717">
        <ele>3.864678</ele>
        <time>2023-07-15T23:06:20.001Z</time>
      </trkpt>
      <trkpt lat="37.641860" lon="-122.149883">
        <ele>3.890243</ele>
        <time>2023-07-15T23:06:23.001Z</time>
      </trkpt>
      <trkpt lat="37.641858" lon="-122.150048">
        <ele>3.915653</ele>
        <time>2023-07-15T23:06:26.001Z</time>
      </trkpt>
      <trkpt lat="37.641858" lon="-122.150211">
        <ele>3.940753</ele>
        <time>2023-07-15T23:06:29.001Z</time>
      </trkpt>
      <trkpt lat="37.641860" lon="-122.150370">
        <ele>3.965240</ele>
        <time>2023-07-15T23:06:32.001Z</time>
      </trkpt>
      <trkpt lat="37.641858" lon="-122.150530">
        <ele>3.989880</ele>
        <time>2023-07-15T23:06:35.001Z</time>
      </trkpt>
      <trkpt lat="37.641854" lon="-122.150694">
        <ele>4.015146</ele>
        <time>2023-07-15T23:06:38.001Z</time>
      </trkpt>
      <trkpt lat="37.641857" lon="-122.150846">
        <ele>4.038559</ele>
        <time>2023-07-15T23:06:41.001Z</time>
      </trkpt>
      <trkpt lat="37.641855" lon="-122.150993">
        <ele>4.033361</ele>
        <time>2023-07-15T23:06:44.001Z</time>
      </trkpt>
      <trkpt lat="37.641856" lon="-122.151152">
        <ele>3.925479</ele>
        <time>2023-07-15T23:06:47.001Z</time>
      </trkpt>
      <trkpt lat="37.641855" lon="-122.151310">
        <ele>3.818276</ele>
        <time>2023-07-15T23:06:50.001Z</time>
      </trkpt>
      <trkpt lat="37.641858" lon="-122.151459">
        <ele>3.717150</ele>
        <time>2023-07-15T23:06:53.001Z</time>
      </trkpt>
      <trkpt lat="37.641863" lon="-122.151604">
        <ele>3.618677</ele>
        <time>2023-07-15T23:06:56.001Z</time>
      </trkpt>
      <trkpt lat="37.641864" lon="-122.151759">
        <ele>3.513509</ele>
        <time>2023-07-15T23:06:59.001Z</time>
      </trkpt>
      <trkpt lat="37.641870" lon="-122.151918">
        <ele>3.405509</ele>
        <time>2023-07-15T23:07:02.001Z</time>
      </trkpt>
      <trkpt lat="37.641869" lon="-122.152075">
        <ele>3.298984</ele>
        <time>2023-07-15T23:07:05.001Z</time>
      </trkpt>
      <trkpt lat="37.641871" lon="-122.152237">
        <ele>3.189057</ele>
        <time>2023-07-15T23:07:08.001Z</time>
      </trkpt>
      <trkpt lat="37.641870" lon="-122.152387">
        <ele>3.087281</ele>
        <time>2023-07-15T23:07:11.001Z</time>
      </trkpt>
      <trkpt lat="37.641865" lon="-122.152546">
        <ele>2.979318</ele>
        <time>2023-07-15T23:07:14.001Z</time>
      </trkpt>
      <trkpt lat="37.641868" lon="-122.152704">
        <ele>2.872088</ele>
        <time>2023-07-15T23:07:17.001Z</time>
      </trkpt>
      <trkpt lat="37.641867" lon="-122.152847">
        <ele>2.775061</ele>
        <time>2023-07-15T23:07:20.001Z</time>
      </trkpt>
      <trkpt lat="37.641909" lon="-122.152981">
        <ele>2.677282</ele>
        <time>2023-07-15T23:07:23.001Z</time>
      </trkpt>
      <trkpt lat="37.642005" lon="-122.153038">
        <ele>2.586388</ele>
        <time>2023-07-15T23:07:26.001Z</time>
      </trkpt>
      <trkpt lat="37.642119" lon="-122.153050">
        <ele>2.494895</ele>
        <time>2023-07-15T23:07:29.001Z</time>
      </trkpt>
      <trkpt lat="37.642238" lon="-122.153076">
        <ele>2.416858</ele>
        <time>2023-07-15T23:07:32.001Z</time>
      </trkpt>
      <trkpt lat="37.642352" lon="-122.153122">
        <ele>2.339526</ele>
        <time>2023-07-15T23:07:35.001Z</time>
      </trkpt>
      <trkpt lat="37.642462" lon="-122.153171">
        <ele>2.264155</ele>
        <time>2023-07-15T23:07:38.001Z</time>
      </trkpt>
      <trkpt lat="37.642574" lon="-122.153217">
        <ele>2.188052</ele>
        <time>2023-07-15T23:07:41.001Z</time>
      </trkpt>
      <trkpt lat="37.642680" lon="-122.153271">
        <ele>2.114195</ele>
        <time>2023-07-15T23:07:44.001Z</time>
      </trkpt>
      <trkpt lat="37.642786" lon="-122.153319">
        <ele>2.041431</ele>
        <time>2023-07-15T23:07:47.001Z</time>
      </trkpt>
      <trkpt lat="37.642896" lon="-122.153365">
        <ele>1.966557</ele>
        <time>2023-07-15T23:07:50.001Z</time>
      </trkpt>
      <trkpt lat="37.643006" lon="-122.153405">
        <ele>1.892590</ele>
        <time>2023-07-15T23:07:53.001Z</time>
      </trkpt>
      <trkpt lat="37.643117" lon="-122.153451">
        <ele>1.817102</ele>
        <time>2023-07-15T23:07:56.001Z</time>
      </trkpt>
      <trkpt lat="37.643225" lon="-122.153502">
        <ele>1.742596</ele>
        <time>2023-07-15T23:07:59.001Z</time>
      </trkpt>
      <trkpt lat="37.643331" lon="-122.153550">
        <ele>1.669832</ele>
        <time>2023-07-15T23:08:02.001Z</time>
      </trkpt>
      <trkpt lat="37.643438" lon="-122.153591">
        <ele>1.597579</ele>
        <time>2023-07-15T23:08:05.001Z</time>
      </trkpt>
      <trkpt lat="37.643546" lon="-122.153639">
        <ele>1.523598</ele>
        <time>2023-07-15T23:08:08.001Z</time>
      </trkpt>
      <trkpt lat="37.643653" lon="-122.153683">
        <ele>1.450884</ele>
        <time>2023-07-15T23:08:11.001Z</time>
      </trkpt>
      <trkpt lat="37.643764" lon="-122.153723">
        <ele>1.376296</ele>
        <time>2023-07-15T23:08:14.001Z</time>
      </trkpt>
      <trkpt lat="37.643874" lon="-122.153774">
        <ele>1.381936</ele>
        <time>2023-07-15T23:08:17.001Z</time>
      </trkpt>
      <trkpt lat="37.643985" lon="-122.153817">
        <ele>1.424072</ele>
        <time>2023-07-15T23:08:20.001Z</time>
      </trkpt>
      <trkpt lat="37.644091" lon="-122.153862">
        <ele>1.464657</ele>
        <time>2023-07-15T23:08:23.001Z</time>
      </trkpt>
      <trkpt lat="37.644196" lon="-122.153912">
        <ele>1.505382</ele>
        <time>2023-07-15T23:08:26.001Z</time>
      </trkpt>
      <trkpt lat="37.644306" lon="-122.153964">
        <ele>1.548008</ele>
        <time>2023-07-15T23:08:29.001Z</time>
      </trkpt>
      <trkpt lat="37.644415" lon="-122.154011">
        <ele>1.589809</ele>
        <time>2023-07-15T23:08:32.001Z</time>
      </trkpt>
      <trkpt lat="37.644514" lon="-122.154059">
        <ele>1.628294</ele>
        <time>2023-07-15T23:08:35.001Z</time>
      </trkpt>
      <trkpt lat="37.644615" lon="-122.154107">
        <ele>1.667459</ele>
        <time>2023-07-15T23:08:38.001Z</time>
      </trkpt>
      <trkpt lat="37.644712" lon="-122.154153">
        <ele>1.705062</ele>
        <time>2023-07-15T23:08:41.001Z</time>
      </trkpt>
      <trkpt lat="37.644817" lon="-122.154197">
        <ele>1.745211</ele>
        <time>2023-07-15T23:08:44.001Z</time>
      </trkpt>
      <trkpt lat="37.644926" lon="-122.154251">
        <ele>1.787704</ele>
        <time>2023-07-15T23:08:47.001Z</time>
      </trkpt>
      <trkpt lat="37.645026" lon="-122.154293">
        <ele>1.825950</ele>
        <time>2023-07-15T23:08:50.001Z</time>
      </trkpt>
      <trkpt lat="37.645128" lon="-122.154338">
        <ele>1.865161</ele>
        <time>2023-07-15T23:08:53.001Z</time>
      </trkpt>
      <trkpt lat="37.645235" lon="-122.154377">
        <ele>1.905578</ele>
        <time>2023-07-15T23:08:56.001Z</time>
      </trkpt>
      <trkpt lat="37.645312" lon="-122.154494">
        <ele>1.949297</ele>
        <time>2023-07-15T23:08:59.001Z</time>
      </trkpt>
      <trkpt lat="37.645295" lon="-122.154644">
        <ele>1.992840</ele>
        <time>2023-07-15T23:09:02.001Z</time>
      </trkpt>
      <trkpt lat="37.645267" lon="-122.154786">
        <ele>2.036329</ele>
        <time>2023-07-15T23:09:05.001Z</time>
      </trkpt>
      <trkpt lat="37.645272" lon="-122.154940">
        <ele>2.082780</ele>
        <time>2023-07-15T23:09:08.001Z</time>
      </trkpt>
      <trkpt lat="37.645310" lon="-122.155074">
        <ele>2.125677</ele>
        <time>2023-07-15T23:09:11.001Z</time>
      </trkpt>
      <trkpt lat="37.645277" lon="-122.155208">
        <ele>2.167970</ele>
        <time>2023-07-15T23:09:14.001Z</time>
      </trkpt>
      <trkpt lat="37.645203" lon="-122.155283">
        <ele>2.204084</ele>
        <time>2023-07-15T23:09:17.001Z</time>
      </trkpt>
      <trkpt lat="37.645334" lon="-122.155204">
        <ele>2.259338</ele>
        <time>2023-07-15T23:09:59.001Z</time>
      </trkpt>
      <trkpt lat="37.645444" lon="-122.155152">
        <ele>2.304044</ele>
        <time>2023-07-15T23:10:03.001Z</time>
      </trkpt>
      <trkpt lat="37.645552" lon="-122.155082">
        <ele>2.350248</ele>
        <time>2023-07-15T23:10:07.004Z</time>
      </trkpt>
      <trkpt lat="37.645625" lon="-122.155000">
        <ele>2.387434</ele>
        <time>2023-07-15T23:10:10.004Z</time>
      </trkpt>
      <trkpt lat="37.645671" lon="-122.154888">
        <ele>2.425459</ele>
        <time>2023-07-15T23:10:13.004Z</time>
      </trkpt>
      <trkpt lat="37.645704" lon="-122.154767">
        <ele>2.464028</ele>
        <time>2023-07-15T23:10:16.004Z</time>
      </trkpt>
      <trkpt lat="37.645734" lon="-122.154648">
        <ele>2.501666</ele>
        <time>2023-07-15T23:10:19.004Z</time>
      </trkpt>
      <trkpt lat="37.645784" lon="-122.154538">
        <ele>2.539891</ele>
        <time>2023-07-15T23:10:22.004Z</time>
      </trkpt>
      <trkpt lat="37.645882" lon="-122.154464">
        <ele>2.583351</ele>
        <time>2023-07-15T23:10:25.004Z</time>
      </trkpt>
      <trkpt lat="37.645985" lon="-122.154439">
        <ele>2.623272</ele>
        <time>2023-07-15T23:10:28.004Z</time>
      </trkpt>
      <trkpt lat="37.646092" lon="-122.154440">
        <ele>2.664000</ele>
        <time>2023-07-15T23:10:31.004Z</time>
      </trkpt>
      <trkpt lat="37.646194" lon="-122.154448">
        <ele>2.683212</ele>
        <time>2023-07-15T23:10:34.004Z</time>
      </trkpt>
      <trkpt lat="37.646301" lon="-122.154483">
        <ele>2.660875</ele>
        <time>2023-07-15T23:10:37.004Z</time>
      </trkpt>
      <trkpt lat="37.646415" lon="-122.154516">
        <ele>2.637239</ele>
        <time>2023-07-15T23:10:40.004Z</time>
      </trkpt>
      <trkpt lat="37.646520" lon="-122.154551">
        <ele>2.615293</ele>
        <time>2023-07-15T23:10:43.004Z</time>
      </trkpt>
      <trkpt lat="37.646625" lon="-122.154586">
        <ele>2.593347</ele>
        <time>2023-07-15T23:10:46.004Z</time>
      </trkpt>
      <trkpt lat="37.646734" lon="-122.154611">
        <ele>2.570959</ele>
        <time>2023-07-15T23:10:49.004Z</time>
      </trkpt>
      <trkpt lat="37.646852" lon="-122.154628">
        <ele>2.546958</ele>
        <time>2023-07-15T23:10:52.005Z</time>
      </trkpt>
      <trkpt lat="37.646974" lon="-122.154645">
        <ele>2.522153</ele>
        <time>2023-07-15T23:10:55.005Z</time>
      </trkpt>
      <trkpt lat="37.647099" lon="-122.154664">
        <ele>2.496710</ele>
        <time>2023-07-15T23:10:58.005Z</time>
      </trkpt>
      <trkpt lat="37.647220" lon="-122.154678">
        <ele>2.472154</ele>
        <time>2023-07-15T23:11:01.004Z</time>
      </trkpt>
      <trkpt lat="37.647347" lon="-122.154687">
        <ele>2.446449</ele>
        <time>2023-07-15T23:11:04.004Z</time>
      </trkpt>
      <trkpt lat="37.647471" lon="-122.154695">
        <ele>2.421357</ele>
        <time>2023-07-15T23:11:07.004Z</time>
      </trkpt>
      <trkpt lat="37.647582" lon="-122.154690">
        <ele>2.398910</ele>
        <time>2023-07-15T23:11:10.004Z</time>
      </trkpt>
      <trkpt lat="37.647700" lon="-122.154690">
        <ele>2.375064</ele>
        <time>2023-07-15T23:11:13.004Z</time>
      </trkpt>
      <trkpt lat="37.647811" lon="-122.154695">
        <ele>2.352618</ele>
        <time>2023-07-15T23:11:16.004Z</time>
      </trkpt>
      <trkpt lat="37.647926" lon="-122.154699">
        <ele>2.329368</ele>
        <time>2023-07-15T23:11:19.004Z</time>
      </trkpt>
      <trkpt lat="37.648040" lon="-122.154702">
        <ele>2.328018</ele>
        <time>2023-07-15T23:11:22.004Z</time>
      </trkpt>
      <trkpt lat="37.648156" lon="-122.154716">
        <ele>2.329725</ele>
        <time>2023-07-15T23:11:25.004Z</time>
      </trkpt>
      <trkpt lat="37.648269" lon="-122.154729">
        <ele>2.331388</ele>
        <time>2023-07-15T23:11:28.004Z</time>
      </trkpt>
      <trkpt lat="37.648383" lon="-122.154746">
        <ele>2.333069</ele>
        <time>2023-07-15T23:11:31.004Z</time>
      </trkpt>
      <trkpt lat="37.648502" lon="-122.154762">
        <ele>2.334823</ele>
        <time>2023-07-15T23:11:34.004Z</time>
      </trkpt>
      <trkpt lat="37.648620" lon="-122.154778">
        <ele>2.336561</ele>
        <time>2023-07-15T23:11:37.004Z</time>
      </trkpt>
      <trkpt lat="37.648738" lon="-122.154794">
        <ele>2.338300</ele>
        <time>2023-07-15T23:11:40.004Z</time>
      </trkpt>
      <trkpt lat="37.648852" lon="-122.154809">
        <ele>2.339980</ele>
        <time>2023-07-15T23:11:43.004Z</time>
      </trkpt>
      <trkpt lat="37.648968" lon="-122.154821">
        <ele>2.341685</ele>
        <time>2023-07-15T23:11:46.004Z</time>
      </trkpt>
      <trkpt lat="37.649090" lon="-122.154838">
        <ele>2.343483</ele>
        <time>2023-07-15T23:11:49.004Z</time>
      </trkpt>
      <trkpt lat="37.649206" lon="-122.154855">
        <ele>2.345194</ele>
        <time>2023-07-15T23:11:52.004Z</time>
      </trkpt>
      <trkpt lat="37.649322" lon="-122.154883">
        <ele>2.346924</ele>
        <time>2023-07-15T23:11:55.004Z</time>
      </trkpt>
      <trkpt lat="37.649438" lon="-122.154942">
        <ele>2.348756</ele>
        <time>2023-07-15T23:11:58.004Z</time>
      </trkpt>
      <trkpt lat="37.649531" lon="-122.155042">
        <ele>2.350546</ele>
        <time>2023-07-15T23:12:01.004Z</time>
      </trkpt>
      <trkpt lat="37.649625" lon="-122.155122">
        <ele>2.352207</ele>
        <time>2023-07-15T23:12:04.004Z</time>
      </trkpt>
      <trkpt lat="37.649724" lon="-122.155179">
        <ele>2.356410</ele>
        <time>2023-07-15T23:12:07.004Z</time>
      </trkpt>
      <trkpt lat="37.649811" lon="-122.155229">
        <ele>2.361885</ele>
        <time>2023-07-15T23:12:10.004Z</time>
      </trkpt>
      <trkpt lat="37.649903" lon="-122.155268">
        <ele>2.367444</ele>
        <time>2023-07-15T23:12:13.004Z</time>
      </trkpt>
      <trkpt lat="37.649994" lon="-122.155305">
        <ele>2.372919</ele>
        <time>2023-07-15T23:12:16.004Z</time>
      </trkpt>
      <trkpt lat="37.650092" lon="-122.155344">
        <ele>2.378805</ele>
        <time>2023-07-15T23:12:19.004Z</time>
      </trkpt>
      <trkpt lat="37.650192" lon="-122.155377">
        <ele>2.384725</ele>
        <time>2023-07-15T23:12:22.004Z</time>
      </trkpt>
      <trkpt lat="37.650293" lon="-122.155410">
        <ele>2.390700</ele>
        <time>2023-07-15T23:12:25.004Z</time>
      </trkpt>
      <trkpt lat="37.650394" lon="-122.155436">
        <ele>2.396604</ele>
        <time>2023-07-15T23:12:28.004Z</time>
      </trkpt>
      <trkpt lat="37.650501" lon="-122.155463">
        <ele>2.402854</ele>
        <time>2023-07-15T23:12:31.004Z</time>
      </trkpt>
      <trkpt lat="37.650612" lon="-122.155470">
        <ele>2.409220</ele>
        <time>2023-07-15T23:12:34.004Z</time>
      </trkpt>
      <trkpt lat="37.650726" lon="-122.155473">
        <ele>2.415751</ele>
        <time>2023-07-15T23:12:37.004Z</time>
      </trkpt>
      <trkpt lat="37.650913" lon="-122.155470">
        <ele>2.426463</ele>
        <time>2023-07-15T23:14:03.004Z</time>
      </trkpt>
      <trkpt lat="37.651012" lon="-122.155464">
        <ele>2.432140</ele>
        <time>2023-07-15T23:14:06.004Z</time>
      </trkpt>
      <trkpt lat="37.651110" lon="-122.155464">
        <ele>2.437753</ele>
        <time>2023-07-15T23:14:09.004Z</time>
      </trkpt>
      <trkpt lat="37.651214" lon="-122.155455">
        <ele>2.443724</ele>
        <time>2023-07-15T23:14:12.004Z</time>
      </trkpt>
      <trkpt lat="37.651319" lon="-122.155459">
        <ele>2.449741</ele>
        <time>2023-07-15T23:14:15.004Z</time>
      </trkpt>
      <trkpt lat="37.651420" lon="-122.155472">
        <ele>2.455556</ele>
        <time>2023-07-15T23:14:18.004Z</time>
      </trkpt>
      <trkpt lat="37.651525" lon="-122.155505">
        <ele>2.395048</ele>
        <time>2023-07-15T23:14:21.004Z</time>
      </trkpt>
      <trkpt lat="37.651650" lon="-122.155550">
        <ele>2.317272</ele>
        <time>2023-07-15T23:14:24.004Z</time>
      </trkpt>
      <trkpt lat="37.651752" lon="-122.155600">
        <ele>2.251803</ele>
        <time>2023-07-15T23:14:26.004Z</time>
      </trkpt>
      <trkpt lat="37.651853" lon="-122.155644">
        <ele>2.187873</ele>
        <time>2023-07-15T23:14:28.004Z</time>
      </trkpt>
      <trkpt lat="37.651952" lon="-122.155695">
        <ele>2.123897</ele>
        <time>2023-07-15T23:14:30.004Z</time>
      </trkpt>
      <trkpt lat="37.652050" lon="-122.155736">
        <ele>2.062123</ele>
        <time>2023-07-15T23:14:32.004Z</time>
      </trkpt>
      <trkpt lat="37.652170" lon="-122.155809">
        <ele>1.982424</ele>
        <time>2023-07-15T23:14:35.004Z</time>
      </trkpt>
      <trkpt lat="37.652288" lon="-122.155883">
        <ele>1.903592</ele>
        <time>2023-07-15T23:14:38.004Z</time>
      </trkpt>
      <trkpt lat="37.652372" lon="-122.155934">
        <ele>1.847823</ele>
        <time>2023-07-15T23:14:40.004Z</time>
      </trkpt>
      <trkpt lat="37.652455" lon="-122.155983">
        <ele>1.793001</ele>
        <time>2023-07-15T23:14:42.004Z</time>
      </trkpt>
      <trkpt lat="37.652573" lon="-122.156050">
        <ele>1.715587</ele>
        <time>2023-07-15T23:14:45.004Z</time>
      </trkpt>
      <trkpt lat="37.652693" lon="-122.156103">
        <ele>1.639518</ele>
        <time>2023-07-15T23:14:48.004Z</time>
      </trkpt>
      <trkpt lat="37.652811" lon="-122.156137">
        <ele>1.567097</ele>
        <time>2023-07-15T23:14:51.004Z</time>
      </trkpt>
      <trkpt lat="37.652928" lon="-122.156173">
        <ele>1.495040</ele>
        <time>2023-07-15T23:14:54.004Z</time>
      </trkpt>
      <trkpt lat="37.653041" lon="-122.156199">
        <ele>1.426311</ele>
        <time>2023-07-15T23:14:57.004Z</time>
      </trkpt>
      <trkpt lat="37.653151" lon="-122.156226">
        <ele>1.377385</ele>
        <time>2023-07-15T23:15:00.004Z</time>
      </trkpt>
      <trkpt lat="37.653266" lon="-122.156249">
        <ele>1.369591</ele>
        <time>2023-07-15T23:15:03.005Z</time>
      </trkpt>
      <trkpt lat="37.653383" lon="-122.156271">
        <ele>1.361672</ele>
        <time>2023-07-15T23:15:06.005Z</time>
      </trkpt>
      <trkpt lat="37.653507" lon="-122.156301">
        <ele>1.353220</ele>
        <time>2023-07-15T23:15:09.005Z</time>
      </trkpt>
      <trkpt lat="37.653628" lon="-122.156328">
        <ele>1.344994</ele>
        <time>2023-07-15T23:15:12.005Z</time>
      </trkpt>
      <trkpt lat="37.653751" lon="-122.156362">
        <ele>1.336566</ele>
        <time>2023-07-15T23:15:15.005Z</time>
      </trkpt>
      <trkpt lat="37.653874" lon="-122.156391">
        <ele>1.328189</ele>
        <time>2023-07-15T23:15:18.005Z</time>
      </trkpt>
      <trkpt lat="37.653994" lon="-122.156428">
        <ele>1.319920</ele>
        <time>2023-07-15T23:15:21.005Z</time>
      </trkpt>
      <trkpt lat="37.654115" lon="-122.156464">
        <ele>1.311598</ele>
        <time>2023-07-15T23:15:24.005Z</time>
      </trkpt>
      <trkpt lat="37.654236" lon="-122.156500">
        <ele>1.303277</ele>
        <time>2023-07-15T23:15:27.005Z</time>
      </trkpt>
      <trkpt lat="37.654358" lon="-122.156526">
        <ele>1.294994</ele>
        <time>2023-07-15T23:15:30.005Z</time>
      </trkpt>
      <trkpt lat="37.654483" lon="-122.156560">
        <ele>1.286434</ele>
        <time>2023-07-15T23:15:33.005Z</time>
      </trkpt>
      <trkpt lat="37.654612" lon="-122.156591">
        <ele>1.277644</ele>
        <time>2023-07-15T23:15:36.005Z</time>
      </trkpt>
      <trkpt lat="37.654740" lon="-122.156619">
        <ele>1.268947</ele>
        <time>2023-07-15T23:15:39.005Z</time>
      </trkpt>
      <trkpt lat="37.654864" lon="-122.156647">
        <ele>1.260515</ele>
        <time>2023-07-15T23:15:42.005Z</time>
      </trkpt>
      <trkpt lat="37.654991" lon="-122.156680">
        <ele>1.251446</ele>
        <time>2023-07-15T23:15:45.005Z</time>
      </trkpt>
      <trkpt lat="37.655081" lon="-122.156699">
        <ele>1.245017</ele>
        <time>2023-07-15T23:15:47.005Z</time>
      </trkpt>
      <trkpt lat="37.655210" lon="-122.156731">
        <ele>1.235755</ele>
        <time>2023-07-15T23:15:50.005Z</time>
      </trkpt>
      <trkpt lat="37.655337" lon="-122.156766">
        <ele>1.226597</ele>
        <time>2023-07-15T23:15:53.005Z</time>
      </trkpt>
      <trkpt lat="37.655474" lon="-122.156793">
        <ele>1.216828</ele>
        <time>2023-07-15T23:15:56.005Z</time>
      </trkpt>
      <trkpt lat="37.655566" lon="-122.156820">
        <ele>1.210174</ele>
        <time>2023-07-15T23:15:58.005Z</time>
      </trkpt>
      <trkpt lat="37.655662" lon="-122.156845">
        <ele>1.203268</ele>
        <time>2023-07-15T23:16:00.005Z</time>
      </trkpt>
      <trkpt lat="37.655751" lon="-122.156875">
        <ele>1.196779</ele>
        <time>2023-07-15T23:16:02.005Z</time>
      </trkpt>
      <trkpt lat="37.655873" lon="-122.156911">
        <ele>1.187952</ele>
        <time>2023-07-15T23:16:05.005Z</time>
      </trkpt>
      <trkpt lat="37.655989" lon="-122.156950">
        <ele>1.179495</ele>
        <time>2023-07-15T23:16:08.005Z</time>
      </trkpt>
      <trkpt lat="37.656081" lon="-122.156975">
        <ele>1.172865</ele>
        <time>2023-07-15T23:16:11.005Z</time>
      </trkpt>
      <trkpt lat="37.656184" lon="-122.157014">
        <ele>1.165289</ele>
        <time>2023-07-15T23:16:14.005Z</time>
      </trkpt>
      <trkpt lat="37.656279" lon="-122.157047">
        <ele>1.158348</ele>
        <time>2023-07-15T23:16:17.005Z</time>
      </trkpt>
      <trkpt lat="37.656388" lon="-122.157072">
        <ele>1.150543</ele>
        <time>2023-07-15T23:16:21.005Z</time>
      </trkpt>
      <trkpt lat="37.656492" lon="-122.157107">
        <ele>1.142960</ele>
        <time>2023-07-15T23:16:25.005Z</time>
      </trkpt>
      <trkpt lat="37.656606" lon="-122.157134">
        <ele>1.134789</ele>
        <time>2023-07-15T23:16:29.005Z</time>
      </trkpt>
      <trkpt lat="37.656717" lon="-122.157173">
        <ele>1.094861</ele>
        <time>2023-07-15T23:16:33.005Z</time>
      </trkpt>
      <trkpt lat="37.656809" lon="-122.157202">
        <ele>1.051981</ele>
        <time>2023-07-15T23:16:36.005Z</time>
      </trkpt>
      <trkpt lat="37.656908" lon="-122.157225">
        <ele>1.006461</ele>
        <time>2023-07-15T23:16:39.005Z</time>
      </trkpt>
      <trkpt lat="37.657003" lon="-122.157234">
        <ele>0.963380</ele>
        <time>2023-07-15T23:16:42.005Z</time>
      </trkpt>
      <trkpt lat="37.657122" lon="-122.157251">
        <ele>0.909223</ele>
        <time>2023-07-15T23:16:46.005Z</time>
      </trkpt>
      <trkpt lat="37.657220" lon="-122.157263">
        <ele>0.864699</ele>
        <time>2023-07-15T23:16:49.005Z</time>
      </trkpt>
      <trkpt lat="37.657316" lon="-122.157283">
        <ele>0.820700</ele>
        <time>2023-07-15T23:16:52.005Z</time>
      </trkpt>
      <trkpt lat="37.657417" lon="-122.157305">
        <ele>0.774352</ele>
        <time>2023-07-15T23:16:55.005Z</time>
      </trkpt>
      <trkpt lat="37.657519" lon="-122.157327">
        <ele>0.727558</ele>
        <time>2023-07-15T23:16:58.005Z</time>
      </trkpt>
      <trkpt lat="37.657626" lon="-122.157352">
        <ele>0.678351</ele>
        <time>2023-07-15T23:17:01.005Z</time>
      </trkpt>
      <trkpt lat="37.657733" lon="-122.157375">
        <ele>0.629268</ele>
        <time>2023-07-15T23:17:04.005Z</time>
      </trkpt>
      <trkpt lat="37.657843" lon="-122.157395">
        <ele>0.579012</ele>
        <time>2023-07-15T23:17:07.005Z</time>
      </trkpt>
      <trkpt lat="37.657956" lon="-122.157408">
        <ele>0.527700</ele>
        <time>2023-07-15T23:17:10.005Z</time>
      </trkpt>
      <trkpt lat="37.658064" lon="-122.157428">
        <ele>0.478339</ele>
        <time>2023-07-15T23:17:13.005Z</time>
      </trkpt>
      <trkpt lat="37.658166" lon="-122.157454">
        <ele>0.431283</ele>
        <time>2023-07-15T23:17:16.005Z</time>
      </trkpt>
      <trkpt lat="37.658265" lon="-122.157473">
        <ele>0.386000</ele>
        <time>2023-07-15T23:17:19.005Z</time>
      </trkpt>
      <trkpt lat="37.658366" lon="-122.157494">
        <ele>0.339712</ele>
        <time>2023-07-15T23:17:22.005Z</time>
      </trkpt>
      <trkpt lat="37.658468" lon="-122.157517">
        <ele>0.346775</ele>
        <time>2023-07-15T23:17:25.005Z</time>
      </trkpt>
      <trkpt lat="37.658572" lon="-122.157531">
        <ele>0.396394</ele>
        <time>2023-07-15T23:17:28.005Z</time>
      </trkpt>
      <trkpt lat="37.658675" lon="-122.157550">
        <ele>0.445776</ele>
        <time>2023-07-15T23:17:31.005Z</time>
      </trkpt>
      <trkpt lat="37.658774" lon="-122.157571">
        <ele>0.493401</ele>
        <time>2023-07-15T23:17:34.005Z</time>
      </trkpt>
      <trkpt lat="37.658871" lon="-122.157596">
        <ele>0.540367</ele>
        <time>2023-07-15T23:17:37.005Z</time>
      </trkpt>
      <trkpt lat="37.658961" lon="-122.157628">
        <ele>0.584723</ele>
        <time>2023-07-15T23:17:40.005Z</time>
      </trkpt>
      <trkpt lat="37.659072" lon="-122.157638">
        <ele>0.637517</ele>
        <time>2023-07-15T23:17:43.005Z</time>
      </trkpt>
      <trkpt lat="37.659179" lon="-122.157665">
        <ele>0.689282</ele>
        <time>2023-07-15T23:17:46.005Z</time>
      </trkpt>
      <trkpt lat="37.659293" lon="-122.157689">
        <ele>0.744111</ele>
        <time>2023-07-15T23:17:49.005Z</time>
      </trkpt>
      <trkpt lat="37.659397" lon="-122.157708">
        <ele>0.793964</ele>
        <time>2023-07-15T23:17:52.005Z</time>
      </trkpt>
      <trkpt lat="37.659479" lon="-122.157795">
        <ele>0.844767</ele>
        <time>2023-07-15T23:17:55.005Z</time>
      </trkpt>
      <trkpt lat="37.659530" lon="-122.157914">
        <ele>0.895589</ele>
        <time>2023-07-15T23:17:58.005Z</time>
      </trkpt>
      <trkpt lat="37.659575" lon="-122.158034">
        <ele>0.945458</ele>
        <time>2023-07-15T23:18:01.005Z</time>
      </trkpt>
      <trkpt lat="37.659614" lon="-122.158162">
        <ele>0.996969</ele>
        <time>2023-07-15T23:18:04.005Z</time>
      </trkpt>
      <trkpt lat="37.659650" lon="-122.158292">
        <ele>1.048694</ele>
        <time>2023-07-15T23:18:07.005Z</time>
      </trkpt>
      <trkpt lat="37.659689" lon="-122.158431">
        <ele>1.104080</ele>
        <time>2023-07-15T23:18:10.005Z</time>
      </trkpt>
      <trkpt lat="37.659734" lon="-122.158565">
        <ele>1.158747</ele>
        <time>2023-07-15T23:18:13.005Z</time>
      </trkpt>
      <trkpt lat="37.659777" lon="-122.158685">
        <ele>1.186691</ele>
        <time>2023-07-15T23:18:16.005Z</time>
      </trkpt>
      <trkpt lat="37.659835" lon="-122.158792">
        <ele>1.206066</ele>
        <time>2023-07-15T23:18:19.005Z</time>
      </trkpt>
      <trkpt lat="37.659912" lon="-122.158889">
        <ele>1.226589</ele>
        <time>2023-07-15T23:18:22.005Z</time>
      </trkpt>
      <trkpt lat="37.660007" lon="-122.158963">
        <ele>1.247653</ele>
        <time>2023-07-15T23:18:25.005Z</time>
      </trkpt>
      <trkpt lat="37.660095" lon="-122.159000">
        <ele>1.265157</ele>
        <time>2023-07-15T23:18:28.005Z</time>
      </trkpt>
      <trkpt lat="37.660202" lon="-122.159043">
        <ele>1.286348</ele>
        <time>2023-07-15T23:18:32.005Z</time>
      </trkpt>
      <trkpt lat="37.660305" lon="-122.159080">
        <ele>1.306558</ele>
        <time>2023-07-15T23:18:36.005Z</time>
      </trkpt>
      <trkpt lat="37.660424" lon="-122.159120">
        <ele>1.329798</ele>
        <time>2023-07-15T23:18:40.005Z</time>
      </trkpt>
      <trkpt lat="37.660525" lon="-122.159154">
        <ele>1.349525</ele>
        <time>2023-07-15T23:18:43.005Z</time>
      </trkpt>
      <trkpt lat="37.660625" lon="-122.159201">
        <ele>1.369662</ele>
        <time>2023-07-15T23:18:46.005Z</time>
      </trkpt>
      <trkpt lat="37.660728" lon="-122.159233">
        <ele>1.389680</ele>
        <time>2023-07-15T23:18:49.005Z</time>
      </trkpt>
      <trkpt lat="37.660823" lon="-122.159267">
        <ele>1.408315</ele>
        <time>2023-07-15T23:18:52.005Z</time>
      </trkpt>
      <trkpt lat="37.660926" lon="-122.159295">
        <ele>1.428199</ele>
        <time>2023-07-15T23:18:55.005Z</time>
      </trkpt>
      <trkpt lat="37.661036" lon="-122.159327">
        <ele>1.449503</ele>
        <time>2023-07-15T23:18:58.005Z</time>
      </trkpt>
      <trkpt lat="37.661131" lon="-122.159351">
        <ele>1.467787</ele>
        <time>2023-07-15T23:19:01.005Z</time>
      </trkpt>
      <trkpt lat="37.661226" lon="-122.159381">
        <ele>1.486268</ele>
        <time>2023-07-15T23:19:04.005Z</time>
      </trkpt>
      <trkpt lat="37.661319" lon="-122.159414">
        <ele>1.504499</ele>
        <time>2023-07-15T23:19:07.005Z</time>
      </trkpt>
      <trkpt lat="37.661420" lon="-122.159437">
        <ele>1.512634</ele>
        <time>2023-07-15T23:19:10.005Z</time>
      </trkpt>
      <trkpt lat="37.661519" lon="-122.159472">
        <ele>1.513786</ele>
        <time>2023-07-15T23:19:13.005Z</time>
      </trkpt>
      <trkpt lat="37.661623" lon="-122.159501">
        <ele>1.514980</ele>
        <time>2023-07-15T23:19:16.005Z</time>
      </trkpt>
      <trkpt lat="37.661732" lon="-122.159532">
        <ele>1.516233</ele>
        <time>2023-07-15T23:19:19.006Z</time>
      </trkpt>
      <trkpt lat="37.661832" lon="-122.159570">
        <ele>1.517404</ele>
        <time>2023-07-15T23:19:22.005Z</time>
      </trkpt>
      <trkpt lat="37.661937" lon="-122.159600">
        <ele>1.518611</ele>
        <time>2023-07-15T23:19:25.006Z</time>
      </trkpt>
      <trkpt lat="37.662043" lon="-122.159632">
        <ele>1.519833</ele>
        <time>2023-07-15T23:19:28.005Z</time>
      </trkpt>
      <trkpt lat="37.662153" lon="-122.159658">
        <ele>1.521087</ele>
        <time>2023-07-15T23:19:31.005Z</time>
      </trkpt>
      <trkpt lat="37.662255" lon="-122.159688">
        <ele>1.522262</ele>
        <time>2023-07-15T23:19:34.005Z</time>
      </trkpt>
      <trkpt lat="37.662358" lon="-122.159723">
        <ele>1.523458</ele>
        <time>2023-07-15T23:19:37.005Z</time>
      </trkpt>
      <trkpt lat="37.662456" lon="-122.159754">
        <ele>1.524590</ele>
        <time>2023-07-15T23:19:40.005Z</time>
      </trkpt>
      <trkpt lat="37.662557" lon="-122.159789">
        <ele>1.525764</ele>
        <time>2023-07-15T23:19:43.005Z</time>
      </trkpt>
      <trkpt lat="37.662647" lon="-122.159823">
        <ele>1.526818</ele>
        <time>2023-07-15T23:19:46.005Z</time>
      </trkpt>
      <trkpt lat="37.662746" lon="-122.159856">
        <ele>1.527966</ele>
        <time>2023-07-15T23:19:49.005Z</time>
      </trkpt>
      <trkpt lat="37.662842" lon="-122.159878">
        <ele>1.529060</ele>
        <time>2023-07-15T23:19:52.005Z</time>
      </trkpt>
      <trkpt lat="37.662940" lon="-122.159913">
        <ele>1.530201</ele>
        <time>2023-07-15T23:19:55.005Z</time>
      </trkpt>
      <trkpt lat="37.663038" lon="-122.159943">
        <ele>1.531332</ele>
        <time>2023-07-15T23:19:58.005Z</time>
      </trkpt>
      <trkpt lat="37.663131" lon="-122.159979">
        <ele>1.553291</ele>
        <time>2023-07-15T23:20:01.005Z</time>
      </trkpt>
      <trkpt lat="37.663228" lon="-122.160013">
        <ele>1.625302</ele>
        <time>2023-07-15T23:20:04.005Z</time>
      </trkpt>
      <trkpt lat="37.663320" lon="-122.160045">
        <ele>1.693563</ele>
        <time>2023-07-15T23:20:07.005Z</time>
      </trkpt>
      <trkpt lat="37.663419" lon="-122.160076">
        <ele>1.766526</ele>
        <time>2023-07-15T23:20:10.005Z</time>
      </trkpt>
      <trkpt lat="37.663534" lon="-122.160107">
        <ele>1.850644</ele>
        <time>2023-07-15T23:20:13.005Z</time>
      </trkpt>
      <trkpt lat="37.663641" lon="-122.160138">
        <ele>1.929174</ele>
        <time>2023-07-15T23:20:16.005Z</time>
      </trkpt>
      <trkpt lat="37.663747" lon="-122.160170">
        <ele>2.007137</ele>
        <time>2023-07-15T23:20:19.005Z</time>
      </trkpt>
      <trkpt lat="37.663852" lon="-122.160203">
        <ele>2.084538</ele>
        <time>2023-07-15T23:20:22.005Z</time>
      </trkpt>
      <trkpt lat="37.663949" lon="-122.160244">
        <ele>2.157709</ele>
        <time>2023-07-15T23:20:25.005Z</time>
      </trkpt>
      <trkpt lat="37.664043" lon="-122.160267">
        <ele>2.226201</ele>
        <time>2023-07-15T23:20:28.005Z</time>
      </trkpt>
      <trkpt lat="37.664140" lon="-122.160304">
        <ele>2.298685</ele>
        <time>2023-07-15T23:20:32.005Z</time>
      </trkpt>
      <trkpt lat="37.664331" lon="-122.160355">
        <ele>2.438336</ele>
        <time>2023-07-15T23:21:14.005Z</time>
      </trkpt>
      <trkpt lat="37.664420" lon="-122.160389">
        <ele>2.504850</ele>
        <time>2023-07-15T23:21:18.005Z</time>
      </trkpt>
      <trkpt lat="37.664535" lon="-122.160410">
        <ele>2.587971</ele>
        <time>2023-07-15T23:21:22.006Z</time>
      </trkpt>
      <trkpt lat="37.664628" lon="-122.160443">
        <ele>2.657073</ele>
        <time>2023-07-15T23:21:25.006Z</time>
      </trkpt>
      <trkpt lat="37.664726" lon="-122.160473">
        <ele>2.729206</ele>
        <time>2023-07-15T23:21:28.006Z</time>
      </trkpt>
      <trkpt lat="37.664827" lon="-122.160503">
        <ele>2.803427</ele>
        <time>2023-07-15T23:21:31.006Z</time>
      </trkpt>
      <trkpt lat="37.664923" lon="-122.160537">
        <ele>2.806334</ele>
        <time>2023-07-15T23:21:34.006Z</time>
      </trkpt>
      <trkpt lat="37.665030" lon="-122.160571">
        <ele>2.788828</ele>
        <time>2023-07-15T23:21:37.006Z</time>
      </trkpt>
      <trkpt lat="37.665138" lon="-122.160602">
        <ele>2.771255</ele>
        <time>2023-07-15T23:21:40.006Z</time>
      </trkpt>
      <trkpt lat="37.665253" lon="-122.160638">
        <ele>2.752456</ele>
        <time>2023-07-15T23:21:43.006Z</time>
      </trkpt>
      <trkpt lat="37.665363" lon="-122.160674">
        <ele>2.734427</ele>
        <time>2023-07-15T23:21:46.006Z</time>
      </trkpt>
      <trkpt lat="37.665473" lon="-122.160696">
        <ele>2.716756</ele>
        <time>2023-07-15T23:21:49.006Z</time>
      </trkpt>
      <trkpt lat="37.665589" lon="-122.160685">
        <ele>2.698299</ele>
        <time>2023-07-15T23:21:52.006Z</time>
      </trkpt>
      <trkpt lat="37.665696" lon="-122.160685">
        <ele>2.681322</ele>
        <time>2023-07-15T23:21:55.006Z</time>
      </trkpt>
      <trkpt lat="37.665794" lon="-122.160733">
        <ele>2.664644</ele>
        <time>2023-07-15T23:21:58.006Z</time>
      </trkpt>
      <trkpt lat="37.665884" lon="-122.160778">
        <ele>2.649287</ele>
        <time>2023-07-15T23:22:01.006Z</time>
      </trkpt>
      <trkpt lat="37.665979" lon="-122.160819">
        <ele>2.633358</ele>
        <time>2023-07-15T23:22:04.006Z</time>
      </trkpt>
      <trkpt lat="37.666036" lon="-122.160935">
        <ele>2.616210</ele>
        <time>2023-07-15T23:22:07.006Z</time>
      </trkpt>
      <trkpt lat="37.666093" lon="-122.161070">
        <ele>2.596993</ele>
        <time>2023-07-15T23:22:10.006Z</time>
      </trkpt>
      <trkpt lat="37.666168" lon="-122.161175">
        <ele>2.579230</ele>
        <time>2023-07-15T23:22:13.006Z</time>
      </trkpt>
      <trkpt lat="37.666260" lon="-122.161235">
        <ele>2.562802</ele>
        <time>2023-07-15T23:22:16.006Z</time>
      </trkpt>
      <trkpt lat="37.666370" lon="-122.161298">
        <ele>2.543639</ele>
        <time>2023-07-15T23:22:19.006Z</time>
      </trkpt>
      <trkpt lat="37.666476" lon="-122.161346">
        <ele>2.555303</ele>
        <time>2023-07-15T23:22:22.006Z</time>
      </trkpt>
      <trkpt lat="37.666589" lon="-122.161353">
        <ele>2.607132</ele>
        <time>2023-07-15T23:22:25.006Z</time>
      </trkpt>
      <trkpt lat="37.666691" lon="-122.161300">
        <ele>2.657657</ele>
        <time>2023-07-15T23:22:28.006Z</time>
      </trkpt>
      <trkpt lat="37.666797" lon="-122.161248">
        <ele>2.709750</ele>
        <time>2023-07-15T23:22:31.006Z</time>
      </trkpt>
      <trkpt lat="37.666914" lon="-122.161245">
        <ele>2.763360</ele>
        <time>2023-07-15T23:22:34.006Z</time>
      </trkpt>
      <trkpt lat="37.667021" lon="-122.161308">
        <ele>2.817440</ele>
        <time>2023-07-15T23:22:37.006Z</time>
      </trkpt>
      <trkpt lat="37.667128" lon="-122.161372">
        <ele>2.871675</ele>
        <time>2023-07-15T23:22:40.006Z</time>
      </trkpt>
      <trkpt lat="37.667239" lon="-122.161399">
        <ele>2.923459</ele>
        <time>2023-07-15T23:22:43.006Z</time>
      </trkpt>
      <trkpt lat="37.667354" lon="-122.161408">
        <ele>2.976243</ele>
        <time>2023-07-15T23:22:46.006Z</time>
      </trkpt>
      <trkpt lat="37.667467" lon="-122.161422">
        <ele>3.028258</ele>
        <time>2023-07-15T23:22:49.006Z</time>
      </trkpt>
      <trkpt lat="37.667585" lon="-122.161442">
        <ele>3.082799</ele>
        <time>2023-07-15T23:22:52.006Z</time>
      </trkpt>
      <trkpt lat="37.667714" lon="-122.161451">
        <ele>3.141985</ele>
        <time>2023-07-15T23:22:55.006Z</time>
      </trkpt>
      <trkpt lat="37.667846" lon="-122.161460">
        <ele>3.202544</ele>
        <time>2023-07-15T23:22:58.006Z</time>
      </trkpt>
      <trkpt lat="37.667981" lon="-122.161461">
        <ele>3.264390</ele>
        <time>2023-07-15T23:23:01.006Z</time>
      </trkpt>
      <trkpt lat="37.668075" lon="-122.161479">
        <ele>3.307944</ele>
        <time>2023-07-15T23:23:03.006Z</time>
      </trkpt>
      <trkpt lat="37.668206" lon="-122.161513">
        <ele>3.354269</ele>
        <time>2023-07-15T23:23:06.006Z</time>
      </trkpt>
      <trkpt lat="37.668329" lon="-122.161553">
        <ele>3.339170</ele>
        <time>2023-07-15T23:23:09.006Z</time>
      </trkpt>
      <trkpt lat="37.668450" lon="-122.161590">
        <ele>3.324370</ele>
        <time>2023-07-15T23:23:12.006Z</time>
      </trkpt>
      <trkpt lat="37.668573" lon="-122.161638">
        <ele>3.309066</ele>
        <time>2023-07-15T23:23:15.006Z</time>
      </trkpt>
      <trkpt lat="37.668692" lon="-122.161689">
        <ele>3.294128</ele>
        <time>2023-07-15T23:23:18.006Z</time>
      </trkpt>
      <trkpt lat="37.668814" lon="-122.161723">
        <ele>3.279276</ele>
        <time>2023-07-15T23:23:21.006Z</time>
      </trkpt>
      <trkpt lat="37.668931" lon="-122.161772">
        <ele>3.264623</ele>
        <time>2023-07-15T23:23:24.006Z</time>
      </trkpt>
      <trkpt lat="37.669054" lon="-122.161816">
        <ele>3.249426</ele>
        <time>2023-07-15T23:23:27.006Z</time>
      </trkpt>
      <trkpt lat="37.669172" lon="-122.161866">
        <ele>3.234630</ele>
        <time>2023-07-15T23:23:30.007Z</time>
      </trkpt>
      <trkpt lat="37.669292" lon="-122.161913">
        <ele>3.219695</ele>
        <time>2023-07-15T23:23:33.006Z</time>
      </trkpt>
      <trkpt lat="37.669415" lon="-122.161955">
        <ele>3.204548</ele>
        <time>2023-07-15T23:23:36.006Z</time>
      </trkpt>
      <trkpt lat="37.669528" lon="-122.161996">
        <ele>3.190571</ele>
        <time>2023-07-15T23:23:39.006Z</time>
      </trkpt>
      <trkpt lat="37.669643" lon="-122.162042">
        <ele>3.176231</ele>
        <time>2023-07-15T23:23:42.006Z</time>
      </trkpt>
      <trkpt lat="37.669761" lon="-122.162090">
        <ele>3.161494</ele>
        <time>2023-07-15T23:23:45.006Z</time>
      </trkpt>
      <trkpt lat="37.669867" lon="-122.162152">
        <ele>3.147608</ele>
        <time>2023-07-15T23:23:48.006Z</time>
      </trkpt>
      <trkpt lat="37.669970" lon="-122.162224">
        <ele>3.136117</ele>
        <time>2023-07-15T23:23:51.006Z</time>
      </trkpt>
      <trkpt lat="37.670066" lon="-122.162314">
        <ele>3.125494</ele>
        <time>2023-07-15T23:23:54.006Z</time>
      </trkpt>
      <trkpt lat="37.670175" lon="-122.162347">
        <ele>3.115534</ele>
        <time>2023-07-15T23:23:57.006Z</time>
      </trkpt>
      <trkpt lat="37.670273" lon="-122.162290">
        <ele>3.105947</ele>
        <time>2023-07-15T23:24:00.006Z</time>
      </trkpt>
      <trkpt lat="37.670373" lon="-122.162227">
        <ele>3.096017</ele>
        <time>2023-07-15T23:24:03.006Z</time>
      </trkpt>
      <trkpt lat="37.670464" lon="-122.162157">
        <ele>3.086550</ele>
        <time>2023-07-15T23:24:06.006Z</time>
      </trkpt>
      <trkpt lat="37.670567" lon="-122.162115">
        <ele>3.076932</ele>
        <time>2023-07-15T23:24:09.006Z</time>
      </trkpt>
      <trkpt lat="37.670645" lon="-122.162183">
        <ele>3.068511</ele>
        <time>2023-07-15T23:24:12.006Z</time>
      </trkpt>
      <trkpt lat="37.670728" lon="-122.162261">
        <ele>3.059319</ele>
        <time>2023-07-15T23:24:15.006Z</time>
      </trkpt>
      <trkpt lat="37.670804" lon="-122.162333">
        <ele>3.050878</ele>
        <time>2023-07-15T23:24:18.006Z</time>
      </trkpt>
      <trkpt lat="37.670892" lon="-122.162407">
        <ele>3.041484</ele>
        <time>2023-07-15T23:24:21.006Z</time>
      </trkpt>
      <trkpt lat="37.670972" lon="-122.162480">
        <ele>3.032715</ele>
        <time>2023-07-15T23:24:24.006Z</time>
      </trkpt>
      <trkpt lat="37.671145" lon="-122.162326">
        <ele>3.013909</ele>
        <time>2023-07-15T23:24:57.006Z</time>
      </trkpt>
      <trkpt lat="37.671214" lon="-122.162207">
        <ele>3.003533</ele>
        <time>2023-07-15T23:25:00.006Z</time>
      </trkpt>
      <trkpt lat="37.671290" lon="-122.162081">
        <ele>2.992391</ele>
        <time>2023-07-15T23:25:03.006Z</time>
      </trkpt>
      <trkpt lat="37.671368" lon="-122.161949">
        <ele>2.986923</ele>
        <time>2023-07-15T23:25:06.006Z</time>
      </trkpt>
      <trkpt lat="37.671449" lon="-122.161820">
        <ele>2.999848</ele>
        <time>2023-07-15T23:25:09.006Z</time>
      </trkpt>
      <trkpt lat="37.671525" lon="-122.161686">
        <ele>3.012787</ele>
        <time>2023-07-15T23:25:12.006Z</time>
      </trkpt>
      <trkpt lat="37.671607" lon="-122.161559">
        <ele>3.025651</ele>
        <time>2023-07-15T23:25:15.006Z</time>
      </trkpt>
      <trkpt lat="37.671683" lon="-122.161425">
        <ele>3.038590</ele>
        <time>2023-07-15T23:25:18.006Z</time>
      </trkpt>
      <trkpt lat="37.671768" lon="-122.161296">
        <ele>3.051764</ele>
        <time>2023-07-15T23:25:21.006Z</time>
      </trkpt>
      <trkpt lat="37.671840" lon="-122.161150">
        <ele>3.065266</ele>
        <time>2023-07-15T23:25:24.006Z</time>
      </trkpt>
      <trkpt lat="37.671904" lon="-122.161057">
        <ele>3.074938</ele>
        <time>2023-07-15T23:25:26.006Z</time>
      </trkpt>
      <trkpt lat="37.671960" lon="-122.160956">
        <ele>3.084617</ele>
        <time>2023-07-15T23:25:28.006Z</time>
      </trkpt>
      <trkpt lat="37.672023" lon="-122.160862">
        <ele>3.094285</ele>
        <time>2023-07-15T23:25:30.006Z</time>
      </trkpt>
      <trkpt lat="37.672083" lon="-122.160762">
        <ele>3.104134</ele>
        <time>2023-07-15T23:25:32.006Z</time>
      </trkpt>
      <trkpt lat="37.672142" lon="-122.160666">
        <ele>3.113674</ele>
        <time>2023-07-15T23:25:34.006Z</time>
      </trkpt>
      <trkpt lat="37.672204" lon="-122.160571">
        <ele>3.123338</ele>
        <time>2023-07-15T23:25:36.006Z</time>
      </trkpt>
      <trkpt lat="37.672262" lon="-122.160468">
        <ele>3.133260</ele>
        <time>2023-07-15T23:25:38.007Z</time>
      </trkpt>
      <trkpt lat="37.672317" lon="-122.160369">
        <ele>3.142753</ele>
        <time>2023-07-15T23:25:40.007Z</time>
      </trkpt>
      <trkpt lat="37.672380" lon="-122.160282">
        <ele>3.152008</ele>
        <time>2023-07-15T23:25:42.007Z</time>
      </trkpt>
      <trkpt lat="37.672433" lon="-122.160181">
        <ele>3.161519</ele>
        <time>2023-07-15T23:25:44.007Z</time>
      </trkpt>
      <trkpt lat="37.672493" lon="-122.160087">
        <ele>3.219842</ele>
        <time>2023-07-15T23:25:46.007Z</time>
      </trkpt>
      <trkpt lat="37.672547" lon="-122.159994">
        <ele>3.278341</ele>
        <time>2023-07-15T23:25:48.007Z</time>
      </trkpt>
      <trkpt lat="37.672604" lon="-122.159899">
        <ele>3.338803</ele>
        <time>2023-07-15T23:25:50.007Z</time>
      </trkpt>
      <trkpt lat="37.672662" lon="-122.159805">
        <ele>3.399254</ele>
        <time>2023-07-15T23:25:52.007Z</time>
      </trkpt>
      <trkpt lat="37.672719" lon="-122.159706">
        <ele>3.461345</ele>
        <time>2023-07-15T23:25:54.007Z</time>
      </trkpt>
      <trkpt lat="37.672779" lon="-122.159610">
        <ele>3.523384</ele>
        <time>2023-07-15T23:25:56.007Z</time>
      </trkpt>
      <trkpt lat="37.672836" lon="-122.159512">
        <ele>3.585065</ele>
        <time>2023-07-15T23:25:58.007Z</time>
      </trkpt>
      <trkpt lat="37.672887" lon="-122.159413">
        <ele>3.644975</ele>
        <time>2023-07-15T23:26:00.007Z</time>
      </trkpt>
      <trkpt lat="37.672941" lon="-122.159317">
        <ele>3.704708</ele>
        <time>2023-07-15T23:26:02.007Z</time>
      </trkpt>
      <trkpt lat="37.673013" lon="-122.159242">
        <ele>3.764504</ele>
        <time>2023-07-15T23:26:04.007Z</time>
      </trkpt>
      <trkpt lat="37.673117" lon="-122.159289">
        <ele>3.835280</ele>
        <time>2023-07-15T23:26:06.007Z</time>
      </trkpt>
      <trkpt lat="37.673203" lon="-122.159355">
        <ele>3.899758</ele>
        <time>2023-07-15T23:26:08.007Z</time>
      </trkpt>
      <trkpt lat="37.673292" lon="-122.159409">
        <ele>3.963023</ele>
        <time>2023-07-15T23:26:10.007Z</time>
      </trkpt>
      <trkpt lat="37.673375" lon="-122.159474">
        <ele>4.025597</ele>
        <time>2023-07-15T23:26:12.007Z</time>
      </trkpt>
      <trkpt lat="37.673462" lon="-122.159537">
        <ele>4.089853</ele>
        <time>2023-07-15T23:26:14.007Z</time>
      </trkpt>
      <trkpt lat="37.673543" lon="-122.159595">
        <ele>4.149513</ele>
        <time>2023-07-15T23:26:16.007Z</time>
      </trkpt>
      <trkpt lat="37.673626" lon="-122.159647">
        <ele>4.208878</ele>
        <time>2023-07-15T23:26:18.007Z</time>
      </trkpt>
      <trkpt lat="37.673709" lon="-122.159694">
        <ele>4.267160</ele>
        <time>2023-07-15T23:26:20.007Z</time>
      </trkpt>
      <trkpt lat="37.673791" lon="-122.159753">
        <ele>4.309364</ele>
        <time>2023-07-15T23:26:22.007Z</time>
      </trkpt>
      <trkpt lat="37.673872" lon="-122.159803">
        <ele>4.286182</ele>
        <time>2023-07-15T23:26:24.007Z</time>
      </trkpt>
      <trkpt lat="37.673955" lon="-122.159852">
        <ele>4.262623</ele>
        <time>2023-07-15T23:26:26.007Z</time>
      </trkpt>
      <trkpt lat="37.674037" lon="-122.159910">
        <ele>4.238457</ele>
        <time>2023-07-15T23:26:28.007Z</time>
      </trkpt>
      <trkpt lat="37.674149" lon="-122.159990">
        <ele>4.205372</ele>
        <time>2023-07-15T23:26:31.007Z</time>
      </trkpt>
      <trkpt lat="37.674265" lon="-122.160066">
        <ele>4.171770</ele>
        <time>2023-07-15T23:26:34.007Z</time>
      </trkpt>
      <trkpt lat="37.674375" lon="-122.160138">
        <ele>4.139912</ele>
        <time>2023-07-15T23:26:37.007Z</time>
      </trkpt>
      <trkpt lat="37.674484" lon="-122.160217">
        <ele>4.107598</ele>
        <time>2023-07-15T23:26:40.007Z</time>
      </trkpt>
      <trkpt lat="37.674595" lon="-122.160297">
        <ele>4.074737</ele>
        <time>2023-07-15T23:26:43.007Z</time>
      </trkpt>
      <trkpt lat="37.674678" lon="-122.160341">
        <ele>4.051590</ele>
        <time>2023-07-15T23:26:45.007Z</time>
      </trkpt>
      <trkpt lat="37.674793" lon="-122.160417">
        <ele>4.018217</ele>
        <time>2023-07-15T23:26:48.007Z</time>
      </trkpt>
      <trkpt lat="37.674897" lon="-122.160502">
        <ele>3.986365</ele>
        <time>2023-07-15T23:26:51.007Z</time>
      </trkpt>
      <trkpt lat="37.675007" lon="-122.160595">
        <ele>3.952329</ele>
        <time>2023-07-15T23:26:54.007Z</time>
      </trkpt>
      <trkpt lat="37.675088" lon="-122.160669">
        <ele>3.926625</ele>
        <time>2023-07-15T23:26:56.007Z</time>
      </trkpt>
      <trkpt lat="37.675160" lon="-122.160761">
        <ele>3.900292</ele>
        <time>2023-07-15T23:26:58.007Z</time>
      </trkpt>
      <trkpt lat="37.675275" lon="-122.160851">
        <ele>3.865506</ele>
        <time>2023-07-15T23:27:01.007Z</time>
      </trkpt>
      <trkpt lat="37.675366" lon="-122.160892">
        <ele>3.865004</ele>
        <time>2023-07-15T23:27:03.007Z</time>
      </trkpt>
      <trkpt lat="37.675493" lon="-122.160939">
        <ele>3.903586</ele>
        <time>2023-07-15T23:27:06.007Z</time>
      </trkpt>
      <trkpt lat="37.675616" lon="-122.160964">
        <ele>3.939908</ele>
        <time>2023-07-15T23:27:09.007Z</time>
      </trkpt>
      <trkpt lat="37.675715" lon="-122.161042">
        <ele>3.973923</ele>
        <time>2023-07-15T23:27:12.007Z</time>
      </trkpt>
      <trkpt lat="37.675817" lon="-122.161128">
        <ele>4.009674</ele>
        <time>2023-07-15T23:27:15.007Z</time>
      </trkpt>
      <trkpt lat="37.675913" lon="-122.161210">
        <ele>4.043459</ele>
        <time>2023-07-15T23:27:18.007Z</time>
      </trkpt>
      <trkpt lat="37.676006" lon="-122.161293">
        <ele>4.076655</ele>
        <time>2023-07-15T23:27:21.007Z</time>
      </trkpt>
      <trkpt lat="37.676103" lon="-122.161395">
        <ele>4.113448</ele>
        <time>2023-07-15T23:27:24.007Z</time>
      </trkpt>
      <trkpt lat="37.676212" lon="-122.161474">
        <ele>4.150084</ele>
        <time>2023-07-15T23:27:27.007Z</time>
      </trkpt>
      <trkpt lat="37.676319" lon="-122.161568">
        <ele>4.188080</ele>
        <time>2023-07-15T23:27:30.007Z</time>
      </trkpt>
      <trkpt lat="37.676421" lon="-122.161660">
        <ele>4.224618</ele>
        <time>2023-07-15T23:27:33.007Z</time>
      </trkpt>
      <trkpt lat="37.676530" lon="-122.161744">
        <ele>4.261841</ele>
        <time>2023-07-15T23:27:36.007Z</time>
      </trkpt>
      <trkpt lat="37.676628" lon="-122.161842">
        <ele>4.298279</ele>
        <time>2023-07-15T23:27:39.007Z</time>
      </trkpt>
      <trkpt lat="37.676726" lon="-122.161933">
        <ele>4.333737</ele>
        <time>2023-07-15T23:27:42.007Z</time>
      </trkpt>
      <trkpt lat="37.676828" lon="-122.162017">
        <ele>4.369234</ele>
        <time>2023-07-15T23:27:45.006Z</time>
      </trkpt>
      <trkpt lat="37.676933" lon="-122.162110">
        <ele>4.310465</ele>
        <time>2023-07-15T23:27:48.007Z</time>
      </trkpt>
      <trkpt lat="37.677027" lon="-122.162199">
        <ele>4.235530</ele>
        <time>2023-07-15T23:27:51.007Z</time>
      </trkpt>
      <trkpt lat="37.677132" lon="-122.162276">
        <ele>4.158080</ele>
        <time>2023-07-15T23:27:54.007Z</time>
      </trkpt>
      <trkpt lat="37.677223" lon="-122.162363">
        <ele>4.085281</ele>
        <time>2023-07-15T23:27:57.007Z</time>
      </trkpt>
      <trkpt lat="37.677306" lon="-122.162428">
        <ele>4.022985</ele>
        <time>2023-07-15T23:28:00.007Z</time>
      </trkpt>
      <trkpt lat="37.677386" lon="-122.162498">
        <ele>3.960906</ele>
        <time>2023-07-15T23:28:02.007Z</time>
      </trkpt>
      <trkpt lat="37.677453" lon="-122.162586">
        <ele>3.899253</ele>
        <time>2023-07-15T23:28:04.007Z</time>
      </trkpt>
      <trkpt lat="37.677565" lon="-122.162668">
        <ele>3.816675</ele>
        <time>2023-07-15T23:28:07.007Z</time>
      </trkpt>
      <trkpt lat="37.677661" lon="-122.162779">
        <ele>3.733658</ele>
        <time>2023-07-15T23:28:10.007Z</time>
      </trkpt>
      <trkpt lat="37.677736" lon="-122.162912">
        <ele>3.651204</ele>
        <time>2023-07-15T23:28:13.007Z</time>
      </trkpt>
      <trkpt lat="37.677801" lon="-122.163028">
        <ele>3.579442</ele>
        <time>2023-07-15T23:28:15.007Z</time>
      </trkpt>
      <trkpt lat="37.677862" lon="-122.163179">
        <ele>3.493844</ele>
        <time>2023-07-15T23:28:17.007Z</time>
      </trkpt>
      <trkpt lat="37.677878" lon="-122.163349">
        <ele>3.407405</ele>
        <time>2023-07-15T23:28:19.007Z</time>
      </trkpt>
      <trkpt lat="37.677839" lon="-122.163511">
        <ele>3.321910</ele>
        <time>2023-07-15T23:28:21.007Z</time>
      </trkpt>
      <trkpt lat="37.677815" lon="-122.163658">
        <ele>3.246126</ele>
        <time>2023-07-15T23:28:23.007Z</time>
      </trkpt>
      <trkpt lat="37.677791" lon="-122.163811">
        <ele>3.210608</ele>
        <time>2023-07-15T23:28:25.007Z</time>
      </trkpt>
      <trkpt lat="37.677762" lon="-122.163963">
        <ele>3.187025</ele>
        <time>2023-07-15T23:28:27.007Z</time>
      </trkpt>
      <trkpt lat="37.677731" lon="-122.164110">
        <ele>3.164079</ele>
        <time>2023-07-15T23:28:29.007Z</time>
      </trkpt>
      <trkpt lat="37.677707" lon="-122.164260">
        <ele>3.140996</ele>
        <time>2023-07-15T23:28:31.007Z</time>
      </trkpt>
      <trkpt lat="37.677680" lon="-122.164399">
        <ele>3.119408</ele>
        <time>2023-07-15T23:28:33.007Z</time>
      </trkpt>
      <trkpt lat="37.677661" lon="-122.164528">
        <ele>3.099617</ele>
        <time>2023-07-15T23:28:35.007Z</time>
      </trkpt>
      <trkpt lat="37.677701" lon="-122.164667">
        <ele>3.077308</ele>
        <time>2023-07-15T23:28:37.007Z</time>
      </trkpt>
      <trkpt lat="37.677760" lon="-122.164786">
        <ele>3.056128</ele>
        <time>2023-07-15T23:28:39.007Z</time>
      </trkpt>
      <trkpt lat="37.677815" lon="-122.164898">
        <ele>3.036247</ele>
        <time>2023-07-15T23:28:41.007Z</time>
      </trkpt>
      <trkpt lat="37.677842" lon="-122.165033">
        <ele>3.015245</ele>
        <time>2023-07-15T23:28:43.007Z</time>
      </trkpt>
      <trkpt lat="37.677864" lon="-122.165167">
        <ele>2.994603</ele>
        <time>2023-07-15T23:28:45.007Z</time>
      </trkpt>
      <trkpt lat="37.677874" lon="-122.165294">
        <ele>2.975353</ele>
        <time>2023-07-15T23:28:47.007Z</time>
      </trkpt>
      <trkpt lat="37.677885" lon="-122.165419">
        <ele>2.956383</ele>
        <time>2023-07-15T23:28:49.007Z</time>
      </trkpt>
      <trkpt lat="37.677880" lon="-122.165534">
        <ele>2.939011</ele>
        <time>2023-07-15T23:28:51.007Z</time>
      </trkpt>
      <trkpt lat="37.677854" lon="-122.165643">
        <ele>2.921840</ele>
        <time>2023-07-15T23:28:53.007Z</time>
      </trkpt>
      <trkpt lat="37.677822" lon="-122.165750">
        <ele>2.904587</ele>
        <time>2023-07-15T23:28:55.007Z</time>
      </trkpt>
      <trkpt lat="37.677788" lon="-122.165857">
        <ele>2.887196</ele>
        <time>2023-07-15T23:28:57.007Z</time>
      </trkpt>
      <trkpt lat="37.677752" lon="-122.165973">
        <ele>2.904205</ele>
        <time>2023-07-15T23:28:59.007Z</time>
      </trkpt>
      <trkpt lat="37.677716" lon="-122.166086">
        <ele>2.922689</ele>
        <time>2023-07-15T23:29:01.007Z</time>
      </trkpt>
      <trkpt lat="37.677680" lon="-122.166197">
        <ele>2.940892</ele>
        <time>2023-07-15T23:29:03.007Z</time>
      </trkpt>
      <trkpt lat="37.677647" lon="-122.166304">
        <ele>2.958318</ele>
        <time>2023-07-15T23:29:05.007Z</time>
      </trkpt>
      <trkpt lat="37.677617" lon="-122.166425">
        <ele>2.977559</ele>
        <time>2023-07-15T23:29:07.007Z</time>
      </trkpt>
      <trkpt lat="37.677586" lon="-122.166549">
        <ele>2.997291</ele>
        <time>2023-07-15T23:29:09.007Z</time>
      </trkpt>
      <trkpt lat="37.677543" lon="-122.166665">
        <ele>3.016728</ele>
        <time>2023-07-15T23:29:11.007Z</time>
      </trkpt>
      <trkpt lat="37.677505" lon="-122.166785">
        <ele>3.036341</ele>
        <time>2023-07-15T23:29:13.007Z</time>
      </trkpt>
      <trkpt lat="37.677466" lon="-122.166905">
        <ele>3.056026</ele>
        <time>2023-07-15T23:29:15.007Z</time>
      </trkpt>
      <trkpt lat="37.677433" lon="-122.167022">
        <ele>3.074873</ele>
        <time>2023-07-15T23:29:17.007Z</time>
      </trkpt>
      <trkpt lat="37.677383" lon="-122.167136">
        <ele>3.094651</ele>
        <time>2023-07-15T23:29:19.007Z</time>
      </trkpt>
      <trkpt lat="37.677353" lon="-122.167260">
        <ele>3.114326</ele>
        <time>2023-07-15T23:29:21.007Z</time>
      </trkpt>
      <trkpt lat="37.677319" lon="-122.167374">
        <ele>3.132812</ele>
        <time>2023-07-15T23:29:23.007Z</time>
      </trkpt>
      <trkpt lat="37.677290" lon="-122.167485">
        <ele>3.150550</ele>
        <time>2023-07-15T23:29:25.007Z</time>
      </trkpt>
      <trkpt lat="37.677306" lon="-122.167636">
        <ele>3.173668</ele>
        <time>2023-07-15T23:29:28.007Z</time>
      </trkpt>
      <trkpt lat="37.677381" lon="-122.167765">
        <ele>3.197956</ele>
        <time>2023-07-15T23:29:31.007Z</time>
      </trkpt>
      <trkpt lat="37.677456" lon="-122.167887">
        <ele>3.221398</ele>
        <time>2023-07-15T23:29:34.007Z</time>
      </trkpt>
      <trkpt lat="37.677526" lon="-122.168002">
        <ele>3.197776</ele>
        <time>2023-07-15T23:29:37.007Z</time>
      </trkpt>
      <trkpt lat="37.677595" lon="-122.168115">
        <ele>3.139193</ele>
        <time>2023-07-15T23:29:40.007Z</time>
      </trkpt>
      <trkpt lat="37.677666" lon="-122.168230">
        <ele>3.079325</ele>
        <time>2023-07-15T23:29:43.007Z</time>
      </trkpt>
      <trkpt lat="37.677740" lon="-122.168353">
        <ele>3.015906</ele>
        <time>2023-07-15T23:29:46.007Z</time>
      </trkpt>
      <trkpt lat="37.677807" lon="-122.168476">
        <ele>2.954616</ele>
        <time>2023-07-15T23:29:49.007Z</time>
      </trkpt>
      <trkpt lat="37.677877" lon="-122.168575">
        <ele>2.900125</ele>
        <time>2023-07-15T23:29:52.007Z</time>
      </trkpt>
      <trkpt lat="37.677933" lon="-122.168682">
        <ele>2.847470</ele>
        <time>2023-07-15T23:29:55.007Z</time>
      </trkpt>
      <trkpt lat="37.677991" lon="-122.168788">
        <ele>2.794575</ele>
        <time>2023-07-15T23:29:58.007Z</time>
      </trkpt>
      <trkpt lat="37.678039" lon="-122.168904">
        <ele>2.740845</ele>
        <time>2023-07-15T23:30:01.007Z</time>
      </trkpt>
      <trkpt lat="37.678081" lon="-122.169024">
        <ele>2.686987</ele>
        <time>2023-07-15T23:30:04.007Z</time>
      </trkpt>
      <trkpt lat="37.678114" lon="-122.169149">
        <ele>2.632900</ele>
        <time>2023-07-15T23:30:07.007Z</time>
      </trkpt>
      <trkpt lat="37.678132" lon="-122.169282">
        <ele>2.577515</ele>
        <time>2023-07-15T23:30:10.007Z</time>
      </trkpt>
      <trkpt lat="37.678143" lon="-122.169418">
        <ele>2.521400</ele>
        <time>2023-07-15T23:30:13.007Z</time>
      </trkpt>
      <trkpt lat="37.678157" lon="-122.169558">
        <ele>2.463477</ele>
        <time>2023-07-15T23:30:16.007Z</time>
      </trkpt>
      <trkpt lat="37.678169" lon="-122.169702">
        <ele>2.404043</ele>
        <time>2023-07-15T23:30:19.007Z</time>
      </trkpt>
      <trkpt lat="37.678188" lon="-122.169852">
        <ele>2.341689</ele>
        <time>2023-07-15T23:30:22.007Z</time>
      </trkpt>
      <trkpt lat="37.678197" lon="-122.169996">
        <ele>2.288345</ele>
        <time>2023-07-15T23:30:25.007Z</time>
      </trkpt>
      <trkpt lat="37.678228" lon="-122.170137">
        <ele>2.250780</ele>
        <time>2023-07-15T23:30:28.007Z</time>
      </trkpt>
      <trkpt lat="37.678269" lon="-122.170265">
        <ele>2.215334</ele>
        <time>2023-07-15T23:30:31.007Z</time>
      </trkpt>
      <trkpt lat="37.678319" lon="-122.170388">
        <ele>2.179840</ele>
        <time>2023-07-15T23:30:34.007Z</time>
      </trkpt>
      <trkpt lat="37.678376" lon="-122.170504">
        <ele>2.144791</ele>
        <time>2023-07-15T23:30:37.007Z</time>
      </trkpt>
      <trkpt lat="37.678442" lon="-122.170618">
        <ele>2.108534</ele>
        <time>2023-07-15T23:30:40.007Z</time>
      </trkpt>
      <trkpt lat="37.678502" lon="-122.170736">
        <ele>2.072532</ele>
        <time>2023-07-15T23:30:43.007Z</time>
      </trkpt>
      <trkpt lat="37.678570" lon="-122.170848">
        <ele>2.036297</ele>
        <time>2023-07-15T23:30:46.007Z</time>
      </trkpt>
      <trkpt lat="37.678634" lon="-122.170967">
        <ele>1.999366</ele>
        <time>2023-07-15T23:30:49.007Z</time>
      </trkpt>
      <trkpt lat="37.678697" lon="-122.171083">
        <ele>1.963253</ele>
        <time>2023-07-15T23:30:52.007Z</time>
      </trkpt>
      <trkpt lat="37.678762" lon="-122.171192">
        <ele>1.928220</ele>
        <time>2023-07-15T23:30:55.007Z</time>
      </trkpt>
      <trkpt lat="37.678821" lon="-122.171305">
        <ele>1.893470</ele>
        <time>2023-07-15T23:30:58.007Z</time>
      </trkpt>
      <trkpt lat="37.678892" lon="-122.171415">
        <ele>1.857035</ele>
        <time>2023-07-15T23:31:01.007Z</time>
      </trkpt>
      <trkpt lat="37.678961" lon="-122.171518">
        <ele>1.822396</ele>
        <time>2023-07-15T23:31:04.007Z</time>
      </trkpt>
      <trkpt lat="37.679031" lon="-122.171614">
        <ele>1.788889</ele>
        <time>2023-07-15T23:31:07.007Z</time>
      </trkpt>
      <trkpt lat="37.679106" lon="-122.171716">
        <ele>1.753151</ele>
        <time>2023-07-15T23:31:10.007Z</time>
      </trkpt>
      <trkpt lat="37.679180" lon="-122.171812">
        <ele>1.718752</ele>
        <time>2023-07-15T23:31:13.007Z</time>
      </trkpt>
      <trkpt lat="37.679270" lon="-122.171895">
        <ele>1.702031</ele>
        <time>2023-07-15T23:31:16.007Z</time>
      </trkpt>
      <trkpt lat="37.679359" lon="-122.171982">
        <ele>1.687475</ele>
        <time>2023-07-15T23:31:19.007Z</time>
      </trkpt>
      <trkpt lat="37.679450" lon="-122.172062">
        <ele>1.673134</ele>
        <time>2023-07-15T23:31:22.005Z</time>
      </trkpt>
      <trkpt lat="37.679537" lon="-122.172150">
        <ele>1.658718</ele>
        <time>2023-07-15T23:31:25.003Z</time>
      </trkpt>
      <trkpt lat="37.679627" lon="-122.172229">
        <ele>1.644542</ele>
        <time>2023-07-15T23:31:28.001Z</time>
      </trkpt>
      <trkpt lat="37.679714" lon="-122.172312">
        <ele>1.630439</ele>
        <time>2023-07-15T23:31:31.000Z</time>
      </trkpt>
      <trkpt lat="37.679798" lon="-122.172395">
        <ele>1.616645</ele>
        <time>2023-07-15T23:31:33.998Z</time>
      </trkpt>
      <trkpt lat="37.679885" lon="-122.172476">
        <ele>1.602666</ele>
        <time>2023-07-15T23:31:36.997Z</time>
      </trkpt>
      <trkpt lat="37.679972" lon="-122.172570">
        <ele>1.587858</ele>
        <time>2023-07-15T23:31:39.997Z</time>
      </trkpt>
      <trkpt lat="37.680057" lon="-122.172658">
        <ele>1.573643</ele>
        <time>2023-07-15T23:31:42.996Z</time>
      </trkpt>
      <trkpt lat="37.680139" lon="-122.172739">
        <ele>1.560178</ele>
        <time>2023-07-15T23:31:45.995Z</time>
      </trkpt>
      <trkpt lat="37.680220" lon="-122.172825">
        <ele>1.546492</ele>
        <time>2023-07-15T23:31:48.995Z</time>
      </trkpt>
      <trkpt lat="37.680302" lon="-122.172901">
        <ele>1.533337</ele>
        <time>2023-07-15T23:31:51.995Z</time>
      </trkpt>
      <trkpt lat="37.680389" lon="-122.172971">
        <ele>1.519994</ele>
        <time>2023-07-15T23:31:54.995Z</time>
      </trkpt>
      <trkpt lat="37.680475" lon="-122.173037">
        <ele>1.506978</ele>
        <time>2023-07-15T23:31:57.994Z</time>
      </trkpt>
      <trkpt lat="37.680566" lon="-122.173100">
        <ele>1.493555</ele>
        <time>2023-07-15T23:32:00.994Z</time>
      </trkpt>
      <trkpt lat="37.680659" lon="-122.173175">
        <ele>1.489683</ele>
        <time>2023-07-15T23:32:03.994Z</time>
      </trkpt>
      <trkpt lat="37.680751" lon="-122.173243">
        <ele>1.524354</ele>
        <time>2023-07-15T23:32:06.994Z</time>
      </trkpt>
      <trkpt lat="37.680837" lon="-122.173317">
        <ele>1.558200</ele>
        <time>2023-07-15T23:32:09.994Z</time>
      </trkpt>
      <trkpt lat="37.680919" lon="-122.173381">
        <ele>1.589553</ele>
        <time>2023-07-15T23:32:12.994Z</time>
      </trkpt>
      <trkpt lat="37.681003" lon="-122.173454">
        <ele>1.622717</ele>
        <time>2023-07-15T23:32:15.994Z</time>
      </trkpt>
      <trkpt lat="37.681086" lon="-122.173520">
        <ele>1.654618</ele>
        <time>2023-07-15T23:32:18.994Z</time>
      </trkpt>
      <trkpt lat="37.681174" lon="-122.173586">
        <ele>1.687907</ele>
        <time>2023-07-15T23:32:21.994Z</time>
      </trkpt>
      <trkpt lat="37.681254" lon="-122.173657">
        <ele>1.719709</ele>
        <time>2023-07-15T23:32:24.994Z</time>
      </trkpt>
      <trkpt lat="37.681334" lon="-122.173733">
        <ele>1.752267</ele>
        <time>2023-07-15T23:32:27.994Z</time>
      </trkpt>
      <trkpt lat="37.681411" lon="-122.173819">
        <ele>1.785698</ele>
        <time>2023-07-15T23:32:30.994Z</time>
      </trkpt>
      <trkpt lat="37.681485" lon="-122.173911">
        <ele>1.819468</ele>
        <time>2023-07-15T23:32:33.994Z</time>
      </trkpt>
      <trkpt lat="37.681560" lon="-122.174011">
        <ele>1.854936</ele>
        <time>2023-07-15T23:32:36.994Z</time>
      </trkpt>
      <trkpt lat="37.681635" lon="-122.174124">
        <ele>1.892904</ele>
        <time>2023-07-15T23:32:39.994Z</time>
      </trkpt>
      <trkpt lat="37.681695" lon="-122.174236">
        <ele>1.927722</ele>
        <time>2023-07-15T23:32:42.994Z</time>
      </trkpt>
      <trkpt lat="37.681756" lon="-122.174337">
        <ele>1.960431</ele>
        <time>2023-07-15T23:32:45.993Z</time>
      </trkpt>
      <trkpt lat="37.681806" lon="-122.174445">
        <ele>1.992643</ele>
        <time>2023-07-15T23:32:48.993Z</time>
      </trkpt>
      <trkpt lat="37.681839" lon="-122.174555">
        <ele>2.022928</ele>
        <time>2023-07-15T23:32:51.993Z</time>
      </trkpt>
      <trkpt lat="37.681860" lon="-122.174679">
        <ele>2.055574</ele>
        <time>2023-07-15T23:32:54.993Z</time>
      </trkpt>
      <trkpt lat="37.681872" lon="-122.174810">
        <ele>2.089482</ele>
        <time>2023-07-15T23:32:57.993Z</time>
      </trkpt>
      <trkpt lat="37.681892" lon="-122.174947">
        <ele>2.125279</ele>
        <time>2023-07-15T23:33:00.993Z</time>
      </trkpt>
      <trkpt lat="37.681906" lon="-122.175082">
        <ele>2.160265</ele>
        <time>2023-07-15T23:33:03.993Z</time>
      </trkpt>
      <trkpt lat="37.681921" lon="-122.175232">
        <ele>2.199115</ele>
        <time>2023-07-15T23:33:06.993Z</time>
      </trkpt>
      <trkpt lat="37.681930" lon="-122.175371">
        <ele>2.234951</ele>
        <time>2023-07-15T23:33:09.993Z</time>
      </trkpt>
      <trkpt lat="37.681942" lon="-122.175518">
        <ele>2.272925</ele>
        <time>2023-07-15T23:33:12.993Z</time>
      </trkpt>
      <trkpt lat="37.681955" lon="-122.175661">
        <ele>2.309911</ele>
        <time>2023-07-15T23:33:15.993Z</time>
      </trkpt>
      <trkpt lat="37.681966" lon="-122.175798">
        <ele>2.345295</ele>
        <time>2023-07-15T23:33:18.993Z</time>
      </trkpt>
      <trkpt lat="37.681982" lon="-122.175916">
        <ele>2.376058</ele>
        <time>2023-07-15T23:33:21.993Z</time>
      </trkpt>
      <trkpt lat="37.682019" lon="-122.176120">
        <ele>2.429836</ele>
        <time>2023-07-15T23:34:05.994Z</time>
      </trkpt>
      <trkpt lat="37.682041" lon="-122.176259">
        <ele>2.466260</ele>
        <time>2023-07-15T23:34:09.994Z</time>
      </trkpt>
      <trkpt lat="37.682067" lon="-122.176390">
        <ele>2.500964</ele>
        <time>2023-07-15T23:34:13.993Z</time>
      </trkpt>
      <trkpt lat="37.682099" lon="-122.176498">
        <ele>2.530596</ele>
        <time>2023-07-15T23:34:16.993Z</time>
      </trkpt>
      <trkpt lat="37.682145" lon="-122.176601">
        <ele>2.560986</ele>
        <time>2023-07-15T23:34:19.993Z</time>
      </trkpt>
      <trkpt lat="37.682210" lon="-122.176698">
        <ele>2.593646</ele>
        <time>2023-07-15T23:34:22.993Z</time>
      </trkpt>
      <trkpt lat="37.682287" lon="-122.176772">
        <ele>2.625056</ele>
        <time>2023-07-15T23:34:25.993Z</time>
      </trkpt>
      <trkpt lat="37.682390" lon="-122.176855">
        <ele>2.649853</ele>
        <time>2023-07-15T23:34:29.993Z</time>
      </trkpt>
      <trkpt lat="37.682472" lon="-122.176910">
        <ele>2.646562</ele>
        <time>2023-07-15T23:34:32.993Z</time>
      </trkpt>
      <trkpt lat="37.682552" lon="-122.176994">
        <ele>2.642874</ele>
        <time>2023-07-15T23:34:35.993Z</time>
      </trkpt>
      <trkpt lat="37.682625" lon="-122.177090">
        <ele>2.639138</ele>
        <time>2023-07-15T23:34:38.993Z</time>
      </trkpt>
      <trkpt lat="37.682683" lon="-122.177203">
        <ele>2.635359</ele>
        <time>2023-07-15T23:34:41.993Z</time>
      </trkpt>
      <trkpt lat="37.682716" lon="-122.177326">
        <ele>2.631715</ele>
        <time>2023-07-15T23:34:44.993Z</time>
      </trkpt>
      <trkpt lat="37.682713" lon="-122.177458">
        <ele>2.628009</ele>
        <time>2023-07-15T23:34:47.993Z</time>
      </trkpt>
      <trkpt lat="37.682688" lon="-122.177582">
        <ele>2.624419</ele>
        <time>2023-07-15T23:34:50.993Z</time>
      </trkpt>
      <trkpt lat="37.682637" lon="-122.177700">
        <ele>2.620646</ele>
        <time>2023-07-15T23:34:53.993Z</time>
      </trkpt>
      <trkpt lat="37.682581" lon="-122.177814">
        <ele>2.616882</ele>
        <time>2023-07-15T23:34:56.993Z</time>
      </trkpt>
      <trkpt lat="37.682538" lon="-122.177934">
        <ele>2.613185</ele>
        <time>2023-07-15T23:34:59.993Z</time>
      </trkpt>
      <trkpt lat="37.682539" lon="-122.178062">
        <ele>2.609594</ele>
        <time>2023-07-15T23:35:02.993Z</time>
      </trkpt>
      <trkpt lat="37.682586" lon="-122.178182">
        <ele>2.605837</ele>
        <time>2023-07-15T23:35:05.993Z</time>
      </trkpt>
      <trkpt lat="37.682658" lon="-122.178263">
        <ele>2.602419</ele>
        <time>2023-07-15T23:35:08.993Z</time>
      </trkpt>
      <trkpt lat="37.682737" lon="-122.178330">
        <ele>2.599046</ele>
        <time>2023-07-15T23:35:11.993Z</time>
      </trkpt>
      <trkpt lat="37.682825" lon="-122.178376">
        <ele>2.595669</ele>
        <time>2023-07-15T23:35:14.993Z</time>
      </trkpt>
      <trkpt lat="37.682918" lon="-122.178435">
        <ele>2.591980</ele>
        <time>2023-07-15T23:35:17.993Z</time>
      </trkpt>
      <trkpt lat="37.683009" lon="-122.178485">
        <ele>2.588461</ele>
        <time>2023-07-15T23:35:20.993Z</time>
      </trkpt>
      <trkpt lat="37.683098" lon="-122.178540">
        <ele>2.594251</ele>
        <time>2023-07-15T23:35:23.993Z</time>
      </trkpt>
      <trkpt lat="37.683190" lon="-122.178588">
        <ele>2.603359</ele>
        <time>2023-07-15T23:35:26.993Z</time>
      </trkpt>
      <trkpt lat="37.683278" lon="-122.178638">
        <ele>2.612188</ele>
        <time>2023-07-15T23:35:29.993Z</time>
      </trkpt>
      <trkpt lat="37.683387" lon="-122.178704">
        <ele>2.623248</ele>
        <time>2023-07-15T23:35:33.993Z</time>
      </trkpt>
      <trkpt lat="37.683474" lon="-122.178756">
        <ele>2.632054</ele>
        <time>2023-07-15T23:35:36.993Z</time>
      </trkpt>
      <trkpt lat="37.683556" lon="-122.178811">
        <ele>2.640550</ele>
        <time>2023-07-15T23:35:39.993Z</time>
      </trkpt>
      <trkpt lat="37.683635" lon="-122.178867">
        <ele>2.648838</ele>
        <time>2023-07-15T23:35:42.993Z</time>
      </trkpt>
      <trkpt lat="37.683716" lon="-122.178919">
        <ele>2.657152</ele>
        <time>2023-07-15T23:35:45.993Z</time>
      </trkpt>
      <trkpt lat="37.683820" lon="-122.178981">
        <ele>2.667675</ele>
        <time>2023-07-15T23:35:49.993Z</time>
      </trkpt>
      <trkpt lat="37.683913" lon="-122.179042">
        <ele>2.677263</ele>
        <time>2023-07-15T23:35:52.993Z</time>
      </trkpt>
      <trkpt lat="37.684000" lon="-122.179108">
        <ele>2.686548</ele>
        <time>2023-07-15T23:35:55.993Z</time>
      </trkpt>
      <trkpt lat="37.684097" lon="-122.179165">
        <ele>2.696337</ele>
        <time>2023-07-15T23:35:58.993Z</time>
      </trkpt>
      <trkpt lat="37.684186" lon="-122.179228">
        <ele>2.705672</ele>
        <time>2023-07-15T23:36:01.993Z</time>
      </trkpt>
      <trkpt lat="37.684276" lon="-122.179288">
        <ele>2.714983</ele>
        <time>2023-07-15T23:36:04.993Z</time>
      </trkpt>
      <trkpt lat="37.684368" lon="-122.179345">
        <ele>2.724360</ele>
        <time>2023-07-15T23:36:07.993Z</time>
      </trkpt>
      <trkpt lat="37.684452" lon="-122.179401">
        <ele>2.733050</ele>
        <time>2023-07-15T23:36:10.992Z</time>
      </trkpt>
      <trkpt lat="37.684543" lon="-122.179460">
        <ele>2.742409</ele>
        <time>2023-07-15T23:36:13.993Z</time>
      </trkpt>
      <trkpt lat="37.684634" lon="-122.179513">
        <ele>2.751578</ele>
        <time>2023-07-15T23:36:16.992Z</time>
      </trkpt>
      <trkpt lat="37.684727" lon="-122.179567">
        <ele>2.760778</ele>
        <time>2023-07-15T23:36:19.992Z</time>
      </trkpt>
      <trkpt lat="37.684822" lon="-122.179617">
        <ele>2.770019</ele>
        <time>2023-07-15T23:36:22.992Z</time>
      </trkpt>
      <trkpt lat="37.684913" lon="-122.179671">
        <ele>2.779046</ele>
        <time>2023-07-15T23:36:25.992Z</time>
      </trkpt>
      <trkpt lat="37.685006" lon="-122.179725">
        <ele>2.788235</ele>
        <time>2023-07-15T23:36:28.992Z</time>
      </trkpt>
      <trkpt lat="37.685100" lon="-122.179784">
        <ele>2.797659</ele>
        <time>2023-07-15T23:36:31.992Z</time>
      </trkpt>
      <trkpt lat="37.685199" lon="-122.179840">
        <ele>2.807399</ele>
        <time>2023-07-15T23:36:34.992Z</time>
      </trkpt>
      <trkpt lat="37.685292" lon="-122.179903">
        <ele>2.816873</ele>
        <time>2023-07-15T23:36:37.992Z</time>
      </trkpt>
      <trkpt lat="37.685393" lon="-122.179957">
        <ele>2.826720</ele>
        <time>2023-07-15T23:36:40.992Z</time>
      </trkpt>
      <trkpt lat="37.685500" lon="-122.180005">
        <ele>2.836915</ele>
        <time>2023-07-15T23:36:43.992Z</time>
      </trkpt>
      <trkpt lat="37.685601" lon="-122.180040">
        <ele>2.846319</ele>
        <time>2023-07-15T23:36:46.992Z</time>
      </trkpt>
      <trkpt lat="37.685694" lon="-122.180069">
        <ele>2.854920</ele>
        <time>2023-07-15T23:36:49.992Z</time>
      </trkpt>
      <trkpt lat="37.685802" lon="-122.180107">
        <ele>2.864986</ele>
        <time>2023-07-15T23:36:52.992Z</time>
      </trkpt>
      <trkpt lat="37.685902" lon="-122.180164">
        <ele>2.874836</ele>
        <time>2023-07-15T23:36:55.992Z</time>
      </trkpt>
      <trkpt lat="37.685995" lon="-122.180207">
        <ele>2.883728</ele>
        <time>2023-07-15T23:36:58.992Z</time>
      </trkpt>
      <trkpt lat="37.686081" lon="-122.180252">
        <ele>2.892085</ele>
        <time>2023-07-15T23:37:01.992Z</time>
      </trkpt>
      <trkpt lat="37.686169" lon="-122.180286">
        <ele>2.900348</ele>
        <time>2023-07-15T23:37:04.992Z</time>
      </trkpt>
      <trkpt lat="37.686262" lon="-122.180323">
        <ele>2.909102</ele>
        <time>2023-07-15T23:37:07.992Z</time>
      </trkpt>
      <trkpt lat="37.686359" lon="-122.180362">
        <ele>2.917431</ele>
        <time>2023-07-15T23:37:10.992Z</time>
      </trkpt>
      <trkpt lat="37.686446" lon="-122.180417">
        <ele>2.924631</ele>
        <time>2023-07-15T23:37:13.992Z</time>
      </trkpt>
      <trkpt lat="37.686537" lon="-122.180466">
        <ele>2.931952</ele>
        <time>2023-07-15T23:37:16.992Z</time>
      </trkpt>
      <trkpt lat="37.686631" lon="-122.180533">
        <ele>2.939939</ele>
        <time>2023-07-15T23:37:19.992Z</time>
      </trkpt>
      <trkpt lat="37.686722" lon="-122.180602">
        <ele>2.947793</ele>
        <time>2023-07-15T23:37:22.992Z</time>
      </trkpt>
      <trkpt lat="37.686795" lon="-122.180671">
        <ele>2.954539</ele>
        <time>2023-07-15T23:37:25.992Z</time>
      </trkpt>
      <trkpt lat="37.686895" lon="-122.180749">
        <ele>2.963236</ele>
        <time>2023-07-15T23:37:29.992Z</time>
      </trkpt>
      <trkpt lat="37.686981" lon="-122.180794">
        <ele>2.970125</ele>
        <time>2023-07-15T23:37:33.992Z</time>
      </trkpt>
      <trkpt lat="37.687073" lon="-122.180827">
        <ele>2.977203</ele>
        <time>2023-07-15T23:37:37.992Z</time>
      </trkpt>
      <trkpt lat="37.687188" lon="-122.180865">
        <ele>2.986000</ele>
        <time>2023-07-15T23:37:41.992Z</time>
      </trkpt>
      <trkpt lat="37.687277" lon="-122.180906">
        <ele>2.993010</ele>
        <time>2023-07-15T23:37:44.992Z</time>
      </trkpt>
      <trkpt lat="37.687366" lon="-122.180957">
        <ele>3.000243</ele>
        <time>2023-07-15T23:37:47.992Z</time>
      </trkpt>
      <trkpt lat="37.687459" lon="-122.181008">
        <ele>3.007745</ele>
        <time>2023-07-15T23:37:50.992Z</time>
      </trkpt>
      <trkpt lat="37.687539" lon="-122.181068">
        <ele>3.014630</ele>
        <time>2023-07-15T23:37:53.992Z</time>
      </trkpt>
      <trkpt lat="37.687621" lon="-122.181115">
        <ele>3.021294</ele>
        <time>2023-07-15T23:37:56.992Z</time>
      </trkpt>
      <trkpt lat="37.687706" lon="-122.181167">
        <ele>3.028283</ele>
        <time>2023-07-15T23:37:59.992Z</time>
      </trkpt>
      <trkpt lat="37.687811" lon="-122.181221">
        <ele>3.036673</ele>
        <time>2023-07-15T23:38:03.992Z</time>
      </trkpt>
      <trkpt lat="37.687918" lon="-122.181283">
        <ele>3.045384</ele>
        <time>2023-07-15T23:38:07.992Z</time>
      </trkpt>
      <trkpt lat="37.688007" lon="-122.181341">
        <ele>3.035533</ele>
        <time>2023-07-15T23:38:10.993Z</time>
      </trkpt>
      <trkpt lat="37.688099" lon="-122.181397">
        <ele>3.021534</ele>
        <time>2023-07-15T23:38:13.993Z</time>
      </trkpt>
      <trkpt lat="37.688183" lon="-122.181463">
        <ele>3.007975</ele>
        <time>2023-07-15T23:38:16.993Z</time>
      </trkpt>
      <trkpt lat="37.688278" lon="-122.181531">
        <ele>2.993008</ele>
        <time>2023-07-15T23:38:19.993Z</time>
      </trkpt>
      <trkpt lat="37.688359" lon="-122.181592">
        <ele>2.980082</ele>
        <time>2023-07-15T23:38:22.993Z</time>
      </trkpt>
      <trkpt lat="37.688442" lon="-122.181656">
        <ele>2.966753</ele>
        <time>2023-07-15T23:38:25.993Z</time>
      </trkpt>
      <trkpt lat="37.688522" lon="-122.181720">
        <ele>2.953774</ele>
        <time>2023-07-15T23:38:28.993Z</time>
      </trkpt>
      <trkpt lat="37.688609" lon="-122.181767">
        <ele>2.940803</ele>
        <time>2023-07-15T23:38:31.993Z</time>
      </trkpt>
      <trkpt lat="37.688689" lon="-122.181859">
        <ele>2.925975</ele>
        <time>2023-07-15T23:38:34.993Z</time>
      </trkpt>
      <trkpt lat="37.688785" lon="-122.181942">
        <ele>2.910030</ele>
        <time>2023-07-15T23:38:37.993Z</time>
      </trkpt>
      <trkpt lat="37.688882" lon="-122.182022">
        <ele>2.894151</ele>
        <time>2023-07-15T23:38:40.993Z</time>
      </trkpt>
      <trkpt lat="37.688980" lon="-122.182096">
        <ele>2.878502</ele>
        <time>2023-07-15T23:38:43.993Z</time>
      </trkpt>
      <trkpt lat="37.689074" lon="-122.182176">
        <ele>2.862966</ele>
        <time>2023-07-15T23:38:46.993Z</time>
      </trkpt>
      <trkpt lat="37.689163" lon="-122.182257">
        <ele>2.847931</ele>
        <time>2023-07-15T23:38:49.993Z</time>
      </trkpt>
      <trkpt lat="37.689247" lon="-122.182327">
        <ele>2.834137</ele>
        <time>2023-07-15T23:38:52.993Z</time>
      </trkpt>
      <trkpt lat="37.689335" lon="-122.182399">
        <ele>2.819766</ele>
        <time>2023-07-15T23:38:55.992Z</time>
      </trkpt>
      <trkpt lat="37.689422" lon="-122.182471">
        <ele>2.805510</ele>
        <time>2023-07-15T23:38:58.992Z</time>
      </trkpt>
      <trkpt lat="37.689518" lon="-122.182545">
        <ele>2.869684</ele>
        <time>2023-07-15T23:39:01.992Z</time>
      </trkpt>
      <trkpt lat="37.689607" lon="-122.182629">
        <ele>2.974633</ele>
        <time>2023-07-15T23:39:04.992Z</time>
      </trkpt>
      <trkpt lat="37.689696" lon="-122.182699">
        <ele>3.073674</ele>
        <time>2023-07-15T23:39:07.992Z</time>
      </trkpt>
      <trkpt lat="37.689785" lon="-122.182774">
        <ele>3.174741</ele>
        <time>2023-07-15T23:39:10.992Z</time>
      </trkpt>
      <trkpt lat="37.689870" lon="-122.182851">
        <ele>3.273549</ele>
        <time>2023-07-15T23:39:13.992Z</time>
      </trkpt>
      <trkpt lat="37.689958" lon="-122.182931">
        <ele>3.375968</ele>
        <time>2023-07-15T23:39:16.992Z</time>
      </trkpt>
      <trkpt lat="37.690046" lon="-122.183009">
        <ele>3.477521</ele>
        <time>2023-07-15T23:39:19.992Z</time>
      </trkpt>
      <trkpt lat="37.690130" lon="-122.183102">
        <ele>3.583032</ele>
        <time>2023-07-15T23:39:22.992Z</time>
      </trkpt>
      <trkpt lat="37.690198" lon="-122.183210">
        <ele>3.686216</ele>
        <time>2023-07-15T23:39:25.992Z</time>
      </trkpt>
      <trkpt lat="37.690267" lon="-122.183311">
        <ele>3.785973</ele>
        <time>2023-07-15T23:39:28.992Z</time>
      </trkpt>
      <trkpt lat="37.690346" lon="-122.183392">
        <ele>3.882088</ele>
        <time>2023-07-15T23:39:31.992Z</time>
      </trkpt>
      <trkpt lat="37.690434" lon="-122.183467">
        <ele>3.982369</ele>
        <time>2023-07-15T23:39:34.992Z</time>
      </trkpt>
      <trkpt lat="37.690526" lon="-122.183535">
        <ele>4.083065</ele>
        <time>2023-07-15T23:39:37.992Z</time>
      </trkpt>
      <trkpt lat="37.690620" lon="-122.183604">
        <ele>4.185769</ele>
        <time>2023-07-15T23:39:40.992Z</time>
      </trkpt>
      <trkpt lat="37.690706" lon="-122.183654">
        <ele>4.275206</ele>
        <time>2023-07-15T23:39:43.992Z</time>
      </trkpt>
      <trkpt lat="37.690794" lon="-122.183686">
        <ele>4.361720</ele>
        <time>2023-07-15T23:39:46.992Z</time>
      </trkpt>
      <trkpt lat="37.690898" lon="-122.183656">
        <ele>4.462504</ele>
        <time>2023-07-15T23:39:49.992Z</time>
      </trkpt>
      <trkpt lat="37.691009" lon="-122.183671">
        <ele>4.531690</ele>
        <time>2023-07-15T23:39:52.992Z</time>
      </trkpt>
      <trkpt lat="37.691117" lon="-122.183696">
        <ele>4.580459</ele>
        <time>2023-07-15T23:39:55.992Z</time>
      </trkpt>
      <trkpt lat="37.691223" lon="-122.183731">
        <ele>4.629122</ele>
        <time>2023-07-15T23:39:58.992Z</time>
      </trkpt>
      <trkpt lat="37.691326" lon="-122.183778">
        <ele>4.677763</ele>
        <time>2023-07-15T23:40:01.992Z</time>
      </trkpt>
      <trkpt lat="37.691411" lon="-122.183815">
        <ele>4.717695</ele>
        <time>2023-07-15T23:40:04.992Z</time>
      </trkpt>
      <trkpt lat="37.691520" lon="-122.183835">
        <ele>4.766618</ele>
        <time>2023-07-15T23:40:10.992Z</time>
      </trkpt>
      <trkpt lat="37.691604" lon="-122.183907">
        <ele>4.811701</ele>
        <time>2023-07-15T23:40:14.992Z</time>
      </trkpt>
      <trkpt lat="37.691716" lon="-122.183966">
        <ele>4.865598</ele>
        <time>2023-07-15T23:40:18.992Z</time>
      </trkpt>
      <trkpt lat="37.691796" lon="-122.184021">
        <ele>4.906050</ele>
        <time>2023-07-15T23:40:21.992Z</time>
      </trkpt>
      <trkpt lat="37.691892" lon="-122.184101">
        <ele>4.957128</ele>
        <time>2023-07-15T23:40:25.992Z</time>
      </trkpt>
      <trkpt lat="37.691975" lon="-122.184169">
        <ele>5.001064</ele>
        <time>2023-07-15T23:40:28.992Z</time>
      </trkpt>
      <trkpt lat="37.692061" lon="-122.184244">
        <ele>5.047476</ele>
        <time>2023-07-15T23:40:31.992Z</time>
      </trkpt>
      <trkpt lat="37.692148" lon="-122.184313">
        <ele>5.093099</ele>
        <time>2023-07-15T23:40:34.992Z</time>
      </trkpt>
      <trkpt lat="37.692235" lon="-122.184372">
        <ele>5.136955</ele>
        <time>2023-07-15T23:40:37.992Z</time>
      </trkpt>
      <trkpt lat="37.692321" lon="-122.184437">
        <ele>5.181464</ele>
        <time>2023-07-15T23:40:40.992Z</time>
      </trkpt>
      <trkpt lat="37.692393" lon="-122.184509">
        <ele>5.222246</ele>
        <time>2023-07-15T23:40:43.992Z</time>
      </trkpt>
      <trkpt lat="37.692473" lon="-122.184573">
        <ele>5.264302</ele>
        <time>2023-07-15T23:40:46.992Z</time>
      </trkpt>
      <trkpt lat="37.692559" lon="-122.184616">
        <ele>5.297316</ele>
        <time>2023-07-15T23:40:49.992Z</time>
      </trkpt>
      <trkpt lat="37.692662" lon="-122.184622">
        <ele>5.290133</ele>
        <time>2023-07-15T23:40:52.992Z</time>
      </trkpt>
      <trkpt lat="37.692773" lon="-122.184675">
        <ele>5.281867</ele>
        <time>2023-07-15T23:40:55.992Z</time>
      </trkpt>
      <trkpt lat="37.692865" lon="-122.184724">
        <ele>5.274913</ele>
        <time>2023-07-15T23:40:58.992Z</time>
      </trkpt>
      <trkpt lat="37.692964" lon="-122.184771">
        <ele>5.267545</ele>
        <time>2023-07-15T23:41:01.992Z</time>
      </trkpt>
      <trkpt lat="37.693069" lon="-122.184817">
        <ele>5.259804</ele>
        <time>2023-07-15T23:41:04.992Z</time>
      </trkpt>
      <trkpt lat="37.693174" lon="-122.184857">
        <ele>5.252165</ele>
        <time>2023-07-15T23:41:07.992Z</time>
      </trkpt>
      <trkpt lat="37.693276" lon="-122.184894">
        <ele>5.244772</ele>
        <time>2023-07-15T23:41:10.992Z</time>
      </trkpt>
      <trkpt lat="37.693374" lon="-122.184933">
        <ele>5.237615</ele>
        <time>2023-07-15T23:41:13.992Z</time>
      </trkpt>
      <trkpt lat="37.693469" lon="-122.184966">
        <ele>5.230752</ele>
        <time>2023-07-15T23:41:16.992Z</time>
      </trkpt>
      <trkpt lat="37.693571" lon="-122.185004">
        <ele>5.223344</ele>
        <time>2023-07-15T23:41:19.992Z</time>
      </trkpt>
      <trkpt lat="37.693675" lon="-122.185052">
        <ele>5.215631</ele>
        <time>2023-07-15T23:41:22.992Z</time>
      </trkpt>
      <trkpt lat="37.693763" lon="-122.185101">
        <ele>5.208932</ele>
        <time>2023-07-15T23:41:25.992Z</time>
      </trkpt>
      <trkpt lat="37.693860" lon="-122.185153">
        <ele>5.201593</ele>
        <time>2023-07-15T23:41:28.992Z</time>
      </trkpt>
      <trkpt lat="37.693956" lon="-122.185204">
        <ele>5.194338</ele>
        <time>2023-07-15T23:41:31.992Z</time>
      </trkpt>
      <trkpt lat="37.694055" lon="-122.185248">
        <ele>5.187028</ele>
        <time>2023-07-15T23:41:34.992Z</time>
      </trkpt>
      <trkpt lat="37.694148" lon="-122.185308">
        <ele>5.179754</ele>
        <time>2023-07-15T23:41:37.992Z</time>
      </trkpt>
      <trkpt lat="37.694253" lon="-122.185368">
        <ele>5.164504</ele>
        <time>2023-07-15T23:41:40.992Z</time>
      </trkpt>
      <trkpt lat="37.694354" lon="-122.185428">
        <ele>5.116268</ele>
        <time>2023-07-15T23:41:43.992Z</time>
      </trkpt>
      <trkpt lat="37.694467" lon="-122.185493">
        <ele>5.062606</ele>
        <time>2023-07-15T23:41:46.992Z</time>
      </trkpt>
      <trkpt lat="37.694578" lon="-122.185554">
        <ele>5.010291</ele>
        <time>2023-07-15T23:41:49.992Z</time>
      </trkpt>
      <trkpt lat="37.694682" lon="-122.185627">
        <ele>4.958873</ele>
        <time>2023-07-15T23:41:52.992Z</time>
      </trkpt>
      <trkpt lat="37.694788" lon="-122.185695">
        <ele>4.907493</ele>
        <time>2023-07-15T23:41:55.992Z</time>
      </trkpt>
      <trkpt lat="37.694894" lon="-122.185776">
        <ele>4.853954</ele>
        <time>2023-07-15T23:41:58.992Z</time>
      </trkpt>
      <trkpt lat="37.695007" lon="-122.185855">
        <ele>4.798139</ele>
        <time>2023-07-15T23:42:01.992Z</time>
      </trkpt>
      <trkpt lat="37.695120" lon="-122.185947">
        <ele>4.740041</ele>
        <time>2023-07-15T23:42:04.992Z</time>
      </trkpt>
      <trkpt lat="37.695224" lon="-122.186034">
        <ele>4.686135</ele>
        <time>2023-07-15T23:42:07.992Z</time>
      </trkpt>
      <trkpt lat="37.695326" lon="-122.186118">
        <ele>4.633515</ele>
        <time>2023-07-15T23:42:10.992Z</time>
      </trkpt>
      <trkpt lat="37.695420" lon="-122.186197">
        <ele>4.584724</ele>
        <time>2023-07-15T23:42:13.991Z</time>
      </trkpt>
      <trkpt lat="37.695495" lon="-122.186288">
        <ele>4.539786</ele>
        <time>2023-07-15T23:42:16.991Z</time>
      </trkpt>
      <trkpt lat="37.695564" lon="-122.186365">
        <ele>4.500001</ele>
        <time>2023-07-15T23:42:19.991Z</time>
      </trkpt>
      <trkpt lat="37.695659" lon="-122.186433">
        <ele>4.452812</ele>
        <time>2023-07-15T23:42:29.992Z</time>
      </trkpt>
      <trkpt lat="37.695744" lon="-122.186526">
        <ele>4.404219</ele>
        <time>2023-07-15T23:42:32.991Z</time>
      </trkpt>
      <trkpt lat="37.695818" lon="-122.186616">
        <ele>4.375121</ele>
        <time>2023-07-15T23:42:35.992Z</time>
      </trkpt>
      <trkpt lat="37.695908" lon="-122.186692">
        <ele>4.348274</ele>
        <time>2023-07-15T23:42:38.992Z</time>
      </trkpt>
      <trkpt lat="37.695998" lon="-122.186774">
        <ele>4.320754</ele>
        <time>2023-07-15T23:42:41.992Z</time>
      </trkpt>
      <trkpt lat="37.696084" lon="-122.186859">
        <ele>4.293675</ele>
        <time>2023-07-15T23:42:44.992Z</time>
      </trkpt>
      <trkpt lat="37.696178" lon="-122.186939">
        <ele>4.265566</ele>
        <time>2023-07-15T23:42:47.992Z</time>
      </trkpt>
      <trkpt lat="37.696278" lon="-122.187032">
        <ele>4.234770</ele>
        <time>2023-07-15T23:42:50.991Z</time>
      </trkpt>
      <trkpt lat="37.696374" lon="-122.187115">
        <ele>4.205920</ele>
        <time>2023-07-15T23:42:53.991Z</time>
      </trkpt>
      <trkpt lat="37.696465" lon="-122.187187">
        <ele>4.179291</ele>
        <time>2023-07-15T23:42:56.991Z</time>
      </trkpt>
      <trkpt lat="37.696561" lon="-122.187276">
        <ele>4.149760</ele>
        <time>2023-07-15T23:42:59.991Z</time>
      </trkpt>
      <trkpt lat="37.696652" lon="-122.187362">
        <ele>4.121576</ele>
        <time>2023-07-15T23:43:02.991Z</time>
      </trkpt>
      <trkpt lat="37.696743" lon="-122.187444">
        <ele>4.093855</ele>
        <time>2023-07-15T23:43:05.991Z</time>
      </trkpt>
      <trkpt lat="37.696819" lon="-122.187523">
        <ele>4.069447</ele>
        <time>2023-07-15T23:43:11.991Z</time>
      </trkpt>
      <trkpt lat="37.696906" lon="-122.187586">
        <ele>4.044577</ele>
        <time>2023-07-15T23:43:14.991Z</time>
      </trkpt>
      <trkpt lat="37.696998" lon="-122.187653">
        <ele>4.018241</ele>
        <time>2023-07-15T23:43:17.991Z</time>
      </trkpt>
      <trkpt lat="37.697086" lon="-122.187716">
        <ele>3.993155</ele>
        <time>2023-07-15T23:43:20.991Z</time>
      </trkpt>
      <trkpt lat="37.697179" lon="-122.187785">
        <ele>3.966407</ele>
        <time>2023-07-15T23:43:23.991Z</time>
      </trkpt>
      <trkpt lat="37.697272" lon="-122.187859">
        <ele>3.950447</ele>
        <time>2023-07-15T23:43:26.991Z</time>
      </trkpt>
      <trkpt lat="37.697375" lon="-122.187923">
        <ele>3.952787</ele>
        <time>2023-07-15T23:43:29.991Z</time>
      </trkpt>
      <trkpt lat="37.697487" lon="-122.187979">
        <ele>3.955241</ele>
        <time>2023-07-15T23:43:32.991Z</time>
      </trkpt>
      <trkpt lat="37.697604" lon="-122.188043">
        <ele>3.957840</ele>
        <time>2023-07-15T23:43:35.991Z</time>
      </trkpt>
      <trkpt lat="37.697724" lon="-122.188099">
        <ele>3.960447</ele>
        <time>2023-07-15T23:43:38.991Z</time>
      </trkpt>
      <trkpt lat="37.697839" lon="-122.188163">
        <ele>3.963007</ele>
        <time>2023-07-15T23:43:41.991Z</time>
      </trkpt>
      <trkpt lat="37.697955" lon="-122.188216">
        <ele>3.965521</ele>
        <time>2023-07-15T23:43:44.991Z</time>
      </trkpt>
      <trkpt lat="37.698076" lon="-122.188275">
        <ele>3.968165</ele>
        <time>2023-07-15T23:43:47.991Z</time>
      </trkpt>
      <trkpt lat="37.698195" lon="-122.188332">
        <ele>3.970758</ele>
        <time>2023-07-15T23:43:50.991Z</time>
      </trkpt>
      <trkpt lat="37.698300" lon="-122.188394">
        <ele>3.973120</ele>
        <time>2023-07-15T23:43:53.991Z</time>
      </trkpt>
      <trkpt lat="37.698409" lon="-122.188444">
        <ele>3.975483</ele>
        <time>2023-07-15T23:43:56.991Z</time>
      </trkpt>
      <trkpt lat="37.698519" lon="-122.188498">
        <ele>3.977888</ele>
        <time>2023-07-15T23:43:59.991Z</time>
      </trkpt>
      <trkpt lat="37.698627" lon="-122.188553">
        <ele>3.980261</ele>
        <time>2023-07-15T23:44:02.991Z</time>
      </trkpt>
      <trkpt lat="37.698736" lon="-122.188608">
        <ele>3.982653</ele>
        <time>2023-07-15T23:44:05.991Z</time>
      </trkpt>
      <trkpt lat="37.698831" lon="-122.188669">
        <ele>3.984825</ele>
        <time>2023-07-15T23:44:08.991Z</time>
      </trkpt>
      <trkpt lat="37.698927" lon="-122.188728">
        <ele>3.981036</ele>
        <time>2023-07-15T23:44:11.991Z</time>
      </trkpt>
      <trkpt lat="37.699014" lon="-122.188796">
        <ele>3.966636</ele>
        <time>2023-07-15T23:44:14.991Z</time>
      </trkpt>
      <trkpt lat="37.699093" lon="-122.188864">
        <ele>3.953180</ele>
        <time>2023-07-15T23:44:17.991Z</time>
      </trkpt>
      <trkpt lat="37.699191" lon="-122.188950">
        <ele>3.936384</ele>
        <time>2023-07-15T23:44:21.991Z</time>
      </trkpt>
      <trkpt lat="37.699267" lon="-122.189012">
        <ele>3.923649</ele>
        <time>2023-07-15T23:44:31.991Z</time>
      </trkpt>
      <trkpt lat="37.699417" lon="-122.189180">
        <ele>3.895434</ele>
        <time>2023-07-15T23:45:19.990Z</time>
      </trkpt>
      <trkpt lat="37.699493" lon="-122.189245">
        <ele>3.882516</ele>
        <time>2023-07-15T23:45:22.990Z</time>
      </trkpt>
      <trkpt lat="37.699584" lon="-122.189295">
        <ele>3.868547</ele>
        <time>2023-07-15T23:45:25.990Z</time>
      </trkpt>
      <trkpt lat="37.699687" lon="-122.189349">
        <ele>3.852848</ele>
        <time>2023-07-15T23:45:28.990Z</time>
      </trkpt>
      <trkpt lat="37.699793" lon="-122.189399">
        <ele>3.836920</ele>
        <time>2023-07-15T23:45:31.990Z</time>
      </trkpt>
      <trkpt lat="37.699912" lon="-122.189432">
        <ele>3.819769</ele>
        <time>2023-07-15T23:45:34.990Z</time>
      </trkpt>
      <trkpt lat="37.700035" lon="-122.189465">
        <ele>3.802068</ele>
        <time>2023-07-15T23:45:37.990Z</time>
      </trkpt>
      <trkpt lat="37.700155" lon="-122.189486">
        <ele>3.785013</ele>
        <time>2023-07-15T23:45:40.990Z</time>
      </trkpt>
      <trkpt lat="37.700268" lon="-122.189484">
        <ele>3.769104</ele>
        <time>2023-07-15T23:45:43.990Z</time>
      </trkpt>
      <trkpt lat="37.700388" lon="-122.189471">
        <ele>3.752148</ele>
        <time>2023-07-15T23:45:46.990Z</time>
      </trkpt>
      <trkpt lat="37.700513" lon="-122.189444">
        <ele>3.734296</ele>
        <time>2023-07-15T23:45:49.990Z</time>
      </trkpt>
      <trkpt lat="37.700637" lon="-122.189380">
        <ele>3.774363</ele>
        <time>2023-07-15T23:45:52.990Z</time>
      </trkpt>
      <trkpt lat="37.700717" lon="-122.189324">
        <ele>3.804599</ele>
        <time>2023-07-15T23:45:54.990Z</time>
      </trkpt>
      <trkpt lat="37.700797" lon="-122.189263">
        <ele>3.835489</ele>
        <time>2023-07-15T23:45:56.990Z</time>
      </trkpt>
      <trkpt lat="37.700889" lon="-122.189201">
        <ele>3.869960</ele>
        <time>2023-07-15T23:45:58.990Z</time>
      </trkpt>
      <trkpt lat="37.700969" lon="-122.189143">
        <ele>3.900453</ele>
        <time>2023-07-15T23:46:00.990Z</time>
      </trkpt>
      <trkpt lat="37.701042" lon="-122.189072">
        <ele>3.930908</ele>
        <time>2023-07-15T23:46:02.990Z</time>
      </trkpt>
      <trkpt lat="37.701103" lon="-122.188978">
        <ele>3.962710</ele>
        <time>2023-07-15T23:46:06.990Z</time>
      </trkpt>
      <trkpt lat="37.701203" lon="-122.188979">
        <ele>3.995773</ele>
        <time>2023-07-15T23:46:23.990Z</time>
      </trkpt>
      <trkpt lat="37.701281" lon="-122.189073">
        <ele>4.031406</ele>
        <time>2023-07-15T23:46:27.990Z</time>
      </trkpt>
      <trkpt lat="37.701389" lon="-122.189141">
        <ele>4.071299</ele>
        <time>2023-07-15T23:46:30.990Z</time>
      </trkpt>
      <trkpt lat="37.701478" lon="-122.189190">
        <ele>4.103395</ele>
        <time>2023-07-15T23:46:33.990Z</time>
      </trkpt>
      <trkpt lat="37.701590" lon="-122.189215">
        <ele>4.140998</ele>
        <time>2023-07-15T23:46:37.991Z</time>
      </trkpt>
      <trkpt lat="37.701694" lon="-122.189231">
        <ele>4.175636</ele>
        <time>2023-07-15T23:46:40.990Z</time>
      </trkpt>
      <trkpt lat="37.701798" lon="-122.189256">
        <ele>4.210637</ele>
        <time>2023-07-15T23:46:43.990Z</time>
      </trkpt>
      <trkpt lat="37.701906" lon="-122.189284">
        <ele>4.247088</ele>
        <time>2023-07-15T23:46:46.990Z</time>
      </trkpt>
      <trkpt lat="37.702015" lon="-122.189305">
        <ele>4.283542</ele>
        <time>2023-07-15T23:46:49.990Z</time>
      </trkpt>
      <trkpt lat="37.702114" lon="-122.189329">
        <ele>4.316870</ele>
        <time>2023-07-15T23:46:52.990Z</time>
      </trkpt>
      <trkpt lat="37.702214" lon="-122.189345">
        <ele>4.347032</ele>
        <time>2023-07-15T23:46:55.990Z</time>
      </trkpt>
      <trkpt lat="37.702316" lon="-122.189364">
        <ele>4.376322</ele>
        <time>2023-07-15T23:46:58.990Z</time>
      </trkpt>
      <trkpt lat="37.702415" lon="-122.189408">
        <ele>4.406136</ele>
        <time>2023-07-15T23:47:01.990Z</time>
      </trkpt>
      <trkpt lat="37.702516" lon="-122.189458">
        <ele>4.436952</ele>
        <time>2023-07-15T23:47:04.990Z</time>
      </trkpt>
      <trkpt lat="37.702621" lon="-122.189441">
        <ele>4.467025</ele>
        <time>2023-07-15T23:47:07.990Z</time>
      </trkpt>
      <trkpt lat="37.702738" lon="-122.189471">
        <ele>4.500942</ele>
        <time>2023-07-15T23:47:10.990Z</time>
      </trkpt>
      <trkpt lat="37.702863" lon="-122.189498">
        <ele>4.536968</ele>
        <time>2023-07-15T23:47:13.990Z</time>
      </trkpt>
      <trkpt lat="37.702998" lon="-122.189531">
        <ele>4.576032</ele>
        <time>2023-07-15T23:47:16.990Z</time>
      </trkpt>
      <trkpt lat="37.703098" lon="-122.189554">
        <ele>4.604907</ele>
        <time>2023-07-15T23:47:18.990Z</time>
      </trkpt>
      <trkpt lat="37.703199" lon="-122.189572">
        <ele>4.633885</ele>
        <time>2023-07-15T23:47:20.990Z</time>
      </trkpt>
      <trkpt lat="37.703297" lon="-122.189599">
        <ele>4.662380</ele>
        <time>2023-07-15T23:47:22.990Z</time>
      </trkpt>
      <trkpt lat="37.703392" lon="-122.189629">
        <ele>4.690198</ele>
        <time>2023-07-15T23:47:24.990Z</time>
      </trkpt>
      <trkpt lat="37.703496" lon="-122.189649">
        <ele>4.720084</ele>
        <time>2023-07-15T23:47:26.990Z</time>
      </trkpt>
      <trkpt lat="37.703607" lon="-122.189647">
        <ele>4.751622</ele>
        <time>2023-07-15T23:47:28.990Z</time>
      </trkpt>
      <trkpt lat="37.703708" lon="-122.189670">
        <ele>4.780777</ele>
        <time>2023-07-15T23:47:30.990Z</time>
      </trkpt>
      <trkpt lat="37.703809" lon="-122.189692">
        <ele>4.809894</ele>
        <time>2023-07-15T23:47:32.990Z</time>
      </trkpt>
      <trkpt lat="37.703913" lon="-122.189714">
        <ele>4.838780</ele>
        <time>2023-07-15T23:47:34.990Z</time>
      </trkpt>
      <trkpt lat="37.704013" lon="-122.189735">
        <ele>4.840956</ele>
        <time>2023-07-15T23:47:36.990Z</time>
      </trkpt>
      <trkpt lat="37.704113" lon="-122.189753">
        <ele>4.843124</ele>
        <time>2023-07-15T23:47:38.990Z</time>
      </trkpt>
      <trkpt lat="37.704206" lon="-122.189777">
        <ele>4.845161</ele>
        <time>2023-07-15T23:47:40.990Z</time>
      </trkpt>
      <trkpt lat="37.704299" lon="-122.189803">
        <ele>4.847206</ele>
        <time>2023-07-15T23:47:42.990Z</time>
      </trkpt>
      <trkpt lat="37.704398" lon="-122.189827">
        <ele>4.849370</ele>
        <time>2023-07-15T23:47:44.990Z</time>
      </trkpt>
      <trkpt lat="37.704490" lon="-122.189847">
        <ele>4.851374</ele>
        <time>2023-07-15T23:47:46.990Z</time>
      </trkpt>
      <trkpt lat="37.704584" lon="-122.189872">
        <ele>4.853435</ele>
        <time>2023-07-15T23:47:48.990Z</time>
      </trkpt>
      <trkpt lat="37.704717" lon="-122.189911">
        <ele>4.856366</ele>
        <time>2023-07-15T23:47:51.990Z</time>
      </trkpt>
      <trkpt lat="37.704807" lon="-122.189934">
        <ele>4.858337</ele>
        <time>2023-07-15T23:47:53.990Z</time>
      </trkpt>
      <trkpt lat="37.704913" lon="-122.189957">
        <ele>4.860646</ele>
        <time>2023-07-15T23:47:56.990Z</time>
      </trkpt>
      <trkpt lat="37.705011" lon="-122.189999">
        <ele>4.862867</ele>
        <time>2023-07-15T23:48:00.990Z</time>
      </trkpt>
      <trkpt lat="37.705105" lon="-122.190037">
        <ele>4.864986</ele>
        <time>2023-07-15T23:48:03.990Z</time>
      </trkpt>
      <trkpt lat="37.705210" lon="-122.190080">
        <ele>4.867355</ele>
        <time>2023-07-15T23:48:06.990Z</time>
      </trkpt>
      <trkpt lat="37.705307" lon="-122.190146">
        <ele>4.869720</ele>
        <time>2023-07-15T23:48:09.990Z</time>
      </trkpt>
      <trkpt lat="37.705409" lon="-122.190209">
        <ele>4.872156</ele>
        <time>2023-07-15T23:48:12.990Z</time>
      </trkpt>
      <trkpt lat="37.705514" lon="-122.190272">
        <ele>4.874651</ele>
        <time>2023-07-15T23:48:15.990Z</time>
      </trkpt>
      <trkpt lat="37.705624" lon="-122.190345">
        <ele>4.877661</ele>
        <time>2023-07-15T23:48:18.990Z</time>
      </trkpt>
      <trkpt lat="37.705724" lon="-122.190417">
        <ele>4.929375</ele>
        <time>2023-07-15T23:48:21.990Z</time>
      </trkpt>
      <trkpt lat="37.705829" lon="-122.190489">
        <ele>4.983052</ele>
        <time>2023-07-15T23:48:24.990Z</time>
      </trkpt>
      <trkpt lat="37.705932" lon="-122.190557">
        <ele>5.035267</ele>
        <time>2023-07-15T23:48:27.990Z</time>
      </trkpt>
      <trkpt lat="37.706047" lon="-122.190638">
        <ele>5.094423</ele>
        <time>2023-07-15T23:48:30.990Z</time>
      </trkpt>
      <trkpt lat="37.706131" lon="-122.190690">
        <ele>5.136452</ele>
        <time>2023-07-15T23:48:32.990Z</time>
      </trkpt>
      <trkpt lat="37.706214" lon="-122.190747">
        <ele>5.178897</ele>
        <time>2023-07-15T23:48:34.990Z</time>
      </trkpt>
      <trkpt lat="37.706303" lon="-122.190800">
        <ele>5.223105</ele>
        <time>2023-07-15T23:48:36.990Z</time>
      </trkpt>
      <trkpt lat="37.706423" lon="-122.190871">
        <ele>5.282641</ele>
        <time>2023-07-15T23:48:39.990Z</time>
      </trkpt>
      <trkpt lat="37.706511" lon="-122.190918">
        <ele>5.325569</ele>
        <time>2023-07-15T23:48:41.990Z</time>
      </trkpt>
      <trkpt lat="37.706600" lon="-122.190961">
        <ele>5.368382</ele>
        <time>2023-07-15T23:48:43.990Z</time>
      </trkpt>
      <trkpt lat="37.706686" lon="-122.191028">
        <ele>5.413777</ele>
        <time>2023-07-15T23:48:45.990Z</time>
      </trkpt>
      <trkpt lat="37.706780" lon="-122.191087">
        <ele>5.460936</ele>
        <time>2023-07-15T23:48:47.989Z</time>
      </trkpt>
      <trkpt lat="37.706869" lon="-122.191144">
        <ele>5.505768</ele>
        <time>2023-07-15T23:48:49.990Z</time>
      </trkpt>
      <trkpt lat="37.706958" lon="-122.191203">
        <ele>5.550926</ele>
        <time>2023-07-15T23:48:51.990Z</time>
      </trkpt>
      <trkpt lat="37.707049" lon="-122.191261">
        <ele>5.596721</ele>
        <time>2023-07-15T23:48:53.990Z</time>
      </trkpt>
      <trkpt lat="37.707145" lon="-122.191327">
        <ele>5.645826</ele>
        <time>2023-07-15T23:48:55.990Z</time>
      </trkpt>
      <trkpt lat="37.707251" lon="-122.191386">
        <ele>5.694632</ele>
        <time>2023-07-15T23:48:57.990Z</time>
      </trkpt>
      <trkpt lat="37.707345" lon="-122.191450">
        <ele>5.730038</ele>
        <time>2023-07-15T23:48:59.990Z</time>
      </trkpt>
      <trkpt lat="37.707436" lon="-122.191510">
        <ele>5.764074</ele>
        <time>2023-07-15T23:49:01.990Z</time>
      </trkpt>
      <trkpt lat="37.707525" lon="-122.191570">
        <ele>5.797523</ele>
        <time>2023-07-15T23:49:03.990Z</time>
      </trkpt>
      <trkpt lat="37.707613" lon="-122.191623">
        <ele>5.829848</ele>
        <time>2023-07-15T23:49:05.990Z</time>
      </trkpt>
      <trkpt lat="37.707689" lon="-122.191692">
        <ele>5.860878</ele>
        <time>2023-07-15T23:49:07.990Z</time>
      </trkpt>
      <trkpt lat="37.707763" lon="-122.191758">
        <ele>5.890912</ele>
        <time>2023-07-15T23:49:09.990Z</time>
      </trkpt>
      <trkpt lat="37.707833" lon="-122.191838">
        <ele>5.922206</ele>
        <time>2023-07-15T23:49:11.990Z</time>
      </trkpt>
      <trkpt lat="37.707909" lon="-122.191913">
        <ele>5.954180</ele>
        <time>2023-07-15T23:49:13.990Z</time>
      </trkpt>
      <trkpt lat="37.708001" lon="-122.191982">
        <ele>5.989655</ele>
        <time>2023-07-15T23:49:15.990Z</time>
      </trkpt>
      <trkpt lat="37.708081" lon="-122.192064">
        <ele>6.023810</ele>
        <time>2023-07-15T23:49:17.990Z</time>
      </trkpt>
      <trkpt lat="37.708173" lon="-122.192130">
        <ele>6.058890</ele>
        <time>2023-07-15T23:49:19.990Z</time>
      </trkpt>
      <trkpt lat="37.708255" lon="-122.192177">
        <ele>6.088747</ele>
        <time>2023-07-15T23:49:21.990Z</time>
      </trkpt>
      <trkpt lat="37.708384" lon="-122.192213">
        <ele>6.132556</ele>
        <time>2023-07-15T23:49:24.990Z</time>
      </trkpt>
      <trkpt lat="37.708512" lon="-122.192255">
        <ele>6.176409</ele>
        <time>2023-07-15T23:49:27.990Z</time>
      </trkpt>
      <trkpt lat="37.708610" lon="-122.192275">
        <ele>6.209328</ele>
        <time>2023-07-15T23:49:29.990Z</time>
      </trkpt>
      <trkpt lat="37.708711" lon="-122.192298">
        <ele>6.243360</ele>
        <time>2023-07-15T23:49:31.990Z</time>
      </trkpt>
      <trkpt lat="37.708816" lon="-122.192294">
        <ele>6.278195</ele>
        <time>2023-07-15T23:49:33.990Z</time>
      </trkpt>
      <trkpt lat="37.708918" lon="-122.192287">
        <ele>6.490740</ele>
        <time>2023-07-15T23:49:35.990Z</time>
      </trkpt>
      <trkpt lat="37.709008" lon="-122.192293">
        <ele>6.698000</ele>
        <time>2023-07-15T23:49:37.990Z</time>
      </trkpt>
      <trkpt lat="37.709104" lon="-122.192281">
        <ele>6.919848</ele>
        <time>2023-07-15T23:49:59.989Z</time>
      </trkpt>
      <trkpt lat="37.709200" lon="-122.192274">
        <ele>7.140986</ele>
        <time>2023-07-15T23:50:05.989Z</time>
      </trkpt>
      <trkpt lat="37.709313" lon="-122.192271">
        <ele>7.400908</ele>
        <time>2023-07-15T23:50:10.989Z</time>
      </trkpt>
      <trkpt lat="37.709467" lon="-122.192890">
        <ele>8.581455</ele>
        <time>2023-07-15T23:50:24.989Z</time>
      </trkpt>
      <trkpt lat="37.709429" lon="-122.193027">
        <ele>8.845580</ele>
        <time>2023-07-15T23:50:28.989Z</time>
      </trkpt>
      <trkpt lat="37.709372" lon="-122.193148">
        <ele>9.101792</ele>
        <time>2023-07-15T23:50:32.989Z</time>
      </trkpt>
      <trkpt lat="37.709300" lon="-122.193219">
        <ele>9.311796</ele>
        <time>2023-07-15T23:50:35.989Z</time>
      </trkpt>
      <trkpt lat="37.709220" lon="-122.193293">
        <ele>9.539771</ele>
        <time>2023-07-15T23:50:38.989Z</time>
      </trkpt>
      <trkpt lat="37.709138" lon="-122.193357">
        <ele>9.761398</ele>
        <time>2023-07-15T23:50:41.989Z</time>
      </trkpt>
      <trkpt lat="37.709044" lon="-122.193421">
        <ele>10.006934</ele>
        <time>2023-07-15T23:50:44.990Z</time>
      </trkpt>
      <trkpt lat="37.708957" lon="-122.193469">
        <ele>10.225236</ele>
        <time>2023-07-15T23:50:47.989Z</time>
      </trkpt>
      <trkpt lat="37.708864" lon="-122.193508">
        <ele>10.459062</ele>
        <time>2023-07-15T23:50:50.989Z</time>
      </trkpt>
      <trkpt lat="37.708765" lon="-122.193526">
        <ele>10.749592</ele>
        <time>2023-07-15T23:50:53.990Z</time>
      </trkpt>
      <trkpt lat="37.708674" lon="-122.193544">
        <ele>11.017142</ele>
        <time>2023-07-15T23:50:56.989Z</time>
      </trkpt>
      <trkpt lat="37.708576" lon="-122.193553">
        <ele>11.302558</ele>
        <time>2023-07-15T23:50:59.989Z</time>
      </trkpt>
      <trkpt lat="37.708472" lon="-122.193581">
        <ele>11.611428</ele>
        <time>2023-07-15T23:51:02.989Z</time>
      </trkpt>
      <trkpt lat="37.708365" lon="-122.193644">
        <ele>11.954302</ele>
        <time>2023-07-15T23:51:06.989Z</time>
      </trkpt>
      <trkpt lat="37.708274" lon="-122.193656">
        <ele>12.220069</ele>
        <time>2023-07-15T23:51:09.989Z</time>
      </trkpt>
      <trkpt lat="37.708180" lon="-122.193665">
        <ele>12.493898</ele>
        <time>2023-07-15T23:51:12.989Z</time>
      </trkpt>
      <trkpt lat="37.708069" lon="-122.193683">
        <ele>12.818968</ele>
        <time>2023-07-15T23:51:16.989Z</time>
      </trkpt>
      <trkpt lat="37.707953" lon="-122.193704">
        <ele>13.159357</ele>
        <time>2023-07-15T23:51:20.989Z</time>
      </trkpt>
      <trkpt lat="37.707859" lon="-122.193712">
        <ele>13.433022</ele>
        <time>2023-07-15T23:51:23.989Z</time>
      </trkpt>
      <trkpt lat="37.707770" lon="-122.193756">
        <ele>13.710616</ele>
        <time>2023-07-15T23:51:26.989Z</time>
      </trkpt>
      <trkpt lat="37.707679" lon="-122.193796">
        <ele>13.990476</ele>
        <time>2023-07-15T23:51:30.989Z</time>
      </trkpt>
      <trkpt lat="37.707591" lon="-122.193860">
        <ele>14.285386</ele>
        <time>2023-07-15T23:51:34.989Z</time>
      </trkpt>
      <trkpt lat="37.707490" lon="-122.193914">
        <ele>14.603932</ele>
        <time>2023-07-15T23:51:38.989Z</time>
      </trkpt>
      <trkpt lat="37.707392" lon="-122.193982">
        <ele>14.928670</ele>
        <time>2023-07-15T23:51:42.989Z</time>
      </trkpt>
      <trkpt lat="37.707306" lon="-122.194037">
        <ele>15.208634</ele>
        <time>2023-07-15T23:51:46.989Z</time>
      </trkpt>
      <trkpt lat="37.707210" lon="-122.194068">
        <ele>15.496446</ele>
        <time>2023-07-15T23:51:50.989Z</time>
      </trkpt>
      <trkpt lat="37.707105" lon="-122.194087">
        <ele>15.576829</ele>
        <time>2023-07-15T23:51:54.989Z</time>
      </trkpt>
      <trkpt lat="37.706990" lon="-122.194111">
        <ele>15.438431</ele>
        <time>2023-07-15T23:51:58.989Z</time>
      </trkpt>
      <trkpt lat="37.706884" lon="-122.194104">
        <ele>15.312396</ele>
        <time>2023-07-15T23:52:01.989Z</time>
      </trkpt>
      <trkpt lat="37.706769" lon="-122.194078">
        <ele>15.173680</ele>
        <time>2023-07-15T23:52:04.989Z</time>
      </trkpt>
      <trkpt lat="37.706645" lon="-122.194067">
        <ele>15.026082</ele>
        <time>2023-07-15T23:52:07.988Z</time>
      </trkpt>
      <trkpt lat="37.706526" lon="-122.194027">
        <ele>14.879872</ele>
        <time>2023-07-15T23:52:10.988Z</time>
      </trkpt>
      <trkpt lat="37.706400" lon="-122.193988">
        <ele>14.725841</ele>
        <time>2023-07-15T23:52:13.988Z</time>
      </trkpt>
      <trkpt lat="37.706280" lon="-122.193950">
        <ele>14.578951</ele>
        <time>2023-07-15T23:52:16.988Z</time>
      </trkpt>
      <trkpt lat="37.706156" lon="-122.193906">
        <ele>14.426023</ele>
        <time>2023-07-15T23:52:19.988Z</time>
      </trkpt>
      <trkpt lat="37.706069" lon="-122.193869">
        <ele>14.317030</ele>
        <time>2023-07-15T23:52:21.988Z</time>
      </trkpt>
      <trkpt lat="37.705978" lon="-122.193839">
        <ele>14.205363</ele>
        <time>2023-07-15T23:52:23.988Z</time>
      </trkpt>
      <trkpt lat="37.705889" lon="-122.193797">
        <ele>14.092561</ele>
        <time>2023-07-15T23:52:25.988Z</time>
      </trkpt>
      <trkpt lat="37.705793" lon="-122.193742">
        <ele>13.967408</ele>
        <time>2023-07-15T23:52:27.988Z</time>
      </trkpt>
      <trkpt lat="37.705696" lon="-122.193689">
        <ele>13.841931</ele>
        <time>2023-07-15T23:52:29.988Z</time>
      </trkpt>
      <trkpt lat="37.705609" lon="-122.193621">
        <ele>13.720473</ele>
        <time>2023-07-15T23:52:31.988Z</time>
      </trkpt>
      <trkpt lat="37.705516" lon="-122.193548">
        <ele>13.590485</ele>
        <time>2023-07-15T23:52:33.988Z</time>
      </trkpt>
      <trkpt lat="37.705433" lon="-122.193474">
        <ele>13.380240</ele>
        <time>2023-07-15T23:52:35.988Z</time>
      </trkpt>
      <trkpt lat="37.705348" lon="-122.193387">
        <ele>12.938623</ele>
        <time>2023-07-15T23:52:37.988Z</time>
      </trkpt>
      <trkpt lat="37.705271" lon="-122.193293">
        <ele>12.506387</ele>
        <time>2023-07-15T23:52:39.988Z</time>
      </trkpt>
      <trkpt lat="37.705189" lon="-122.193187">
        <ele>12.032806</ele>
        <time>2023-07-15T23:52:41.988Z</time>
      </trkpt>
      <trkpt lat="37.705088" lon="-122.193111">
        <ele>11.558204</ele>
        <time>2023-07-15T23:52:43.988Z</time>
      </trkpt>
      <trkpt lat="37.704989" lon="-122.193158">
        <ele>11.131208</ele>
        <time>2023-07-15T23:52:45.988Z</time>
      </trkpt>
      <trkpt lat="37.704885" lon="-122.193240">
        <ele>10.636287</ele>
        <time>2023-07-15T23:52:47.988Z</time>
      </trkpt>
      <trkpt lat="37.704767" lon="-122.193307">
        <ele>10.113976</ele>
        <time>2023-07-15T23:52:49.988Z</time>
      </trkpt>
      <trkpt lat="37.704639" lon="-122.193361">
        <ele>9.569125</ele>
        <time>2023-07-15T23:52:51.988Z</time>
      </trkpt>
      <trkpt lat="37.704507" lon="-122.193420">
        <ele>9.003809</ele>
        <time>2023-07-15T23:52:53.988Z</time>
      </trkpt>
      <trkpt lat="37.704369" lon="-122.193474">
        <ele>8.420519</ele>
        <time>2023-07-15T23:52:55.989Z</time>
      </trkpt>
      <trkpt lat="37.704224" lon="-122.193532">
        <ele>7.806438</ele>
        <time>2023-07-15T23:52:57.989Z</time>
      </trkpt>
      <trkpt lat="37.704079" lon="-122.193590">
        <ele>7.192358</ele>
        <time>2023-07-15T23:52:59.989Z</time>
      </trkpt>
      <trkpt lat="37.703939" lon="-122.193664">
        <ele>6.579645</ele>
        <time>2023-07-15T23:53:01.988Z</time>
      </trkpt>
      <trkpt lat="37.703811" lon="-122.193764">
        <ele>6.169023</ele>
        <time>2023-07-15T23:53:03.989Z</time>
      </trkpt>
      <trkpt lat="37.703715" lon="-122.193889">
        <ele>6.014259</ele>
        <time>2023-07-15T23:53:05.989Z</time>
      </trkpt>
      <trkpt lat="37.703636" lon="-122.194008">
        <ele>5.876253</ele>
        <time>2023-07-15T23:53:07.989Z</time>
      </trkpt>
      <trkpt lat="37.703565" lon="-122.194123">
        <ele>5.746662</ele>
        <time>2023-07-15T23:53:09.989Z</time>
      </trkpt>
      <trkpt lat="37.703498" lon="-122.194243">
        <ele>5.616181</ele>
        <time>2023-07-15T23:53:11.989Z</time>
      </trkpt>
      <trkpt lat="37.703436" lon="-122.194366">
        <ele>5.486615</ele>
        <time>2023-07-15T23:53:13.989Z</time>
      </trkpt>
      <trkpt lat="37.703396" lon="-122.194504">
        <ele>5.356046</ele>
        <time>2023-07-15T23:53:15.989Z</time>
      </trkpt>
      <trkpt lat="37.703378" lon="-122.194644">
        <ele>5.230038</ele>
        <time>2023-07-15T23:53:17.989Z</time>
      </trkpt>
      <trkpt lat="37.703360" lon="-122.194782">
        <ele>5.105783</ele>
        <time>2023-07-15T23:53:19.989Z</time>
      </trkpt>
      <trkpt lat="37.703340" lon="-122.194920">
        <ele>4.981144</ele>
        <time>2023-07-15T23:53:21.989Z</time>
      </trkpt>
      <trkpt lat="37.703324" lon="-122.195059">
        <ele>4.856355</ele>
        <time>2023-07-15T23:53:23.989Z</time>
      </trkpt>
      <trkpt lat="37.703309" lon="-122.195194">
        <ele>4.735244</ele>
        <time>2023-07-15T23:53:25.989Z</time>
      </trkpt>
      <trkpt lat="37.703295" lon="-122.195332">
        <ele>4.611640</ele>
        <time>2023-07-15T23:53:27.989Z</time>
      </trkpt>
      <trkpt lat="37.703282" lon="-122.195462">
        <ele>4.495228</ele>
        <time>2023-07-15T23:53:29.989Z</time>
      </trkpt>
      <trkpt lat="37.703275" lon="-122.195588">
        <ele>4.383014</ele>
        <time>2023-07-15T23:53:31.989Z</time>
      </trkpt>
      <trkpt lat="37.703267" lon="-122.195716">
        <ele>4.268943</ele>
        <time>2023-07-15T23:53:33.989Z</time>
      </trkpt>
      <trkpt lat="37.703264" lon="-122.195842">
        <ele>4.183599</ele>
        <time>2023-07-15T23:53:35.989Z</time>
      </trkpt>
      <trkpt lat="37.703259" lon="-122.195962">
        <ele>4.118494</ele>
        <time>2023-07-15T23:53:37.989Z</time>
      </trkpt>
      <trkpt lat="37.703266" lon="-122.196084">
        <ele>4.052222</ele>
        <time>2023-07-15T23:53:39.989Z</time>
      </trkpt>
      <trkpt lat="37.703270" lon="-122.196202">
        <ele>3.988232</ele>
        <time>2023-07-15T23:53:41.989Z</time>
      </trkpt>
      <trkpt lat="37.703275" lon="-122.196326">
        <ele>3.920962</ele>
        <time>2023-07-15T23:53:43.989Z</time>
      </trkpt>
      <trkpt lat="37.703290" lon="-122.196454">
        <ele>3.850857</ele>
        <time>2023-07-15T23:53:45.989Z</time>
      </trkpt>
      <trkpt lat="37.703301" lon="-122.196578">
        <ele>3.783253</ele>
        <time>2023-07-15T23:53:47.989Z</time>
      </trkpt>
      <trkpt lat="37.703317" lon="-122.196700">
        <ele>3.716253</ele>
        <time>2023-07-15T23:53:49.989Z</time>
      </trkpt>
      <trkpt lat="37.703330" lon="-122.196819">
        <ele>3.651168</ele>
        <time>2023-07-15T23:53:51.989Z</time>
      </trkpt>
      <trkpt lat="37.703343" lon="-122.196937">
        <ele>3.586620</ele>
        <time>2023-07-15T23:53:53.989Z</time>
      </trkpt>
      <trkpt lat="37.703353" lon="-122.197059">
        <ele>3.520168</ele>
        <time>2023-07-15T23:53:55.989Z</time>
      </trkpt>
      <trkpt lat="37.703368" lon="-122.197176">
        <ele>3.455952</ele>
        <time>2023-07-15T23:53:57.989Z</time>
      </trkpt>
      <trkpt lat="37.703389" lon="-122.197295">
        <ele>3.389894</ele>
        <time>2023-07-15T23:53:59.989Z</time>
      </trkpt>
      <trkpt lat="37.703408" lon="-122.197407">
        <ele>3.327835</ele>
        <time>2023-07-15T23:54:01.989Z</time>
      </trkpt>
      <trkpt lat="37.703433" lon="-122.197563">
        <ele>3.241599</ele>
        <time>2023-07-15T23:54:04.989Z</time>
      </trkpt>
      <trkpt lat="37.703460" lon="-122.197708">
        <ele>3.160893</ele>
        <time>2023-07-15T23:54:07.989Z</time>
      </trkpt>
      <trkpt lat="37.703494" lon="-122.197858">
        <ele>3.076356</ele>
        <time>2023-07-15T23:54:10.988Z</time>
      </trkpt>
      <trkpt lat="37.703542" lon="-122.198002">
        <ele>2.994255</ele>
        <time>2023-07-15T23:54:13.988Z</time>
      </trkpt>
      <trkpt lat="37.703580" lon="-122.198150">
        <ele>3.025041</ele>
        <time>2023-07-15T23:54:16.988Z</time>
      </trkpt>
      <trkpt lat="37.703619" lon="-122.198298">
        <ele>3.055905</ele>
        <time>2023-07-15T23:54:19.988Z</time>
      </trkpt>
      <trkpt lat="37.703669" lon="-122.198444">
        <ele>3.087382</ele>
        <time>2023-07-15T23:54:22.988Z</time>
      </trkpt>
      <trkpt lat="37.703711" lon="-122.198597">
        <ele>3.119424</ele>
        <time>2023-07-15T23:54:25.988Z</time>
      </trkpt>
      <trkpt lat="37.703764" lon="-122.198747">
        <ele>3.151927</ele>
        <time>2023-07-15T23:54:28.988Z</time>
      </trkpt>
      <trkpt lat="37.703825" lon="-122.198895">
        <ele>3.184944</ele>
        <time>2023-07-15T23:54:31.988Z</time>
      </trkpt>
      <trkpt lat="37.703890" lon="-122.199043">
        <ele>3.218436</ele>
        <time>2023-07-15T23:54:34.988Z</time>
      </trkpt>
      <trkpt lat="37.703950" lon="-122.199193">
        <ele>3.251691</ele>
        <time>2023-07-15T23:54:37.988Z</time>
      </trkpt>
      <trkpt lat="37.704015" lon="-122.199330">
        <ele>3.283297</ele>
        <time>2023-07-15T23:54:40.988Z</time>
      </trkpt>
      <trkpt lat="37.704085" lon="-122.199469">
        <ele>3.315897</ele>
        <time>2023-07-15T23:54:43.988Z</time>
      </trkpt>
      <trkpt lat="37.704157" lon="-122.199608">
        <ele>3.348769</ele>
        <time>2023-07-15T23:54:46.988Z</time>
      </trkpt>
      <trkpt lat="37.704233" lon="-122.199733">
        <ele>3.379960</ele>
        <time>2023-07-15T23:54:49.988Z</time>
      </trkpt>
      <trkpt lat="37.704305" lon="-122.199860">
        <ele>3.410872</ele>
        <time>2023-07-15T23:54:52.988Z</time>
      </trkpt>
      <trkpt lat="37.704385" lon="-122.199987">
        <ele>3.442991</ele>
        <time>2023-07-15T23:54:55.988Z</time>
      </trkpt>
      <trkpt lat="37.704471" lon="-122.200115">
        <ele>3.440293</ele>
        <time>2023-07-15T23:54:58.988Z</time>
      </trkpt>
      <trkpt lat="37.704562" lon="-122.200231">
        <ele>3.437271</ele>
        <time>2023-07-15T23:55:01.988Z</time>
      </trkpt>
      <trkpt lat="37.704652" lon="-122.200350">
        <ele>3.434226</ele>
        <time>2023-07-15T23:55:04.988Z</time>
      </trkpt>
      <trkpt lat="37.704742" lon="-122.200468">
        <ele>3.431194</ele>
        <time>2023-07-15T23:55:07.988Z</time>
      </trkpt>
      <trkpt lat="37.704805" lon="-122.200550">
        <ele>3.429080</ele>
        <time>2023-07-15T23:55:09.988Z</time>
      </trkpt>
      <trkpt lat="37.704905" lon="-122.200663">
        <ele>3.425944</ele>
        <time>2023-07-15T23:55:12.988Z</time>
      </trkpt>
      <trkpt lat="37.704974" lon="-122.200745">
        <ele>3.423729</ele>
        <time>2023-07-15T23:55:14.988Z</time>
      </trkpt>
      <trkpt lat="37.705041" lon="-122.200827">
        <ele>3.421549</ele>
        <time>2023-07-15T23:55:16.988Z</time>
      </trkpt>
      <trkpt lat="37.705143" lon="-122.200935">
        <ele>3.418438</ele>
        <time>2023-07-15T23:55:19.988Z</time>
      </trkpt>
      <trkpt lat="37.705251" lon="-122.201025">
        <ele>3.415414</ele>
        <time>2023-07-15T23:55:22.988Z</time>
      </trkpt>
      <trkpt lat="37.705317" lon="-122.201106">
        <ele>3.413263</ele>
        <time>2023-07-15T23:55:24.988Z</time>
      </trkpt>
      <trkpt lat="37.705393" lon="-122.201170">
        <ele>3.411128</ele>
        <time>2023-07-15T23:55:26.988Z</time>
      </trkpt>
      <trkpt lat="37.705498" lon="-122.201259">
        <ele>3.408172</ele>
        <time>2023-07-15T23:55:29.988Z</time>
      </trkpt>
      <trkpt lat="37.705611" lon="-122.201338">
        <ele>3.405153</ele>
        <time>2023-07-15T23:55:32.988Z</time>
      </trkpt>
      <trkpt lat="37.705690" lon="-122.201397">
        <ele>3.403008</ele>
        <time>2023-07-15T23:55:34.988Z</time>
      </trkpt>
      <trkpt lat="37.705770" lon="-122.201459">
        <ele>3.398409</ele>
        <time>2023-07-15T23:55:36.988Z</time>
      </trkpt>
      <trkpt lat="37.705850" lon="-122.201519">
        <ele>3.385743</ele>
        <time>2023-07-15T23:55:38.988Z</time>
      </trkpt>
      <trkpt lat="37.705935" lon="-122.201569">
        <ele>3.372978</ele>
        <time>2023-07-15T23:55:40.988Z</time>
      </trkpt>
      <trkpt lat="37.706052" lon="-122.201646">
        <ele>3.355018</ele>
        <time>2023-07-15T23:55:43.988Z</time>
      </trkpt>
      <trkpt lat="37.706160" lon="-122.201712">
        <ele>3.338685</ele>
        <time>2023-07-15T23:55:46.988Z</time>
      </trkpt>
      <trkpt lat="37.706398" lon="-122.201839">
        <ele>3.303510</ele>
        <time>2023-07-15T23:56:53.987Z</time>
      </trkpt>
      <trkpt lat="37.706494" lon="-122.201891">
        <ele>3.289290</ele>
        <time>2023-07-15T23:56:57.987Z</time>
      </trkpt>
      <trkpt lat="37.706595" lon="-122.201941">
        <ele>3.274521</ele>
        <time>2023-07-15T23:57:01.987Z</time>
      </trkpt>
      <trkpt lat="37.706687" lon="-122.202003">
        <ele>3.260326</ele>
        <time>2023-07-15T23:57:05.988Z</time>
      </trkpt>
      <trkpt lat="37.706786" lon="-122.202027">
        <ele>3.246601</ele>
        <time>2023-07-15T23:57:09.988Z</time>
      </trkpt>
      <trkpt lat="37.706874" lon="-122.202059">
        <ele>3.234133</ele>
        <time>2023-07-15T23:57:13.987Z</time>
      </trkpt>
      <trkpt lat="37.706970" lon="-122.202092">
        <ele>3.220588</ele>
        <time>2023-07-15T23:57:18.988Z</time>
      </trkpt>
      <trkpt lat="37.707060" lon="-122.202121">
        <ele>3.207942</ele>
        <time>2023-07-15T23:57:22.988Z</time>
      </trkpt>
      <trkpt lat="37.707166" lon="-122.202151">
        <ele>3.193152</ele>
        <time>2023-07-15T23:57:26.988Z</time>
      </trkpt>
      <trkpt lat="37.707275" lon="-122.202179">
        <ele>3.178008</ele>
        <time>2023-07-15T23:57:30.988Z</time>
      </trkpt>
      <trkpt lat="37.707380" lon="-122.202200">
        <ele>3.163534</ele>
        <time>2023-07-15T23:57:34.988Z</time>
      </trkpt>
      <trkpt lat="37.707482" lon="-122.202221">
        <ele>3.153898</ele>
        <time>2023-07-15T23:57:38.988Z</time>
      </trkpt>
      <trkpt lat="37.707584" lon="-122.202241">
        <ele>3.148806</ele>
        <time>2023-07-15T23:57:42.988Z</time>
      </trkpt>
      <trkpt lat="37.707684" lon="-122.202255">
        <ele>3.143842</ele>
        <time>2023-07-15T23:57:46.988Z</time>
      </trkpt>
      <trkpt lat="37.707989" lon="-122.202343">
        <ele>3.128408</ele>
        <time>2023-07-16T00:10:29.964Z</time>
      </trkpt>
      <trkpt lat="37.708108" lon="-122.202355">
        <ele>3.122518</ele>
        <time>2023-07-16T00:10:32.964Z</time>
      </trkpt>
      <trkpt lat="37.708222" lon="-122.202369">
        <ele>3.116867</ele>
        <time>2023-07-16T00:10:35.964Z</time>
      </trkpt>
      <trkpt lat="37.708353" lon="-122.202379">
        <ele>3.110392</ele>
        <time>2023-07-16T00:10:38.964Z</time>
      </trkpt>
      <trkpt lat="37.708483" lon="-122.202383">
        <ele>3.103977</ele>
        <time>2023-07-16T00:10:41.964Z</time>
      </trkpt>
      <trkpt lat="37.708605" lon="-122.202376">
        <ele>3.097952</ele>
        <time>2023-07-16T00:10:44.964Z</time>
      </trkpt>
      <trkpt lat="37.708731" lon="-122.202359">
        <ele>3.091700</ele>
        <time>2023-07-16T00:10:47.964Z</time>
      </trkpt>
      <trkpt lat="37.708854" lon="-122.202342">
        <ele>3.085595</ele>
        <time>2023-07-16T00:10:50.964Z</time>
      </trkpt>
      <trkpt lat="37.708987" lon="-122.202322">
        <ele>3.078987</ele>
        <time>2023-07-16T00:10:53.964Z</time>
      </trkpt>
      <trkpt lat="37.709081" lon="-122.202301">
        <ele>3.074278</ele>
        <time>2023-07-16T00:10:55.964Z</time>
      </trkpt>
      <trkpt lat="37.709170" lon="-122.202287">
        <ele>3.069853</ele>
        <time>2023-07-16T00:10:57.964Z</time>
      </trkpt>
      <trkpt lat="37.709302" lon="-122.202255">
        <ele>3.104915</ele>
        <time>2023-07-16T00:11:00.964Z</time>
      </trkpt>
      <trkpt lat="37.709393" lon="-122.202238">
        <ele>3.142814</ele>
        <time>2023-07-16T00:11:02.964Z</time>
      </trkpt>
      <trkpt lat="37.709483" lon="-122.202214">
        <ele>3.180710</ele>
        <time>2023-07-16T00:11:04.964Z</time>
      </trkpt>
      <trkpt lat="37.709575" lon="-122.202179">
        <ele>3.220293</ele>
        <time>2023-07-16T00:11:06.964Z</time>
      </trkpt>
      <trkpt lat="37.709670" lon="-122.202146">
        <ele>3.260884</ele>
        <time>2023-07-16T00:11:08.963Z</time>
      </trkpt>
      <trkpt lat="37.709764" lon="-122.202111">
        <ele>3.301257</ele>
        <time>2023-07-16T00:11:10.963Z</time>
      </trkpt>
      <trkpt lat="37.709857" lon="-122.202082">
        <ele>3.340722</ele>
        <time>2023-07-16T00:11:12.963Z</time>
      </trkpt>
      <trkpt lat="37.709948" lon="-122.202042">
        <ele>3.380415</ele>
        <time>2023-07-16T00:11:14.963Z</time>
      </trkpt>
      <trkpt lat="37.710035" lon="-122.202002">
        <ele>3.418557</ele>
        <time>2023-07-16T00:11:16.963Z</time>
      </trkpt>
      <trkpt lat="37.710120" lon="-122.201959">
        <ele>3.456277</ele>
        <time>2023-07-16T00:11:18.963Z</time>
      </trkpt>
      <trkpt lat="37.710244" lon="-122.201900">
        <ele>3.510864</ele>
        <time>2023-07-16T00:11:21.963Z</time>
      </trkpt>
      <trkpt lat="37.710359" lon="-122.201814">
        <ele>3.565914</ele>
        <time>2023-07-16T00:11:24.963Z</time>
      </trkpt>
      <trkpt lat="37.710439" lon="-122.201759">
        <ele>3.603434</ele>
        <time>2023-07-16T00:11:26.963Z</time>
      </trkpt>
      <trkpt lat="37.710516" lon="-122.201698">
        <ele>3.640873</ele>
        <time>2023-07-16T00:11:28.963Z</time>
      </trkpt>
      <trkpt lat="37.710599" lon="-122.201641">
        <ele>3.679790</ele>
        <time>2023-07-16T00:11:30.963Z</time>
      </trkpt>
      <trkpt lat="37.710683" lon="-122.201587">
        <ele>3.718616</ele>
        <time>2023-07-16T00:11:32.963Z</time>
      </trkpt>
      <trkpt lat="37.710769" lon="-122.201541">
        <ele>3.757089</ele>
        <time>2023-07-16T00:11:34.963Z</time>
      </trkpt>
      <trkpt lat="37.710865" lon="-122.201527">
        <ele>3.796903</ele>
        <time>2023-07-16T00:11:36.963Z</time>
      </trkpt>
      <trkpt lat="37.710961" lon="-122.201557">
        <ele>3.821713</ele>
        <time>2023-07-16T00:11:38.963Z</time>
      </trkpt>
      <trkpt lat="37.711059" lon="-122.201612">
        <ele>3.841559</ele>
        <time>2023-07-16T00:11:40.963Z</time>
      </trkpt>
      <trkpt lat="37.711151" lon="-122.201670">
        <ele>3.860588</ele>
        <time>2023-07-16T00:11:42.963Z</time>
      </trkpt>
      <trkpt lat="37.711248" lon="-122.201719">
        <ele>3.879922</ele>
        <time>2023-07-16T00:11:44.963Z</time>
      </trkpt>
      <trkpt lat="37.711341" lon="-122.201779">
        <ele>3.899248</ele>
        <time>2023-07-16T00:11:46.963Z</time>
      </trkpt>
      <trkpt lat="37.711429" lon="-122.201835">
        <ele>3.917483</ele>
        <time>2023-07-16T00:11:48.963Z</time>
      </trkpt>
      <trkpt lat="37.711521" lon="-122.201880">
        <ele>3.935741</ele>
        <time>2023-07-16T00:11:50.963Z</time>
      </trkpt>
      <trkpt lat="37.711611" lon="-122.201930">
        <ele>3.953937</ele>
        <time>2023-07-16T00:11:52.963Z</time>
      </trkpt>
      <trkpt lat="37.711698" lon="-122.201985">
        <ele>3.971941</ele>
        <time>2023-07-16T00:11:54.963Z</time>
      </trkpt>
      <trkpt lat="37.711787" lon="-122.202035">
        <ele>3.989968</ele>
        <time>2023-07-16T00:11:56.963Z</time>
      </trkpt>
      <trkpt lat="37.711876" lon="-122.202076">
        <ele>4.007501</ele>
        <time>2023-07-16T00:11:58.963Z</time>
      </trkpt>
      <trkpt lat="37.711971" lon="-122.202094">
        <ele>4.025281</ele>
        <time>2023-07-16T00:12:00.963Z</time>
      </trkpt>
      <trkpt lat="37.712067" lon="-122.202048">
        <ele>4.044283</ele>
        <time>2023-07-16T00:12:02.963Z</time>
      </trkpt>
      <trkpt lat="37.712124" lon="-122.201943">
        <ele>4.062929</ele>
        <time>2023-07-16T00:12:04.963Z</time>
      </trkpt>
      <trkpt lat="37.712151" lon="-122.201817">
        <ele>4.082043</ele>
        <time>2023-07-16T00:12:06.963Z</time>
      </trkpt>
      <trkpt lat="37.712189" lon="-122.201691">
        <ele>4.101787</ele>
        <time>2023-07-16T00:12:08.963Z</time>
      </trkpt>
      <trkpt lat="37.712222" lon="-122.201561">
        <ele>4.121778</ele>
        <time>2023-07-16T00:12:10.963Z</time>
      </trkpt>
      <trkpt lat="37.712260" lon="-122.201440">
        <ele>4.140840</ele>
        <time>2023-07-16T00:12:12.963Z</time>
      </trkpt>
      <trkpt lat="37.712294" lon="-122.201309">
        <ele>4.209053</ele>
        <time>2023-07-16T00:12:14.963Z</time>
      </trkpt>
      <trkpt lat="37.712328" lon="-122.201188">
        <ele>4.274393</ele>
        <time>2023-07-16T00:12:16.963Z</time>
      </trkpt>
      <trkpt lat="37.712358" lon="-122.201069">
        <ele>4.337947</ele>
        <time>2023-07-16T00:12:18.963Z</time>
      </trkpt>
      <trkpt lat="37.712405" lon="-122.200911">
        <ele>4.423843</ele>
        <time>2023-07-16T00:12:21.962Z</time>
      </trkpt>
      <trkpt lat="37.712434" lon="-122.200798">
        <ele>4.484293</ele>
        <time>2023-07-16T00:12:23.962Z</time>
      </trkpt>
      <trkpt lat="37.712462" lon="-122.200681">
        <ele>4.546494</ele>
        <time>2023-07-16T00:12:25.962Z</time>
      </trkpt>
      <trkpt lat="37.712485" lon="-122.200568">
        <ele>4.605867</ele>
        <time>2023-07-16T00:12:27.962Z</time>
      </trkpt>
      <trkpt lat="37.712521" lon="-122.200460">
        <ele>4.665503</ele>
        <time>2023-07-16T00:12:29.962Z</time>
      </trkpt>
      <trkpt lat="37.712558" lon="-122.200342">
        <ele>4.730092</ele>
        <time>2023-07-16T00:12:31.962Z</time>
      </trkpt>
      <trkpt lat="37.712599" lon="-122.200228">
        <ele>4.793815</ele>
        <time>2023-07-16T00:12:33.962Z</time>
      </trkpt>
      <trkpt lat="37.712629" lon="-122.200105">
        <ele>4.859311</ele>
        <time>2023-07-16T00:12:35.962Z</time>
      </trkpt>
      <trkpt lat="37.712661" lon="-122.199986">
        <ele>4.923268</ele>
        <time>2023-07-16T00:12:37.962Z</time>
      </trkpt>
      <trkpt lat="37.712697" lon="-122.199864">
        <ele>4.989526</ele>
        <time>2023-07-16T00:12:39.962Z</time>
      </trkpt>
      <trkpt lat="37.712730" lon="-122.199745">
        <ele>5.053692</ele>
        <time>2023-07-16T00:12:41.962Z</time>
      </trkpt>
      <trkpt lat="37.712763" lon="-122.199621">
        <ele>5.120264</ele>
        <time>2023-07-16T00:12:43.962Z</time>
      </trkpt>
      <trkpt lat="37.712792" lon="-122.199499">
        <ele>5.185086</ele>
        <time>2023-07-16T00:12:45.962Z</time>
      </trkpt>
      <trkpt lat="37.712803" lon="-122.199373">
        <ele>5.249591</ele>
        <time>2023-07-16T00:12:47.962Z</time>
      </trkpt>
      <trkpt lat="37.712800" lon="-122.199248">
        <ele>5.286398</ele>
        <time>2023-07-16T00:12:49.962Z</time>
      </trkpt>
      <trkpt lat="37.712796" lon="-122.199128">
        <ele>5.235645</ele>
        <time>2023-07-16T00:12:51.962Z</time>
      </trkpt>
      <trkpt lat="37.712814" lon="-122.199006">
        <ele>5.183202</ele>
        <time>2023-07-16T00:12:53.962Z</time>
      </trkpt>
      <trkpt lat="37.712852" lon="-122.198888">
        <ele>5.129365</ele>
        <time>2023-07-16T00:12:55.962Z</time>
      </trkpt>
      <trkpt lat="37.712888" lon="-122.198762">
        <ele>5.072755</ele>
        <time>2023-07-16T00:12:57.962Z</time>
      </trkpt>
      <trkpt lat="37.712934" lon="-122.198648">
        <ele>5.018678</ele>
        <time>2023-07-16T00:12:59.962Z</time>
      </trkpt>
      <trkpt lat="37.712975" lon="-122.198528">
        <ele>4.963442</ele>
        <time>2023-07-16T00:13:01.962Z</time>
      </trkpt>
      <trkpt lat="37.713023" lon="-122.198414">
        <ele>4.908870</ele>
        <time>2023-07-16T00:13:03.962Z</time>
      </trkpt>
      <trkpt lat="37.713070" lon="-122.198291">
        <ele>4.851149</ele>
        <time>2023-07-16T00:13:05.962Z</time>
      </trkpt>
      <trkpt lat="37.713100" lon="-122.198167">
        <ele>4.796354</ele>
        <time>2023-07-16T00:13:07.962Z</time>
      </trkpt>
      <trkpt lat="37.713142" lon="-122.198051">
        <ele>4.742446</ele>
        <time>2023-07-16T00:13:09.962Z</time>
      </trkpt>
      <trkpt lat="37.713179" lon="-122.197927">
        <ele>4.686444</ele>
        <time>2023-07-16T00:13:11.962Z</time>
      </trkpt>
      <trkpt lat="37.713216" lon="-122.197808">
        <ele>4.632414</ele>
        <time>2023-07-16T00:13:13.962Z</time>
      </trkpt>
      <trkpt lat="37.713248" lon="-122.197686">
        <ele>4.578100</ele>
        <time>2023-07-16T00:13:15.962Z</time>
      </trkpt>
      <trkpt lat="37.713281" lon="-122.197560">
        <ele>4.522015</ele>
        <time>2023-07-16T00:13:17.962Z</time>
      </trkpt>
      <trkpt lat="37.713308" lon="-122.197435">
        <ele>4.467260</ele>
        <time>2023-07-16T00:13:19.962Z</time>
      </trkpt>
      <trkpt lat="37.713339" lon="-122.197315">
        <ele>4.413917</ele>
        <time>2023-07-16T00:13:21.962Z</time>
      </trkpt>
      <trkpt lat="37.713352" lon="-122.197189">
        <ele>4.360222</ele>
        <time>2023-07-16T00:13:23.962Z</time>
      </trkpt>
      <trkpt lat="37.713333" lon="-122.197075">
        <ele>4.513330</ele>
        <time>2023-07-16T00:13:25.962Z</time>
      </trkpt>
      <trkpt lat="37.713241" lon="-122.197034">
        <ele>4.854553</ele>
        <time>2023-07-16T00:13:28.962Z</time>
      </trkpt>
      <trkpt lat="37.713198" lon="-122.197174">
        <ele>5.270128</ele>
        <time>2023-07-16T00:13:31.962Z</time>
      </trkpt>
      <trkpt lat="37.713143" lon="-122.197318">
        <ele>5.712611</ele>
        <time>2023-07-16T00:13:34.962Z</time>
      </trkpt>
      <trkpt lat="37.713077" lon="-122.197443">
        <ele>6.128473</ele>
        <time>2023-07-16T00:13:37.962Z</time>
      </trkpt>
      <trkpt lat="37.713010" lon="-122.197556">
        <ele>6.519240</ele>
        <time>2023-07-16T00:13:40.962Z</time>
      </trkpt>
      <trkpt lat="37.712928" lon="-122.197662">
        <ele>6.929494</ele>
        <time>2023-07-16T00:13:43.962Z</time>
      </trkpt>
      <trkpt lat="37.712852" lon="-122.197771">
        <ele>7.331548</ele>
        <time>2023-07-16T00:13:46.962Z</time>
      </trkpt>
      <trkpt lat="37.712766" lon="-122.197874">
        <ele>7.745950</ele>
        <time>2023-07-16T00:13:49.962Z</time>
      </trkpt>
      <trkpt lat="37.712694" lon="-122.197975">
        <ele>8.122169</ele>
        <time>2023-07-16T00:13:52.962Z</time>
      </trkpt>
      <trkpt lat="37.712620" lon="-122.198066">
        <ele>8.483294</ele>
        <time>2023-07-16T00:13:55.961Z</time>
      </trkpt>
      <trkpt lat="37.712552" lon="-122.198162">
        <ele>8.839870</ele>
        <time>2023-07-16T00:13:58.961Z</time>
      </trkpt>
      <trkpt lat="37.712484" lon="-122.198237">
        <ele>9.155542</ele>
        <time>2023-07-16T00:14:01.961Z</time>
      </trkpt>
      <trkpt lat="37.712405" lon="-122.198308">
        <ele>9.494603</ele>
        <time>2023-07-16T00:14:04.961Z</time>
      </trkpt>
      <trkpt lat="37.712232" lon="-122.198484">
        <ele>10.271385</ele>
        <time>2023-07-16T00:14:32.961Z</time>
      </trkpt>
      <trkpt lat="37.712161" lon="-122.198556">
        <ele>10.589779</ele>
        <time>2023-07-16T00:14:36.961Z</time>
      </trkpt>
      <trkpt lat="37.712055" lon="-122.198548">
        <ele>10.893697</ele>
        <time>2023-07-16T00:14:41.961Z</time>
      </trkpt>
      <trkpt lat="37.711997" lon="-122.198443">
        <ele>11.175977</ele>
        <time>2023-07-16T00:14:45.961Z</time>
      </trkpt>
      <trkpt lat="37.711941" lon="-122.198328">
        <ele>11.473635</ele>
        <time>2023-07-16T00:14:49.961Z</time>
      </trkpt>
      <trkpt lat="37.711884" lon="-122.198222">
        <ele>11.756149</ele>
        <time>2023-07-16T00:14:53.961Z</time>
      </trkpt>
      <trkpt lat="37.711861" lon="-122.198074">
        <ele>12.088609</ele>
        <time>2023-07-16T00:14:57.961Z</time>
      </trkpt>
      <trkpt lat="37.711878" lon="-122.197933">
        <ele>12.402993</ele>
        <time>2023-07-16T00:15:01.961Z</time>
      </trkpt>
      <trkpt lat="37.711917" lon="-122.197807">
        <ele>12.701226</ele>
        <time>2023-07-16T00:15:05.961Z</time>
      </trkpt>
      <trkpt lat="37.711960" lon="-122.197706">
        <ele>12.954044</ele>
        <time>2023-07-16T00:15:08.961Z</time>
      </trkpt>
      <trkpt lat="37.712011" lon="-122.197602">
        <ele>13.223753</ele>
        <time>2023-07-16T00:15:11.961Z</time>
      </trkpt>
      <trkpt lat="37.712068" lon="-122.197505">
        <ele>13.490094</ele>
        <time>2023-07-16T00:15:14.961Z</time>
      </trkpt>
      <trkpt lat="37.712124" lon="-122.197405">
        <ele>13.760152</ele>
        <time>2023-07-16T00:15:17.961Z</time>
      </trkpt>
      <trkpt lat="37.712157" lon="-122.197290">
        <ele>14.029798</ele>
        <time>2023-07-16T00:15:20.961Z</time>
      </trkpt>
      <trkpt lat="37.712172" lon="-122.197146">
        <ele>14.349944</ele>
        <time>2023-07-16T00:15:24.961Z</time>
      </trkpt>
      <trkpt lat="37.712153" lon="-122.197005">
        <ele>14.665215</ele>
        <time>2023-07-16T00:15:28.961Z</time>
      </trkpt>
      <trkpt lat="37.712095" lon="-122.196889">
        <ele>14.967692</ele>
        <time>2023-07-16T00:15:32.960Z</time>
      </trkpt>
      <trkpt lat="37.712008" lon="-122.196814">
        <ele>15.261104</ele>
        <time>2023-07-16T00:15:36.960Z</time>
      </trkpt>
      <trkpt lat="37.711894" lon="-122.196783">
        <ele>15.586007</ele>
        <time>2023-07-16T00:15:40.960Z</time>
      </trkpt>
      <trkpt lat="37.711802" lon="-122.196759">
        <ele>15.658270</ele>
        <time>2023-07-16T00:15:43.960Z</time>
      </trkpt>
      <trkpt lat="37.711705" lon="-122.196730">
        <ele>15.681643</ele>
        <time>2023-07-16T00:15:46.960Z</time>
      </trkpt>
      <trkpt lat="37.711600" lon="-122.196715">
        <ele>15.706421</ele>
        <time>2023-07-16T00:15:49.960Z</time>
      </trkpt>
      <trkpt lat="37.711496" lon="-122.196691">
        <ele>15.731211</ele>
        <time>2023-07-16T00:15:52.960Z</time>
      </trkpt>
      <trkpt lat="37.711392" lon="-122.196670">
        <ele>15.755906</ele>
        <time>2023-07-16T00:15:55.960Z</time>
      </trkpt>
      <trkpt lat="37.711281" lon="-122.196640">
        <ele>15.782523</ele>
        <time>2023-07-16T00:15:58.960Z</time>
      </trkpt>
      <trkpt lat="37.711171" lon="-122.196612">
        <ele>15.808834</ele>
        <time>2023-07-16T00:16:01.960Z</time>
      </trkpt>
      <trkpt lat="37.711067" lon="-122.196600">
        <ele>15.833322</ele>
        <time>2023-07-16T00:16:04.960Z</time>
      </trkpt>
      <trkpt lat="37.710967" lon="-122.196585">
        <ele>15.856936</ele>
        <time>2023-07-16T00:16:07.960Z</time>
      </trkpt>
      <trkpt lat="37.710865" lon="-122.196574">
        <ele>15.880940</ele>
        <time>2023-07-16T00:16:10.960Z</time>
      </trkpt>
      <trkpt lat="37.710756" lon="-122.196547">
        <ele>15.906985</ele>
        <time>2023-07-16T00:16:13.960Z</time>
      </trkpt>
      <trkpt lat="37.710622" lon="-122.196526">
        <ele>15.938647</ele>
        <time>2023-07-16T00:16:16.960Z</time>
      </trkpt>
      <trkpt lat="37.710518" lon="-122.196510">
        <ele>15.963214</ele>
        <time>2023-07-16T00:16:18.960Z</time>
      </trkpt>
      <trkpt lat="37.710404" lon="-122.196490">
        <ele>15.990202</ele>
        <time>2023-07-16T00:16:20.960Z</time>
      </trkpt>
      <trkpt lat="37.710286" lon="-122.196467">
        <ele>16.018198</ele>
        <time>2023-07-16T00:16:22.960Z</time>
      </trkpt>
      <trkpt lat="37.710166" lon="-122.196442">
        <ele>16.046716</ele>
        <time>2023-07-16T00:16:24.960Z</time>
      </trkpt>
      <trkpt lat="37.710048" lon="-122.196399">
        <ele>16.033216</ele>
        <time>2023-07-16T00:16:26.960Z</time>
      </trkpt>
      <trkpt lat="37.709935" lon="-122.196329">
        <ele>15.965932</ele>
        <time>2023-07-16T00:16:28.960Z</time>
      </trkpt>
      <trkpt lat="37.709834" lon="-122.196249">
        <ele>15.902204</ele>
        <time>2023-07-16T00:16:30.960Z</time>
      </trkpt>
      <trkpt lat="37.709742" lon="-122.196153">
        <ele>15.838419</ele>
        <time>2023-07-16T00:16:32.960Z</time>
      </trkpt>
      <trkpt lat="37.709666" lon="-122.196062">
        <ele>15.782447</ele>
        <time>2023-07-16T00:16:34.960Z</time>
      </trkpt>
      <trkpt lat="37.709616" lon="-122.195965">
        <ele>15.733476</ele>
        <time>2023-07-16T00:16:36.960Z</time>
      </trkpt>
      <trkpt lat="37.709550" lon="-122.195828">
        <ele>15.665627</ele>
        <time>2023-07-16T00:16:39.960Z</time>
      </trkpt>
      <trkpt lat="37.709486" lon="-122.195684">
        <ele>15.595762</ele>
        <time>2023-07-16T00:16:42.960Z</time>
      </trkpt>
      <trkpt lat="37.709433" lon="-122.195543">
        <ele>15.529730</ele>
        <time>2023-07-16T00:16:45.960Z</time>
      </trkpt>
      <trkpt lat="37.709365" lon="-122.195398">
        <ele>15.458430</ele>
        <time>2023-07-16T00:16:48.960Z</time>
      </trkpt>
      <trkpt lat="37.709300" lon="-122.195317">
        <ele>15.409627</ele>
        <time>2023-07-16T00:16:50.960Z</time>
      </trkpt>
      <trkpt lat="37.709228" lon="-122.195235">
        <ele>15.357809</ele>
        <time>2023-07-16T00:16:52.960Z</time>
      </trkpt>
      <trkpt lat="37.709160" lon="-122.195156">
        <ele>15.308428</ele>
        <time>2023-07-16T00:16:54.960Z</time>
      </trkpt>
      <trkpt lat="37.709078" lon="-122.195032">
        <ele>15.240066</ele>
        <time>2023-07-16T00:16:57.960Z</time>
      </trkpt>
      <trkpt lat="37.709053" lon="-122.194862">
        <ele>15.166925</ele>
        <time>2023-07-16T00:17:00.960Z</time>
      </trkpt>
      <trkpt lat="37.709046" lon="-122.194737">
        <ele>15.113918</ele>
        <time>2023-07-16T00:17:02.960Z</time>
      </trkpt>
      <trkpt lat="37.709064" lon="-122.194601">
        <ele>14.724095</ele>
        <time>2023-07-16T00:17:04.960Z</time>
      </trkpt>
      <trkpt lat="37.709096" lon="-122.194462">
        <ele>14.215148</ele>
        <time>2023-07-16T00:17:06.960Z</time>
      </trkpt>
      <trkpt lat="37.709130" lon="-122.194327">
        <ele>13.717065</ele>
        <time>2023-07-16T00:17:08.960Z</time>
      </trkpt>
      <trkpt lat="37.709160" lon="-122.194198">
        <ele>13.244356</ele>
        <time>2023-07-16T00:17:10.960Z</time>
      </trkpt>
      <trkpt lat="37.709201" lon="-122.194087">
        <ele>12.813681</ele>
        <time>2023-07-16T00:17:12.960Z</time>
      </trkpt>
      <trkpt lat="37.709239" lon="-122.193981">
        <ele>12.404546</ele>
        <time>2023-07-16T00:17:14.960Z</time>
      </trkpt>
      <trkpt lat="37.709298" lon="-122.193843">
        <ele>11.853073</ele>
        <time>2023-07-16T00:17:17.960Z</time>
      </trkpt>
      <trkpt lat="37.709353" lon="-122.193723">
        <ele>11.365509</ele>
        <time>2023-07-16T00:17:20.960Z</time>
      </trkpt>
      <trkpt lat="37.709391" lon="-122.193595">
        <ele>10.884865</ele>
        <time>2023-07-16T00:17:24.960Z</time>
      </trkpt>
      <trkpt lat="37.709424" lon="-122.193471">
        <ele>10.424921</ele>
        <time>2023-07-16T00:17:28.959Z</time>
      </trkpt>
      <trkpt lat="37.709428" lon="-122.193341">
        <ele>9.967542</ele>
        <time>2023-07-16T00:17:33.959Z</time>
      </trkpt>
      <trkpt lat="37.709359" lon="-122.193234">
        <ele>9.482230</ele>
        <time>2023-07-16T00:17:44.959Z</time>
      </trkpt>
      <trkpt lat="37.709392" lon="-122.193104">
        <ele>9.002246</ele>
        <time>2023-07-16T00:17:53.959Z</time>
      </trkpt>
      <trkpt lat="37.709436" lon="-122.192956">
        <ele>8.446404</ele>
        <time>2023-07-16T00:17:57.959Z</time>
      </trkpt>
      <trkpt lat="37.709458" lon="-122.192797">
        <ele>7.878932</ele>
        <time>2023-07-16T00:18:00.959Z</time>
      </trkpt>
      <trkpt lat="37.709399" lon="-122.192698">
        <ele>7.443179</ele>
        <time>2023-07-16T00:18:04.959Z</time>
      </trkpt>
      <trkpt lat="37.709291" lon="-122.192619">
        <ele>7.074784</ele>
        <time>2023-07-16T00:18:08.959Z</time>
      </trkpt>
      <trkpt lat="37.709190" lon="-122.192554">
        <ele>6.998502</ele>
        <time>2023-07-16T00:18:11.959Z</time>
      </trkpt>
      <trkpt lat="37.709121" lon="-122.192481">
        <ele>6.937940</ele>
        <time>2023-07-16T00:18:14.959Z</time>
      </trkpt>
      <trkpt lat="37.709063" lon="-122.192365">
        <ele>6.864871</ele>
        <time>2023-07-16T00:18:21.959Z</time>
      </trkpt>
      <trkpt lat="37.708937" lon="-122.192387">
        <ele>6.779261</ele>
        <time>2023-07-16T00:18:24.959Z</time>
      </trkpt>
      <trkpt lat="37.708842" lon="-122.192398">
        <ele>6.715052</ele>
        <time>2023-07-16T00:18:26.959Z</time>
      </trkpt>
      <trkpt lat="37.708724" lon="-122.192398">
        <ele>6.635632</ele>
        <time>2023-07-16T00:18:29.959Z</time>
      </trkpt>
      <trkpt lat="37.708610" lon="-122.192414">
        <ele>6.558431</ele>
        <time>2023-07-16T00:18:32.959Z</time>
      </trkpt>
      <trkpt lat="37.708485" lon="-122.192384">
        <ele>6.472796</ele>
        <time>2023-07-16T00:18:35.959Z</time>
      </trkpt>
      <trkpt lat="37.708355" lon="-122.192340">
        <ele>6.382216</ele>
        <time>2023-07-16T00:18:38.959Z</time>
      </trkpt>
      <trkpt lat="37.708234" lon="-122.192268">
        <ele>6.292203</ele>
        <time>2023-07-16T00:18:41.959Z</time>
      </trkpt>
      <trkpt lat="37.708153" lon="-122.192216">
        <ele>6.231057</ele>
        <time>2023-07-16T00:18:43.959Z</time>
      </trkpt>
      <trkpt lat="37.708065" lon="-122.192151">
        <ele>6.162457</ele>
        <time>2023-07-16T00:18:45.959Z</time>
      </trkpt>
      <trkpt lat="37.707985" lon="-122.192068">
        <ele>6.092797</ele>
        <time>2023-07-16T00:18:47.959Z</time>
      </trkpt>
      <trkpt lat="37.707896" lon="-122.191992">
        <ele>6.020506</ele>
        <time>2023-07-16T00:18:49.959Z</time>
      </trkpt>
      <trkpt lat="37.707806" lon="-122.191929">
        <ele>5.951262</ele>
        <time>2023-07-16T00:18:51.959Z</time>
      </trkpt>
      <trkpt lat="37.707717" lon="-122.191838">
        <ele>5.874028</ele>
        <time>2023-07-16T00:18:53.959Z</time>
      </trkpt>
      <trkpt lat="37.707638" lon="-122.191769">
        <ele>5.808879</ele>
        <time>2023-07-16T00:18:55.959Z</time>
      </trkpt>
      <trkpt lat="37.707553" lon="-122.191697">
        <ele>5.739458</ele>
        <time>2023-07-16T00:18:57.959Z</time>
      </trkpt>
      <trkpt lat="37.707475" lon="-122.191630">
        <ele>5.675474</ele>
        <time>2023-07-16T00:18:59.959Z</time>
      </trkpt>
      <trkpt lat="37.707369" lon="-122.191546">
        <ele>5.590592</ele>
        <time>2023-07-16T00:19:02.958Z</time>
      </trkpt>
      <trkpt lat="37.707292" lon="-122.191477">
        <ele>5.526554</ele>
        <time>2023-07-16T00:19:04.958Z</time>
      </trkpt>
      <trkpt lat="37.707210" lon="-122.191427">
        <ele>5.464785</ele>
        <time>2023-07-16T00:19:06.958Z</time>
      </trkpt>
      <trkpt lat="37.707119" lon="-122.191358">
        <ele>5.392789</ele>
        <time>2023-07-16T00:19:08.958Z</time>
      </trkpt>
      <trkpt lat="37.707029" lon="-122.191287">
        <ele>5.320810</ele>
        <time>2023-07-16T00:19:10.958Z</time>
      </trkpt>
      <trkpt lat="37.706930" lon="-122.191230">
        <ele>5.247003</ele>
        <time>2023-07-16T00:19:12.958Z</time>
      </trkpt>
      <trkpt lat="37.706837" lon="-122.191174">
        <ele>5.177112</ele>
        <time>2023-07-16T00:19:14.958Z</time>
      </trkpt>
      <trkpt lat="37.706740" lon="-122.191100">
        <ele>5.100243</ele>
        <time>2023-07-16T00:19:16.958Z</time>
      </trkpt>
      <trkpt lat="37.706645" lon="-122.191045">
        <ele>5.029350</ele>
        <time>2023-07-16T00:19:18.958Z</time>
      </trkpt>
      <trkpt lat="37.706541" lon="-122.190984">
        <ele>4.951563</ele>
        <time>2023-07-16T00:19:20.958Z</time>
      </trkpt>
      <trkpt lat="37.706433" lon="-122.190915">
        <ele>4.869461</ele>
        <time>2023-07-16T00:19:22.958Z</time>
      </trkpt>
      <trkpt lat="37.706327" lon="-122.190848">
        <ele>4.789053</ele>
        <time>2023-07-16T00:19:24.958Z</time>
      </trkpt>
      <trkpt lat="37.706227" lon="-122.190789">
        <ele>4.714180</ele>
        <time>2023-07-16T00:19:26.958Z</time>
      </trkpt>
      <trkpt lat="37.706127" lon="-122.190732">
        <ele>4.673406</ele>
        <time>2023-07-16T00:19:28.958Z</time>
      </trkpt>
      <trkpt lat="37.706027" lon="-122.190667">
        <ele>4.665854</ele>
        <time>2023-07-16T00:19:30.958Z</time>
      </trkpt>
      <trkpt lat="37.705935" lon="-122.190600">
        <ele>4.658723</ele>
        <time>2023-07-16T00:19:32.958Z</time>
      </trkpt>
      <trkpt lat="37.705835" lon="-122.190548">
        <ele>4.651460</ele>
        <time>2023-07-16T00:19:34.958Z</time>
      </trkpt>
      <trkpt lat="37.705735" lon="-122.190477">
        <ele>4.643757</ele>
        <time>2023-07-16T00:19:36.958Z</time>
      </trkpt>
      <trkpt lat="37.705639" lon="-122.190411">
        <ele>4.636417</ele>
        <time>2023-07-16T00:19:38.958Z</time>
      </trkpt>
      <trkpt lat="37.705542" lon="-122.190351">
        <ele>4.629164</ele>
        <time>2023-07-16T00:19:40.958Z</time>
      </trkpt>
      <trkpt lat="37.705440" lon="-122.190290">
        <ele>4.621585</ele>
        <time>2023-07-16T00:19:42.958Z</time>
      </trkpt>
      <trkpt lat="37.705329" lon="-122.190230">
        <ele>4.613477</ele>
        <time>2023-07-16T00:19:44.958Z</time>
      </trkpt>
      <trkpt lat="37.705221" lon="-122.190169">
        <ele>4.605532</ele>
        <time>2023-07-16T00:19:46.958Z</time>
      </trkpt>
      <trkpt lat="37.705111" lon="-122.190107">
        <ele>4.597443</ele>
        <time>2023-07-16T00:19:48.958Z</time>
      </trkpt>
      <trkpt lat="37.705001" lon="-122.190051">
        <ele>4.589478</ele>
        <time>2023-07-16T00:19:50.958Z</time>
      </trkpt>
      <trkpt lat="37.704884" lon="-122.190012">
        <ele>4.581351</ele>
        <time>2023-07-16T00:19:52.958Z</time>
      </trkpt>
      <trkpt lat="37.704770" lon="-122.189972">
        <ele>4.573405</ele>
        <time>2023-07-16T00:19:54.958Z</time>
      </trkpt>
      <trkpt lat="37.704655" lon="-122.189937">
        <ele>4.565461</ele>
        <time>2023-07-16T00:19:56.958Z</time>
      </trkpt>
      <trkpt lat="37.704547" lon="-122.189919">
        <ele>4.558144</ele>
        <time>2023-07-16T00:19:58.958Z</time>
      </trkpt>
      <trkpt lat="37.704444" lon="-122.189894">
        <ele>4.557859</ele>
        <time>2023-07-16T00:20:00.958Z</time>
      </trkpt>
      <trkpt lat="37.704331" lon="-122.189873">
        <ele>4.560156</ele>
        <time>2023-07-16T00:20:02.958Z</time>
      </trkpt>
      <trkpt lat="37.704221" lon="-122.189842">
        <ele>4.562423</ele>
        <time>2023-07-16T00:20:04.958Z</time>
      </trkpt>
      <trkpt lat="37.704113" lon="-122.189823">
        <ele>4.564616</ele>
        <time>2023-07-16T00:20:06.958Z</time>
      </trkpt>
      <trkpt lat="37.704004" lon="-122.189797">
        <ele>4.566847</ele>
        <time>2023-07-16T00:20:08.958Z</time>
      </trkpt>
      <trkpt lat="37.703908" lon="-122.189780">
        <ele>4.568797</ele>
        <time>2023-07-16T00:20:10.957Z</time>
      </trkpt>
      <trkpt lat="37.703792" lon="-122.189766">
        <ele>4.571141</ele>
        <time>2023-07-16T00:20:12.957Z</time>
      </trkpt>
      <trkpt lat="37.703682" lon="-122.189736">
        <ele>4.573404</ele>
        <time>2023-07-16T00:20:14.957Z</time>
      </trkpt>
      <trkpt lat="37.703574" lon="-122.189716">
        <ele>4.575600</ele>
        <time>2023-07-16T00:20:16.958Z</time>
      </trkpt>
      <trkpt lat="37.703467" lon="-122.189687">
        <ele>4.577801</ele>
        <time>2023-07-16T00:20:18.957Z</time>
      </trkpt>
      <trkpt lat="37.703362" lon="-122.189656">
        <ele>4.579970</ele>
        <time>2023-07-16T00:20:20.957Z</time>
      </trkpt>
      <trkpt lat="37.703263" lon="-122.189617">
        <ele>4.582056</ele>
        <time>2023-07-16T00:20:22.958Z</time>
      </trkpt>
      <trkpt lat="37.703163" lon="-122.189602">
        <ele>4.584081</ele>
        <time>2023-07-16T00:20:24.958Z</time>
      </trkpt>
      <trkpt lat="37.703058" lon="-122.189577">
        <ele>4.586230</ele>
        <time>2023-07-16T00:20:26.958Z</time>
      </trkpt>
      <trkpt lat="37.702957" lon="-122.189557">
        <ele>4.588286</ele>
        <time>2023-07-16T00:20:28.958Z</time>
      </trkpt>
      <trkpt lat="37.702860" lon="-122.189538">
        <ele>4.590261</ele>
        <time>2023-07-16T00:20:30.958Z</time>
      </trkpt>
      <trkpt lat="37.702760" lon="-122.189515">
        <ele>4.592305</ele>
        <time>2023-07-16T00:20:32.958Z</time>
      </trkpt>
      <trkpt lat="37.702660" lon="-122.189494">
        <ele>4.522873</ele>
        <time>2023-07-16T00:20:34.958Z</time>
      </trkpt>
      <trkpt lat="37.702566" lon="-122.189470">
        <ele>4.450893</ele>
        <time>2023-07-16T00:20:36.958Z</time>
      </trkpt>
      <trkpt lat="37.702465" lon="-122.189439">
        <ele>4.372880</ele>
        <time>2023-07-16T00:20:38.958Z</time>
      </trkpt>
      <trkpt lat="37.702370" lon="-122.189418">
        <ele>4.300492</ele>
        <time>2023-07-16T00:20:40.958Z</time>
      </trkpt>
      <trkpt lat="37.702258" lon="-122.189397">
        <ele>4.215506</ele>
        <time>2023-07-16T00:20:42.957Z</time>
      </trkpt>
      <trkpt lat="37.702150" lon="-122.189370">
        <ele>4.132873</ele>
        <time>2023-07-16T00:20:44.957Z</time>
      </trkpt>
      <trkpt lat="37.702039" lon="-122.189344">
        <ele>4.048139</ele>
        <time>2023-07-16T00:20:46.957Z</time>
      </trkpt>
      <trkpt lat="37.701928" lon="-122.189311">
        <ele>3.962550</ele>
        <time>2023-07-16T00:20:48.957Z</time>
      </trkpt>
      <trkpt lat="37.701805" lon="-122.189285">
        <ele>3.868946</ele>
        <time>2023-07-16T00:20:50.957Z</time>
      </trkpt>
      <trkpt lat="37.701688" lon="-122.189264">
        <ele>3.780246</ele>
        <time>2023-07-16T00:20:52.957Z</time>
      </trkpt>
      <trkpt lat="37.701574" lon="-122.189242">
        <ele>3.693688</ele>
        <time>2023-07-16T00:20:54.957Z</time>
      </trkpt>
      <trkpt lat="37.701464" lon="-122.189211">
        <ele>3.609096</ele>
        <time>2023-07-16T00:20:56.957Z</time>
      </trkpt>
      <trkpt lat="37.701359" lon="-122.189203">
        <ele>3.530141</ele>
        <time>2023-07-16T00:20:58.957Z</time>
      </trkpt>
      <trkpt lat="37.701248" lon="-122.189135">
        <ele>3.437555</ele>
        <time>2023-07-16T00:21:01.957Z</time>
      </trkpt>
      <trkpt lat="37.701145" lon="-122.189144">
        <ele>3.360060</ele>
        <time>2023-07-16T00:21:07.957Z</time>
      </trkpt>
      <trkpt lat="37.701067" lon="-122.189270">
        <ele>3.265050</ele>
        <time>2023-07-16T00:21:10.957Z</time>
      </trkpt>
      <trkpt lat="37.700967" lon="-122.189359">
        <ele>3.288593</ele>
        <time>2023-07-16T00:21:13.957Z</time>
      </trkpt>
      <trkpt lat="37.700853" lon="-122.189436">
        <ele>3.353302</ele>
        <time>2023-07-16T00:21:16.957Z</time>
      </trkpt>
      <trkpt lat="37.700768" lon="-122.189473">
        <ele>3.398307</ele>
        <time>2023-07-16T00:21:18.957Z</time>
      </trkpt>
      <trkpt lat="37.700639" lon="-122.189525">
        <ele>3.466092</ele>
        <time>2023-07-16T00:21:21.957Z</time>
      </trkpt>
      <trkpt lat="37.700550" lon="-122.189551">
        <ele>3.511822</ele>
        <time>2023-07-16T00:21:23.957Z</time>
      </trkpt>
      <trkpt lat="37.700417" lon="-122.189579">
        <ele>3.579321</ele>
        <time>2023-07-16T00:21:26.957Z</time>
      </trkpt>
      <trkpt lat="37.700324" lon="-122.189589">
        <ele>3.626047</ele>
        <time>2023-07-16T00:21:28.957Z</time>
      </trkpt>
      <trkpt lat="37.700232" lon="-122.189595">
        <ele>3.672165</ele>
        <time>2023-07-16T00:21:30.957Z</time>
      </trkpt>
      <trkpt lat="37.700142" lon="-122.189586">
        <ele>3.717362</ele>
        <time>2023-07-16T00:21:32.957Z</time>
      </trkpt>
      <trkpt lat="37.700052" lon="-122.189587">
        <ele>3.762419</ele>
        <time>2023-07-16T00:21:34.957Z</time>
      </trkpt>
      <trkpt lat="37.699960" lon="-122.189573">
        <ele>3.808808</ele>
        <time>2023-07-16T00:21:36.957Z</time>
      </trkpt>
      <trkpt lat="37.699873" lon="-122.189545">
        <ele>3.853752</ele>
        <time>2023-07-16T00:21:38.957Z</time>
      </trkpt>
      <trkpt lat="37.699748" lon="-122.189504">
        <ele>3.918402</ele>
        <time>2023-07-16T00:21:41.957Z</time>
      </trkpt>
      <trkpt lat="37.699633" lon="-122.189457">
        <ele>3.978909</ele>
        <time>2023-07-16T00:21:44.957Z</time>
      </trkpt>
      <trkpt lat="37.699536" lon="-122.189397">
        <ele>4.032973</ele>
        <time>2023-07-16T00:21:47.957Z</time>
      </trkpt>
      <trkpt lat="37.699448" lon="-122.189339">
        <ele>4.082658</ele>
        <time>2023-07-16T00:21:50.957Z</time>
      </trkpt>
      <trkpt lat="37.699358" lon="-122.189286">
        <ele>4.132364</ele>
        <time>2023-07-16T00:21:53.957Z</time>
      </trkpt>
      <trkpt lat="37.699260" lon="-122.189202">
        <ele>4.128414</ele>
        <time>2023-07-16T00:21:56.957Z</time>
      </trkpt>
      <trkpt lat="37.699166" lon="-122.189090">
        <ele>4.109234</ele>
        <time>2023-07-16T00:21:59.957Z</time>
      </trkpt>
      <trkpt lat="37.699097" lon="-122.189012">
        <ele>4.095490</ele>
        <time>2023-07-16T00:22:01.957Z</time>
      </trkpt>
      <trkpt lat="37.699021" lon="-122.188937">
        <ele>4.081175</ele>
        <time>2023-07-16T00:22:03.957Z</time>
      </trkpt>
      <trkpt lat="37.698935" lon="-122.188865">
        <ele>4.065860</ele>
        <time>2023-07-16T00:22:05.957Z</time>
      </trkpt>
      <trkpt lat="37.698842" lon="-122.188806">
        <ele>4.050411</ele>
        <time>2023-07-16T00:22:07.957Z</time>
      </trkpt>
      <trkpt lat="37.698743" lon="-122.188747">
        <ele>4.034161</ele>
        <time>2023-07-16T00:22:09.957Z</time>
      </trkpt>
      <trkpt lat="37.698639" lon="-122.188688">
        <ele>4.017237</ele>
        <time>2023-07-16T00:22:11.956Z</time>
      </trkpt>
      <trkpt lat="37.698542" lon="-122.188635">
        <ele>4.001548</ele>
        <time>2023-07-16T00:22:13.956Z</time>
      </trkpt>
      <trkpt lat="37.698434" lon="-122.188574">
        <ele>3.983985</ele>
        <time>2023-07-16T00:22:15.956Z</time>
      </trkpt>
      <trkpt lat="37.698322" lon="-122.188523">
        <ele>3.966311</ele>
        <time>2023-07-16T00:22:17.957Z</time>
      </trkpt>
      <trkpt lat="37.698212" lon="-122.188467">
        <ele>3.948705</ele>
        <time>2023-07-16T00:22:19.957Z</time>
      </trkpt>
      <trkpt lat="37.698101" lon="-122.188421">
        <ele>3.931363</ele>
        <time>2023-07-16T00:22:21.956Z</time>
      </trkpt>
      <trkpt lat="37.697985" lon="-122.188353">
        <ele>3.912378</ele>
        <time>2023-07-16T00:22:23.957Z</time>
      </trkpt>
      <trkpt lat="37.697869" lon="-122.188300">
        <ele>3.894066</ele>
        <time>2023-07-16T00:22:25.957Z</time>
      </trkpt>
      <trkpt lat="37.697750" lon="-122.188248">
        <ele>3.876298</ele>
        <time>2023-07-16T00:22:27.957Z</time>
      </trkpt>
      <trkpt lat="37.697635" lon="-122.188186">
        <ele>3.894171</ele>
        <time>2023-07-16T00:22:29.957Z</time>
      </trkpt>
      <trkpt lat="37.697532" lon="-122.188130">
        <ele>3.910200</ele>
        <time>2023-07-16T00:22:31.957Z</time>
      </trkpt>
      <trkpt lat="37.697424" lon="-122.188074">
        <ele>3.926888</ele>
        <time>2023-07-16T00:22:33.956Z</time>
      </trkpt>
      <trkpt lat="37.697320" lon="-122.188026">
        <ele>3.942716</ele>
        <time>2023-07-16T00:22:35.956Z</time>
      </trkpt>
      <trkpt lat="37.697206" lon="-122.187971">
        <ele>3.960159</ele>
        <time>2023-07-16T00:22:37.956Z</time>
      </trkpt>
      <trkpt lat="37.697111" lon="-122.187908">
        <ele>3.975496</ele>
        <time>2023-07-16T00:22:39.956Z</time>
      </trkpt>
      <trkpt lat="37.697010" lon="-122.187842">
        <ele>3.991750</ele>
        <time>2023-07-16T00:22:42.956Z</time>
      </trkpt>
      <trkpt lat="37.696926" lon="-122.187792">
        <ele>4.005023</ele>
        <time>2023-07-16T00:22:47.956Z</time>
      </trkpt>
      <trkpt lat="37.696841" lon="-122.187733">
        <ele>4.018887</ele>
        <time>2023-07-16T00:22:50.956Z</time>
      </trkpt>
      <trkpt lat="37.696750" lon="-122.187638">
        <ele>4.035760</ele>
        <time>2023-07-16T00:22:53.956Z</time>
      </trkpt>
      <trkpt lat="37.696657" lon="-122.187537">
        <ele>4.053289</ele>
        <time>2023-07-16T00:22:56.956Z</time>
      </trkpt>
      <trkpt lat="37.696558" lon="-122.187449">
        <ele>4.070591</ele>
        <time>2023-07-16T00:22:59.956Z</time>
      </trkpt>
      <trkpt lat="37.696454" lon="-122.187362">
        <ele>4.088420</ele>
        <time>2023-07-16T00:23:02.956Z</time>
      </trkpt>
      <trkpt lat="37.696363" lon="-122.187267">
        <ele>4.105293</ele>
        <time>2023-07-16T00:23:05.956Z</time>
      </trkpt>
      <trkpt lat="37.696279" lon="-122.187164">
        <ele>4.122024</ele>
        <time>2023-07-16T00:23:08.956Z</time>
      </trkpt>
      <trkpt lat="37.696184" lon="-122.187065">
        <ele>4.155264</ele>
        <time>2023-07-16T00:23:11.956Z</time>
      </trkpt>
      <trkpt lat="37.696083" lon="-122.186969">
        <ele>4.215749</ele>
        <time>2023-07-16T00:23:14.956Z</time>
      </trkpt>
      <trkpt lat="37.695980" lon="-122.186870">
        <ele>4.277683</ele>
        <time>2023-07-16T00:23:17.956Z</time>
      </trkpt>
      <trkpt lat="37.695877" lon="-122.186788">
        <ele>4.335946</ele>
        <time>2023-07-16T00:23:20.956Z</time>
      </trkpt>
      <trkpt lat="37.695796" lon="-122.186736">
        <ele>4.379428</ele>
        <time>2023-07-16T00:23:23.956Z</time>
      </trkpt>
      <trkpt lat="37.695713" lon="-122.186663">
        <ele>4.427826</ele>
        <time>2023-07-16T00:23:27.956Z</time>
      </trkpt>
      <trkpt lat="37.695621" lon="-122.186583">
        <ele>4.481275</ele>
        <time>2023-07-16T00:23:30.956Z</time>
      </trkpt>
      <trkpt lat="37.695524" lon="-122.186509">
        <ele>4.535503</ele>
        <time>2023-07-16T00:23:33.956Z</time>
      </trkpt>
      <trkpt lat="37.695426" lon="-122.186418">
        <ele>4.593706</ele>
        <time>2023-07-16T00:23:36.956Z</time>
      </trkpt>
      <trkpt lat="37.695334" lon="-122.186323">
        <ele>4.650568</ele>
        <time>2023-07-16T00:23:39.956Z</time>
      </trkpt>
      <trkpt lat="37.695249" lon="-122.186224">
        <ele>4.705891</ele>
        <time>2023-07-16T00:23:42.956Z</time>
      </trkpt>
      <trkpt lat="37.695156" lon="-122.186150">
        <ele>4.758490</ele>
        <time>2023-07-16T00:23:45.956Z</time>
      </trkpt>
      <trkpt lat="37.695059" lon="-122.186067">
        <ele>4.814555</ele>
        <time>2023-07-16T00:23:48.956Z</time>
      </trkpt>
      <trkpt lat="37.694967" lon="-122.185987">
        <ele>4.868004</ele>
        <time>2023-07-16T00:23:51.956Z</time>
      </trkpt>
      <trkpt lat="37.694869" lon="-122.185914">
        <ele>4.922449</ele>
        <time>2023-07-16T00:23:54.956Z</time>
      </trkpt>
      <trkpt lat="37.694765" lon="-122.185843">
        <ele>4.979023</ele>
        <time>2023-07-16T00:23:57.956Z</time>
      </trkpt>
      <trkpt lat="37.694662" lon="-122.185768">
        <ele>4.999556</ele>
        <time>2023-07-16T00:24:00.956Z</time>
      </trkpt>
      <trkpt lat="37.694560" lon="-122.185699">
        <ele>5.007104</ele>
        <time>2023-07-16T00:24:03.955Z</time>
      </trkpt>
      <trkpt lat="37.694451" lon="-122.185625">
        <ele>5.015177</ele>
        <time>2023-07-16T00:24:06.955Z</time>
      </trkpt>
      <trkpt lat="37.694349" lon="-122.185561">
        <ele>5.022607</ele>
        <time>2023-07-16T00:24:09.955Z</time>
      </trkpt>
      <trkpt lat="37.694236" lon="-122.185500">
        <ele>5.030624</ele>
        <time>2023-07-16T00:24:12.955Z</time>
      </trkpt>
      <trkpt lat="37.694122" lon="-122.185434">
        <ele>5.038806</ele>
        <time>2023-07-16T00:24:15.955Z</time>
      </trkpt>
      <trkpt lat="37.694005" lon="-122.185366">
        <ele>5.047208</ele>
        <time>2023-07-16T00:24:18.955Z</time>
      </trkpt>
      <trkpt lat="37.693885" lon="-122.185296">
        <ele>5.055831</ele>
        <time>2023-07-16T00:24:21.955Z</time>
      </trkpt>
      <trkpt lat="37.693768" lon="-122.185242">
        <ele>5.063958</ele>
        <time>2023-07-16T00:24:24.955Z</time>
      </trkpt>
      <trkpt lat="37.693646" lon="-122.185184">
        <ele>5.072463</ele>
        <time>2023-07-16T00:24:27.955Z</time>
      </trkpt>
      <trkpt lat="37.693525" lon="-122.185120">
        <ele>5.081021</ele>
        <time>2023-07-16T00:24:30.955Z</time>
      </trkpt>
      <trkpt lat="37.693441" lon="-122.185072">
        <ele>5.087036</ele>
        <time>2023-07-16T00:24:32.955Z</time>
      </trkpt>
      <trkpt lat="37.693354" lon="-122.185029">
        <ele>5.093131</ele>
        <time>2023-07-16T00:24:34.955Z</time>
      </trkpt>
      <trkpt lat="37.693226" lon="-122.184973">
        <ele>5.101968</ele>
        <time>2023-07-16T00:24:37.955Z</time>
      </trkpt>
      <trkpt lat="37.693140" lon="-122.184932">
        <ele>5.107965</ele>
        <time>2023-07-16T00:24:39.955Z</time>
      </trkpt>
      <trkpt lat="37.693051" lon="-122.184895">
        <ele>5.105577</ele>
        <time>2023-07-16T00:24:41.955Z</time>
      </trkpt>
      <trkpt lat="37.692961" lon="-122.184843">
        <ele>5.093163</ele>
        <time>2023-07-16T00:24:43.955Z</time>
      </trkpt>
      <trkpt lat="37.692863" lon="-122.184802">
        <ele>5.080214</ele>
        <time>2023-07-16T00:24:45.955Z</time>
      </trkpt>
      <trkpt lat="37.692772" lon="-122.184757">
        <ele>5.067956</ele>
        <time>2023-07-16T00:24:47.955Z</time>
      </trkpt>
      <trkpt lat="37.692674" lon="-122.184708">
        <ele>5.054736</ele>
        <time>2023-07-16T00:24:49.955Z</time>
      </trkpt>
      <trkpt lat="37.692585" lon="-122.184664">
        <ele>5.042748</ele>
        <time>2023-07-16T00:24:51.955Z</time>
      </trkpt>
      <trkpt lat="37.692494" lon="-122.184608">
        <ele>5.030051</ele>
        <time>2023-07-16T00:24:53.955Z</time>
      </trkpt>
      <trkpt lat="37.692401" lon="-122.184552">
        <ele>5.017129</ele>
        <time>2023-07-16T00:24:55.955Z</time>
      </trkpt>
      <trkpt lat="37.692305" lon="-122.184498">
        <ele>5.003948</ele>
        <time>2023-07-16T00:24:57.955Z</time>
      </trkpt>
      <trkpt lat="37.692202" lon="-122.184471">
        <ele>4.990752</ele>
        <time>2023-07-16T00:24:59.955Z</time>
      </trkpt>
      <trkpt lat="37.692102" lon="-122.184465">
        <ele>4.978194</ele>
        <time>2023-07-16T00:25:01.955Z</time>
      </trkpt>
      <trkpt lat="37.692008" lon="-122.184449">
        <ele>4.966296</ele>
        <time>2023-07-16T00:25:03.955Z</time>
      </trkpt>
      <trkpt lat="37.691928" lon="-122.184385">
        <ele>4.954419</ele>
        <time>2023-07-16T00:25:05.955Z</time>
      </trkpt>
      <trkpt lat="37.691885" lon="-122.184272">
        <ele>4.941973</ele>
        <time>2023-07-16T00:25:07.955Z</time>
      </trkpt>
      <trkpt lat="37.691833" lon="-122.184142">
        <ele>4.927514</ele>
        <time>2023-07-16T00:25:10.955Z</time>
      </trkpt>
      <trkpt lat="37.691765" lon="-122.184045">
        <ele>4.914651</ele>
        <time>2023-07-16T00:25:14.955Z</time>
      </trkpt>
      <trkpt lat="37.691685" lon="-122.183961">
        <ele>4.901604</ele>
        <time>2023-07-16T00:25:17.955Z</time>
      </trkpt>
      <trkpt lat="37.691596" lon="-122.183863">
        <ele>4.886796</ele>
        <time>2023-07-16T00:25:20.955Z</time>
      </trkpt>
      <trkpt lat="37.691486" lon="-122.183838">
        <ele>4.781126</ele>
        <time>2023-07-16T00:25:23.955Z</time>
      </trkpt>
      <trkpt lat="37.691371" lon="-122.183811">
        <ele>4.661165</ele>
        <time>2023-07-16T00:25:27.955Z</time>
      </trkpt>
      <trkpt lat="37.691246" lon="-122.183777">
        <ele>4.530030</ele>
        <time>2023-07-16T00:25:30.955Z</time>
      </trkpt>
      <trkpt lat="37.691136" lon="-122.183750">
        <ele>4.415106</ele>
        <time>2023-07-16T00:25:33.955Z</time>
      </trkpt>
      <trkpt lat="37.691021" lon="-122.183721">
        <ele>4.294837</ele>
        <time>2023-07-16T00:25:36.955Z</time>
      </trkpt>
      <trkpt lat="37.690908" lon="-122.183687">
        <ele>4.175706</ele>
        <time>2023-07-16T00:25:39.955Z</time>
      </trkpt>
      <trkpt lat="37.690795" lon="-122.183698">
        <ele>4.059470</ele>
        <time>2023-07-16T00:25:42.955Z</time>
      </trkpt>
      <trkpt lat="37.690673" lon="-122.183649">
        <ele>3.928181</ele>
        <time>2023-07-16T00:25:45.955Z</time>
      </trkpt>
      <trkpt lat="37.690591" lon="-122.183596">
        <ele>3.833720</ele>
        <time>2023-07-16T00:25:47.955Z</time>
      </trkpt>
      <trkpt lat="37.690498" lon="-122.183520">
        <ele>3.720134</ele>
        <time>2023-07-16T00:25:50.955Z</time>
      </trkpt>
      <trkpt lat="37.690411" lon="-122.183465">
        <ele>3.620365</ele>
        <time>2023-07-16T00:25:54.955Z</time>
      </trkpt>
      <trkpt lat="37.690332" lon="-122.183388">
        <ele>3.518044</ele>
        <time>2023-07-16T00:25:57.954Z</time>
      </trkpt>
      <trkpt lat="37.690239" lon="-122.183271">
        <ele>3.383456</ele>
        <time>2023-07-16T00:26:00.954Z</time>
      </trkpt>
      <trkpt lat="37.690168" lon="-122.183158">
        <ele>3.266355</ele>
        <time>2023-07-16T00:26:02.954Z</time>
      </trkpt>
      <trkpt lat="37.690080" lon="-122.183038">
        <ele>3.133576</ele>
        <time>2023-07-16T00:26:04.954Z</time>
      </trkpt>
      <trkpt lat="37.689971" lon="-122.182938">
        <ele>3.037890</ele>
        <time>2023-07-16T00:26:06.954Z</time>
      </trkpt>
      <trkpt lat="37.689859" lon="-122.182839">
        <ele>3.028688</ele>
        <time>2023-07-16T00:26:08.954Z</time>
      </trkpt>
      <trkpt lat="37.689746" lon="-122.182744">
        <ele>3.019551</ele>
        <time>2023-07-16T00:26:10.954Z</time>
      </trkpt>
      <trkpt lat="37.689633" lon="-122.182639">
        <ele>3.010108</ele>
        <time>2023-07-16T00:26:12.954Z</time>
      </trkpt>
      <trkpt lat="37.689516" lon="-122.182548">
        <ele>3.000859</ele>
        <time>2023-07-16T00:26:14.954Z</time>
      </trkpt>
      <trkpt lat="37.689402" lon="-122.182455">
        <ele>2.991724</ele>
        <time>2023-07-16T00:26:16.954Z</time>
      </trkpt>
      <trkpt lat="37.689290" lon="-122.182356">
        <ele>2.982522</ele>
        <time>2023-07-16T00:26:18.954Z</time>
      </trkpt>
      <trkpt lat="37.689177" lon="-122.182263">
        <ele>2.973443</ele>
        <time>2023-07-16T00:26:20.954Z</time>
      </trkpt>
      <trkpt lat="37.689062" lon="-122.182174">
        <ele>2.964365</ele>
        <time>2023-07-16T00:26:22.954Z</time>
      </trkpt>
      <trkpt lat="37.688943" lon="-122.182084">
        <ele>2.955028</ele>
        <time>2023-07-16T00:26:24.954Z</time>
      </trkpt>
      <trkpt lat="37.688832" lon="-122.181981">
        <ele>2.945757</ele>
        <time>2023-07-16T00:26:26.954Z</time>
      </trkpt>
      <trkpt lat="37.688720" lon="-122.181869">
        <ele>2.936141</ele>
        <time>2023-07-16T00:26:28.954Z</time>
      </trkpt>
      <trkpt lat="37.688602" lon="-122.181775">
        <ele>2.926751</ele>
        <time>2023-07-16T00:26:30.954Z</time>
      </trkpt>
      <trkpt lat="37.688470" lon="-122.181681">
        <ele>2.921037</ele>
        <time>2023-07-16T00:26:32.954Z</time>
      </trkpt>
      <trkpt lat="37.688343" lon="-122.181581">
        <ele>2.924945</ele>
        <time>2023-07-16T00:26:34.954Z</time>
      </trkpt>
      <trkpt lat="37.688206" lon="-122.181476">
        <ele>2.929130</ele>
        <time>2023-07-16T00:26:36.953Z</time>
      </trkpt>
      <trkpt lat="37.688063" lon="-122.181381">
        <ele>2.933350</ele>
        <time>2023-07-16T00:26:38.952Z</time>
      </trkpt>
      <trkpt lat="37.687922" lon="-122.181287">
        <ele>2.937513</ele>
        <time>2023-07-16T00:26:40.950Z</time>
      </trkpt>
      <trkpt lat="37.687781" lon="-122.181205">
        <ele>2.941567</ele>
        <time>2023-07-16T00:26:42.949Z</time>
      </trkpt>
      <trkpt lat="37.687637" lon="-122.181119">
        <ele>2.945727</ele>
        <time>2023-07-16T00:26:44.948Z</time>
      </trkpt>
      <trkpt lat="37.687500" lon="-122.181040">
        <ele>2.949661</ele>
        <time>2023-07-16T00:26:46.947Z</time>
      </trkpt>
      <trkpt lat="37.687372" lon="-122.180955">
        <ele>2.953437</ele>
        <time>2023-07-16T00:26:48.946Z</time>
      </trkpt>
      <trkpt lat="37.687242" lon="-122.180893">
        <ele>2.957066</ele>
        <time>2023-07-16T00:26:50.946Z</time>
      </trkpt>
      <trkpt lat="37.687119" lon="-122.180853">
        <ele>2.960384</ele>
        <time>2023-07-16T00:26:52.945Z</time>
      </trkpt>
      <trkpt lat="37.686997" lon="-122.180835">
        <ele>2.963592</ele>
        <time>2023-07-16T00:26:54.944Z</time>
      </trkpt>
      <trkpt lat="37.686880" lon="-122.180799">
        <ele>2.966737</ele>
        <time>2023-07-16T00:26:57.944Z</time>
      </trkpt>
      <trkpt lat="37.686733" lon="-122.180611">
        <ele>2.905442</ele>
        <time>2023-07-16T00:29:15.939Z</time>
      </trkpt>
      <trkpt lat="37.686631" lon="-122.180522">
        <ele>2.868944</ele>
        <time>2023-07-16T00:29:18.939Z</time>
      </trkpt>
      <trkpt lat="37.686516" lon="-122.180446">
        <ele>2.830730</ele>
        <time>2023-07-16T00:29:21.939Z</time>
      </trkpt>
      <trkpt lat="37.686395" lon="-122.180386">
        <ele>2.792457</ele>
        <time>2023-07-16T00:29:24.939Z</time>
      </trkpt>
      <trkpt lat="37.686268" lon="-122.180325">
        <ele>2.752451</ele>
        <time>2023-07-16T00:29:27.939Z</time>
      </trkpt>
      <trkpt lat="37.686177" lon="-122.180286">
        <ele>2.724157</ele>
        <time>2023-07-16T00:29:29.939Z</time>
      </trkpt>
      <trkpt lat="37.686082" lon="-122.180250">
        <ele>2.694953</ele>
        <time>2023-07-16T00:29:31.939Z</time>
      </trkpt>
      <trkpt lat="37.685978" lon="-122.180207">
        <ele>2.662733</ele>
        <time>2023-07-16T00:29:33.939Z</time>
      </trkpt>
      <trkpt lat="37.685872" lon="-122.180155">
        <ele>2.629251</ele>
        <time>2023-07-16T00:29:35.939Z</time>
      </trkpt>
      <trkpt lat="37.685764" lon="-122.180109">
        <ele>2.595692</ele>
        <time>2023-07-16T00:29:37.939Z</time>
      </trkpt>
      <trkpt lat="37.685656" lon="-122.180068">
        <ele>2.562488</ele>
        <time>2023-07-16T00:29:39.939Z</time>
      </trkpt>
      <trkpt lat="37.685549" lon="-122.180026">
        <ele>2.529496</ele>
        <time>2023-07-16T00:29:41.939Z</time>
      </trkpt>
      <trkpt lat="37.685439" lon="-122.179974">
        <ele>2.494914</ele>
        <time>2023-07-16T00:29:43.939Z</time>
      </trkpt>
      <trkpt lat="37.685328" lon="-122.179912">
        <ele>2.459179</ele>
        <time>2023-07-16T00:29:45.939Z</time>
      </trkpt>
      <trkpt lat="37.685218" lon="-122.179856">
        <ele>2.441108</ele>
        <time>2023-07-16T00:29:47.939Z</time>
      </trkpt>
      <trkpt lat="37.685105" lon="-122.179793">
        <ele>2.452285</ele>
        <time>2023-07-16T00:29:49.939Z</time>
      </trkpt>
      <trkpt lat="37.684997" lon="-122.179725">
        <ele>2.463204</ele>
        <time>2023-07-16T00:29:51.939Z</time>
      </trkpt>
      <trkpt lat="37.684887" lon="-122.179668">
        <ele>2.473962</ele>
        <time>2023-07-16T00:29:53.939Z</time>
      </trkpt>
      <trkpt lat="37.684784" lon="-122.179606">
        <ele>2.484286</ele>
        <time>2023-07-16T00:29:55.939Z</time>
      </trkpt>
      <trkpt lat="37.684682" lon="-122.179551">
        <ele>2.494321</ele>
        <time>2023-07-16T00:29:57.939Z</time>
      </trkpt>
      <trkpt lat="37.684587" lon="-122.179497">
        <ele>2.503748</ele>
        <time>2023-07-16T00:29:59.938Z</time>
      </trkpt>
      <trkpt lat="37.684494" lon="-122.179440">
        <ele>2.513101</ele>
        <time>2023-07-16T00:30:01.938Z</time>
      </trkpt>
      <trkpt lat="37.684405" lon="-122.179382">
        <ele>2.522162</ele>
        <time>2023-07-16T00:30:03.938Z</time>
      </trkpt>
      <trkpt lat="37.684319" lon="-122.179332">
        <ele>2.530729</ele>
        <time>2023-07-16T00:30:05.938Z</time>
      </trkpt>
      <trkpt lat="37.684238" lon="-122.179280">
        <ele>2.538950</ele>
        <time>2023-07-16T00:30:07.938Z</time>
      </trkpt>
      <trkpt lat="37.684145" lon="-122.179218">
        <ele>2.548465</ele>
        <time>2023-07-16T00:30:10.938Z</time>
      </trkpt>
      <trkpt lat="37.683953" lon="-122.179090">
        <ele>2.568109</ele>
        <time>2023-07-16T00:30:44.939Z</time>
      </trkpt>
      <trkpt lat="37.683846" lon="-122.179020">
        <ele>2.579012</ele>
        <time>2023-07-16T00:30:47.939Z</time>
      </trkpt>
      <trkpt lat="37.683728" lon="-122.178940">
        <ele>2.591130</ele>
        <time>2023-07-16T00:30:50.938Z</time>
      </trkpt>
      <trkpt lat="37.683643" lon="-122.178883">
        <ele>2.599838</ele>
        <time>2023-07-16T00:30:52.938Z</time>
      </trkpt>
      <trkpt lat="37.683554" lon="-122.178833">
        <ele>2.611209</ele>
        <time>2023-07-16T00:30:54.938Z</time>
      </trkpt>
      <trkpt lat="37.683461" lon="-122.178783">
        <ele>2.623030</ele>
        <time>2023-07-16T00:30:56.938Z</time>
      </trkpt>
      <trkpt lat="37.683369" lon="-122.178722">
        <ele>2.635182</ele>
        <time>2023-07-16T00:30:58.938Z</time>
      </trkpt>
      <trkpt lat="37.683275" lon="-122.178670">
        <ele>2.647184</ele>
        <time>2023-07-16T00:31:00.938Z</time>
      </trkpt>
      <trkpt lat="37.683176" lon="-122.178616">
        <ele>2.659796</ele>
        <time>2023-07-16T00:31:02.938Z</time>
      </trkpt>
      <trkpt lat="37.683079" lon="-122.178558">
        <ele>2.672347</ele>
        <time>2023-07-16T00:31:04.938Z</time>
      </trkpt>
      <trkpt lat="37.682979" lon="-122.178500">
        <ele>2.685216</ele>
        <time>2023-07-16T00:31:06.938Z</time>
      </trkpt>
      <trkpt lat="37.682882" lon="-122.178441">
        <ele>2.697807</ele>
        <time>2023-07-16T00:31:08.938Z</time>
      </trkpt>
      <trkpt lat="37.682779" lon="-122.178383">
        <ele>2.710996</ele>
        <time>2023-07-16T00:31:10.938Z</time>
      </trkpt>
      <trkpt lat="37.682679" lon="-122.178313">
        <ele>2.724367</ele>
        <time>2023-07-16T00:31:12.938Z</time>
      </trkpt>
      <trkpt lat="37.682580" lon="-122.178226">
        <ele>2.738471</ele>
        <time>2023-07-16T00:31:14.938Z</time>
      </trkpt>
      <trkpt lat="37.682538" lon="-122.178068">
        <ele>2.753899</ele>
        <time>2023-07-16T00:31:16.938Z</time>
      </trkpt>
      <trkpt lat="37.682544" lon="-122.177896">
        <ele>2.769835</ele>
        <time>2023-07-16T00:31:18.938Z</time>
      </trkpt>
      <trkpt lat="37.682610" lon="-122.177743">
        <ele>2.785965</ele>
        <time>2023-07-16T00:31:20.938Z</time>
      </trkpt>
      <trkpt lat="37.682676" lon="-122.177595">
        <ele>2.801689</ele>
        <time>2023-07-16T00:31:22.938Z</time>
      </trkpt>
      <trkpt lat="37.682708" lon="-122.177434">
        <ele>2.797493</ele>
        <time>2023-07-16T00:31:24.938Z</time>
      </trkpt>
      <trkpt lat="37.682690" lon="-122.177260">
        <ele>2.766863</ele>
        <time>2023-07-16T00:31:26.938Z</time>
      </trkpt>
      <trkpt lat="37.682619" lon="-122.177111">
        <ele>2.736504</ele>
        <time>2023-07-16T00:31:28.938Z</time>
      </trkpt>
      <trkpt lat="37.682520" lon="-122.176992">
        <ele>2.706367</ele>
        <time>2023-07-16T00:31:30.938Z</time>
      </trkpt>
      <trkpt lat="37.682412" lon="-122.176895">
        <ele>2.677142</ele>
        <time>2023-07-16T00:31:32.938Z</time>
      </trkpt>
      <trkpt lat="37.682298" lon="-122.176807">
        <ele>2.647677</ele>
        <time>2023-07-16T00:31:34.938Z</time>
      </trkpt>
      <trkpt lat="37.682194" lon="-122.176709">
        <ele>2.619063</ele>
        <time>2023-07-16T00:31:36.938Z</time>
      </trkpt>
      <trkpt lat="37.682120" lon="-122.176565">
        <ele>2.589093</ele>
        <time>2023-07-16T00:31:38.938Z</time>
      </trkpt>
      <trkpt lat="37.682065" lon="-122.176412">
        <ele>2.559760</ele>
        <time>2023-07-16T00:31:40.937Z</time>
      </trkpt>
      <trkpt lat="37.682022" lon="-122.176251">
        <ele>2.530100</ele>
        <time>2023-07-16T00:31:42.937Z</time>
      </trkpt>
      <trkpt lat="37.681986" lon="-122.176083">
        <ele>2.499719</ele>
        <time>2023-07-16T00:31:44.937Z</time>
      </trkpt>
      <trkpt lat="37.681978" lon="-122.175914">
        <ele>2.470166</ele>
        <time>2023-07-16T00:31:46.937Z</time>
      </trkpt>
      <trkpt lat="37.681972" lon="-122.175752">
        <ele>2.441858</ele>
        <time>2023-07-16T00:31:48.937Z</time>
      </trkpt>
      <trkpt lat="37.681937" lon="-122.175581">
        <ele>2.414968</ele>
        <time>2023-07-16T00:31:50.937Z</time>
      </trkpt>
      <trkpt lat="37.681924" lon="-122.175402">
        <ele>2.432258</ele>
        <time>2023-07-16T00:31:52.937Z</time>
      </trkpt>
      <trkpt lat="37.681908" lon="-122.175228">
        <ele>2.449108</ele>
        <time>2023-07-16T00:31:54.937Z</time>
      </trkpt>
      <trkpt lat="37.681900" lon="-122.175058">
        <ele>2.465488</ele>
        <time>2023-07-16T00:31:56.937Z</time>
      </trkpt>
      <trkpt lat="37.681884" lon="-122.174891">
        <ele>2.481669</ele>
        <time>2023-07-16T00:31:58.937Z</time>
      </trkpt>
      <trkpt lat="37.681853" lon="-122.174723">
        <ele>2.498262</ele>
        <time>2023-07-16T00:32:00.937Z</time>
      </trkpt>
      <trkpt lat="37.681813" lon="-122.174556">
        <ele>2.515045</ele>
        <time>2023-07-16T00:32:02.937Z</time>
      </trkpt>
      <trkpt lat="37.681764" lon="-122.174394">
        <ele>2.531727</ele>
        <time>2023-07-16T00:32:04.937Z</time>
      </trkpt>
      <trkpt lat="37.681687" lon="-122.174244">
        <ele>2.548924</ele>
        <time>2023-07-16T00:32:06.937Z</time>
      </trkpt>
      <trkpt lat="37.681594" lon="-122.174104">
        <ele>2.566506</ele>
        <time>2023-07-16T00:32:08.937Z</time>
      </trkpt>
      <trkpt lat="37.681506" lon="-122.173963">
        <ele>2.583778</ele>
        <time>2023-07-16T00:32:10.937Z</time>
      </trkpt>
      <trkpt lat="37.681412" lon="-122.173827">
        <ele>2.601146</ele>
        <time>2023-07-16T00:32:12.937Z</time>
      </trkpt>
      <trkpt lat="37.681304" lon="-122.173716">
        <ele>2.618066</ele>
        <time>2023-07-16T00:32:14.937Z</time>
      </trkpt>
      <trkpt lat="37.681184" lon="-122.173619">
        <ele>2.632074</ele>
        <time>2023-07-16T00:32:16.937Z</time>
      </trkpt>
      <trkpt lat="37.681069" lon="-122.173518">
        <ele>2.631547</ele>
        <time>2023-07-16T00:32:18.937Z</time>
      </trkpt>
      <trkpt lat="37.680952" lon="-122.173416">
        <ele>2.631012</ele>
        <time>2023-07-16T00:32:20.937Z</time>
      </trkpt>
      <trkpt lat="37.680832" lon="-122.173325">
        <ele>2.630485</ele>
        <time>2023-07-16T00:32:22.937Z</time>
      </trkpt>
      <trkpt lat="37.680714" lon="-122.173230">
        <ele>2.629959</ele>
        <time>2023-07-16T00:32:24.937Z</time>
      </trkpt>
      <trkpt lat="37.680588" lon="-122.173139">
        <ele>2.629413</ele>
        <time>2023-07-16T00:32:26.937Z</time>
      </trkpt>
      <trkpt lat="37.680467" lon="-122.173039">
        <ele>2.628869</ele>
        <time>2023-07-16T00:32:28.937Z</time>
      </trkpt>
      <trkpt lat="37.680346" lon="-122.172944">
        <ele>2.628333</ele>
        <time>2023-07-16T00:32:30.937Z</time>
      </trkpt>
      <trkpt lat="37.680232" lon="-122.172833">
        <ele>2.627792</ele>
        <time>2023-07-16T00:32:32.937Z</time>
      </trkpt>
      <trkpt lat="37.680116" lon="-122.172715">
        <ele>2.627232</ele>
        <time>2023-07-16T00:32:34.937Z</time>
      </trkpt>
      <trkpt lat="37.680001" lon="-122.172598">
        <ele>2.626676</ele>
        <time>2023-07-16T00:32:36.937Z</time>
      </trkpt>
      <trkpt lat="37.679885" lon="-122.172477">
        <ele>2.626110</ele>
        <time>2023-07-16T00:32:38.937Z</time>
      </trkpt>
      <trkpt lat="37.679768" lon="-122.172359">
        <ele>2.625547</ele>
        <time>2023-07-16T00:32:40.937Z</time>
      </trkpt>
      <trkpt lat="37.679648" lon="-122.172248">
        <ele>2.612428</ele>
        <time>2023-07-16T00:32:42.937Z</time>
      </trkpt>
      <trkpt lat="37.679530" lon="-122.172133">
        <ele>2.595053</ele>
        <time>2023-07-16T00:32:44.937Z</time>
      </trkpt>
      <trkpt lat="37.679409" lon="-122.172019">
        <ele>2.577455</ele>
        <time>2023-07-16T00:32:46.937Z</time>
      </trkpt>
      <trkpt lat="37.679288" lon="-122.171908">
        <ele>2.560021</ele>
        <time>2023-07-16T00:32:48.937Z</time>
      </trkpt>
      <trkpt lat="37.679170" lon="-122.171795">
        <ele>2.542758</ele>
        <time>2023-07-16T00:32:50.938Z</time>
      </trkpt>
      <trkpt lat="37.679069" lon="-122.171660">
        <ele>2.525616</ele>
        <time>2023-07-16T00:32:52.937Z</time>
      </trkpt>
      <trkpt lat="37.678964" lon="-122.171521">
        <ele>2.507885</ele>
        <time>2023-07-16T00:32:54.937Z</time>
      </trkpt>
      <trkpt lat="37.678863" lon="-122.171379">
        <ele>2.490267</ele>
        <time>2023-07-16T00:32:56.937Z</time>
      </trkpt>
      <trkpt lat="37.678765" lon="-122.171222">
        <ele>2.471816</ele>
        <time>2023-07-16T00:32:58.938Z</time>
      </trkpt>
      <trkpt lat="37.678679" lon="-122.171066">
        <ele>2.454273</ele>
        <time>2023-07-16T00:33:00.938Z</time>
      </trkpt>
      <trkpt lat="37.678590" lon="-122.170905">
        <ele>2.436151</ele>
        <time>2023-07-16T00:33:02.938Z</time>
      </trkpt>
      <trkpt lat="37.678499" lon="-122.170751">
        <ele>2.418417</ele>
        <time>2023-07-16T00:33:04.938Z</time>
      </trkpt>
      <trkpt lat="37.678411" lon="-122.170594">
        <ele>2.417056</ele>
        <time>2023-07-16T00:33:06.938Z</time>
      </trkpt>
      <trkpt lat="37.678330" lon="-122.170431">
        <ele>2.418660</ele>
        <time>2023-07-16T00:33:08.937Z</time>
      </trkpt>
      <trkpt lat="37.678263" lon="-122.170261">
        <ele>2.420243</ele>
        <time>2023-07-16T00:33:10.937Z</time>
      </trkpt>
      <trkpt lat="37.678207" lon="-122.170082">
        <ele>2.421847</ele>
        <time>2023-07-16T00:33:12.937Z</time>
      </trkpt>
      <trkpt lat="37.678180" lon="-122.169894">
        <ele>2.423440</ele>
        <time>2023-07-16T00:33:14.937Z</time>
      </trkpt>
      <trkpt lat="37.678162" lon="-122.169702">
        <ele>2.425052</ele>
        <time>2023-07-16T00:33:16.937Z</time>
      </trkpt>
      <trkpt lat="37.678141" lon="-122.169510">
        <ele>2.426667</ele>
        <time>2023-07-16T00:33:18.937Z</time>
      </trkpt>
      <trkpt lat="37.678117" lon="-122.169320">
        <ele>2.428271</ele>
        <time>2023-07-16T00:33:20.937Z</time>
      </trkpt>
      <trkpt lat="37.678087" lon="-122.169133">
        <ele>2.429861</ele>
        <time>2023-07-16T00:33:22.937Z</time>
      </trkpt>
      <trkpt lat="37.678041" lon="-122.168950">
        <ele>2.431462</ele>
        <time>2023-07-16T00:33:24.937Z</time>
      </trkpt>
      <trkpt lat="37.677966" lon="-122.168782">
        <ele>2.433069</ele>
        <time>2023-07-16T00:33:26.937Z</time>
      </trkpt>
      <trkpt lat="37.677878" lon="-122.168620">
        <ele>2.437904</ele>
        <time>2023-07-16T00:33:28.937Z</time>
      </trkpt>
      <trkpt lat="37.677784" lon="-122.168471">
        <ele>2.515421</ele>
        <time>2023-07-16T00:33:30.937Z</time>
      </trkpt>
      <trkpt lat="37.677686" lon="-122.168324">
        <ele>2.593613</ele>
        <time>2023-07-16T00:33:32.937Z</time>
      </trkpt>
      <trkpt lat="37.677594" lon="-122.168171">
        <ele>2.671783</ele>
        <time>2023-07-16T00:33:34.937Z</time>
      </trkpt>
      <trkpt lat="37.677507" lon="-122.168014">
        <ele>2.749754</ele>
        <time>2023-07-16T00:33:36.937Z</time>
      </trkpt>
      <trkpt lat="37.677413" lon="-122.167857">
        <ele>2.829842</ele>
        <time>2023-07-16T00:33:38.937Z</time>
      </trkpt>
      <trkpt lat="37.677312" lon="-122.167704">
        <ele>2.910895</ele>
        <time>2023-07-16T00:33:40.937Z</time>
      </trkpt>
      <trkpt lat="37.677254" lon="-122.167598">
        <ele>2.963321</ele>
        <time>2023-07-16T00:33:42.937Z</time>
      </trkpt>
      <trkpt lat="37.677252" lon="-122.167473">
        <ele>3.014184</ele>
        <time>2023-07-16T00:33:44.937Z</time>
      </trkpt>
      <trkpt lat="37.677282" lon="-122.167328">
        <ele>3.075156</ele>
        <time>2023-07-16T00:33:46.937Z</time>
      </trkpt>
      <trkpt lat="37.677330" lon="-122.167188">
        <ele>3.137226</ele>
        <time>2023-07-16T00:33:48.937Z</time>
      </trkpt>
      <trkpt lat="37.677372" lon="-122.167045">
        <ele>3.199279</ele>
        <time>2023-07-16T00:33:50.937Z</time>
      </trkpt>
      <trkpt lat="37.677417" lon="-122.166901">
        <ele>3.262263</ele>
        <time>2023-07-16T00:33:52.937Z</time>
      </trkpt>
      <trkpt lat="37.677463" lon="-122.166759">
        <ele>3.324684</ele>
        <time>2023-07-16T00:33:54.937Z</time>
      </trkpt>
      <trkpt lat="37.677511" lon="-122.166612">
        <ele>3.352216</ele>
        <time>2023-07-16T00:33:56.937Z</time>
      </trkpt>
      <trkpt lat="37.677557" lon="-122.166467">
        <ele>3.337583</ele>
        <time>2023-07-16T00:33:58.937Z</time>
      </trkpt>
      <trkpt lat="37.677606" lon="-122.166319">
        <ele>3.322555</ele>
        <time>2023-07-16T00:34:00.937Z</time>
      </trkpt>
      <trkpt lat="37.677654" lon="-122.166171">
        <ele>3.307573</ele>
        <time>2023-07-16T00:34:02.937Z</time>
      </trkpt>
      <trkpt lat="37.677707" lon="-122.166032">
        <ele>3.293120</ele>
        <time>2023-07-16T00:34:04.937Z</time>
      </trkpt>
      <trkpt lat="37.677751" lon="-122.165884">
        <ele>3.278310</ele>
        <time>2023-07-16T00:34:06.937Z</time>
      </trkpt>
      <trkpt lat="37.677801" lon="-122.165745">
        <ele>3.264008</ele>
        <time>2023-07-16T00:34:08.937Z</time>
      </trkpt>
      <trkpt lat="37.677849" lon="-122.165608">
        <ele>3.249973</ele>
        <time>2023-07-16T00:34:10.937Z</time>
      </trkpt>
      <trkpt lat="37.677882" lon="-122.165453">
        <ele>3.234938</ele>
        <time>2023-07-16T00:34:12.937Z</time>
      </trkpt>
      <trkpt lat="37.677876" lon="-122.165292">
        <ele>3.219839</ele>
        <time>2023-07-16T00:34:14.937Z</time>
      </trkpt>
      <trkpt lat="37.677848" lon="-122.165131">
        <ele>3.204398</ele>
        <time>2023-07-16T00:34:16.936Z</time>
      </trkpt>
      <trkpt lat="37.677831" lon="-122.164969">
        <ele>3.189090</ele>
        <time>2023-07-16T00:34:18.936Z</time>
      </trkpt>
      <trkpt lat="37.677781" lon="-122.164820">
        <ele>3.173930</ele>
        <time>2023-07-16T00:34:20.936Z</time>
      </trkpt>
      <trkpt lat="37.677720" lon="-122.164683">
        <ele>3.159205</ele>
        <time>2023-07-16T00:34:22.936Z</time>
      </trkpt>
      <trkpt lat="37.677654" lon="-122.164554">
        <ele>3.156855</ele>
        <time>2023-07-16T00:34:24.936Z</time>
      </trkpt>
      <trkpt lat="37.677649" lon="-122.164401">
        <ele>3.259564</ele>
        <time>2023-07-16T00:34:26.936Z</time>
      </trkpt>
      <trkpt lat="37.677680" lon="-122.164252">
        <ele>3.362897</ele>
        <time>2023-07-16T00:34:28.936Z</time>
      </trkpt>
      <trkpt lat="37.677718" lon="-122.164091">
        <ele>3.475584</ele>
        <time>2023-07-16T00:34:30.936Z</time>
      </trkpt>
      <trkpt lat="37.677752" lon="-122.163927">
        <ele>3.589294</ele>
        <time>2023-07-16T00:34:32.936Z</time>
      </trkpt>
      <trkpt lat="37.677785" lon="-122.163767">
        <ele>3.700194</ele>
        <time>2023-07-16T00:34:34.936Z</time>
      </trkpt>
      <trkpt lat="37.677819" lon="-122.163604">
        <ele>3.813256</ele>
        <time>2023-07-16T00:34:36.936Z</time>
      </trkpt>
      <trkpt lat="37.677852" lon="-122.163436">
        <ele>3.929356</ele>
        <time>2023-07-16T00:34:38.936Z</time>
      </trkpt>
      <trkpt lat="37.677896" lon="-122.163273">
        <ele>4.044868</ele>
        <time>2023-07-16T00:34:40.936Z</time>
      </trkpt>
      <trkpt lat="37.677875" lon="-122.163109">
        <ele>4.156297</ele>
        <time>2023-07-16T00:34:42.936Z</time>
      </trkpt>
      <trkpt lat="37.677793" lon="-122.162969">
        <ele>4.273116</ele>
        <time>2023-07-16T00:34:44.936Z</time>
      </trkpt>
      <trkpt lat="37.677722" lon="-122.162828">
        <ele>4.385206</ele>
        <time>2023-07-16T00:34:46.936Z</time>
      </trkpt>
      <trkpt lat="37.677625" lon="-122.162696">
        <ele>4.506020</ele>
        <time>2023-07-16T00:34:48.936Z</time>
      </trkpt>
      <trkpt lat="37.677505" lon="-122.162578">
        <ele>4.634884</ele>
        <time>2023-07-16T00:34:50.936Z</time>
      </trkpt>
      <trkpt lat="37.677383" lon="-122.162481">
        <ele>4.669057</ele>
        <time>2023-07-16T00:34:52.936Z</time>
      </trkpt>
      <trkpt lat="37.677265" lon="-122.162380">
        <ele>4.666960</ele>
        <time>2023-07-16T00:34:54.936Z</time>
      </trkpt>
      <trkpt lat="37.677145" lon="-122.162285">
        <ele>4.664877</ele>
        <time>2023-07-16T00:34:56.936Z</time>
      </trkpt>
      <trkpt lat="37.677036" lon="-122.162181">
        <ele>4.662868</ele>
        <time>2023-07-16T00:34:58.936Z</time>
      </trkpt>
      <trkpt lat="37.676924" lon="-122.162083">
        <ele>4.660864</ele>
        <time>2023-07-16T00:35:00.936Z</time>
      </trkpt>
      <trkpt lat="37.676817" lon="-122.161984">
        <ele>4.658913</ele>
        <time>2023-07-16T00:35:02.936Z</time>
      </trkpt>
      <trkpt lat="37.676703" lon="-122.161900">
        <ele>4.656972</ele>
        <time>2023-07-16T00:35:04.935Z</time>
      </trkpt>
      <trkpt lat="37.676593" lon="-122.161802">
        <ele>4.654992</ele>
        <time>2023-07-16T00:35:06.935Z</time>
      </trkpt>
      <trkpt lat="37.676489" lon="-122.161706">
        <ele>4.653097</ele>
        <time>2023-07-16T00:35:08.935Z</time>
      </trkpt>
      <trkpt lat="37.676383" lon="-122.161619">
        <ele>4.651238</ele>
        <time>2023-07-16T00:35:10.935Z</time>
      </trkpt>
      <trkpt lat="37.676275" lon="-122.161549">
        <ele>4.649452</ele>
        <time>2023-07-16T00:35:12.935Z</time>
      </trkpt>
      <trkpt lat="37.676169" lon="-122.161455">
        <ele>4.647547</ele>
        <time>2023-07-16T00:35:14.935Z</time>
      </trkpt>
      <trkpt lat="37.676064" lon="-122.161363">
        <ele>4.645667</ele>
        <time>2023-07-16T00:35:16.935Z</time>
      </trkpt>
      <trkpt lat="37.675957" lon="-122.161269">
        <ele>4.641528</ele>
        <time>2023-07-16T00:35:18.935Z</time>
      </trkpt>
      <trkpt lat="37.675854" lon="-122.161174">
        <ele>4.627716</ele>
        <time>2023-07-16T00:35:20.935Z</time>
      </trkpt>
      <trkpt lat="37.675754" lon="-122.161084">
        <ele>4.614419</ele>
        <time>2023-07-16T00:35:22.935Z</time>
      </trkpt>
      <trkpt lat="37.675655" lon="-122.160998">
        <ele>4.601406</ele>
        <time>2023-07-16T00:35:24.935Z</time>
      </trkpt>
      <trkpt lat="37.675550" lon="-122.160946">
        <ele>4.589192</ele>
        <time>2023-07-16T00:35:26.935Z</time>
      </trkpt>
      <trkpt lat="37.675433" lon="-122.160934">
        <ele>4.576478</ele>
        <time>2023-07-16T00:35:28.935Z</time>
      </trkpt>
      <trkpt lat="37.675321" lon="-122.160876">
        <ele>4.563368</ele>
        <time>2023-07-16T00:35:30.935Z</time>
      </trkpt>
      <trkpt lat="37.675241" lon="-122.160802">
        <ele>4.552630</ele>
        <time>2023-07-16T00:35:32.935Z</time>
      </trkpt>
      <trkpt lat="37.675157" lon="-122.160743">
        <ele>4.542221</ele>
        <time>2023-07-16T00:35:34.935Z</time>
      </trkpt>
      <trkpt lat="37.675085" lon="-122.160653">
        <ele>4.531251</ele>
        <time>2023-07-16T00:35:36.935Z</time>
      </trkpt>
      <trkpt lat="37.674988" lon="-122.160558">
        <ele>4.517959</ele>
        <time>2023-07-16T00:35:38.935Z</time>
      </trkpt>
      <trkpt lat="37.674890" lon="-122.160476">
        <ele>4.505228</ele>
        <time>2023-07-16T00:35:40.935Z</time>
      </trkpt>
      <trkpt lat="37.674789" lon="-122.160416">
        <ele>4.493140</ele>
        <time>2023-07-16T00:35:42.935Z</time>
      </trkpt>
      <trkpt lat="37.674685" lon="-122.160348">
        <ele>4.480457</ele>
        <time>2023-07-16T00:35:44.935Z</time>
      </trkpt>
      <trkpt lat="37.674575" lon="-122.160276">
        <ele>4.467040</ele>
        <time>2023-07-16T00:35:46.935Z</time>
      </trkpt>
      <trkpt lat="37.674473" lon="-122.160206">
        <ele>4.454468</ele>
        <time>2023-07-16T00:35:48.935Z</time>
      </trkpt>
      <trkpt lat="37.674363" lon="-122.160136">
        <ele>4.428125</ele>
        <time>2023-07-16T00:35:50.935Z</time>
      </trkpt>
      <trkpt lat="37.674256" lon="-122.160061">
        <ele>4.393769</ele>
        <time>2023-07-16T00:35:52.935Z</time>
      </trkpt>
      <trkpt lat="37.674142" lon="-122.159993">
        <ele>4.358374</ele>
        <time>2023-07-16T00:35:54.935Z</time>
      </trkpt>
      <trkpt lat="37.674026" lon="-122.159926">
        <ele>4.322563</ele>
        <time>2023-07-16T00:35:56.935Z</time>
      </trkpt>
      <trkpt lat="37.673913" lon="-122.159845">
        <ele>4.286086</ele>
        <time>2023-07-16T00:35:58.935Z</time>
      </trkpt>
      <trkpt lat="37.673800" lon="-122.159771">
        <ele>4.250351</ele>
        <time>2023-07-16T00:36:00.935Z</time>
      </trkpt>
      <trkpt lat="37.673689" lon="-122.159700">
        <ele>4.215419</ele>
        <time>2023-07-16T00:36:02.935Z</time>
      </trkpt>
      <trkpt lat="37.673578" lon="-122.159625">
        <ele>4.180077</ele>
        <time>2023-07-16T00:36:04.935Z</time>
      </trkpt>
      <trkpt lat="37.673463" lon="-122.159558">
        <ele>4.144522</ele>
        <time>2023-07-16T00:36:06.935Z</time>
      </trkpt>
      <trkpt lat="37.673351" lon="-122.159489">
        <ele>4.109537</ele>
        <time>2023-07-16T00:36:08.935Z</time>
      </trkpt>
      <trkpt lat="37.673237" lon="-122.159417">
        <ele>4.073753</ele>
        <time>2023-07-16T00:36:10.935Z</time>
      </trkpt>
      <trkpt lat="37.673133" lon="-122.159339">
        <ele>4.039796</ele>
        <time>2023-07-16T00:36:12.935Z</time>
      </trkpt>
      <trkpt lat="37.673028" lon="-122.159294">
        <ele>4.008665</ele>
        <time>2023-07-16T00:36:14.934Z</time>
      </trkpt>
      <trkpt lat="37.672943" lon="-122.159346">
        <ele>3.982150</ele>
        <time>2023-07-16T00:36:16.934Z</time>
      </trkpt>
      <trkpt lat="37.672885" lon="-122.159456">
        <ele>3.952777</ele>
        <time>2023-07-16T00:36:18.934Z</time>
      </trkpt>
      <trkpt lat="37.672823" lon="-122.159576">
        <ele>3.907097</ele>
        <time>2023-07-16T00:36:20.934Z</time>
      </trkpt>
      <trkpt lat="37.672753" lon="-122.159686">
        <ele>3.857161</ele>
        <time>2023-07-16T00:36:22.934Z</time>
      </trkpt>
      <trkpt lat="37.672688" lon="-122.159795">
        <ele>3.808877</ele>
        <time>2023-07-16T00:36:24.934Z</time>
      </trkpt>
      <trkpt lat="37.672623" lon="-122.159904">
        <ele>3.760593</ele>
        <time>2023-07-16T00:36:26.934Z</time>
      </trkpt>
      <trkpt lat="37.672560" lon="-122.160006">
        <ele>3.714818</ele>
        <time>2023-07-16T00:36:28.934Z</time>
      </trkpt>
      <trkpt lat="37.672500" lon="-122.160112">
        <ele>3.668712</ele>
        <time>2023-07-16T00:36:30.934Z</time>
      </trkpt>
      <trkpt lat="37.672437" lon="-122.160216">
        <ele>3.622377</ele>
        <time>2023-07-16T00:36:32.934Z</time>
      </trkpt>
      <trkpt lat="37.672374" lon="-122.160322">
        <ele>3.575479</ele>
        <time>2023-07-16T00:36:34.934Z</time>
      </trkpt>
      <trkpt lat="37.672311" lon="-122.160425">
        <ele>3.529424</ele>
        <time>2023-07-16T00:36:36.934Z</time>
      </trkpt>
      <trkpt lat="37.672252" lon="-122.160535">
        <ele>3.482412</ele>
        <time>2023-07-16T00:36:38.934Z</time>
      </trkpt>
      <trkpt lat="37.672186" lon="-122.160642">
        <ele>3.434418</ele>
        <time>2023-07-16T00:36:40.934Z</time>
      </trkpt>
      <trkpt lat="37.672122" lon="-122.160754">
        <ele>3.385545</ele>
        <time>2023-07-16T00:36:42.934Z</time>
      </trkpt>
      <trkpt lat="37.672053" lon="-122.160855">
        <ele>3.338341</ele>
        <time>2023-07-16T00:36:44.934Z</time>
      </trkpt>
      <trkpt lat="37.671993" lon="-122.160966">
        <ele>3.290785</ele>
        <time>2023-07-16T00:36:46.934Z</time>
      </trkpt>
      <trkpt lat="37.671933" lon="-122.161071">
        <ele>3.244966</ele>
        <time>2023-07-16T00:36:48.934Z</time>
      </trkpt>
      <trkpt lat="37.671871" lon="-122.161167">
        <ele>3.201129</ele>
        <time>2023-07-16T00:36:50.934Z</time>
      </trkpt>
      <trkpt lat="37.671814" lon="-122.161266">
        <ele>3.157816</ele>
        <time>2023-07-16T00:36:52.934Z</time>
      </trkpt>
      <trkpt lat="37.671756" lon="-122.161367">
        <ele>3.138228</ele>
        <time>2023-07-16T00:36:54.934Z</time>
      </trkpt>
      <trkpt lat="37.671697" lon="-122.161465">
        <ele>3.134809</ele>
        <time>2023-07-16T00:36:56.935Z</time>
      </trkpt>
      <trkpt lat="37.671642" lon="-122.161569">
        <ele>3.131335</ele>
        <time>2023-07-16T00:36:58.934Z</time>
      </trkpt>
      <trkpt lat="37.671579" lon="-122.161664">
        <ele>3.127893</ele>
        <time>2023-07-16T00:37:00.935Z</time>
      </trkpt>
      <trkpt lat="37.671520" lon="-122.161762">
        <ele>3.124474</ele>
        <time>2023-07-16T00:37:02.935Z</time>
      </trkpt>
      <trkpt lat="37.671467" lon="-122.161865">
        <ele>3.121062</ele>
        <time>2023-07-16T00:37:04.934Z</time>
      </trkpt>
      <trkpt lat="37.671405" lon="-122.161956">
        <ele>3.117728</ele>
        <time>2023-07-16T00:37:06.935Z</time>
      </trkpt>
      <trkpt lat="37.671354" lon="-122.162052">
        <ele>3.114517</ele>
        <time>2023-07-16T00:37:08.934Z</time>
      </trkpt>
      <trkpt lat="37.671300" lon="-122.162148">
        <ele>3.111246</ele>
        <time>2023-07-16T00:37:10.934Z</time>
      </trkpt>
      <trkpt lat="37.671243" lon="-122.162239">
        <ele>3.108023</ele>
        <time>2023-07-16T00:37:12.934Z</time>
      </trkpt>
      <trkpt lat="37.671175" lon="-122.162376">
        <ele>3.103532</ele>
        <time>2023-07-16T00:37:15.934Z</time>
      </trkpt>
      <trkpt lat="37.671102" lon="-122.162507">
        <ele>3.099083</ele>
        <time>2023-07-16T00:37:18.934Z</time>
      </trkpt>
      <trkpt lat="37.671010" lon="-122.162539">
        <ele>3.095735</ele>
        <time>2023-07-16T00:37:21.934Z</time>
      </trkpt>
      <trkpt lat="37.670930" lon="-122.162455">
        <ele>3.092085</ele>
        <time>2023-07-16T00:37:24.934Z</time>
      </trkpt>
      <trkpt lat="37.670838" lon="-122.162367">
        <ele>3.088037</ele>
        <time>2023-07-16T00:37:27.934Z</time>
      </trkpt>
      <trkpt lat="37.670758" lon="-122.162297">
        <ele>3.084622</ele>
        <time>2023-07-16T00:37:30.934Z</time>
      </trkpt>
      <trkpt lat="37.670678" lon="-122.162230">
        <ele>3.081255</ele>
        <time>2023-07-16T00:37:33.934Z</time>
      </trkpt>
      <trkpt lat="37.670586" lon="-122.162160">
        <ele>3.077486</ele>
        <time>2023-07-16T00:37:36.934Z</time>
      </trkpt>
      <trkpt lat="37.670483" lon="-122.162189">
        <ele>3.082440</ele>
        <time>2023-07-16T00:37:39.934Z</time>
      </trkpt>
      <trkpt lat="37.670380" lon="-122.162262">
        <ele>3.088756</ele>
        <time>2023-07-16T00:37:42.934Z</time>
      </trkpt>
      <trkpt lat="37.670273" lon="-122.162323">
        <ele>3.095034</ele>
        <time>2023-07-16T00:37:45.934Z</time>
      </trkpt>
      <trkpt lat="37.670152" lon="-122.162345">
        <ele>3.101572</ele>
        <time>2023-07-16T00:37:48.934Z</time>
      </trkpt>
      <trkpt lat="37.670032" lon="-122.162288">
        <ele>3.108428</ele>
        <time>2023-07-16T00:37:51.933Z</time>
      </trkpt>
      <trkpt lat="37.669931" lon="-122.162200">
        <ele>3.114990</ele>
        <time>2023-07-16T00:37:54.933Z</time>
      </trkpt>
      <trkpt lat="37.669822" lon="-122.162123">
        <ele>3.121669</ele>
        <time>2023-07-16T00:37:57.933Z</time>
      </trkpt>
      <trkpt lat="37.669699" lon="-122.162058">
        <ele>3.128799</ele>
        <time>2023-07-16T00:38:00.933Z</time>
      </trkpt>
      <trkpt lat="37.669612" lon="-122.162026">
        <ele>3.133646</ele>
        <time>2023-07-16T00:38:02.933Z</time>
      </trkpt>
      <trkpt lat="37.669524" lon="-122.161997">
        <ele>3.138509</ele>
        <time>2023-07-16T00:38:04.933Z</time>
      </trkpt>
      <trkpt lat="37.669395" lon="-122.161951">
        <ele>3.145678</ele>
        <time>2023-07-16T00:38:07.933Z</time>
      </trkpt>
      <trkpt lat="37.669307" lon="-122.161918">
        <ele>3.150587</ele>
        <time>2023-07-16T00:38:09.933Z</time>
      </trkpt>
      <trkpt lat="37.669220" lon="-122.161883">
        <ele>3.155470</ele>
        <time>2023-07-16T00:38:11.933Z</time>
      </trkpt>
      <trkpt lat="37.669096" lon="-122.161835">
        <ele>3.162406</ele>
        <time>2023-07-16T00:38:14.933Z</time>
      </trkpt>
      <trkpt lat="37.669004" lon="-122.161800">
        <ele>3.167545</ele>
        <time>2023-07-16T00:38:16.933Z</time>
      </trkpt>
      <trkpt lat="37.668917" lon="-122.161764">
        <ele>3.172441</ele>
        <time>2023-07-16T00:38:18.933Z</time>
      </trkpt>
      <trkpt lat="37.668829" lon="-122.161731">
        <ele>3.183576</ele>
        <time>2023-07-16T00:38:20.933Z</time>
      </trkpt>
      <trkpt lat="37.668739" lon="-122.161695">
        <ele>3.196595</ele>
        <time>2023-07-16T00:38:22.933Z</time>
      </trkpt>
      <trkpt lat="37.668643" lon="-122.161657">
        <ele>3.210469</ele>
        <time>2023-07-16T00:38:24.933Z</time>
      </trkpt>
      <trkpt lat="37.668545" lon="-122.161615">
        <ele>3.224740</ele>
        <time>2023-07-16T00:38:26.933Z</time>
      </trkpt>
      <trkpt lat="37.668451" lon="-122.161577">
        <ele>3.238351</ele>
        <time>2023-07-16T00:38:28.933Z</time>
      </trkpt>
      <trkpt lat="37.668352" lon="-122.161543">
        <ele>3.252499</ele>
        <time>2023-07-16T00:38:30.933Z</time>
      </trkpt>
      <trkpt lat="37.668254" lon="-122.161501">
        <ele>3.266771</ele>
        <time>2023-07-16T00:38:32.933Z</time>
      </trkpt>
      <trkpt lat="37.668153" lon="-122.161472">
        <ele>3.281055</ele>
        <time>2023-07-16T00:38:34.933Z</time>
      </trkpt>
      <trkpt lat="37.668051" lon="-122.161450">
        <ele>3.295325</ele>
        <time>2023-07-16T00:38:36.933Z</time>
      </trkpt>
      <trkpt lat="37.667948" lon="-122.161432">
        <ele>3.309664</ele>
        <time>2023-07-16T00:38:38.933Z</time>
      </trkpt>
      <trkpt lat="37.667840" lon="-122.161435">
        <ele>3.324562</ele>
        <time>2023-07-16T00:38:40.933Z</time>
      </trkpt>
      <trkpt lat="37.667732" lon="-122.161427">
        <ele>3.339482</ele>
        <time>2023-07-16T00:38:42.933Z</time>
      </trkpt>
      <trkpt lat="37.667632" lon="-122.161421">
        <ele>3.353288</ele>
        <time>2023-07-16T00:38:44.933Z</time>
      </trkpt>
      <trkpt lat="37.667524" lon="-122.161420">
        <ele>3.368182</ele>
        <time>2023-07-16T00:38:46.933Z</time>
      </trkpt>
      <trkpt lat="37.667423" lon="-122.161412">
        <ele>3.382138</ele>
        <time>2023-07-16T00:38:48.933Z</time>
      </trkpt>
      <trkpt lat="37.667318" lon="-122.161400">
        <ele>3.396678</ele>
        <time>2023-07-16T00:38:50.933Z</time>
      </trkpt>
      <trkpt lat="37.667215" lon="-122.161389">
        <ele>3.410933</ele>
        <time>2023-07-16T00:38:52.933Z</time>
      </trkpt>
      <trkpt lat="37.667116" lon="-122.161366">
        <ele>3.415394</ele>
        <time>2023-07-16T00:38:54.933Z</time>
      </trkpt>
      <trkpt lat="37.667029" lon="-122.161306">
        <ele>3.390752</ele>
        <time>2023-07-16T00:38:56.933Z</time>
      </trkpt>
      <trkpt lat="37.666934" lon="-122.161256">
        <ele>3.365167</ele>
        <time>2023-07-16T00:38:58.932Z</time>
      </trkpt>
      <trkpt lat="37.666824" lon="-122.161255">
        <ele>3.337819</ele>
        <time>2023-07-16T00:39:00.932Z</time>
      </trkpt>
      <trkpt lat="37.666733" lon="-122.161308">
        <ele>3.312907</ele>
        <time>2023-07-16T00:39:02.933Z</time>
      </trkpt>
      <trkpt lat="37.666644" lon="-122.161361">
        <ele>3.288446</ele>
        <time>2023-07-16T00:39:04.933Z</time>
      </trkpt>
      <trkpt lat="37.666545" lon="-122.161372">
        <ele>3.263739</ele>
        <time>2023-07-16T00:39:06.934Z</time>
      </trkpt>
      <trkpt lat="37.666448" lon="-122.161327">
        <ele>3.238050</ele>
        <time>2023-07-16T00:39:08.934Z</time>
      </trkpt>
      <trkpt lat="37.666355" lon="-122.161281">
        <ele>3.213220</ele>
        <time>2023-07-16T00:39:10.933Z</time>
      </trkpt>
      <trkpt lat="37.666262" lon="-122.161226">
        <ele>3.187692</ele>
        <time>2023-07-16T00:39:12.933Z</time>
      </trkpt>
      <trkpt lat="37.666173" lon="-122.161156">
        <ele>3.161628</ele>
        <time>2023-07-16T00:39:14.933Z</time>
      </trkpt>
      <trkpt lat="37.666107" lon="-122.161062">
        <ele>3.136901</ele>
        <time>2023-07-16T00:39:16.933Z</time>
      </trkpt>
      <trkpt lat="37.666074" lon="-122.160952">
        <ele>3.113751</ele>
        <time>2023-07-16T00:39:18.933Z</time>
      </trkpt>
      <trkpt lat="37.666029" lon="-122.160853">
        <ele>3.091285</ele>
        <time>2023-07-16T00:39:20.933Z</time>
      </trkpt>
      <trkpt lat="37.665935" lon="-122.160796">
        <ele>3.065363</ele>
        <time>2023-07-16T00:39:23.933Z</time>
      </trkpt>
      <trkpt lat="37.665808" lon="-122.160746">
        <ele>3.032293</ele>
        <time>2023-07-16T00:39:26.933Z</time>
      </trkpt>
      <trkpt lat="37.665723" lon="-122.160708">
        <ele>3.009877</ele>
        <time>2023-07-16T00:39:28.933Z</time>
      </trkpt>
      <trkpt lat="37.665631" lon="-122.160687">
        <ele>2.986635</ele>
        <time>2023-07-16T00:39:30.933Z</time>
      </trkpt>
      <trkpt lat="37.665533" lon="-122.160723">
        <ele>2.968361</ele>
        <time>2023-07-16T00:39:32.933Z</time>
      </trkpt>
      <trkpt lat="37.665435" lon="-122.160735">
        <ele>2.957213</ele>
        <time>2023-07-16T00:39:34.933Z</time>
      </trkpt>
      <trkpt lat="37.665342" lon="-122.160700">
        <ele>2.946226</ele>
        <time>2023-07-16T00:39:36.933Z</time>
      </trkpt>
      <trkpt lat="37.665248" lon="-122.160670">
        <ele>2.935248</ele>
        <time>2023-07-16T00:39:38.933Z</time>
      </trkpt>
      <trkpt lat="37.665153" lon="-122.160641">
        <ele>2.924183</ele>
        <time>2023-07-16T00:39:40.932Z</time>
      </trkpt>
      <trkpt lat="37.665064" lon="-122.160612">
        <ele>2.913776</ele>
        <time>2023-07-16T00:39:42.932Z</time>
      </trkpt>
      <trkpt lat="37.664932" lon="-122.160569">
        <ele>2.898341</ele>
        <time>2023-07-16T00:39:45.932Z</time>
      </trkpt>
      <trkpt lat="37.664839" lon="-122.160538">
        <ele>2.887451</ele>
        <time>2023-07-16T00:39:47.932Z</time>
      </trkpt>
      <trkpt lat="37.664747" lon="-122.160516">
        <ele>2.876849</ele>
        <time>2023-07-16T00:39:49.932Z</time>
      </trkpt>
      <trkpt lat="37.664654" lon="-122.160486">
        <ele>2.865982</ele>
        <time>2023-07-16T00:39:51.932Z</time>
      </trkpt>
      <trkpt lat="37.664561" lon="-122.160465">
        <ele>2.855285</ele>
        <time>2023-07-16T00:39:53.932Z</time>
      </trkpt>
      <trkpt lat="37.664469" lon="-122.160427">
        <ele>2.844326</ele>
        <time>2023-07-16T00:39:55.932Z</time>
      </trkpt>
      <trkpt lat="37.664369" lon="-122.160391">
        <ele>2.832552</ele>
        <time>2023-07-16T00:39:57.932Z</time>
      </trkpt>
      <trkpt lat="37.664266" lon="-122.160361">
        <ele>2.820584</ele>
        <time>2023-07-16T00:39:59.932Z</time>
      </trkpt>
      <trkpt lat="37.664166" lon="-122.160327">
        <ele>2.808859</ele>
        <time>2023-07-16T00:40:01.932Z</time>
      </trkpt>
      <trkpt lat="37.664062" lon="-122.160294">
        <ele>2.796718</ele>
        <time>2023-07-16T00:40:03.932Z</time>
      </trkpt>
      <trkpt lat="37.663958" lon="-122.160264">
        <ele>2.784639</ele>
        <time>2023-07-16T00:40:05.932Z</time>
      </trkpt>
      <trkpt lat="37.663858" lon="-122.160230">
        <ele>2.772914</ele>
        <time>2023-07-16T00:40:07.932Z</time>
      </trkpt>
      <trkpt lat="37.663759" lon="-122.160197">
        <ele>2.746707</ele>
        <time>2023-07-16T00:40:09.932Z</time>
      </trkpt>
      <trkpt lat="37.663660" lon="-122.160160">
        <ele>2.716702</ele>
        <time>2023-07-16T00:40:11.932Z</time>
      </trkpt>
      <trkpt lat="37.663558" lon="-122.160131">
        <ele>2.686317</ele>
        <time>2023-07-16T00:40:13.932Z</time>
      </trkpt>
      <trkpt lat="37.663451" lon="-122.160103">
        <ele>2.654559</ele>
        <time>2023-07-16T00:40:15.932Z</time>
      </trkpt>
      <trkpt lat="37.663342" lon="-122.160070">
        <ele>2.621984</ele>
        <time>2023-07-16T00:40:17.932Z</time>
      </trkpt>
      <trkpt lat="37.663256" lon="-122.160031">
        <ele>2.595428</ele>
        <time>2023-07-16T00:40:19.932Z</time>
      </trkpt>
      <trkpt lat="37.663159" lon="-122.159998">
        <ele>2.566233</ele>
        <time>2023-07-16T00:40:21.932Z</time>
      </trkpt>
      <trkpt lat="37.663061" lon="-122.159966">
        <ele>2.536815</ele>
        <time>2023-07-16T00:40:23.932Z</time>
      </trkpt>
      <trkpt lat="37.662957" lon="-122.159930">
        <ele>2.505476</ele>
        <time>2023-07-16T00:40:25.932Z</time>
      </trkpt>
      <trkpt lat="37.662857" lon="-122.159896">
        <ele>2.475379</ele>
        <time>2023-07-16T00:40:27.932Z</time>
      </trkpt>
      <trkpt lat="37.662757" lon="-122.159868">
        <ele>2.445611</ele>
        <time>2023-07-16T00:40:29.932Z</time>
      </trkpt>
      <trkpt lat="37.662655" lon="-122.159840">
        <ele>2.415275</ele>
        <time>2023-07-16T00:40:31.932Z</time>
      </trkpt>
      <trkpt lat="37.662554" lon="-122.159808">
        <ele>2.385012</ele>
        <time>2023-07-16T00:40:33.932Z</time>
      </trkpt>
      <trkpt lat="37.662448" lon="-122.159773">
        <ele>2.353171</ele>
        <time>2023-07-16T00:40:35.932Z</time>
      </trkpt>
      <trkpt lat="37.662348" lon="-122.159739">
        <ele>2.323074</ele>
        <time>2023-07-16T00:40:37.932Z</time>
      </trkpt>
      <trkpt lat="37.662244" lon="-122.159710">
        <ele>2.292121</ele>
        <time>2023-07-16T00:40:39.932Z</time>
      </trkpt>
      <trkpt lat="37.662139" lon="-122.159675">
        <ele>2.260560</ele>
        <time>2023-07-16T00:40:41.932Z</time>
      </trkpt>
      <trkpt lat="37.662035" lon="-122.159645">
        <ele>2.236874</ele>
        <time>2023-07-16T00:40:43.932Z</time>
      </trkpt>
      <trkpt lat="37.661927" lon="-122.159612">
        <ele>2.217452</ele>
        <time>2023-07-16T00:40:45.932Z</time>
      </trkpt>
      <trkpt lat="37.661823" lon="-122.159581">
        <ele>2.198775</ele>
        <time>2023-07-16T00:40:47.931Z</time>
      </trkpt>
      <trkpt lat="37.661720" lon="-122.159547">
        <ele>2.180168</ele>
        <time>2023-07-16T00:40:49.931Z</time>
      </trkpt>
      <trkpt lat="37.661625" lon="-122.159520">
        <ele>2.163148</ele>
        <time>2023-07-16T00:40:51.931Z</time>
      </trkpt>
      <trkpt lat="37.661528" lon="-122.159491">
        <ele>2.145725</ele>
        <time>2023-07-16T00:40:53.931Z</time>
      </trkpt>
      <trkpt lat="37.661432" lon="-122.159462">
        <ele>2.128473</ele>
        <time>2023-07-16T00:40:55.931Z</time>
      </trkpt>
      <trkpt lat="37.661336" lon="-122.159431">
        <ele>2.111154</ele>
        <time>2023-07-16T00:40:57.931Z</time>
      </trkpt>
      <trkpt lat="37.661240" lon="-122.159400">
        <ele>2.093835</ele>
        <time>2023-07-16T00:40:59.931Z</time>
      </trkpt>
      <trkpt lat="37.661136" lon="-122.159368">
        <ele>2.075125</ele>
        <time>2023-07-16T00:41:01.931Z</time>
      </trkpt>
      <trkpt lat="37.661031" lon="-122.159343">
        <ele>2.056450</ele>
        <time>2023-07-16T00:41:03.931Z</time>
      </trkpt>
      <trkpt lat="37.660921" lon="-122.159308">
        <ele>2.036623</ele>
        <time>2023-07-16T00:41:05.931Z</time>
      </trkpt>
      <trkpt lat="37.660814" lon="-122.159275">
        <ele>2.017371</ele>
        <time>2023-07-16T00:41:07.931Z</time>
      </trkpt>
      <trkpt lat="37.660711" lon="-122.159241">
        <ele>1.998764</ele>
        <time>2023-07-16T00:41:09.932Z</time>
      </trkpt>
      <trkpt lat="37.660612" lon="-122.159201">
        <ele>1.980596</ele>
        <time>2023-07-16T00:41:11.932Z</time>
      </trkpt>
      <trkpt lat="37.660515" lon="-122.159165">
        <ele>1.962925</ele>
        <time>2023-07-16T00:41:13.932Z</time>
      </trkpt>
      <trkpt lat="37.660415" lon="-122.159122">
        <ele>1.944462</ele>
        <time>2023-07-16T00:41:15.931Z</time>
      </trkpt>
      <trkpt lat="37.660320" lon="-122.159099">
        <ele>1.939077</ele>
        <time>2023-07-16T00:41:17.932Z</time>
      </trkpt>
      <trkpt lat="37.660225" lon="-122.159064">
        <ele>1.955107</ele>
        <time>2023-07-16T00:41:19.932Z</time>
      </trkpt>
      <trkpt lat="37.660127" lon="-122.159012">
        <ele>1.972324</ele>
        <time>2023-07-16T00:41:21.932Z</time>
      </trkpt>
      <trkpt lat="37.660028" lon="-122.158972">
        <ele>1.989161</ele>
        <time>2023-07-16T00:41:23.932Z</time>
      </trkpt>
      <trkpt lat="37.659930" lon="-122.158909">
        <ele>2.006973</ele>
        <time>2023-07-16T00:41:25.932Z</time>
      </trkpt>
      <trkpt lat="37.659850" lon="-122.158813">
        <ele>2.024846</ele>
        <time>2023-07-16T00:41:27.932Z</time>
      </trkpt>
      <trkpt lat="37.659797" lon="-122.158705">
        <ele>2.041140</ele>
        <time>2023-07-16T00:41:29.932Z</time>
      </trkpt>
      <trkpt lat="37.659751" lon="-122.158582">
        <ele>2.058585</ele>
        <time>2023-07-16T00:41:31.932Z</time>
      </trkpt>
      <trkpt lat="37.659712" lon="-122.158445">
        <ele>2.077254</ele>
        <time>2023-07-16T00:41:33.932Z</time>
      </trkpt>
      <trkpt lat="37.659677" lon="-122.158316">
        <ele>2.094740</ele>
        <time>2023-07-16T00:41:35.932Z</time>
      </trkpt>
      <trkpt lat="37.659644" lon="-122.158191">
        <ele>2.111637</ele>
        <time>2023-07-16T00:41:37.932Z</time>
      </trkpt>
      <trkpt lat="37.659608" lon="-122.158058">
        <ele>2.129662</ele>
        <time>2023-07-16T00:41:39.932Z</time>
      </trkpt>
      <trkpt lat="37.659569" lon="-122.157927">
        <ele>2.147609</ele>
        <time>2023-07-16T00:41:41.932Z</time>
      </trkpt>
      <trkpt lat="37.659528" lon="-122.157802">
        <ele>2.164959</ele>
        <time>2023-07-16T00:41:43.932Z</time>
      </trkpt>
      <trkpt lat="37.659443" lon="-122.157717">
        <ele>2.182520</ele>
        <time>2023-07-16T00:41:45.932Z</time>
      </trkpt>
      <trkpt lat="37.659336" lon="-122.157681">
        <ele>2.200456</ele>
        <time>2023-07-16T00:41:47.932Z</time>
      </trkpt>
      <trkpt lat="37.659224" lon="-122.157666">
        <ele>2.218700</ele>
        <time>2023-07-16T00:41:49.932Z</time>
      </trkpt>
      <trkpt lat="37.659121" lon="-122.157648">
        <ele>2.221494</ele>
        <time>2023-07-16T00:41:51.932Z</time>
      </trkpt>
      <trkpt lat="37.659013" lon="-122.157621">
        <ele>2.215825</ele>
        <time>2023-07-16T00:41:53.932Z</time>
      </trkpt>
      <trkpt lat="37.658912" lon="-122.157597">
        <ele>2.210534</ele>
        <time>2023-07-16T00:41:55.932Z</time>
      </trkpt>
      <trkpt lat="37.658814" lon="-122.157575">
        <ele>2.205410</ele>
        <time>2023-07-16T00:41:57.932Z</time>
      </trkpt>
      <trkpt lat="37.658710" lon="-122.157551">
        <ele>2.199967</ele>
        <time>2023-07-16T00:41:59.932Z</time>
      </trkpt>
      <trkpt lat="37.658604" lon="-122.157533">
        <ele>2.194460</ele>
        <time>2023-07-16T00:42:01.932Z</time>
      </trkpt>
      <trkpt lat="37.658498" lon="-122.157513">
        <ele>2.188942</ele>
        <time>2023-07-16T00:42:03.931Z</time>
      </trkpt>
      <trkpt lat="37.658393" lon="-122.157491">
        <ele>2.183463</ele>
        <time>2023-07-16T00:42:05.931Z</time>
      </trkpt>
      <trkpt lat="37.658283" lon="-122.157472">
        <ele>2.177747</ele>
        <time>2023-07-16T00:42:07.931Z</time>
      </trkpt>
      <trkpt lat="37.658173" lon="-122.157450">
        <ele>2.172013</ele>
        <time>2023-07-16T00:42:09.931Z</time>
      </trkpt>
      <trkpt lat="37.658059" lon="-122.157425">
        <ele>2.166056</ele>
        <time>2023-07-16T00:42:11.931Z</time>
      </trkpt>
      <trkpt lat="37.657946" lon="-122.157401">
        <ele>2.160157</ele>
        <time>2023-07-16T00:42:13.931Z</time>
      </trkpt>
      <trkpt lat="37.657838" lon="-122.157389">
        <ele>2.154575</ele>
        <time>2023-07-16T00:42:15.931Z</time>
      </trkpt>
      <trkpt lat="37.657729" lon="-122.157372">
        <ele>2.148920</ele>
        <time>2023-07-16T00:42:17.931Z</time>
      </trkpt>
      <trkpt lat="37.657628" lon="-122.157365">
        <ele>2.143713</ele>
        <time>2023-07-16T00:42:19.931Z</time>
      </trkpt>
      <trkpt lat="37.657524" lon="-122.157344">
        <ele>2.138290</ele>
        <time>2023-07-16T00:42:21.931Z</time>
      </trkpt>
      <trkpt lat="37.657424" lon="-122.157321">
        <ele>2.133057</ele>
        <time>2023-07-16T00:42:23.931Z</time>
      </trkpt>
      <trkpt lat="37.657323" lon="-122.157298">
        <ele>2.120401</ele>
        <time>2023-07-16T00:42:25.931Z</time>
      </trkpt>
      <trkpt lat="37.657220" lon="-122.157279">
        <ele>2.106275</ele>
        <time>2023-07-16T00:42:27.931Z</time>
      </trkpt>
      <trkpt lat="37.657112" lon="-122.157261">
        <ele>2.091491</ele>
        <time>2023-07-16T00:42:29.931Z</time>
      </trkpt>
      <trkpt lat="37.657004" lon="-122.157248">
        <ele>2.076769</ele>
        <time>2023-07-16T00:42:31.931Z</time>
      </trkpt>
      <trkpt lat="37.656898" lon="-122.157239">
        <ele>2.062351</ele>
        <time>2023-07-16T00:42:33.931Z</time>
      </trkpt>
      <trkpt lat="37.656789" lon="-122.157211">
        <ele>2.047256</ele>
        <time>2023-07-16T00:42:35.931Z</time>
      </trkpt>
      <trkpt lat="37.656691" lon="-122.157166">
        <ele>2.033105</ele>
        <time>2023-07-16T00:42:37.931Z</time>
      </trkpt>
      <trkpt lat="37.656597" lon="-122.157132">
        <ele>2.019836</ele>
        <time>2023-07-16T00:42:39.931Z</time>
      </trkpt>
      <trkpt lat="37.656505" lon="-122.157101">
        <ele>2.006914</ele>
        <time>2023-07-16T00:42:41.931Z</time>
      </trkpt>
      <trkpt lat="37.656403" lon="-122.157081">
        <ele>1.992907</ele>
        <time>2023-07-16T00:42:43.931Z</time>
      </trkpt>
      <trkpt lat="37.656307" lon="-122.157057">
        <ele>1.979626</ele>
        <time>2023-07-16T00:42:45.931Z</time>
      </trkpt>
      <trkpt lat="37.656220" lon="-122.157025">
        <ele>1.967329</ele>
        <time>2023-07-16T00:42:47.931Z</time>
      </trkpt>
      <trkpt lat="37.656130" lon="-122.157001">
        <ele>1.954846</ele>
        <time>2023-07-16T00:42:49.931Z</time>
      </trkpt>
      <trkpt lat="37.656037" lon="-122.156971">
        <ele>1.941820</ele>
        <time>2023-07-16T00:42:51.931Z</time>
      </trkpt>
      <trkpt lat="37.655937" lon="-122.156939">
        <ele>1.927821</ele>
        <time>2023-07-16T00:42:53.931Z</time>
      </trkpt>
      <trkpt lat="37.655840" lon="-122.156903">
        <ele>1.914101</ele>
        <time>2023-07-16T00:42:55.931Z</time>
      </trkpt>
      <trkpt lat="37.655744" lon="-122.156862">
        <ele>1.900348</ele>
        <time>2023-07-16T00:42:57.931Z</time>
      </trkpt>
      <trkpt lat="37.655647" lon="-122.156835">
        <ele>1.887555</ele>
        <time>2023-07-16T00:42:59.931Z</time>
      </trkpt>
      <trkpt lat="37.655543" lon="-122.156809">
        <ele>1.880643</ele>
        <time>2023-07-16T00:43:01.931Z</time>
      </trkpt>
      <trkpt lat="37.655439" lon="-122.156782">
        <ele>1.873719</ele>
        <time>2023-07-16T00:43:03.931Z</time>
      </trkpt>
      <trkpt lat="37.655342" lon="-122.156757">
        <ele>1.867264</ele>
        <time>2023-07-16T00:43:05.931Z</time>
      </trkpt>
      <trkpt lat="37.655243" lon="-122.156735">
        <ele>1.860710</ele>
        <time>2023-07-16T00:43:07.931Z</time>
      </trkpt>
      <trkpt lat="37.655147" lon="-122.156711">
        <ele>1.854329</ele>
        <time>2023-07-16T00:43:09.931Z</time>
      </trkpt>
      <trkpt lat="37.655051" lon="-122.156687">
        <ele>1.847947</ele>
        <time>2023-07-16T00:43:11.930Z</time>
      </trkpt>
      <trkpt lat="37.654949" lon="-122.156662">
        <ele>1.841172</ele>
        <time>2023-07-16T00:43:13.930Z</time>
      </trkpt>
      <trkpt lat="37.654850" lon="-122.156636">
        <ele>1.834579</ele>
        <time>2023-07-16T00:43:15.930Z</time>
      </trkpt>
      <trkpt lat="37.654748" lon="-122.156611">
        <ele>1.827804</ele>
        <time>2023-07-16T00:43:17.930Z</time>
      </trkpt>
      <trkpt lat="37.654646" lon="-122.156590">
        <ele>1.821065</ele>
        <time>2023-07-16T00:43:19.930Z</time>
      </trkpt>
      <trkpt lat="37.654545" lon="-122.156562">
        <ele>1.814323</ele>
        <time>2023-07-16T00:43:21.931Z</time>
      </trkpt>
      <trkpt lat="37.654441" lon="-122.156537">
        <ele>1.807420</ele>
        <time>2023-07-16T00:43:23.930Z</time>
      </trkpt>
      <trkpt lat="37.654348" lon="-122.156519">
        <ele>1.801285</ele>
        <time>2023-07-16T00:43:25.930Z</time>
      </trkpt>
      <trkpt lat="37.654257" lon="-122.156491">
        <ele>1.795178</ele>
        <time>2023-07-16T00:43:27.931Z</time>
      </trkpt>
      <trkpt lat="37.654138" lon="-122.156460">
        <ele>1.787255</ele>
        <time>2023-07-16T00:43:30.931Z</time>
      </trkpt>
      <trkpt lat="37.654019" lon="-122.156430">
        <ele>1.779343</ele>
        <time>2023-07-16T00:43:33.931Z</time>
      </trkpt>
      <trkpt lat="37.653913" lon="-122.156403">
        <ele>1.772292</ele>
        <time>2023-07-16T00:43:36.931Z</time>
      </trkpt>
      <trkpt lat="37.653817" lon="-122.156369">
        <ele>1.795363</ele>
        <time>2023-07-16T00:43:39.931Z</time>
      </trkpt>
      <trkpt lat="37.653713" lon="-122.156344">
        <ele>1.828338</ele>
        <time>2023-07-16T00:43:42.931Z</time>
      </trkpt>
      <trkpt lat="37.653597" lon="-122.156315">
        <ele>1.865171</ele>
        <time>2023-07-16T00:43:45.930Z</time>
      </trkpt>
      <trkpt lat="37.653486" lon="-122.156289">
        <ele>1.900334</ele>
        <time>2023-07-16T00:43:48.930Z</time>
      </trkpt>
      <trkpt lat="37.653365" lon="-122.156264">
        <ele>1.938524</ele>
        <time>2023-07-16T00:43:51.930Z</time>
      </trkpt>
      <trkpt lat="37.653249" lon="-122.156241">
        <ele>1.975098</ele>
        <time>2023-07-16T00:43:54.930Z</time>
      </trkpt>
      <trkpt lat="37.653116" lon="-122.156215">
        <ele>2.017017</ele>
        <time>2023-07-16T00:43:57.930Z</time>
      </trkpt>
      <trkpt lat="37.652985" lon="-122.156185">
        <ele>2.058486</ele>
        <time>2023-07-16T00:44:00.930Z</time>
      </trkpt>
      <trkpt lat="37.652894" lon="-122.156159">
        <ele>2.087547</ele>
        <time>2023-07-16T00:44:02.930Z</time>
      </trkpt>
      <trkpt lat="37.652803" lon="-122.156131">
        <ele>2.116720</ele>
        <time>2023-07-16T00:44:04.930Z</time>
      </trkpt>
      <trkpt lat="37.652675" lon="-122.156085">
        <ele>2.158171</ele>
        <time>2023-07-16T00:44:07.930Z</time>
      </trkpt>
      <trkpt lat="37.652545" lon="-122.156023">
        <ele>2.201454</ele>
        <time>2023-07-16T00:44:10.930Z</time>
      </trkpt>
      <trkpt lat="37.652461" lon="-122.155976">
        <ele>2.230070</ele>
        <time>2023-07-16T00:44:12.930Z</time>
      </trkpt>
      <trkpt lat="37.652374" lon="-122.155925">
        <ele>2.259945</ele>
        <time>2023-07-16T00:44:14.930Z</time>
      </trkpt>
      <trkpt lat="37.652252" lon="-122.155846">
        <ele>2.302648</ele>
        <time>2023-07-16T00:44:17.930Z</time>
      </trkpt>
      <trkpt lat="37.652165" lon="-122.155800">
        <ele>2.332962</ele>
        <time>2023-07-16T00:44:19.930Z</time>
      </trkpt>
      <trkpt lat="37.652073" lon="-122.155750">
        <ele>2.397387</ele>
        <time>2023-07-16T00:44:21.930Z</time>
      </trkpt>
      <trkpt lat="37.651975" lon="-122.155698">
        <ele>2.465763</ele>
        <time>2023-07-16T00:44:23.930Z</time>
      </trkpt>
      <trkpt lat="37.651871" lon="-122.155649">
        <ele>2.537164</ele>
        <time>2023-07-16T00:44:25.930Z</time>
      </trkpt>
      <trkpt lat="37.651769" lon="-122.155604">
        <ele>2.606663</ele>
        <time>2023-07-16T00:44:27.930Z</time>
      </trkpt>
      <trkpt lat="37.651676" lon="-122.155556">
        <ele>2.671287</ele>
        <time>2023-07-16T00:44:29.930Z</time>
      </trkpt>
      <trkpt lat="37.651562" lon="-122.155514">
        <ele>2.747674</ele>
        <time>2023-07-16T00:44:32.930Z</time>
      </trkpt>
      <trkpt lat="37.651470" lon="-122.155495">
        <ele>2.807639</ele>
        <time>2023-07-16T00:44:35.930Z</time>
      </trkpt>
      <trkpt lat="37.651371" lon="-122.155479">
        <ele>2.871840</ele>
        <time>2023-07-16T00:44:38.930Z</time>
      </trkpt>
      <trkpt lat="37.651262" lon="-122.155479">
        <ele>2.941955</ele>
        <time>2023-07-16T00:44:41.930Z</time>
      </trkpt>
      <trkpt lat="37.651147" lon="-122.155477">
        <ele>3.015935</ele>
        <time>2023-07-16T00:44:44.930Z</time>
      </trkpt>
      <trkpt lat="37.651030" lon="-122.155498">
        <ele>3.091952</ele>
        <time>2023-07-16T00:44:47.930Z</time>
      </trkpt>
      <trkpt lat="37.650909" lon="-122.155507">
        <ele>3.169920</ele>
        <time>2023-07-16T00:44:50.930Z</time>
      </trkpt>
      <trkpt lat="37.650782" lon="-122.155507">
        <ele>3.251613</ele>
        <time>2023-07-16T00:44:53.929Z</time>
      </trkpt>
      <trkpt lat="37.650653" lon="-122.155513">
        <ele>3.334649</ele>
        <time>2023-07-16T00:44:56.929Z</time>
      </trkpt>
      <trkpt lat="37.650522" lon="-122.155502">
        <ele>3.419101</ele>
        <time>2023-07-16T00:44:59.929Z</time>
      </trkpt>
      <trkpt lat="37.650393" lon="-122.155474">
        <ele>3.479678</ele>
        <time>2023-07-16T00:45:02.929Z</time>
      </trkpt>
      <trkpt lat="37.650264" lon="-122.155439">
        <ele>3.432419</ele>
        <time>2023-07-16T00:45:05.929Z</time>
      </trkpt>
      <trkpt lat="37.650172" lon="-122.155416">
        <ele>3.398828</ele>
        <time>2023-07-16T00:45:07.929Z</time>
      </trkpt>
      <trkpt lat="37.650084" lon="-122.155380">
        <ele>3.365696</ele>
        <time>2023-07-16T00:45:09.929Z</time>
      </trkpt>
      <trkpt lat="37.649997" lon="-122.155336">
        <ele>3.332130</ele>
        <time>2023-07-16T00:45:11.929Z</time>
      </trkpt>
      <trkpt lat="37.649906" lon="-122.155303">
        <ele>3.298219</ele>
        <time>2023-07-16T00:45:13.929Z</time>
      </trkpt>
      <trkpt lat="37.649809" lon="-122.155258">
        <ele>3.261207</ele>
        <time>2023-07-16T00:45:15.929Z</time>
      </trkpt>
      <trkpt lat="37.649709" lon="-122.155196">
        <ele>3.221307</ele>
        <time>2023-07-16T00:45:17.929Z</time>
      </trkpt>
      <trkpt lat="37.649611" lon="-122.155124">
        <ele>3.180699</ele>
        <time>2023-07-16T00:45:19.929Z</time>
      </trkpt>
      <trkpt lat="37.649518" lon="-122.155036">
        <ele>3.139077</ele>
        <time>2023-07-16T00:45:21.929Z</time>
      </trkpt>
      <trkpt lat="37.649422" lon="-122.154962">
        <ele>3.098795</ele>
        <time>2023-07-16T00:45:23.929Z</time>
      </trkpt>
      <trkpt lat="37.649319" lon="-122.154911">
        <ele>3.059169</ele>
        <time>2023-07-16T00:45:25.929Z</time>
      </trkpt>
      <trkpt lat="37.649227" lon="-122.154897">
        <ele>3.025979</ele>
        <time>2023-07-16T00:45:27.929Z</time>
      </trkpt>
      <trkpt lat="37.649094" lon="-122.154887">
        <ele>2.978257</ele>
        <time>2023-07-16T00:45:30.929Z</time>
      </trkpt>
      <trkpt lat="37.649002" lon="-122.154870">
        <ele>2.944955</ele>
        <time>2023-07-16T00:45:32.929Z</time>
      </trkpt>
      <trkpt lat="37.648910" lon="-122.154859">
        <ele>2.911855</ele>
        <time>2023-07-16T00:45:34.929Z</time>
      </trkpt>
      <trkpt lat="37.648817" lon="-122.154843">
        <ele>2.878238</ele>
        <time>2023-07-16T00:45:36.929Z</time>
      </trkpt>
      <trkpt lat="37.648720" lon="-122.154830">
        <ele>2.844252</ele>
        <time>2023-07-16T00:45:38.929Z</time>
      </trkpt>
      <trkpt lat="37.648625" lon="-122.154823">
        <ele>2.864314</ele>
        <time>2023-07-16T00:45:40.928Z</time>
      </trkpt>
      <trkpt lat="37.648532" lon="-122.154802">
        <ele>2.884232</ele>
        <time>2023-07-16T00:45:42.928Z</time>
      </trkpt>
      <trkpt lat="37.648440" lon="-122.154791">
        <ele>2.903715</ele>
        <time>2023-07-16T00:45:44.928Z</time>
      </trkpt>
      <trkpt lat="37.648345" lon="-122.154776">
        <ele>2.923899</ele>
        <time>2023-07-16T00:45:46.928Z</time>
      </trkpt>
      <trkpt lat="37.648254" lon="-122.154765">
        <ele>2.943172</ele>
        <time>2023-07-16T00:45:48.928Z</time>
      </trkpt>
      <trkpt lat="37.648161" lon="-122.154750">
        <ele>2.962938</ele>
        <time>2023-07-16T00:45:50.928Z</time>
      </trkpt>
      <trkpt lat="37.648064" lon="-122.154742">
        <ele>2.983432</ele>
        <time>2023-07-16T00:45:52.928Z</time>
      </trkpt>
      <trkpt lat="37.647964" lon="-122.154736">
        <ele>3.004538</ele>
        <time>2023-07-16T00:45:54.928Z</time>
      </trkpt>
      <trkpt lat="37.647865" lon="-122.154731">
        <ele>3.025427</ele>
        <time>2023-07-16T00:45:56.928Z</time>
      </trkpt>
      <trkpt lat="37.647771" lon="-122.154728">
        <ele>3.045251</ele>
        <time>2023-07-16T00:45:58.928Z</time>
      </trkpt>
      <trkpt lat="37.647635" lon="-122.154726">
        <ele>3.073925</ele>
        <time>2023-07-16T00:46:01.928Z</time>
      </trkpt>
      <trkpt lat="37.647503" lon="-122.154726">
        <ele>3.101754</ele>
        <time>2023-07-16T00:46:04.928Z</time>
      </trkpt>
      <trkpt lat="37.647377" lon="-122.154717">
        <ele>3.128361</ele>
        <time>2023-07-16T00:46:07.928Z</time>
      </trkpt>
      <trkpt lat="37.647262" lon="-122.154708">
        <ele>3.152652</ele>
        <time>2023-07-16T00:46:10.928Z</time>
      </trkpt>
      <trkpt lat="37.647162" lon="-122.154694">
        <ele>3.173864</ele>
        <time>2023-07-16T00:46:13.928Z</time>
      </trkpt>
      <trkpt lat="37.647059" lon="-122.154681">
        <ele>3.195687</ele>
        <time>2023-07-16T00:46:16.928Z</time>
      </trkpt>
      <trkpt lat="37.646936" lon="-122.154664">
        <ele>3.221774</ele>
        <time>2023-07-16T00:46:19.928Z</time>
      </trkpt>
      <trkpt lat="37.646811" lon="-122.154640">
        <ele>3.182114</ele>
        <time>2023-07-16T00:46:22.928Z</time>
      </trkpt>
      <trkpt lat="37.646690" lon="-122.154606">
        <ele>3.139826</ele>
        <time>2023-07-16T00:46:25.928Z</time>
      </trkpt>
      <trkpt lat="37.646567" lon="-122.154572">
        <ele>3.096872</ele>
        <time>2023-07-16T00:46:28.928Z</time>
      </trkpt>
      <trkpt lat="37.646476" lon="-122.154543">
        <ele>3.064854</ele>
        <time>2023-07-16T00:46:30.928Z</time>
      </trkpt>
      <trkpt lat="37.646385" lon="-122.154511">
        <ele>3.032629</ele>
        <time>2023-07-16T00:46:32.928Z</time>
      </trkpt>
      <trkpt lat="37.646285" lon="-122.154483">
        <ele>2.997686</ele>
        <time>2023-07-16T00:46:34.928Z</time>
      </trkpt>
      <trkpt lat="37.646191" lon="-122.154462">
        <ele>2.965121</ele>
        <time>2023-07-16T00:46:36.928Z</time>
      </trkpt>
      <trkpt lat="37.646099" lon="-122.154460">
        <ele>2.933731</ele>
        <time>2023-07-16T00:46:38.928Z</time>
      </trkpt>
      <trkpt lat="37.645965" lon="-122.154464">
        <ele>2.888004</ele>
        <time>2023-07-16T00:46:41.928Z</time>
      </trkpt>
      <trkpt lat="37.645870" lon="-122.154500">
        <ele>2.854168</ele>
        <time>2023-07-16T00:46:43.928Z</time>
      </trkpt>
      <trkpt lat="37.645796" lon="-122.154586">
        <ele>2.819861</ele>
        <time>2023-07-16T00:46:45.928Z</time>
      </trkpt>
      <trkpt lat="37.645772" lon="-122.154704">
        <ele>2.786953</ele>
        <time>2023-07-16T00:46:47.927Z</time>
      </trkpt>
      <trkpt lat="37.645749" lon="-122.154818">
        <ele>2.755175</ele>
        <time>2023-07-16T00:46:49.927Z</time>
      </trkpt>
      <trkpt lat="37.645691" lon="-122.154965">
        <ele>2.710810</ele>
        <time>2023-07-16T00:46:52.927Z</time>
      </trkpt>
      <trkpt lat="37.645610" lon="-122.155090">
        <ele>2.667180</ele>
        <time>2023-07-16T00:46:55.927Z</time>
      </trkpt>
      <trkpt lat="37.645503" lon="-122.155178">
        <ele>2.623620</ele>
        <time>2023-07-16T00:46:58.927Z</time>
      </trkpt>
      <trkpt lat="37.645381" lon="-122.155172">
        <ele>2.555473</ele>
        <time>2023-07-16T00:47:01.927Z</time>
      </trkpt>
      <trkpt lat="37.645316" lon="-122.155028">
        <ele>2.467613</ele>
        <time>2023-07-16T00:47:04.927Z</time>
      </trkpt>
      <trkpt lat="37.645290" lon="-122.154869">
        <ele>2.381554</ele>
        <time>2023-07-16T00:47:07.927Z</time>
      </trkpt>
      <trkpt lat="37.645300" lon="-122.154702">
        <ele>2.292781</ele>
        <time>2023-07-16T00:47:10.927Z</time>
      </trkpt>
      <trkpt lat="37.645331" lon="-122.154544">
        <ele>2.206499</ele>
        <time>2023-07-16T00:47:13.927Z</time>
      </trkpt>
      <trkpt lat="37.645289" lon="-122.154414">
        <ele>2.132075</ele>
        <time>2023-07-16T00:47:16.927Z</time>
      </trkpt>
      <trkpt lat="37.645187" lon="-122.154361">
        <ele>2.058240</ele>
        <time>2023-07-16T00:47:19.927Z</time>
      </trkpt>
      <trkpt lat="37.645081" lon="-122.154306">
        <ele>1.981524</ele>
        <time>2023-07-16T00:47:22.927Z</time>
      </trkpt>
      <trkpt lat="37.644953" lon="-122.154264">
        <ele>1.892992</ele>
        <time>2023-07-16T00:47:25.927Z</time>
      </trkpt>
      <trkpt lat="37.644825" lon="-122.154209">
        <ele>1.802481</ele>
        <time>2023-07-16T00:47:28.927Z</time>
      </trkpt>
      <trkpt lat="37.644701" lon="-122.154148">
        <ele>1.713396</ele>
        <time>2023-07-16T00:47:31.928Z</time>
      </trkpt>
      <trkpt lat="37.644577" lon="-122.154090">
        <ele>1.624876</ele>
        <time>2023-07-16T00:47:34.927Z</time>
      </trkpt>
      <trkpt lat="37.644490" lon="-122.154046">
        <ele>1.562139</ele>
        <time>2023-07-16T00:47:36.927Z</time>
      </trkpt>
      <trkpt lat="37.644404" lon="-122.154008">
        <ele>1.501146</ele>
        <time>2023-07-16T00:47:38.928Z</time>
      </trkpt>
      <trkpt lat="37.644274" lon="-122.153952">
        <ele>1.409196</ele>
        <time>2023-07-16T00:47:41.927Z</time>
      </trkpt>
      <trkpt lat="37.644187" lon="-122.153918">
        <ele>1.401433</ele>
        <time>2023-07-16T00:47:43.927Z</time>
      </trkpt>
      <trkpt lat="37.644102" lon="-122.153877">
        <ele>1.397176</ele>
        <time>2023-07-16T00:47:45.927Z</time>
      </trkpt>
      <trkpt lat="37.644012" lon="-122.153838">
        <ele>1.392726</ele>
        <time>2023-07-16T00:47:47.927Z</time>
      </trkpt>
      <trkpt lat="37.643920" lon="-122.153799">
        <ele>1.388186</ele>
        <time>2023-07-16T00:47:49.927Z</time>
      </trkpt>
      <trkpt lat="37.643831" lon="-122.153762">
        <ele>1.383803</ele>
        <time>2023-07-16T00:47:51.927Z</time>
      </trkpt>
      <trkpt lat="37.643740" lon="-122.153724">
        <ele>1.379320</ele>
        <time>2023-07-16T00:47:53.927Z</time>
      </trkpt>
      <trkpt lat="37.643655" lon="-122.153685">
        <ele>1.375090</ele>
        <time>2023-07-16T00:47:55.927Z</time>
      </trkpt>
      <trkpt lat="37.643525" lon="-122.153631">
        <ele>1.368688</ele>
        <time>2023-07-16T00:47:58.927Z</time>
      </trkpt>
      <trkpt lat="37.643439" lon="-122.153591">
        <ele>1.364401</ele>
        <time>2023-07-16T00:48:00.927Z</time>
      </trkpt>
      <trkpt lat="37.643353" lon="-122.153557">
        <ele>1.360186</ele>
        <time>2023-07-16T00:48:02.927Z</time>
      </trkpt>
      <trkpt lat="37.643264" lon="-122.153515">
        <ele>1.355742</ele>
        <time>2023-07-16T00:48:04.927Z</time>
      </trkpt>
      <trkpt lat="37.643175" lon="-122.153477">
        <ele>1.351347</ele>
        <time>2023-07-16T00:48:06.927Z</time>
      </trkpt>
      <trkpt lat="37.643086" lon="-122.153437">
        <ele>1.346928</ele>
        <time>2023-07-16T00:48:08.927Z</time>
      </trkpt>
      <trkpt lat="37.642995" lon="-122.153404">
        <ele>1.342500</ele>
        <time>2023-07-16T00:48:10.927Z</time>
      </trkpt>
      <trkpt lat="37.642868" lon="-122.153353">
        <ele>1.336266</ele>
        <time>2023-07-16T00:48:13.927Z</time>
      </trkpt>
      <trkpt lat="37.642750" lon="-122.153302">
        <ele>1.330432</ele>
        <time>2023-07-16T00:48:16.927Z</time>
      </trkpt>
      <trkpt lat="37.642635" lon="-122.153255">
        <ele>1.324778</ele>
        <time>2023-07-16T00:48:19.927Z</time>
      </trkpt>
      <trkpt lat="37.642513" lon="-122.153206">
        <ele>1.355636</ele>
        <time>2023-07-16T00:48:22.926Z</time>
      </trkpt>
      <trkpt lat="37.642392" lon="-122.153152">
        <ele>1.437920</ele>
        <time>2023-07-16T00:48:25.926Z</time>
      </trkpt>
      <trkpt lat="37.642271" lon="-122.153107">
        <ele>1.518796</ele>
        <time>2023-07-16T00:48:28.926Z</time>
      </trkpt>
      <trkpt lat="37.642153" lon="-122.153069">
        <ele>1.596876</ele>
        <time>2023-07-16T00:48:31.926Z</time>
      </trkpt>
      <trkpt lat="37.642031" lon="-122.153055">
        <ele>1.675422</ele>
        <time>2023-07-16T00:48:34.926Z</time>
      </trkpt>
      <trkpt lat="37.641918" lon="-122.153012">
        <ele>1.751092</ele>
        <time>2023-07-16T00:48:37.926Z</time>
      </trkpt>
      <trkpt lat="37.641855" lon="-122.152869">
        <ele>1.834175</ele>
        <time>2023-07-16T00:48:40.926Z</time>
      </trkpt>
      <trkpt lat="37.641862" lon="-122.152717">
        <ele>1.911477</ele>
        <time>2023-07-16T00:48:43.926Z</time>
      </trkpt>
      <trkpt lat="37.641876" lon="-122.152574">
        <ele>1.984633</ele>
        <time>2023-07-16T00:48:46.926Z</time>
      </trkpt>
      <trkpt lat="37.641879" lon="-122.152414">
        <ele>2.065889</ele>
        <time>2023-07-16T00:48:49.926Z</time>
      </trkpt>
      <trkpt lat="37.641875" lon="-122.152253">
        <ele>2.147670</ele>
        <time>2023-07-16T00:48:52.926Z</time>
      </trkpt>
      <trkpt lat="37.641873" lon="-122.152091">
        <ele>2.229929</ele>
        <time>2023-07-16T00:48:55.926Z</time>
      </trkpt>
      <trkpt lat="37.641869" lon="-122.151973">
        <ele>2.289894</ele>
        <time>2023-07-16T00:48:57.926Z</time>
      </trkpt>
      <trkpt lat="37.641866" lon="-122.151854">
        <ele>2.350342</ele>
        <time>2023-07-16T00:48:59.926Z</time>
      </trkpt>
      <trkpt lat="37.641863" lon="-122.151735">
        <ele>2.410790</ele>
        <time>2023-07-16T00:49:01.926Z</time>
      </trkpt>
      <trkpt lat="37.641862" lon="-122.151614">
        <ele>2.472227</ele>
        <time>2023-07-16T00:49:03.926Z</time>
      </trkpt>
      <trkpt lat="37.641861" lon="-122.151494">
        <ele>2.509730</ele>
        <time>2023-07-16T00:49:05.926Z</time>
      </trkpt>
      <trkpt lat="37.641858" lon="-122.151367">
        <ele>2.548458</ele>
        <time>2023-07-16T00:49:07.926Z</time>
      </trkpt>
      <trkpt lat="37.641858" lon="-122.151234">
        <ele>2.588998</ele>
        <time>2023-07-16T00:49:09.926Z</time>
      </trkpt>
      <trkpt lat="37.641858" lon="-122.151100">
        <ele>2.629843</ele>
        <time>2023-07-16T00:49:11.926Z</time>
      </trkpt>
      <trkpt lat="37.641858" lon="-122.150972">
        <ele>2.668859</ele>
        <time>2023-07-16T00:49:13.926Z</time>
      </trkpt>
      <trkpt lat="37.641858" lon="-122.150842">
        <ele>2.708484</ele>
        <time>2023-07-16T00:49:15.926Z</time>
      </trkpt>
      <trkpt lat="37.641862" lon="-122.150712">
        <ele>2.748139</ele>
        <time>2023-07-16T00:49:17.926Z</time>
      </trkpt>
      <trkpt lat="37.641857" lon="-122.150575">
        <ele>2.789943</ele>
        <time>2023-07-16T00:49:19.926Z</time>
      </trkpt>
      <trkpt lat="37.641862" lon="-122.150442">
        <ele>2.830528</ele>
        <time>2023-07-16T00:49:21.926Z</time>
      </trkpt>
      <trkpt lat="37.641861" lon="-122.150313">
        <ele>2.869851</ele>
        <time>2023-07-16T00:49:23.926Z</time>
      </trkpt>
      <trkpt lat="37.641864" lon="-122.150180">
        <ele>2.910407</ele>
        <time>2023-07-16T00:49:25.926Z</time>
      </trkpt>
      <trkpt lat="37.641860" lon="-122.150054">
        <ele>2.948844</ele>
        <time>2023-07-16T00:49:27.926Z</time>
      </trkpt>
      <trkpt lat="37.641861" lon="-122.149933">
        <ele>2.985728</ele>
        <time>2023-07-16T00:49:29.926Z</time>
      </trkpt>
      <trkpt lat="37.641862" lon="-122.149814">
        <ele>3.022003</ele>
        <time>2023-07-16T00:49:31.925Z</time>
      </trkpt>
      <trkpt lat="37.641864" lon="-122.149692">
        <ele>3.059198</ele>
        <time>2023-07-16T00:49:33.926Z</time>
      </trkpt>
      <trkpt lat="37.641868" lon="-122.149523">
        <ele>3.110734</ele>
        <time>2023-07-16T00:49:36.926Z</time>
      </trkpt>
      <trkpt lat="37.641870" lon="-122.149407">
        <ele>3.146101</ele>
        <time>2023-07-16T00:49:38.926Z</time>
      </trkpt>
      <trkpt lat="37.641873" lon="-122.149289">
        <ele>3.156075</ele>
        <time>2023-07-16T00:49:40.926Z</time>
      </trkpt>
      <trkpt lat="37.641876" lon="-122.149170">
        <ele>3.130181</ele>
        <time>2023-07-16T00:49:42.926Z</time>
      </trkpt>
      <trkpt lat="37.641880" lon="-122.149053">
        <ele>3.104711</ele>
        <time>2023-07-16T00:49:44.926Z</time>
      </trkpt>
      <trkpt lat="37.641882" lon="-122.148933">
        <ele>3.078607</ele>
        <time>2023-07-16T00:49:46.926Z</time>
      </trkpt>
      <trkpt lat="37.641888" lon="-122.148815">
        <ele>3.052891</ele>
        <time>2023-07-16T00:49:48.926Z</time>
      </trkpt>
      <trkpt lat="37.641886" lon="-122.148701">
        <ele>3.028092</ele>
        <time>2023-07-16T00:49:50.926Z</time>
      </trkpt>
      <trkpt lat="37.641892" lon="-122.148536">
        <ele>2.992169</ele>
        <time>2023-07-16T00:49:53.926Z</time>
      </trkpt>
      <trkpt lat="37.641898" lon="-122.148370">
        <ele>2.956029</ele>
        <time>2023-07-16T00:49:56.926Z</time>
      </trkpt>
      <trkpt lat="37.641901" lon="-122.148252">
        <ele>2.930353</ele>
        <time>2023-07-16T00:49:58.926Z</time>
      </trkpt>
      <trkpt lat="37.641899" lon="-122.148082">
        <ele>2.893376</ele>
        <time>2023-07-16T00:50:01.926Z</time>
      </trkpt>
      <trkpt lat="37.641839" lon="-122.147997">
        <ele>2.868611</ele>
        <time>2023-07-16T00:50:03.926Z</time>
      </trkpt>
      <trkpt lat="37.641764" lon="-122.147933">
        <ele>2.843750</ele>
        <time>2023-07-16T00:50:05.926Z</time>
      </trkpt>
      <trkpt lat="37.641645" lon="-122.147857">
        <ele>2.807124</ele>
        <time>2023-07-16T00:50:08.926Z</time>
      </trkpt>
      <trkpt lat="37.641529" lon="-122.147780">
        <ele>2.771131</ele>
        <time>2023-07-16T00:50:11.925Z</time>
      </trkpt>
      <trkpt lat="37.641461" lon="-122.147705">
        <ele>2.746334</ele>
        <time>2023-07-16T00:50:13.925Z</time>
      </trkpt>
      <trkpt lat="37.641391" lon="-122.147627">
        <ele>2.720694</ele>
        <time>2023-07-16T00:50:15.925Z</time>
      </trkpt>
      <trkpt lat="37.641320" lon="-122.147552">
        <ele>2.695271</ele>
        <time>2023-07-16T00:50:17.925Z</time>
      </trkpt>
      <trkpt lat="37.641209" lon="-122.147458">
        <ele>2.671694</ele>
        <time>2023-07-16T00:50:20.925Z</time>
      </trkpt>
      <trkpt lat="37.641100" lon="-122.147366">
        <ele>2.668671</ele>
        <time>2023-07-16T00:50:23.925Z</time>
      </trkpt>
      <trkpt lat="37.640972" lon="-122.147316">
        <ele>2.665582</ele>
        <time>2023-07-16T00:50:26.925Z</time>
      </trkpt>
      <trkpt lat="37.640887" lon="-122.147369">
        <ele>2.663396</ele>
        <time>2023-07-16T00:50:28.925Z</time>
      </trkpt>
      <trkpt lat="37.640807" lon="-122.147426">
        <ele>2.661279</ele>
        <time>2023-07-16T00:50:30.925Z</time>
      </trkpt>
      <trkpt lat="37.640728" lon="-122.147485">
        <ele>2.659162</ele>
        <time>2023-07-16T00:50:32.925Z</time>
      </trkpt>
      <trkpt lat="37.640647" lon="-122.147542">
        <ele>2.657025</ele>
        <time>2023-07-16T00:50:34.925Z</time>
      </trkpt>
      <trkpt lat="37.640565" lon="-122.147597">
        <ele>2.654884</ele>
        <time>2023-07-16T00:50:36.925Z</time>
      </trkpt>
      <trkpt lat="37.640475" lon="-122.147652">
        <ele>2.652579</ele>
        <time>2023-07-16T00:50:38.925Z</time>
      </trkpt>
      <trkpt lat="37.640391" lon="-122.147709">
        <ele>2.650380</ele>
        <time>2023-07-16T00:50:40.925Z</time>
      </trkpt>
      <trkpt lat="37.640305" lon="-122.147765">
        <ele>2.648149</ele>
        <time>2023-07-16T00:50:42.925Z</time>
      </trkpt>
      <trkpt lat="37.640193" lon="-122.147839">
        <ele>2.645235</ele>
        <time>2023-07-16T00:50:45.925Z</time>
      </trkpt>
      <trkpt lat="37.640088" lon="-122.147911">
        <ele>2.642480</ele>
        <time>2023-07-16T00:50:48.925Z</time>
      </trkpt>
      <trkpt lat="37.639976" lon="-122.147983">
        <ele>2.639582</ele>
        <time>2023-07-16T00:50:51.925Z</time>
      </trkpt>
      <trkpt lat="37.639865" lon="-122.148055">
        <ele>2.636705</ele>
        <time>2023-07-16T00:50:54.925Z</time>
      </trkpt>
      <trkpt lat="37.639757" lon="-122.148135">
        <ele>2.633818</ele>
        <time>2023-07-16T00:50:57.925Z</time>
      </trkpt>
      <trkpt lat="37.639655" lon="-122.148228">
        <ele>2.623738</ele>
        <time>2023-07-16T00:51:00.925Z</time>
      </trkpt>
      <trkpt lat="37.639553" lon="-122.148314">
        <ele>2.581066</ele>
        <time>2023-07-16T00:51:03.925Z</time>
      </trkpt>
      <trkpt lat="37.639449" lon="-122.148400">
        <ele>2.537813</ele>
        <time>2023-07-16T00:51:06.925Z</time>
      </trkpt>
      <trkpt lat="37.639344" lon="-122.148492">
        <ele>2.493347</ele>
        <time>2023-07-16T00:51:09.925Z</time>
      </trkpt>
      <trkpt lat="37.639237" lon="-122.148578">
        <ele>2.449217</ele>
        <time>2023-07-16T00:51:12.925Z</time>
      </trkpt>
      <trkpt lat="37.639141" lon="-122.148669">
        <ele>2.407453</ele>
        <time>2023-07-16T00:51:15.925Z</time>
      </trkpt>
      <trkpt lat="37.639042" lon="-122.148758">
        <ele>2.365170</ele>
        <time>2023-07-16T00:51:18.924Z</time>
      </trkpt>
      <trkpt lat="37.638942" lon="-122.148847">
        <ele>2.322604</ele>
        <time>2023-07-16T00:51:21.924Z</time>
      </trkpt>
      <trkpt lat="37.638847" lon="-122.148933">
        <ele>2.281935</ele>
        <time>2023-07-16T00:51:24.924Z</time>
      </trkpt>
      <trkpt lat="37.638751" lon="-122.149020">
        <ele>2.240822</ele>
        <time>2023-07-16T00:51:27.924Z</time>
      </trkpt>
      <trkpt lat="37.638651" lon="-122.149105">
        <ele>2.198881</ele>
        <time>2023-07-16T00:51:30.924Z</time>
      </trkpt>
      <trkpt lat="37.638547" lon="-122.149192">
        <ele>2.155476</ele>
        <time>2023-07-16T00:51:33.924Z</time>
      </trkpt>
      <trkpt lat="37.638446" lon="-122.149273">
        <ele>2.113847</ele>
        <time>2023-07-16T00:51:36.924Z</time>
      </trkpt>
      <trkpt lat="37.638285" lon="-122.149418">
        <ele>2.045043</ele>
        <time>2023-07-16T00:52:17.924Z</time>
      </trkpt>
      <trkpt lat="37.638202" lon="-122.149487">
        <ele>2.010469</ele>
        <time>2023-07-16T00:52:20.924Z</time>
      </trkpt>
      <trkpt lat="37.638116" lon="-122.149555">
        <ele>1.982689</ele>
        <time>2023-07-16T00:52:23.924Z</time>
      </trkpt>
      <trkpt lat="37.638027" lon="-122.149607">
        <ele>1.956999</ele>
        <time>2023-07-16T00:52:26.924Z</time>
      </trkpt>
      <trkpt lat="37.637933" lon="-122.149647">
        <ele>1.931014</ele>
        <time>2023-07-16T00:52:29.924Z</time>
      </trkpt>
      <trkpt lat="37.637845" lon="-122.149682">
        <ele>1.906845</ele>
        <time>2023-07-16T00:52:32.924Z</time>
      </trkpt>
      <trkpt lat="37.637738" lon="-122.149729">
        <ele>1.877168</ele>
        <time>2023-07-16T00:52:36.924Z</time>
      </trkpt>
      <trkpt lat="37.637624" lon="-122.149778">
        <ele>1.845621</ele>
        <time>2023-07-16T00:52:40.923Z</time>
      </trkpt>
      <trkpt lat="37.637525" lon="-122.149829">
        <ele>1.817612</ele>
        <time>2023-07-16T00:52:43.923Z</time>
      </trkpt>
      <trkpt lat="37.637423" lon="-122.149874">
        <ele>1.789308</ele>
        <time>2023-07-16T00:52:46.923Z</time>
      </trkpt>
      <trkpt lat="37.637331" lon="-122.149917">
        <ele>1.763609</ele>
        <time>2023-07-16T00:52:49.923Z</time>
      </trkpt>
      <trkpt lat="37.637242" lon="-122.149951">
        <ele>1.739251</ele>
        <time>2023-07-16T00:52:52.926Z</time>
      </trkpt>
      <trkpt lat="37.637159" lon="-122.149993">
        <ele>1.715827</ele>
        <time>2023-07-16T00:52:55.932Z</time>
      </trkpt>
      <trkpt lat="37.637060" lon="-122.150033">
        <ele>1.688597</ele>
        <time>2023-07-16T00:52:58.936Z</time>
      </trkpt>
      <trkpt lat="37.636969" lon="-122.150068">
        <ele>1.663677</ele>
        <time>2023-07-16T00:53:01.940Z</time>
      </trkpt>
      <trkpt lat="37.636860" lon="-122.150110">
        <ele>1.633823</ele>
        <time>2023-07-16T00:53:05.943Z</time>
      </trkpt>
      <trkpt lat="37.636775" lon="-122.150150">
        <ele>1.610061</ele>
        <time>2023-07-16T00:53:09.946Z</time>
      </trkpt>
      <trkpt lat="37.636625" lon="-122.150211">
        <ele>1.568779</ele>
        <time>2023-07-16T00:54:00.957Z</time>
      </trkpt>
      <trkpt lat="37.636534" lon="-122.150252">
        <ele>1.543468</ele>
        <time>2023-07-16T00:54:03.957Z</time>
      </trkpt>
      <trkpt lat="37.636488" lon="-122.150356">
        <ele>1.541393</ele>
        <time>2023-07-16T00:54:06.957Z</time>
      </trkpt>
      <trkpt lat="37.636453" lon="-122.150491">
        <ele>1.554468</ele>
        <time>2023-07-16T00:54:09.957Z</time>
      </trkpt>
      <trkpt lat="37.636414" lon="-122.150616">
        <ele>1.566835</ele>
        <time>2023-07-16T00:54:12.957Z</time>
      </trkpt>
      <trkpt lat="37.636378" lon="-122.150736">
        <ele>1.578646</ele>
        <time>2023-07-16T00:54:15.957Z</time>
      </trkpt>
      <trkpt lat="37.636344" lon="-122.150858">
        <ele>1.590551</ele>
        <time>2023-07-16T00:54:18.957Z</time>
      </trkpt>
      <trkpt lat="37.636298" lon="-122.150982">
        <ele>1.603155</ele>
        <time>2023-07-16T00:54:21.957Z</time>
      </trkpt>
      <trkpt lat="37.636257" lon="-122.151116">
        <ele>1.616378</ele>
        <time>2023-07-16T00:54:24.957Z</time>
      </trkpt>
      <trkpt lat="37.636217" lon="-122.151247">
        <ele>1.629301</ele>
        <time>2023-07-16T00:54:27.957Z</time>
      </trkpt>
      <trkpt lat="37.636183" lon="-122.151376">
        <ele>1.641816</ele>
        <time>2023-07-16T00:54:30.957Z</time>
      </trkpt>
      <trkpt lat="37.636144" lon="-122.151496">
        <ele>1.653755</ele>
        <time>2023-07-16T00:54:33.957Z</time>
      </trkpt>
      <trkpt lat="37.636105" lon="-122.151626">
        <ele>1.666551</ele>
        <time>2023-07-16T00:54:36.957Z</time>
      </trkpt>
      <trkpt lat="37.636062" lon="-122.151755">
        <ele>1.679434</ele>
        <time>2023-07-16T00:54:39.957Z</time>
      </trkpt>
      <trkpt lat="37.636023" lon="-122.151881">
        <ele>1.691886</ele>
        <time>2023-07-16T00:54:42.957Z</time>
      </trkpt>
      <trkpt lat="37.635985" lon="-122.152006">
        <ele>1.704211</ele>
        <time>2023-07-16T00:54:45.957Z</time>
      </trkpt>
      <trkpt lat="37.635941" lon="-122.152133">
        <ele>1.716970</ele>
        <time>2023-07-16T00:54:48.957Z</time>
      </trkpt>
      <trkpt lat="37.635900" lon="-122.152259">
        <ele>1.729509</ele>
        <time>2023-07-16T00:54:51.957Z</time>
      </trkpt>
      <trkpt lat="37.635865" lon="-122.152384">
        <ele>1.741713</ele>
        <time>2023-07-16T00:54:54.957Z</time>
      </trkpt>
      <trkpt lat="37.635824" lon="-122.152516">
        <ele>1.762257</ele>
        <time>2023-07-16T00:54:57.957Z</time>
      </trkpt>
      <trkpt lat="37.635785" lon="-122.152645">
        <ele>1.783420</ele>
        <time>2023-07-16T00:55:00.957Z</time>
      </trkpt>
      <trkpt lat="37.635719" lon="-122.152745">
        <ele>1.803371</ele>
        <time>2023-07-16T00:55:03.957Z</time>
      </trkpt>
      <trkpt lat="37.635616" lon="-122.152758">
        <ele>1.823405</ele>
        <time>2023-07-16T00:55:06.957Z</time>
      </trkpt>
      <trkpt lat="37.635508" lon="-122.152755">
        <ele>1.844313</ele>
        <time>2023-07-16T00:55:09.957Z</time>
      </trkpt>
      <trkpt lat="37.635403" lon="-122.152733">
        <ele>1.864912</ele>
        <time>2023-07-16T00:55:12.957Z</time>
      </trkpt>
      <trkpt lat="37.635294" lon="-122.152713">
        <ele>1.886229</ele>
        <time>2023-07-16T00:55:15.957Z</time>
      </trkpt>
      <trkpt lat="37.635174" lon="-122.152687">
        <ele>1.909794</ele>
        <time>2023-07-16T00:55:18.957Z</time>
      </trkpt>
      <trkpt lat="37.635053" lon="-122.152667">
        <ele>1.933412</ele>
        <time>2023-07-16T00:55:21.957Z</time>
      </trkpt>
      <trkpt lat="37.634940" lon="-122.152644">
        <ele>1.955564</ele>
        <time>2023-07-16T00:55:24.957Z</time>
      </trkpt>
      <trkpt lat="37.634822" lon="-122.152619">
        <ele>1.978721</ele>
        <time>2023-07-16T00:55:27.957Z</time>
      </trkpt>
      <trkpt lat="37.634698" lon="-122.152584">
        <ele>2.003312</ele>
        <time>2023-07-16T00:55:30.957Z</time>
      </trkpt>
      <trkpt lat="37.634579" lon="-122.152556">
        <ele>2.026740</ele>
        <time>2023-07-16T00:55:33.957Z</time>
      </trkpt>
      <trkpt lat="37.634461" lon="-122.152530">
        <ele>2.049922</ele>
        <time>2023-07-16T00:55:36.957Z</time>
      </trkpt>
      <trkpt lat="37.634343" lon="-122.152506">
        <ele>2.073054</ele>
        <time>2023-07-16T00:55:39.957Z</time>
      </trkpt>
      <trkpt lat="37.634221" lon="-122.152481">
        <ele>2.092213</ele>
        <time>2023-07-16T00:55:42.957Z</time>
      </trkpt>
      <trkpt lat="37.634105" lon="-122.152469">
        <ele>2.094752</ele>
        <time>2023-07-16T00:55:45.957Z</time>
      </trkpt>
      <trkpt lat="37.633978" lon="-122.152461">
        <ele>2.097527</ele>
        <time>2023-07-16T00:55:48.957Z</time>
      </trkpt>
      <trkpt lat="37.633851" lon="-122.152453">
        <ele>2.100301</ele>
        <time>2023-07-16T00:55:51.957Z</time>
      </trkpt>
      <trkpt lat="37.633718" lon="-122.152447">
        <ele>2.103205</ele>
        <time>2023-07-16T00:55:54.957Z</time>
      </trkpt>
      <trkpt lat="37.633585" lon="-122.152435">
        <ele>2.106114</ele>
        <time>2023-07-16T00:55:57.957Z</time>
      </trkpt>
      <trkpt lat="37.633459" lon="-122.152422">
        <ele>2.108873</ele>
        <time>2023-07-16T00:56:00.957Z</time>
      </trkpt>
      <trkpt lat="37.633327" lon="-122.152406">
        <ele>2.111766</ele>
        <time>2023-07-16T00:56:03.957Z</time>
      </trkpt>
      <trkpt lat="37.633237" lon="-122.152403">
        <ele>2.113730</ele>
        <time>2023-07-16T00:56:05.957Z</time>
      </trkpt>
      <trkpt lat="37.633109" lon="-122.152389">
        <ele>2.116534</ele>
        <time>2023-07-16T00:56:08.957Z</time>
      </trkpt>
      <trkpt lat="37.633017" lon="-122.152383">
        <ele>2.118544</ele>
        <time>2023-07-16T00:56:10.957Z</time>
      </trkpt>
      <trkpt lat="37.632889" lon="-122.152373">
        <ele>2.121342</ele>
        <time>2023-07-16T00:56:13.957Z</time>
      </trkpt>
      <trkpt lat="37.632760" lon="-122.152364">
        <ele>2.124161</ele>
        <time>2023-07-16T00:56:16.957Z</time>
      </trkpt>
      <trkpt lat="37.632630" lon="-122.152356">
        <ele>2.127000</ele>
        <time>2023-07-16T00:56:19.957Z</time>
      </trkpt>
      <trkpt lat="37.632500" lon="-122.152334">
        <ele>2.129862</ele>
        <time>2023-07-16T00:56:22.957Z</time>
      </trkpt>
      <trkpt lat="37.632410" lon="-122.152308">
        <ele>2.126146</ele>
        <time>2023-07-16T00:56:24.957Z</time>
      </trkpt>
      <trkpt lat="37.632312" lon="-122.152300">
        <ele>2.116306</ele>
        <time>2023-07-16T00:56:26.957Z</time>
      </trkpt>
      <trkpt lat="37.632199" lon="-122.152325">
        <ele>2.104810</ele>
        <time>2023-07-16T00:56:29.957Z</time>
      </trkpt>
      <trkpt lat="37.632069" lon="-122.152339">
        <ele>2.091736</ele>
        <time>2023-07-16T00:56:32.957Z</time>
      </trkpt>
      <trkpt lat="37.631939" lon="-122.152354">
        <ele>2.078655</ele>
        <time>2023-07-16T00:56:35.957Z</time>
      </trkpt>
      <trkpt lat="37.631846" lon="-122.152364">
        <ele>2.069302</ele>
        <time>2023-07-16T00:56:37.957Z</time>
      </trkpt>
      <trkpt lat="37.631713" lon="-122.152381">
        <ele>2.055906</ele>
        <time>2023-07-16T00:56:40.957Z</time>
      </trkpt>
      <trkpt lat="37.631592" lon="-122.152398">
        <ele>2.043706</ele>
        <time>2023-07-16T00:56:43.956Z</time>
      </trkpt>
      <trkpt lat="37.631478" lon="-122.152412">
        <ele>2.032229</ele>
        <time>2023-07-16T00:56:46.956Z</time>
      </trkpt>
      <trkpt lat="37.631349" lon="-122.152432">
        <ele>2.019205</ele>
        <time>2023-07-16T00:56:49.956Z</time>
      </trkpt>
      <trkpt lat="37.631235" lon="-122.152452">
        <ele>2.007672</ele>
        <time>2023-07-16T00:56:52.956Z</time>
      </trkpt>
      <trkpt lat="37.631110" lon="-122.152477">
        <ele>1.994990</ele>
        <time>2023-07-16T00:56:55.956Z</time>
      </trkpt>
      <trkpt lat="37.630978" lon="-122.152506">
        <ele>1.981564</ele>
        <time>2023-07-16T00:56:58.956Z</time>
      </trkpt>
      <trkpt lat="37.630851" lon="-122.152538">
        <ele>1.968587</ele>
        <time>2023-07-16T00:57:01.956Z</time>
      </trkpt>
      <trkpt lat="37.630721" lon="-122.152567">
        <ele>1.955358</ele>
        <time>2023-07-16T00:57:04.956Z</time>
      </trkpt>
      <trkpt lat="37.630594" lon="-122.152587">
        <ele>1.982390</ele>
        <time>2023-07-16T00:57:07.956Z</time>
      </trkpt>
      <trkpt lat="37.630467" lon="-122.152595">
        <ele>2.032480</ele>
        <time>2023-07-16T00:57:10.956Z</time>
      </trkpt>
      <trkpt lat="37.630335" lon="-122.152582">
        <ele>2.084635</ele>
        <time>2023-07-16T00:57:13.956Z</time>
      </trkpt>
      <trkpt lat="37.630213" lon="-122.152532">
        <ele>2.135161</ele>
        <time>2023-07-16T00:57:16.956Z</time>
      </trkpt>
      <trkpt lat="37.630101" lon="-122.152452">
        <ele>2.185849</ele>
        <time>2023-07-16T00:57:19.956Z</time>
      </trkpt>
      <trkpt lat="37.630005" lon="-122.152334">
        <ele>2.238624</ele>
        <time>2023-07-16T00:57:22.956Z</time>
      </trkpt>
      <trkpt lat="37.629970" lon="-122.152227">
        <ele>2.274740</ele>
        <time>2023-07-16T00:57:24.956Z</time>
      </trkpt>
      <trkpt lat="37.629974" lon="-122.152107">
        <ele>2.312210</ele>
        <time>2023-07-16T00:57:26.956Z</time>
      </trkpt>
      <trkpt lat="37.629995" lon="-122.151993">
        <ele>2.348724</ele>
        <time>2023-07-16T00:57:28.956Z</time>
      </trkpt>
      <trkpt lat="37.630015" lon="-122.151881">
        <ele>2.384542</ele>
        <time>2023-07-16T00:57:30.956Z</time>
      </trkpt>
      <trkpt lat="37.630052" lon="-122.151717">
        <ele>2.437740</ele>
        <time>2023-07-16T00:57:33.956Z</time>
      </trkpt>
      <trkpt lat="37.630068" lon="-122.151604">
        <ele>2.473552</ele>
        <time>2023-07-16T00:57:35.956Z</time>
      </trkpt>
      <trkpt lat="37.630077" lon="-122.151433">
        <ele>2.527017</ele>
        <time>2023-07-16T00:57:38.956Z</time>
      </trkpt>
      <trkpt lat="37.630094" lon="-122.151316">
        <ele>2.564126</ele>
        <time>2023-07-16T00:57:40.956Z</time>
      </trkpt>
      <trkpt lat="37.630096" lon="-122.151194">
        <ele>2.602195</ele>
        <time>2023-07-16T00:57:42.956Z</time>
      </trkpt>
      <trkpt lat="37.630085" lon="-122.151074">
        <ele>2.639881</ele>
        <time>2023-07-16T00:57:44.956Z</time>
      </trkpt>
      <trkpt lat="37.630068" lon="-122.150958">
        <ele>2.646442</ele>
        <time>2023-07-16T00:57:46.956Z</time>
      </trkpt>
      <trkpt lat="37.630019" lon="-122.150859">
        <ele>2.620112</ele>
        <time>2023-07-16T00:57:48.956Z</time>
      </trkpt>
      <trkpt lat="37.629930" lon="-122.150806">
        <ele>2.592088</ele>
        <time>2023-07-16T00:57:50.956Z</time>
      </trkpt>
      <trkpt lat="37.629832" lon="-122.150777">
        <ele>2.563423</ele>
        <time>2023-07-16T00:57:52.956Z</time>
      </trkpt>
      <trkpt lat="37.629743" lon="-122.150754">
        <ele>2.537552</ele>
        <time>2023-07-16T00:57:54.956Z</time>
      </trkpt>
      <trkpt lat="37.629654" lon="-122.150797">
        <ele>2.510414</ele>
        <time>2023-07-16T00:57:56.957Z</time>
      </trkpt>
      <trkpt lat="37.629574" lon="-122.150866">
        <ele>2.482824</ele>
        <time>2023-07-16T00:57:58.957Z</time>
      </trkpt>
      <trkpt lat="37.629515" lon="-122.150961">
        <ele>2.455595</ele>
        <time>2023-07-16T00:58:00.957Z</time>
      </trkpt>
      <trkpt lat="37.629499" lon="-122.151080">
        <ele>2.428371</ele>
        <time>2023-07-16T00:58:02.956Z</time>
      </trkpt>
      <trkpt lat="37.629523" lon="-122.151228">
        <ele>2.394299</ele>
        <time>2023-07-16T00:58:05.957Z</time>
      </trkpt>
      <trkpt lat="37.629517" lon="-122.151376">
        <ele>2.360875</ele>
        <time>2023-07-16T00:58:08.957Z</time>
      </trkpt>
      <trkpt lat="37.629435" lon="-122.151472">
        <ele>2.329029</ele>
        <time>2023-07-16T00:58:11.957Z</time>
      </trkpt>
      <trkpt lat="37.629325" lon="-122.151466">
        <ele>2.297674</ele>
        <time>2023-07-16T00:58:14.957Z</time>
      </trkpt>
      <trkpt lat="37.629218" lon="-122.151428">
        <ele>2.266020</ele>
        <time>2023-07-16T00:58:17.957Z</time>
      </trkpt>
      <trkpt lat="37.629105" lon="-122.151386">
        <ele>2.232474</ele>
        <time>2023-07-16T00:58:20.957Z</time>
      </trkpt>
      <trkpt lat="37.628985" lon="-122.151333">
        <ele>2.196269</ele>
        <time>2023-07-16T00:58:23.957Z</time>
      </trkpt>
      <trkpt lat="37.628864" lon="-122.151268">
        <ele>2.158822</ele>
        <time>2023-07-16T00:58:26.957Z</time>
      </trkpt>
      <trkpt lat="37.628784" lon="-122.151211">
        <ele>2.159281</ele>
        <time>2023-07-16T00:58:28.957Z</time>
      </trkpt>
      <trkpt lat="37.628703" lon="-122.151079">
        <ele>2.191998</ele>
        <time>2023-07-16T00:58:31.957Z</time>
      </trkpt>
      <trkpt lat="37.628682" lon="-122.150964">
        <ele>2.215120</ele>
        <time>2023-07-16T00:58:33.957Z</time>
      </trkpt>
      <trkpt lat="37.628685" lon="-122.150847">
        <ele>2.238055</ele>
        <time>2023-07-16T00:58:35.957Z</time>
      </trkpt>
      <trkpt lat="37.628684" lon="-122.150731">
        <ele>2.260784</ele>
        <time>2023-07-16T00:58:37.957Z</time>
      </trkpt>
      <trkpt lat="37.628679" lon="-122.150616">
        <ele>2.283349</ele>
        <time>2023-07-16T00:58:39.957Z</time>
      </trkpt>
      <trkpt lat="37.628657" lon="-122.150450">
        <ele>2.316325</ele>
        <time>2023-07-16T00:58:42.957Z</time>
      </trkpt>
      <trkpt lat="37.628611" lon="-122.150293">
        <ele>2.349123</ele>
        <time>2023-07-16T00:58:45.957Z</time>
      </trkpt>
      <trkpt lat="37.628532" lon="-122.150166">
        <ele>2.380763</ele>
        <time>2023-07-16T00:58:48.957Z</time>
      </trkpt>
      <trkpt lat="37.628460" lon="-122.150094">
        <ele>2.403484</ele>
        <time>2023-07-16T00:58:50.957Z</time>
      </trkpt>
      <trkpt lat="37.628381" lon="-122.150028">
        <ele>2.426918</ele>
        <time>2023-07-16T00:58:52.957Z</time>
      </trkpt>
      <trkpt lat="37.628295" lon="-122.149977">
        <ele>2.450423</ele>
        <time>2023-07-16T00:58:54.957Z</time>
      </trkpt>
      <trkpt lat="37.628207" lon="-122.149935">
        <ele>2.473696</ele>
        <time>2023-07-16T00:58:56.957Z</time>
      </trkpt>
      <trkpt lat="37.628115" lon="-122.149901">
        <ele>2.497410</ele>
        <time>2023-07-16T00:58:58.957Z</time>
      </trkpt>
      <trkpt lat="37.628027" lon="-122.149879">
        <ele>2.519603</ele>
        <time>2023-07-16T00:59:00.957Z</time>
      </trkpt>
      <trkpt lat="37.627931" lon="-122.149861">
        <ele>2.543612</ele>
        <time>2023-07-16T00:59:02.957Z</time>
      </trkpt>
      <trkpt lat="37.627835" lon="-122.149844">
        <ele>2.567594</ele>
        <time>2023-07-16T00:59:04.957Z</time>
      </trkpt>
      <trkpt lat="37.627740" lon="-122.149836">
        <ele>2.591147</ele>
        <time>2023-07-16T00:59:06.957Z</time>
      </trkpt>
      <trkpt lat="37.627641" lon="-122.149842">
        <ele>2.577127</ele>
        <time>2023-07-16T00:59:08.957Z</time>
      </trkpt>
      <trkpt lat="37.627540" lon="-122.149949">
        <ele>2.556934</ele>
        <time>2023-07-16T00:59:11.957Z</time>
      </trkpt>
      <trkpt lat="37.627564" lon="-122.150107">
        <ele>2.537419</ele>
        <time>2023-07-16T00:59:14.957Z</time>
      </trkpt>
      <trkpt lat="37.627589" lon="-122.150264">
        <ele>2.517994</ele>
        <time>2023-07-16T00:59:17.957Z</time>
      </trkpt>
      <trkpt lat="37.627575" lon="-122.150422">
        <ele>2.498708</ele>
        <time>2023-07-16T00:59:20.957Z</time>
      </trkpt>
      <trkpt lat="37.627505" lon="-122.150541">
        <ele>2.480727</ele>
        <time>2023-07-16T00:59:23.957Z</time>
      </trkpt>
      <trkpt lat="37.627401" lon="-122.150615">
        <ele>2.462443</ele>
        <time>2023-07-16T00:59:26.956Z</time>
      </trkpt>
      <trkpt lat="37.627274" lon="-122.150587">
        <ele>2.442698</ele>
        <time>2023-07-16T00:59:29.956Z</time>
      </trkpt>
      <trkpt lat="37.627165" lon="-122.150505">
        <ele>2.423265</ele>
        <time>2023-07-16T00:59:32.956Z</time>
      </trkpt>
      <trkpt lat="37.627084" lon="-122.150379">
        <ele>2.403579</ele>
        <time>2023-07-16T00:59:35.956Z</time>
      </trkpt>
      <trkpt lat="37.627026" lon="-122.150231">
        <ele>2.383549</ele>
        <time>2023-07-16T00:59:38.956Z</time>
      </trkpt>
      <trkpt lat="37.626999" lon="-122.150070">
        <ele>2.363586</ele>
        <time>2023-07-16T00:59:41.956Z</time>
      </trkpt>
      <trkpt lat="37.626983" lon="-122.149956">
        <ele>2.349542</ele>
        <time>2023-07-16T00:59:43.956Z</time>
      </trkpt>
      <trkpt lat="37.626974" lon="-122.149842">
        <ele>2.335645</ele>
        <time>2023-07-16T00:59:45.956Z</time>
      </trkpt>
      <trkpt lat="37.626942" lon="-122.149729">
        <ele>2.321088</ele>
        <time>2023-07-16T00:59:47.956Z</time>
      </trkpt>
      <trkpt lat="37.626891" lon="-122.149628">
        <ele>2.314754</ele>
        <time>2023-07-16T00:59:49.956Z</time>
      </trkpt>
      <trkpt lat="37.626822" lon="-122.149532">
        <ele>2.312148</ele>
        <time>2023-07-16T00:59:51.956Z</time>
      </trkpt>
      <trkpt lat="37.626735" lon="-122.149394">
        <ele>2.308602</ele>
        <time>2023-07-16T00:59:54.956Z</time>
      </trkpt>
      <trkpt lat="37.626661" lon="-122.149298">
        <ele>2.305909</ele>
        <time>2023-07-16T00:59:56.956Z</time>
      </trkpt>
      <trkpt lat="37.626597" lon="-122.149194">
        <ele>2.303261</ele>
        <time>2023-07-16T00:59:58.956Z</time>
      </trkpt>
      <trkpt lat="37.626549" lon="-122.149077">
        <ele>2.300612</ele>
        <time>2023-07-16T01:00:00.956Z</time>
      </trkpt>
      <trkpt lat="37.626525" lon="-122.148952">
        <ele>2.298026</ele>
        <time>2023-07-16T01:00:02.956Z</time>
      </trkpt>
      <trkpt lat="37.626519" lon="-122.148821">
        <ele>2.295388</ele>
        <time>2023-07-16T01:00:04.956Z</time>
      </trkpt>
      <trkpt lat="37.626508" lon="-122.148697">
        <ele>2.292879</ele>
        <time>2023-07-16T01:00:06.957Z</time>
      </trkpt>
      <trkpt lat="37.626510" lon="-122.148569">
        <ele>2.290305</ele>
        <time>2023-07-16T01:00:08.957Z</time>
      </trkpt>
      <trkpt lat="37.626507" lon="-122.148443">
        <ele>2.287771</ele>
        <time>2023-07-16T01:00:10.956Z</time>
      </trkpt>
      <trkpt lat="37.626508" lon="-122.148319">
        <ele>2.285278</ele>
        <time>2023-07-16T01:00:12.956Z</time>
      </trkpt>
      <trkpt lat="37.626505" lon="-122.148197">
        <ele>2.282824</ele>
        <time>2023-07-16T01:00:14.956Z</time>
      </trkpt>
      <trkpt lat="37.626497" lon="-122.148074">
        <ele>2.280342</ele>
        <time>2023-07-16T01:00:16.957Z</time>
      </trkpt>
      <trkpt lat="37.626464" lon="-122.147955">
        <ele>2.277808</ele>
        <time>2023-07-16T01:00:18.957Z</time>
      </trkpt>
      <trkpt lat="37.626411" lon="-122.147848">
        <ele>2.275270</ele>
        <time>2023-07-16T01:00:20.957Z</time>
      </trkpt>
      <trkpt lat="37.626352" lon="-122.147745">
        <ele>2.272715</ele>
        <time>2023-07-16T01:00:22.957Z</time>
      </trkpt>
      <trkpt lat="37.626288" lon="-122.147648">
        <ele>2.263792</ele>
        <time>2023-07-16T01:00:24.957Z</time>
      </trkpt>
      <trkpt lat="37.626221" lon="-122.147556">
        <ele>2.232028</ele>
        <time>2023-07-16T01:00:26.957Z</time>
      </trkpt>
      <trkpt lat="37.626150" lon="-122.147464">
        <ele>2.199382</ele>
        <time>2023-07-16T01:00:28.957Z</time>
      </trkpt>
      <trkpt lat="37.626075" lon="-122.147375">
        <ele>2.166354</ele>
        <time>2023-07-16T01:00:30.956Z</time>
      </trkpt>
      <trkpt lat="37.626000" lon="-122.147280">
        <ele>2.132264</ele>
        <time>2023-07-16T01:00:32.956Z</time>
      </trkpt>
      <trkpt lat="37.625929" lon="-122.147174">
        <ele>2.096982</ele>
        <time>2023-07-16T01:00:34.956Z</time>
      </trkpt>
      <trkpt lat="37.625859" lon="-122.147065">
        <ele>2.061318</ele>
        <time>2023-07-16T01:00:36.956Z</time>
      </trkpt>
      <trkpt lat="37.625786" lon="-122.146960">
        <ele>2.025809</ele>
        <time>2023-07-16T01:00:38.956Z</time>
      </trkpt>
      <trkpt lat="37.625718" lon="-122.146850">
        <ele>1.990345</ele>
        <time>2023-07-16T01:00:40.956Z</time>
      </trkpt>
      <trkpt lat="37.625653" lon="-122.146739">
        <ele>1.955261</ele>
        <time>2023-07-16T01:00:42.956Z</time>
      </trkpt>
      <trkpt lat="37.625598" lon="-122.146625">
        <ele>1.921336</ele>
        <time>2023-07-16T01:00:44.956Z</time>
      </trkpt>
      <trkpt lat="37.625556" lon="-122.146505">
        <ele>1.887993</ele>
        <time>2023-07-16T01:00:46.956Z</time>
      </trkpt>
      <trkpt lat="37.625507" lon="-122.146380">
        <ele>1.852546</ele>
        <time>2023-07-16T01:00:48.956Z</time>
      </trkpt>
      <trkpt lat="37.625472" lon="-122.146255">
        <ele>1.818851</ele>
        <time>2023-07-16T01:00:50.956Z</time>
      </trkpt>
      <trkpt lat="37.625431" lon="-122.146126">
        <ele>1.783524</ele>
        <time>2023-07-16T01:00:52.956Z</time>
      </trkpt>
      <trkpt lat="37.625401" lon="-122.145999">
        <ele>1.749842</ele>
        <time>2023-07-16T01:00:54.956Z</time>
      </trkpt>
      <trkpt lat="37.625366" lon="-122.145868">
        <ele>1.714705</ele>
        <time>2023-07-16T01:00:56.956Z</time>
      </trkpt>
      <trkpt lat="37.625324" lon="-122.145743">
        <ele>1.685045</ele>
        <time>2023-07-16T01:00:58.956Z</time>
      </trkpt>
      <trkpt lat="37.625289" lon="-122.145616">
        <ele>1.663270</ele>
        <time>2023-07-16T01:01:00.956Z</time>
      </trkpt>
      <trkpt lat="37.625252" lon="-122.145491">
        <ele>1.641661</ele>
        <time>2023-07-16T01:01:02.956Z</time>
      </trkpt>
      <trkpt lat="37.625214" lon="-122.145360">
        <ele>1.619070</ele>
        <time>2023-07-16T01:01:04.956Z</time>
      </trkpt>
      <trkpt lat="37.625177" lon="-122.145232">
        <ele>1.597006</ele>
        <time>2023-07-16T01:01:06.956Z</time>
      </trkpt>
      <trkpt lat="37.625139" lon="-122.145112">
        <ele>1.576078</ele>
        <time>2023-07-16T01:01:08.956Z</time>
      </trkpt>
      <trkpt lat="37.625099" lon="-122.144992">
        <ele>1.554996</ele>
        <time>2023-07-16T01:01:10.956Z</time>
      </trkpt>
      <trkpt lat="37.625062" lon="-122.144868">
        <ele>1.533539</ele>
        <time>2023-07-16T01:01:12.956Z</time>
      </trkpt>
      <trkpt lat="37.625024" lon="-122.144736">
        <ele>1.510795</ele>
        <time>2023-07-16T01:01:14.956Z</time>
      </trkpt>
      <trkpt lat="37.624985" lon="-122.144606">
        <ele>1.488285</ele>
        <time>2023-07-16T01:01:16.956Z</time>
      </trkpt>
      <trkpt lat="37.624943" lon="-122.144472">
        <ele>1.464948</ele>
        <time>2023-07-16T01:01:18.956Z</time>
      </trkpt>
      <trkpt lat="37.624909" lon="-122.144341">
        <ele>1.442625</ele>
        <time>2023-07-16T01:01:20.956Z</time>
      </trkpt>
      <trkpt lat="37.624865" lon="-122.144207">
        <ele>1.419136</ele>
        <time>2023-07-16T01:01:22.956Z</time>
      </trkpt>
      <trkpt lat="37.624825" lon="-122.144068">
        <ele>1.395187</ele>
        <time>2023-07-16T01:01:24.956Z</time>
      </trkpt>
      <trkpt lat="37.624777" lon="-122.143929">
        <ele>1.370632</ele>
        <time>2023-07-16T01:01:26.956Z</time>
      </trkpt>
      <trkpt lat="37.624731" lon="-122.143789">
        <ele>1.346088</ele>
        <time>2023-07-16T01:01:28.956Z</time>
      </trkpt>
      <trkpt lat="37.624686" lon="-122.143649">
        <ele>1.321860</ele>
        <time>2023-07-16T01:01:30.956Z</time>
      </trkpt>
      <trkpt lat="37.624647" lon="-122.143508">
        <ele>1.299045</ele>
        <time>2023-07-16T01:01:32.956Z</time>
      </trkpt>
      <trkpt lat="37.624598" lon="-122.143365">
        <ele>1.275243</ele>
        <time>2023-07-16T01:01:34.956Z</time>
      </trkpt>
      <trkpt lat="37.624553" lon="-122.143226">
        <ele>1.252303</ele>
        <time>2023-07-16T01:01:36.956Z</time>
      </trkpt>
      <trkpt lat="37.624507" lon="-122.143086">
        <ele>1.229149</ele>
        <time>2023-07-16T01:01:38.956Z</time>
      </trkpt>
      <trkpt lat="37.624463" lon="-122.142948">
        <ele>1.206424</ele>
        <time>2023-07-16T01:01:40.956Z</time>
      </trkpt>
      <trkpt lat="37.624416" lon="-122.142812">
        <ele>1.183756</ele>
        <time>2023-07-16T01:01:42.956Z</time>
      </trkpt>
      <trkpt lat="37.624370" lon="-122.142678">
        <ele>1.161446</ele>
        <time>2023-07-16T01:01:44.956Z</time>
      </trkpt>
      <trkpt lat="37.624333" lon="-122.142551">
        <ele>1.140774</ele>
        <time>2023-07-16T01:01:46.956Z</time>
      </trkpt>
      <trkpt lat="37.624291" lon="-122.142425">
        <ele>1.119891</ele>
        <time>2023-07-16T01:01:48.956Z</time>
      </trkpt>
      <trkpt lat="37.624250" lon="-122.142293">
        <ele>1.098231</ele>
        <time>2023-07-16T01:01:50.956Z</time>
      </trkpt>
      <trkpt lat="37.624210" lon="-122.142161">
        <ele>1.076640</ele>
        <time>2023-07-16T01:01:52.956Z</time>
      </trkpt>
      <trkpt lat="37.624163" lon="-122.142030">
        <ele>1.054671</ele>
        <time>2023-07-16T01:01:54.956Z</time>
      </trkpt>
      <trkpt lat="37.624132" lon="-122.141902">
        <ele>1.034223</ele>
        <time>2023-07-16T01:01:56.956Z</time>
      </trkpt>
      <trkpt lat="37.624089" lon="-122.141770">
        <ele>1.012419</ele>
        <time>2023-07-16T01:01:58.956Z</time>
      </trkpt>
      <trkpt lat="37.624049" lon="-122.141637">
        <ele>0.990686</ele>
        <time>2023-07-16T01:02:00.956Z</time>
      </trkpt>
      <trkpt lat="37.624009" lon="-122.141500">
        <ele>0.991488</ele>
        <time>2023-07-16T01:02:02.956Z</time>
      </trkpt>
      <trkpt lat="37.623970" lon="-122.141363">
        <ele>1.018074</ele>
        <time>2023-07-16T01:02:04.956Z</time>
      </trkpt>
      <trkpt lat="37.623922" lon="-122.141227">
        <ele>1.045265</ele>
        <time>2023-07-16T01:02:06.956Z</time>
      </trkpt>
      <trkpt lat="37.623878" lon="-122.141087">
        <ele>1.072771</ele>
        <time>2023-07-16T01:02:08.956Z</time>
      </trkpt>
      <trkpt lat="37.623833" lon="-122.140950">
        <ele>1.099857</ele>
        <time>2023-07-16T01:02:10.956Z</time>
      </trkpt>
      <trkpt lat="37.623790" lon="-122.140813">
        <ele>1.126769</ele>
        <time>2023-07-16T01:02:12.956Z</time>
      </trkpt>
      <trkpt lat="37.623747" lon="-122.140671">
        <ele>1.154531</ele>
        <time>2023-07-16T01:02:14.956Z</time>
      </trkpt>
      <trkpt lat="37.623703" lon="-122.140533">
        <ele>1.181699</ele>
        <time>2023-07-16T01:02:16.956Z</time>
      </trkpt>
      <trkpt lat="37.623675" lon="-122.140388">
        <ele>1.208954</ele>
        <time>2023-07-16T01:02:18.957Z</time>
      </trkpt>
      <trkpt lat="37.623648" lon="-122.140240">
        <ele>1.236690</ele>
        <time>2023-07-16T01:02:20.956Z</time>
      </trkpt>
      <trkpt lat="37.623631" lon="-122.140093">
        <ele>1.263820</ele>
        <time>2023-07-16T01:02:22.956Z</time>
      </trkpt>
      <trkpt lat="37.623618" lon="-122.139944">
        <ele>1.291195</ele>
        <time>2023-07-16T01:02:24.956Z</time>
      </trkpt>
      <trkpt lat="37.623611" lon="-122.139790">
        <ele>1.319365</ele>
        <time>2023-07-16T01:02:26.956Z</time>
      </trkpt>
      <trkpt lat="37.623632" lon="-122.139637">
        <ele>1.347723</ele>
        <time>2023-07-16T01:02:28.956Z</time>
      </trkpt>
      <trkpt lat="37.623668" lon="-122.139491">
        <ele>1.375648</ele>
        <time>2023-07-16T01:02:30.956Z</time>
      </trkpt>
      <trkpt lat="37.623732" lon="-122.139362">
        <ele>1.410615</ele>
        <time>2023-07-16T01:02:32.956Z</time>
      </trkpt>
      <trkpt lat="37.623779" lon="-122.139223">
        <ele>1.458359</ele>
        <time>2023-07-16T01:02:34.956Z</time>
      </trkpt>
      <trkpt lat="37.623806" lon="-122.139080">
        <ele>1.504799</ele>
        <time>2023-07-16T01:02:36.956Z</time>
      </trkpt>
      <trkpt lat="37.623813" lon="-122.138943">
        <ele>1.548167</ele>
        <time>2023-07-16T01:02:38.956Z</time>
      </trkpt>
      <trkpt lat="37.623825" lon="-122.138816">
        <ele>1.588571</ele>
        <time>2023-07-16T01:02:40.956Z</time>
      </trkpt>
      <trkpt lat="37.623838" lon="-122.138692">
        <ele>1.628084</ele>
        <time>2023-07-16T01:02:42.956Z</time>
      </trkpt>
      <trkpt lat="37.623828" lon="-122.138573">
        <ele>1.665887</ele>
        <time>2023-07-16T01:02:44.956Z</time>
      </trkpt>
      <trkpt lat="37.623791" lon="-122.138414">
        <ele>1.718238</ele>
        <time>2023-07-16T01:02:47.956Z</time>
      </trkpt>
      <trkpt lat="37.623752" lon="-122.138305">
        <ele>1.756021</ele>
        <time>2023-07-16T01:02:49.956Z</time>
      </trkpt>
      <trkpt lat="37.623708" lon="-122.138191">
        <ele>1.796082</ele>
        <time>2023-07-16T01:02:51.956Z</time>
      </trkpt>
      <trkpt lat="37.623677" lon="-122.138068">
        <ele>1.836857</ele>
        <time>2023-07-16T01:02:53.956Z</time>
      </trkpt>
      <trkpt lat="37.623652" lon="-122.137950">
        <ele>1.875444</ele>
        <time>2023-07-16T01:02:55.956Z</time>
      </trkpt>
      <trkpt lat="37.623645" lon="-122.137821">
        <ele>1.916291</ele>
        <time>2023-07-16T01:02:57.956Z</time>
      </trkpt>
      <trkpt lat="37.623644" lon="-122.137695">
        <ele>1.956096</ele>
        <time>2023-07-16T01:02:59.956Z</time>
      </trkpt>
      <trkpt lat="37.623646" lon="-122.137564">
        <ele>1.997486</ele>
        <time>2023-07-16T01:03:01.956Z</time>
      </trkpt>
      <trkpt lat="37.623650" lon="-122.137436">
        <ele>2.037953</ele>
        <time>2023-07-16T01:03:03.956Z</time>
      </trkpt>
      <trkpt lat="37.623650" lon="-122.137302">
        <ele>2.080284</ele>
        <time>2023-07-16T01:03:05.956Z</time>
      </trkpt>
      <trkpt lat="37.623649" lon="-122.137166">
        <ele>2.111001</ele>
        <time>2023-07-16T01:03:07.956Z</time>
      </trkpt>
      <trkpt lat="37.623649" lon="-122.137029">
        <ele>2.111001</ele>
        <time>2023-07-16T01:03:09.956Z</time>
      </trkpt>
      <trkpt lat="37.623642" lon="-122.136898">
        <ele>2.111001</ele>
        <time>2023-07-16T01:03:11.956Z</time>
      </trkpt>
      <trkpt lat="37.623646" lon="-122.136772">
        <ele>2.111001</ele>
        <time>2023-07-16T01:03:13.956Z</time>
      </trkpt>
      <trkpt lat="37.623643" lon="-122.136652">
        <ele>2.111001</ele>
        <time>2023-07-16T01:03:15.956Z</time>
      </trkpt>
      <trkpt lat="37.623658" lon="-122.136495">
        <ele>2.111001</ele>
        <time>2023-07-16T01:03:18.956Z</time>
      </trkpt>
      <trkpt lat="37.623645" lon="-122.136351">
        <ele>2.111001</ele>
        <time>2023-07-16T01:03:23.956Z</time>
      </trkpt>
      <trkpt lat="37.623647" lon="-122.136200">
        <ele>2.111001</ele>
        <time>2023-07-16T01:03:27.956Z</time>
      </trkpt>
      <trkpt lat="37.623650" lon="-122.136077">
        <ele>2.111001</ele>
        <time>2023-07-16T01:03:30.956Z</time>
      </trkpt>
      <trkpt lat="37.623661" lon="-122.135951">
        <ele>2.111001</ele>
        <time>2023-07-16T01:03:33.956Z</time>
      </trkpt>
      <trkpt lat="37.623657" lon="-122.135836">
        <ele>2.111001</ele>
        <time>2023-07-16T01:03:36.956Z</time>
      </trkpt>
      <trkpt lat="37.623758" lon="-122.135762">
        <ele>2.111001</ele>
        <time>2023-07-16T01:03:39.956Z</time>
      </trkpt>
    </trkseg>
  </trk>
</gpx>