<?xml version='1.0' encoding='UTF-8'?>
<gpx version="1.1" creator="https://www.komoot.de" xmlns="http://www.topografix.com/GPX/1/1" xmlns:xsi="http://www.w3.org/2001/XMLSchema-instance" xsi:schemaLocation="http://www.topografix.com/GPX/1/1 http://www.topografix.com/GPX/1/1/gpx.xsd">
  <metadata>
    <name>Tour</name>
    <author>
      <link href="https://www.komoot.de">
        <text>komoot</text>
        <type>text/html</type>
      </link>
    </author>
  </metadata>
  <trk>
    <name>Tour</name>
    <trkseg>
      <trkpt lat="37.529156" lon="-122.267998">
        <ele>4.625900</ele>
        <time>2023-07-03T22:03:53.001Z</time>
      </trkpt>
      <trkpt lat="37.529195" lon="-122.268130">
        <ele>4.625900</ele>
        <time>2023-07-03T22:03:58.001Z</time>
      </trkpt>
      <trkpt lat="37.529246" lon="-122.268226">
        <ele>4.625900</ele>
        <time>2023-07-03T22:04:03.001Z</time>
      </trkpt>
      <trkpt lat="37.529437" lon="-122.268092">
        <ele>4.625900</ele>
        <time>2023-07-03T22:04:39.001Z</time>
      </trkpt>
      <trkpt lat="37.529538" lon="-122.267985">
        <ele>4.625900</ele>
        <time>2023-07-03T22:04:42.001Z</time>
      </trkpt>
      <trkpt lat="37.529631" lon="-122.267856">
        <ele>4.625900</ele>
        <time>2023-07-03T22:04:45.001Z</time>
      </trkpt>
      <trkpt lat="37.529697" lon="-122.267765">
        <ele>4.625900</ele>
        <time>2023-07-03T22:04:47.001Z</time>
      </trkpt>
      <trkpt lat="37.529780" lon="-122.267699">
        <ele>4.625900</ele>
        <time>2023-07-03T22:04:49.001Z</time>
      </trkpt>
      <trkpt lat="37.529863" lon="-122.267648">
        <ele>4.655137</ele>
        <time>2023-07-03T22:04:51.001Z</time>
      </trkpt>
      <trkpt lat="37.529948" lon="-122.267608">
        <ele>4.687877</ele>
        <time>2023-07-03T22:04:53.001Z</time>
      </trkpt>
      <trkpt lat="37.530059" lon="-122.267527">
        <ele>4.734156</ele>
        <time>2023-07-03T22:04:56.001Z</time>
      </trkpt>
      <trkpt lat="37.530167" lon="-122.267531">
        <ele>4.773147</ele>
        <time>2023-07-03T22:04:59.001Z</time>
      </trkpt>
      <trkpt lat="37.530239" lon="-122.267650">
        <ele>4.815982</ele>
        <time>2023-07-03T22:05:02.001Z</time>
      </trkpt>
      <trkpt lat="37.530311" lon="-122.267760">
        <ele>4.856799</ele>
        <time>2023-07-03T22:05:05.001Z</time>
      </trkpt>
      <trkpt lat="37.530390" lon="-122.267865">
        <ele>4.898219</ele>
        <time>2023-07-03T22:05:08.001Z</time>
      </trkpt>
      <trkpt lat="37.530462" lon="-122.267974">
        <ele>4.938816</ele>
        <time>2023-07-03T22:05:11.001Z</time>
      </trkpt>
      <trkpt lat="37.530547" lon="-122.268088">
        <ele>4.983595</ele>
        <time>2023-07-03T22:05:14.001Z</time>
      </trkpt>
      <trkpt lat="37.530621" lon="-122.268188">
        <ele>5.022737</ele>
        <time>2023-07-03T22:05:18.001Z</time>
      </trkpt>
      <trkpt lat="37.530738" lon="-122.268130">
        <ele>5.068103</ele>
        <time>2023-07-03T22:05:21.001Z</time>
      </trkpt>
      <trkpt lat="37.530857" lon="-122.268055">
        <ele>5.116111</ele>
        <time>2023-07-03T22:05:24.001Z</time>
      </trkpt>
      <trkpt lat="37.530968" lon="-122.268032">
        <ele>5.156705</ele>
        <time>2023-07-03T22:05:27.001Z</time>
      </trkpt>
      <trkpt lat="37.531079" lon="-122.268025">
        <ele>5.196811</ele>
        <time>2023-07-03T22:05:30.001Z</time>
      </trkpt>
      <trkpt lat="37.531227" lon="-122.268005">
        <ele>5.250524</ele>
        <time>2023-07-03T22:05:33.001Z</time>
      </trkpt>
      <trkpt lat="37.531343" lon="-122.267967">
        <ele>5.242483</ele>
        <time>2023-07-03T22:05:35.001Z</time>
      </trkpt>
      <trkpt lat="37.531442" lon="-122.267929">
        <ele>5.177979</ele>
        <time>2023-07-03T22:05:37.001Z</time>
      </trkpt>
      <trkpt lat="37.531548" lon="-122.267907">
        <ele>5.111018</ele>
        <time>2023-07-03T22:05:39.001Z</time>
      </trkpt>
      <trkpt lat="37.531646" lon="-122.267911">
        <ele>5.049900</ele>
        <time>2023-07-03T22:05:41.001Z</time>
      </trkpt>
      <trkpt lat="37.531753" lon="-122.267933">
        <ele>4.982324</ele>
        <time>2023-07-03T22:05:43.001Z</time>
      </trkpt>
      <trkpt lat="37.531855" lon="-122.267906">
        <ele>4.917360</ele>
        <time>2023-07-03T22:05:45.001Z</time>
      </trkpt>
      <trkpt lat="37.531961" lon="-122.267873">
        <ele>4.849304</ele>
        <time>2023-07-03T22:05:47.001Z</time>
      </trkpt>
      <trkpt lat="37.532058" lon="-122.267877">
        <ele>4.788810</ele>
        <time>2023-07-03T22:05:49.001Z</time>
      </trkpt>
      <trkpt lat="37.532166" lon="-122.267875">
        <ele>4.721484</ele>
        <time>2023-07-03T22:05:51.001Z</time>
      </trkpt>
      <trkpt lat="37.532260" lon="-122.267829">
        <ele>4.658635</ele>
        <time>2023-07-03T22:05:53.001Z</time>
      </trkpt>
      <trkpt lat="37.532347" lon="-122.267779">
        <ele>4.599039</ele>
        <time>2023-07-03T22:05:55.001Z</time>
      </trkpt>
      <trkpt lat="37.532438" lon="-122.267771">
        <ele>4.542180</ele>
        <time>2023-07-03T22:05:57.001Z</time>
      </trkpt>
      <trkpt lat="37.532564" lon="-122.267741">
        <ele>4.462254</ele>
        <time>2023-07-03T22:06:00.001Z</time>
      </trkpt>
      <trkpt lat="37.532650" lon="-122.267790">
        <ele>4.403430</ele>
        <time>2023-07-03T22:06:02.001Z</time>
      </trkpt>
      <trkpt lat="37.532759" lon="-122.267795">
        <ele>4.335443</ele>
        <time>2023-07-03T22:06:04.001Z</time>
      </trkpt>
      <trkpt lat="37.532864" lon="-122.267770">
        <ele>4.268838</ele>
        <time>2023-07-03T22:06:06.001Z</time>
      </trkpt>
      <trkpt lat="37.532972" lon="-122.267775">
        <ele>4.201474</ele>
        <time>2023-07-03T22:06:08.001Z</time>
      </trkpt>
      <trkpt lat="37.533072" lon="-122.267710">
        <ele>4.130426</ele>
        <time>2023-07-03T22:06:10.001Z</time>
      </trkpt>
      <trkpt lat="37.533108" lon="-122.267581">
        <ele>4.060053</ele>
        <time>2023-07-03T22:06:12.001Z</time>
      </trkpt>
      <trkpt lat="37.533121" lon="-122.267456">
        <ele>3.995178</ele>
        <time>2023-07-03T22:06:14.001Z</time>
      </trkpt>
      <trkpt lat="37.533178" lon="-122.267362">
        <ele>3.934285</ele>
        <time>2023-07-03T22:06:16.001Z</time>
      </trkpt>
      <trkpt lat="37.533260" lon="-122.267298">
        <ele>3.871707</ele>
        <time>2023-07-03T22:06:18.001Z</time>
      </trkpt>
      <trkpt lat="37.533342" lon="-122.267251">
        <ele>3.813257</ele>
        <time>2023-07-03T22:06:20.001Z</time>
      </trkpt>
      <trkpt lat="37.533435" lon="-122.267178">
        <ele>3.742172</ele>
        <time>2023-07-03T22:06:22.001Z</time>
      </trkpt>
      <trkpt lat="37.533481" lon="-122.267059">
        <ele>3.674048</ele>
        <time>2023-07-03T22:06:24.001Z</time>
      </trkpt>
      <trkpt lat="37.533570" lon="-122.267004">
        <ele>3.609733</ele>
        <time>2023-07-03T22:06:26.001Z</time>
      </trkpt>
      <trkpt lat="37.533653" lon="-122.266940">
        <ele>3.546602</ele>
        <time>2023-07-03T22:06:28.001Z</time>
      </trkpt>
      <trkpt lat="37.533705" lon="-122.266824">
        <ele>3.478032</ele>
        <time>2023-07-03T22:06:30.001Z</time>
      </trkpt>
      <trkpt lat="37.533776" lon="-122.266730">
        <ele>3.411230</ele>
        <time>2023-07-03T22:06:32.001Z</time>
      </trkpt>
      <trkpt lat="37.533852" lon="-122.266640">
        <ele>3.343576</ele>
        <time>2023-07-03T22:06:34.001Z</time>
      </trkpt>
      <trkpt lat="37.533920" lon="-122.266548">
        <ele>3.278858</ele>
        <time>2023-07-03T22:06:36.001Z</time>
      </trkpt>
      <trkpt lat="37.533974" lon="-122.266430">
        <ele>3.208752</ele>
        <time>2023-07-03T22:06:39.001Z</time>
      </trkpt>
      <trkpt lat="37.534017" lon="-122.266328">
        <ele>3.149308</ele>
        <time>2023-07-03T22:06:42.001Z</time>
      </trkpt>
      <trkpt lat="37.534045" lon="-122.266215">
        <ele>3.088388</ele>
        <time>2023-07-03T22:06:44.001Z</time>
      </trkpt>
      <trkpt lat="37.534070" lon="-122.266093">
        <ele>3.023546</ele>
        <time>2023-07-03T22:06:46.001Z</time>
      </trkpt>
      <trkpt lat="37.534108" lon="-122.265970">
        <ele>3.007669</ele>
        <time>2023-07-03T22:06:48.001Z</time>
      </trkpt>
      <trkpt lat="37.534152" lon="-122.265851">
        <ele>3.053361</ele>
        <time>2023-07-03T22:06:50.001Z</time>
      </trkpt>
      <trkpt lat="37.534187" lon="-122.265720">
        <ele>3.101466</ele>
        <time>2023-07-03T22:06:52.001Z</time>
      </trkpt>
      <trkpt lat="37.534219" lon="-122.265591">
        <ele>3.148503</ele>
        <time>2023-07-03T22:06:54.001Z</time>
      </trkpt>
      <trkpt lat="37.534253" lon="-122.265464">
        <ele>3.195149</ele>
        <time>2023-07-03T22:06:56.001Z</time>
      </trkpt>
      <trkpt lat="37.534306" lon="-122.265348">
        <ele>3.241737</ele>
        <time>2023-07-03T22:06:58.001Z</time>
      </trkpt>
      <trkpt lat="37.534361" lon="-122.265237">
        <ele>3.287285</ele>
        <time>2023-07-03T22:07:00.001Z</time>
      </trkpt>
      <trkpt lat="37.534427" lon="-122.265132">
        <ele>3.333912</ele>
        <time>2023-07-03T22:07:02.001Z</time>
      </trkpt>
      <trkpt lat="37.534504" lon="-122.265047">
        <ele>3.378820</ele>
        <time>2023-07-03T22:07:04.001Z</time>
      </trkpt>
      <trkpt lat="37.534563" lon="-122.264905">
        <ele>3.434607</ele>
        <time>2023-07-03T22:07:07.001Z</time>
      </trkpt>
      <trkpt lat="37.534547" lon="-122.264779">
        <ele>3.479013</ele>
        <time>2023-07-03T22:07:09.001Z</time>
      </trkpt>
      <trkpt lat="37.534529" lon="-122.264665">
        <ele>3.519463</ele>
        <time>2023-07-03T22:07:11.001Z</time>
      </trkpt>
      <trkpt lat="37.534483" lon="-122.264554">
        <ele>3.563047</ele>
        <time>2023-07-03T22:07:13.001Z</time>
      </trkpt>
      <trkpt lat="37.534442" lon="-122.264438">
        <ele>3.607243</ele>
        <time>2023-07-03T22:07:15.001Z</time>
      </trkpt>
      <trkpt lat="37.534414" lon="-122.264318">
        <ele>3.650772</ele>
        <time>2023-07-03T22:07:17.001Z</time>
      </trkpt>
      <trkpt lat="37.534371" lon="-122.264194">
        <ele>3.697869</ele>
        <time>2023-07-03T22:07:19.001Z</time>
      </trkpt>
      <trkpt lat="37.534337" lon="-122.264063">
        <ele>3.745836</ele>
        <time>2023-07-03T22:07:21.001Z</time>
      </trkpt>
      <trkpt lat="37.534300" lon="-122.263937">
        <ele>3.761584</ele>
        <time>2023-07-03T22:07:23.002Z</time>
      </trkpt>
      <trkpt lat="37.534255" lon="-122.263809">
        <ele>3.719332</ele>
        <time>2023-07-03T22:07:25.002Z</time>
      </trkpt>
      <trkpt lat="37.534207" lon="-122.263678">
        <ele>3.675784</ele>
        <time>2023-07-03T22:07:27.002Z</time>
      </trkpt>
      <trkpt lat="37.534155" lon="-122.263537">
        <ele>3.628859</ele>
        <time>2023-07-03T22:07:29.002Z</time>
      </trkpt>
      <trkpt lat="37.534111" lon="-122.263395">
        <ele>3.582853</ele>
        <time>2023-07-03T22:07:31.002Z</time>
      </trkpt>
      <trkpt lat="37.534059" lon="-122.263252">
        <ele>3.535379</ele>
        <time>2023-07-03T22:07:33.002Z</time>
      </trkpt>
      <trkpt lat="37.534022" lon="-122.263097">
        <ele>3.486532</ele>
        <time>2023-07-03T22:07:35.002Z</time>
      </trkpt>
      <trkpt lat="37.533974" lon="-122.262945">
        <ele>3.437160</ele>
        <time>2023-07-03T22:07:37.002Z</time>
      </trkpt>
      <trkpt lat="37.533937" lon="-122.262788">
        <ele>3.387734</ele>
        <time>2023-07-03T22:07:39.002Z</time>
      </trkpt>
      <trkpt lat="37.533897" lon="-122.262635">
        <ele>3.339119</ele>
        <time>2023-07-03T22:07:41.002Z</time>
      </trkpt>
      <trkpt lat="37.533853" lon="-122.262481">
        <ele>3.289722</ele>
        <time>2023-07-03T22:07:43.002Z</time>
      </trkpt>
      <trkpt lat="37.533808" lon="-122.262333">
        <ele>3.241890</ele>
        <time>2023-07-03T22:07:45.002Z</time>
      </trkpt>
      <trkpt lat="37.533750" lon="-122.262187">
        <ele>3.192612</ele>
        <time>2023-07-03T22:07:47.002Z</time>
      </trkpt>
      <trkpt lat="37.533691" lon="-122.262042">
        <ele>3.143432</ele>
        <time>2023-07-03T22:07:49.002Z</time>
      </trkpt>
      <trkpt lat="37.533653" lon="-122.261889">
        <ele>3.095050</ele>
        <time>2023-07-03T22:07:51.002Z</time>
      </trkpt>
      <trkpt lat="37.533652" lon="-122.261723">
        <ele>3.116598</ele>
        <time>2023-07-03T22:07:53.002Z</time>
      </trkpt>
      <trkpt lat="37.533682" lon="-122.261563">
        <ele>3.143314</ele>
        <time>2023-07-03T22:07:55.002Z</time>
      </trkpt>
      <trkpt lat="37.533757" lon="-122.261429">
        <ele>3.169965</ele>
        <time>2023-07-03T22:07:57.002Z</time>
      </trkpt>
      <trkpt lat="37.533829" lon="-122.261301">
        <ele>3.195465</ele>
        <time>2023-07-03T22:07:59.002Z</time>
      </trkpt>
      <trkpt lat="37.533898" lon="-122.261171">
        <ele>3.220884</ele>
        <time>2023-07-03T22:08:01.002Z</time>
      </trkpt>
      <trkpt lat="37.534003" lon="-122.261079">
        <ele>3.247083</ele>
        <time>2023-07-03T22:08:03.002Z</time>
      </trkpt>
      <trkpt lat="37.534118" lon="-122.261015">
        <ele>3.272840</ele>
        <time>2023-07-03T22:08:05.002Z</time>
      </trkpt>
      <trkpt lat="37.534234" lon="-122.260959">
        <ele>3.298292</ele>
        <time>2023-07-03T22:08:07.002Z</time>
      </trkpt>
      <trkpt lat="37.534353" lon="-122.260916">
        <ele>3.323657</ele>
        <time>2023-07-03T22:08:09.001Z</time>
      </trkpt>
      <trkpt lat="37.534471" lon="-122.260870">
        <ele>3.348965</ele>
        <time>2023-07-03T22:08:11.001Z</time>
      </trkpt>
      <trkpt lat="37.534587" lon="-122.260846">
        <ele>3.373053</ele>
        <time>2023-07-03T22:08:13.001Z</time>
      </trkpt>
      <trkpt lat="37.534701" lon="-122.260831">
        <ele>3.396539</ele>
        <time>2023-07-03T22:08:15.001Z</time>
      </trkpt>
      <trkpt lat="37.534816" lon="-122.260827">
        <ele>3.420112</ele>
        <time>2023-07-03T22:08:17.002Z</time>
      </trkpt>
      <trkpt lat="37.534935" lon="-122.260818">
        <ele>3.444540</ele>
        <time>2023-07-03T22:08:19.002Z</time>
      </trkpt>
      <trkpt lat="37.535052" lon="-122.260815">
        <ele>3.446869</ele>
        <time>2023-07-03T22:08:21.002Z</time>
      </trkpt>
      <trkpt lat="37.535167" lon="-122.260817">
        <ele>3.409975</ele>
        <time>2023-07-03T22:08:23.002Z</time>
      </trkpt>
      <trkpt lat="37.535280" lon="-122.260822">
        <ele>3.373703</ele>
        <time>2023-07-03T22:08:25.002Z</time>
      </trkpt>
      <trkpt lat="37.535395" lon="-122.260830">
        <ele>3.336757</ele>
        <time>2023-07-03T22:08:27.002Z</time>
      </trkpt>
      <trkpt lat="37.535508" lon="-122.260842">
        <ele>3.300379</ele>
        <time>2023-07-03T22:08:29.002Z</time>
      </trkpt>
      <trkpt lat="37.535618" lon="-122.260853">
        <ele>3.264982</ele>
        <time>2023-07-03T22:08:31.002Z</time>
      </trkpt>
      <trkpt lat="37.535730" lon="-122.260873">
        <ele>3.228695</ele>
        <time>2023-07-03T22:08:33.002Z</time>
      </trkpt>
      <trkpt lat="37.535838" lon="-122.260890">
        <ele>3.193782</ele>
        <time>2023-07-03T22:08:35.002Z</time>
      </trkpt>
      <trkpt lat="37.535945" lon="-122.260907">
        <ele>3.159186</ele>
        <time>2023-07-03T22:08:37.002Z</time>
      </trkpt>
      <trkpt lat="37.536053" lon="-122.260918">
        <ele>3.124428</ele>
        <time>2023-07-03T22:08:39.002Z</time>
      </trkpt>
      <trkpt lat="37.536160" lon="-122.260927">
        <ele>3.090028</ele>
        <time>2023-07-03T22:08:41.002Z</time>
      </trkpt>
      <trkpt lat="37.536262" lon="-122.260935">
        <ele>3.057244</ele>
        <time>2023-07-03T22:08:43.002Z</time>
      </trkpt>
      <trkpt lat="37.536366" lon="-122.260938">
        <ele>3.023874</ele>
        <time>2023-07-03T22:08:45.002Z</time>
      </trkpt>
      <trkpt lat="37.536474" lon="-122.260941">
        <ele>2.989220</ele>
        <time>2023-07-03T22:08:47.002Z</time>
      </trkpt>
      <trkpt lat="37.536590" lon="-122.260941">
        <ele>2.952009</ele>
        <time>2023-07-03T22:08:49.002Z</time>
      </trkpt>
      <trkpt lat="37.536707" lon="-122.260942">
        <ele>2.914476</ele>
        <time>2023-07-03T22:08:51.002Z</time>
      </trkpt>
      <trkpt lat="37.536826" lon="-122.260942">
        <ele>2.882218</ele>
        <time>2023-07-03T22:08:53.002Z</time>
      </trkpt>
      <trkpt lat="37.536947" lon="-122.260933">
        <ele>2.877183</ele>
        <time>2023-07-03T22:08:55.002Z</time>
      </trkpt>
      <trkpt lat="37.537064" lon="-122.260923">
        <ele>2.872311</ele>
        <time>2023-07-03T22:08:57.002Z</time>
      </trkpt>
      <trkpt lat="37.537177" lon="-122.260908">
        <ele>2.867591</ele>
        <time>2023-07-03T22:08:59.002Z</time>
      </trkpt>
      <trkpt lat="37.537290" lon="-122.260894">
        <ele>2.862873</ele>
        <time>2023-07-03T22:09:01.002Z</time>
      </trkpt>
      <trkpt lat="37.537403" lon="-122.260888">
        <ele>2.858175</ele>
        <time>2023-07-03T22:09:03.002Z</time>
      </trkpt>
      <trkpt lat="37.537520" lon="-122.260876">
        <ele>2.853298</ele>
        <time>2023-07-03T22:09:05.002Z</time>
      </trkpt>
      <trkpt lat="37.537633" lon="-122.260859">
        <ele>2.848570</ele>
        <time>2023-07-03T22:09:07.002Z</time>
      </trkpt>
      <trkpt lat="37.537751" lon="-122.260845">
        <ele>2.843646</ele>
        <time>2023-07-03T22:09:09.002Z</time>
      </trkpt>
      <trkpt lat="37.537867" lon="-122.260834">
        <ele>2.838814</ele>
        <time>2023-07-03T22:09:11.002Z</time>
      </trkpt>
      <trkpt lat="37.537987" lon="-122.260813">
        <ele>2.833781</ele>
        <time>2023-07-03T22:09:13.002Z</time>
      </trkpt>
      <trkpt lat="37.538104" lon="-122.260796">
        <ele>2.828888</ele>
        <time>2023-07-03T22:09:15.002Z</time>
      </trkpt>
      <trkpt lat="37.538226" lon="-122.260780">
        <ele>2.823792</ele>
        <time>2023-07-03T22:09:17.002Z</time>
      </trkpt>
      <trkpt lat="37.538340" lon="-122.260763">
        <ele>2.819023</ele>
        <time>2023-07-03T22:09:19.002Z</time>
      </trkpt>
      <trkpt lat="37.538448" lon="-122.260742">
        <ele>2.814483</ele>
        <time>2023-07-03T22:09:21.002Z</time>
      </trkpt>
      <trkpt lat="37.538564" lon="-122.260722">
        <ele>2.809619</ele>
        <time>2023-07-03T22:09:23.002Z</time>
      </trkpt>
      <trkpt lat="37.538676" lon="-122.260702">
        <ele>2.813639</ele>
        <time>2023-07-03T22:09:25.002Z</time>
      </trkpt>
      <trkpt lat="37.538795" lon="-122.260683">
        <ele>2.821230</ele>
        <time>2023-07-03T22:09:27.002Z</time>
      </trkpt>
      <trkpt lat="37.538915" lon="-122.260673">
        <ele>2.828841</ele>
        <time>2023-07-03T22:09:29.002Z</time>
      </trkpt>
      <trkpt lat="37.539030" lon="-122.260664">
        <ele>2.836133</ele>
        <time>2023-07-03T22:09:31.002Z</time>
      </trkpt>
      <trkpt lat="37.539145" lon="-122.260652">
        <ele>2.843435</ele>
        <time>2023-07-03T22:09:33.002Z</time>
      </trkpt>
      <trkpt lat="37.539257" lon="-122.260651">
        <ele>2.850523</ele>
        <time>2023-07-03T22:09:35.002Z</time>
      </trkpt>
      <trkpt lat="37.539372" lon="-122.260653">
        <ele>2.857802</ele>
        <time>2023-07-03T22:09:37.002Z</time>
      </trkpt>
      <trkpt lat="37.539485" lon="-122.260661">
        <ele>2.864964</ele>
        <time>2023-07-03T22:09:39.002Z</time>
      </trkpt>
      <trkpt lat="37.539597" lon="-122.260674">
        <ele>2.872082</ele>
        <time>2023-07-03T22:09:41.002Z</time>
      </trkpt>
      <trkpt lat="37.539711" lon="-122.260653">
        <ele>2.879373</ele>
        <time>2023-07-03T22:09:43.002Z</time>
      </trkpt>
      <trkpt lat="37.539827" lon="-122.260609">
        <ele>2.887039</ele>
        <time>2023-07-03T22:09:45.002Z</time>
      </trkpt>
      <trkpt lat="37.539933" lon="-122.260555">
        <ele>2.894274</ele>
        <time>2023-07-03T22:09:47.002Z</time>
      </trkpt>
      <trkpt lat="37.540039" lon="-122.260499">
        <ele>2.901547</ele>
        <time>2023-07-03T22:09:49.002Z</time>
      </trkpt>
      <trkpt lat="37.540145" lon="-122.260425">
        <ele>2.909215</ele>
        <time>2023-07-03T22:09:51.002Z</time>
      </trkpt>
      <trkpt lat="37.540241" lon="-122.260340">
        <ele>2.916638</ele>
        <time>2023-07-03T22:09:53.002Z</time>
      </trkpt>
      <trkpt lat="37.540337" lon="-122.260262">
        <ele>2.932304</ele>
        <time>2023-07-03T22:09:55.002Z</time>
      </trkpt>
      <trkpt lat="37.540436" lon="-122.260177">
        <ele>2.978367</ele>
        <time>2023-07-03T22:09:57.002Z</time>
      </trkpt>
      <trkpt lat="37.540534" lon="-122.260092">
        <ele>3.024114</ele>
        <time>2023-07-03T22:09:59.002Z</time>
      </trkpt>
      <trkpt lat="37.540627" lon="-122.260004">
        <ele>3.068831</ele>
        <time>2023-07-03T22:10:01.002Z</time>
      </trkpt>
      <trkpt lat="37.540718" lon="-122.259914">
        <ele>3.113310</ele>
        <time>2023-07-03T22:10:03.002Z</time>
      </trkpt>
      <trkpt lat="37.540811" lon="-122.259817">
        <ele>3.159727</ele>
        <time>2023-07-03T22:10:05.002Z</time>
      </trkpt>
      <trkpt lat="37.540897" lon="-122.259717">
        <ele>3.204718</ele>
        <time>2023-07-03T22:10:07.002Z</time>
      </trkpt>
      <trkpt lat="37.540972" lon="-122.259599">
        <ele>3.250839</ele>
        <time>2023-07-03T22:10:09.002Z</time>
      </trkpt>
      <trkpt lat="37.541042" lon="-122.259469">
        <ele>3.298762</ele>
        <time>2023-07-03T22:10:11.002Z</time>
      </trkpt>
      <trkpt lat="37.541100" lon="-122.259338">
        <ele>3.344520</ele>
        <time>2023-07-03T22:10:13.002Z</time>
      </trkpt>
      <trkpt lat="37.541159" lon="-122.259206">
        <ele>3.390731</ele>
        <time>2023-07-03T22:10:15.002Z</time>
      </trkpt>
      <trkpt lat="37.541215" lon="-122.259070">
        <ele>3.437466</ele>
        <time>2023-07-03T22:10:17.002Z</time>
      </trkpt>
      <trkpt lat="37.541262" lon="-122.258932">
        <ele>3.483269</ele>
        <time>2023-07-03T22:10:19.002Z</time>
      </trkpt>
      <trkpt lat="37.541308" lon="-122.258797">
        <ele>3.528081</ele>
        <time>2023-07-03T22:10:21.002Z</time>
      </trkpt>
      <trkpt lat="37.541349" lon="-122.258657">
        <ele>3.573595</ele>
        <time>2023-07-03T22:10:23.002Z</time>
      </trkpt>
      <trkpt lat="37.541393" lon="-122.258519">
        <ele>3.610123</ele>
        <time>2023-07-03T22:10:25.002Z</time>
      </trkpt>
      <trkpt lat="37.541442" lon="-122.258380">
        <ele>3.573982</ele>
        <time>2023-07-03T22:10:27.002Z</time>
      </trkpt>
      <trkpt lat="37.541498" lon="-122.258244">
        <ele>3.537573</ele>
        <time>2023-07-03T22:10:29.002Z</time>
      </trkpt>
      <trkpt lat="37.541527" lon="-122.258097">
        <ele>3.501582</ele>
        <time>2023-07-03T22:10:31.002Z</time>
      </trkpt>
      <trkpt lat="37.541562" lon="-122.257947">
        <ele>3.464433</ele>
        <time>2023-07-03T22:10:33.002Z</time>
      </trkpt>
      <trkpt lat="37.541598" lon="-122.257797">
        <ele>3.427198</ele>
        <time>2023-07-03T22:10:35.002Z</time>
      </trkpt>
      <trkpt lat="37.541627" lon="-122.257641">
        <ele>3.389130</ele>
        <time>2023-07-03T22:10:37.002Z</time>
      </trkpt>
      <trkpt lat="37.541652" lon="-122.257486">
        <ele>3.351549</ele>
        <time>2023-07-03T22:10:39.002Z</time>
      </trkpt>
      <trkpt lat="37.541666" lon="-122.257326">
        <ele>3.313305</ele>
        <time>2023-07-03T22:10:41.002Z</time>
      </trkpt>
      <trkpt lat="37.541675" lon="-122.257165">
        <ele>3.274958</ele>
        <time>2023-07-03T22:10:43.002Z</time>
      </trkpt>
      <trkpt lat="37.541680" lon="-122.257001">
        <ele>3.235965</ele>
        <time>2023-07-03T22:10:45.002Z</time>
      </trkpt>
      <trkpt lat="37.541680" lon="-122.256840">
        <ele>3.197713</ele>
        <time>2023-07-03T22:10:47.002Z</time>
      </trkpt>
      <trkpt lat="37.541674" lon="-122.256679">
        <ele>3.159419</ele>
        <time>2023-07-03T22:10:49.002Z</time>
      </trkpt>
      <trkpt lat="37.541666" lon="-122.256520">
        <ele>3.121567</ele>
        <time>2023-07-03T22:10:51.002Z</time>
      </trkpt>
      <trkpt lat="37.541658" lon="-122.256357">
        <ele>3.082766</ele>
        <time>2023-07-03T22:10:53.003Z</time>
      </trkpt>
      <trkpt lat="37.541648" lon="-122.256194">
        <ele>3.081377</ele>
        <time>2023-07-03T22:10:55.003Z</time>
      </trkpt>
      <trkpt lat="37.541643" lon="-122.256030">
        <ele>3.089310</ele>
        <time>2023-07-03T22:10:57.003Z</time>
      </trkpt>
      <trkpt lat="37.541635" lon="-122.255868">
        <ele>3.097155</ele>
        <time>2023-07-03T22:10:59.003Z</time>
      </trkpt>
      <trkpt lat="37.541633" lon="-122.255707">
        <ele>3.104938</ele>
        <time>2023-07-03T22:11:01.003Z</time>
      </trkpt>
      <trkpt lat="37.541630" lon="-122.255547">
        <ele>3.112673</ele>
        <time>2023-07-03T22:11:03.003Z</time>
      </trkpt>
      <trkpt lat="37.541625" lon="-122.255383">
        <ele>3.120605</ele>
        <time>2023-07-03T22:11:05.003Z</time>
      </trkpt>
      <trkpt lat="37.541622" lon="-122.255221">
        <ele>3.128438</ele>
        <time>2023-07-03T22:11:07.003Z</time>
      </trkpt>
      <trkpt lat="37.541620" lon="-122.255066">
        <ele>3.135930</ele>
        <time>2023-07-03T22:11:09.003Z</time>
      </trkpt>
      <trkpt lat="37.541613" lon="-122.254901">
        <ele>3.143917</ele>
        <time>2023-07-03T22:11:11.003Z</time>
      </trkpt>
      <trkpt lat="37.541607" lon="-122.254741">
        <ele>3.151658</ele>
        <time>2023-07-03T22:11:13.003Z</time>
      </trkpt>
      <trkpt lat="37.541601" lon="-122.254595">
        <ele>3.158725</ele>
        <time>2023-07-03T22:11:15.003Z</time>
      </trkpt>
      <trkpt lat="37.541590" lon="-122.254444">
        <ele>3.166054</ele>
        <time>2023-07-03T22:11:17.003Z</time>
      </trkpt>
      <trkpt lat="37.541574" lon="-122.254296">
        <ele>3.173273</ele>
        <time>2023-07-03T22:11:19.003Z</time>
      </trkpt>
      <trkpt lat="37.541557" lon="-122.254147">
        <ele>3.180549</ele>
        <time>2023-07-03T22:11:21.003Z</time>
      </trkpt>
      <trkpt lat="37.541553" lon="-122.253999">
        <ele>3.177784</ele>
        <time>2023-07-03T22:11:23.003Z</time>
      </trkpt>
      <trkpt lat="37.541520" lon="-122.253842">
        <ele>3.159853</ele>
        <time>2023-07-03T22:11:25.003Z</time>
      </trkpt>
      <trkpt lat="37.541485" lon="-122.253684">
        <ele>3.141742</ele>
        <time>2023-07-03T22:11:27.003Z</time>
      </trkpt>
      <trkpt lat="37.541459" lon="-122.253519">
        <ele>3.123171</ele>
        <time>2023-07-03T22:11:29.003Z</time>
      </trkpt>
      <trkpt lat="37.541458" lon="-122.253347">
        <ele>3.104182</ele>
        <time>2023-07-03T22:11:31.003Z</time>
      </trkpt>
      <trkpt lat="37.541485" lon="-122.253180">
        <ele>3.085366</ele>
        <time>2023-07-03T22:11:33.003Z</time>
      </trkpt>
      <trkpt lat="37.541518" lon="-122.253013">
        <ele>3.066366</ele>
        <time>2023-07-03T22:11:35.003Z</time>
      </trkpt>
      <trkpt lat="37.541573" lon="-122.252854">
        <ele>3.047215</ele>
        <time>2023-07-03T22:11:37.003Z</time>
      </trkpt>
      <trkpt lat="37.541665" lon="-122.252723">
        <ele>3.027896</ele>
        <time>2023-07-03T22:11:39.003Z</time>
      </trkpt>
      <trkpt lat="37.541780" lon="-122.252620">
        <ele>3.008258</ele>
        <time>2023-07-03T22:11:41.003Z</time>
      </trkpt>
      <trkpt lat="37.541910" lon="-122.252554">
        <ele>2.988747</ele>
        <time>2023-07-03T22:11:43.003Z</time>
      </trkpt>
      <trkpt lat="37.542046" lon="-122.252517">
        <ele>2.969376</ele>
        <time>2023-07-03T22:11:45.003Z</time>
      </trkpt>
      <trkpt lat="37.542184" lon="-122.252536">
        <ele>2.950048</ele>
        <time>2023-07-03T22:11:47.003Z</time>
      </trkpt>
      <trkpt lat="37.542306" lon="-122.252592">
        <ele>2.929873</ele>
        <time>2023-07-03T22:11:49.003Z</time>
      </trkpt>
      <trkpt lat="37.542425" lon="-122.252650">
        <ele>2.895823</ele>
        <time>2023-07-03T22:11:51.003Z</time>
      </trkpt>
      <trkpt lat="37.542535" lon="-122.252732">
        <ele>2.861719</ele>
        <time>2023-07-03T22:11:53.003Z</time>
      </trkpt>
      <trkpt lat="37.542650" lon="-122.252814">
        <ele>2.826459</ele>
        <time>2023-07-03T22:11:55.003Z</time>
      </trkpt>
      <trkpt lat="37.542757" lon="-122.252919">
        <ele>2.790275</ele>
        <time>2023-07-03T22:11:57.003Z</time>
      </trkpt>
      <trkpt lat="37.542852" lon="-122.253040">
        <ele>2.754238</ele>
        <time>2023-07-03T22:11:59.003Z</time>
      </trkpt>
      <trkpt lat="37.542944" lon="-122.253172">
        <ele>2.717046</ele>
        <time>2023-07-03T22:12:01.003Z</time>
      </trkpt>
      <trkpt lat="37.543034" lon="-122.253307">
        <ele>2.679720</ele>
        <time>2023-07-03T22:12:03.003Z</time>
      </trkpt>
      <trkpt lat="37.543131" lon="-122.253434">
        <ele>2.642403</ele>
        <time>2023-07-03T22:12:05.003Z</time>
      </trkpt>
      <trkpt lat="37.543252" lon="-122.253529">
        <ele>2.604361</ele>
        <time>2023-07-03T22:12:07.003Z</time>
      </trkpt>
      <trkpt lat="37.543388" lon="-122.253596">
        <ele>2.565392</ele>
        <time>2023-07-03T22:12:09.003Z</time>
      </trkpt>
      <trkpt lat="37.543528" lon="-122.253638">
        <ele>2.526983</ele>
        <time>2023-07-03T22:12:11.003Z</time>
      </trkpt>
      <trkpt lat="37.543660" lon="-122.253679">
        <ele>2.490700</ele>
        <time>2023-07-03T22:12:13.003Z</time>
      </trkpt>
      <trkpt lat="37.543783" lon="-122.253718">
        <ele>2.456849</ele>
        <time>2023-07-03T22:12:15.003Z</time>
      </trkpt>
      <trkpt lat="37.543908" lon="-122.253756">
        <ele>2.436630</ele>
        <time>2023-07-03T22:12:17.003Z</time>
      </trkpt>
      <trkpt lat="37.544032" lon="-122.253800">
        <ele>2.417556</ele>
        <time>2023-07-03T22:12:19.003Z</time>
      </trkpt>
      <trkpt lat="37.544152" lon="-122.253838">
        <ele>2.399234</ele>
        <time>2023-07-03T22:12:21.003Z</time>
      </trkpt>
      <trkpt lat="37.544272" lon="-122.253878">
        <ele>2.380855</ele>
        <time>2023-07-03T22:12:23.003Z</time>
      </trkpt>
      <trkpt lat="37.544387" lon="-122.253911">
        <ele>2.363390</ele>
        <time>2023-07-03T22:12:25.002Z</time>
      </trkpt>
      <trkpt lat="37.544500" lon="-122.253941">
        <ele>2.346291</ele>
        <time>2023-07-03T22:12:27.002Z</time>
      </trkpt>
      <trkpt lat="37.544614" lon="-122.253973">
        <ele>2.328997</ele>
        <time>2023-07-03T22:12:29.002Z</time>
      </trkpt>
      <trkpt lat="37.544737" lon="-122.254005">
        <ele>2.310399</ele>
        <time>2023-07-03T22:12:31.002Z</time>
      </trkpt>
      <trkpt lat="37.544868" lon="-122.254028">
        <ele>2.290814</ele>
        <time>2023-07-03T22:12:33.002Z</time>
      </trkpt>
      <trkpt lat="37.545001" lon="-122.254049">
        <ele>2.270965</ele>
        <time>2023-07-03T22:12:35.002Z</time>
      </trkpt>
      <trkpt lat="37.545130" lon="-122.254067">
        <ele>2.251747</ele>
        <time>2023-07-03T22:12:37.002Z</time>
      </trkpt>
      <trkpt lat="37.545264" lon="-122.254083">
        <ele>2.231815</ele>
        <time>2023-07-03T22:12:39.003Z</time>
      </trkpt>
      <trkpt lat="37.545399" lon="-122.254106">
        <ele>2.211643</ele>
        <time>2023-07-03T22:12:41.003Z</time>
      </trkpt>
      <trkpt lat="37.545535" lon="-122.254131">
        <ele>2.191291</ele>
        <time>2023-07-03T22:12:43.003Z</time>
      </trkpt>
      <trkpt lat="37.545660" lon="-122.254164">
        <ele>2.208432</ele>
        <time>2023-07-03T22:12:45.003Z</time>
      </trkpt>
      <trkpt lat="37.545775" lon="-122.254207">
        <ele>2.232040</ele>
        <time>2023-07-03T22:12:47.003Z</time>
      </trkpt>
      <trkpt lat="37.545888" lon="-122.254256">
        <ele>2.255558</ele>
        <time>2023-07-03T22:12:49.003Z</time>
      </trkpt>
      <trkpt lat="37.546002" lon="-122.254277">
        <ele>2.278233</ele>
        <time>2023-07-03T22:12:51.003Z</time>
      </trkpt>
      <trkpt lat="37.546118" lon="-122.254301">
        <ele>2.301370</ele>
        <time>2023-07-03T22:12:53.003Z</time>
      </trkpt>
      <trkpt lat="37.546229" lon="-122.254325">
        <ele>2.323535</ele>
        <time>2023-07-03T22:12:55.003Z</time>
      </trkpt>
      <trkpt lat="37.546353" lon="-122.254353">
        <ele>2.348329</ele>
        <time>2023-07-03T22:12:57.003Z</time>
      </trkpt>
      <trkpt lat="37.546482" lon="-122.254342">
        <ele>2.373777</ele>
        <time>2023-07-03T22:12:59.003Z</time>
      </trkpt>
      <trkpt lat="37.546604" lon="-122.254324">
        <ele>2.397952</ele>
        <time>2023-07-03T22:13:01.003Z</time>
      </trkpt>
      <trkpt lat="37.546721" lon="-122.254295">
        <ele>2.421421</ele>
        <time>2023-07-03T22:13:03.003Z</time>
      </trkpt>
      <trkpt lat="37.546835" lon="-122.254281">
        <ele>2.443964</ele>
        <time>2023-07-03T22:13:05.003Z</time>
      </trkpt>
      <trkpt lat="37.546948" lon="-122.254257">
        <ele>2.466518</ele>
        <time>2023-07-03T22:13:07.003Z</time>
      </trkpt>
      <trkpt lat="37.547061" lon="-122.254233">
        <ele>2.489072</ele>
        <time>2023-07-03T22:13:09.003Z</time>
      </trkpt>
      <trkpt lat="37.547175" lon="-122.254228">
        <ele>2.511523</ele>
        <time>2023-07-03T22:13:11.003Z</time>
      </trkpt>
      <trkpt lat="37.547287" lon="-122.254230">
        <ele>2.533569</ele>
        <time>2023-07-03T22:13:13.003Z</time>
      </trkpt>
      <trkpt lat="37.547401" lon="-122.254243">
        <ele>2.567186</ele>
        <time>2023-07-03T22:13:15.003Z</time>
      </trkpt>
      <trkpt lat="37.547506" lon="-122.254264">
        <ele>2.604414</ele>
        <time>2023-07-03T22:13:17.003Z</time>
      </trkpt>
      <trkpt lat="37.547611" lon="-122.254293">
        <ele>2.642053</ele>
        <time>2023-07-03T22:13:19.003Z</time>
      </trkpt>
      <trkpt lat="37.547721" lon="-122.254319">
        <ele>2.681243</ele>
        <time>2023-07-03T22:13:21.003Z</time>
      </trkpt>
      <trkpt lat="37.547831" lon="-122.254316">
        <ele>2.719771</ele>
        <time>2023-07-03T22:13:23.003Z</time>
      </trkpt>
      <trkpt lat="37.547922" lon="-122.254233">
        <ele>2.759096</ele>
        <time>2023-07-03T22:13:25.003Z</time>
      </trkpt>
      <trkpt lat="37.547987" lon="-122.254116">
        <ele>2.798760</ele>
        <time>2023-07-03T22:13:27.003Z</time>
      </trkpt>
      <trkpt lat="37.548052" lon="-122.254001">
        <ele>2.837970</ele>
        <time>2023-07-03T22:13:29.003Z</time>
      </trkpt>
      <trkpt lat="37.548115" lon="-122.253882">
        <ele>2.877697</ele>
        <time>2023-07-03T22:13:31.003Z</time>
      </trkpt>
      <trkpt lat="37.548182" lon="-122.253770">
        <ele>2.916650</ele>
        <time>2023-07-03T22:13:33.003Z</time>
      </trkpt>
      <trkpt lat="37.548264" lon="-122.253668">
        <ele>2.956979</ele>
        <time>2023-07-03T22:13:35.003Z</time>
      </trkpt>
      <trkpt lat="37.548359" lon="-122.253586">
        <ele>2.997290</ele>
        <time>2023-07-03T22:13:37.003Z</time>
      </trkpt>
      <trkpt lat="37.548446" lon="-122.253491">
        <ele>3.037586</ele>
        <time>2023-07-03T22:13:39.003Z</time>
      </trkpt>
      <trkpt lat="37.548531" lon="-122.253398">
        <ele>3.076989</ele>
        <time>2023-07-03T22:13:41.003Z</time>
      </trkpt>
      <trkpt lat="37.548613" lon="-122.253297">
        <ele>3.117123</ele>
        <time>2023-07-03T22:13:43.003Z</time>
      </trkpt>
      <trkpt lat="37.548698" lon="-122.253201">
        <ele>3.157077</ele>
        <time>2023-07-03T22:13:45.003Z</time>
      </trkpt>
      <trkpt lat="37.548791" lon="-122.253126">
        <ele>3.196158</ele>
        <time>2023-07-03T22:13:47.003Z</time>
      </trkpt>
      <trkpt lat="37.548890" lon="-122.253053">
        <ele>3.237028</ele>
        <time>2023-07-03T22:13:49.003Z</time>
      </trkpt>
      <trkpt lat="37.548989" lon="-122.252982">
        <ele>3.277616</ele>
        <time>2023-07-03T22:13:51.003Z</time>
      </trkpt>
      <trkpt lat="37.549085" lon="-122.252912">
        <ele>3.317135</ele>
        <time>2023-07-03T22:13:53.003Z</time>
      </trkpt>
      <trkpt lat="37.549178" lon="-122.252847">
        <ele>3.355029</ele>
        <time>2023-07-03T22:13:55.003Z</time>
      </trkpt>
      <trkpt lat="37.549273" lon="-122.252787">
        <ele>3.392894</ele>
        <time>2023-07-03T22:13:57.003Z</time>
      </trkpt>
      <trkpt lat="37.549372" lon="-122.252725">
        <ele>3.432287</ele>
        <time>2023-07-03T22:13:59.003Z</time>
      </trkpt>
      <trkpt lat="37.549466" lon="-122.252655">
        <ele>3.471191</ele>
        <time>2023-07-03T22:14:01.003Z</time>
      </trkpt>
      <trkpt lat="37.549563" lon="-122.252583">
        <ele>3.511303</ele>
        <time>2023-07-03T22:14:03.003Z</time>
      </trkpt>
      <trkpt lat="37.549660" lon="-122.252511">
        <ele>3.551415</ele>
        <time>2023-07-03T22:14:05.003Z</time>
      </trkpt>
      <trkpt lat="37.549753" lon="-122.252433">
        <ele>3.591219</ele>
        <time>2023-07-03T22:14:07.003Z</time>
      </trkpt>
      <trkpt lat="37.549848" lon="-122.252366">
        <ele>3.630010</ele>
        <time>2023-07-03T22:14:09.003Z</time>
      </trkpt>
      <trkpt lat="37.549940" lon="-122.252293">
        <ele>3.668746</ele>
        <time>2023-07-03T22:14:11.003Z</time>
      </trkpt>
      <trkpt lat="37.550033" lon="-122.252216">
        <ele>3.708394</ele>
        <time>2023-07-03T22:14:13.003Z</time>
      </trkpt>
      <trkpt lat="37.550128" lon="-122.252140">
        <ele>3.748487</ele>
        <time>2023-07-03T22:14:15.003Z</time>
      </trkpt>
      <trkpt lat="37.550219" lon="-122.252060">
        <ele>3.788020</ele>
        <time>2023-07-03T22:14:17.003Z</time>
      </trkpt>
      <trkpt lat="37.550311" lon="-122.251974">
        <ele>3.810545</ele>
        <time>2023-07-03T22:14:19.003Z</time>
      </trkpt>
      <trkpt lat="37.550401" lon="-122.251898">
        <ele>3.805303</ele>
        <time>2023-07-03T22:14:21.004Z</time>
      </trkpt>
      <trkpt lat="37.550492" lon="-122.251825">
        <ele>3.800083</ele>
        <time>2023-07-03T22:14:23.004Z</time>
      </trkpt>
      <trkpt lat="37.550582" lon="-122.251754">
        <ele>3.794945</ele>
        <time>2023-07-03T22:14:25.004Z</time>
      </trkpt>
      <trkpt lat="37.550667" lon="-122.251687">
        <ele>3.790093</ele>
        <time>2023-07-03T22:14:27.004Z</time>
      </trkpt>
      <trkpt lat="37.550746" lon="-122.251623">
        <ele>3.785549</ele>
        <time>2023-07-03T22:14:29.004Z</time>
      </trkpt>
      <trkpt lat="37.550857" lon="-122.251535">
        <ele>3.779203</ele>
        <time>2023-07-03T22:14:32.004Z</time>
      </trkpt>
      <trkpt lat="37.550965" lon="-122.251442">
        <ele>3.772873</ele>
        <time>2023-07-03T22:14:35.004Z</time>
      </trkpt>
      <trkpt lat="37.551067" lon="-122.251364">
        <ele>3.767100</ele>
        <time>2023-07-03T22:14:38.004Z</time>
      </trkpt>
      <trkpt lat="37.551159" lon="-122.251295">
        <ele>3.761919</ele>
        <time>2023-07-03T22:14:41.003Z</time>
      </trkpt>
      <trkpt lat="37.551235" lon="-122.251222">
        <ele>3.757295</ele>
        <time>2023-07-03T22:14:44.003Z</time>
      </trkpt>
      <trkpt lat="37.551325" lon="-122.251157">
        <ele>3.752275</ele>
        <time>2023-07-03T22:14:47.003Z</time>
      </trkpt>
      <trkpt lat="37.551401" lon="-122.251091">
        <ele>3.747809</ele>
        <time>2023-07-03T22:14:50.003Z</time>
      </trkpt>
      <trkpt lat="37.551379" lon="-122.251202">
        <ele>3.743419</ele>
        <time>2023-07-03T22:14:55.003Z</time>
      </trkpt>
      <trkpt lat="37.551307" lon="-122.251295">
        <ele>3.738431</ele>
        <time>2023-07-03T22:14:58.003Z</time>
      </trkpt>
      <trkpt lat="37.551397" lon="-122.251341">
        <ele>3.733730</ele>
        <time>2023-07-03T22:15:04.003Z</time>
      </trkpt>
      <trkpt lat="37.551486" lon="-122.251271">
        <ele>3.728654</ele>
        <time>2023-07-03T22:15:07.003Z</time>
      </trkpt>
      <trkpt lat="37.551572" lon="-122.251211">
        <ele>3.708629</ele>
        <time>2023-07-03T22:15:09.003Z</time>
      </trkpt>
      <trkpt lat="37.551690" lon="-122.251132">
        <ele>3.646577</ele>
        <time>2023-07-03T22:15:12.003Z</time>
      </trkpt>
      <trkpt lat="37.551771" lon="-122.251080">
        <ele>3.604360</ele>
        <time>2023-07-03T22:15:14.003Z</time>
      </trkpt>
      <trkpt lat="37.551886" lon="-122.251006">
        <ele>3.544394</ele>
        <time>2023-07-03T22:15:17.003Z</time>
      </trkpt>
      <trkpt lat="37.551999" lon="-122.250917">
        <ele>3.482515</ele>
        <time>2023-07-03T22:15:20.003Z</time>
      </trkpt>
      <trkpt lat="37.552083" lon="-122.250858">
        <ele>3.437856</ele>
        <time>2023-07-03T22:15:22.003Z</time>
      </trkpt>
      <trkpt lat="37.552169" lon="-122.250799">
        <ele>3.392384</ele>
        <time>2023-07-03T22:15:24.003Z</time>
      </trkpt>
      <trkpt lat="37.552250" lon="-122.250735">
        <ele>3.347988</ele>
        <time>2023-07-03T22:15:26.003Z</time>
      </trkpt>
      <trkpt lat="37.552336" lon="-122.250671">
        <ele>3.301608</ele>
        <time>2023-07-03T22:15:28.003Z</time>
      </trkpt>
      <trkpt lat="37.552417" lon="-122.250604">
        <ele>3.256616</ele>
        <time>2023-07-03T22:15:30.003Z</time>
      </trkpt>
      <trkpt lat="37.552502" lon="-122.250537">
        <ele>3.210059</ele>
        <time>2023-07-03T22:15:32.003Z</time>
      </trkpt>
      <trkpt lat="37.552587" lon="-122.250456">
        <ele>3.160576</ele>
        <time>2023-07-03T22:15:34.003Z</time>
      </trkpt>
      <trkpt lat="37.552675" lon="-122.250371">
        <ele>3.109093</ele>
        <time>2023-07-03T22:15:36.003Z</time>
      </trkpt>
      <trkpt lat="37.552755" lon="-122.250275">
        <ele>3.057804</ele>
        <time>2023-07-03T22:15:38.003Z</time>
      </trkpt>
      <trkpt lat="37.552827" lon="-122.250171">
        <ele>3.006960</ele>
        <time>2023-07-03T22:15:40.003Z</time>
      </trkpt>
      <trkpt lat="37.552891" lon="-122.250062">
        <ele>2.957012</ele>
        <time>2023-07-03T22:15:42.003Z</time>
      </trkpt>
      <trkpt lat="37.552958" lon="-122.249950">
        <ele>2.905344</ele>
        <time>2023-07-03T22:15:44.003Z</time>
      </trkpt>
      <trkpt lat="37.553026" lon="-122.249857">
        <ele>2.883908</ele>
        <time>2023-07-03T22:15:46.003Z</time>
      </trkpt>
      <trkpt lat="37.553100" lon="-122.249756">
        <ele>2.873748</ele>
        <time>2023-07-03T22:15:48.003Z</time>
      </trkpt>
      <trkpt lat="37.553177" lon="-122.249664">
        <ele>2.863865</ele>
        <time>2023-07-03T22:15:50.003Z</time>
      </trkpt>
      <trkpt lat="37.553255" lon="-122.249584">
        <ele>2.854498</ele>
        <time>2023-07-03T22:15:52.003Z</time>
      </trkpt>
      <trkpt lat="37.553337" lon="-122.249514">
        <ele>2.845272</ele>
        <time>2023-07-03T22:15:54.003Z</time>
      </trkpt>
      <trkpt lat="37.553424" lon="-122.249448">
        <ele>2.835812</ele>
        <time>2023-07-03T22:15:56.003Z</time>
      </trkpt>
      <trkpt lat="37.553512" lon="-122.249382">
        <ele>2.826272</ele>
        <time>2023-07-03T22:15:58.003Z</time>
      </trkpt>
      <trkpt lat="37.553595" lon="-122.249314">
        <ele>2.817049</ele>
        <time>2023-07-03T22:16:00.003Z</time>
      </trkpt>
      <trkpt lat="37.553678" lon="-122.249248">
        <ele>2.807907</ele>
        <time>2023-07-03T22:16:04.003Z</time>
      </trkpt>
      <trkpt lat="37.553607" lon="-122.249321">
        <ele>2.799371</ele>
        <time>2023-07-03T22:16:15.003Z</time>
      </trkpt>
      <trkpt lat="37.553534" lon="-122.249244">
        <ele>2.790504</ele>
        <time>2023-07-03T22:16:23.003Z</time>
      </trkpt>
      <trkpt lat="37.553612" lon="-122.249172">
        <ele>2.781498</ele>
        <time>2023-07-03T22:16:30.003Z</time>
      </trkpt>
      <trkpt lat="37.553706" lon="-122.249096">
        <ele>2.771094</ele>
        <time>2023-07-03T22:16:33.003Z</time>
      </trkpt>
      <trkpt lat="37.553803" lon="-122.249017">
        <ele>2.760335</ele>
        <time>2023-07-03T22:16:36.003Z</time>
      </trkpt>
      <trkpt lat="37.553906" lon="-122.248937">
        <ele>2.749063</ele>
        <time>2023-07-03T22:16:39.003Z</time>
      </trkpt>
      <trkpt lat="37.554001" lon="-122.248862">
        <ele>2.738620</ele>
        <time>2023-07-03T22:16:42.003Z</time>
      </trkpt>
      <trkpt lat="37.554105" lon="-122.248778">
        <ele>2.727113</ele>
        <time>2023-07-03T22:16:45.003Z</time>
      </trkpt>
      <trkpt lat="37.554212" lon="-122.248690">
        <ele>2.723859</ele>
        <time>2023-07-03T22:16:48.003Z</time>
      </trkpt>
      <trkpt lat="37.554318" lon="-122.248615">
        <ele>2.725755</ele>
        <time>2023-07-03T22:16:51.003Z</time>
      </trkpt>
      <trkpt lat="37.554403" lon="-122.248516">
        <ele>2.727560</ele>
        <time>2023-07-03T22:16:54.003Z</time>
      </trkpt>
      <trkpt lat="37.554427" lon="-122.248402">
        <ele>2.729018</ele>
        <time>2023-07-03T22:16:57.003Z</time>
      </trkpt>
      <trkpt lat="37.554422" lon="-122.248287">
        <ele>2.730442</ele>
        <time>2023-07-03T22:17:01.003Z</time>
      </trkpt>
      <trkpt lat="37.554499" lon="-122.248362">
        <ele>2.731960</ele>
        <time>2023-07-03T22:17:04.003Z</time>
      </trkpt>
      <trkpt lat="37.554432" lon="-122.248494">
        <ele>2.733898</ele>
        <time>2023-07-03T22:17:07.003Z</time>
      </trkpt>
      <trkpt lat="37.554354" lon="-122.248608">
        <ele>2.735760</ele>
        <time>2023-07-03T22:17:10.003Z</time>
      </trkpt>
      <trkpt lat="37.554273" lon="-122.248656">
        <ele>2.737156</ele>
        <time>2023-07-03T22:17:12.003Z</time>
      </trkpt>
      <trkpt lat="37.554192" lon="-122.248717">
        <ele>2.738627</ele>
        <time>2023-07-03T22:17:14.003Z</time>
      </trkpt>
      <trkpt lat="37.554120" lon="-122.248786">
        <ele>2.740037</ele>
        <time>2023-07-03T22:17:16.003Z</time>
      </trkpt>
      <trkpt lat="37.554044" lon="-122.248846">
        <ele>2.741436</ele>
        <time>2023-07-03T22:17:18.003Z</time>
      </trkpt>
      <trkpt lat="37.553966" lon="-122.248906">
        <ele>2.742861</ele>
        <time>2023-07-03T22:17:20.003Z</time>
      </trkpt>
      <trkpt lat="37.553887" lon="-122.248962">
        <ele>2.744274</ele>
        <time>2023-07-03T22:17:22.003Z</time>
      </trkpt>
      <trkpt lat="37.553808" lon="-122.249032">
        <ele>2.745780</ele>
        <time>2023-07-03T22:17:24.003Z</time>
      </trkpt>
      <trkpt lat="37.553731" lon="-122.249092">
        <ele>2.747192</ele>
        <time>2023-07-03T22:17:26.003Z</time>
      </trkpt>
      <trkpt lat="37.553613" lon="-122.249162">
        <ele>2.749226</ele>
        <time>2023-07-03T22:17:29.003Z</time>
      </trkpt>
      <trkpt lat="37.553532" lon="-122.249235">
        <ele>2.751175</ele>
        <time>2023-07-03T22:17:32.003Z</time>
      </trkpt>
      <trkpt lat="37.553582" lon="-122.249340">
        <ele>2.758408</ele>
        <time>2023-07-03T22:17:35.003Z</time>
      </trkpt>
      <trkpt lat="37.553668" lon="-122.249280">
        <ele>2.765730</ele>
        <time>2023-07-03T22:17:38.003Z</time>
      </trkpt>
      <trkpt lat="37.553766" lon="-122.249194">
        <ele>2.774623</ele>
        <time>2023-07-03T22:17:41.003Z</time>
      </trkpt>
      <trkpt lat="37.553868" lon="-122.249111">
        <ele>2.783666</ele>
        <time>2023-07-03T22:17:44.003Z</time>
      </trkpt>
      <trkpt lat="37.553974" lon="-122.249027">
        <ele>2.792991</ele>
        <time>2023-07-03T22:17:47.003Z</time>
      </trkpt>
      <trkpt lat="37.554084" lon="-122.248939">
        <ele>2.802695</ele>
        <time>2023-07-03T22:17:50.004Z</time>
      </trkpt>
      <trkpt lat="37.554198" lon="-122.248850">
        <ele>2.812682</ele>
        <time>2023-07-03T22:17:53.004Z</time>
      </trkpt>
      <trkpt lat="37.554277" lon="-122.248791">
        <ele>2.819522</ele>
        <time>2023-07-03T22:17:55.004Z</time>
      </trkpt>
      <trkpt lat="37.554387" lon="-122.248702">
        <ele>2.829257</ele>
        <time>2023-07-03T22:17:58.004Z</time>
      </trkpt>
      <trkpt lat="37.554476" lon="-122.248656">
        <ele>2.836422</ele>
        <time>2023-07-03T22:18:00.004Z</time>
      </trkpt>
      <trkpt lat="37.554601" lon="-122.248596">
        <ele>2.846386</ele>
        <time>2023-07-03T22:18:03.004Z</time>
      </trkpt>
      <trkpt lat="37.554729" lon="-122.248550">
        <ele>2.856300</ele>
        <time>2023-07-03T22:18:06.004Z</time>
      </trkpt>
      <trkpt lat="37.554823" lon="-122.248527">
        <ele>2.863434</ele>
        <time>2023-07-03T22:18:08.004Z</time>
      </trkpt>
      <trkpt lat="37.554918" lon="-122.248511">
        <ele>2.870573</ele>
        <time>2023-07-03T22:18:10.004Z</time>
      </trkpt>
      <trkpt lat="37.555005" lon="-122.248481">
        <ele>2.877292</ele>
        <time>2023-07-03T22:18:12.004Z</time>
      </trkpt>
      <trkpt lat="37.555103" lon="-122.248455">
        <ele>2.884420</ele>
        <time>2023-07-03T22:18:14.004Z</time>
      </trkpt>
      <trkpt lat="37.555201" lon="-122.248432">
        <ele>2.863783</ele>
        <time>2023-07-03T22:18:16.004Z</time>
      </trkpt>
      <trkpt lat="37.555301" lon="-122.248412">
        <ele>2.842821</ele>
        <time>2023-07-03T22:18:18.004Z</time>
      </trkpt>
      <trkpt lat="37.555402" lon="-122.248384">
        <ele>2.821412</ele>
        <time>2023-07-03T22:18:20.004Z</time>
      </trkpt>
      <trkpt lat="37.555505" lon="-122.248356">
        <ele>2.799598</ele>
        <time>2023-07-03T22:18:22.004Z</time>
      </trkpt>
      <trkpt lat="37.555602" lon="-122.248328">
        <ele>2.778997</ele>
        <time>2023-07-03T22:18:24.004Z</time>
      </trkpt>
      <trkpt lat="37.555698" lon="-122.248302">
        <ele>2.758670</ele>
        <time>2023-07-03T22:18:26.004Z</time>
      </trkpt>
      <trkpt lat="37.555791" lon="-122.248278">
        <ele>2.739017</ele>
        <time>2023-07-03T22:18:28.004Z</time>
      </trkpt>
      <trkpt lat="37.555880" lon="-122.248253">
        <ele>2.720140</ele>
        <time>2023-07-03T22:18:30.004Z</time>
      </trkpt>
      <trkpt lat="37.555978" lon="-122.248226">
        <ele>2.699373</ele>
        <time>2023-07-03T22:18:32.004Z</time>
      </trkpt>
      <trkpt lat="37.556080" lon="-122.248197">
        <ele>2.677726</ele>
        <time>2023-07-03T22:18:34.004Z</time>
      </trkpt>
      <trkpt lat="37.556171" lon="-122.248171">
        <ele>2.658409</ele>
        <time>2023-07-03T22:18:36.004Z</time>
      </trkpt>
      <trkpt lat="37.556275" lon="-122.248144">
        <ele>2.636427</ele>
        <time>2023-07-03T22:18:38.004Z</time>
      </trkpt>
      <trkpt lat="37.556375" lon="-122.248113">
        <ele>2.615108</ele>
        <time>2023-07-03T22:18:40.004Z</time>
      </trkpt>
      <trkpt lat="37.556477" lon="-122.248087">
        <ele>2.593564</ele>
        <time>2023-07-03T22:18:42.004Z</time>
      </trkpt>
      <trkpt lat="37.556573" lon="-122.248060">
        <ele>2.573201</ele>
        <time>2023-07-03T22:18:44.004Z</time>
      </trkpt>
      <trkpt lat="37.556672" lon="-122.248039">
        <ele>2.552417</ele>
        <time>2023-07-03T22:18:46.004Z</time>
      </trkpt>
      <trkpt lat="37.556769" lon="-122.248013">
        <ele>2.531887</ele>
        <time>2023-07-03T22:18:48.004Z</time>
      </trkpt>
      <trkpt lat="37.556860" lon="-122.247989">
        <ele>2.512640</ele>
        <time>2023-07-03T22:18:50.004Z</time>
      </trkpt>
      <trkpt lat="37.556954" lon="-122.247963">
        <ele>2.493732</ele>
        <time>2023-07-03T22:18:52.004Z</time>
      </trkpt>
      <trkpt lat="37.557057" lon="-122.247936">
        <ele>2.473081</ele>
        <time>2023-07-03T22:18:54.004Z</time>
      </trkpt>
      <trkpt lat="37.557155" lon="-122.247917">
        <ele>2.453618</ele>
        <time>2023-07-03T22:18:56.004Z</time>
      </trkpt>
      <trkpt lat="37.557250" lon="-122.247889">
        <ele>2.434468</ele>
        <time>2023-07-03T22:18:58.004Z</time>
      </trkpt>
      <trkpt lat="37.557343" lon="-122.247868">
        <ele>2.415922</ele>
        <time>2023-07-03T22:19:00.004Z</time>
      </trkpt>
      <trkpt lat="37.557479" lon="-122.247832">
        <ele>2.388645</ele>
        <time>2023-07-03T22:19:03.004Z</time>
      </trkpt>
      <trkpt lat="37.557575" lon="-122.247794">
        <ele>2.368894</ele>
        <time>2023-07-03T22:19:05.004Z</time>
      </trkpt>
      <trkpt lat="37.557710" lon="-122.247781">
        <ele>2.342317</ele>
        <time>2023-07-03T22:19:08.004Z</time>
      </trkpt>
      <trkpt lat="37.557803" lon="-122.247772">
        <ele>2.324008</ele>
        <time>2023-07-03T22:19:10.004Z</time>
      </trkpt>
      <trkpt lat="37.557896" lon="-122.247769">
        <ele>2.305746</ele>
        <time>2023-07-03T22:19:12.004Z</time>
      </trkpt>
      <trkpt lat="37.557992" lon="-122.247760">
        <ele>2.286850</ele>
        <time>2023-07-03T22:19:14.004Z</time>
      </trkpt>
      <trkpt lat="37.558083" lon="-122.247764">
        <ele>2.268976</ele>
        <time>2023-07-03T22:19:16.004Z</time>
      </trkpt>
      <trkpt lat="37.558193" lon="-122.247763">
        <ele>2.247383</ele>
        <time>2023-07-03T22:19:18.004Z</time>
      </trkpt>
      <trkpt lat="37.558291" lon="-122.247762">
        <ele>2.228145</ele>
        <time>2023-07-03T22:19:20.004Z</time>
      </trkpt>
      <trkpt lat="37.558393" lon="-122.247761">
        <ele>2.208123</ele>
        <time>2023-07-03T22:19:22.004Z</time>
      </trkpt>
      <trkpt lat="37.558490" lon="-122.247760">
        <ele>2.189081</ele>
        <time>2023-07-03T22:19:24.004Z</time>
      </trkpt>
      <trkpt lat="37.558588" lon="-122.247764">
        <ele>2.169834</ele>
        <time>2023-07-03T22:19:26.004Z</time>
      </trkpt>
      <trkpt lat="37.558685" lon="-122.247766">
        <ele>2.158049</ele>
        <time>2023-07-03T22:19:28.004Z</time>
      </trkpt>
      <trkpt lat="37.558783" lon="-122.247761">
        <ele>2.155365</ele>
        <time>2023-07-03T22:19:30.004Z</time>
      </trkpt>
      <trkpt lat="37.558883" lon="-122.247762">
        <ele>2.152628</ele>
        <time>2023-07-03T22:19:32.004Z</time>
      </trkpt>
      <trkpt lat="37.558979" lon="-122.247762">
        <ele>2.150000</ele>
        <time>2023-07-03T22:19:34.004Z</time>
      </trkpt>
      <trkpt lat="37.559073" lon="-122.247758">
        <ele>2.147426</ele>
        <time>2023-07-03T22:19:36.004Z</time>
      </trkpt>
      <trkpt lat="37.559205" lon="-122.247755">
        <ele>2.143812</ele>
        <time>2023-07-03T22:19:39.004Z</time>
      </trkpt>
      <trkpt lat="37.559297" lon="-122.247754">
        <ele>2.141294</ele>
        <time>2023-07-03T22:19:41.004Z</time>
      </trkpt>
      <trkpt lat="37.559389" lon="-122.247754">
        <ele>2.138776</ele>
        <time>2023-07-03T22:19:43.004Z</time>
      </trkpt>
      <trkpt lat="37.559485" lon="-122.247755">
        <ele>2.136148</ele>
        <time>2023-07-03T22:19:45.004Z</time>
      </trkpt>
      <trkpt lat="37.559582" lon="-122.247757">
        <ele>2.133493</ele>
        <time>2023-07-03T22:19:47.004Z</time>
      </trkpt>
      <trkpt lat="37.559710" lon="-122.247756">
        <ele>2.129990</ele>
        <time>2023-07-03T22:19:50.004Z</time>
      </trkpt>
      <trkpt lat="37.559806" lon="-122.247755">
        <ele>2.127362</ele>
        <time>2023-07-03T22:19:52.004Z</time>
      </trkpt>
      <trkpt lat="37.559899" lon="-122.247760">
        <ele>2.124814</ele>
        <time>2023-07-03T22:19:54.004Z</time>
      </trkpt>
      <trkpt lat="37.560032" lon="-122.247771">
        <ele>2.121166</ele>
        <time>2023-07-03T22:19:57.004Z</time>
      </trkpt>
      <trkpt lat="37.560162" lon="-122.247788">
        <ele>2.117589</ele>
        <time>2023-07-03T22:20:00.004Z</time>
      </trkpt>
      <trkpt lat="37.560290" lon="-122.247814">
        <ele>2.114041</ele>
        <time>2023-07-03T22:20:03.004Z</time>
      </trkpt>
      <trkpt lat="37.560413" lon="-122.247856">
        <ele>2.110553</ele>
        <time>2023-07-03T22:20:06.004Z</time>
      </trkpt>
      <trkpt lat="37.560542" lon="-122.247905">
        <ele>2.153914</ele>
        <time>2023-07-03T22:20:09.004Z</time>
      </trkpt>
      <trkpt lat="37.560627" lon="-122.247944">
        <ele>2.188645</ele>
        <time>2023-07-03T22:20:11.004Z</time>
      </trkpt>
      <trkpt lat="37.560714" lon="-122.247988">
        <ele>2.224638</ele>
        <time>2023-07-03T22:20:13.004Z</time>
      </trkpt>
      <trkpt lat="37.560826" lon="-122.248055">
        <ele>2.272236</ele>
        <time>2023-07-03T22:20:16.004Z</time>
      </trkpt>
      <trkpt lat="37.560938" lon="-122.248117">
        <ele>2.319203</ele>
        <time>2023-07-03T22:20:19.004Z</time>
      </trkpt>
      <trkpt lat="37.561047" lon="-122.248180">
        <ele>2.365242</ele>
        <time>2023-07-03T22:20:22.004Z</time>
      </trkpt>
      <trkpt lat="37.561152" lon="-122.248246">
        <ele>2.410290</ele>
        <time>2023-07-03T22:20:25.004Z</time>
      </trkpt>
      <trkpt lat="37.561253" lon="-122.248308">
        <ele>2.453422</ele>
        <time>2023-07-03T22:20:28.004Z</time>
      </trkpt>
      <trkpt lat="37.561354" lon="-122.248372">
        <ele>2.496823</ele>
        <time>2023-07-03T22:20:31.004Z</time>
      </trkpt>
      <trkpt lat="37.561462" lon="-122.248434">
        <ele>2.542387</ele>
        <time>2023-07-03T22:20:34.004Z</time>
      </trkpt>
      <trkpt lat="37.561571" lon="-122.248506">
        <ele>2.589634</ele>
        <time>2023-07-03T22:20:37.004Z</time>
      </trkpt>
      <trkpt lat="37.561680" lon="-122.248579">
        <ele>2.637022</ele>
        <time>2023-07-03T22:20:40.004Z</time>
      </trkpt>
      <trkpt lat="37.561788" lon="-122.248645">
        <ele>2.683104</ele>
        <time>2023-07-03T22:20:43.004Z</time>
      </trkpt>
      <trkpt lat="37.561897" lon="-122.248707">
        <ele>2.729017</ele>
        <time>2023-07-03T22:20:46.004Z</time>
      </trkpt>
      <trkpt lat="37.562007" lon="-122.248779">
        <ele>2.776604</ele>
        <time>2023-07-03T22:20:49.004Z</time>
      </trkpt>
      <trkpt lat="37.562115" lon="-122.248841">
        <ele>2.811450</ele>
        <time>2023-07-03T22:20:52.004Z</time>
      </trkpt>
      <trkpt lat="37.562213" lon="-122.248902">
        <ele>2.832492</ele>
        <time>2023-07-03T22:20:55.004Z</time>
      </trkpt>
      <trkpt lat="37.562311" lon="-122.248967">
        <ele>2.853811</ele>
        <time>2023-07-03T22:20:58.003Z</time>
      </trkpt>
      <trkpt lat="37.562414" lon="-122.249029">
        <ele>2.875785</ele>
        <time>2023-07-03T22:21:01.003Z</time>
      </trkpt>
      <trkpt lat="37.562520" lon="-122.249089">
        <ele>2.898156</ele>
        <time>2023-07-03T22:21:04.003Z</time>
      </trkpt>
      <trkpt lat="37.562625" lon="-122.249151">
        <ele>2.920479</ele>
        <time>2023-07-03T22:21:07.003Z</time>
      </trkpt>
      <trkpt lat="37.562737" lon="-122.249221">
        <ele>2.944546</ele>
        <time>2023-07-03T22:21:10.003Z</time>
      </trkpt>
      <trkpt lat="37.562851" lon="-122.249286">
        <ele>2.968634</ele>
        <time>2023-07-03T22:21:13.003Z</time>
      </trkpt>
      <trkpt lat="37.562969" lon="-122.249355">
        <ele>2.993677</ele>
        <time>2023-07-03T22:21:16.003Z</time>
      </trkpt>
      <trkpt lat="37.563086" lon="-122.249428">
        <ele>3.018810</ele>
        <time>2023-07-03T22:21:19.004Z</time>
      </trkpt>
      <trkpt lat="37.563199" lon="-122.249495">
        <ele>3.042851</ele>
        <time>2023-07-03T22:21:22.005Z</time>
      </trkpt>
      <trkpt lat="37.563308" lon="-122.249563">
        <ele>3.066265</ele>
        <time>2023-07-03T22:21:25.005Z</time>
      </trkpt>
      <trkpt lat="37.563408" lon="-122.249620">
        <ele>3.087394</ele>
        <time>2023-07-03T22:21:28.005Z</time>
      </trkpt>
      <trkpt lat="37.563511" lon="-122.249678">
        <ele>3.109113</ele>
        <time>2023-07-03T22:21:31.005Z</time>
      </trkpt>
      <trkpt lat="37.563614" lon="-122.249741">
        <ele>3.131154</ele>
        <time>2023-07-03T22:21:34.005Z</time>
      </trkpt>
      <trkpt lat="37.563724" lon="-122.249805">
        <ele>3.150111</ele>
        <time>2023-07-03T22:21:37.005Z</time>
      </trkpt>
      <trkpt lat="37.563835" lon="-122.249870">
        <ele>3.159920</ele>
        <time>2023-07-03T22:21:40.005Z</time>
      </trkpt>
      <trkpt lat="37.563945" lon="-122.249937">
        <ele>3.169710</ele>
        <time>2023-07-03T22:21:43.005Z</time>
      </trkpt>
      <trkpt lat="37.564055" lon="-122.250003">
        <ele>3.179473</ele>
        <time>2023-07-03T22:21:46.005Z</time>
      </trkpt>
      <trkpt lat="37.564164" lon="-122.250067">
        <ele>3.189110</ele>
        <time>2023-07-03T22:21:49.007Z</time>
      </trkpt>
      <trkpt lat="37.564280" lon="-122.250134">
        <ele>3.199336</ele>
        <time>2023-07-03T22:21:52.007Z</time>
      </trkpt>
      <trkpt lat="37.564392" lon="-122.250202">
        <ele>3.209298</ele>
        <time>2023-07-03T22:21:55.007Z</time>
      </trkpt>
      <trkpt lat="37.564504" lon="-122.250268">
        <ele>3.219206</ele>
        <time>2023-07-03T22:21:58.007Z</time>
      </trkpt>
      <trkpt lat="37.564613" lon="-122.250331">
        <ele>3.228816</ele>
        <time>2023-07-03T22:22:01.007Z</time>
      </trkpt>
      <trkpt lat="37.564728" lon="-122.250401">
        <ele>3.239050</ele>
        <time>2023-07-03T22:22:04.008Z</time>
      </trkpt>
      <trkpt lat="37.564846" lon="-122.250476">
        <ele>3.249641</ele>
        <time>2023-07-03T22:22:07.008Z</time>
      </trkpt>
      <trkpt lat="37.564929" lon="-122.250528">
        <ele>3.257068</ele>
        <time>2023-07-03T22:22:09.008Z</time>
      </trkpt>
      <trkpt lat="37.565015" lon="-122.250583">
        <ele>3.264796</ele>
        <time>2023-07-03T22:22:11.008Z</time>
      </trkpt>
      <trkpt lat="37.565099" lon="-122.250635">
        <ele>3.272296</ele>
        <time>2023-07-03T22:22:13.008Z</time>
      </trkpt>
      <trkpt lat="37.565214" lon="-122.250710">
        <ele>3.282672</ele>
        <time>2023-07-03T22:22:16.008Z</time>
      </trkpt>
      <trkpt lat="37.565333" lon="-122.250780">
        <ele>3.291484</ele>
        <time>2023-07-03T22:22:19.008Z</time>
      </trkpt>
      <trkpt lat="37.565451" lon="-122.250854">
        <ele>3.293158</ele>
        <time>2023-07-03T22:22:22.008Z</time>
      </trkpt>
      <trkpt lat="37.565562" lon="-122.250924">
        <ele>3.294735</ele>
        <time>2023-07-03T22:22:25.008Z</time>
      </trkpt>
      <trkpt lat="37.565674" lon="-122.251000">
        <ele>3.296351</ele>
        <time>2023-07-03T22:22:28.008Z</time>
      </trkpt>
      <trkpt lat="37.565783" lon="-122.251073">
        <ele>3.297919</ele>
        <time>2023-07-03T22:22:31.008Z</time>
      </trkpt>
      <trkpt lat="37.565891" lon="-122.251143">
        <ele>3.299462</ele>
        <time>2023-07-03T22:22:34.008Z</time>
      </trkpt>
      <trkpt lat="37.566000" lon="-122.251218">
        <ele>3.301040</ele>
        <time>2023-07-03T22:22:37.008Z</time>
      </trkpt>
      <trkpt lat="37.566106" lon="-122.251281">
        <ele>3.302529</ele>
        <time>2023-07-03T22:22:40.007Z</time>
      </trkpt>
      <trkpt lat="37.566212" lon="-122.251349">
        <ele>3.304040</ele>
        <time>2023-07-03T22:22:43.008Z</time>
      </trkpt>
      <trkpt lat="37.566318" lon="-122.251413">
        <ele>3.305533</ele>
        <time>2023-07-03T22:22:46.008Z</time>
      </trkpt>
      <trkpt lat="37.566416" lon="-122.251474">
        <ele>3.306922</ele>
        <time>2023-07-03T22:22:49.008Z</time>
      </trkpt>
      <trkpt lat="37.566521" lon="-122.251542">
        <ele>3.308421</ele>
        <time>2023-07-03T22:22:52.008Z</time>
      </trkpt>
      <trkpt lat="37.566625" lon="-122.251606">
        <ele>3.309892</ele>
        <time>2023-07-03T22:22:55.008Z</time>
      </trkpt>
      <trkpt lat="37.566731" lon="-122.251673">
        <ele>3.311398</ele>
        <time>2023-07-03T22:22:58.008Z</time>
      </trkpt>
      <trkpt lat="37.566837" lon="-122.251742">
        <ele>3.312914</ele>
        <time>2023-07-03T22:23:01.008Z</time>
      </trkpt>
      <trkpt lat="37.566942" lon="-122.251818">
        <ele>3.307315</ele>
        <time>2023-07-03T22:23:04.008Z</time>
      </trkpt>
      <trkpt lat="37.567042" lon="-122.251903">
        <ele>3.283745</ele>
        <time>2023-07-03T22:23:07.008Z</time>
      </trkpt>
      <trkpt lat="37.567140" lon="-122.251994">
        <ele>3.259960</ele>
        <time>2023-07-03T22:23:10.008Z</time>
      </trkpt>
      <trkpt lat="37.567230" lon="-122.252087">
        <ele>3.237220</ele>
        <time>2023-07-03T22:23:13.008Z</time>
      </trkpt>
      <trkpt lat="37.567315" lon="-122.252176">
        <ele>3.215628</ele>
        <time>2023-07-03T22:23:16.008Z</time>
      </trkpt>
      <trkpt lat="37.567393" lon="-122.252267">
        <ele>3.194862</ele>
        <time>2023-07-03T22:23:19.008Z</time>
      </trkpt>
      <trkpt lat="37.567468" lon="-122.252363">
        <ele>3.173977</ele>
        <time>2023-07-03T22:23:22.008Z</time>
      </trkpt>
      <trkpt lat="37.567542" lon="-122.252462">
        <ele>3.152894</ele>
        <time>2023-07-03T22:23:25.008Z</time>
      </trkpt>
      <trkpt lat="37.567613" lon="-122.252562">
        <ele>3.132094</ele>
        <time>2023-07-03T22:23:28.008Z</time>
      </trkpt>
      <trkpt lat="37.567675" lon="-122.252670">
        <ele>3.111433</ele>
        <time>2023-07-03T22:23:31.008Z</time>
      </trkpt>
      <trkpt lat="37.567737" lon="-122.252781">
        <ele>3.090394</ele>
        <time>2023-07-03T22:23:34.008Z</time>
      </trkpt>
      <trkpt lat="37.567802" lon="-122.252901">
        <ele>3.067875</ele>
        <time>2023-07-03T22:23:37.008Z</time>
      </trkpt>
      <trkpt lat="37.567869" lon="-122.253019">
        <ele>3.045386</ele>
        <time>2023-07-03T22:23:40.008Z</time>
      </trkpt>
      <trkpt lat="37.567933" lon="-122.253136">
        <ele>3.023361</ele>
        <time>2023-07-03T22:23:43.008Z</time>
      </trkpt>
      <trkpt lat="37.567996" lon="-122.253257">
        <ele>3.000931</ele>
        <time>2023-07-03T22:23:46.008Z</time>
      </trkpt>
      <trkpt lat="37.568063" lon="-122.253375">
        <ele>2.978442</ele>
        <time>2023-07-03T22:23:49.008Z</time>
      </trkpt>
      <trkpt lat="37.568122" lon="-122.253488">
        <ele>2.959254</ele>
        <time>2023-07-03T22:23:52.008Z</time>
      </trkpt>
      <trkpt lat="37.568187" lon="-122.253597">
        <ele>2.945695</ele>
        <time>2023-07-03T22:23:55.008Z</time>
      </trkpt>
      <trkpt lat="37.568252" lon="-122.253706">
        <ele>2.932136</ele>
        <time>2023-07-03T22:23:58.008Z</time>
      </trkpt>
      <trkpt lat="37.568314" lon="-122.253815">
        <ele>2.918800</ele>
        <time>2023-07-03T22:24:01.008Z</time>
      </trkpt>
      <trkpt lat="37.568377" lon="-122.253924">
        <ele>2.905390</ele>
        <time>2023-07-03T22:24:04.008Z</time>
      </trkpt>
      <trkpt lat="37.568440" lon="-122.254042">
        <ele>2.891248</ele>
        <time>2023-07-03T22:24:07.008Z</time>
      </trkpt>
      <trkpt lat="37.568506" lon="-122.254162">
        <ele>2.876729</ele>
        <time>2023-07-03T22:24:10.008Z</time>
      </trkpt>
      <trkpt lat="37.568569" lon="-122.254282">
        <ele>2.862421</ele>
        <time>2023-07-03T22:24:13.008Z</time>
      </trkpt>
      <trkpt lat="37.568642" lon="-122.254402">
        <ele>2.847384</ele>
        <time>2023-07-03T22:24:16.008Z</time>
      </trkpt>
      <trkpt lat="37.568712" lon="-122.254523">
        <ele>2.832493</ele>
        <time>2023-07-03T22:24:19.008Z</time>
      </trkpt>
      <trkpt lat="37.568780" lon="-122.254642">
        <ele>2.817911</ele>
        <time>2023-07-03T22:24:22.008Z</time>
      </trkpt>
      <trkpt lat="37.568848" lon="-122.254754">
        <ele>2.803886</ele>
        <time>2023-07-03T22:24:25.008Z</time>
      </trkpt>
      <trkpt lat="37.568909" lon="-122.254869">
        <ele>2.790131</ele>
        <time>2023-07-03T22:24:28.008Z</time>
      </trkpt>
      <trkpt lat="37.568964" lon="-122.254981">
        <ele>2.777035</ele>
        <time>2023-07-03T22:24:31.008Z</time>
      </trkpt>
      <trkpt lat="37.569030" lon="-122.255094">
        <ele>2.763082</ele>
        <time>2023-07-03T22:24:34.008Z</time>
      </trkpt>
      <trkpt lat="37.569089" lon="-122.255205">
        <ele>2.749797</ele>
        <time>2023-07-03T22:24:37.008Z</time>
      </trkpt>
      <trkpt lat="37.569150" lon="-122.255315">
        <ele>2.736616</ele>
        <time>2023-07-03T22:24:40.008Z</time>
      </trkpt>
      <trkpt lat="37.569212" lon="-122.255432">
        <ele>2.728181</ele>
        <time>2023-07-03T22:24:43.009Z</time>
      </trkpt>
      <trkpt lat="37.569278" lon="-122.255552">
        <ele>2.719426</ele>
        <time>2023-07-03T22:24:46.008Z</time>
      </trkpt>
      <trkpt lat="37.569349" lon="-122.255677">
        <ele>2.710209</ele>
        <time>2023-07-03T22:24:49.009Z</time>
      </trkpt>
      <trkpt lat="37.569420" lon="-122.255800">
        <ele>2.701089</ele>
        <time>2023-07-03T22:24:52.009Z</time>
      </trkpt>
      <trkpt lat="37.569491" lon="-122.255928">
        <ele>2.691725</ele>
        <time>2023-07-03T22:24:55.008Z</time>
      </trkpt>
      <trkpt lat="37.569558" lon="-122.256047">
        <ele>2.682976</ele>
        <time>2023-07-03T22:24:58.008Z</time>
      </trkpt>
      <trkpt lat="37.569623" lon="-122.256163">
        <ele>2.674462</ele>
        <time>2023-07-03T22:25:01.008Z</time>
      </trkpt>
      <trkpt lat="37.569687" lon="-122.256275">
        <ele>2.666186</ele>
        <time>2023-07-03T22:25:04.008Z</time>
      </trkpt>
      <trkpt lat="37.569747" lon="-122.256384">
        <ele>2.658232</ele>
        <time>2023-07-03T22:25:07.008Z</time>
      </trkpt>
      <trkpt lat="37.569816" lon="-122.256505">
        <ele>2.649298</ele>
        <time>2023-07-03T22:25:10.009Z</time>
      </trkpt>
      <trkpt lat="37.569884" lon="-122.256626">
        <ele>2.640407</ele>
        <time>2023-07-03T22:25:13.009Z</time>
      </trkpt>
      <trkpt lat="37.569952" lon="-122.256748">
        <ele>2.631468</ele>
        <time>2023-07-03T22:25:16.009Z</time>
      </trkpt>
      <trkpt lat="37.570020" lon="-122.256873">
        <ele>2.622381</ele>
        <time>2023-07-03T22:25:19.009Z</time>
      </trkpt>
      <trkpt lat="37.570091" lon="-122.256993">
        <ele>2.613406</ele>
        <time>2023-07-03T22:25:22.009Z</time>
      </trkpt>
      <trkpt lat="37.570158" lon="-122.257108">
        <ele>2.604851</ele>
        <time>2023-07-03T22:25:25.009Z</time>
      </trkpt>
      <trkpt lat="37.570226" lon="-122.257229">
        <ele>2.622213</ele>
        <time>2023-07-03T22:25:28.009Z</time>
      </trkpt>
      <trkpt lat="37.570296" lon="-122.257350">
        <ele>2.661407</ele>
        <time>2023-07-03T22:25:31.009Z</time>
      </trkpt>
      <trkpt lat="37.570363" lon="-122.257475">
        <ele>2.700887</ele>
        <time>2023-07-03T22:25:34.009Z</time>
      </trkpt>
      <trkpt lat="37.570428" lon="-122.257595">
        <ele>2.738915</ele>
        <time>2023-07-03T22:25:37.009Z</time>
      </trkpt>
      <trkpt lat="37.570498" lon="-122.257719">
        <ele>2.778745</ele>
        <time>2023-07-03T22:25:40.009Z</time>
      </trkpt>
      <trkpt lat="37.570562" lon="-122.257840">
        <ele>2.816804</ele>
        <time>2023-07-03T22:25:43.009Z</time>
      </trkpt>
      <trkpt lat="37.570638" lon="-122.257972">
        <ele>2.859490</ele>
        <time>2023-07-03T22:25:46.009Z</time>
      </trkpt>
      <trkpt lat="37.570707" lon="-122.258105">
        <ele>2.901078</ele>
        <time>2023-07-03T22:25:49.009Z</time>
      </trkpt>
      <trkpt lat="37.570784" lon="-122.258236">
        <ele>2.943748</ele>
        <time>2023-07-03T22:25:52.009Z</time>
      </trkpt>
      <trkpt lat="37.570856" lon="-122.258368">
        <ele>2.985672</ele>
        <time>2023-07-03T22:25:55.009Z</time>
      </trkpt>
      <trkpt lat="37.570927" lon="-122.258496">
        <ele>3.026547</ele>
        <time>2023-07-03T22:25:58.009Z</time>
      </trkpt>
      <trkpt lat="37.570997" lon="-122.258626">
        <ele>3.067666</ele>
        <time>2023-07-03T22:26:01.009Z</time>
      </trkpt>
      <trkpt lat="37.571069" lon="-122.258748">
        <ele>3.107461</ele>
        <time>2023-07-03T22:26:04.009Z</time>
      </trkpt>
      <trkpt lat="37.571131" lon="-122.258869">
        <ele>3.145158</ele>
        <time>2023-07-03T22:26:07.009Z</time>
      </trkpt>
      <trkpt lat="37.571200" lon="-122.258989">
        <ele>3.183945</ele>
        <time>2023-07-03T22:26:10.009Z</time>
      </trkpt>
      <trkpt lat="37.571261" lon="-122.259103">
        <ele>3.236754</ele>
        <time>2023-07-03T22:26:13.009Z</time>
      </trkpt>
      <trkpt lat="37.571332" lon="-122.259223">
        <ele>3.301926</ele>
        <time>2023-07-03T22:26:16.009Z</time>
      </trkpt>
      <trkpt lat="37.571398" lon="-122.259345">
        <ele>3.366210</ele>
        <time>2023-07-03T22:26:19.009Z</time>
      </trkpt>
      <trkpt lat="37.571467" lon="-122.259468">
        <ele>3.431792</ele>
        <time>2023-07-03T22:26:22.009Z</time>
      </trkpt>
      <trkpt lat="37.571531" lon="-122.259592">
        <ele>3.496192</ele>
        <time>2023-07-03T22:26:25.009Z</time>
      </trkpt>
      <trkpt lat="37.571596" lon="-122.259711">
        <ele>3.559088</ele>
        <time>2023-07-03T22:26:28.009Z</time>
      </trkpt>
      <trkpt lat="37.571652" lon="-122.259833">
        <ele>3.620445</ele>
        <time>2023-07-03T22:26:31.009Z</time>
      </trkpt>
      <trkpt lat="37.571706" lon="-122.259959">
        <ele>3.682784</ele>
        <time>2023-07-03T22:26:34.009Z</time>
      </trkpt>
      <trkpt lat="37.571741" lon="-122.260071">
        <ele>3.735179</ele>
        <time>2023-07-03T22:26:37.009Z</time>
      </trkpt>
      <trkpt lat="37.571771" lon="-122.260188">
        <ele>3.788697</ele>
        <time>2023-07-03T22:26:40.009Z</time>
      </trkpt>
      <trkpt lat="37.571800" lon="-122.260316">
        <ele>3.846634</ele>
        <time>2023-07-03T22:26:43.009Z</time>
      </trkpt>
      <trkpt lat="37.571817" lon="-122.260455">
        <ele>3.907844</ele>
        <time>2023-07-03T22:26:46.009Z</time>
      </trkpt>
      <trkpt lat="37.571829" lon="-122.260605">
        <ele>3.973456</ele>
        <time>2023-07-03T22:26:49.010Z</time>
      </trkpt>
      <trkpt lat="37.571835" lon="-122.260757">
        <ele>4.039689</ele>
        <time>2023-07-03T22:26:52.009Z</time>
      </trkpt>
      <trkpt lat="37.571824" lon="-122.260911">
        <ele>4.106983</ele>
        <time>2023-07-03T22:26:55.010Z</time>
      </trkpt>
      <trkpt lat="37.571811" lon="-122.261058">
        <ele>4.171355</ele>
        <time>2023-07-03T22:26:58.009Z</time>
      </trkpt>
      <trkpt lat="37.571781" lon="-122.261206">
        <ele>4.155944</ele>
        <time>2023-07-03T22:27:01.009Z</time>
      </trkpt>
      <trkpt lat="37.571748" lon="-122.261349">
        <ele>4.125359</ele>
        <time>2023-07-03T22:27:04.009Z</time>
      </trkpt>
      <trkpt lat="37.571716" lon="-122.261482">
        <ele>4.096815</ele>
        <time>2023-07-03T22:27:07.009Z</time>
      </trkpt>
      <trkpt lat="37.571685" lon="-122.261604">
        <ele>4.070506</ele>
        <time>2023-07-03T22:27:10.009Z</time>
      </trkpt>
      <trkpt lat="37.571737" lon="-122.261730">
        <ele>4.041333</ele>
        <time>2023-07-03T22:27:13.009Z</time>
      </trkpt>
      <trkpt lat="37.571836" lon="-122.261797">
        <ele>4.012225</ele>
        <time>2023-07-03T22:27:16.009Z</time>
      </trkpt>
      <trkpt lat="37.571944" lon="-122.261840">
        <ele>3.982883</ele>
        <time>2023-07-03T22:27:19.009Z</time>
      </trkpt>
      <trkpt lat="37.572052" lon="-122.261887">
        <ele>3.953283</ele>
        <time>2023-07-03T22:27:22.009Z</time>
      </trkpt>
      <trkpt lat="37.572153" lon="-122.261940">
        <ele>3.924941</ele>
        <time>2023-07-03T22:27:25.009Z</time>
      </trkpt>
      <trkpt lat="37.572249" lon="-122.262010">
        <ele>3.896212</ele>
        <time>2023-07-03T22:27:28.009Z</time>
      </trkpt>
      <trkpt lat="37.572325" lon="-122.262100">
        <ele>3.869206</ele>
        <time>2023-07-03T22:27:31.010Z</time>
      </trkpt>
      <trkpt lat="37.572391" lon="-122.262204">
        <ele>3.841847</ele>
        <time>2023-07-03T22:27:34.010Z</time>
      </trkpt>
      <trkpt lat="37.572485" lon="-122.262242">
        <ele>3.816272</ele>
        <time>2023-07-03T22:27:37.010Z</time>
      </trkpt>
      <trkpt lat="37.572587" lon="-122.262174">
        <ele>3.786382</ele>
        <time>2023-07-03T22:27:41.010Z</time>
      </trkpt>
      <trkpt lat="37.572654" lon="-122.262091">
        <ele>3.762053</ele>
        <time>2023-07-03T22:27:44.010Z</time>
      </trkpt>
      <trkpt lat="37.572727" lon="-122.262016">
        <ele>3.737662</ele>
        <time>2023-07-03T22:27:47.010Z</time>
      </trkpt>
      <trkpt lat="37.572797" lon="-122.261943">
        <ele>3.716149</ele>
        <time>2023-07-03T22:27:50.010Z</time>
      </trkpt>
      <trkpt lat="37.572813" lon="-122.261830">
        <ele>3.715830</ele>
        <time>2023-07-03T22:27:53.010Z</time>
      </trkpt>
      <trkpt lat="37.572915" lon="-122.261839">
        <ele>3.715471</ele>
        <time>2023-07-03T22:27:57.010Z</time>
      </trkpt>
      <trkpt lat="37.572755" lon="-122.262017">
        <ele>3.714724</ele>
        <time>2023-07-03T22:29:49.011Z</time>
      </trkpt>
      <trkpt lat="37.572661" lon="-122.262116">
        <ele>3.714295</ele>
        <time>2023-07-03T22:29:52.011Z</time>
      </trkpt>
      <trkpt lat="37.572573" lon="-122.262215">
        <ele>3.713882</ele>
        <time>2023-07-03T22:29:55.011Z</time>
      </trkpt>
      <trkpt lat="37.572447" lon="-122.262251">
        <ele>3.713429</ele>
        <time>2023-07-03T22:29:58.011Z</time>
      </trkpt>
      <trkpt lat="37.572362" lon="-122.262195">
        <ele>3.713093</ele>
        <time>2023-07-03T22:30:00.011Z</time>
      </trkpt>
      <trkpt lat="37.572301" lon="-122.262096">
        <ele>3.712744</ele>
        <time>2023-07-03T22:30:02.011Z</time>
      </trkpt>
      <trkpt lat="37.572228" lon="-122.262011">
        <ele>3.712396</ele>
        <time>2023-07-03T22:30:04.011Z</time>
      </trkpt>
      <trkpt lat="37.572132" lon="-122.261953">
        <ele>3.712023</ele>
        <time>2023-07-03T22:30:06.011Z</time>
      </trkpt>
      <trkpt lat="37.572039" lon="-122.261908">
        <ele>3.711674</ele>
        <time>2023-07-03T22:30:08.011Z</time>
      </trkpt>
      <trkpt lat="37.571932" lon="-122.261898">
        <ele>3.711298</ele>
        <time>2023-07-03T22:30:10.011Z</time>
      </trkpt>
      <trkpt lat="37.571838" lon="-122.261862">
        <ele>3.710954</ele>
        <time>2023-07-03T22:30:12.011Z</time>
      </trkpt>
      <trkpt lat="37.571746" lon="-122.261824">
        <ele>3.710615</ele>
        <time>2023-07-03T22:30:14.011Z</time>
      </trkpt>
      <trkpt lat="37.571637" lon="-122.261878">
        <ele>3.710204</ele>
        <time>2023-07-03T22:30:18.011Z</time>
      </trkpt>
      <trkpt lat="37.571612" lon="-122.261992">
        <ele>3.709876</ele>
        <time>2023-07-03T22:30:20.011Z</time>
      </trkpt>
      <trkpt lat="37.571559" lon="-122.262140">
        <ele>3.697625</ele>
        <time>2023-07-03T22:30:23.011Z</time>
      </trkpt>
      <trkpt lat="37.571523" lon="-122.262248">
        <ele>3.688732</ele>
        <time>2023-07-03T22:30:25.011Z</time>
      </trkpt>
      <trkpt lat="37.571484" lon="-122.262364">
        <ele>3.679168</ele>
        <time>2023-07-03T22:30:27.011Z</time>
      </trkpt>
      <trkpt lat="37.571445" lon="-122.262478">
        <ele>3.669743</ele>
        <time>2023-07-03T22:30:29.011Z</time>
      </trkpt>
      <trkpt lat="37.571411" lon="-122.262602">
        <ele>3.659784</ele>
        <time>2023-07-03T22:30:31.011Z</time>
      </trkpt>
      <trkpt lat="37.571364" lon="-122.262729">
        <ele>3.649145</ele>
        <time>2023-07-03T22:30:33.011Z</time>
      </trkpt>
      <trkpt lat="37.571312" lon="-122.262864">
        <ele>3.637752</ele>
        <time>2023-07-03T22:30:35.011Z</time>
      </trkpt>
      <trkpt lat="37.571255" lon="-122.262996">
        <ele>3.626343</ele>
        <time>2023-07-03T22:30:37.011Z</time>
      </trkpt>
      <trkpt lat="37.571203" lon="-122.263125">
        <ele>3.615358</ele>
        <time>2023-07-03T22:30:39.011Z</time>
      </trkpt>
      <trkpt lat="37.571144" lon="-122.263250">
        <ele>3.604315</ele>
        <time>2023-07-03T22:30:41.011Z</time>
      </trkpt>
      <trkpt lat="37.571076" lon="-122.263359">
        <ele>3.593786</ele>
        <time>2023-07-03T22:30:43.011Z</time>
      </trkpt>
      <trkpt lat="37.571014" lon="-122.263475">
        <ele>3.583166</ele>
        <time>2023-07-03T22:30:45.011Z</time>
      </trkpt>
      <trkpt lat="37.570941" lon="-122.263580">
        <ele>3.572565</ele>
        <time>2023-07-03T22:30:47.011Z</time>
      </trkpt>
      <trkpt lat="37.570868" lon="-122.263693">
        <ele>3.561499</ele>
        <time>2023-07-03T22:30:49.011Z</time>
      </trkpt>
      <trkpt lat="37.570790" lon="-122.263800">
        <ele>3.550465</ele>
        <time>2023-07-03T22:30:51.011Z</time>
      </trkpt>
      <trkpt lat="37.570699" lon="-122.263901">
        <ele>3.538858</ele>
        <time>2023-07-03T22:30:53.011Z</time>
      </trkpt>
      <trkpt lat="37.570610" lon="-122.263999">
        <ele>3.475506</ele>
        <time>2023-07-03T22:30:55.011Z</time>
      </trkpt>
      <trkpt lat="37.570523" lon="-122.264091">
        <ele>3.408508</ele>
        <time>2023-07-03T22:30:57.011Z</time>
      </trkpt>
      <trkpt lat="37.570439" lon="-122.264175">
        <ele>3.345247</ele>
        <time>2023-07-03T22:30:59.011Z</time>
      </trkpt>
      <trkpt lat="37.570355" lon="-122.264274">
        <ele>3.277404</ele>
        <time>2023-07-03T22:31:01.011Z</time>
      </trkpt>
      <trkpt lat="37.570271" lon="-122.264372">
        <ele>3.209880</ele>
        <time>2023-07-03T22:31:03.010Z</time>
      </trkpt>
      <trkpt lat="37.570182" lon="-122.264466">
        <ele>3.141376</ele>
        <time>2023-07-03T22:31:05.011Z</time>
      </trkpt>
      <trkpt lat="37.570096" lon="-122.264555">
        <ele>3.075728</ele>
        <time>2023-07-03T22:31:07.011Z</time>
      </trkpt>
      <trkpt lat="37.570014" lon="-122.264644">
        <ele>3.011887</ele>
        <time>2023-07-03T22:31:09.011Z</time>
      </trkpt>
      <trkpt lat="37.569934" lon="-122.264730">
        <ele>2.949856</ele>
        <time>2023-07-03T22:31:11.011Z</time>
      </trkpt>
      <trkpt lat="37.569859" lon="-122.264820">
        <ele>2.888766</ele>
        <time>2023-07-03T22:31:13.011Z</time>
      </trkpt>
      <trkpt lat="37.569785" lon="-122.264911">
        <ele>2.827777</ele>
        <time>2023-07-03T22:31:15.011Z</time>
      </trkpt>
      <trkpt lat="37.569717" lon="-122.264999">
        <ele>2.770284</ele>
        <time>2023-07-03T22:31:17.011Z</time>
      </trkpt>
      <trkpt lat="37.569634" lon="-122.265087">
        <ele>2.706297</ele>
        <time>2023-07-03T22:31:19.011Z</time>
      </trkpt>
      <trkpt lat="37.569560" lon="-122.265167">
        <ele>2.648781</ele>
        <time>2023-07-03T22:31:21.011Z</time>
      </trkpt>
      <trkpt lat="37.569483" lon="-122.265248">
        <ele>2.589611</ele>
        <time>2023-07-03T22:31:24.011Z</time>
      </trkpt>
      <trkpt lat="37.569410" lon="-122.265369">
        <ele>2.518475</ele>
        <time>2023-07-03T22:31:28.011Z</time>
      </trkpt>
      <trkpt lat="37.569315" lon="-122.265461">
        <ele>2.499950</ele>
        <time>2023-07-03T22:31:31.011Z</time>
      </trkpt>
      <trkpt lat="37.569212" lon="-122.265556">
        <ele>2.563573</ele>
        <time>2023-07-03T22:31:34.011Z</time>
      </trkpt>
      <trkpt lat="37.569148" lon="-122.265636">
        <ele>2.608499</ele>
        <time>2023-07-03T22:31:36.011Z</time>
      </trkpt>
      <trkpt lat="37.569079" lon="-122.265710">
        <ele>2.653658</ele>
        <time>2023-07-03T22:31:38.011Z</time>
      </trkpt>
      <trkpt lat="37.569010" lon="-122.265784">
        <ele>2.698817</ele>
        <time>2023-07-03T22:31:40.011Z</time>
      </trkpt>
      <trkpt lat="37.568937" lon="-122.265865">
        <ele>2.747295</ele>
        <time>2023-07-03T22:31:42.011Z</time>
      </trkpt>
      <trkpt lat="37.568853" lon="-122.265938">
        <ele>2.798159</ele>
        <time>2023-07-03T22:31:44.011Z</time>
      </trkpt>
      <trkpt lat="37.568774" lon="-122.266019">
        <ele>2.848922</ele>
        <time>2023-07-03T22:31:46.011Z</time>
      </trkpt>
      <trkpt lat="37.568696" lon="-122.266096">
        <ele>2.898309</ele>
        <time>2023-07-03T22:31:48.011Z</time>
      </trkpt>
      <trkpt lat="37.568616" lon="-122.266180">
        <ele>2.950210</ele>
        <time>2023-07-03T22:31:50.011Z</time>
      </trkpt>
      <trkpt lat="37.568536" lon="-122.266274">
        <ele>3.004725</ele>
        <time>2023-07-03T22:31:52.011Z</time>
      </trkpt>
      <trkpt lat="37.568454" lon="-122.266361">
        <ele>3.058152</ele>
        <time>2023-07-03T22:31:54.011Z</time>
      </trkpt>
      <trkpt lat="37.568372" lon="-122.266456">
        <ele>3.113667</ele>
        <time>2023-07-03T22:31:56.011Z</time>
      </trkpt>
      <trkpt lat="37.568290" lon="-122.266558">
        <ele>3.171090</ele>
        <time>2023-07-03T22:31:58.011Z</time>
      </trkpt>
      <trkpt lat="37.568205" lon="-122.266652">
        <ele>3.227455</ele>
        <time>2023-07-03T22:32:00.011Z</time>
      </trkpt>
      <trkpt lat="37.568120" lon="-122.266747">
        <ele>3.284081</ele>
        <time>2023-07-03T22:32:02.011Z</time>
      </trkpt>
      <trkpt lat="37.568034" lon="-122.266842">
        <ele>3.341081</ele>
        <time>2023-07-03T22:32:04.011Z</time>
      </trkpt>
      <trkpt lat="37.567956" lon="-122.266930">
        <ele>3.393651</ele>
        <time>2023-07-03T22:32:06.011Z</time>
      </trkpt>
      <trkpt lat="37.567874" lon="-122.267017">
        <ele>3.448105</ele>
        <time>2023-07-03T22:32:08.011Z</time>
      </trkpt>
      <trkpt lat="37.567791" lon="-122.267113">
        <ele>3.505334</ele>
        <time>2023-07-03T22:32:10.011Z</time>
      </trkpt>
      <trkpt lat="37.567702" lon="-122.267208">
        <ele>3.564585</ele>
        <time>2023-07-03T22:32:12.011Z</time>
      </trkpt>
      <trkpt lat="37.567608" lon="-122.267296">
        <ele>3.624077</ele>
        <time>2023-07-03T22:32:14.011Z</time>
      </trkpt>
      <trkpt lat="37.567516" lon="-122.267403">
        <ele>3.687672</ele>
        <time>2023-07-03T22:32:16.011Z</time>
      </trkpt>
      <trkpt lat="37.567413" lon="-122.267500">
        <ele>3.752998</ele>
        <time>2023-07-03T22:32:18.011Z</time>
      </trkpt>
      <trkpt lat="37.567314" lon="-122.267592">
        <ele>3.815491</ele>
        <time>2023-07-03T22:32:20.011Z</time>
      </trkpt>
      <trkpt lat="37.567204" lon="-122.267680">
        <ele>3.881690</ele>
        <time>2023-07-03T22:32:22.011Z</time>
      </trkpt>
      <trkpt lat="37.567081" lon="-122.267747">
        <ele>3.949782</ele>
        <time>2023-07-03T22:32:24.011Z</time>
      </trkpt>
      <trkpt lat="37.566964" lon="-122.267807">
        <ele>4.013972</ele>
        <time>2023-07-03T22:32:26.011Z</time>
      </trkpt>
      <trkpt lat="37.566851" lon="-122.267864">
        <ele>4.075824</ele>
        <time>2023-07-03T22:32:28.011Z</time>
      </trkpt>
      <trkpt lat="37.566736" lon="-122.267915">
        <ele>4.137778</ele>
        <time>2023-07-03T22:32:30.011Z</time>
      </trkpt>
      <trkpt lat="37.566618" lon="-122.267949">
        <ele>4.199295</ele>
        <time>2023-07-03T22:32:32.011Z</time>
      </trkpt>
      <trkpt lat="37.566502" lon="-122.267989">
        <ele>4.260414</ele>
        <time>2023-07-03T22:32:34.011Z</time>
      </trkpt>
      <trkpt lat="37.566387" lon="-122.268015">
        <ele>4.234030</ele>
        <time>2023-07-03T22:32:36.011Z</time>
      </trkpt>
      <trkpt lat="37.566272" lon="-122.268030">
        <ele>4.138513</ele>
        <time>2023-07-03T22:32:38.011Z</time>
      </trkpt>
      <trkpt lat="37.566154" lon="-122.268040">
        <ele>4.040805</ele>
        <time>2023-07-03T22:32:40.011Z</time>
      </trkpt>
      <trkpt lat="37.566041" lon="-122.268045">
        <ele>3.947390</ele>
        <time>2023-07-03T22:32:42.011Z</time>
      </trkpt>
      <trkpt lat="37.565937" lon="-122.268049">
        <ele>3.861428</ele>
        <time>2023-07-03T22:32:44.011Z</time>
      </trkpt>
      <trkpt lat="37.565846" lon="-122.268051">
        <ele>3.786235</ele>
        <time>2023-07-03T22:32:46.011Z</time>
      </trkpt>
      <trkpt lat="37.565754" lon="-122.268055">
        <ele>3.710182</ele>
        <time>2023-07-03T22:32:48.011Z</time>
      </trkpt>
      <trkpt lat="37.565626" lon="-122.268055">
        <ele>3.604431</ele>
        <time>2023-07-03T22:32:51.011Z</time>
      </trkpt>
      <trkpt lat="37.565483" lon="-122.268055">
        <ele>3.486288</ele>
        <time>2023-07-03T22:32:54.012Z</time>
      </trkpt>
      <trkpt lat="37.565366" lon="-122.268058">
        <ele>3.389606</ele>
        <time>2023-07-03T22:32:56.012Z</time>
      </trkpt>
      <trkpt lat="37.565223" lon="-122.268062">
        <ele>3.271434</ele>
        <time>2023-07-03T22:32:58.012Z</time>
      </trkpt>
      <trkpt lat="37.565069" lon="-122.268068">
        <ele>3.144143</ele>
        <time>2023-07-03T22:33:00.012Z</time>
      </trkpt>
      <trkpt lat="37.564917" lon="-122.268081">
        <ele>3.018276</ele>
        <time>2023-07-03T22:33:02.012Z</time>
      </trkpt>
      <trkpt lat="37.564760" lon="-122.268089">
        <ele>2.888461</ele>
        <time>2023-07-03T22:33:04.012Z</time>
      </trkpt>
      <trkpt lat="37.564614" lon="-122.268093">
        <ele>2.784341</ele>
        <time>2023-07-03T22:33:06.011Z</time>
      </trkpt>
      <trkpt lat="37.564471" lon="-122.268094">
        <ele>2.724797</ele>
        <time>2023-07-03T22:33:08.011Z</time>
      </trkpt>
      <trkpt lat="37.564329" lon="-122.268096">
        <ele>2.665668</ele>
        <time>2023-07-03T22:33:10.012Z</time>
      </trkpt>
      <trkpt lat="37.564196" lon="-122.268099">
        <ele>2.610280</ele>
        <time>2023-07-03T22:33:12.011Z</time>
      </trkpt>
      <trkpt lat="37.564072" lon="-122.268098">
        <ele>2.558648</ele>
        <time>2023-07-03T22:33:14.012Z</time>
      </trkpt>
      <trkpt lat="37.563966" lon="-122.268098">
        <ele>2.514511</ele>
        <time>2023-07-03T22:33:16.012Z</time>
      </trkpt>
      <trkpt lat="37.563852" lon="-122.268094">
        <ele>2.467026</ele>
        <time>2023-07-03T22:33:18.012Z</time>
      </trkpt>
      <trkpt lat="37.563734" lon="-122.268093">
        <ele>2.417892</ele>
        <time>2023-07-03T22:33:20.012Z</time>
      </trkpt>
      <trkpt lat="37.563617" lon="-122.268095">
        <ele>2.369171</ele>
        <time>2023-07-03T22:33:22.012Z</time>
      </trkpt>
      <trkpt lat="37.563497" lon="-122.268102">
        <ele>2.319151</ele>
        <time>2023-07-03T22:33:24.012Z</time>
      </trkpt>
      <trkpt lat="37.563376" lon="-122.268106">
        <ele>2.268752</ele>
        <time>2023-07-03T22:33:26.012Z</time>
      </trkpt>
      <trkpt lat="37.563253" lon="-122.268109">
        <ele>2.217528</ele>
        <time>2023-07-03T22:33:28.012Z</time>
      </trkpt>
      <trkpt lat="37.563131" lon="-122.268111">
        <ele>2.166725</ele>
        <time>2023-07-03T22:33:30.012Z</time>
      </trkpt>
      <trkpt lat="37.563006" lon="-122.268129">
        <ele>2.114339</ele>
        <time>2023-07-03T22:33:32.012Z</time>
      </trkpt>
      <trkpt lat="37.562876" lon="-122.268153">
        <ele>2.059633</ele>
        <time>2023-07-03T22:33:34.012Z</time>
      </trkpt>
      <trkpt lat="37.562751" lon="-122.268187">
        <ele>2.005272</ele>
        <time>2023-07-03T22:33:36.012Z</time>
      </trkpt>
      <trkpt lat="37.562625" lon="-122.268234">
        <ele>1.949229</ele>
        <time>2023-07-03T22:33:38.012Z</time>
      </trkpt>
      <trkpt lat="37.562503" lon="-122.268300">
        <ele>1.892609</ele>
        <time>2023-07-03T22:33:40.012Z</time>
      </trkpt>
      <trkpt lat="37.562386" lon="-122.268361">
        <ele>1.838611</ele>
        <time>2023-07-03T22:33:42.012Z</time>
      </trkpt>
      <trkpt lat="37.562270" lon="-122.268429">
        <ele>1.784053</ele>
        <time>2023-07-03T22:33:44.012Z</time>
      </trkpt>
      <trkpt lat="37.562160" lon="-122.268512">
        <ele>1.729382</ele>
        <time>2023-07-03T22:33:46.012Z</time>
      </trkpt>
      <trkpt lat="37.562048" lon="-122.268596">
        <ele>1.673805</ele>
        <time>2023-07-03T22:33:48.012Z</time>
      </trkpt>
      <trkpt lat="37.561946" lon="-122.268678">
        <ele>1.622216</ele>
        <time>2023-07-03T22:33:50.012Z</time>
      </trkpt>
      <trkpt lat="37.561857" lon="-122.268761">
        <ele>1.575008</ele>
        <time>2023-07-03T22:33:52.012Z</time>
      </trkpt>
      <trkpt lat="37.561786" lon="-122.268861">
        <ele>1.529618</ele>
        <time>2023-07-03T22:33:54.012Z</time>
      </trkpt>
      <trkpt lat="37.561694" lon="-122.268930">
        <ele>1.483965</ele>
        <time>2023-07-03T22:33:56.012Z</time>
      </trkpt>
      <trkpt lat="37.561611" lon="-122.269008">
        <ele>1.439820</ele>
        <time>2023-07-03T22:33:58.012Z</time>
      </trkpt>
      <trkpt lat="37.561561" lon="-122.269117">
        <ele>1.397240</ele>
        <time>2023-07-03T22:34:00.012Z</time>
      </trkpt>
      <trkpt lat="37.561598" lon="-122.269235">
        <ele>1.354335</ele>
        <time>2023-07-03T22:34:02.012Z</time>
      </trkpt>
      <trkpt lat="37.561682" lon="-122.269343">
        <ele>1.303177</ele>
        <time>2023-07-03T22:34:04.012Z</time>
      </trkpt>
      <trkpt lat="37.561748" lon="-122.269454">
        <ele>1.304651</ele>
        <time>2023-07-03T22:34:06.012Z</time>
      </trkpt>
      <trkpt lat="37.561814" lon="-122.269563">
        <ele>1.336264</ele>
        <time>2023-07-03T22:34:08.012Z</time>
      </trkpt>
      <trkpt lat="37.561885" lon="-122.269666">
        <ele>1.367723</ele>
        <time>2023-07-03T22:34:10.012Z</time>
      </trkpt>
      <trkpt lat="37.561957" lon="-122.269771">
        <ele>1.399721</ele>
        <time>2023-07-03T22:34:12.012Z</time>
      </trkpt>
      <trkpt lat="37.562028" lon="-122.269876">
        <ele>1.431530</ele>
        <time>2023-07-03T22:34:14.012Z</time>
      </trkpt>
      <trkpt lat="37.562103" lon="-122.269975">
        <ele>1.463092</ele>
        <time>2023-07-03T22:34:16.012Z</time>
      </trkpt>
      <trkpt lat="37.562180" lon="-122.270073">
        <ele>1.494894</ele>
        <time>2023-07-03T22:34:18.012Z</time>
      </trkpt>
      <trkpt lat="37.562248" lon="-122.270167">
        <ele>1.524224</ele>
        <time>2023-07-03T22:34:20.012Z</time>
      </trkpt>
      <trkpt lat="37.562315" lon="-122.270264">
        <ele>1.553877</ele>
        <time>2023-07-03T22:34:22.012Z</time>
      </trkpt>
      <trkpt lat="37.562379" lon="-122.270364">
        <ele>1.583499</ele>
        <time>2023-07-03T22:34:24.012Z</time>
      </trkpt>
      <trkpt lat="37.562436" lon="-122.270459">
        <ele>1.610959</ele>
        <time>2023-07-03T22:34:26.012Z</time>
      </trkpt>
      <trkpt lat="37.562499" lon="-122.270560">
        <ele>1.640580</ele>
        <time>2023-07-03T22:34:28.012Z</time>
      </trkpt>
      <trkpt lat="37.562557" lon="-122.270663">
        <ele>1.669699</ele>
        <time>2023-07-03T22:34:30.012Z</time>
      </trkpt>
      <trkpt lat="37.562621" lon="-122.270771">
        <ele>1.700777</ele>
        <time>2023-07-03T22:34:32.012Z</time>
      </trkpt>
      <trkpt lat="37.562682" lon="-122.270874">
        <ele>1.730410</ele>
        <time>2023-07-03T22:34:34.012Z</time>
      </trkpt>
      <trkpt lat="37.562741" lon="-122.270977">
        <ele>1.759698</ele>
        <time>2023-07-03T22:34:36.012Z</time>
      </trkpt>
      <trkpt lat="37.562796" lon="-122.271082">
        <ele>1.788704</ele>
        <time>2023-07-03T22:34:38.012Z</time>
      </trkpt>
      <trkpt lat="37.562876" lon="-122.271202">
        <ele>1.922453</ele>
        <time>2023-07-03T22:34:41.012Z</time>
      </trkpt>
      <trkpt lat="37.562950" lon="-122.271296">
        <ele>2.129899</ele>
        <time>2023-07-03T22:34:45.012Z</time>
      </trkpt>
      <trkpt lat="37.563073" lon="-122.271519">
        <ele>2.555304</ele>
        <time>2023-07-03T22:35:16.012Z</time>
      </trkpt>
      <trkpt lat="37.563120" lon="-122.271628">
        <ele>2.749602</ele>
        <time>2023-07-03T22:35:19.013Z</time>
      </trkpt>
      <trkpt lat="37.563179" lon="-122.271733">
        <ele>2.951136</ele>
        <time>2023-07-03T22:35:22.013Z</time>
      </trkpt>
      <trkpt lat="37.563240" lon="-122.271832">
        <ele>3.147482</ele>
        <time>2023-07-03T22:35:25.013Z</time>
      </trkpt>
      <trkpt lat="37.563296" lon="-122.271930">
        <ele>3.336652</ele>
        <time>2023-07-03T22:35:28.013Z</time>
      </trkpt>
      <trkpt lat="37.563364" lon="-122.272049">
        <ele>3.566360</ele>
        <time>2023-07-03T22:35:32.013Z</time>
      </trkpt>
      <trkpt lat="37.563425" lon="-122.272162">
        <ele>3.780436</ele>
        <time>2023-07-03T22:35:36.013Z</time>
      </trkpt>
      <trkpt lat="37.563478" lon="-122.272259">
        <ele>3.964912</ele>
        <time>2023-07-03T22:35:40.013Z</time>
      </trkpt>
      <trkpt lat="37.563543" lon="-122.272371">
        <ele>4.182268</ele>
        <time>2023-07-03T22:35:45.013Z</time>
      </trkpt>
      <trkpt lat="37.563598" lon="-122.272476">
        <ele>4.379338</ele>
        <time>2023-07-03T22:35:49.013Z</time>
      </trkpt>
      <trkpt lat="37.563650" lon="-122.272573">
        <ele>4.562700</ele>
        <time>2023-07-03T22:35:53.013Z</time>
      </trkpt>
      <trkpt lat="37.563717" lon="-122.272684">
        <ele>4.781164</ele>
        <time>2023-07-03T22:35:59.013Z</time>
      </trkpt>
      <trkpt lat="37.563784" lon="-122.272782">
        <ele>4.983810</ele>
        <time>2023-07-03T22:36:05.013Z</time>
      </trkpt>
      <trkpt lat="37.563828" lon="-122.272883">
        <ele>5.164271</ele>
        <time>2023-07-03T22:36:09.013Z</time>
      </trkpt>
      <trkpt lat="37.563883" lon="-122.272982">
        <ele>5.353573</ele>
        <time>2023-07-03T22:36:13.013Z</time>
      </trkpt>
      <trkpt lat="37.563937" lon="-122.273077">
        <ele>5.267045</ele>
        <time>2023-07-03T22:36:16.013Z</time>
      </trkpt>
      <trkpt lat="37.564002" lon="-122.273183">
        <ele>5.154709</ele>
        <time>2023-07-03T22:36:20.013Z</time>
      </trkpt>
      <trkpt lat="37.564055" lon="-122.273295">
        <ele>5.045371</ele>
        <time>2023-07-03T22:36:23.013Z</time>
      </trkpt>
      <trkpt lat="37.564115" lon="-122.273426">
        <ele>4.918550</ele>
        <time>2023-07-03T22:36:26.013Z</time>
      </trkpt>
      <trkpt lat="37.564188" lon="-122.273567">
        <ele>4.777384</ele>
        <time>2023-07-03T22:36:29.013Z</time>
      </trkpt>
      <trkpt lat="37.564245" lon="-122.273660">
        <ele>4.678844</ele>
        <time>2023-07-03T22:36:31.013Z</time>
      </trkpt>
      <trkpt lat="37.564309" lon="-122.273770">
        <ele>4.564467</ele>
        <time>2023-07-03T22:36:33.013Z</time>
      </trkpt>
      <trkpt lat="37.564377" lon="-122.273911">
        <ele>4.426121</ele>
        <time>2023-07-03T22:36:35.013Z</time>
      </trkpt>
      <trkpt lat="37.564451" lon="-122.274035">
        <ele>4.296017</ele>
        <time>2023-07-03T22:36:37.013Z</time>
      </trkpt>
      <trkpt lat="37.564518" lon="-122.274151">
        <ele>4.175708</ele>
        <time>2023-07-03T22:36:39.013Z</time>
      </trkpt>
      <trkpt lat="37.564578" lon="-122.274249">
        <ele>4.071912</ele>
        <time>2023-07-03T22:36:41.013Z</time>
      </trkpt>
      <trkpt lat="37.564644" lon="-122.274357">
        <ele>3.957604</ele>
        <time>2023-07-03T22:36:43.013Z</time>
      </trkpt>
      <trkpt lat="37.564705" lon="-122.274460">
        <ele>3.849831</ele>
        <time>2023-07-03T22:36:45.013Z</time>
      </trkpt>
      <trkpt lat="37.564767" lon="-122.274572">
        <ele>3.735323</ele>
        <time>2023-07-03T22:36:48.013Z</time>
      </trkpt>
      <trkpt lat="37.564909" lon="-122.274763">
        <ele>3.515823</ele>
        <time>2023-07-03T22:37:19.014Z</time>
      </trkpt>
      <trkpt lat="37.564976" lon="-122.274874">
        <ele>3.444768</ele>
        <time>2023-07-03T22:37:23.013Z</time>
      </trkpt>
      <trkpt lat="37.565008" lon="-122.274985">
        <ele>3.421301</ele>
        <time>2023-07-03T22:37:27.014Z</time>
      </trkpt>
      <trkpt lat="37.565091" lon="-122.275092">
        <ele>3.391557</ele>
        <time>2023-07-03T22:37:31.014Z</time>
      </trkpt>
      <trkpt lat="37.565155" lon="-122.275189">
        <ele>3.366482</ele>
        <time>2023-07-03T22:37:34.014Z</time>
      </trkpt>
      <trkpt lat="37.565245" lon="-122.275282">
        <ele>3.337322</ele>
        <time>2023-07-03T22:37:37.014Z</time>
      </trkpt>
      <trkpt lat="37.565344" lon="-122.275390">
        <ele>3.304517</ele>
        <time>2023-07-03T22:37:40.014Z</time>
      </trkpt>
      <trkpt lat="37.565446" lon="-122.275487">
        <ele>3.272501</ele>
        <time>2023-07-03T22:37:43.014Z</time>
      </trkpt>
      <trkpt lat="37.565547" lon="-122.275584">
        <ele>3.240684</ele>
        <time>2023-07-03T22:37:46.014Z</time>
      </trkpt>
      <trkpt lat="37.565661" lon="-122.275668">
        <ele>3.207594</ele>
        <time>2023-07-03T22:37:49.014Z</time>
      </trkpt>
      <trkpt lat="37.565741" lon="-122.275726">
        <ele>3.184466</ele>
        <time>2023-07-03T22:37:51.014Z</time>
      </trkpt>
      <trkpt lat="37.565837" lon="-122.275777">
        <ele>3.158358</ele>
        <time>2023-07-03T22:37:53.014Z</time>
      </trkpt>
      <trkpt lat="37.565922" lon="-122.275833">
        <ele>3.134322</ele>
        <time>2023-07-03T22:37:55.014Z</time>
      </trkpt>
      <trkpt lat="37.566007" lon="-122.275879">
        <ele>3.111139</ele>
        <time>2023-07-03T22:37:57.014Z</time>
      </trkpt>
      <trkpt lat="37.566094" lon="-122.275917">
        <ele>3.088063</ele>
        <time>2023-07-03T22:37:59.014Z</time>
      </trkpt>
      <trkpt lat="37.566219" lon="-122.275968">
        <ele>3.055134</ele>
        <time>2023-07-03T22:38:02.014Z</time>
      </trkpt>
      <trkpt lat="37.566346" lon="-122.276011">
        <ele>3.022175</ele>
        <time>2023-07-03T22:38:05.014Z</time>
      </trkpt>
      <trkpt lat="37.566468" lon="-122.276062">
        <ele>3.014437</ele>
        <time>2023-07-03T22:38:08.014Z</time>
      </trkpt>
      <trkpt lat="37.566563" lon="-122.276066">
        <ele>3.022591</ele>
        <time>2023-07-03T22:38:10.014Z</time>
      </trkpt>
      <trkpt lat="37.566655" lon="-122.276079">
        <ele>3.030533</ele>
        <time>2023-07-03T22:38:12.014Z</time>
      </trkpt>
      <trkpt lat="37.566748" lon="-122.276095">
        <ele>3.038585</ele>
        <time>2023-07-03T22:38:14.014Z</time>
      </trkpt>
      <trkpt lat="37.566841" lon="-122.276097">
        <ele>3.046565</ele>
        <time>2023-07-03T22:38:16.014Z</time>
      </trkpt>
      <trkpt lat="37.566939" lon="-122.276098">
        <ele>3.054972</ele>
        <time>2023-07-03T22:38:18.014Z</time>
      </trkpt>
      <trkpt lat="37.567037" lon="-122.276103">
        <ele>3.063386</ele>
        <time>2023-07-03T22:38:20.014Z</time>
      </trkpt>
      <trkpt lat="37.567129" lon="-122.276091">
        <ele>3.071321</ele>
        <time>2023-07-03T22:38:22.014Z</time>
      </trkpt>
      <trkpt lat="37.567223" lon="-122.276085">
        <ele>3.079395</ele>
        <time>2023-07-03T22:38:24.014Z</time>
      </trkpt>
      <trkpt lat="37.567318" lon="-122.276072">
        <ele>3.087593</ele>
        <time>2023-07-03T22:38:26.014Z</time>
      </trkpt>
      <trkpt lat="37.567450" lon="-122.276060">
        <ele>3.098946</ele>
        <time>2023-07-03T22:38:29.014Z</time>
      </trkpt>
      <trkpt lat="37.567543" lon="-122.276054">
        <ele>3.106935</ele>
        <time>2023-07-03T22:38:31.014Z</time>
      </trkpt>
      <trkpt lat="37.567647" lon="-122.276035">
        <ele>3.115950</ele>
        <time>2023-07-03T22:38:33.014Z</time>
      </trkpt>
      <trkpt lat="37.567759" lon="-122.276021">
        <ele>3.125605</ele>
        <time>2023-07-03T22:38:35.014Z</time>
      </trkpt>
      <trkpt lat="37.567881" lon="-122.275992">
        <ele>3.136256</ele>
        <time>2023-07-03T22:38:37.014Z</time>
      </trkpt>
      <trkpt lat="37.568007" lon="-122.275965">
        <ele>3.147220</ele>
        <time>2023-07-03T22:38:39.014Z</time>
      </trkpt>
      <trkpt lat="37.568136" lon="-122.275937">
        <ele>3.158449</ele>
        <time>2023-07-03T22:38:41.014Z</time>
      </trkpt>
      <trkpt lat="37.568254" lon="-122.275936">
        <ele>3.171998</ele>
        <time>2023-07-03T22:38:43.014Z</time>
      </trkpt>
      <trkpt lat="37.568364" lon="-122.275922">
        <ele>3.186832</ele>
        <time>2023-07-03T22:38:45.014Z</time>
      </trkpt>
      <trkpt lat="37.568470" lon="-122.275914">
        <ele>3.201080</ele>
        <time>2023-07-03T22:38:47.014Z</time>
      </trkpt>
      <trkpt lat="37.568571" lon="-122.275886">
        <ele>3.214955</ele>
        <time>2023-07-03T22:38:49.014Z</time>
      </trkpt>
      <trkpt lat="37.568674" lon="-122.275876">
        <ele>3.228816</ele>
        <time>2023-07-03T22:38:51.014Z</time>
      </trkpt>
      <trkpt lat="37.568778" lon="-122.275864">
        <ele>3.242828</ele>
        <time>2023-07-03T22:38:53.014Z</time>
      </trkpt>
      <trkpt lat="37.568877" lon="-122.275851">
        <ele>3.256183</ele>
        <time>2023-07-03T22:38:55.014Z</time>
      </trkpt>
      <trkpt lat="37.568983" lon="-122.275835">
        <ele>3.270507</ele>
        <time>2023-07-03T22:38:57.014Z</time>
      </trkpt>
      <trkpt lat="37.569086" lon="-122.275819">
        <ele>3.284432</ele>
        <time>2023-07-03T22:38:59.014Z</time>
      </trkpt>
      <trkpt lat="37.569186" lon="-122.275802">
        <ele>3.297970</ele>
        <time>2023-07-03T22:39:01.014Z</time>
      </trkpt>
      <trkpt lat="37.569283" lon="-122.275788">
        <ele>3.311070</ele>
        <time>2023-07-03T22:39:03.014Z</time>
      </trkpt>
      <trkpt lat="37.569373" lon="-122.275771">
        <ele>3.323280</ele>
        <time>2023-07-03T22:39:05.014Z</time>
      </trkpt>
      <trkpt lat="37.569501" lon="-122.275757">
        <ele>3.340519</ele>
        <time>2023-07-03T22:39:08.014Z</time>
      </trkpt>
      <trkpt lat="37.569628" lon="-122.275738">
        <ele>3.357678</ele>
        <time>2023-07-03T22:39:11.014Z</time>
      </trkpt>
      <trkpt lat="37.569755" lon="-122.275711">
        <ele>3.374959</ele>
        <time>2023-07-03T22:39:14.014Z</time>
      </trkpt>
      <trkpt lat="37.569879" lon="-122.275698">
        <ele>3.391654</ele>
        <time>2023-07-03T22:39:17.014Z</time>
      </trkpt>
      <trkpt lat="37.569987" lon="-122.275678">
        <ele>3.405143</ele>
        <time>2023-07-03T22:39:20.014Z</time>
      </trkpt>
      <trkpt lat="37.570061" lon="-122.275596">
        <ele>3.412172</ele>
        <time>2023-07-03T22:39:24.014Z</time>
      </trkpt>
      <trkpt lat="37.570103" lon="-122.275772">
        <ele>3.422569</ele>
        <time>2023-07-03T22:39:54.014Z</time>
      </trkpt>
      <trkpt lat="37.570082" lon="-122.275890">
        <ele>3.429410</ele>
        <time>2023-07-03T22:39:57.014Z</time>
      </trkpt>
      <trkpt lat="37.570094" lon="-122.276008">
        <ele>3.436139</ele>
        <time>2023-07-03T22:40:00.014Z</time>
      </trkpt>
      <trkpt lat="37.570131" lon="-122.276134">
        <ele>3.443740</ele>
        <time>2023-07-03T22:40:03.014Z</time>
      </trkpt>
      <trkpt lat="37.570145" lon="-122.276284">
        <ele>3.452283</ele>
        <time>2023-07-03T22:40:06.014Z</time>
      </trkpt>
      <trkpt lat="37.570168" lon="-122.276429">
        <ele>3.460648</ele>
        <time>2023-07-03T22:40:09.014Z</time>
      </trkpt>
      <trkpt lat="37.570177" lon="-122.276589">
        <ele>3.469721</ele>
        <time>2023-07-03T22:40:12.014Z</time>
      </trkpt>
      <trkpt lat="37.570193" lon="-122.276747">
        <ele>3.478731</ele>
        <time>2023-07-03T22:40:15.014Z</time>
      </trkpt>
      <trkpt lat="37.570207" lon="-122.276898">
        <ele>3.487331</ele>
        <time>2023-07-03T22:40:18.014Z</time>
      </trkpt>
      <trkpt lat="37.570215" lon="-122.277043">
        <ele>3.495553</ele>
        <time>2023-07-03T22:40:21.014Z</time>
      </trkpt>
      <trkpt lat="37.570230" lon="-122.277181">
        <ele>3.503432</ele>
        <time>2023-07-03T22:40:24.014Z</time>
      </trkpt>
      <trkpt lat="37.570243" lon="-122.277326">
        <ele>3.511686</ele>
        <time>2023-07-03T22:40:27.014Z</time>
      </trkpt>
      <trkpt lat="37.570258" lon="-122.277477">
        <ele>3.520294</ele>
        <time>2023-07-03T22:40:30.014Z</time>
      </trkpt>
      <trkpt lat="37.570271" lon="-122.277628">
        <ele>3.528886</ele>
        <time>2023-07-03T22:40:33.014Z</time>
      </trkpt>
      <trkpt lat="37.570283" lon="-122.277775">
        <ele>3.543797</ele>
        <time>2023-07-03T22:40:36.014Z</time>
      </trkpt>
      <trkpt lat="37.570279" lon="-122.277905">
        <ele>3.560697</ele>
        <time>2023-07-03T22:40:39.014Z</time>
      </trkpt>
      <trkpt lat="37.570317" lon="-122.278169">
        <ele>3.595552</ele>
        <time>2023-07-03T22:41:12.014Z</time>
      </trkpt>
      <trkpt lat="37.570304" lon="-122.278299">
        <ele>3.612573</ele>
        <time>2023-07-03T22:41:15.014Z</time>
      </trkpt>
      <trkpt lat="37.570324" lon="-122.278416">
        <ele>3.628121</ele>
        <time>2023-07-03T22:41:18.014Z</time>
      </trkpt>
      <trkpt lat="37.570352" lon="-122.278535">
        <ele>3.644246</ele>
        <time>2023-07-03T22:41:21.014Z</time>
      </trkpt>
      <trkpt lat="37.570362" lon="-122.278672">
        <ele>3.662118</ele>
        <time>2023-07-03T22:41:24.014Z</time>
      </trkpt>
      <trkpt lat="37.570381" lon="-122.278810">
        <ele>3.680313</ele>
        <time>2023-07-03T22:41:27.014Z</time>
      </trkpt>
      <trkpt lat="37.570386" lon="-122.278947">
        <ele>3.698128</ele>
        <time>2023-07-03T22:41:30.015Z</time>
      </trkpt>
      <trkpt lat="37.570403" lon="-122.279089">
        <ele>3.716784</ele>
        <time>2023-07-03T22:41:33.014Z</time>
      </trkpt>
      <trkpt lat="37.570415" lon="-122.279234">
        <ele>3.735722</ele>
        <time>2023-07-03T22:41:36.015Z</time>
      </trkpt>
      <trkpt lat="37.570433" lon="-122.279392">
        <ele>3.756457</ele>
        <time>2023-07-03T22:41:39.014Z</time>
      </trkpt>
      <trkpt lat="37.570444" lon="-122.279549">
        <ele>3.776932</ele>
        <time>2023-07-03T22:41:42.015Z</time>
      </trkpt>
      <trkpt lat="37.570461" lon="-122.279706">
        <ele>3.797516</ele>
        <time>2023-07-03T22:41:45.015Z</time>
      </trkpt>
      <trkpt lat="37.570459" lon="-122.279843">
        <ele>3.815315</ele>
        <time>2023-07-03T22:41:48.015Z</time>
      </trkpt>
      <trkpt lat="37.570479" lon="-122.279991">
        <ele>3.820822</ele>
        <time>2023-07-03T22:41:51.015Z</time>
      </trkpt>
      <trkpt lat="37.570491" lon="-122.280143">
        <ele>3.805251</ele>
        <time>2023-07-03T22:41:54.015Z</time>
      </trkpt>
      <trkpt lat="37.570496" lon="-122.280294">
        <ele>3.789845</ele>
        <time>2023-07-03T22:41:57.015Z</time>
      </trkpt>
      <trkpt lat="37.570501" lon="-122.280451">
        <ele>3.773827</ele>
        <time>2023-07-03T22:42:00.015Z</time>
      </trkpt>
      <trkpt lat="37.570484" lon="-122.280599">
        <ele>3.758583</ele>
        <time>2023-07-03T22:42:03.015Z</time>
      </trkpt>
      <trkpt lat="37.570489" lon="-122.280763">
        <ele>3.741853</ele>
        <time>2023-07-03T22:42:06.015Z</time>
      </trkpt>
      <trkpt lat="37.570491" lon="-122.280922">
        <ele>3.725643</ele>
        <time>2023-07-03T22:42:09.015Z</time>
      </trkpt>
      <trkpt lat="37.570499" lon="-122.281076">
        <ele>3.709910</ele>
        <time>2023-07-03T22:42:12.015Z</time>
      </trkpt>
      <trkpt lat="37.570500" lon="-122.281229">
        <ele>3.694313</ele>
        <time>2023-07-03T22:42:15.015Z</time>
      </trkpt>
      <trkpt lat="37.570508" lon="-122.281391">
        <ele>3.677767</ele>
        <time>2023-07-03T22:42:18.015Z</time>
      </trkpt>
      <trkpt lat="37.570510" lon="-122.281546">
        <ele>3.661965</ele>
        <time>2023-07-03T22:42:21.015Z</time>
      </trkpt>
      <trkpt lat="37.570511" lon="-122.281698">
        <ele>3.646470</ele>
        <time>2023-07-03T22:42:24.015Z</time>
      </trkpt>
      <trkpt lat="37.570517" lon="-122.281828">
        <ele>3.633195</ele>
        <time>2023-07-03T22:42:27.015Z</time>
      </trkpt>
      <trkpt lat="37.570514" lon="-122.281946">
        <ele>3.621160</ele>
        <time>2023-07-03T22:42:30.015Z</time>
      </trkpt>
      <trkpt lat="37.570469" lon="-122.282055">
        <ele>3.608632</ele>
        <time>2023-07-03T22:42:35.015Z</time>
      </trkpt>
      <trkpt lat="37.570493" lon="-122.282176">
        <ele>3.595917</ele>
        <time>2023-07-03T22:42:43.015Z</time>
      </trkpt>
      <trkpt lat="37.570519" lon="-122.282310">
        <ele>3.600914</ele>
        <time>2023-07-03T22:42:47.015Z</time>
      </trkpt>
      <trkpt lat="37.570490" lon="-122.282436">
        <ele>3.606018</ele>
        <time>2023-07-03T22:42:50.014Z</time>
      </trkpt>
      <trkpt lat="37.570519" lon="-122.282579">
        <ele>3.611761</ele>
        <time>2023-07-03T22:42:53.010Z</time>
      </trkpt>
      <trkpt lat="37.570529" lon="-122.282717">
        <ele>3.617152</ele>
        <time>2023-07-03T22:42:56.006Z</time>
      </trkpt>
      <trkpt lat="37.570525" lon="-122.282859">
        <ele>3.622680</ele>
        <time>2023-07-03T22:42:59.003Z</time>
      </trkpt>
      <trkpt lat="37.570526" lon="-122.282996">
        <ele>3.628010</ele>
        <time>2023-07-03T22:43:02.001Z</time>
      </trkpt>
      <trkpt lat="37.570526" lon="-122.283142">
        <ele>3.633690</ele>
        <time>2023-07-03T22:43:04.999Z</time>
      </trkpt>
      <trkpt lat="37.570523" lon="-122.283281">
        <ele>3.639099</ele>
        <time>2023-07-03T22:43:07.997Z</time>
      </trkpt>
      <trkpt lat="37.570522" lon="-122.283419">
        <ele>3.644468</ele>
        <time>2023-07-03T22:43:10.996Z</time>
      </trkpt>
      <trkpt lat="37.570520" lon="-122.283560">
        <ele>3.649955</ele>
        <time>2023-07-03T22:43:13.995Z</time>
      </trkpt>
      <trkpt lat="37.570520" lon="-122.283709">
        <ele>3.655751</ele>
        <time>2023-07-03T22:43:16.994Z</time>
      </trkpt>
      <trkpt lat="37.570521" lon="-122.283864">
        <ele>3.661782</ele>
        <time>2023-07-03T22:43:19.993Z</time>
      </trkpt>
      <trkpt lat="37.570525" lon="-122.284013">
        <ele>3.667582</ele>
        <time>2023-07-03T22:43:22.993Z</time>
      </trkpt>
      <trkpt lat="37.570523" lon="-122.284146">
        <ele>3.672757</ele>
        <time>2023-07-03T22:43:25.992Z</time>
      </trkpt>
      <trkpt lat="37.570504" lon="-122.284269">
        <ele>3.677632</ele>
        <time>2023-07-03T22:43:28.992Z</time>
      </trkpt>
      <trkpt lat="37.570509" lon="-122.284539">
        <ele>3.683191</ele>
        <time>2023-07-03T22:44:09.990Z</time>
      </trkpt>
      <trkpt lat="37.570497" lon="-122.284676">
        <ele>3.682245</ele>
        <time>2023-07-03T22:44:13.990Z</time>
      </trkpt>
      <trkpt lat="37.570527" lon="-122.284815">
        <ele>3.681255</ele>
        <time>2023-07-03T22:44:17.990Z</time>
      </trkpt>
      <trkpt lat="37.570537" lon="-122.284963">
        <ele>3.680236</ele>
        <time>2023-07-03T22:44:21.990Z</time>
      </trkpt>
      <trkpt lat="37.570535" lon="-122.285092">
        <ele>3.679350</ele>
        <time>2023-07-03T22:44:24.990Z</time>
      </trkpt>
      <trkpt lat="37.570534" lon="-122.285229">
        <ele>3.678409</ele>
        <time>2023-07-03T22:44:27.990Z</time>
      </trkpt>
      <trkpt lat="37.570528" lon="-122.285360">
        <ele>3.677508</ele>
        <time>2023-07-03T22:44:30.990Z</time>
      </trkpt>
      <trkpt lat="37.570521" lon="-122.285511">
        <ele>3.676470</ele>
        <time>2023-07-03T22:44:33.990Z</time>
      </trkpt>
      <trkpt lat="37.570520" lon="-122.285667">
        <ele>3.675399</ele>
        <time>2023-07-03T22:44:36.990Z</time>
      </trkpt>
      <trkpt lat="37.570522" lon="-122.285834">
        <ele>3.674252</ele>
        <time>2023-07-03T22:44:39.990Z</time>
      </trkpt>
      <trkpt lat="37.570525" lon="-122.285996">
        <ele>3.673139</ele>
        <time>2023-07-03T22:44:42.990Z</time>
      </trkpt>
      <trkpt lat="37.570522" lon="-122.286157">
        <ele>3.672034</ele>
        <time>2023-07-03T22:44:45.990Z</time>
      </trkpt>
      <trkpt lat="37.570523" lon="-122.286325">
        <ele>3.670880</ele>
        <time>2023-07-03T22:44:48.990Z</time>
      </trkpt>
      <trkpt lat="37.570526" lon="-122.286445">
        <ele>3.670056</ele>
        <time>2023-07-03T22:44:50.990Z</time>
      </trkpt>
      <trkpt lat="37.570530" lon="-122.286560">
        <ele>3.669265</ele>
        <time>2023-07-03T22:44:52.990Z</time>
      </trkpt>
      <trkpt lat="37.570530" lon="-122.286679">
        <ele>3.668448</ele>
        <time>2023-07-03T22:44:54.990Z</time>
      </trkpt>
      <trkpt lat="37.570534" lon="-122.286835">
        <ele>3.608407</ele>
        <time>2023-07-03T22:44:57.990Z</time>
      </trkpt>
      <trkpt lat="37.570536" lon="-122.286983">
        <ele>3.545976</ele>
        <time>2023-07-03T22:45:00.990Z</time>
      </trkpt>
      <trkpt lat="37.570528" lon="-122.287125">
        <ele>3.485933</ele>
        <time>2023-07-03T22:45:03.990Z</time>
      </trkpt>
      <trkpt lat="37.570523" lon="-122.287271">
        <ele>3.424298</ele>
        <time>2023-07-03T22:45:06.990Z</time>
      </trkpt>
      <trkpt lat="37.570511" lon="-122.287415">
        <ele>3.363228</ele>
        <time>2023-07-03T22:45:09.990Z</time>
      </trkpt>
      <trkpt lat="37.570510" lon="-122.287573">
        <ele>3.296587</ele>
        <time>2023-07-03T22:45:12.990Z</time>
      </trkpt>
      <trkpt lat="37.570502" lon="-122.287710">
        <ele>3.238648</ele>
        <time>2023-07-03T22:45:15.990Z</time>
      </trkpt>
      <trkpt lat="37.570498" lon="-122.287848">
        <ele>3.180405</ele>
        <time>2023-07-03T22:45:18.990Z</time>
      </trkpt>
      <trkpt lat="37.570489" lon="-122.287988">
        <ele>3.121163</ele>
        <time>2023-07-03T22:45:21.990Z</time>
      </trkpt>
      <trkpt lat="37.570483" lon="-122.288119">
        <ele>3.065819</ele>
        <time>2023-07-03T22:45:24.989Z</time>
      </trkpt>
      <trkpt lat="37.570478" lon="-122.288256">
        <ele>3.007975</ele>
        <time>2023-07-03T22:45:27.989Z</time>
      </trkpt>
      <trkpt lat="37.570467" lon="-122.288408">
        <ele>2.943600</ele>
        <time>2023-07-03T22:45:30.989Z</time>
      </trkpt>
      <trkpt lat="37.570460" lon="-122.288562">
        <ele>2.878541</ele>
        <time>2023-07-03T22:45:33.989Z</time>
      </trkpt>
      <trkpt lat="37.570451" lon="-122.288714">
        <ele>2.814253</ele>
        <time>2023-07-03T22:45:36.989Z</time>
      </trkpt>
      <trkpt lat="37.570444" lon="-122.288862">
        <ele>2.751720</ele>
        <time>2023-07-03T22:45:39.989Z</time>
      </trkpt>
      <trkpt lat="37.570436" lon="-122.288993">
        <ele>2.725991</ele>
        <time>2023-07-03T22:45:42.989Z</time>
      </trkpt>
      <trkpt lat="37.570424" lon="-122.289132">
        <ele>2.784248</ele>
        <time>2023-07-03T22:45:45.989Z</time>
      </trkpt>
      <trkpt lat="37.570413" lon="-122.289268">
        <ele>2.841206</ele>
        <time>2023-07-03T22:45:48.990Z</time>
      </trkpt>
      <trkpt lat="37.570396" lon="-122.289384">
        <ele>2.890356</ele>
        <time>2023-07-03T22:45:51.990Z</time>
      </trkpt>
      <trkpt lat="37.570445" lon="-122.289489">
        <ele>2.941123</ele>
        <time>2023-07-03T22:45:56.990Z</time>
      </trkpt>
      <trkpt lat="37.570572" lon="-122.289469">
        <ele>3.008401</ele>
        <time>2023-07-03T22:45:59.990Z</time>
      </trkpt>
      <trkpt lat="37.570700" lon="-122.289511">
        <ele>3.077925</ele>
        <time>2023-07-03T22:46:02.990Z</time>
      </trkpt>
      <trkpt lat="37.570751" lon="-122.289661">
        <ele>3.145929</ele>
        <time>2023-07-03T22:46:05.990Z</time>
      </trkpt>
      <trkpt lat="37.570771" lon="-122.289784">
        <ele>3.198243</ele>
        <time>2023-07-03T22:46:08.990Z</time>
      </trkpt>
      <trkpt lat="37.570686" lon="-122.289732">
        <ele>3.247901</ele>
        <time>2023-07-03T22:46:12.990Z</time>
      </trkpt>
      <trkpt lat="37.570705" lon="-122.289582">
        <ele>3.311190</ele>
        <time>2023-07-03T22:46:15.990Z</time>
      </trkpt>
      <trkpt lat="37.570706" lon="-122.289435">
        <ele>3.372439</ele>
        <time>2023-07-03T22:46:18.990Z</time>
      </trkpt>
      <trkpt lat="37.570769" lon="-122.289349">
        <ele>3.421231</ele>
        <time>2023-07-03T22:46:21.990Z</time>
      </trkpt>
      <trkpt lat="37.570841" lon="-122.289449">
        <ele>3.477519</ele>
        <time>2023-07-03T22:46:27.989Z</time>
      </trkpt>
      <trkpt lat="37.570847" lon="-122.289580">
        <ele>3.532191</ele>
        <time>2023-07-03T22:46:30.989Z</time>
      </trkpt>
      <trkpt lat="37.570860" lon="-122.289747">
        <ele>3.602105</ele>
        <time>2023-07-03T22:46:33.989Z</time>
      </trkpt>
      <trkpt lat="37.570870" lon="-122.289864">
        <ele>3.651135</ele>
        <time>2023-07-03T22:46:35.989Z</time>
      </trkpt>
      <trkpt lat="37.570882" lon="-122.290027">
        <ele>3.687123</ele>
        <time>2023-07-03T22:46:38.989Z</time>
      </trkpt>
      <trkpt lat="37.570898" lon="-122.290184">
        <ele>3.719140</ele>
        <time>2023-07-03T22:46:41.989Z</time>
      </trkpt>
      <trkpt lat="37.570906" lon="-122.290332">
        <ele>3.749145</ele>
        <time>2023-07-03T22:46:44.989Z</time>
      </trkpt>
      <trkpt lat="37.570903" lon="-122.290448">
        <ele>3.772621</ele>
        <time>2023-07-03T22:46:47.989Z</time>
      </trkpt>
      <trkpt lat="37.570897" lon="-122.290599">
        <ele>3.803202</ele>
        <time>2023-07-03T22:46:51.989Z</time>
      </trkpt>
      <trkpt lat="37.570883" lon="-122.290740">
        <ele>3.831944</ele>
        <time>2023-07-03T22:46:54.989Z</time>
      </trkpt>
      <trkpt lat="37.570858" lon="-122.290886">
        <ele>3.862156</ele>
        <time>2023-07-03T22:46:57.989Z</time>
      </trkpt>
      <trkpt lat="37.570848" lon="-122.291053">
        <ele>3.896031</ele>
        <time>2023-07-03T22:47:00.989Z</time>
      </trkpt>
      <trkpt lat="37.570852" lon="-122.291182">
        <ele>3.922143</ele>
        <time>2023-07-03T22:47:02.989Z</time>
      </trkpt>
      <trkpt lat="37.570836" lon="-122.291326">
        <ele>3.951555</ele>
        <time>2023-07-03T22:47:04.989Z</time>
      </trkpt>
      <trkpt lat="37.570825" lon="-122.291483">
        <ele>3.983434</ele>
        <time>2023-07-03T22:47:06.989Z</time>
      </trkpt>
      <trkpt lat="37.570815" lon="-122.291634">
        <ele>4.014083</ele>
        <time>2023-07-03T22:47:08.989Z</time>
      </trkpt>
      <trkpt lat="37.570808" lon="-122.291776">
        <ele>4.042861</ele>
        <time>2023-07-03T22:47:10.989Z</time>
      </trkpt>
      <trkpt lat="37.570808" lon="-122.291918">
        <ele>4.071582</ele>
        <time>2023-07-03T22:47:12.989Z</time>
      </trkpt>
      <trkpt lat="37.570810" lon="-122.292064">
        <ele>4.101118</ele>
        <time>2023-07-03T22:47:14.989Z</time>
      </trkpt>
      <trkpt lat="37.570821" lon="-122.292208">
        <ele>4.120528</ele>
        <time>2023-07-03T22:47:16.989Z</time>
      </trkpt>
      <trkpt lat="37.570806" lon="-122.292341">
        <ele>4.129429</ele>
        <time>2023-07-03T22:47:18.989Z</time>
      </trkpt>
      <trkpt lat="37.570769" lon="-122.292467">
        <ele>4.138332</ele>
        <time>2023-07-03T22:47:20.989Z</time>
      </trkpt>
      <trkpt lat="37.570709" lon="-122.292583">
        <ele>4.147509</ele>
        <time>2023-07-03T22:47:22.989Z</time>
      </trkpt>
      <trkpt lat="37.570665" lon="-122.292733">
        <ele>4.158106</ele>
        <time>2023-07-03T22:47:24.989Z</time>
      </trkpt>
      <trkpt lat="37.570669" lon="-122.292893">
        <ele>4.168713</ele>
        <time>2023-07-03T22:47:26.989Z</time>
      </trkpt>
      <trkpt lat="37.570671" lon="-122.293053">
        <ele>4.179315</ele>
        <time>2023-07-03T22:47:28.989Z</time>
      </trkpt>
      <trkpt lat="37.570675" lon="-122.293208">
        <ele>4.189590</ele>
        <time>2023-07-03T22:47:30.989Z</time>
      </trkpt>
      <trkpt lat="37.570679" lon="-122.293365">
        <ele>4.199998</ele>
        <time>2023-07-03T22:47:32.989Z</time>
      </trkpt>
      <trkpt lat="37.570682" lon="-122.293516">
        <ele>4.210006</ele>
        <time>2023-07-03T22:47:34.989Z</time>
      </trkpt>
      <trkpt lat="37.570691" lon="-122.293669">
        <ele>4.220171</ele>
        <time>2023-07-03T22:47:36.989Z</time>
      </trkpt>
      <trkpt lat="37.570706" lon="-122.293815">
        <ele>4.229925</ele>
        <time>2023-07-03T22:47:38.989Z</time>
      </trkpt>
      <trkpt lat="37.570721" lon="-122.293972">
        <ele>4.240403</ele>
        <time>2023-07-03T22:47:40.989Z</time>
      </trkpt>
      <trkpt lat="37.570740" lon="-122.294124">
        <ele>4.250598</ele>
        <time>2023-07-03T22:47:42.989Z</time>
      </trkpt>
      <trkpt lat="37.570766" lon="-122.294286">
        <ele>4.261549</ele>
        <time>2023-07-03T22:47:44.989Z</time>
      </trkpt>
      <trkpt lat="37.570793" lon="-122.294446">
        <ele>4.190332</ele>
        <time>2023-07-03T22:47:46.989Z</time>
      </trkpt>
      <trkpt lat="37.570821" lon="-122.294600">
        <ele>4.064539</ele>
        <time>2023-07-03T22:47:48.989Z</time>
      </trkpt>
      <trkpt lat="37.570861" lon="-122.294752">
        <ele>3.937028</ele>
        <time>2023-07-03T22:47:50.989Z</time>
      </trkpt>
      <trkpt lat="37.570900" lon="-122.294905">
        <ele>3.809072</ele>
        <time>2023-07-03T22:47:52.989Z</time>
      </trkpt>
      <trkpt lat="37.570949" lon="-122.295053">
        <ele>3.681374</ele>
        <time>2023-07-03T22:47:54.989Z</time>
      </trkpt>
      <trkpt lat="37.570996" lon="-122.295201">
        <ele>3.554438</ele>
        <time>2023-07-03T22:47:56.989Z</time>
      </trkpt>
      <trkpt lat="37.571031" lon="-122.295352">
        <ele>3.429184</ele>
        <time>2023-07-03T22:47:58.989Z</time>
      </trkpt>
      <trkpt lat="37.571068" lon="-122.295503">
        <ele>3.303351</ele>
        <time>2023-07-03T22:48:00.989Z</time>
      </trkpt>
      <trkpt lat="37.571119" lon="-122.295649">
        <ele>3.176324</ele>
        <time>2023-07-03T22:48:02.989Z</time>
      </trkpt>
      <trkpt lat="37.571156" lon="-122.295788">
        <ele>3.059585</ele>
        <time>2023-07-03T22:48:04.989Z</time>
      </trkpt>
      <trkpt lat="37.571207" lon="-122.295926">
        <ele>2.938360</ele>
        <time>2023-07-03T22:48:06.989Z</time>
      </trkpt>
      <trkpt lat="37.571260" lon="-122.296081">
        <ele>2.803963</ele>
        <time>2023-07-03T22:48:08.989Z</time>
      </trkpt>
      <trkpt lat="37.571308" lon="-122.296242">
        <ele>2.667014</ele>
        <time>2023-07-03T22:48:10.989Z</time>
      </trkpt>
      <trkpt lat="37.571346" lon="-122.296408">
        <ele>2.529452</ele>
        <time>2023-07-03T22:48:12.989Z</time>
      </trkpt>
      <trkpt lat="37.571396" lon="-122.296559">
        <ele>2.485363</ele>
        <time>2023-07-03T22:48:14.989Z</time>
      </trkpt>
      <trkpt lat="37.571450" lon="-122.296703">
        <ele>2.540105</ele>
        <time>2023-07-03T22:48:16.989Z</time>
      </trkpt>
      <trkpt lat="37.571499" lon="-122.296839">
        <ele>2.591442</ele>
        <time>2023-07-03T22:48:18.989Z</time>
      </trkpt>
      <trkpt lat="37.571564" lon="-122.296961">
        <ele>2.641957</ele>
        <time>2023-07-03T22:48:20.989Z</time>
      </trkpt>
      <trkpt lat="37.571634" lon="-122.297070">
        <ele>2.690165</ele>
        <time>2023-07-03T22:48:22.989Z</time>
      </trkpt>
      <trkpt lat="37.571728" lon="-122.297144">
        <ele>2.738202</ele>
        <time>2023-07-03T22:48:24.989Z</time>
      </trkpt>
      <trkpt lat="37.571826" lon="-122.297212">
        <ele>2.786692</ele>
        <time>2023-07-03T22:48:26.989Z</time>
      </trkpt>
      <trkpt lat="37.571924" lon="-122.297256">
        <ele>2.831790</ele>
        <time>2023-07-03T22:48:28.989Z</time>
      </trkpt>
      <trkpt lat="37.572021" lon="-122.297234">
        <ele>2.874519</ele>
        <time>2023-07-03T22:48:30.989Z</time>
      </trkpt>
      <trkpt lat="37.572123" lon="-122.297220">
        <ele>2.919003</ele>
        <time>2023-07-03T22:48:32.989Z</time>
      </trkpt>
      <trkpt lat="37.572228" lon="-122.297224">
        <ele>2.964547</ele>
        <time>2023-07-03T22:48:34.989Z</time>
      </trkpt>
      <trkpt lat="37.572329" lon="-122.297241">
        <ele>3.008725</ele>
        <time>2023-07-03T22:48:36.989Z</time>
      </trkpt>
      <trkpt lat="37.572360" lon="-122.297361">
        <ele>3.052095</ele>
        <time>2023-07-03T22:48:38.989Z</time>
      </trkpt>
      <trkpt lat="37.572349" lon="-122.297492">
        <ele>3.097363</ele>
        <time>2023-07-03T22:48:40.989Z</time>
      </trkpt>
      <trkpt lat="37.572314" lon="-122.297620">
        <ele>3.143891</ele>
        <time>2023-07-03T22:48:42.989Z</time>
      </trkpt>
      <trkpt lat="37.572302" lon="-122.297751">
        <ele>3.189207</ele>
        <time>2023-07-03T22:48:44.989Z</time>
      </trkpt>
      <trkpt lat="37.572306" lon="-122.297890">
        <ele>3.237003</ele>
        <time>2023-07-03T22:48:46.989Z</time>
      </trkpt>
      <trkpt lat="37.572337" lon="-122.298026">
        <ele>3.316295</ele>
        <time>2023-07-03T22:48:48.989Z</time>
      </trkpt>
      <trkpt lat="37.572396" lon="-122.298140">
        <ele>3.393972</ele>
        <time>2023-07-03T22:48:50.989Z</time>
      </trkpt>
      <trkpt lat="37.572469" lon="-122.298230">
        <ele>3.467441</ele>
        <time>2023-07-03T22:48:52.989Z</time>
      </trkpt>
      <trkpt lat="37.572558" lon="-122.298307">
        <ele>3.545120</ele>
        <time>2023-07-03T22:48:54.989Z</time>
      </trkpt>
      <trkpt lat="37.572659" lon="-122.298360">
        <ele>3.623860</ele>
        <time>2023-07-03T22:48:56.989Z</time>
      </trkpt>
      <trkpt lat="37.572751" lon="-122.298432">
        <ele>3.701788</ele>
        <time>2023-07-03T22:48:58.989Z</time>
      </trkpt>
      <trkpt lat="37.572808" lon="-122.298553">
        <ele>3.782094</ele>
        <time>2023-07-03T22:49:00.989Z</time>
      </trkpt>
      <trkpt lat="37.572828" lon="-122.298694">
        <ele>3.863814</ele>
        <time>2023-07-03T22:49:02.989Z</time>
      </trkpt>
      <trkpt lat="37.572823" lon="-122.298835">
        <ele>3.944338</ele>
        <time>2023-07-03T22:49:04.989Z</time>
      </trkpt>
      <trkpt lat="37.572785" lon="-122.298973">
        <ele>4.027685</ele>
        <time>2023-07-03T22:49:06.989Z</time>
      </trkpt>
      <trkpt lat="37.572762" lon="-122.299112">
        <ele>4.108697</ele>
        <time>2023-07-03T22:49:08.988Z</time>
      </trkpt>
      <trkpt lat="37.572776" lon="-122.299260">
        <ele>4.193732</ele>
        <time>2023-07-03T22:49:10.988Z</time>
      </trkpt>
      <trkpt lat="37.572822" lon="-122.299390">
        <ele>4.274955</ele>
        <time>2023-07-03T22:49:12.988Z</time>
      </trkpt>
      <trkpt lat="37.572852" lon="-122.299516">
        <ele>4.350014</ele>
        <time>2023-07-03T22:49:14.988Z</time>
      </trkpt>
      <trkpt lat="37.572878" lon="-122.299625">
        <ele>4.414955</ele>
        <time>2023-07-03T22:49:16.988Z</time>
      </trkpt>
      <trkpt lat="37.572915" lon="-122.299740">
        <ele>4.485764</ele>
        <time>2023-07-03T22:49:19.988Z</time>
      </trkpt>
      <trkpt lat="37.573036" lon="-122.299945">
        <ele>4.559997</ele>
        <time>2023-07-03T22:49:51.988Z</time>
      </trkpt>
      <trkpt lat="37.573067" lon="-122.300053">
        <ele>4.577508</ele>
        <time>2023-07-03T22:49:54.989Z</time>
      </trkpt>
      <trkpt lat="37.573103" lon="-122.300164">
        <ele>4.595791</ele>
        <time>2023-07-03T22:49:57.988Z</time>
      </trkpt>
      <trkpt lat="37.573123" lon="-122.300285">
        <ele>4.614634</ele>
        <time>2023-07-03T22:50:00.989Z</time>
      </trkpt>
      <trkpt lat="37.573169" lon="-122.300399">
        <ele>4.634136</ele>
        <time>2023-07-03T22:50:03.989Z</time>
      </trkpt>
      <trkpt lat="37.573230" lon="-122.300503">
        <ele>4.653859</ele>
        <time>2023-07-03T22:50:06.989Z</time>
      </trkpt>
      <trkpt lat="37.573286" lon="-122.300621">
        <ele>4.674826</ele>
        <time>2023-07-03T22:50:09.989Z</time>
      </trkpt>
      <trkpt lat="37.573324" lon="-122.300760">
        <ele>4.697241</ele>
        <time>2023-07-03T22:50:12.989Z</time>
      </trkpt>
      <trkpt lat="37.573358" lon="-122.300895">
        <ele>4.718836</ele>
        <time>2023-07-03T22:50:15.989Z</time>
      </trkpt>
      <trkpt lat="37.573458" lon="-122.300964">
        <ele>4.740758</ele>
        <time>2023-07-03T22:50:18.989Z</time>
      </trkpt>
      <trkpt lat="37.573576" lon="-122.300973">
        <ele>4.763496</ele>
        <time>2023-07-03T22:50:23.989Z</time>
      </trkpt>
      <trkpt lat="37.573672" lon="-122.301053">
        <ele>4.785625</ele>
        <time>2023-07-03T22:50:26.989Z</time>
      </trkpt>
      <trkpt lat="37.573704" lon="-122.301196">
        <ele>4.808277</ele>
        <time>2023-07-03T22:50:29.989Z</time>
      </trkpt>
      <trkpt lat="37.573724" lon="-122.301357">
        <ele>4.833120</ele>
        <time>2023-07-03T22:50:32.989Z</time>
      </trkpt>
      <trkpt lat="37.573740" lon="-122.301473">
        <ele>4.851070</ele>
        <time>2023-07-03T22:50:34.989Z</time>
      </trkpt>
      <trkpt lat="37.573768" lon="-122.301596">
        <ele>4.870579</ele>
        <time>2023-07-03T22:50:36.989Z</time>
      </trkpt>
      <trkpt lat="37.573795" lon="-122.301717">
        <ele>4.816715</ele>
        <time>2023-07-03T22:50:38.989Z</time>
      </trkpt>
      <trkpt lat="37.573863" lon="-122.301814">
        <ele>4.690737</ele>
        <time>2023-07-03T22:50:40.989Z</time>
      </trkpt>
      <trkpt lat="37.573978" lon="-122.301892">
        <ele>4.530482</ele>
        <time>2023-07-03T22:50:43.988Z</time>
      </trkpt>
      <trkpt lat="37.574031" lon="-122.302042">
        <ele>4.370718</ele>
        <time>2023-07-03T22:50:46.988Z</time>
      </trkpt>
      <trkpt lat="37.574053" lon="-122.302153">
        <ele>4.259411</ele>
        <time>2023-07-03T22:50:48.988Z</time>
      </trkpt>
      <trkpt lat="37.574084" lon="-122.302264">
        <ele>4.144922</ele>
        <time>2023-07-03T22:50:50.988Z</time>
      </trkpt>
      <trkpt lat="37.574132" lon="-122.302363">
        <ele>4.032023</ele>
        <time>2023-07-03T22:50:52.988Z</time>
      </trkpt>
      <trkpt lat="37.574175" lon="-122.302463">
        <ele>3.921348</ele>
        <time>2023-07-03T22:50:54.988Z</time>
      </trkpt>
      <trkpt lat="37.574236" lon="-122.302619">
        <ele>3.752126</ele>
        <time>2023-07-03T22:50:57.988Z</time>
      </trkpt>
      <trkpt lat="37.574271" lon="-122.302736">
        <ele>3.630471</ele>
        <time>2023-07-03T22:50:59.988Z</time>
      </trkpt>
      <trkpt lat="37.574300" lon="-122.302857">
        <ele>3.507497</ele>
        <time>2023-07-03T22:51:01.988Z</time>
      </trkpt>
      <trkpt lat="37.574327" lon="-122.302982">
        <ele>3.381462</ele>
        <time>2023-07-03T22:51:03.988Z</time>
      </trkpt>
      <trkpt lat="37.574342" lon="-122.303108">
        <ele>3.257514</ele>
        <time>2023-07-03T22:51:05.988Z</time>
      </trkpt>
      <trkpt lat="37.574348" lon="-122.303238">
        <ele>3.130836</ele>
        <time>2023-07-03T22:51:07.988Z</time>
      </trkpt>
      <trkpt lat="37.574365" lon="-122.303370">
        <ele>3.000742</ele>
        <time>2023-07-03T22:51:09.988Z</time>
      </trkpt>
      <trkpt lat="37.574383" lon="-122.303510">
        <ele>2.862770</ele>
        <time>2023-07-03T22:51:11.988Z</time>
      </trkpt>
      <trkpt lat="37.574425" lon="-122.303642">
        <ele>2.724399</ele>
        <time>2023-07-03T22:51:13.988Z</time>
      </trkpt>
      <trkpt lat="37.574475" lon="-122.303780">
        <ele>2.637593</ele>
        <time>2023-07-03T22:51:15.988Z</time>
      </trkpt>
      <trkpt lat="37.574524" lon="-122.303909">
        <ele>2.587143</ele>
        <time>2023-07-03T22:51:17.988Z</time>
      </trkpt>
      <trkpt lat="37.574573" lon="-122.304040">
        <ele>2.536056</ele>
        <time>2023-07-03T22:51:19.988Z</time>
      </trkpt>
      <trkpt lat="37.574613" lon="-122.304175">
        <ele>2.485226</ele>
        <time>2023-07-03T22:51:21.988Z</time>
      </trkpt>
      <trkpt lat="37.574658" lon="-122.304309">
        <ele>2.433900</ele>
        <time>2023-07-03T22:51:23.988Z</time>
      </trkpt>
      <trkpt lat="37.574691" lon="-122.304438">
        <ele>2.386094</ele>
        <time>2023-07-03T22:51:25.988Z</time>
      </trkpt>
      <trkpt lat="37.574716" lon="-122.304576">
        <ele>2.336170</ele>
        <time>2023-07-03T22:51:27.988Z</time>
      </trkpt>
      <trkpt lat="37.574731" lon="-122.304714">
        <ele>2.287045</ele>
        <time>2023-07-03T22:51:29.988Z</time>
      </trkpt>
      <trkpt lat="37.574753" lon="-122.304851">
        <ele>2.237747</ele>
        <time>2023-07-03T22:51:31.988Z</time>
      </trkpt>
      <trkpt lat="37.574770" lon="-122.304987">
        <ele>2.189190</ele>
        <time>2023-07-03T22:51:33.988Z</time>
      </trkpt>
      <trkpt lat="37.574772" lon="-122.305121">
        <ele>2.141923</ele>
        <time>2023-07-03T22:51:35.988Z</time>
      </trkpt>
      <trkpt lat="37.574773" lon="-122.305236">
        <ele>2.101363</ele>
        <time>2023-07-03T22:51:37.988Z</time>
      </trkpt>
      <trkpt lat="37.574764" lon="-122.305391">
        <ele>2.046552</ele>
        <time>2023-07-03T22:51:40.988Z</time>
      </trkpt>
      <trkpt lat="37.574777" lon="-122.305510">
        <ele>2.004187</ele>
        <time>2023-07-03T22:51:43.988Z</time>
      </trkpt>
      <trkpt lat="37.574852" lon="-122.305633">
        <ele>1.949455</ele>
        <time>2023-07-03T22:51:47.988Z</time>
      </trkpt>
      <trkpt lat="37.574935" lon="-122.305728">
        <ele>1.899589</ele>
        <time>2023-07-03T22:51:51.988Z</time>
      </trkpt>
      <trkpt lat="37.575033" lon="-122.305824">
        <ele>1.808695</ele>
        <time>2023-07-03T22:51:54.988Z</time>
      </trkpt>
      <trkpt lat="37.575103" lon="-122.305903">
        <ele>1.712528</ele>
        <time>2023-07-03T22:51:56.988Z</time>
      </trkpt>
      <trkpt lat="37.575196" lon="-122.306005">
        <ele>1.586350</ele>
        <time>2023-07-03T22:51:59.988Z</time>
      </trkpt>
      <trkpt lat="37.575295" lon="-122.306095">
        <ele>1.461405</ele>
        <time>2023-07-03T22:52:02.988Z</time>
      </trkpt>
      <trkpt lat="37.575381" lon="-122.306203">
        <ele>1.337160</ele>
        <time>2023-07-03T22:52:05.988Z</time>
      </trkpt>
      <trkpt lat="37.575471" lon="-122.306307">
        <ele>1.212194</ele>
        <time>2023-07-03T22:52:08.988Z</time>
      </trkpt>
      <trkpt lat="37.575563" lon="-122.306415">
        <ele>1.083521</ele>
        <time>2023-07-03T22:52:11.988Z</time>
      </trkpt>
      <trkpt lat="37.575633" lon="-122.306491">
        <ele>0.988960</ele>
        <time>2023-07-03T22:52:13.988Z</time>
      </trkpt>
      <trkpt lat="37.575697" lon="-122.306573">
        <ele>0.895562</ele>
        <time>2023-07-03T22:52:15.988Z</time>
      </trkpt>
      <trkpt lat="37.575765" lon="-122.306648">
        <ele>0.803080</ele>
        <time>2023-07-03T22:52:17.988Z</time>
      </trkpt>
      <trkpt lat="37.575833" lon="-122.306727">
        <ele>0.708429</ele>
        <time>2023-07-03T22:52:19.988Z</time>
      </trkpt>
      <trkpt lat="37.575899" lon="-122.306805">
        <ele>0.615832</ele>
        <time>2023-07-03T22:52:21.988Z</time>
      </trkpt>
      <trkpt lat="37.575969" lon="-122.306888">
        <ele>0.517471</ele>
        <time>2023-07-03T22:52:23.988Z</time>
      </trkpt>
      <trkpt lat="37.576039" lon="-122.306975">
        <ele>0.416860</ele>
        <time>2023-07-03T22:52:25.988Z</time>
      </trkpt>
      <trkpt lat="37.576095" lon="-122.307071">
        <ele>0.320124</ele>
        <time>2023-07-03T22:52:27.988Z</time>
      </trkpt>
      <trkpt lat="37.576161" lon="-122.307161">
        <ele>0.220616</ele>
        <time>2023-07-03T22:52:29.988Z</time>
      </trkpt>
      <trkpt lat="37.576222" lon="-122.307261">
        <ele>0.118207</ele>
        <time>2023-07-03T22:52:31.988Z</time>
      </trkpt>
      <trkpt lat="37.576288" lon="-122.307369">
        <ele>0.042447</ele>
        <time>2023-07-03T22:52:33.988Z</time>
      </trkpt>
      <trkpt lat="37.576347" lon="-122.307485">
        <ele>0.104009</ele>
        <time>2023-07-03T22:52:35.988Z</time>
      </trkpt>
      <trkpt lat="37.576409" lon="-122.307606">
        <ele>0.168364</ele>
        <time>2023-07-03T22:52:37.988Z</time>
      </trkpt>
      <trkpt lat="37.576483" lon="-122.307713">
        <ele>0.231792</ele>
        <time>2023-07-03T22:52:39.988Z</time>
      </trkpt>
      <trkpt lat="37.576558" lon="-122.307815">
        <ele>0.293936</ele>
        <time>2023-07-03T22:52:41.988Z</time>
      </trkpt>
      <trkpt lat="37.576642" lon="-122.307913">
        <ele>0.358409</ele>
        <time>2023-07-03T22:52:43.988Z</time>
      </trkpt>
      <trkpt lat="37.576726" lon="-122.307994">
        <ele>0.417990</ele>
        <time>2023-07-03T22:52:45.988Z</time>
      </trkpt>
      <trkpt lat="37.576809" lon="-122.308066">
        <ele>0.474753</ele>
        <time>2023-07-03T22:52:47.988Z</time>
      </trkpt>
      <trkpt lat="37.576888" lon="-122.308137">
        <ele>0.529413</ele>
        <time>2023-07-03T22:52:49.988Z</time>
      </trkpt>
      <trkpt lat="37.576964" lon="-122.308202">
        <ele>0.581155</ele>
        <time>2023-07-03T22:52:51.988Z</time>
      </trkpt>
      <trkpt lat="37.577053" lon="-122.308255">
        <ele>0.636617</ele>
        <time>2023-07-03T22:52:53.988Z</time>
      </trkpt>
      <trkpt lat="37.577165" lon="-122.308342">
        <ele>0.710737</ele>
        <time>2023-07-03T22:52:56.988Z</time>
      </trkpt>
      <trkpt lat="37.577269" lon="-122.308417">
        <ele>0.778244</ele>
        <time>2023-07-03T22:52:59.988Z</time>
      </trkpt>
      <trkpt lat="37.577355" lon="-122.308505">
        <ele>0.840644</ele>
        <time>2023-07-03T22:53:02.988Z</time>
      </trkpt>
      <trkpt lat="37.577432" lon="-122.308603">
        <ele>0.902279</ele>
        <time>2023-07-03T22:53:05.988Z</time>
      </trkpt>
      <trkpt lat="37.577514" lon="-122.308698">
        <ele>0.965015</ele>
        <time>2023-07-03T22:53:08.988Z</time>
      </trkpt>
      <trkpt lat="37.577584" lon="-122.308800">
        <ele>1.025278</ele>
        <time>2023-07-03T22:53:11.988Z</time>
      </trkpt>
      <trkpt lat="37.577662" lon="-122.308892">
        <ele>1.065058</ele>
        <time>2023-07-03T22:53:14.988Z</time>
      </trkpt>
      <trkpt lat="37.577756" lon="-122.308975">
        <ele>1.098143</ele>
        <time>2023-07-03T22:53:17.988Z</time>
      </trkpt>
      <trkpt lat="37.577845" lon="-122.309072">
        <ele>1.132058</ele>
        <time>2023-07-03T22:53:20.988Z</time>
      </trkpt>
      <trkpt lat="37.577939" lon="-122.309184">
        <ele>1.169341</ele>
        <time>2023-07-03T22:53:23.988Z</time>
      </trkpt>
      <trkpt lat="37.578023" lon="-122.309289">
        <ele>1.203439</ele>
        <time>2023-07-03T22:53:26.988Z</time>
      </trkpt>
      <trkpt lat="37.578119" lon="-122.309384">
        <ele>1.238621</ele>
        <time>2023-07-03T22:53:29.988Z</time>
      </trkpt>
      <trkpt lat="37.578203" lon="-122.309484">
        <ele>1.271925</ele>
        <time>2023-07-03T22:53:32.988Z</time>
      </trkpt>
      <trkpt lat="37.578283" lon="-122.309581">
        <ele>1.303920</ele>
        <time>2023-07-03T22:53:35.988Z</time>
      </trkpt>
      <trkpt lat="37.578367" lon="-122.309685">
        <ele>1.337857</ele>
        <time>2023-07-03T22:53:38.988Z</time>
      </trkpt>
      <trkpt lat="37.578453" lon="-122.309791">
        <ele>1.372526</ele>
        <time>2023-07-03T22:53:41.988Z</time>
      </trkpt>
      <trkpt lat="37.578539" lon="-122.309905">
        <ele>1.408497</ele>
        <time>2023-07-03T22:53:44.988Z</time>
      </trkpt>
      <trkpt lat="37.578630" lon="-122.310002">
        <ele>1.442850</ele>
        <time>2023-07-03T22:53:47.988Z</time>
      </trkpt>
      <trkpt lat="37.578713" lon="-122.310104">
        <ele>1.476261</ele>
        <time>2023-07-03T22:53:50.988Z</time>
      </trkpt>
      <trkpt lat="37.578801" lon="-122.310206">
        <ele>1.510720</ele>
        <time>2023-07-03T22:53:53.988Z</time>
      </trkpt>
      <trkpt lat="37.578890" lon="-122.310311">
        <ele>1.545857</ele>
        <time>2023-07-03T22:53:56.988Z</time>
      </trkpt>
      <trkpt lat="37.578983" lon="-122.310406">
        <ele>1.541323</ele>
        <time>2023-07-03T22:53:59.988Z</time>
      </trkpt>
      <trkpt lat="37.579063" lon="-122.310506">
        <ele>1.503314</ele>
        <time>2023-07-03T22:54:02.988Z</time>
      </trkpt>
      <trkpt lat="37.579147" lon="-122.310612">
        <ele>1.463215</ele>
        <time>2023-07-03T22:54:05.988Z</time>
      </trkpt>
      <trkpt lat="37.579235" lon="-122.310712">
        <ele>1.423243</ele>
        <time>2023-07-03T22:54:08.988Z</time>
      </trkpt>
      <trkpt lat="37.579324" lon="-122.310818">
        <ele>1.381934</ele>
        <time>2023-07-03T22:54:11.988Z</time>
      </trkpt>
      <trkpt lat="37.579418" lon="-122.310920">
        <ele>1.340087</ele>
        <time>2023-07-03T22:54:14.988Z</time>
      </trkpt>
      <trkpt lat="37.579506" lon="-122.311021">
        <ele>1.299935</ele>
        <time>2023-07-03T22:54:17.987Z</time>
      </trkpt>
      <trkpt lat="37.579599" lon="-122.311127">
        <ele>1.257634</ele>
        <time>2023-07-03T22:54:20.987Z</time>
      </trkpt>
      <trkpt lat="37.579691" lon="-122.311239">
        <ele>1.214485</ele>
        <time>2023-07-03T22:54:23.987Z</time>
      </trkpt>
      <trkpt lat="37.579788" lon="-122.311348">
        <ele>1.170643</ele>
        <time>2023-07-03T22:54:26.987Z</time>
      </trkpt>
      <trkpt lat="37.579891" lon="-122.311453">
        <ele>1.125949</ele>
        <time>2023-07-03T22:54:29.987Z</time>
      </trkpt>
      <trkpt lat="37.579985" lon="-122.311565">
        <ele>1.082311</ele>
        <time>2023-07-03T22:54:32.987Z</time>
      </trkpt>
      <trkpt lat="37.580081" lon="-122.311672">
        <ele>1.039077</ele>
        <time>2023-07-03T22:54:35.987Z</time>
      </trkpt>
      <trkpt lat="37.580173" lon="-122.311786">
        <ele>0.995555</ele>
        <time>2023-07-03T22:54:38.987Z</time>
      </trkpt>
      <trkpt lat="37.580268" lon="-122.311899">
        <ele>0.954745</ele>
        <time>2023-07-03T22:54:41.987Z</time>
      </trkpt>
      <trkpt lat="37.580365" lon="-122.312003">
        <ele>0.948743</ele>
        <time>2023-07-03T22:54:44.987Z</time>
      </trkpt>
      <trkpt lat="37.580460" lon="-122.312113">
        <ele>0.942662</ele>
        <time>2023-07-03T22:54:47.987Z</time>
      </trkpt>
      <trkpt lat="37.580551" lon="-122.312223">
        <ele>0.936719</ele>
        <time>2023-07-03T22:54:50.987Z</time>
      </trkpt>
      <trkpt lat="37.580617" lon="-122.312305">
        <ele>0.932352</ele>
        <time>2023-07-03T22:54:52.987Z</time>
      </trkpt>
      <trkpt lat="37.580713" lon="-122.312419">
        <ele>0.926135</ele>
        <time>2023-07-03T22:54:55.987Z</time>
      </trkpt>
      <trkpt lat="37.580812" lon="-122.312530">
        <ele>0.919889</ele>
        <time>2023-07-03T22:54:58.987Z</time>
      </trkpt>
      <trkpt lat="37.580909" lon="-122.312642">
        <ele>0.913689</ele>
        <time>2023-07-03T22:55:01.987Z</time>
      </trkpt>
      <trkpt lat="37.581004" lon="-122.312754">
        <ele>0.907558</ele>
        <time>2023-07-03T22:55:04.987Z</time>
      </trkpt>
      <trkpt lat="37.581094" lon="-122.312867">
        <ele>0.901570</ele>
        <time>2023-07-03T22:55:07.987Z</time>
      </trkpt>
      <trkpt lat="37.581189" lon="-122.312980">
        <ele>0.895413</ele>
        <time>2023-07-03T22:55:10.987Z</time>
      </trkpt>
      <trkpt lat="37.581288" lon="-122.313091">
        <ele>0.889168</ele>
        <time>2023-07-03T22:55:13.987Z</time>
      </trkpt>
      <trkpt lat="37.581380" lon="-122.313206">
        <ele>0.883061</ele>
        <time>2023-07-03T22:55:16.987Z</time>
      </trkpt>
      <trkpt lat="37.581473" lon="-122.313321">
        <ele>0.876921</ele>
        <time>2023-07-03T22:55:19.987Z</time>
      </trkpt>
      <trkpt lat="37.581575" lon="-122.313428">
        <ele>0.870665</ele>
        <time>2023-07-03T22:55:22.987Z</time>
      </trkpt>
      <trkpt lat="37.581670" lon="-122.313539">
        <ele>0.859147</ele>
        <time>2023-07-03T22:55:25.987Z</time>
      </trkpt>
      <trkpt lat="37.581754" lon="-122.313665">
        <ele>0.847342</ele>
        <time>2023-07-03T22:55:28.987Z</time>
      </trkpt>
      <trkpt lat="37.581852" lon="-122.313772">
        <ele>0.835618</ele>
        <time>2023-07-03T22:55:31.987Z</time>
      </trkpt>
      <trkpt lat="37.581954" lon="-122.313872">
        <ele>0.823932</ele>
        <time>2023-07-03T22:55:34.987Z</time>
      </trkpt>
      <trkpt lat="37.582033" lon="-122.313941">
        <ele>0.815240</ele>
        <time>2023-07-03T22:55:36.987Z</time>
      </trkpt>
      <trkpt lat="37.582095" lon="-122.314029">
        <ele>0.806798</ele>
        <time>2023-07-03T22:55:38.987Z</time>
      </trkpt>
      <trkpt lat="37.582158" lon="-122.314120">
        <ele>0.798135</ele>
        <time>2023-07-03T22:55:40.987Z</time>
      </trkpt>
      <trkpt lat="37.582218" lon="-122.314207">
        <ele>0.789866</ele>
        <time>2023-07-03T22:55:42.986Z</time>
      </trkpt>
      <trkpt lat="37.582285" lon="-122.314297">
        <ele>0.781013</ele>
        <time>2023-07-03T22:55:44.986Z</time>
      </trkpt>
      <trkpt lat="37.582349" lon="-122.314384">
        <ele>0.772502</ele>
        <time>2023-07-03T22:55:46.986Z</time>
      </trkpt>
      <trkpt lat="37.582416" lon="-122.314466">
        <ele>0.764058</ele>
        <time>2023-07-03T22:55:48.986Z</time>
      </trkpt>
      <trkpt lat="37.582481" lon="-122.314547">
        <ele>0.755793</ele>
        <time>2023-07-03T22:55:50.986Z</time>
      </trkpt>
      <trkpt lat="37.582546" lon="-122.314634">
        <ele>0.747221</ele>
        <time>2023-07-03T22:55:52.986Z</time>
      </trkpt>
      <trkpt lat="37.582612" lon="-122.314720">
        <ele>0.738638</ele>
        <time>2023-07-03T22:55:54.986Z</time>
      </trkpt>
      <trkpt lat="37.582679" lon="-122.314802">
        <ele>0.730194</ele>
        <time>2023-07-03T22:55:56.986Z</time>
      </trkpt>
      <trkpt lat="37.582748" lon="-122.314881">
        <ele>0.721765</ele>
        <time>2023-07-03T22:55:58.986Z</time>
      </trkpt>
      <trkpt lat="37.582816" lon="-122.314964">
        <ele>0.713206</ele>
        <time>2023-07-03T22:56:00.986Z</time>
      </trkpt>
      <trkpt lat="37.582884" lon="-122.315050">
        <ele>0.709838</ele>
        <time>2023-07-03T22:56:02.986Z</time>
      </trkpt>
      <trkpt lat="37.582961" lon="-122.315129">
        <ele>0.715688</ele>
        <time>2023-07-03T22:56:04.986Z</time>
      </trkpt>
      <trkpt lat="37.583035" lon="-122.315206">
        <ele>0.721342</ele>
        <time>2023-07-03T22:56:06.986Z</time>
      </trkpt>
      <trkpt lat="37.583110" lon="-122.315279">
        <ele>0.726926</ele>
        <time>2023-07-03T22:56:08.986Z</time>
      </trkpt>
      <trkpt lat="37.583185" lon="-122.315348">
        <ele>0.732398</ele>
        <time>2023-07-03T22:56:10.987Z</time>
      </trkpt>
      <trkpt lat="37.583257" lon="-122.315420">
        <ele>0.737814</ele>
        <time>2023-07-03T22:56:12.987Z</time>
      </trkpt>
      <trkpt lat="37.583334" lon="-122.315487">
        <ele>0.743327</ele>
        <time>2023-07-03T22:56:14.987Z</time>
      </trkpt>
      <trkpt lat="37.583413" lon="-122.315561">
        <ele>0.749128</ele>
        <time>2023-07-03T22:56:16.987Z</time>
      </trkpt>
      <trkpt lat="37.583492" lon="-122.315636">
        <ele>0.754956</ele>
        <time>2023-07-03T22:56:18.987Z</time>
      </trkpt>
      <trkpt lat="37.583568" lon="-122.315713">
        <ele>0.760701</ele>
        <time>2023-07-03T22:56:20.987Z</time>
      </trkpt>
      <trkpt lat="37.583640" lon="-122.315793">
        <ele>0.766357</ele>
        <time>2023-07-03T22:56:22.987Z</time>
      </trkpt>
      <trkpt lat="37.583717" lon="-122.315865">
        <ele>0.772006</ele>
        <time>2023-07-03T22:56:24.987Z</time>
      </trkpt>
      <trkpt lat="37.583775" lon="-122.315961">
        <ele>0.777646</ele>
        <time>2023-07-03T22:56:26.987Z</time>
      </trkpt>
      <trkpt lat="37.583840" lon="-122.316050">
        <ele>0.783300</ele>
        <time>2023-07-03T22:56:28.987Z</time>
      </trkpt>
      <trkpt lat="37.583898" lon="-122.316145">
        <ele>0.788902</ele>
        <time>2023-07-03T22:56:30.987Z</time>
      </trkpt>
      <trkpt lat="37.583959" lon="-122.316238">
        <ele>0.794542</ele>
        <time>2023-07-03T22:56:32.987Z</time>
      </trkpt>
      <trkpt lat="37.584028" lon="-122.316322">
        <ele>0.800194</ele>
        <time>2023-07-03T22:56:34.987Z</time>
      </trkpt>
      <trkpt lat="37.584098" lon="-122.316407">
        <ele>0.805921</ele>
        <time>2023-07-03T22:56:36.987Z</time>
      </trkpt>
      <trkpt lat="37.584170" lon="-122.316489">
        <ele>0.811639</ele>
        <time>2023-07-03T22:56:38.987Z</time>
      </trkpt>
      <trkpt lat="37.584250" lon="-122.316558">
        <ele>0.830658</ele>
        <time>2023-07-03T22:56:40.987Z</time>
      </trkpt>
      <trkpt lat="37.584334" lon="-122.316628">
        <ele>0.858597</ele>
        <time>2023-07-03T22:56:42.987Z</time>
      </trkpt>
      <trkpt lat="37.584427" lon="-122.316694">
        <ele>0.888211</ele>
        <time>2023-07-03T22:56:44.987Z</time>
      </trkpt>
      <trkpt lat="37.584520" lon="-122.316758">
        <ele>0.917612</ele>
        <time>2023-07-03T22:56:46.987Z</time>
      </trkpt>
      <trkpt lat="37.584607" lon="-122.316826">
        <ele>0.946016</ele>
        <time>2023-07-03T22:56:48.987Z</time>
      </trkpt>
      <trkpt lat="37.584692" lon="-122.316887">
        <ele>0.973156</ele>
        <time>2023-07-03T22:56:50.987Z</time>
      </trkpt>
      <trkpt lat="37.584768" lon="-122.316958">
        <ele>0.999402</ele>
        <time>2023-07-03T22:56:52.987Z</time>
      </trkpt>
      <trkpt lat="37.584845" lon="-122.317027">
        <ele>1.025614</ele>
        <time>2023-07-03T22:56:54.987Z</time>
      </trkpt>
      <trkpt lat="37.584918" lon="-122.317105">
        <ele>1.052163</ele>
        <time>2023-07-03T22:56:56.987Z</time>
      </trkpt>
      <trkpt lat="37.584989" lon="-122.317180">
        <ele>1.077862</ele>
        <time>2023-07-03T22:56:58.986Z</time>
      </trkpt>
      <trkpt lat="37.585054" lon="-122.317271">
        <ele>1.104808</ele>
        <time>2023-07-03T22:57:00.986Z</time>
      </trkpt>
      <trkpt lat="37.585123" lon="-122.317356">
        <ele>1.131571</ele>
        <time>2023-07-03T22:57:02.986Z</time>
      </trkpt>
      <trkpt lat="37.585209" lon="-122.317407">
        <ele>1.157945</ele>
        <time>2023-07-03T22:57:04.986Z</time>
      </trkpt>
      <trkpt lat="37.585310" lon="-122.317432">
        <ele>1.186512</ele>
        <time>2023-07-03T22:57:06.986Z</time>
      </trkpt>
      <trkpt lat="37.585410" lon="-122.317431">
        <ele>1.214268</ele>
        <time>2023-07-03T22:57:08.986Z</time>
      </trkpt>
      <trkpt lat="37.585502" lon="-122.317412">
        <ele>1.240143</ele>
        <time>2023-07-03T22:57:10.986Z</time>
      </trkpt>
      <trkpt lat="37.585598" lon="-122.317395">
        <ele>1.267049</ele>
        <time>2023-07-03T22:57:12.986Z</time>
      </trkpt>
      <trkpt lat="37.585697" lon="-122.317410">
        <ele>1.294724</ele>
        <time>2023-07-03T22:57:14.986Z</time>
      </trkpt>
      <trkpt lat="37.585790" lon="-122.317421">
        <ele>1.340299</ele>
        <time>2023-07-03T22:57:16.986Z</time>
      </trkpt>
      <trkpt lat="37.585883" lon="-122.317448">
        <ele>1.434651</ele>
        <time>2023-07-03T22:57:18.986Z</time>
      </trkpt>
      <trkpt lat="37.585969" lon="-122.317496">
        <ele>1.527625</ele>
        <time>2023-07-03T22:57:20.986Z</time>
      </trkpt>
      <trkpt lat="37.586051" lon="-122.317551">
        <ele>1.619440</ele>
        <time>2023-07-03T22:57:22.986Z</time>
      </trkpt>
      <trkpt lat="37.586159" lon="-122.317652">
        <ele>1.752346</ele>
        <time>2023-07-03T22:57:25.986Z</time>
      </trkpt>
      <trkpt lat="37.586243" lon="-122.317715">
        <ele>1.848959</ele>
        <time>2023-07-03T22:57:27.986Z</time>
      </trkpt>
      <trkpt lat="37.586360" lon="-122.317790">
        <ele>1.978707</ele>
        <time>2023-07-03T22:57:30.986Z</time>
      </trkpt>
      <trkpt lat="37.586475" lon="-122.317824">
        <ele>2.095487</ele>
        <time>2023-07-03T22:57:33.986Z</time>
      </trkpt>
      <trkpt lat="37.586589" lon="-122.317846">
        <ele>2.209510</ele>
        <time>2023-07-03T22:57:36.986Z</time>
      </trkpt>
      <trkpt lat="37.586657" lon="-122.317973">
        <ele>2.329597</ele>
        <time>2023-07-03T22:57:39.986Z</time>
      </trkpt>
      <trkpt lat="37.586770" lon="-122.318053">
        <ele>2.457703</ele>
        <time>2023-07-03T22:57:42.986Z</time>
      </trkpt>
      <trkpt lat="37.586865" lon="-122.318137">
        <ele>2.572392</ele>
        <time>2023-07-03T22:57:45.986Z</time>
      </trkpt>
      <trkpt lat="37.586959" lon="-122.318199">
        <ele>2.677259</ele>
        <time>2023-07-03T22:57:49.986Z</time>
      </trkpt>
      <trkpt lat="37.587184" lon="-122.318204">
        <ele>2.899754</ele>
        <time>2023-07-03T22:58:54.986Z</time>
      </trkpt>
      <trkpt lat="37.587283" lon="-122.318201">
        <ele>2.997664</ele>
        <time>2023-07-03T22:58:57.986Z</time>
      </trkpt>
      <trkpt lat="37.587383" lon="-122.318214">
        <ele>3.093711</ele>
        <time>2023-07-03T22:59:00.986Z</time>
      </trkpt>
      <trkpt lat="37.587481" lon="-122.318217">
        <ele>3.134132</ele>
        <time>2023-07-03T22:59:03.986Z</time>
      </trkpt>
      <trkpt lat="37.587593" lon="-122.318221">
        <ele>3.180333</ele>
        <time>2023-07-03T22:59:06.986Z</time>
      </trkpt>
      <trkpt lat="37.587711" lon="-122.318211">
        <ele>3.229099</ele>
        <time>2023-07-03T22:59:09.986Z</time>
      </trkpt>
      <trkpt lat="37.587823" lon="-122.318206">
        <ele>3.275310</ele>
        <time>2023-07-03T22:59:12.986Z</time>
      </trkpt>
      <trkpt lat="37.587952" lon="-122.318220">
        <ele>3.328698</ele>
        <time>2023-07-03T22:59:15.986Z</time>
      </trkpt>
      <trkpt lat="37.588069" lon="-122.318235">
        <ele>3.377191</ele>
        <time>2023-07-03T22:59:18.986Z</time>
      </trkpt>
      <trkpt lat="37.588191" lon="-122.318228">
        <ele>3.427549</ele>
        <time>2023-07-03T22:59:21.986Z</time>
      </trkpt>
      <trkpt lat="37.588317" lon="-122.318222">
        <ele>3.479541</ele>
        <time>2023-07-03T22:59:24.986Z</time>
      </trkpt>
      <trkpt lat="37.588439" lon="-122.318210">
        <ele>3.529999</ele>
        <time>2023-07-03T22:59:27.986Z</time>
      </trkpt>
      <trkpt lat="37.588557" lon="-122.318245">
        <ele>3.579981</ele>
        <time>2023-07-03T22:59:30.986Z</time>
      </trkpt>
      <trkpt lat="37.588684" lon="-122.318234">
        <ele>3.632472</ele>
        <time>2023-07-03T22:59:33.986Z</time>
      </trkpt>
      <trkpt lat="37.588810" lon="-122.318223">
        <ele>3.684551</ele>
        <time>2023-07-03T22:59:36.986Z</time>
      </trkpt>
      <trkpt lat="37.588911" lon="-122.318242">
        <ele>3.726658</ele>
        <time>2023-07-03T22:59:39.986Z</time>
      </trkpt>
      <trkpt lat="37.589005" lon="-122.318248">
        <ele>3.765468</ele>
        <time>2023-07-03T22:59:42.986Z</time>
      </trkpt>
      <trkpt lat="37.589099" lon="-122.318257">
        <ele>3.804339</ele>
        <time>2023-07-03T22:59:45.986Z</time>
      </trkpt>
      <trkpt lat="37.589203" lon="-122.318275">
        <ele>3.908755</ele>
        <time>2023-07-03T22:59:48.986Z</time>
      </trkpt>
      <trkpt lat="37.589297" lon="-122.318278">
        <ele>4.109292</ele>
        <time>2023-07-03T22:59:51.986Z</time>
      </trkpt>
      <trkpt lat="37.589395" lon="-122.318246">
        <ele>4.325179</ele>
        <time>2023-07-03T22:59:54.986Z</time>
      </trkpt>
      <trkpt lat="37.589484" lon="-122.318229">
        <ele>4.517151</ele>
        <time>2023-07-03T22:59:57.986Z</time>
      </trkpt>
      <trkpt lat="37.589607" lon="-122.318217">
        <ele>4.780255</ele>
        <time>2023-07-03T23:00:01.986Z</time>
      </trkpt>
      <trkpt lat="37.589694" lon="-122.318257">
        <ele>4.977730</ele>
        <time>2023-07-03T23:00:04.986Z</time>
      </trkpt>
      <trkpt lat="37.589664" lon="-122.318384">
        <ele>5.201687</ele>
        <time>2023-07-03T23:00:18.986Z</time>
      </trkpt>
      <trkpt lat="37.589560" lon="-122.318412">
        <ele>5.428479</ele>
        <time>2023-07-03T23:00:22.131Z</time>
      </trkpt>
      <trkpt lat="37.589450" lon="-122.318433">
        <ele>5.665744</ele>
        <time>2023-07-03T23:00:24.986Z</time>
      </trkpt>
      <trkpt lat="37.589335" lon="-122.318458">
        <ele>5.914617</ele>
        <time>2023-07-03T23:00:27.987Z</time>
      </trkpt>
      <trkpt lat="37.589223" lon="-122.318491">
        <ele>6.159902</ele>
        <time>2023-07-03T23:00:30.986Z</time>
      </trkpt>
      <trkpt lat="37.589135" lon="-122.318545">
        <ele>6.368591</ele>
        <time>2023-07-03T23:00:33.986Z</time>
      </trkpt>
      <trkpt lat="37.589137" lon="-122.318659">
        <ele>6.561293</ele>
        <time>2023-07-03T23:00:37.987Z</time>
      </trkpt>
      <trkpt lat="37.589183" lon="-122.318772">
        <ele>6.775984</ele>
        <time>2023-07-03T23:00:43.987Z</time>
      </trkpt>
      <trkpt lat="37.589272" lon="-122.318831">
        <ele>6.990389</ele>
        <time>2023-07-03T23:00:47.987Z</time>
      </trkpt>
      <trkpt lat="37.589366" lon="-122.318883">
        <ele>7.209277</ele>
        <time>2023-07-03T23:00:51.987Z</time>
      </trkpt>
      <trkpt lat="37.589464" lon="-122.318923">
        <ele>7.428941</ele>
        <time>2023-07-03T23:00:55.987Z</time>
      </trkpt>
      <trkpt lat="37.589576" lon="-122.318927">
        <ele>7.667899</ele>
        <time>2023-07-03T23:01:01.987Z</time>
      </trkpt>
      <trkpt lat="37.589669" lon="-122.318939">
        <ele>7.705023</ele>
        <time>2023-07-03T23:01:06.987Z</time>
      </trkpt>
      <trkpt lat="37.589758" lon="-122.318989">
        <ele>7.742830</ele>
        <time>2023-07-03T23:01:11.986Z</time>
      </trkpt>
      <trkpt lat="37.589800" lon="-122.319101">
        <ele>7.780934</ele>
        <time>2023-07-03T23:01:17.986Z</time>
      </trkpt>
      <trkpt lat="37.589794" lon="-122.319233">
        <ele>7.821592</ele>
        <time>2023-07-03T23:01:24.986Z</time>
      </trkpt>
      <trkpt lat="37.589714" lon="-122.319331">
        <ele>7.864860</ele>
        <time>2023-07-03T23:01:31.986Z</time>
      </trkpt>
      <trkpt lat="37.589626" lon="-122.319419">
        <ele>7.908433</ele>
        <time>2023-07-03T23:01:34.986Z</time>
      </trkpt>
      <trkpt lat="37.589524" lon="-122.319493">
        <ele>7.954092</ele>
        <time>2023-07-03T23:01:37.986Z</time>
      </trkpt>
      <trkpt lat="37.589423" lon="-122.319534">
        <ele>7.995267</ele>
        <time>2023-07-03T23:01:39.986Z</time>
      </trkpt>
      <trkpt lat="37.589300" lon="-122.319538">
        <ele>8.043016</ele>
        <time>2023-07-03T23:01:41.986Z</time>
      </trkpt>
      <trkpt lat="37.589183" lon="-122.319537">
        <ele>8.088423</ele>
        <time>2023-07-03T23:01:43.986Z</time>
      </trkpt>
      <trkpt lat="37.589085" lon="-122.319554">
        <ele>8.126813</ele>
        <time>2023-07-03T23:01:45.986Z</time>
      </trkpt>
      <trkpt lat="37.588983" lon="-122.319578">
        <ele>8.167079</ele>
        <time>2023-07-03T23:01:47.986Z</time>
      </trkpt>
      <trkpt lat="37.588886" lon="-122.319634">
        <ele>8.208475</ele>
        <time>2023-07-03T23:01:49.986Z</time>
      </trkpt>
      <trkpt lat="37.588792" lon="-122.319694">
        <ele>8.249355</ele>
        <time>2023-07-03T23:01:51.986Z</time>
      </trkpt>
      <trkpt lat="37.588702" lon="-122.319775">
        <ele>8.292255</ele>
        <time>2023-07-03T23:01:53.986Z</time>
      </trkpt>
      <trkpt lat="37.588630" lon="-122.319858">
        <ele>8.330100</ele>
        <time>2023-07-03T23:01:55.986Z</time>
      </trkpt>
      <trkpt lat="37.588564" lon="-122.319962">
        <ele>8.365008</ele>
        <time>2023-07-03T23:01:58.986Z</time>
      </trkpt>
      <trkpt lat="37.588600" lon="-122.320079">
        <ele>8.346818</ele>
        <time>2023-07-03T23:02:01.986Z</time>
      </trkpt>
      <trkpt lat="37.588675" lon="-122.320145">
        <ele>8.330095</ele>
        <time>2023-07-03T23:02:04.986Z</time>
      </trkpt>
      <trkpt lat="37.588753" lon="-122.320226">
        <ele>8.311620</ele>
        <time>2023-07-03T23:02:07.986Z</time>
      </trkpt>
      <trkpt lat="37.588831" lon="-122.320306">
        <ele>8.293237</ele>
        <time>2023-07-03T23:02:10.986Z</time>
      </trkpt>
      <trkpt lat="37.588752" lon="-122.320431">
        <ele>8.270065</ele>
        <time>2023-07-03T23:02:13.986Z</time>
      </trkpt>
      <trkpt lat="37.588644" lon="-122.320493">
        <ele>8.248365</ele>
        <time>2023-07-03T23:02:15.986Z</time>
      </trkpt>
      <trkpt lat="37.588556" lon="-122.320562">
        <ele>8.229417</ele>
        <time>2023-07-03T23:02:17.986Z</time>
      </trkpt>
      <trkpt lat="37.588499" lon="-122.320661">
        <ele>8.211682</ele>
        <time>2023-07-03T23:02:20.986Z</time>
      </trkpt>
      <trkpt lat="37.588569" lon="-122.320763">
        <ele>8.192126</ele>
        <time>2023-07-03T23:02:24.986Z</time>
      </trkpt>
      <trkpt lat="37.588575" lon="-122.320887">
        <ele>8.174122</ele>
        <time>2023-07-03T23:02:27.986Z</time>
      </trkpt>
      <trkpt lat="37.588572" lon="-122.321023">
        <ele>8.154404</ele>
        <time>2023-07-03T23:02:30.986Z</time>
      </trkpt>
      <trkpt lat="37.588563" lon="-122.321166">
        <ele>8.133614</ele>
        <time>2023-07-03T23:02:33.986Z</time>
      </trkpt>
      <trkpt lat="37.588540" lon="-122.321315">
        <ele>8.111614</ele>
        <time>2023-07-03T23:02:36.986Z</time>
      </trkpt>
      <trkpt lat="37.588511" lon="-122.321462">
        <ele>8.089660</ele>
        <time>2023-07-03T23:02:39.986Z</time>
      </trkpt>
      <trkpt lat="37.588485" lon="-122.321617">
        <ele>8.066698</ele>
        <time>2023-07-03T23:02:42.986Z</time>
      </trkpt>
      <trkpt lat="37.588465" lon="-122.321777">
        <ele>8.043223</ele>
        <time>2023-07-03T23:02:45.986Z</time>
      </trkpt>
      <trkpt lat="37.588454" lon="-122.321935">
        <ele>7.890101</ele>
        <time>2023-07-03T23:02:48.986Z</time>
      </trkpt>
      <trkpt lat="37.588446" lon="-122.322077">
        <ele>7.718246</ele>
        <time>2023-07-03T23:02:51.986Z</time>
      </trkpt>
      <trkpt lat="37.588412" lon="-122.322223">
        <ele>7.534542</ele>
        <time>2023-07-03T23:02:54.986Z</time>
      </trkpt>
      <trkpt lat="37.588366" lon="-122.322370">
        <ele>7.343748</ele>
        <time>2023-07-03T23:02:57.986Z</time>
      </trkpt>
      <trkpt lat="37.588291" lon="-122.322510">
        <ele>7.139741</ele>
        <time>2023-07-03T23:03:00.986Z</time>
      </trkpt>
      <trkpt lat="37.588204" lon="-122.322636">
        <ele>6.937990</ele>
        <time>2023-07-03T23:03:03.986Z</time>
      </trkpt>
      <trkpt lat="37.588132" lon="-122.322706">
        <ele>6.799526</ele>
        <time>2023-07-03T23:03:05.986Z</time>
      </trkpt>
      <trkpt lat="37.588060" lon="-122.322795">
        <ele>6.645984</ele>
        <time>2023-07-03T23:03:07.986Z</time>
      </trkpt>
      <trkpt lat="37.587992" lon="-122.322893">
        <ele>6.488732</ele>
        <time>2023-07-03T23:03:09.985Z</time>
      </trkpt>
      <trkpt lat="37.587917" lon="-122.322991">
        <ele>6.324260</ele>
        <time>2023-07-03T23:03:11.985Z</time>
      </trkpt>
      <trkpt lat="37.587859" lon="-122.323109">
        <ele>6.156630</ele>
        <time>2023-07-03T23:03:13.985Z</time>
      </trkpt>
      <trkpt lat="37.587830" lon="-122.323237">
        <ele>5.995916</ele>
        <time>2023-07-03T23:03:15.985Z</time>
      </trkpt>
      <trkpt lat="37.587817" lon="-122.323365">
        <ele>5.840130</ele>
        <time>2023-07-03T23:03:17.985Z</time>
      </trkpt>
      <trkpt lat="37.587814" lon="-122.323515">
        <ele>5.658991</ele>
        <time>2023-07-03T23:03:20.985Z</time>
      </trkpt>
      <trkpt lat="37.587819" lon="-122.323679">
        <ele>5.460862</ele>
        <time>2023-07-03T23:03:23.985Z</time>
      </trkpt>
      <trkpt lat="37.587821" lon="-122.323799">
        <ele>5.315965</ele>
        <time>2023-07-03T23:03:25.985Z</time>
      </trkpt>
      <trkpt lat="37.587810" lon="-122.323945">
        <ele>5.219614</ele>
        <time>2023-07-03T23:03:27.985Z</time>
      </trkpt>
      <trkpt lat="37.587796" lon="-122.324092">
        <ele>5.131624</ele>
        <time>2023-07-03T23:03:29.985Z</time>
      </trkpt>
      <trkpt lat="37.587799" lon="-122.324241">
        <ele>5.043046</ele>
        <time>2023-07-03T23:03:31.985Z</time>
      </trkpt>
      <trkpt lat="37.587799" lon="-122.324396">
        <ele>4.950931</ele>
        <time>2023-07-03T23:03:33.985Z</time>
      </trkpt>
      <trkpt lat="37.587798" lon="-122.324542">
        <ele>4.864162</ele>
        <time>2023-07-03T23:03:35.985Z</time>
      </trkpt>
      <trkpt lat="37.587791" lon="-122.324672">
        <ele>4.786726</ele>
        <time>2023-07-03T23:03:37.985Z</time>
      </trkpt>
      <trkpt lat="37.587795" lon="-122.324801">
        <ele>4.710004</ele>
        <time>2023-07-03T23:03:39.985Z</time>
      </trkpt>
      <trkpt lat="37.587794" lon="-122.324916">
        <ele>4.641656</ele>
        <time>2023-07-03T23:03:41.985Z</time>
      </trkpt>
      <trkpt lat="37.587747" lon="-122.325028">
        <ele>4.566338</ele>
        <time>2023-07-03T23:03:45.985Z</time>
      </trkpt>
      <trkpt lat="37.587727" lon="-122.325140">
        <ele>4.498109</ele>
        <time>2023-07-03T23:03:48.985Z</time>
      </trkpt>
      <trkpt lat="37.587726" lon="-122.325270">
        <ele>4.420847</ele>
        <time>2023-07-03T23:03:51.985Z</time>
      </trkpt>
      <trkpt lat="37.587662" lon="-122.325394">
        <ele>4.332902</ele>
        <time>2023-07-03T23:03:54.985Z</time>
      </trkpt>
      <trkpt lat="37.587592" lon="-122.325520">
        <ele>4.241452</ele>
        <time>2023-07-03T23:03:57.985Z</time>
      </trkpt>
      <trkpt lat="37.587520" lon="-122.325637">
        <ele>4.153415</ele>
        <time>2023-07-03T23:04:00.985Z</time>
      </trkpt>
      <trkpt lat="37.587438" lon="-122.325712">
        <ele>4.077464</ele>
        <time>2023-07-03T23:04:03.985Z</time>
      </trkpt>
      <trkpt lat="37.587347" lon="-122.325787">
        <ele>3.995951</ele>
        <time>2023-07-03T23:04:06.985Z</time>
      </trkpt>
      <trkpt lat="37.587244" lon="-122.325852">
        <ele>3.931692</ele>
        <time>2023-07-03T23:04:09.985Z</time>
      </trkpt>
      <trkpt lat="37.587157" lon="-122.325890">
        <ele>3.901443</ele>
        <time>2023-07-03T23:04:11.985Z</time>
      </trkpt>
      <trkpt lat="37.587041" lon="-122.325939">
        <ele>3.861252</ele>
        <time>2023-07-03T23:04:14.985Z</time>
      </trkpt>
      <trkpt lat="37.586981" lon="-122.326044">
        <ele>3.827548</ele>
        <time>2023-07-03T23:04:17.985Z</time>
      </trkpt>
      <trkpt lat="37.587003" lon="-122.326156">
        <ele>3.797505</ele>
        <time>2023-07-03T23:04:19.985Z</time>
      </trkpt>
      <trkpt lat="37.586958" lon="-122.326271">
        <ele>3.764112</ele>
        <time>2023-07-03T23:04:21.985Z</time>
      </trkpt>
      <trkpt lat="37.586881" lon="-122.326358">
        <ele>3.730154</ele>
        <time>2023-07-03T23:04:23.985Z</time>
      </trkpt>
      <trkpt lat="37.586789" lon="-122.326417">
        <ele>3.696247</ele>
        <time>2023-07-03T23:04:25.985Z</time>
      </trkpt>
      <trkpt lat="37.586690" lon="-122.326445">
        <ele>3.662913</ele>
        <time>2023-07-03T23:04:27.985Z</time>
      </trkpt>
      <trkpt lat="37.586591" lon="-122.326484">
        <ele>3.628837</ele>
        <time>2023-07-03T23:04:29.985Z</time>
      </trkpt>
      <trkpt lat="37.586502" lon="-122.326536">
        <ele>3.596613</ele>
        <time>2023-07-03T23:04:31.985Z</time>
      </trkpt>
      <trkpt lat="37.586430" lon="-122.326624">
        <ele>3.563680</ele>
        <time>2023-07-03T23:04:33.985Z</time>
      </trkpt>
      <trkpt lat="37.586382" lon="-122.326734">
        <ele>3.530985</ele>
        <time>2023-07-03T23:04:35.985Z</time>
      </trkpt>
      <trkpt lat="37.586352" lon="-122.326854">
        <ele>3.498224</ele>
        <time>2023-07-03T23:04:37.986Z</time>
      </trkpt>
      <trkpt lat="37.586331" lon="-122.327019">
        <ele>3.454713</ele>
        <time>2023-07-03T23:04:40.985Z</time>
      </trkpt>
      <trkpt lat="37.586298" lon="-122.327163">
        <ele>3.415685</ele>
        <time>2023-07-03T23:04:43.985Z</time>
      </trkpt>
      <trkpt lat="37.586278" lon="-122.327295">
        <ele>3.380694</ele>
        <time>2023-07-03T23:04:45.985Z</time>
      </trkpt>
      <trkpt lat="37.586250" lon="-122.327432">
        <ele>3.354566</ele>
        <time>2023-07-03T23:04:47.986Z</time>
      </trkpt>
      <trkpt lat="37.586223" lon="-122.327576">
        <ele>3.345280</ele>
        <time>2023-07-03T23:04:49.985Z</time>
      </trkpt>
      <trkpt lat="37.586203" lon="-122.327717">
        <ele>3.336291</ele>
        <time>2023-07-03T23:04:51.985Z</time>
      </trkpt>
      <trkpt lat="37.586210" lon="-122.327867">
        <ele>3.326861</ele>
        <time>2023-07-03T23:04:53.985Z</time>
      </trkpt>
      <trkpt lat="37.586218" lon="-122.328008">
        <ele>3.317990</ele>
        <time>2023-07-03T23:04:55.985Z</time>
      </trkpt>
      <trkpt lat="37.586241" lon="-122.328143">
        <ele>3.309324</ele>
        <time>2023-07-03T23:04:57.985Z</time>
      </trkpt>
      <trkpt lat="37.586281" lon="-122.328266">
        <ele>3.300981</ele>
        <time>2023-07-03T23:04:59.985Z</time>
      </trkpt>
      <trkpt lat="37.586328" lon="-122.328382">
        <ele>3.292805</ele>
        <time>2023-07-03T23:05:01.985Z</time>
      </trkpt>
      <trkpt lat="37.586379" lon="-122.328499">
        <ele>3.284425</ele>
        <time>2023-07-03T23:05:03.985Z</time>
      </trkpt>
      <trkpt lat="37.586417" lon="-122.328629">
        <ele>3.275730</ele>
        <time>2023-07-03T23:05:05.985Z</time>
      </trkpt>
      <trkpt lat="37.586441" lon="-122.328755">
        <ele>3.267597</ele>
        <time>2023-07-03T23:05:07.985Z</time>
      </trkpt>
      <trkpt lat="37.586461" lon="-122.328889">
        <ele>3.259040</ele>
        <time>2023-07-03T23:05:09.985Z</time>
      </trkpt>
      <trkpt lat="37.586497" lon="-122.329022">
        <ele>3.250220</ele>
        <time>2023-07-03T23:05:11.985Z</time>
      </trkpt>
      <trkpt lat="37.586542" lon="-122.329150">
        <ele>3.241433</ele>
        <time>2023-07-03T23:05:13.985Z</time>
      </trkpt>
      <trkpt lat="37.586595" lon="-122.329267">
        <ele>3.232975</ele>
        <time>2023-07-03T23:05:15.985Z</time>
      </trkpt>
      <trkpt lat="37.586665" lon="-122.329370">
        <ele>3.224460</ele>
        <time>2023-07-03T23:05:17.985Z</time>
      </trkpt>
      <trkpt lat="37.586748" lon="-122.329438">
        <ele>3.216623</ele>
        <time>2023-07-03T23:05:19.985Z</time>
      </trkpt>
      <trkpt lat="37.586851" lon="-122.329462">
        <ele>3.180318</ele>
        <time>2023-07-03T23:05:21.985Z</time>
      </trkpt>
      <trkpt lat="37.586959" lon="-122.329474">
        <ele>3.138325</ele>
        <time>2023-07-03T23:05:23.985Z</time>
      </trkpt>
      <trkpt lat="37.587060" lon="-122.329489">
        <ele>3.098935</ele>
        <time>2023-07-03T23:05:25.985Z</time>
      </trkpt>
      <trkpt lat="37.587153" lon="-122.329522">
        <ele>3.061516</ele>
        <time>2023-07-03T23:05:27.985Z</time>
      </trkpt>
      <trkpt lat="37.587255" lon="-122.329556">
        <ele>3.020654</ele>
        <time>2023-07-03T23:05:29.985Z</time>
      </trkpt>
      <trkpt lat="37.587354" lon="-122.329597">
        <ele>2.980296</ele>
        <time>2023-07-03T23:05:31.985Z</time>
      </trkpt>
      <trkpt lat="37.587453" lon="-122.329623">
        <ele>2.941129</ele>
        <time>2023-07-03T23:05:33.985Z</time>
      </trkpt>
      <trkpt lat="37.587549" lon="-122.329593">
        <ele>2.902822</ele>
        <time>2023-07-03T23:05:35.985Z</time>
      </trkpt>
      <trkpt lat="37.587649" lon="-122.329563">
        <ele>2.863010</ele>
        <time>2023-07-03T23:05:37.985Z</time>
      </trkpt>
      <trkpt lat="37.587755" lon="-122.329558">
        <ele>2.821925</ele>
        <time>2023-07-03T23:05:39.984Z</time>
      </trkpt>
      <trkpt lat="37.587854" lon="-122.329626">
        <ele>2.778267</ele>
        <time>2023-07-03T23:05:41.984Z</time>
      </trkpt>
      <trkpt lat="37.587922" lon="-122.329744">
        <ele>2.733485</ele>
        <time>2023-07-03T23:05:43.984Z</time>
      </trkpt>
      <trkpt lat="37.587961" lon="-122.329878">
        <ele>2.689671</ele>
        <time>2023-07-03T23:05:45.984Z</time>
      </trkpt>
      <trkpt lat="37.587967" lon="-122.330020">
        <ele>2.646026</ele>
        <time>2023-07-03T23:05:47.984Z</time>
      </trkpt>
      <trkpt lat="37.587958" lon="-122.330152">
        <ele>2.605362</ele>
        <time>2023-07-03T23:05:49.984Z</time>
      </trkpt>
      <trkpt lat="37.587959" lon="-122.330285">
        <ele>2.564539</ele>
        <time>2023-07-03T23:05:51.984Z</time>
      </trkpt>
      <trkpt lat="37.587966" lon="-122.330430">
        <ele>2.519952</ele>
        <time>2023-07-03T23:05:53.984Z</time>
      </trkpt>
      <trkpt lat="37.587969" lon="-122.330583">
        <ele>2.613447</ele>
        <time>2023-07-03T23:05:55.984Z</time>
      </trkpt>
      <trkpt lat="37.587979" lon="-122.330727">
        <ele>2.704905</ele>
        <time>2023-07-03T23:05:57.984Z</time>
      </trkpt>
      <trkpt lat="37.588045" lon="-122.330848">
        <ele>2.797846</ele>
        <time>2023-07-03T23:05:59.984Z</time>
      </trkpt>
      <trkpt lat="37.588065" lon="-122.330977">
        <ele>2.881012</ele>
        <time>2023-07-03T23:06:01.984Z</time>
      </trkpt>
      <trkpt lat="37.588074" lon="-122.331104">
        <ele>2.961685</ele>
        <time>2023-07-03T23:06:03.984Z</time>
      </trkpt>
      <trkpt lat="37.588068" lon="-122.331232">
        <ele>3.042812</ele>
        <time>2023-07-03T23:06:05.984Z</time>
      </trkpt>
      <trkpt lat="37.588042" lon="-122.331356">
        <ele>3.123967</ele>
        <time>2023-07-03T23:06:07.984Z</time>
      </trkpt>
      <trkpt lat="37.588013" lon="-122.331479">
        <ele>3.205161</ele>
        <time>2023-07-03T23:06:09.984Z</time>
      </trkpt>
      <trkpt lat="37.587980" lon="-122.331601">
        <ele>3.286723</ele>
        <time>2023-07-03T23:06:11.984Z</time>
      </trkpt>
      <trkpt lat="37.587954" lon="-122.331720">
        <ele>3.364824</ele>
        <time>2023-07-03T23:06:13.984Z</time>
      </trkpt>
      <trkpt lat="37.587919" lon="-122.331839">
        <ele>3.445135</ele>
        <time>2023-07-03T23:06:15.984Z</time>
      </trkpt>
      <trkpt lat="37.587897" lon="-122.331957">
        <ele>3.521832</ele>
        <time>2023-07-03T23:06:17.984Z</time>
      </trkpt>
      <trkpt lat="37.587873" lon="-122.332082">
        <ele>3.603208</ele>
        <time>2023-07-03T23:06:19.984Z</time>
      </trkpt>
      <trkpt lat="37.587848" lon="-122.332208">
        <ele>3.685389</ele>
        <time>2023-07-03T23:06:21.984Z</time>
      </trkpt>
      <trkpt lat="37.587825" lon="-122.332333">
        <ele>3.766581</ele>
        <time>2023-07-03T23:06:23.984Z</time>
      </trkpt>
      <trkpt lat="37.587784" lon="-122.332456">
        <ele>3.851008</ele>
        <time>2023-07-03T23:06:25.984Z</time>
      </trkpt>
      <trkpt lat="37.587752" lon="-122.332578">
        <ele>3.932317</ele>
        <time>2023-07-03T23:06:27.984Z</time>
      </trkpt>
      <trkpt lat="37.587719" lon="-122.332707">
        <ele>3.964652</ele>
        <time>2023-07-03T23:06:29.984Z</time>
      </trkpt>
      <trkpt lat="37.587691" lon="-122.332839">
        <ele>3.977908</ele>
        <time>2023-07-03T23:06:31.984Z</time>
      </trkpt>
      <trkpt lat="37.587664" lon="-122.332973">
        <ele>3.991320</ele>
        <time>2023-07-03T23:06:33.984Z</time>
      </trkpt>
      <trkpt lat="37.587641" lon="-122.333102">
        <ele>4.004147</ele>
        <time>2023-07-03T23:06:35.984Z</time>
      </trkpt>
      <trkpt lat="37.587622" lon="-122.333239">
        <ele>4.017639</ele>
        <time>2023-07-03T23:06:37.984Z</time>
      </trkpt>
      <trkpt lat="37.587606" lon="-122.333367">
        <ele>4.030210</ele>
        <time>2023-07-03T23:06:39.984Z</time>
      </trkpt>
      <trkpt lat="37.587591" lon="-122.333502">
        <ele>4.043434</ele>
        <time>2023-07-03T23:06:41.984Z</time>
      </trkpt>
      <trkpt lat="37.587571" lon="-122.333635">
        <ele>4.056567</ele>
        <time>2023-07-03T23:06:43.985Z</time>
      </trkpt>
      <trkpt lat="37.587545" lon="-122.333768">
        <ele>4.069856</ele>
        <time>2023-07-03T23:06:45.985Z</time>
      </trkpt>
      <trkpt lat="37.587506" lon="-122.333899">
        <ele>4.083431</ele>
        <time>2023-07-03T23:06:47.984Z</time>
      </trkpt>
      <trkpt lat="37.587461" lon="-122.334026">
        <ele>4.096927</ele>
        <time>2023-07-03T23:06:49.985Z</time>
      </trkpt>
      <trkpt lat="37.587465" lon="-122.334160">
        <ele>4.109935</ele>
        <time>2023-07-03T23:06:51.985Z</time>
      </trkpt>
      <trkpt lat="37.587524" lon="-122.334265">
        <ele>4.122422</ele>
        <time>2023-07-03T23:06:53.984Z</time>
      </trkpt>
      <trkpt lat="37.587602" lon="-122.334349">
        <ele>4.134975</ele>
        <time>2023-07-03T23:06:55.985Z</time>
      </trkpt>
      <trkpt lat="37.587697" lon="-122.334398">
        <ele>4.147539</ele>
        <time>2023-07-03T23:06:57.985Z</time>
      </trkpt>
      <trkpt lat="37.587797" lon="-122.334430">
        <ele>4.160168</ele>
        <time>2023-07-03T23:06:59.985Z</time>
      </trkpt>
      <trkpt lat="37.587896" lon="-122.334459">
        <ele>4.172610</ele>
        <time>2023-07-03T23:07:01.985Z</time>
      </trkpt>
      <trkpt lat="37.587979" lon="-122.334545">
        <ele>4.216982</ele>
        <time>2023-07-03T23:07:06.985Z</time>
      </trkpt>
      <trkpt lat="37.588070" lon="-122.334601">
        <ele>4.265916</ele>
        <time>2023-07-03T23:07:11.985Z</time>
      </trkpt>
      <trkpt lat="37.588174" lon="-122.334616">
        <ele>4.316510</ele>
        <time>2023-07-03T23:07:14.985Z</time>
      </trkpt>
      <trkpt lat="37.588283" lon="-122.334585">
        <ele>4.370515</ele>
        <time>2023-07-03T23:07:17.985Z</time>
      </trkpt>
      <trkpt lat="37.588382" lon="-122.334583">
        <ele>4.418372</ele>
        <time>2023-07-03T23:07:20.985Z</time>
      </trkpt>
      <trkpt lat="37.588501" lon="-122.334602">
        <ele>4.476347</ele>
        <time>2023-07-03T23:07:23.985Z</time>
      </trkpt>
      <trkpt lat="37.588614" lon="-122.334601">
        <ele>4.530966</ele>
        <time>2023-07-03T23:07:26.985Z</time>
      </trkpt>
      <trkpt lat="37.588732" lon="-122.334613">
        <ele>4.588184</ele>
        <time>2023-07-03T23:07:29.985Z</time>
      </trkpt>
      <trkpt lat="37.588840" lon="-122.334630">
        <ele>4.640789</ele>
        <time>2023-07-03T23:07:32.985Z</time>
      </trkpt>
      <trkpt lat="37.588925" lon="-122.334667">
        <ele>4.684248</ele>
        <time>2023-07-03T23:07:35.985Z</time>
      </trkpt>
      <trkpt lat="37.589021" lon="-122.334626">
        <ele>4.733234</ele>
        <time>2023-07-03T23:07:46.985Z</time>
      </trkpt>
      <trkpt lat="37.589131" lon="-122.334628">
        <ele>4.786406</ele>
        <time>2023-07-03T23:07:51.985Z</time>
      </trkpt>
      <trkpt lat="37.589230" lon="-122.334631">
        <ele>4.834270</ele>
        <time>2023-07-03T23:07:54.985Z</time>
      </trkpt>
      <trkpt lat="37.589327" lon="-122.334626">
        <ele>4.881193</ele>
        <time>2023-07-03T23:07:57.985Z</time>
      </trkpt>
      <trkpt lat="37.589422" lon="-122.334633">
        <ele>4.927188</ele>
        <time>2023-07-03T23:08:00.985Z</time>
      </trkpt>
      <trkpt lat="37.589539" lon="-122.334626">
        <ele>4.983802</ele>
        <time>2023-07-03T23:08:03.985Z</time>
      </trkpt>
      <trkpt lat="37.589631" lon="-122.334630">
        <ele>5.028296</ele>
        <time>2023-07-03T23:08:05.985Z</time>
      </trkpt>
      <trkpt lat="37.589754" lon="-122.334649">
        <ele>4.982073</ele>
        <time>2023-07-03T23:08:08.985Z</time>
      </trkpt>
      <trkpt lat="37.589885" lon="-122.334629">
        <ele>4.890883</ele>
        <time>2023-07-03T23:08:11.985Z</time>
      </trkpt>
      <trkpt lat="37.590017" lon="-122.334625">
        <ele>4.799636</ele>
        <time>2023-07-03T23:08:14.985Z</time>
      </trkpt>
      <trkpt lat="37.590135" lon="-122.334633">
        <ele>4.717972</ele>
        <time>2023-07-03T23:08:17.985Z</time>
      </trkpt>
      <trkpt lat="37.590266" lon="-122.334635">
        <ele>4.627435</ele>
        <time>2023-07-03T23:08:20.985Z</time>
      </trkpt>
      <trkpt lat="37.590389" lon="-122.334638">
        <ele>4.542418</ele>
        <time>2023-07-03T23:08:23.985Z</time>
      </trkpt>
      <trkpt lat="37.590515" lon="-122.334640">
        <ele>4.455336</ele>
        <time>2023-07-03T23:08:26.985Z</time>
      </trkpt>
      <trkpt lat="37.590640" lon="-122.334641">
        <ele>4.368951</ele>
        <time>2023-07-03T23:08:29.985Z</time>
      </trkpt>
      <trkpt lat="37.590759" lon="-122.334641">
        <ele>4.286713</ele>
        <time>2023-07-03T23:08:32.985Z</time>
      </trkpt>
      <trkpt lat="37.590891" lon="-122.334634">
        <ele>4.195412</ele>
        <time>2023-07-03T23:08:35.985Z</time>
      </trkpt>
      <trkpt lat="37.591022" lon="-122.334638">
        <ele>4.104855</ele>
        <time>2023-07-03T23:08:38.985Z</time>
      </trkpt>
      <trkpt lat="37.591106" lon="-122.334690">
        <ele>4.040198</ele>
        <time>2023-07-03T23:08:40.985Z</time>
      </trkpt>
      <trkpt lat="37.591225" lon="-122.334665">
        <ele>3.956829</ele>
        <time>2023-07-03T23:08:43.985Z</time>
      </trkpt>
      <trkpt lat="37.591321" lon="-122.334671">
        <ele>3.890405</ele>
        <time>2023-07-03T23:08:45.985Z</time>
      </trkpt>
      <trkpt lat="37.591446" lon="-122.334676">
        <ele>3.803978</ele>
        <time>2023-07-03T23:08:48.984Z</time>
      </trkpt>
      <trkpt lat="37.591548" lon="-122.334673">
        <ele>4.066143</ele>
        <time>2023-07-03T23:08:51.984Z</time>
      </trkpt>
      <trkpt lat="37.591673" lon="-122.334673">
        <ele>4.401998</ele>
        <time>2023-07-03T23:08:55.984Z</time>
      </trkpt>
      <trkpt lat="37.591783" lon="-122.334663">
        <ele>4.698316</ele>
        <time>2023-07-03T23:08:58.985Z</time>
      </trkpt>
      <trkpt lat="37.591892" lon="-122.334642">
        <ele>4.994574</ele>
        <time>2023-07-03T23:09:02.984Z</time>
      </trkpt>
      <trkpt lat="37.591995" lon="-122.334645">
        <ele>5.271393</ele>
        <time>2023-07-03T23:09:07.984Z</time>
      </trkpt>
      <trkpt lat="37.591834" lon="-122.334679">
        <ele>5.709988</ele>
        <time>2023-07-03T23:21:41.979Z</time>
      </trkpt>
      <trkpt lat="37.591738" lon="-122.334695">
        <ele>5.970164</ele>
        <time>2023-07-03T23:21:44.979Z</time>
      </trkpt>
      <trkpt lat="37.591632" lon="-122.334686">
        <ele>6.255613</ele>
        <time>2023-07-03T23:21:47.979Z</time>
      </trkpt>
      <trkpt lat="37.591535" lon="-122.334694">
        <ele>6.516793</ele>
        <time>2023-07-03T23:21:50.979Z</time>
      </trkpt>
      <trkpt lat="37.591445" lon="-122.334731">
        <ele>6.771115</ele>
        <time>2023-07-03T23:21:53.979Z</time>
      </trkpt>
      <trkpt lat="37.591339" lon="-122.334727">
        <ele>7.056048</ele>
        <time>2023-07-03T23:21:57.979Z</time>
      </trkpt>
      <trkpt lat="37.591239" lon="-122.334726">
        <ele>7.324740</ele>
        <time>2023-07-03T23:22:00.979Z</time>
      </trkpt>
      <trkpt lat="37.591142" lon="-122.334677">
        <ele>7.605467</ele>
        <time>2023-07-03T23:22:05.979Z</time>
      </trkpt>
      <trkpt lat="37.591052" lon="-122.334619">
        <ele>7.876986</ele>
        <time>2023-07-03T23:22:08.979Z</time>
      </trkpt>
      <trkpt lat="37.590954" lon="-122.334632">
        <ele>8.141747</ele>
        <time>2023-07-03T23:22:11.979Z</time>
      </trkpt>
      <trkpt lat="37.590863" lon="-122.334651">
        <ele>8.389573</ele>
        <time>2023-07-03T23:22:14.979Z</time>
      </trkpt>
      <trkpt lat="37.590752" lon="-122.334641">
        <ele>8.646778</ele>
        <time>2023-07-03T23:22:18.979Z</time>
      </trkpt>
      <trkpt lat="37.590655" lon="-122.334642">
        <ele>8.707087</ele>
        <time>2023-07-03T23:22:21.979Z</time>
      </trkpt>
      <trkpt lat="37.590550" lon="-122.334647">
        <ele>8.772414</ele>
        <time>2023-07-03T23:22:24.979Z</time>
      </trkpt>
      <trkpt lat="37.590439" lon="-122.334647">
        <ele>8.841425</ele>
        <time>2023-07-03T23:22:27.979Z</time>
      </trkpt>
      <trkpt lat="37.590335" lon="-122.334657">
        <ele>8.906271</ele>
        <time>2023-07-03T23:22:30.979Z</time>
      </trkpt>
      <trkpt lat="37.590240" lon="-122.334647">
        <ele>8.965539</ele>
        <time>2023-07-03T23:22:33.979Z</time>
      </trkpt>
      <trkpt lat="37.590095" lon="-122.334657">
        <ele>9.055823</ele>
        <time>2023-07-03T23:24:29.979Z</time>
      </trkpt>
      <trkpt lat="37.589994" lon="-122.334658">
        <ele>9.118619</ele>
        <time>2023-07-03T23:24:33.979Z</time>
      </trkpt>
      <trkpt lat="37.589876" lon="-122.334651">
        <ele>9.192063</ele>
        <time>2023-07-03T23:24:37.979Z</time>
      </trkpt>
      <trkpt lat="37.589779" lon="-122.334653">
        <ele>9.252378</ele>
        <time>2023-07-03T23:24:40.979Z</time>
      </trkpt>
      <trkpt lat="37.589661" lon="-122.334641">
        <ele>9.325979</ele>
        <time>2023-07-03T23:24:44.979Z</time>
      </trkpt>
      <trkpt lat="37.589549" lon="-122.334639">
        <ele>9.395618</ele>
        <time>2023-07-03T23:24:48.979Z</time>
      </trkpt>
      <trkpt lat="37.589451" lon="-122.334647">
        <ele>9.456674</ele>
        <time>2023-07-03T23:24:51.979Z</time>
      </trkpt>
      <trkpt lat="37.589354" lon="-122.334654">
        <ele>9.517079</ele>
        <time>2023-07-03T23:24:54.979Z</time>
      </trkpt>
      <trkpt lat="37.589260" lon="-122.334651">
        <ele>9.575540</ele>
        <time>2023-07-03T23:24:57.979Z</time>
      </trkpt>
      <trkpt lat="37.589168" lon="-122.334658">
        <ele>9.632842</ele>
        <time>2023-07-03T23:25:00.979Z</time>
      </trkpt>
      <trkpt lat="37.589068" lon="-122.334661">
        <ele>9.695031</ele>
        <time>2023-07-03T23:25:03.979Z</time>
      </trkpt>
      <trkpt lat="37.588978" lon="-122.334659">
        <ele>9.750995</ele>
        <time>2023-07-03T23:25:10.979Z</time>
      </trkpt>
      <trkpt lat="37.588863" lon="-122.334683">
        <ele>9.641534</ele>
        <time>2023-07-03T23:25:13.979Z</time>
      </trkpt>
      <trkpt lat="37.588743" lon="-122.334682">
        <ele>9.525010</ele>
        <time>2023-07-03T23:25:16.979Z</time>
      </trkpt>
      <trkpt lat="37.588630" lon="-122.334650">
        <ele>9.412557</ele>
        <time>2023-07-03T23:25:19.979Z</time>
      </trkpt>
      <trkpt lat="37.588528" lon="-122.334606">
        <ele>9.307888</ele>
        <time>2023-07-03T23:25:22.978Z</time>
      </trkpt>
      <trkpt lat="37.588452" lon="-122.334546">
        <ele>9.220840</ele>
        <time>2023-07-03T23:25:25.978Z</time>
      </trkpt>
      <trkpt lat="37.588353" lon="-122.334553">
        <ele>9.124559</ele>
        <time>2023-07-03T23:25:28.978Z</time>
      </trkpt>
      <trkpt lat="37.588238" lon="-122.334562">
        <ele>9.012678</ele>
        <time>2023-07-03T23:25:31.978Z</time>
      </trkpt>
      <trkpt lat="37.588128" lon="-122.334570">
        <ele>8.905689</ele>
        <time>2023-07-03T23:25:34.978Z</time>
      </trkpt>
      <trkpt lat="37.588031" lon="-122.334538">
        <ele>8.808336</ele>
        <time>2023-07-03T23:25:37.978Z</time>
      </trkpt>
      <trkpt lat="37.587934" lon="-122.334508">
        <ele>8.711360</ele>
        <time>2023-07-03T23:25:40.978Z</time>
      </trkpt>
      <trkpt lat="37.587815" lon="-122.334484">
        <ele>8.594344</ele>
        <time>2023-07-03T23:25:43.978Z</time>
      </trkpt>
      <trkpt lat="37.587688" lon="-122.334429">
        <ele>8.463966</ele>
        <time>2023-07-03T23:25:46.978Z</time>
      </trkpt>
      <trkpt lat="37.587613" lon="-122.334356">
        <ele>8.371995</ele>
        <time>2023-07-03T23:25:48.978Z</time>
      </trkpt>
      <trkpt lat="37.587522" lon="-122.334231">
        <ele>8.241385</ele>
        <time>2023-07-03T23:25:51.979Z</time>
      </trkpt>
      <trkpt lat="37.587483" lon="-122.334081">
        <ele>8.119914</ele>
        <time>2023-07-03T23:25:54.979Z</time>
      </trkpt>
      <trkpt lat="37.587510" lon="-122.333971">
        <ele>8.031307</ele>
        <time>2023-07-03T23:25:56.979Z</time>
      </trkpt>
      <trkpt lat="37.587555" lon="-122.333815">
        <ele>7.852783</ele>
        <time>2023-07-03T23:25:59.979Z</time>
      </trkpt>
      <trkpt lat="37.587585" lon="-122.333704">
        <ele>7.717780</ele>
        <time>2023-07-03T23:26:01.979Z</time>
      </trkpt>
      <trkpt lat="37.587600" lon="-122.333590">
        <ele>7.584754</ele>
        <time>2023-07-03T23:26:03.979Z</time>
      </trkpt>
      <trkpt lat="37.587621" lon="-122.333425">
        <ele>7.392384</ele>
        <time>2023-07-03T23:26:06.979Z</time>
      </trkpt>
      <trkpt lat="37.587641" lon="-122.333262">
        <ele>7.202513</ele>
        <time>2023-07-03T23:26:09.979Z</time>
      </trkpt>
      <trkpt lat="37.587686" lon="-122.332899">
        <ele>6.779571</ele>
        <time>2023-07-03T23:26:56.978Z</time>
      </trkpt>
      <trkpt lat="37.587713" lon="-122.332757">
        <ele>6.611471</ele>
        <time>2023-07-03T23:26:59.978Z</time>
      </trkpt>
      <trkpt lat="37.587753" lon="-122.332607">
        <ele>6.429287</ele>
        <time>2023-07-03T23:27:02.978Z</time>
      </trkpt>
      <trkpt lat="37.587794" lon="-122.332459">
        <ele>6.248809</ele>
        <time>2023-07-03T23:27:05.978Z</time>
      </trkpt>
      <trkpt lat="37.587830" lon="-122.332305">
        <ele>6.063982</ele>
        <time>2023-07-03T23:27:08.978Z</time>
      </trkpt>
      <trkpt lat="37.587847" lon="-122.332193">
        <ele>5.932712</ele>
        <time>2023-07-03T23:27:10.978Z</time>
      </trkpt>
      <trkpt lat="37.587868" lon="-122.332080">
        <ele>5.799106</ele>
        <time>2023-07-03T23:27:12.978Z</time>
      </trkpt>
      <trkpt lat="37.587899" lon="-122.331972">
        <ele>5.666879</ele>
        <time>2023-07-03T23:27:14.978Z</time>
      </trkpt>
      <trkpt lat="37.587928" lon="-122.331858">
        <ele>5.529055</ele>
        <time>2023-07-03T23:27:16.978Z</time>
      </trkpt>
      <trkpt lat="37.587957" lon="-122.331747">
        <ele>5.394514</ele>
        <time>2023-07-03T23:27:18.978Z</time>
      </trkpt>
      <trkpt lat="37.587990" lon="-122.331636">
        <ele>5.355919</ele>
        <time>2023-07-03T23:27:20.978Z</time>
      </trkpt>
      <trkpt lat="37.588029" lon="-122.331518">
        <ele>5.315402</ele>
        <time>2023-07-03T23:27:22.978Z</time>
      </trkpt>
      <trkpt lat="37.588068" lon="-122.331411">
        <ele>5.278077</ele>
        <time>2023-07-03T23:27:24.978Z</time>
      </trkpt>
      <trkpt lat="37.588098" lon="-122.331297">
        <ele>5.240010</ele>
        <time>2023-07-03T23:27:26.978Z</time>
      </trkpt>
      <trkpt lat="37.588126" lon="-122.331183">
        <ele>5.202187</ele>
        <time>2023-07-03T23:27:28.978Z</time>
      </trkpt>
      <trkpt lat="37.588144" lon="-122.331072">
        <ele>5.166281</ele>
        <time>2023-07-03T23:27:30.978Z</time>
      </trkpt>
      <trkpt lat="37.588108" lon="-122.330952">
        <ele>5.125618</ele>
        <time>2023-07-03T23:27:32.978Z</time>
      </trkpt>
      <trkpt lat="37.588078" lon="-122.330810">
        <ele>5.079046</ele>
        <time>2023-07-03T23:27:34.978Z</time>
      </trkpt>
      <trkpt lat="37.588016" lon="-122.330662">
        <ele>5.025993</ele>
        <time>2023-07-03T23:27:36.978Z</time>
      </trkpt>
      <trkpt lat="37.588005" lon="-122.330493">
        <ele>4.972255</ele>
        <time>2023-07-03T23:27:38.978Z</time>
      </trkpt>
      <trkpt lat="37.588012" lon="-122.330328">
        <ele>4.919890</ele>
        <time>2023-07-03T23:27:40.978Z</time>
      </trkpt>
      <trkpt lat="37.588007" lon="-122.330162">
        <ele>4.867246</ele>
        <time>2023-07-03T23:27:42.978Z</time>
      </trkpt>
      <trkpt lat="37.588000" lon="-122.329995">
        <ele>4.814248</ele>
        <time>2023-07-03T23:27:44.978Z</time>
      </trkpt>
      <trkpt lat="37.587985" lon="-122.329835">
        <ele>4.763189</ele>
        <time>2023-07-03T23:27:46.978Z</time>
      </trkpt>
      <trkpt lat="37.587925" lon="-122.329696">
        <ele>4.713028</ele>
        <time>2023-07-03T23:27:48.978Z</time>
      </trkpt>
      <trkpt lat="37.587838" lon="-122.329582">
        <ele>4.709523</ele>
        <time>2023-07-03T23:27:50.978Z</time>
      </trkpt>
      <trkpt lat="37.587698" lon="-122.329560">
        <ele>4.894392</ele>
        <time>2023-07-03T23:27:52.977Z</time>
      </trkpt>
      <trkpt lat="37.587573" lon="-122.329611">
        <ele>5.066537</ele>
        <time>2023-07-03T23:27:54.977Z</time>
      </trkpt>
      <trkpt lat="37.587445" lon="-122.329623">
        <ele>5.234727</ele>
        <time>2023-07-03T23:27:56.978Z</time>
      </trkpt>
      <trkpt lat="37.587320" lon="-122.329588">
        <ele>5.402507</ele>
        <time>2023-07-03T23:27:58.978Z</time>
      </trkpt>
      <trkpt lat="37.587196" lon="-122.329531">
        <ele>5.575437</ele>
        <time>2023-07-03T23:28:00.978Z</time>
      </trkpt>
      <trkpt lat="37.587065" lon="-122.329497">
        <ele>5.750689</ele>
        <time>2023-07-03T23:28:02.978Z</time>
      </trkpt>
      <trkpt lat="37.586932" lon="-122.329484">
        <ele>5.925491</ele>
        <time>2023-07-03T23:28:04.978Z</time>
      </trkpt>
      <trkpt lat="37.586800" lon="-122.329457">
        <ele>6.100718</ele>
        <time>2023-07-03T23:28:06.978Z</time>
      </trkpt>
      <trkpt lat="37.586687" lon="-122.329365">
        <ele>6.276933</ele>
        <time>2023-07-03T23:28:08.978Z</time>
      </trkpt>
      <trkpt lat="37.586607" lon="-122.329223">
        <ele>6.457850</ele>
        <time>2023-07-03T23:28:10.978Z</time>
      </trkpt>
      <trkpt lat="37.586550" lon="-122.329073">
        <ele>6.630590</ele>
        <time>2023-07-03T23:28:12.978Z</time>
      </trkpt>
      <trkpt lat="37.586503" lon="-122.328918">
        <ele>6.802920</ele>
        <time>2023-07-03T23:28:14.978Z</time>
      </trkpt>
      <trkpt lat="37.586469" lon="-122.328760">
        <ele>6.972927</ele>
        <time>2023-07-03T23:28:16.978Z</time>
      </trkpt>
      <trkpt lat="37.586436" lon="-122.328597">
        <ele>6.940661</ele>
        <time>2023-07-03T23:28:18.978Z</time>
      </trkpt>
      <trkpt lat="37.586374" lon="-122.328455">
        <ele>6.811078</ele>
        <time>2023-07-03T23:28:20.978Z</time>
      </trkpt>
      <trkpt lat="37.586315" lon="-122.328315">
        <ele>6.684342</ele>
        <time>2023-07-03T23:28:22.978Z</time>
      </trkpt>
      <trkpt lat="37.586269" lon="-122.328169">
        <ele>6.558764</ele>
        <time>2023-07-03T23:28:24.978Z</time>
      </trkpt>
      <trkpt lat="37.586237" lon="-122.328015">
        <ele>6.431516</ele>
        <time>2023-07-03T23:28:26.978Z</time>
      </trkpt>
      <trkpt lat="37.586229" lon="-122.327858">
        <ele>6.305772</ele>
        <time>2023-07-03T23:28:28.978Z</time>
      </trkpt>
      <trkpt lat="37.586227" lon="-122.327698">
        <ele>6.177874</ele>
        <time>2023-07-03T23:28:30.978Z</time>
      </trkpt>
      <trkpt lat="37.586250" lon="-122.327535">
        <ele>6.045545</ele>
        <time>2023-07-03T23:28:32.978Z</time>
      </trkpt>
      <trkpt lat="37.586285" lon="-122.327376">
        <ele>5.913650</ele>
        <time>2023-07-03T23:28:34.978Z</time>
      </trkpt>
      <trkpt lat="37.586312" lon="-122.327224">
        <ele>5.789147</ele>
        <time>2023-07-03T23:28:36.978Z</time>
      </trkpt>
      <trkpt lat="37.586342" lon="-122.327078">
        <ele>5.668595</ele>
        <time>2023-07-03T23:28:38.978Z</time>
      </trkpt>
      <trkpt lat="37.586364" lon="-122.326936">
        <ele>5.552951</ele>
        <time>2023-07-03T23:28:40.978Z</time>
      </trkpt>
      <trkpt lat="37.586390" lon="-122.326794">
        <ele>5.436466</ele>
        <time>2023-07-03T23:28:42.978Z</time>
      </trkpt>
      <trkpt lat="37.586436" lon="-122.326663">
        <ele>5.321943</ele>
        <time>2023-07-03T23:28:44.978Z</time>
      </trkpt>
      <trkpt lat="37.586501" lon="-122.326547">
        <ele>5.212593</ele>
        <time>2023-07-03T23:28:46.978Z</time>
      </trkpt>
      <trkpt lat="37.586598" lon="-122.326470">
        <ele>5.156651</ele>
        <time>2023-07-03T23:28:48.978Z</time>
      </trkpt>
      <trkpt lat="37.586718" lon="-122.326436">
        <ele>5.096613</ele>
        <time>2023-07-03T23:28:50.978Z</time>
      </trkpt>
      <trkpt lat="37.586828" lon="-122.326401">
        <ele>5.041234</ele>
        <time>2023-07-03T23:28:52.978Z</time>
      </trkpt>
      <trkpt lat="37.586929" lon="-122.326334">
        <ele>4.985532</ele>
        <time>2023-07-03T23:28:54.977Z</time>
      </trkpt>
      <trkpt lat="37.587003" lon="-122.326229">
        <ele>4.931174</ele>
        <time>2023-07-03T23:28:56.977Z</time>
      </trkpt>
      <trkpt lat="37.587037" lon="-122.326111">
        <ele>4.882603</ele>
        <time>2023-07-03T23:28:58.977Z</time>
      </trkpt>
      <trkpt lat="37.587005" lon="-122.325991">
        <ele>4.833624</ele>
        <time>2023-07-03T23:29:00.977Z</time>
      </trkpt>
      <trkpt lat="37.587087" lon="-122.325924">
        <ele>4.785937</ele>
        <time>2023-07-03T23:29:03.977Z</time>
      </trkpt>
      <trkpt lat="37.587189" lon="-122.325880">
        <ele>4.733315</ele>
        <time>2023-07-03T23:29:06.977Z</time>
      </trkpt>
      <trkpt lat="37.587297" lon="-122.325823">
        <ele>4.676168</ele>
        <time>2023-07-03T23:29:09.977Z</time>
      </trkpt>
      <trkpt lat="37.587404" lon="-122.325741">
        <ele>4.615056</ele>
        <time>2023-07-03T23:29:12.977Z</time>
      </trkpt>
      <trkpt lat="37.587507" lon="-122.325667">
        <ele>4.557198</ele>
        <time>2023-07-03T23:29:15.977Z</time>
      </trkpt>
      <trkpt lat="37.587603" lon="-122.325552">
        <ele>4.492581</ele>
        <time>2023-07-03T23:29:18.977Z</time>
      </trkpt>
      <trkpt lat="37.587662" lon="-122.325462">
        <ele>4.447397</ele>
        <time>2023-07-03T23:29:20.977Z</time>
      </trkpt>
      <trkpt lat="37.587712" lon="-122.325361">
        <ele>4.401329</ele>
        <time>2023-07-03T23:29:22.977Z</time>
      </trkpt>
      <trkpt lat="37.587771" lon="-122.325233">
        <ele>4.344047</ele>
        <time>2023-07-03T23:29:25.977Z</time>
      </trkpt>
      <trkpt lat="37.587762" lon="-122.325098">
        <ele>4.452875</ele>
        <time>2023-07-03T23:29:28.977Z</time>
      </trkpt>
      <trkpt lat="37.587800" lon="-122.324986">
        <ele>4.567924</ele>
        <time>2023-07-03T23:29:30.977Z</time>
      </trkpt>
      <trkpt lat="37.587819" lon="-122.324871">
        <ele>4.678854</ele>
        <time>2023-07-03T23:29:32.977Z</time>
      </trkpt>
      <trkpt lat="37.587800" lon="-122.324712">
        <ele>4.830696</ele>
        <time>2023-07-03T23:29:35.977Z</time>
      </trkpt>
      <trkpt lat="37.587799" lon="-122.324598">
        <ele>4.938354</ele>
        <time>2023-07-03T23:29:37.977Z</time>
      </trkpt>
      <trkpt lat="37.587803" lon="-122.324423">
        <ele>5.103676</ele>
        <time>2023-07-03T23:29:40.977Z</time>
      </trkpt>
      <trkpt lat="37.587801" lon="-122.324302">
        <ele>5.217962</ele>
        <time>2023-07-03T23:29:42.977Z</time>
      </trkpt>
      <trkpt lat="37.587803" lon="-122.324182">
        <ele>5.331303</ele>
        <time>2023-07-03T23:29:44.977Z</time>
      </trkpt>
      <trkpt lat="37.587811" lon="-122.324068">
        <ele>5.439375</ele>
        <time>2023-07-03T23:29:46.977Z</time>
      </trkpt>
      <trkpt lat="37.587824" lon="-122.323901">
        <ele>5.597833</ele>
        <time>2023-07-03T23:29:49.978Z</time>
      </trkpt>
      <trkpt lat="37.587833" lon="-122.323743">
        <ele>5.747419</ele>
        <time>2023-07-03T23:29:52.977Z</time>
      </trkpt>
      <trkpt lat="37.587837" lon="-122.323595">
        <ele>5.887257</ele>
        <time>2023-07-03T23:29:55.977Z</time>
      </trkpt>
      <trkpt lat="37.587849" lon="-122.323458">
        <ele>6.017415</ele>
        <time>2023-07-03T23:29:58.978Z</time>
      </trkpt>
      <trkpt lat="37.587865" lon="-122.323310">
        <ele>6.158467</ele>
        <time>2023-07-03T23:30:01.978Z</time>
      </trkpt>
      <trkpt lat="37.587896" lon="-122.323155">
        <ele>6.309424</ele>
        <time>2023-07-03T23:30:04.978Z</time>
      </trkpt>
      <trkpt lat="37.587949" lon="-122.323015">
        <ele>6.455938</ele>
        <time>2023-07-03T23:30:07.978Z</time>
      </trkpt>
      <trkpt lat="37.588027" lon="-122.322897">
        <ele>6.515955</ele>
        <time>2023-07-03T23:30:10.977Z</time>
      </trkpt>
      <trkpt lat="37.588115" lon="-122.322794">
        <ele>6.556845</ele>
        <time>2023-07-03T23:30:13.977Z</time>
      </trkpt>
      <trkpt lat="37.588188" lon="-122.322684">
        <ele>6.595580</ele>
        <time>2023-07-03T23:30:16.977Z</time>
      </trkpt>
      <trkpt lat="37.588283" lon="-122.322575">
        <ele>6.639322</ele>
        <time>2023-07-03T23:30:19.977Z</time>
      </trkpt>
      <trkpt lat="37.588360" lon="-122.322438">
        <ele>6.684665</ele>
        <time>2023-07-03T23:30:22.977Z</time>
      </trkpt>
      <trkpt lat="37.588401" lon="-122.322329">
        <ele>6.717237</ele>
        <time>2023-07-03T23:30:24.977Z</time>
      </trkpt>
      <trkpt lat="37.588441" lon="-122.322169">
        <ele>6.762530</ele>
        <time>2023-07-03T23:30:27.977Z</time>
      </trkpt>
      <trkpt lat="37.588463" lon="-122.321999">
        <ele>6.809031</ele>
        <time>2023-07-03T23:30:30.977Z</time>
      </trkpt>
      <trkpt lat="37.588470" lon="-122.321877">
        <ele>6.842053</ele>
        <time>2023-07-03T23:30:32.977Z</time>
      </trkpt>
      <trkpt lat="37.588487" lon="-122.321744">
        <ele>6.878421</ele>
        <time>2023-07-03T23:30:34.977Z</time>
      </trkpt>
      <trkpt lat="37.588502" lon="-122.321614">
        <ele>6.913886</ele>
        <time>2023-07-03T23:30:36.977Z</time>
      </trkpt>
      <trkpt lat="37.588526" lon="-122.321487">
        <ele>6.949133</ele>
        <time>2023-07-03T23:30:38.977Z</time>
      </trkpt>
      <trkpt lat="37.588553" lon="-122.321352">
        <ele>6.986720</ele>
        <time>2023-07-03T23:30:40.977Z</time>
      </trkpt>
      <trkpt lat="37.588579" lon="-122.321223">
        <ele>7.022654</ele>
        <time>2023-07-03T23:30:42.977Z</time>
      </trkpt>
      <trkpt lat="37.588602" lon="-122.321099">
        <ele>7.057034</ele>
        <time>2023-07-03T23:30:44.977Z</time>
      </trkpt>
      <trkpt lat="37.588610" lon="-122.320973">
        <ele>7.091158</ele>
        <time>2023-07-03T23:30:46.977Z</time>
      </trkpt>
      <trkpt lat="37.588624" lon="-122.320845">
        <ele>7.003792</ele>
        <time>2023-07-03T23:30:48.977Z</time>
      </trkpt>
      <trkpt lat="37.588569" lon="-122.320710">
        <ele>6.885148</ele>
        <time>2023-07-03T23:30:51.977Z</time>
      </trkpt>
      <trkpt lat="37.588484" lon="-122.320577">
        <ele>6.751599</ele>
        <time>2023-07-03T23:30:54.977Z</time>
      </trkpt>
      <trkpt lat="37.588442" lon="-122.320475">
        <ele>6.661755</ele>
        <time>2023-07-03T23:30:56.977Z</time>
      </trkpt>
      <trkpt lat="37.588344" lon="-122.320449">
        <ele>6.562980</ele>
        <time>2023-07-03T23:30:58.977Z</time>
      </trkpt>
      <trkpt lat="37.588252" lon="-122.320400">
        <ele>6.464485</ele>
        <time>2023-07-03T23:31:00.977Z</time>
      </trkpt>
      <trkpt lat="37.588158" lon="-122.320374">
        <ele>6.369567</ele>
        <time>2023-07-03T23:31:02.977Z</time>
      </trkpt>
      <trkpt lat="37.588056" lon="-122.320370">
        <ele>6.268910</ele>
        <time>2023-07-03T23:31:04.977Z</time>
      </trkpt>
      <trkpt lat="37.587954" lon="-122.320366">
        <ele>6.168254</ele>
        <time>2023-07-03T23:31:06.977Z</time>
      </trkpt>
      <trkpt lat="37.587844" lon="-122.320366">
        <ele>6.059755</ele>
        <time>2023-07-03T23:31:08.977Z</time>
      </trkpt>
      <trkpt lat="37.587737" lon="-122.320338">
        <ele>5.951971</ele>
        <time>2023-07-03T23:31:10.977Z</time>
      </trkpt>
      <trkpt lat="37.587638" lon="-122.320277">
        <ele>5.843304</ele>
        <time>2023-07-03T23:31:12.977Z</time>
      </trkpt>
      <trkpt lat="37.587544" lon="-122.320200">
        <ele>5.732766</ele>
        <time>2023-07-03T23:31:14.977Z</time>
      </trkpt>
      <trkpt lat="37.587460" lon="-122.320110">
        <ele>5.624078</ele>
        <time>2023-07-03T23:31:16.977Z</time>
      </trkpt>
      <trkpt lat="37.587380" lon="-122.320018">
        <ele>5.517321</ele>
        <time>2023-07-03T23:31:18.977Z</time>
      </trkpt>
      <trkpt lat="37.587298" lon="-122.319919">
        <ele>5.405386</ele>
        <time>2023-07-03T23:31:20.977Z</time>
      </trkpt>
      <trkpt lat="37.587228" lon="-122.319812">
        <ele>5.305125</ele>
        <time>2023-07-03T23:31:22.977Z</time>
      </trkpt>
      <trkpt lat="37.587159" lon="-122.319699">
        <ele>5.232271</ele>
        <time>2023-07-03T23:31:24.977Z</time>
      </trkpt>
      <trkpt lat="37.587088" lon="-122.319603">
        <ele>5.165209</ele>
        <time>2023-07-03T23:31:26.977Z</time>
      </trkpt>
      <trkpt lat="37.587018" lon="-122.319506">
        <ele>5.098208</ele>
        <time>2023-07-03T23:31:28.977Z</time>
      </trkpt>
      <trkpt lat="37.586949" lon="-122.319402">
        <ele>5.028937</ele>
        <time>2023-07-03T23:31:30.977Z</time>
      </trkpt>
      <trkpt lat="37.586876" lon="-122.319297">
        <ele>4.957602</ele>
        <time>2023-07-03T23:31:32.977Z</time>
      </trkpt>
      <trkpt lat="37.586805" lon="-122.319203">
        <ele>4.891282</ele>
        <time>2023-07-03T23:31:34.977Z</time>
      </trkpt>
      <trkpt lat="37.586732" lon="-122.319101">
        <ele>4.821091</ele>
        <time>2023-07-03T23:31:36.977Z</time>
      </trkpt>
      <trkpt lat="37.586680" lon="-122.318996">
        <ele>4.757857</ele>
        <time>2023-07-03T23:31:38.977Z</time>
      </trkpt>
      <trkpt lat="37.586637" lon="-122.318886">
        <ele>4.695217</ele>
        <time>2023-07-03T23:31:40.977Z</time>
      </trkpt>
      <trkpt lat="37.586615" lon="-122.318763">
        <ele>4.630820</ele>
        <time>2023-07-03T23:31:42.977Z</time>
      </trkpt>
      <trkpt lat="37.586611" lon="-122.318639">
        <ele>4.567441</ele>
        <time>2023-07-03T23:31:44.977Z</time>
      </trkpt>
      <trkpt lat="37.586612" lon="-122.318508">
        <ele>4.500537</ele>
        <time>2023-07-03T23:31:46.977Z</time>
      </trkpt>
      <trkpt lat="37.586612" lon="-122.318371">
        <ele>4.430571</ele>
        <time>2023-07-03T23:31:49.977Z</time>
      </trkpt>
      <trkpt lat="37.586581" lon="-122.318230">
        <ele>4.355842</ele>
        <time>2023-07-03T23:31:57.976Z</time>
      </trkpt>
      <trkpt lat="37.586584" lon="-122.318103">
        <ele>4.290955</ele>
        <time>2023-07-03T23:32:00.976Z</time>
      </trkpt>
      <trkpt lat="37.586590" lon="-122.317973">
        <ele>4.224451</ele>
        <time>2023-07-03T23:32:03.977Z</time>
      </trkpt>
      <trkpt lat="37.586539" lon="-122.317846">
        <ele>4.163511</ele>
        <time>2023-07-03T23:32:06.976Z</time>
      </trkpt>
      <trkpt lat="37.586409" lon="-122.317814">
        <ele>4.182258</ele>
        <time>2023-07-03T23:32:09.977Z</time>
      </trkpt>
      <trkpt lat="37.586318" lon="-122.317770">
        <ele>4.196052</ele>
        <time>2023-07-03T23:32:11.977Z</time>
      </trkpt>
      <trkpt lat="37.586235" lon="-122.317708">
        <ele>4.209704</ele>
        <time>2023-07-03T23:32:13.977Z</time>
      </trkpt>
      <trkpt lat="37.586159" lon="-122.317638">
        <ele>4.223022</ele>
        <time>2023-07-03T23:32:15.977Z</time>
      </trkpt>
      <trkpt lat="37.586086" lon="-122.317569">
        <ele>4.235932</ele>
        <time>2023-07-03T23:32:17.977Z</time>
      </trkpt>
      <trkpt lat="37.586003" lon="-122.317512">
        <ele>4.249308</ele>
        <time>2023-07-03T23:32:19.977Z</time>
      </trkpt>
      <trkpt lat="37.585914" lon="-122.317464">
        <ele>4.263007</ele>
        <time>2023-07-03T23:32:21.977Z</time>
      </trkpt>
      <trkpt lat="37.585815" lon="-122.317441">
        <ele>4.277256</ele>
        <time>2023-07-03T23:32:23.977Z</time>
      </trkpt>
      <trkpt lat="37.585722" lon="-122.317424">
        <ele>4.290557</ele>
        <time>2023-07-03T23:32:25.977Z</time>
      </trkpt>
      <trkpt lat="37.585626" lon="-122.317409">
        <ele>4.304249</ele>
        <time>2023-07-03T23:32:27.977Z</time>
      </trkpt>
      <trkpt lat="37.585531" lon="-122.317414">
        <ele>4.317708</ele>
        <time>2023-07-03T23:32:29.977Z</time>
      </trkpt>
      <trkpt lat="37.585426" lon="-122.317447">
        <ele>4.333024</ele>
        <time>2023-07-03T23:32:31.977Z</time>
      </trkpt>
      <trkpt lat="37.585325" lon="-122.317435">
        <ele>4.347383</ele>
        <time>2023-07-03T23:32:33.977Z</time>
      </trkpt>
      <trkpt lat="37.585225" lon="-122.317406">
        <ele>4.361907</ele>
        <time>2023-07-03T23:32:35.977Z</time>
      </trkpt>
      <trkpt lat="37.585137" lon="-122.317338">
        <ele>4.376512</ele>
        <time>2023-07-03T23:32:37.977Z</time>
      </trkpt>
      <trkpt lat="37.585066" lon="-122.317236">
        <ele>4.391740</ele>
        <time>2023-07-03T23:32:39.977Z</time>
      </trkpt>
      <trkpt lat="37.584996" lon="-122.317153">
        <ele>4.405336</ele>
        <time>2023-07-03T23:32:41.977Z</time>
      </trkpt>
      <trkpt lat="37.584917" lon="-122.317072">
        <ele>4.388096</ele>
        <time>2023-07-03T23:32:43.977Z</time>
      </trkpt>
      <trkpt lat="37.584834" lon="-122.316993">
        <ele>4.279073</ele>
        <time>2023-07-03T23:32:45.977Z</time>
      </trkpt>
      <trkpt lat="37.584746" lon="-122.316919">
        <ele>4.168176</ele>
        <time>2023-07-03T23:32:47.977Z</time>
      </trkpt>
      <trkpt lat="37.584654" lon="-122.316857">
        <ele>4.058801</ele>
        <time>2023-07-03T23:32:49.977Z</time>
      </trkpt>
      <trkpt lat="37.584562" lon="-122.316784">
        <ele>3.944834</ele>
        <time>2023-07-03T23:32:51.977Z</time>
      </trkpt>
      <trkpt lat="37.584464" lon="-122.316716">
        <ele>3.827552</ele>
        <time>2023-07-03T23:32:53.977Z</time>
      </trkpt>
      <trkpt lat="37.584369" lon="-122.316653">
        <ele>3.715008</ele>
        <time>2023-07-03T23:32:55.977Z</time>
      </trkpt>
      <trkpt lat="37.584277" lon="-122.316582">
        <ele>3.601917</ele>
        <time>2023-07-03T23:32:57.977Z</time>
      </trkpt>
      <trkpt lat="37.584198" lon="-122.316501">
        <ele>3.495171</ele>
        <time>2023-07-03T23:32:59.977Z</time>
      </trkpt>
      <trkpt lat="37.584118" lon="-122.316420">
        <ele>3.387610</ele>
        <time>2023-07-03T23:33:01.977Z</time>
      </trkpt>
      <trkpt lat="37.584046" lon="-122.316328">
        <ele>3.280156</ele>
        <time>2023-07-03T23:33:03.977Z</time>
      </trkpt>
      <trkpt lat="37.583976" lon="-122.316229">
        <ele>3.169895</ele>
        <time>2023-07-03T23:33:05.977Z</time>
      </trkpt>
      <trkpt lat="37.583909" lon="-122.316133">
        <ele>3.063586</ele>
        <time>2023-07-03T23:33:07.977Z</time>
      </trkpt>
      <trkpt lat="37.583841" lon="-122.316032">
        <ele>2.953449</ele>
        <time>2023-07-03T23:33:09.977Z</time>
      </trkpt>
      <trkpt lat="37.583779" lon="-122.315932">
        <ele>2.847932</ele>
        <time>2023-07-03T23:33:11.977Z</time>
      </trkpt>
      <trkpt lat="37.583705" lon="-122.315835">
        <ele>2.736038</ele>
        <time>2023-07-03T23:33:13.977Z</time>
      </trkpt>
      <trkpt lat="37.583628" lon="-122.315751">
        <ele>2.629299</ele>
        <time>2023-07-03T23:33:15.977Z</time>
      </trkpt>
      <trkpt lat="37.583545" lon="-122.315673">
        <ele>2.538628</ele>
        <time>2023-07-03T23:33:17.977Z</time>
      </trkpt>
      <trkpt lat="37.583457" lon="-122.315591">
        <ele>2.651403</ele>
        <time>2023-07-03T23:33:19.977Z</time>
      </trkpt>
      <trkpt lat="37.583375" lon="-122.315516">
        <ele>2.755808</ele>
        <time>2023-07-03T23:33:21.977Z</time>
      </trkpt>
      <trkpt lat="37.583288" lon="-122.315442">
        <ele>2.863971</ele>
        <time>2023-07-03T23:33:23.976Z</time>
      </trkpt>
      <trkpt lat="37.583199" lon="-122.315371">
        <ele>2.972520</ele>
        <time>2023-07-03T23:33:25.976Z</time>
      </trkpt>
      <trkpt lat="37.583112" lon="-122.315292">
        <ele>3.083018</ele>
        <time>2023-07-03T23:33:27.976Z</time>
      </trkpt>
      <trkpt lat="37.583028" lon="-122.315208">
        <ele>3.193510</ele>
        <time>2023-07-03T23:33:29.976Z</time>
      </trkpt>
      <trkpt lat="37.582950" lon="-122.315123">
        <ele>3.299756</ele>
        <time>2023-07-03T23:33:31.976Z</time>
      </trkpt>
      <trkpt lat="37.582873" lon="-122.315031">
        <ele>3.409075</ele>
        <time>2023-07-03T23:33:33.976Z</time>
      </trkpt>
      <trkpt lat="37.582796" lon="-122.314937">
        <ele>3.519523</ele>
        <time>2023-07-03T23:33:35.976Z</time>
      </trkpt>
      <trkpt lat="37.582722" lon="-122.314839">
        <ele>3.630112</ele>
        <time>2023-07-03T23:33:37.976Z</time>
      </trkpt>
      <trkpt lat="37.582655" lon="-122.314749">
        <ele>3.730995</ele>
        <time>2023-07-03T23:33:40.976Z</time>
      </trkpt>
      <trkpt lat="37.582541" lon="-122.314615">
        <ele>3.891608</ele>
        <time>2023-07-03T23:34:14.977Z</time>
      </trkpt>
      <trkpt lat="37.582456" lon="-122.314506">
        <ele>4.016543</ele>
        <time>2023-07-03T23:34:17.977Z</time>
      </trkpt>
      <trkpt lat="37.582393" lon="-122.314426">
        <ele>4.108684</ele>
        <time>2023-07-03T23:34:19.977Z</time>
      </trkpt>
      <trkpt lat="37.582331" lon="-122.314340">
        <ele>4.203667</ele>
        <time>2023-07-03T23:34:21.977Z</time>
      </trkpt>
      <trkpt lat="37.582262" lon="-122.314262">
        <ele>4.299170</ele>
        <time>2023-07-03T23:34:23.978Z</time>
      </trkpt>
      <trkpt lat="37.582202" lon="-122.314170">
        <ele>4.383780</ele>
        <time>2023-07-03T23:34:25.978Z</time>
      </trkpt>
      <trkpt lat="37.582135" lon="-122.314081">
        <ele>4.381775</ele>
        <time>2023-07-03T23:34:27.979Z</time>
      </trkpt>
      <trkpt lat="37.582068" lon="-122.313979">
        <ele>4.379612</ele>
        <time>2023-07-03T23:34:29.979Z</time>
      </trkpt>
      <trkpt lat="37.582004" lon="-122.313893">
        <ele>4.377685</ele>
        <time>2023-07-03T23:34:31.980Z</time>
      </trkpt>
      <trkpt lat="37.581925" lon="-122.313799">
        <ele>4.375448</ele>
        <time>2023-07-03T23:34:33.980Z</time>
      </trkpt>
      <trkpt lat="37.581849" lon="-122.313713">
        <ele>4.373344</ele>
        <time>2023-07-03T23:34:35.981Z</time>
      </trkpt>
      <trkpt lat="37.581761" lon="-122.313635">
        <ele>4.371128</ele>
        <time>2023-07-03T23:34:37.981Z</time>
      </trkpt>
      <trkpt lat="37.581690" lon="-122.313539">
        <ele>4.368984</ele>
        <time>2023-07-03T23:34:39.981Z</time>
      </trkpt>
      <trkpt lat="37.581609" lon="-122.313452">
        <ele>4.366792</ele>
        <time>2023-07-03T23:34:41.981Z</time>
      </trkpt>
      <trkpt lat="37.581526" lon="-122.313366">
        <ele>4.364579</ele>
        <time>2023-07-03T23:34:43.981Z</time>
      </trkpt>
      <trkpt lat="37.581441" lon="-122.313287">
        <ele>4.362403</ele>
        <time>2023-07-03T23:34:45.982Z</time>
      </trkpt>
      <trkpt lat="37.581360" lon="-122.313194">
        <ele>4.360147</ele>
        <time>2023-07-03T23:34:47.982Z</time>
      </trkpt>
      <trkpt lat="37.581279" lon="-122.313095">
        <ele>4.357823</ele>
        <time>2023-07-03T23:34:49.982Z</time>
      </trkpt>
      <trkpt lat="37.581196" lon="-122.312991">
        <ele>4.355412</ele>
        <time>2023-07-03T23:34:51.982Z</time>
      </trkpt>
      <trkpt lat="37.581108" lon="-122.312889">
        <ele>4.352950</ele>
        <time>2023-07-03T23:34:53.982Z</time>
      </trkpt>
      <trkpt lat="37.581031" lon="-122.312774">
        <ele>4.350492</ele>
        <time>2023-07-03T23:34:55.982Z</time>
      </trkpt>
      <trkpt lat="37.580945" lon="-122.312674">
        <ele>4.348082</ele>
        <time>2023-07-03T23:34:57.982Z</time>
      </trkpt>
      <trkpt lat="37.580856" lon="-122.312576">
        <ele>4.316864</ele>
        <time>2023-07-03T23:34:59.982Z</time>
      </trkpt>
      <trkpt lat="37.580769" lon="-122.312472">
        <ele>4.260454</ele>
        <time>2023-07-03T23:35:01.982Z</time>
      </trkpt>
      <trkpt lat="37.580681" lon="-122.312373">
        <ele>4.204960</ele>
        <time>2023-07-03T23:35:03.982Z</time>
      </trkpt>
      <trkpt lat="37.580595" lon="-122.312270">
        <ele>4.149148</ele>
        <time>2023-07-03T23:35:05.982Z</time>
      </trkpt>
      <trkpt lat="37.580509" lon="-122.312162">
        <ele>4.092035</ele>
        <time>2023-07-03T23:35:07.982Z</time>
      </trkpt>
      <trkpt lat="37.580421" lon="-122.312059">
        <ele>4.035537</ele>
        <time>2023-07-03T23:35:09.982Z</time>
      </trkpt>
      <trkpt lat="37.580332" lon="-122.311959">
        <ele>3.979443</ele>
        <time>2023-07-03T23:35:11.983Z</time>
      </trkpt>
      <trkpt lat="37.580243" lon="-122.311855">
        <ele>3.922345</ele>
        <time>2023-07-03T23:35:13.983Z</time>
      </trkpt>
      <trkpt lat="37.580154" lon="-122.311752">
        <ele>3.865500</ele>
        <time>2023-07-03T23:35:15.983Z</time>
      </trkpt>
      <trkpt lat="37.580061" lon="-122.311647">
        <ele>3.806759</ele>
        <time>2023-07-03T23:35:17.983Z</time>
      </trkpt>
      <trkpt lat="37.579964" lon="-122.311550">
        <ele>3.748501</ele>
        <time>2023-07-03T23:35:19.983Z</time>
      </trkpt>
      <trkpt lat="37.579870" lon="-122.311448">
        <ele>3.690144</ele>
        <time>2023-07-03T23:35:21.983Z</time>
      </trkpt>
      <trkpt lat="37.579775" lon="-122.311338">
        <ele>3.629453</ele>
        <time>2023-07-03T23:35:23.983Z</time>
      </trkpt>
      <trkpt lat="37.579683" lon="-122.311230">
        <ele>3.570305</ele>
        <time>2023-07-03T23:35:25.983Z</time>
      </trkpt>
      <trkpt lat="37.579589" lon="-122.311120">
        <ele>3.509960</ele>
        <time>2023-07-03T23:35:27.983Z</time>
      </trkpt>
      <trkpt lat="37.579497" lon="-122.311009">
        <ele>3.504903</ele>
        <time>2023-07-03T23:35:29.983Z</time>
      </trkpt>
      <trkpt lat="37.579407" lon="-122.310900">
        <ele>3.510241</ele>
        <time>2023-07-03T23:35:31.983Z</time>
      </trkpt>
      <trkpt lat="37.579314" lon="-122.310793">
        <ele>3.515627</ele>
        <time>2023-07-03T23:35:33.983Z</time>
      </trkpt>
      <trkpt lat="37.579223" lon="-122.310683">
        <ele>3.521019</ele>
        <time>2023-07-03T23:35:35.983Z</time>
      </trkpt>
      <trkpt lat="37.579131" lon="-122.310579">
        <ele>3.526305</ele>
        <time>2023-07-03T23:35:37.983Z</time>
      </trkpt>
      <trkpt lat="37.579039" lon="-122.310473">
        <ele>3.531636</ele>
        <time>2023-07-03T23:35:39.983Z</time>
      </trkpt>
      <trkpt lat="37.578946" lon="-122.310364">
        <ele>3.537068</ele>
        <time>2023-07-03T23:35:41.983Z</time>
      </trkpt>
      <trkpt lat="37.578853" lon="-122.310255">
        <ele>3.542500</ele>
        <time>2023-07-03T23:35:43.983Z</time>
      </trkpt>
      <trkpt lat="37.578760" lon="-122.310140">
        <ele>3.548072</ele>
        <time>2023-07-03T23:35:45.983Z</time>
      </trkpt>
      <trkpt lat="37.578664" lon="-122.310029">
        <ele>3.553644</ele>
        <time>2023-07-03T23:35:47.983Z</time>
      </trkpt>
      <trkpt lat="37.578574" lon="-122.309915">
        <ele>3.559101</ele>
        <time>2023-07-03T23:35:49.982Z</time>
      </trkpt>
      <trkpt lat="37.578480" lon="-122.309796">
        <ele>3.564799</ele>
        <time>2023-07-03T23:35:51.982Z</time>
      </trkpt>
      <trkpt lat="37.578383" lon="-122.309681">
        <ele>3.570495</ele>
        <time>2023-07-03T23:35:53.982Z</time>
      </trkpt>
      <trkpt lat="37.578287" lon="-122.309570">
        <ele>3.576067</ele>
        <time>2023-07-03T23:35:55.982Z</time>
      </trkpt>
      <trkpt lat="37.578182" lon="-122.309463">
        <ele>3.558612</ele>
        <time>2023-07-03T23:35:57.982Z</time>
      </trkpt>
      <trkpt lat="37.578084" lon="-122.309349">
        <ele>3.535148</ele>
        <time>2023-07-03T23:35:59.982Z</time>
      </trkpt>
      <trkpt lat="37.577988" lon="-122.309240">
        <ele>3.512414</ele>
        <time>2023-07-03T23:36:01.982Z</time>
      </trkpt>
      <trkpt lat="37.577891" lon="-122.309127">
        <ele>3.489174</ele>
        <time>2023-07-03T23:36:03.982Z</time>
      </trkpt>
      <trkpt lat="37.577798" lon="-122.309012">
        <ele>3.466252</ele>
        <time>2023-07-03T23:36:05.982Z</time>
      </trkpt>
      <trkpt lat="37.577701" lon="-122.308896">
        <ele>3.442726</ele>
        <time>2023-07-03T23:36:07.983Z</time>
      </trkpt>
      <trkpt lat="37.577613" lon="-122.308778">
        <ele>3.420121</ele>
        <time>2023-07-03T23:36:09.983Z</time>
      </trkpt>
      <trkpt lat="37.577507" lon="-122.308667">
        <ele>3.395872</ele>
        <time>2023-07-03T23:36:11.982Z</time>
      </trkpt>
      <trkpt lat="37.577408" lon="-122.308555">
        <ele>3.372465</ele>
        <time>2023-07-03T23:36:13.982Z</time>
      </trkpt>
      <trkpt lat="37.577307" lon="-122.308444">
        <ele>3.348887</ele>
        <time>2023-07-03T23:36:15.982Z</time>
      </trkpt>
      <trkpt lat="37.577198" lon="-122.308344">
        <ele>3.325164</ele>
        <time>2023-07-03T23:36:17.983Z</time>
      </trkpt>
      <trkpt lat="37.577082" lon="-122.308252">
        <ele>3.301045</ele>
        <time>2023-07-03T23:36:19.982Z</time>
      </trkpt>
      <trkpt lat="37.576951" lon="-122.308161">
        <ele>3.274720</ele>
        <time>2023-07-03T23:36:21.982Z</time>
      </trkpt>
      <trkpt lat="37.576833" lon="-122.308059">
        <ele>3.295271</ele>
        <time>2023-07-03T23:36:23.982Z</time>
      </trkpt>
      <trkpt lat="37.576705" lon="-122.307957">
        <ele>3.378083</ele>
        <time>2023-07-03T23:36:25.982Z</time>
      </trkpt>
      <trkpt lat="37.576582" lon="-122.307834">
        <ele>3.463933</ele>
        <time>2023-07-03T23:36:27.982Z</time>
      </trkpt>
      <trkpt lat="37.576477" lon="-122.307685">
        <ele>3.550371</ele>
        <time>2023-07-03T23:36:29.982Z</time>
      </trkpt>
      <trkpt lat="37.576379" lon="-122.307546">
        <ele>3.631025</ele>
        <time>2023-07-03T23:36:31.982Z</time>
      </trkpt>
      <trkpt lat="37.576303" lon="-122.307393">
        <ele>3.709306</ele>
        <time>2023-07-03T23:36:33.982Z</time>
      </trkpt>
      <trkpt lat="37.576235" lon="-122.307249">
        <ele>3.781975</ele>
        <time>2023-07-03T23:36:35.982Z</time>
      </trkpt>
      <trkpt lat="37.576154" lon="-122.307115">
        <ele>3.855037</ele>
        <time>2023-07-03T23:36:37.982Z</time>
      </trkpt>
      <trkpt lat="37.576059" lon="-122.307000">
        <ele>3.927051</ele>
        <time>2023-07-03T23:36:39.982Z</time>
      </trkpt>
      <trkpt lat="37.575957" lon="-122.306888">
        <ele>4.001015</ele>
        <time>2023-07-03T23:36:41.982Z</time>
      </trkpt>
      <trkpt lat="37.575861" lon="-122.306772">
        <ele>4.073725</ele>
        <time>2023-07-03T23:36:43.982Z</time>
      </trkpt>
      <trkpt lat="37.575764" lon="-122.306656">
        <ele>4.146830</ele>
        <time>2023-07-03T23:36:45.982Z</time>
      </trkpt>
      <trkpt lat="37.575665" lon="-122.306541">
        <ele>4.220439</ele>
        <time>2023-07-03T23:36:47.982Z</time>
      </trkpt>
      <trkpt lat="37.575574" lon="-122.306420">
        <ele>4.217639</ele>
        <time>2023-07-03T23:36:49.982Z</time>
      </trkpt>
      <trkpt lat="37.575488" lon="-122.306304">
        <ele>4.179196</ele>
        <time>2023-07-03T23:36:51.982Z</time>
      </trkpt>
      <trkpt lat="37.575395" lon="-122.306204">
        <ele>4.141883</ele>
        <time>2023-07-03T23:36:53.982Z</time>
      </trkpt>
      <trkpt lat="37.575322" lon="-122.306116">
        <ele>4.111052</ele>
        <time>2023-07-03T23:36:55.982Z</time>
      </trkpt>
      <trkpt lat="37.575247" lon="-122.306005">
        <ele>4.075749</ele>
        <time>2023-07-03T23:36:58.982Z</time>
      </trkpt>
      <trkpt lat="37.575155" lon="-122.305927">
        <ele>4.041902</ele>
        <time>2023-07-03T23:37:01.982Z</time>
      </trkpt>
      <trkpt lat="37.575046" lon="-122.305848">
        <ele>4.003515</ele>
        <time>2023-07-03T23:37:04.982Z</time>
      </trkpt>
      <trkpt lat="37.574955" lon="-122.305765">
        <ele>3.969226</ele>
        <time>2023-07-03T23:37:07.982Z</time>
      </trkpt>
      <trkpt lat="37.574890" lon="-122.305673">
        <ele>3.939397</ele>
        <time>2023-07-03T23:37:11.982Z</time>
      </trkpt>
      <trkpt lat="37.574818" lon="-122.305569">
        <ele>3.905975</ele>
        <time>2023-07-03T23:37:15.982Z</time>
      </trkpt>
      <trkpt lat="37.574774" lon="-122.305405">
        <ele>3.864071</ele>
        <time>2023-07-03T23:37:18.982Z</time>
      </trkpt>
      <trkpt lat="37.574771" lon="-122.305276">
        <ele>3.832836</ele>
        <time>2023-07-03T23:37:20.982Z</time>
      </trkpt>
      <trkpt lat="37.574778" lon="-122.305129">
        <ele>3.797194</ele>
        <time>2023-07-03T23:37:22.982Z</time>
      </trkpt>
      <trkpt lat="37.574764" lon="-122.304974">
        <ele>3.759437</ele>
        <time>2023-07-03T23:37:24.982Z</time>
      </trkpt>
      <trkpt lat="37.574751" lon="-122.304820">
        <ele>3.721954</ele>
        <time>2023-07-03T23:37:26.981Z</time>
      </trkpt>
      <trkpt lat="37.574740" lon="-122.304663">
        <ele>3.729844</ele>
        <time>2023-07-03T23:37:28.981Z</time>
      </trkpt>
      <trkpt lat="37.574714" lon="-122.304499">
        <ele>3.851613</ele>
        <time>2023-07-03T23:37:30.981Z</time>
      </trkpt>
      <trkpt lat="37.574676" lon="-122.304331">
        <ele>3.978813</ele>
        <time>2023-07-03T23:37:32.981Z</time>
      </trkpt>
      <trkpt lat="37.574630" lon="-122.304186">
        <ele>4.092527</ele>
        <time>2023-07-03T23:37:34.981Z</time>
      </trkpt>
      <trkpt lat="37.574582" lon="-122.304044">
        <ele>4.204924</ele>
        <time>2023-07-03T23:37:36.981Z</time>
      </trkpt>
      <trkpt lat="37.574527" lon="-122.303910">
        <ele>4.314793</ele>
        <time>2023-07-03T23:37:38.981Z</time>
      </trkpt>
      <trkpt lat="37.574484" lon="-122.303783">
        <ele>4.415343</ele>
        <time>2023-07-03T23:37:40.981Z</time>
      </trkpt>
      <trkpt lat="37.574440" lon="-122.303659">
        <ele>4.514259</ele>
        <time>2023-07-03T23:37:42.981Z</time>
      </trkpt>
      <trkpt lat="37.574413" lon="-122.303514">
        <ele>4.622705</ele>
        <time>2023-07-03T23:37:44.981Z</time>
      </trkpt>
      <trkpt lat="37.574358" lon="-122.303377">
        <ele>4.734518</ele>
        <time>2023-07-03T23:37:46.981Z</time>
      </trkpt>
      <trkpt lat="37.574351" lon="-122.303217">
        <ele>4.851187</ele>
        <time>2023-07-03T23:37:48.981Z</time>
      </trkpt>
      <trkpt lat="37.574347" lon="-122.303062">
        <ele>4.964099</ele>
        <time>2023-07-03T23:37:50.981Z</time>
      </trkpt>
      <trkpt lat="37.574325" lon="-122.302920">
        <ele>5.069443</ele>
        <time>2023-07-03T23:37:52.981Z</time>
      </trkpt>
      <trkpt lat="37.574293" lon="-122.302784">
        <ele>5.172733</ele>
        <time>2023-07-03T23:37:54.981Z</time>
      </trkpt>
      <trkpt lat="37.574258" lon="-122.302653">
        <ele>5.273385</ele>
        <time>2023-07-03T23:37:56.981Z</time>
      </trkpt>
      <trkpt lat="37.574218" lon="-122.302526">
        <ele>5.363702</ele>
        <time>2023-07-03T23:37:58.981Z</time>
      </trkpt>
      <trkpt lat="37.574179" lon="-122.302399">
        <ele>5.426866</ele>
        <time>2023-07-03T23:38:00.981Z</time>
      </trkpt>
      <trkpt lat="37.574123" lon="-122.302277">
        <ele>5.492249</ele>
        <time>2023-07-03T23:38:02.981Z</time>
      </trkpt>
      <trkpt lat="37.574066" lon="-122.302148">
        <ele>5.560743</ele>
        <time>2023-07-03T23:38:04.981Z</time>
      </trkpt>
      <trkpt lat="37.574042" lon="-122.301997">
        <ele>5.632165</ele>
        <time>2023-07-03T23:38:06.981Z</time>
      </trkpt>
      <trkpt lat="37.573992" lon="-122.301859">
        <ele>5.702534</ele>
        <time>2023-07-03T23:38:08.981Z</time>
      </trkpt>
      <trkpt lat="37.573885" lon="-122.301771">
        <ele>5.777270</ele>
        <time>2023-07-03T23:38:10.981Z</time>
      </trkpt>
      <trkpt lat="37.573788" lon="-122.301659">
        <ele>5.854208</ele>
        <time>2023-07-03T23:38:12.981Z</time>
      </trkpt>
      <trkpt lat="37.573744" lon="-122.301486">
        <ele>5.938468</ele>
        <time>2023-07-03T23:38:14.982Z</time>
      </trkpt>
      <trkpt lat="37.573721" lon="-122.301325">
        <ele>6.014337</ele>
        <time>2023-07-03T23:38:16.982Z</time>
      </trkpt>
      <trkpt lat="37.573720" lon="-122.301174">
        <ele>6.084367</ele>
        <time>2023-07-03T23:38:18.981Z</time>
      </trkpt>
      <trkpt lat="37.573679" lon="-122.301046">
        <ele>6.148393</ele>
        <time>2023-07-03T23:38:20.982Z</time>
      </trkpt>
      <trkpt lat="37.573595" lon="-122.300980">
        <ele>6.206296</ele>
        <time>2023-07-03T23:38:22.981Z</time>
      </trkpt>
      <trkpt lat="37.573498" lon="-122.300975">
        <ele>6.263102</ele>
        <time>2023-07-03T23:38:24.982Z</time>
      </trkpt>
      <trkpt lat="37.573391" lon="-122.300946">
        <ele>6.327140</ele>
        <time>2023-07-03T23:38:26.981Z</time>
      </trkpt>
      <trkpt lat="37.573332" lon="-122.300818">
        <ele>6.395811</ele>
        <time>2023-07-03T23:38:28.981Z</time>
      </trkpt>
      <trkpt lat="37.573302" lon="-122.300671">
        <ele>6.352638</ele>
        <time>2023-07-03T23:38:30.981Z</time>
      </trkpt>
      <trkpt lat="37.573251" lon="-122.300534">
        <ele>6.302341</ele>
        <time>2023-07-03T23:38:32.981Z</time>
      </trkpt>
      <trkpt lat="37.573179" lon="-122.300420">
        <ele>6.253902</ele>
        <time>2023-07-03T23:38:34.981Z</time>
      </trkpt>
      <trkpt lat="37.573125" lon="-122.300301">
        <ele>6.208335</ele>
        <time>2023-07-03T23:38:36.981Z</time>
      </trkpt>
      <trkpt lat="37.573098" lon="-122.300169">
        <ele>6.163034</ele>
        <time>2023-07-03T23:38:38.981Z</time>
      </trkpt>
      <trkpt lat="37.573062" lon="-122.300034">
        <ele>6.115702</ele>
        <time>2023-07-03T23:38:40.981Z</time>
      </trkpt>
      <trkpt lat="37.573007" lon="-122.299905">
        <ele>6.067027</ele>
        <time>2023-07-03T23:38:42.981Z</time>
      </trkpt>
      <trkpt lat="37.572935" lon="-122.299796">
        <ele>6.019875</ele>
        <time>2023-07-03T23:38:44.981Z</time>
      </trkpt>
      <trkpt lat="37.572878" lon="-122.299665">
        <ele>5.970215</ele>
        <time>2023-07-03T23:38:46.981Z</time>
      </trkpt>
      <trkpt lat="37.572850" lon="-122.299520">
        <ele>5.920622</ele>
        <time>2023-07-03T23:38:48.981Z</time>
      </trkpt>
      <trkpt lat="37.572816" lon="-122.299359">
        <ele>5.865254</ele>
        <time>2023-07-03T23:38:50.981Z</time>
      </trkpt>
      <trkpt lat="37.572780" lon="-122.299201">
        <ele>5.810624</ele>
        <time>2023-07-03T23:38:52.981Z</time>
      </trkpt>
      <trkpt lat="37.572764" lon="-122.299037">
        <ele>5.755715</ele>
        <time>2023-07-03T23:38:54.981Z</time>
      </trkpt>
      <trkpt lat="37.572815" lon="-122.298881">
        <ele>5.699639</ele>
        <time>2023-07-03T23:38:56.981Z</time>
      </trkpt>
      <trkpt lat="37.572839" lon="-122.298726">
        <ele>5.647158</ele>
        <time>2023-07-03T23:38:58.981Z</time>
      </trkpt>
      <trkpt lat="37.572814" lon="-122.298572">
        <ele>5.549171</ele>
        <time>2023-07-03T23:39:00.981Z</time>
      </trkpt>
      <trkpt lat="37.572752" lon="-122.298440">
        <ele>5.452453</ele>
        <time>2023-07-03T23:39:02.981Z</time>
      </trkpt>
      <trkpt lat="37.572647" lon="-122.298344">
        <ele>5.349326</ele>
        <time>2023-07-03T23:39:04.981Z</time>
      </trkpt>
      <trkpt lat="37.572525" lon="-122.298276">
        <ele>5.243253</ele>
        <time>2023-07-03T23:39:06.981Z</time>
      </trkpt>
      <trkpt lat="37.572425" lon="-122.298164">
        <ele>5.136908</ele>
        <time>2023-07-03T23:39:08.981Z</time>
      </trkpt>
      <trkpt lat="37.572359" lon="-122.298012">
        <ele>5.027660</ele>
        <time>2023-07-03T23:39:10.981Z</time>
      </trkpt>
      <trkpt lat="37.572317" lon="-122.297843">
        <ele>4.916018</ele>
        <time>2023-07-03T23:39:12.981Z</time>
      </trkpt>
      <trkpt lat="37.572327" lon="-122.297679">
        <ele>4.812336</ele>
        <time>2023-07-03T23:39:14.981Z</time>
      </trkpt>
      <trkpt lat="37.572371" lon="-122.297517">
        <ele>4.704391</ele>
        <time>2023-07-03T23:39:16.981Z</time>
      </trkpt>
      <trkpt lat="37.572393" lon="-122.297362">
        <ele>4.605134</ele>
        <time>2023-07-03T23:39:18.981Z</time>
      </trkpt>
      <trkpt lat="37.572370" lon="-122.297249">
        <ele>4.531594</ele>
        <time>2023-07-03T23:39:20.981Z</time>
      </trkpt>
      <trkpt lat="37.572249" lon="-122.297205">
        <ele>4.431445</ele>
        <time>2023-07-03T23:39:23.981Z</time>
      </trkpt>
      <trkpt lat="37.572149" lon="-122.297227">
        <ele>4.350715</ele>
        <time>2023-07-03T23:39:25.981Z</time>
      </trkpt>
      <trkpt lat="37.572049" lon="-122.297237">
        <ele>4.270935</ele>
        <time>2023-07-03T23:39:27.981Z</time>
      </trkpt>
      <trkpt lat="37.571953" lon="-122.297257">
        <ele>4.223441</ele>
        <time>2023-07-03T23:39:29.981Z</time>
      </trkpt>
      <trkpt lat="37.571864" lon="-122.297224">
        <ele>4.250288</ele>
        <time>2023-07-03T23:39:31.981Z</time>
      </trkpt>
      <trkpt lat="37.571775" lon="-122.297143">
        <ele>4.282048</ele>
        <time>2023-07-03T23:39:33.981Z</time>
      </trkpt>
      <trkpt lat="37.571691" lon="-122.297073">
        <ele>4.311183</ele>
        <time>2023-07-03T23:39:35.981Z</time>
      </trkpt>
      <trkpt lat="37.571618" lon="-122.296988">
        <ele>4.339932</ele>
        <time>2023-07-03T23:39:37.981Z</time>
      </trkpt>
      <trkpt lat="37.571561" lon="-122.296884">
        <ele>4.368936</ele>
        <time>2023-07-03T23:39:39.981Z</time>
      </trkpt>
      <trkpt lat="37.571511" lon="-122.296768">
        <ele>4.399225</ele>
        <time>2023-07-03T23:39:41.981Z</time>
      </trkpt>
      <trkpt lat="37.571467" lon="-122.296659">
        <ele>4.427284</ele>
        <time>2023-07-03T23:39:43.981Z</time>
      </trkpt>
      <trkpt lat="37.571422" lon="-122.296535">
        <ele>4.458567</ele>
        <time>2023-07-03T23:39:45.981Z</time>
      </trkpt>
      <trkpt lat="37.571378" lon="-122.296411">
        <ele>4.489732</ele>
        <time>2023-07-03T23:39:47.981Z</time>
      </trkpt>
      <trkpt lat="37.571340" lon="-122.296288">
        <ele>4.520014</ele>
        <time>2023-07-03T23:39:49.981Z</time>
      </trkpt>
      <trkpt lat="37.571295" lon="-122.296152">
        <ele>4.553819</ele>
        <time>2023-07-03T23:39:51.981Z</time>
      </trkpt>
      <trkpt lat="37.571263" lon="-122.296030">
        <ele>4.583297</ele>
        <time>2023-07-03T23:39:53.981Z</time>
      </trkpt>
      <trkpt lat="37.571227" lon="-122.295920">
        <ele>4.610596</ele>
        <time>2023-07-03T23:39:55.981Z</time>
      </trkpt>
      <trkpt lat="37.571195" lon="-122.295800">
        <ele>4.639639</ele>
        <time>2023-07-03T23:39:58.981Z</time>
      </trkpt>
      <trkpt lat="37.571041" lon="-122.295549">
        <ele>4.712449</ele>
        <time>2023-07-03T23:40:59.981Z</time>
      </trkpt>
      <trkpt lat="37.571005" lon="-122.295394">
        <ele>4.719967</ele>
        <time>2023-07-03T23:41:02.981Z</time>
      </trkpt>
      <trkpt lat="37.570967" lon="-122.295235">
        <ele>4.674635</ele>
        <time>2023-07-03T23:41:05.981Z</time>
      </trkpt>
      <trkpt lat="37.570927" lon="-122.295080">
        <ele>4.630138</ele>
        <time>2023-07-03T23:41:08.981Z</time>
      </trkpt>
      <trkpt lat="37.570898" lon="-122.294924">
        <ele>4.586399</ele>
        <time>2023-07-03T23:41:11.981Z</time>
      </trkpt>
      <trkpt lat="37.570858" lon="-122.294771">
        <ele>4.542421</ele>
        <time>2023-07-03T23:41:14.981Z</time>
      </trkpt>
      <trkpt lat="37.570823" lon="-122.294617">
        <ele>4.498689</ele>
        <time>2023-07-03T23:41:17.981Z</time>
      </trkpt>
      <trkpt lat="37.570789" lon="-122.294468">
        <ele>4.456365</ele>
        <time>2023-07-03T23:41:20.981Z</time>
      </trkpt>
      <trkpt lat="37.570766" lon="-122.294318">
        <ele>4.414660</ele>
        <time>2023-07-03T23:41:23.981Z</time>
      </trkpt>
      <trkpt lat="37.570743" lon="-122.294172">
        <ele>4.374026</ele>
        <time>2023-07-03T23:41:26.981Z</time>
      </trkpt>
      <trkpt lat="37.570721" lon="-122.294012">
        <ele>4.329699</ele>
        <time>2023-07-03T23:41:29.981Z</time>
      </trkpt>
      <trkpt lat="37.570709" lon="-122.293839">
        <ele>4.282294</ele>
        <time>2023-07-03T23:41:32.981Z</time>
      </trkpt>
      <trkpt lat="37.570697" lon="-122.293713">
        <ele>4.247652</ele>
        <time>2023-07-03T23:41:34.981Z</time>
      </trkpt>
      <trkpt lat="37.570696" lon="-122.293584">
        <ele>4.212437</ele>
        <time>2023-07-03T23:41:36.981Z</time>
      </trkpt>
      <trkpt lat="37.570690" lon="-122.293438">
        <ele>4.172530</ele>
        <time>2023-07-03T23:41:38.981Z</time>
      </trkpt>
      <trkpt lat="37.570682" lon="-122.293286">
        <ele>4.130947</ele>
        <time>2023-07-03T23:41:40.981Z</time>
      </trkpt>
      <trkpt lat="37.570687" lon="-122.293138">
        <ele>4.093263</ele>
        <time>2023-07-03T23:41:42.981Z</time>
      </trkpt>
      <trkpt lat="37.570686" lon="-122.292987">
        <ele>4.056399</ele>
        <time>2023-07-03T23:41:44.981Z</time>
      </trkpt>
      <trkpt lat="37.570680" lon="-122.292830">
        <ele>4.018027</ele>
        <time>2023-07-03T23:41:46.981Z</time>
      </trkpt>
      <trkpt lat="37.570682" lon="-122.292677">
        <ele>3.980670</ele>
        <time>2023-07-03T23:41:48.981Z</time>
      </trkpt>
      <trkpt lat="37.570683" lon="-122.292514">
        <ele>3.940877</ele>
        <time>2023-07-03T23:41:50.981Z</time>
      </trkpt>
      <trkpt lat="37.570703" lon="-122.292349">
        <ele>3.900128</ele>
        <time>2023-07-03T23:41:52.981Z</time>
      </trkpt>
      <trkpt lat="37.570718" lon="-122.292170">
        <ele>3.856186</ele>
        <time>2023-07-03T23:41:54.981Z</time>
      </trkpt>
      <trkpt lat="37.570703" lon="-122.291994">
        <ele>3.812972</ele>
        <time>2023-07-03T23:41:56.981Z</time>
      </trkpt>
      <trkpt lat="37.570666" lon="-122.291833">
        <ele>3.772049</ele>
        <time>2023-07-03T23:41:58.981Z</time>
      </trkpt>
      <trkpt lat="37.570684" lon="-122.291685">
        <ele>3.735495</ele>
        <time>2023-07-03T23:42:01.981Z</time>
      </trkpt>
      <trkpt lat="37.570727" lon="-122.291582">
        <ele>3.707076</ele>
        <time>2023-07-03T23:42:05.981Z</time>
      </trkpt>
      <trkpt lat="37.570732" lon="-122.291458">
        <ele>3.676765</ele>
        <time>2023-07-03T23:42:11.981Z</time>
      </trkpt>
      <trkpt lat="37.570734" lon="-122.291333">
        <ele>3.646243</ele>
        <time>2023-07-03T23:42:14.981Z</time>
      </trkpt>
      <trkpt lat="37.570731" lon="-122.291178">
        <ele>3.608392</ele>
        <time>2023-07-03T23:42:17.981Z</time>
      </trkpt>
      <trkpt lat="37.570737" lon="-122.291006">
        <ele>3.566362</ele>
        <time>2023-07-03T23:42:20.981Z</time>
      </trkpt>
      <trkpt lat="37.570736" lon="-122.290878">
        <ele>3.544997</ele>
        <time>2023-07-03T23:42:22.981Z</time>
      </trkpt>
      <trkpt lat="37.570739" lon="-122.290755">
        <ele>3.525770</ele>
        <time>2023-07-03T23:42:24.981Z</time>
      </trkpt>
      <trkpt lat="37.570740" lon="-122.290632">
        <ele>3.506551</ele>
        <time>2023-07-03T23:42:26.981Z</time>
      </trkpt>
      <trkpt lat="37.570743" lon="-122.290499">
        <ele>3.485763</ele>
        <time>2023-07-03T23:42:28.981Z</time>
      </trkpt>
      <trkpt lat="37.570743" lon="-122.290366">
        <ele>3.464982</ele>
        <time>2023-07-03T23:42:30.981Z</time>
      </trkpt>
      <trkpt lat="37.570741" lon="-122.290235">
        <ele>3.444511</ele>
        <time>2023-07-03T23:42:32.981Z</time>
      </trkpt>
      <trkpt lat="37.570742" lon="-122.290105">
        <ele>3.424198</ele>
        <time>2023-07-03T23:42:34.981Z</time>
      </trkpt>
      <trkpt lat="37.570740" lon="-122.289976">
        <ele>3.404039</ele>
        <time>2023-07-03T23:42:36.981Z</time>
      </trkpt>
      <trkpt lat="37.570750" lon="-122.289855">
        <ele>3.385031</ele>
        <time>2023-07-03T23:42:38.981Z</time>
      </trkpt>
      <trkpt lat="37.570763" lon="-122.289741">
        <ele>3.367036</ele>
        <time>2023-07-03T23:42:40.981Z</time>
      </trkpt>
      <trkpt lat="37.570713" lon="-122.289589">
        <ele>3.341323</ele>
        <time>2023-07-03T23:42:43.981Z</time>
      </trkpt>
      <trkpt lat="37.570588" lon="-122.289532">
        <ele>3.315122</ele>
        <time>2023-07-03T23:42:46.981Z</time>
      </trkpt>
      <trkpt lat="37.570489" lon="-122.289576">
        <ele>3.294431</ele>
        <time>2023-07-03T23:42:48.981Z</time>
      </trkpt>
      <trkpt lat="37.570379" lon="-122.289532">
        <ele>3.271684</ele>
        <time>2023-07-03T23:42:51.981Z</time>
      </trkpt>
      <trkpt lat="37.570320" lon="-122.289441">
        <ele>3.253315</ele>
        <time>2023-07-03T23:42:57.981Z</time>
      </trkpt>
      <trkpt lat="37.570212" lon="-122.289454">
        <ele>3.231928</ele>
        <time>2023-07-03T23:43:00.981Z</time>
      </trkpt>
      <trkpt lat="37.570114" lon="-122.289449">
        <ele>3.212594</ele>
        <time>2023-07-03T23:43:03.981Z</time>
      </trkpt>
      <trkpt lat="37.570050" lon="-122.289341">
        <ele>3.185768</ele>
        <time>2023-07-03T23:43:07.981Z</time>
      </trkpt>
      <trkpt lat="37.570077" lon="-122.289196">
        <ele>3.154369</ele>
        <time>2023-07-03T23:43:10.981Z</time>
      </trkpt>
      <trkpt lat="37.570080" lon="-122.289074">
        <ele>3.128638</ele>
        <time>2023-07-03T23:43:12.981Z</time>
      </trkpt>
      <trkpt lat="37.570092" lon="-122.288960">
        <ele>3.104395</ele>
        <time>2023-07-03T23:43:14.981Z</time>
      </trkpt>
      <trkpt lat="37.570114" lon="-122.288848">
        <ele>3.080071</ele>
        <time>2023-07-03T23:43:16.981Z</time>
      </trkpt>
      <trkpt lat="37.570148" lon="-122.288727">
        <ele>3.053008</ele>
        <time>2023-07-03T23:43:18.981Z</time>
      </trkpt>
      <trkpt lat="37.570172" lon="-122.288599">
        <ele>3.025280</ele>
        <time>2023-07-03T23:43:20.981Z</time>
      </trkpt>
      <trkpt lat="37.570180" lon="-122.288469">
        <ele>2.997793</ele>
        <time>2023-07-03T23:43:22.981Z</time>
      </trkpt>
      <trkpt lat="37.570158" lon="-122.288339">
        <ele>2.969770</ele>
        <time>2023-07-03T23:43:24.981Z</time>
      </trkpt>
      <trkpt lat="37.570117" lon="-122.288221">
        <ele>2.942610</ele>
        <time>2023-07-03T23:43:26.981Z</time>
      </trkpt>
      <trkpt lat="37.570086" lon="-122.288094">
        <ele>2.914597</ele>
        <time>2023-07-03T23:43:28.981Z</time>
      </trkpt>
      <trkpt lat="37.570070" lon="-122.287975">
        <ele>2.889153</ele>
        <time>2023-07-03T23:43:30.981Z</time>
      </trkpt>
      <trkpt lat="37.570051" lon="-122.287838">
        <ele>2.859833</ele>
        <time>2023-07-03T23:43:32.981Z</time>
      </trkpt>
      <trkpt lat="37.570014" lon="-122.287710">
        <ele>2.831112</ele>
        <time>2023-07-03T23:43:34.981Z</time>
      </trkpt>
      <trkpt lat="37.569961" lon="-122.287592">
        <ele>2.802520</ele>
        <time>2023-07-03T23:43:36.981Z</time>
      </trkpt>
      <trkpt lat="37.569889" lon="-122.287477">
        <ele>2.771627</ele>
        <time>2023-07-03T23:43:38.981Z</time>
      </trkpt>
      <trkpt lat="37.569815" lon="-122.287365">
        <ele>2.740889</ele>
        <time>2023-07-03T23:43:40.981Z</time>
      </trkpt>
      <trkpt lat="37.569737" lon="-122.287248">
        <ele>2.714953</ele>
        <time>2023-07-03T23:43:42.981Z</time>
      </trkpt>
      <trkpt lat="37.569660" lon="-122.287140">
        <ele>2.693520</ele>
        <time>2023-07-03T23:43:44.981Z</time>
      </trkpt>
      <trkpt lat="37.569583" lon="-122.287041">
        <ele>2.673054</ele>
        <time>2023-07-03T23:43:46.981Z</time>
      </trkpt>
      <trkpt lat="37.569488" lon="-122.286940">
        <ele>2.649927</ele>
        <time>2023-07-03T23:43:48.981Z</time>
      </trkpt>
      <trkpt lat="37.569397" lon="-122.286853">
        <ele>2.628672</ele>
        <time>2023-07-03T23:43:50.981Z</time>
      </trkpt>
      <trkpt lat="37.569306" lon="-122.286816">
        <ele>2.610873</ele>
        <time>2023-07-03T23:43:52.981Z</time>
      </trkpt>
      <trkpt lat="37.569198" lon="-122.286805">
        <ele>2.590703</ele>
        <time>2023-07-03T23:43:54.981Z</time>
      </trkpt>
      <trkpt lat="37.569113" lon="-122.286752">
        <ele>2.573052</ele>
        <time>2023-07-03T23:43:56.981Z</time>
      </trkpt>
      <trkpt lat="37.569049" lon="-122.286606">
        <ele>2.548434</ele>
        <time>2023-07-03T23:43:58.981Z</time>
      </trkpt>
      <trkpt lat="37.569012" lon="-122.286461">
        <ele>2.525958</ele>
        <time>2023-07-03T23:44:00.981Z</time>
      </trkpt>
      <trkpt lat="37.568957" lon="-122.286309">
        <ele>2.501303</ele>
        <time>2023-07-03T23:44:02.981Z</time>
      </trkpt>
      <trkpt lat="37.568901" lon="-122.286150">
        <ele>2.475630</ele>
        <time>2023-07-03T23:44:04.981Z</time>
      </trkpt>
      <trkpt lat="37.568859" lon="-122.285981">
        <ele>2.449497</ele>
        <time>2023-07-03T23:44:06.981Z</time>
      </trkpt>
      <trkpt lat="37.568812" lon="-122.285827">
        <ele>2.425147</ele>
        <time>2023-07-03T23:44:08.981Z</time>
      </trkpt>
      <trkpt lat="37.568762" lon="-122.285681">
        <ele>2.401680</ele>
        <time>2023-07-03T23:44:10.981Z</time>
      </trkpt>
      <trkpt lat="37.568713" lon="-122.285538">
        <ele>2.387765</ele>
        <time>2023-07-03T23:44:12.981Z</time>
      </trkpt>
      <trkpt lat="37.568661" lon="-122.285407">
        <ele>2.378323</ele>
        <time>2023-07-03T23:44:14.981Z</time>
      </trkpt>
      <trkpt lat="37.568614" lon="-122.285274">
        <ele>2.368938</ele>
        <time>2023-07-03T23:44:16.981Z</time>
      </trkpt>
      <trkpt lat="37.568567" lon="-122.285138">
        <ele>2.359377</ele>
        <time>2023-07-03T23:44:18.980Z</time>
      </trkpt>
      <trkpt lat="37.568528" lon="-122.284993">
        <ele>2.349509</ele>
        <time>2023-07-03T23:44:20.980Z</time>
      </trkpt>
      <trkpt lat="37.568506" lon="-122.284846">
        <ele>2.339868</ele>
        <time>2023-07-03T23:44:22.980Z</time>
      </trkpt>
      <trkpt lat="37.568454" lon="-122.284727">
        <ele>2.331111</ele>
        <time>2023-07-03T23:44:24.980Z</time>
      </trkpt>
      <trkpt lat="37.568391" lon="-122.284461">
        <ele>2.313219</ele>
        <time>2023-07-03T23:44:55.981Z</time>
      </trkpt>
      <trkpt lat="37.568370" lon="-122.284319">
        <ele>2.303910</ele>
        <time>2023-07-03T23:44:59.981Z</time>
      </trkpt>
      <trkpt lat="37.568256" lon="-122.284311">
        <ele>2.294627</ele>
        <time>2023-07-03T23:45:03.981Z</time>
      </trkpt>
      <trkpt lat="37.568243" lon="-122.284152">
        <ele>2.284325</ele>
        <time>2023-07-03T23:45:07.981Z</time>
      </trkpt>
      <trkpt lat="37.568235" lon="-122.284002">
        <ele>2.274636</ele>
        <time>2023-07-03T23:45:10.981Z</time>
      </trkpt>
      <trkpt lat="37.568240" lon="-122.283869">
        <ele>2.266055</ele>
        <time>2023-07-03T23:45:13.981Z</time>
      </trkpt>
      <trkpt lat="37.568241" lon="-122.283729">
        <ele>2.257033</ele>
        <time>2023-07-03T23:45:16.981Z</time>
      </trkpt>
      <trkpt lat="37.568245" lon="-122.283566">
        <ele>2.273974</ele>
        <time>2023-07-03T23:45:19.981Z</time>
      </trkpt>
      <trkpt lat="37.568212" lon="-122.283458">
        <ele>2.367125</ele>
        <time>2023-07-03T23:45:21.981Z</time>
      </trkpt>
      <trkpt lat="37.568140" lon="-122.283386">
        <ele>2.460408</ele>
        <time>2023-07-03T23:45:23.981Z</time>
      </trkpt>
      <trkpt lat="37.568055" lon="-122.283347">
        <ele>2.552242</ele>
        <time>2023-07-03T23:45:25.981Z</time>
      </trkpt>
      <trkpt lat="37.567965" lon="-122.283304">
        <ele>2.649955</ele>
        <time>2023-07-03T23:45:27.981Z</time>
      </trkpt>
      <trkpt lat="37.567879" lon="-122.283259">
        <ele>2.744486</ele>
        <time>2023-07-03T23:45:29.981Z</time>
      </trkpt>
      <trkpt lat="37.567788" lon="-122.283200">
        <ele>2.848368</ele>
        <time>2023-07-03T23:45:31.981Z</time>
      </trkpt>
      <trkpt lat="37.567689" lon="-122.283160">
        <ele>2.953915</ele>
        <time>2023-07-03T23:45:33.981Z</time>
      </trkpt>
      <trkpt lat="37.567586" lon="-122.283112">
        <ele>3.065401</ele>
        <time>2023-07-03T23:45:35.981Z</time>
      </trkpt>
      <trkpt lat="37.567488" lon="-122.283080">
        <ele>3.168182</ele>
        <time>2023-07-03T23:45:37.981Z</time>
      </trkpt>
      <trkpt lat="37.567388" lon="-122.283067">
        <ele>3.270253</ele>
        <time>2023-07-03T23:45:39.981Z</time>
      </trkpt>
      <trkpt lat="37.567292" lon="-122.283062">
        <ele>3.367808</ele>
        <time>2023-07-03T23:45:41.981Z</time>
      </trkpt>
      <trkpt lat="37.567197" lon="-122.283052">
        <ele>3.464600</ele>
        <time>2023-07-03T23:45:43.981Z</time>
      </trkpt>
      <trkpt lat="37.567086" lon="-122.283061">
        <ele>3.577534</ele>
        <time>2023-07-03T23:45:45.981Z</time>
      </trkpt>
      <trkpt lat="37.566977" lon="-122.283072">
        <ele>3.688559</ele>
        <time>2023-07-03T23:45:47.981Z</time>
      </trkpt>
      <trkpt lat="37.566865" lon="-122.283094">
        <ele>3.803647</ele>
        <time>2023-07-03T23:45:49.981Z</time>
      </trkpt>
      <trkpt lat="37.566757" lon="-122.283124">
        <ele>3.915929</ele>
        <time>2023-07-03T23:45:51.981Z</time>
      </trkpt>
      <trkpt lat="37.566648" lon="-122.283123">
        <ele>4.026603</ele>
        <time>2023-07-03T23:45:53.981Z</time>
      </trkpt>
      <trkpt lat="37.566542" lon="-122.283126">
        <ele>4.053597</ele>
        <time>2023-07-03T23:45:55.981Z</time>
      </trkpt>
      <trkpt lat="37.566441" lon="-122.283142">
        <ele>4.016786</ele>
        <time>2023-07-03T23:45:57.981Z</time>
      </trkpt>
      <trkpt lat="37.566342" lon="-122.283131">
        <ele>3.980846</ele>
        <time>2023-07-03T23:45:59.981Z</time>
      </trkpt>
      <trkpt lat="37.566231" lon="-122.283119">
        <ele>3.940558</ele>
        <time>2023-07-03T23:46:01.981Z</time>
      </trkpt>
      <trkpt lat="37.566122" lon="-122.283087">
        <ele>3.900087</ele>
        <time>2023-07-03T23:46:03.981Z</time>
      </trkpt>
      <trkpt lat="37.566019" lon="-122.283000">
        <ele>3.855261</ele>
        <time>2023-07-03T23:46:05.981Z</time>
      </trkpt>
      <trkpt lat="37.565920" lon="-122.282921">
        <ele>3.812899</ele>
        <time>2023-07-03T23:46:07.981Z</time>
      </trkpt>
      <trkpt lat="37.565825" lon="-122.282831">
        <ele>3.769936</ele>
        <time>2023-07-03T23:46:09.981Z</time>
      </trkpt>
      <trkpt lat="37.565740" lon="-122.282740">
        <ele>3.729621</ele>
        <time>2023-07-03T23:46:11.981Z</time>
      </trkpt>
      <trkpt lat="37.565654" lon="-122.282633">
        <ele>3.685941</ele>
        <time>2023-07-03T23:46:13.981Z</time>
      </trkpt>
      <trkpt lat="37.565589" lon="-122.282525">
        <ele>3.647070</ele>
        <time>2023-07-03T23:46:15.980Z</time>
      </trkpt>
      <trkpt lat="37.565527" lon="-122.282403">
        <ele>3.605529</ele>
        <time>2023-07-03T23:46:17.980Z</time>
      </trkpt>
      <trkpt lat="37.565478" lon="-122.282277">
        <ele>3.565299</ele>
        <time>2023-07-03T23:46:19.980Z</time>
      </trkpt>
      <trkpt lat="37.565437" lon="-122.282147">
        <ele>3.525193</ele>
        <time>2023-07-03T23:46:21.980Z</time>
      </trkpt>
      <trkpt lat="37.565404" lon="-122.282012">
        <ele>3.484697</ele>
        <time>2023-07-03T23:46:23.980Z</time>
      </trkpt>
      <trkpt lat="37.565390" lon="-122.281877">
        <ele>3.445669</ele>
        <time>2023-07-03T23:46:25.980Z</time>
      </trkpt>
      <trkpt lat="37.565377" lon="-122.281736">
        <ele>3.440543</ele>
        <time>2023-07-03T23:46:27.980Z</time>
      </trkpt>
      <trkpt lat="37.565370" lon="-122.281594">
        <ele>3.474689</ele>
        <time>2023-07-03T23:46:29.980Z</time>
      </trkpt>
      <trkpt lat="37.565366" lon="-122.281445">
        <ele>3.510469</ele>
        <time>2023-07-03T23:46:31.980Z</time>
      </trkpt>
      <trkpt lat="37.565369" lon="-122.281295">
        <ele>3.546481</ele>
        <time>2023-07-03T23:46:33.980Z</time>
      </trkpt>
      <trkpt lat="37.565372" lon="-122.281143">
        <ele>3.582973</ele>
        <time>2023-07-03T23:46:35.980Z</time>
      </trkpt>
      <trkpt lat="37.565375" lon="-122.281004">
        <ele>3.616345</ele>
        <time>2023-07-03T23:46:37.980Z</time>
      </trkpt>
      <trkpt lat="37.565373" lon="-122.280868">
        <ele>3.648991</ele>
        <time>2023-07-03T23:46:39.980Z</time>
      </trkpt>
      <trkpt lat="37.565374" lon="-122.280727">
        <ele>3.682833</ele>
        <time>2023-07-03T23:46:41.980Z</time>
      </trkpt>
      <trkpt lat="37.565384" lon="-122.280613">
        <ele>3.710360</ele>
        <time>2023-07-03T23:46:43.980Z</time>
      </trkpt>
      <trkpt lat="37.565381" lon="-122.280462">
        <ele>3.746612</ele>
        <time>2023-07-03T23:46:45.980Z</time>
      </trkpt>
      <trkpt lat="37.565373" lon="-122.280308">
        <ele>3.783651</ele>
        <time>2023-07-03T23:46:47.980Z</time>
      </trkpt>
      <trkpt lat="37.565384" lon="-122.280161">
        <ele>3.819088</ele>
        <time>2023-07-03T23:46:49.980Z</time>
      </trkpt>
      <trkpt lat="37.565400" lon="-122.280004">
        <ele>3.857079</ele>
        <time>2023-07-03T23:46:51.980Z</time>
      </trkpt>
      <trkpt lat="37.565440" lon="-122.279849">
        <ele>3.896201</ele>
        <time>2023-07-03T23:46:53.980Z</time>
      </trkpt>
      <trkpt lat="37.565500" lon="-122.279719">
        <ele>3.932305</ele>
        <time>2023-07-03T23:46:55.980Z</time>
      </trkpt>
      <trkpt lat="37.565556" lon="-122.279599">
        <ele>3.965725</ele>
        <time>2023-07-03T23:46:57.980Z</time>
      </trkpt>
      <trkpt lat="37.565589" lon="-122.279454">
        <ele>3.901708</ele>
        <time>2023-07-03T23:46:59.980Z</time>
      </trkpt>
      <trkpt lat="37.565614" lon="-122.279326">
        <ele>3.837259</ele>
        <time>2023-07-03T23:47:01.980Z</time>
      </trkpt>
      <trkpt lat="37.565609" lon="-122.279205">
        <ele>3.778024</ele>
        <time>2023-07-03T23:47:03.980Z</time>
      </trkpt>
      <trkpt lat="37.565570" lon="-122.279103">
        <ele>3.722659</ele>
        <time>2023-07-03T23:47:06.980Z</time>
      </trkpt>
      <trkpt lat="37.565669" lon="-122.279035">
        <ele>3.653136</ele>
        <time>2023-07-03T23:47:14.980Z</time>
      </trkpt>
      <trkpt lat="37.565779" lon="-122.279062">
        <ele>3.584020</ele>
        <time>2023-07-03T23:47:18.980Z</time>
      </trkpt>
      <trkpt lat="37.565796" lon="-122.278926">
        <ele>3.516710</ele>
        <time>2023-07-03T23:47:22.980Z</time>
      </trkpt>
      <trkpt lat="37.565822" lon="-122.278816">
        <ele>3.460593</ele>
        <time>2023-07-03T23:47:25.980Z</time>
      </trkpt>
      <trkpt lat="37.565918" lon="-122.278797">
        <ele>3.400659</ele>
        <time>2023-07-03T23:47:27.980Z</time>
      </trkpt>
      <trkpt lat="37.566048" lon="-122.278791">
        <ele>3.320426</ele>
        <time>2023-07-03T23:47:30.980Z</time>
      </trkpt>
      <trkpt lat="37.566150" lon="-122.278792">
        <ele>3.257514</ele>
        <time>2023-07-03T23:47:32.980Z</time>
      </trkpt>
      <trkpt lat="37.566246" lon="-122.278772">
        <ele>3.197503</ele>
        <time>2023-07-03T23:47:34.980Z</time>
      </trkpt>
      <trkpt lat="37.566337" lon="-122.278761">
        <ele>3.141120</ele>
        <time>2023-07-03T23:47:36.980Z</time>
      </trkpt>
      <trkpt lat="37.566433" lon="-122.278759">
        <ele>3.081902</ele>
        <time>2023-07-03T23:47:38.980Z</time>
      </trkpt>
      <trkpt lat="37.566567" lon="-122.278764">
        <ele>2.999220</ele>
        <time>2023-07-03T23:47:41.980Z</time>
      </trkpt>
      <trkpt lat="37.566658" lon="-122.278760">
        <ele>2.943060</ele>
        <time>2023-07-03T23:47:43.980Z</time>
      </trkpt>
      <trkpt lat="37.566753" lon="-122.278765">
        <ele>2.884416</ele>
        <time>2023-07-03T23:47:45.980Z</time>
      </trkpt>
      <trkpt lat="37.566851" lon="-122.278738">
        <ele>2.847057</ele>
        <time>2023-07-03T23:47:47.980Z</time>
      </trkpt>
      <trkpt lat="37.566940" lon="-122.278696">
        <ele>2.827229</ele>
        <time>2023-07-03T23:47:49.980Z</time>
      </trkpt>
      <trkpt lat="37.567026" lon="-122.278633">
        <ele>2.806478</ele>
        <time>2023-07-03T23:47:51.980Z</time>
      </trkpt>
      <trkpt lat="37.567110" lon="-122.278559">
        <ele>2.785100</ele>
        <time>2023-07-03T23:47:53.980Z</time>
      </trkpt>
      <trkpt lat="37.567187" lon="-122.278482">
        <ele>2.764598</ele>
        <time>2023-07-03T23:47:55.979Z</time>
      </trkpt>
      <trkpt lat="37.567248" lon="-122.278392">
        <ele>2.745012</ele>
        <time>2023-07-03T23:47:57.979Z</time>
      </trkpt>
      <trkpt lat="37.567349" lon="-122.278279">
        <ele>2.716844</ele>
        <time>2023-07-03T23:48:00.979Z</time>
      </trkpt>
      <trkpt lat="37.567416" lon="-122.278194">
        <ele>2.697017</ele>
        <time>2023-07-03T23:48:02.979Z</time>
      </trkpt>
      <trkpt lat="37.567484" lon="-122.278103">
        <ele>2.676332</ele>
        <time>2023-07-03T23:48:04.979Z</time>
      </trkpt>
      <trkpt lat="37.567551" lon="-122.278011">
        <ele>2.655669</ele>
        <time>2023-07-03T23:48:06.979Z</time>
      </trkpt>
      <trkpt lat="37.567615" lon="-122.277925">
        <ele>2.636158</ele>
        <time>2023-07-03T23:48:08.979Z</time>
      </trkpt>
      <trkpt lat="37.567685" lon="-122.277838">
        <ele>2.615654</ele>
        <time>2023-07-03T23:48:10.979Z</time>
      </trkpt>
      <trkpt lat="37.567753" lon="-122.277742">
        <ele>2.594360</ele>
        <time>2023-07-03T23:48:12.979Z</time>
      </trkpt>
      <trkpt lat="37.567819" lon="-122.277640">
        <ele>2.572583</ele>
        <time>2023-07-03T23:48:14.979Z</time>
      </trkpt>
      <trkpt lat="37.567898" lon="-122.277539">
        <ele>2.549114</ele>
        <time>2023-07-03T23:48:16.979Z</time>
      </trkpt>
      <trkpt lat="37.567974" lon="-122.277443">
        <ele>2.526673</ele>
        <time>2023-07-03T23:48:18.979Z</time>
      </trkpt>
      <trkpt lat="37.568037" lon="-122.277342">
        <ele>2.505416</ele>
        <time>2023-07-03T23:48:20.979Z</time>
      </trkpt>
      <trkpt lat="37.568088" lon="-122.277235">
        <ele>2.484765</ele>
        <time>2023-07-03T23:48:22.979Z</time>
      </trkpt>
      <trkpt lat="37.568115" lon="-122.277115">
        <ele>2.574586</ele>
        <time>2023-07-03T23:48:24.979Z</time>
      </trkpt>
      <trkpt lat="37.568125" lon="-122.276987">
        <ele>2.669967</ele>
        <time>2023-07-03T23:48:26.979Z</time>
      </trkpt>
      <trkpt lat="37.568126" lon="-122.276859">
        <ele>2.764892</ele>
        <time>2023-07-03T23:48:28.979Z</time>
      </trkpt>
      <trkpt lat="37.568117" lon="-122.276736">
        <ele>2.856493</ele>
        <time>2023-07-03T23:48:30.979Z</time>
      </trkpt>
      <trkpt lat="37.568101" lon="-122.276614">
        <ele>2.948194</ele>
        <time>2023-07-03T23:48:32.979Z</time>
      </trkpt>
      <trkpt lat="37.568092" lon="-122.276499">
        <ele>3.033889</ele>
        <time>2023-07-03T23:48:34.979Z</time>
      </trkpt>
      <trkpt lat="37.568080" lon="-122.276381">
        <ele>3.122111</ele>
        <time>2023-07-03T23:48:36.979Z</time>
      </trkpt>
      <trkpt lat="37.568043" lon="-122.276257">
        <ele>3.220365</ele>
        <time>2023-07-03T23:48:39.979Z</time>
      </trkpt>
      <trkpt lat="37.567938" lon="-122.276202">
        <ele>3.326732</ele>
        <time>2023-07-03T23:48:46.980Z</time>
      </trkpt>
      <trkpt lat="37.567829" lon="-122.276203">
        <ele>3.428712</ele>
        <time>2023-07-03T23:48:49.980Z</time>
      </trkpt>
      <trkpt lat="37.567709" lon="-122.276202">
        <ele>3.540984</ele>
        <time>2023-07-03T23:48:52.980Z</time>
      </trkpt>
      <trkpt lat="37.567582" lon="-122.276218">
        <ele>3.660394</ele>
        <time>2023-07-03T23:48:55.980Z</time>
      </trkpt>
      <trkpt lat="37.567492" lon="-122.276233">
        <ele>3.745328</ele>
        <time>2023-07-03T23:48:57.980Z</time>
      </trkpt>
      <trkpt lat="37.567397" lon="-122.276241">
        <ele>3.834405</ele>
        <time>2023-07-03T23:48:59.980Z</time>
      </trkpt>
      <trkpt lat="37.567302" lon="-122.276253">
        <ele>3.923730</ele>
        <time>2023-07-03T23:49:01.980Z</time>
      </trkpt>
      <trkpt lat="37.567205" lon="-122.276260">
        <ele>4.014629</ele>
        <time>2023-07-03T23:49:03.980Z</time>
      </trkpt>
      <trkpt lat="37.567104" lon="-122.276277">
        <ele>4.109960</ele>
        <time>2023-07-03T23:49:05.980Z</time>
      </trkpt>
      <trkpt lat="37.566999" lon="-122.276276">
        <ele>4.127256</ele>
        <time>2023-07-03T23:49:07.980Z</time>
      </trkpt>
      <trkpt lat="37.566891" lon="-122.276273">
        <ele>4.029521</ele>
        <time>2023-07-03T23:49:09.980Z</time>
      </trkpt>
      <trkpt lat="37.566784" lon="-122.276270">
        <ele>3.932690</ele>
        <time>2023-07-03T23:49:11.980Z</time>
      </trkpt>
      <trkpt lat="37.566681" lon="-122.276251">
        <ele>3.838511</ele>
        <time>2023-07-03T23:49:13.980Z</time>
      </trkpt>
      <trkpt lat="37.566580" lon="-122.276238">
        <ele>3.746657</ele>
        <time>2023-07-03T23:49:15.980Z</time>
      </trkpt>
      <trkpt lat="37.566479" lon="-122.276216">
        <ele>3.653927</ele>
        <time>2023-07-03T23:49:17.980Z</time>
      </trkpt>
      <trkpt lat="37.566373" lon="-122.276193">
        <ele>3.556616</ele>
        <time>2023-07-03T23:49:19.980Z</time>
      </trkpt>
      <trkpt lat="37.566269" lon="-122.276164">
        <ele>3.460252</ele>
        <time>2023-07-03T23:49:21.980Z</time>
      </trkpt>
      <trkpt lat="37.566163" lon="-122.276130">
        <ele>3.361299</ele>
        <time>2023-07-03T23:49:23.980Z</time>
      </trkpt>
      <trkpt lat="37.566059" lon="-122.276079">
        <ele>3.260348</ele>
        <time>2023-07-03T23:49:25.980Z</time>
      </trkpt>
      <trkpt lat="37.565954" lon="-122.276045">
        <ele>3.162271</ele>
        <time>2023-07-03T23:49:27.980Z</time>
      </trkpt>
      <trkpt lat="37.565840" lon="-122.276000">
        <ele>3.054200</ele>
        <time>2023-07-03T23:49:29.980Z</time>
      </trkpt>
      <trkpt lat="37.565740" lon="-122.275945">
        <ele>2.955502</ele>
        <time>2023-07-03T23:49:31.980Z</time>
      </trkpt>
      <trkpt lat="37.565644" lon="-122.275874">
        <ele>2.854822</ele>
        <time>2023-07-03T23:49:33.980Z</time>
      </trkpt>
      <trkpt lat="37.565545" lon="-122.275818">
        <ele>2.756662</ele>
        <time>2023-07-03T23:49:35.980Z</time>
      </trkpt>
      <trkpt lat="37.565453" lon="-122.275749">
        <ele>2.659828</ele>
        <time>2023-07-03T23:49:37.980Z</time>
      </trkpt>
      <trkpt lat="37.565364" lon="-122.275681">
        <ele>2.565690</ele>
        <time>2023-07-03T23:49:39.980Z</time>
      </trkpt>
      <trkpt lat="37.565272" lon="-122.275608">
        <ele>2.683897</ele>
        <time>2023-07-03T23:49:41.980Z</time>
      </trkpt>
      <trkpt lat="37.565169" lon="-122.275547">
        <ele>2.888904</ele>
        <time>2023-07-03T23:49:43.980Z</time>
      </trkpt>
      <trkpt lat="37.565095" lon="-122.275468">
        <ele>3.063562</ele>
        <time>2023-07-03T23:49:45.980Z</time>
      </trkpt>
      <trkpt lat="37.565023" lon="-122.275390">
        <ele>3.234551</ele>
        <time>2023-07-03T23:49:47.980Z</time>
      </trkpt>
      <trkpt lat="37.564956" lon="-122.275314">
        <ele>3.396886</ele>
        <time>2023-07-03T23:49:49.980Z</time>
      </trkpt>
      <trkpt lat="37.564867" lon="-122.275206">
        <ele>3.619379</ele>
        <time>2023-07-03T23:49:52.980Z</time>
      </trkpt>
      <trkpt lat="37.564899" lon="-122.274985">
        <ele>3.940224</ele>
        <time>2023-07-03T23:51:27.980Z</time>
      </trkpt>
      <trkpt lat="37.564976" lon="-122.274923">
        <ele>4.104805</ele>
        <time>2023-07-03T23:51:31.980Z</time>
      </trkpt>
      <trkpt lat="37.564947" lon="-122.274802">
        <ele>4.285338</ele>
        <time>2023-07-03T23:51:53.980Z</time>
      </trkpt>
      <trkpt lat="37.564872" lon="-122.274692">
        <ele>4.492555</ele>
        <time>2023-07-03T23:51:59.980Z</time>
      </trkpt>
      <trkpt lat="37.564807" lon="-122.274579">
        <ele>4.691952</ele>
        <time>2023-07-03T23:52:03.980Z</time>
      </trkpt>
      <trkpt lat="37.564733" lon="-122.274475">
        <ele>4.891543</ele>
        <time>2023-07-03T23:52:07.980Z</time>
      </trkpt>
      <trkpt lat="37.564674" lon="-122.274357">
        <ele>5.090791</ele>
        <time>2023-07-03T23:52:11.980Z</time>
      </trkpt>
      <trkpt lat="37.564613" lon="-122.274250">
        <ele>5.279022</ele>
        <time>2023-07-03T23:52:15.979Z</time>
      </trkpt>
      <trkpt lat="37.564556" lon="-122.274161">
        <ele>5.442432</ele>
        <time>2023-07-03T23:52:19.979Z</time>
      </trkpt>
      <trkpt lat="37.564499" lon="-122.274065">
        <ele>5.613733</ele>
        <time>2023-07-03T23:52:24.979Z</time>
      </trkpt>
      <trkpt lat="37.564444" lon="-122.273952">
        <ele>5.768791</ele>
        <time>2023-07-03T23:52:29.979Z</time>
      </trkpt>
      <trkpt lat="37.564376" lon="-122.273854">
        <ele>5.673871</ele>
        <time>2023-07-03T23:52:34.979Z</time>
      </trkpt>
      <trkpt lat="37.564315" lon="-122.273763">
        <ele>5.587016</ele>
        <time>2023-07-03T23:52:39.979Z</time>
      </trkpt>
      <trkpt lat="37.564253" lon="-122.273669">
        <ele>5.497894</ele>
        <time>2023-07-03T23:52:44.979Z</time>
      </trkpt>
      <trkpt lat="37.564182" lon="-122.273572">
        <ele>5.401672</ele>
        <time>2023-07-03T23:52:50.979Z</time>
      </trkpt>
      <trkpt lat="37.564125" lon="-122.273483">
        <ele>5.318283</ele>
        <time>2023-07-03T23:52:55.979Z</time>
      </trkpt>
      <trkpt lat="37.564074" lon="-122.273389">
        <ele>5.235266</ele>
        <time>2023-07-03T23:53:00.980Z</time>
      </trkpt>
      <trkpt lat="37.564019" lon="-122.273297">
        <ele>5.151285</ele>
        <time>2023-07-03T23:53:05.979Z</time>
      </trkpt>
      <trkpt lat="37.563974" lon="-122.273199">
        <ele>5.068745</ele>
        <time>2023-07-03T23:53:10.979Z</time>
      </trkpt>
      <trkpt lat="37.563935" lon="-122.273030">
        <ele>4.940465</ele>
        <time>2023-07-03T23:56:44.979Z</time>
      </trkpt>
      <trkpt lat="37.563864" lon="-122.272932">
        <ele>4.843705</ele>
        <time>2023-07-03T23:56:50.979Z</time>
      </trkpt>
      <trkpt lat="37.563793" lon="-122.272804">
        <ele>4.729847</ele>
        <time>2023-07-03T23:56:54.979Z</time>
      </trkpt>
      <trkpt lat="37.563733" lon="-122.272692">
        <ele>4.631328</ele>
        <time>2023-07-03T23:56:57.979Z</time>
      </trkpt>
      <trkpt lat="37.563663" lon="-122.272559">
        <ele>4.514977</ele>
        <time>2023-07-03T23:57:00.979Z</time>
      </trkpt>
      <trkpt lat="37.563605" lon="-122.272457">
        <ele>4.423491</ele>
        <time>2023-07-03T23:57:02.979Z</time>
      </trkpt>
      <trkpt lat="37.563540" lon="-122.272347">
        <ele>4.323499</ele>
        <time>2023-07-03T23:57:04.979Z</time>
      </trkpt>
      <trkpt lat="37.563475" lon="-122.272234">
        <ele>4.221745</ele>
        <time>2023-07-03T23:57:06.979Z</time>
      </trkpt>
      <trkpt lat="37.563410" lon="-122.272124">
        <ele>4.121319</ele>
        <time>2023-07-03T23:57:08.979Z</time>
      </trkpt>
      <trkpt lat="37.563346" lon="-122.272000">
        <ele>4.003993</ele>
        <time>2023-07-03T23:57:10.978Z</time>
      </trkpt>
      <trkpt lat="37.563275" lon="-122.271887">
        <ele>3.889660</ele>
        <time>2023-07-03T23:57:12.978Z</time>
      </trkpt>
      <trkpt lat="37.563211" lon="-122.271776">
        <ele>3.780827</ele>
        <time>2023-07-03T23:57:14.978Z</time>
      </trkpt>
      <trkpt lat="37.563152" lon="-122.271666">
        <ele>3.675516</ele>
        <time>2023-07-03T23:57:17.979Z</time>
      </trkpt>
      <trkpt lat="37.563100" lon="-122.271568">
        <ele>3.582008</ele>
        <time>2023-07-03T23:57:22.979Z</time>
      </trkpt>
      <trkpt lat="37.563032" lon="-122.271452">
        <ele>3.467611</ele>
        <time>2023-07-03T23:59:20.952Z</time>
      </trkpt>
      <trkpt lat="37.562976" lon="-122.271360">
        <ele>3.375637</ele>
        <time>2023-07-03T23:59:27.946Z</time>
      </trkpt>
      <trkpt lat="37.562800" lon="-122.271435">
        <ele>3.189813</ele>
        <time>2023-07-04T00:00:36.935Z</time>
      </trkpt>
      <trkpt lat="37.562719" lon="-122.271490">
        <ele>3.097798</ele>
        <time>2023-07-04T00:00:40.935Z</time>
      </trkpt>
      <trkpt lat="37.562628" lon="-122.271469">
        <ele>3.005261</ele>
        <time>2023-07-04T00:00:47.935Z</time>
      </trkpt>
      <trkpt lat="37.562573" lon="-122.271346">
        <ele>2.893285</ele>
        <time>2023-07-04T00:00:51.935Z</time>
      </trkpt>
      <trkpt lat="37.562501" lon="-122.271214">
        <ele>2.766234</ele>
        <time>2023-07-04T00:00:54.935Z</time>
      </trkpt>
      <trkpt lat="37.562452" lon="-122.271066">
        <ele>2.639057</ele>
        <time>2023-07-04T00:00:57.935Z</time>
      </trkpt>
      <trkpt lat="37.562394" lon="-122.270947">
        <ele>2.528290</ele>
        <time>2023-07-04T00:01:00.935Z</time>
      </trkpt>
      <trkpt lat="37.562335" lon="-122.270821">
        <ele>2.412253</ele>
        <time>2023-07-04T00:01:03.935Z</time>
      </trkpt>
      <trkpt lat="37.562249" lon="-122.270759">
        <ele>2.328002</ele>
        <time>2023-07-04T00:01:06.935Z</time>
      </trkpt>
      <trkpt lat="37.562168" lon="-122.270664">
        <ele>2.331757</ele>
        <time>2023-07-04T00:01:10.935Z</time>
      </trkpt>
      <trkpt lat="37.562136" lon="-122.270517">
        <ele>2.335859</ele>
        <time>2023-07-04T00:01:16.935Z</time>
      </trkpt>
      <trkpt lat="37.562069" lon="-122.270419">
        <ele>2.339342</ele>
        <time>2023-07-04T00:01:19.935Z</time>
      </trkpt>
      <trkpt lat="37.562004" lon="-122.270292">
        <ele>2.343410</ele>
        <time>2023-07-04T00:01:23.934Z</time>
      </trkpt>
      <trkpt lat="37.561930" lon="-122.270191">
        <ele>2.347111</ele>
        <time>2023-07-04T00:01:27.935Z</time>
      </trkpt>
      <trkpt lat="37.561774" lon="-122.269998">
        <ele>2.354528</ele>
        <time>2023-07-04T00:02:05.934Z</time>
      </trkpt>
      <trkpt lat="37.561711" lon="-122.269895">
        <ele>2.358029</ele>
        <time>2023-07-04T00:02:08.934Z</time>
      </trkpt>
      <trkpt lat="37.561640" lon="-122.269798">
        <ele>2.361582</ele>
        <time>2023-07-04T00:02:11.934Z</time>
      </trkpt>
      <trkpt lat="37.561577" lon="-122.269700">
        <ele>2.364977</ele>
        <time>2023-07-04T00:02:14.934Z</time>
      </trkpt>
      <trkpt lat="37.561523" lon="-122.269591">
        <ele>2.368436</ele>
        <time>2023-07-04T00:02:17.934Z</time>
      </trkpt>
      <trkpt lat="37.561468" lon="-122.269494">
        <ele>2.371646</ele>
        <time>2023-07-04T00:02:20.934Z</time>
      </trkpt>
      <trkpt lat="37.561404" lon="-122.269388">
        <ele>2.375231</ele>
        <time>2023-07-04T00:02:23.934Z</time>
      </trkpt>
      <trkpt lat="37.561229" lon="-122.269147">
        <ele>2.384026</ele>
        <time>2023-07-04T00:03:46.932Z</time>
      </trkpt>
      <trkpt lat="37.561182" lon="-122.269033">
        <ele>2.387484</ele>
        <time>2023-07-04T00:03:49.932Z</time>
      </trkpt>
      <trkpt lat="37.561138" lon="-122.268915">
        <ele>2.396254</ele>
        <time>2023-07-04T00:03:52.932Z</time>
      </trkpt>
      <trkpt lat="37.561060" lon="-122.268796">
        <ele>2.409447</ele>
        <time>2023-07-04T00:03:55.932Z</time>
      </trkpt>
      <trkpt lat="37.560989" lon="-122.268668">
        <ele>2.422796</ele>
        <time>2023-07-04T00:03:58.932Z</time>
      </trkpt>
      <trkpt lat="37.560910" lon="-122.268532">
        <ele>2.437202</ele>
        <time>2023-07-04T00:04:01.932Z</time>
      </trkpt>
      <trkpt lat="37.560859" lon="-122.268434">
        <ele>2.447219</ele>
        <time>2023-07-04T00:04:03.932Z</time>
      </trkpt>
      <trkpt lat="37.560781" lon="-122.268293">
        <ele>2.461910</ele>
        <time>2023-07-04T00:04:06.932Z</time>
      </trkpt>
      <trkpt lat="37.560724" lon="-122.268194">
        <ele>2.472364</ele>
        <time>2023-07-04T00:04:08.932Z</time>
      </trkpt>
      <trkpt lat="37.560671" lon="-122.268094">
        <ele>2.482643</ele>
        <time>2023-07-04T00:04:10.932Z</time>
      </trkpt>
      <trkpt lat="37.560615" lon="-122.267981">
        <ele>2.494029</ele>
        <time>2023-07-04T00:04:12.932Z</time>
      </trkpt>
      <trkpt lat="37.560559" lon="-122.267870">
        <ele>2.505271</ele>
        <time>2023-07-04T00:04:14.932Z</time>
      </trkpt>
      <trkpt lat="37.560502" lon="-122.267758">
        <ele>2.516644</ele>
        <time>2023-07-04T00:04:16.932Z</time>
      </trkpt>
      <trkpt lat="37.560439" lon="-122.267647">
        <ele>2.528308</ele>
        <time>2023-07-04T00:04:18.932Z</time>
      </trkpt>
      <trkpt lat="37.560381" lon="-122.267535">
        <ele>2.539739</ele>
        <time>2023-07-04T00:04:20.932Z</time>
      </trkpt>
      <trkpt lat="37.560317" lon="-122.267417">
        <ele>2.551956</ele>
        <time>2023-07-04T00:04:22.932Z</time>
      </trkpt>
      <trkpt lat="37.560249" lon="-122.267299">
        <ele>2.564421</ele>
        <time>2023-07-04T00:04:24.932Z</time>
      </trkpt>
      <trkpt lat="37.560183" lon="-122.267176">
        <ele>2.577112</ele>
        <time>2023-07-04T00:04:26.932Z</time>
      </trkpt>
      <trkpt lat="37.560115" lon="-122.267053">
        <ele>2.563850</ele>
        <time>2023-07-04T00:04:28.932Z</time>
      </trkpt>
      <trkpt lat="37.560043" lon="-122.266929">
        <ele>2.531195</ele>
        <time>2023-07-04T00:04:30.932Z</time>
      </trkpt>
      <trkpt lat="37.559974" lon="-122.266805">
        <ele>2.499008</ele>
        <time>2023-07-04T00:04:32.932Z</time>
      </trkpt>
      <trkpt lat="37.559909" lon="-122.266686">
        <ele>2.468306</ele>
        <time>2023-07-04T00:04:34.932Z</time>
      </trkpt>
      <trkpt lat="37.559846" lon="-122.266566">
        <ele>2.437728</ele>
        <time>2023-07-04T00:04:36.932Z</time>
      </trkpt>
      <trkpt lat="37.559779" lon="-122.266449">
        <ele>2.407064</ele>
        <time>2023-07-04T00:04:38.932Z</time>
      </trkpt>
      <trkpt lat="37.559712" lon="-122.266328">
        <ele>2.375707</ele>
        <time>2023-07-04T00:04:40.932Z</time>
      </trkpt>
      <trkpt lat="37.559644" lon="-122.266208">
        <ele>2.344369</ele>
        <time>2023-07-04T00:04:42.932Z</time>
      </trkpt>
      <trkpt lat="37.559553" lon="-122.266094">
        <ele>2.309997</ele>
        <time>2023-07-04T00:04:44.931Z</time>
      </trkpt>
      <trkpt lat="37.559493" lon="-122.265960">
        <ele>2.277301</ele>
        <time>2023-07-04T00:04:46.931Z</time>
      </trkpt>
      <trkpt lat="37.559435" lon="-122.265828">
        <ele>2.245238</ele>
        <time>2023-07-04T00:04:48.931Z</time>
      </trkpt>
      <trkpt lat="37.559357" lon="-122.265699">
        <ele>2.210769</ele>
        <time>2023-07-04T00:04:50.931Z</time>
      </trkpt>
      <trkpt lat="37.559283" lon="-122.265566">
        <ele>2.176247</ele>
        <time>2023-07-04T00:04:52.931Z</time>
      </trkpt>
      <trkpt lat="37.559208" lon="-122.265436">
        <ele>2.142089</ele>
        <time>2023-07-04T00:04:54.931Z</time>
      </trkpt>
      <trkpt lat="37.559137" lon="-122.265300">
        <ele>2.107492</ele>
        <time>2023-07-04T00:04:56.931Z</time>
      </trkpt>
      <trkpt lat="37.559063" lon="-122.265163">
        <ele>2.071152</ele>
        <time>2023-07-04T00:04:58.931Z</time>
      </trkpt>
      <trkpt lat="37.558984" lon="-122.265029">
        <ele>2.034262</ele>
        <time>2023-07-04T00:05:00.931Z</time>
      </trkpt>
      <trkpt lat="37.558910" lon="-122.264897">
        <ele>1.998548</ele>
        <time>2023-07-04T00:05:02.931Z</time>
      </trkpt>
      <trkpt lat="37.558833" lon="-122.264756">
        <ele>1.960725</ele>
        <time>2023-07-04T00:05:04.931Z</time>
      </trkpt>
      <trkpt lat="37.558760" lon="-122.264616">
        <ele>1.923708</ele>
        <time>2023-07-04T00:05:06.931Z</time>
      </trkpt>
      <trkpt lat="37.558681" lon="-122.264475">
        <ele>1.885566</ele>
        <time>2023-07-04T00:05:08.931Z</time>
      </trkpt>
      <trkpt lat="37.558603" lon="-122.264340">
        <ele>1.848663</ele>
        <time>2023-07-04T00:05:10.931Z</time>
      </trkpt>
      <trkpt lat="37.558525" lon="-122.264204">
        <ele>1.811581</ele>
        <time>2023-07-04T00:05:12.931Z</time>
      </trkpt>
      <trkpt lat="37.558447" lon="-122.264070">
        <ele>1.774857</ele>
        <time>2023-07-04T00:05:14.931Z</time>
      </trkpt>
      <trkpt lat="37.558370" lon="-122.263936">
        <ele>1.738296</ele>
        <time>2023-07-04T00:05:16.931Z</time>
      </trkpt>
      <trkpt lat="37.558299" lon="-122.263804">
        <ele>1.703058</ele>
        <time>2023-07-04T00:05:18.931Z</time>
      </trkpt>
      <trkpt lat="37.558227" lon="-122.263673">
        <ele>1.667844</ele>
        <time>2023-07-04T00:05:20.931Z</time>
      </trkpt>
      <trkpt lat="37.558149" lon="-122.263538">
        <ele>1.630941</ele>
        <time>2023-07-04T00:05:22.931Z</time>
      </trkpt>
      <trkpt lat="37.558075" lon="-122.263403">
        <ele>1.598433</ele>
        <time>2023-07-04T00:05:24.931Z</time>
      </trkpt>
      <trkpt lat="37.557999" lon="-122.263268">
        <ele>1.592333</ele>
        <time>2023-07-04T00:05:26.931Z</time>
      </trkpt>
      <trkpt lat="37.557919" lon="-122.263129">
        <ele>1.586005</ele>
        <time>2023-07-04T00:05:28.931Z</time>
      </trkpt>
      <trkpt lat="37.557847" lon="-122.262995">
        <ele>1.580042</ele>
        <time>2023-07-04T00:05:30.931Z</time>
      </trkpt>
      <trkpt lat="37.557764" lon="-122.262846">
        <ele>1.573333</ele>
        <time>2023-07-04T00:05:32.931Z</time>
      </trkpt>
      <trkpt lat="37.557684" lon="-122.262706">
        <ele>1.566975</ele>
        <time>2023-07-04T00:05:34.931Z</time>
      </trkpt>
      <trkpt lat="37.557605" lon="-122.262565">
        <ele>1.560615</ele>
        <time>2023-07-04T00:05:36.931Z</time>
      </trkpt>
      <trkpt lat="37.557524" lon="-122.262427">
        <ele>1.554289</ele>
        <time>2023-07-04T00:05:38.932Z</time>
      </trkpt>
      <trkpt lat="37.557444" lon="-122.262292">
        <ele>1.548080</ele>
        <time>2023-07-04T00:05:40.931Z</time>
      </trkpt>
      <trkpt lat="37.557364" lon="-122.262152">
        <ele>1.541722</ele>
        <time>2023-07-04T00:05:42.931Z</time>
      </trkpt>
      <trkpt lat="37.557292" lon="-122.262020">
        <ele>1.535819</ele>
        <time>2023-07-04T00:05:44.931Z</time>
      </trkpt>
      <trkpt lat="37.557222" lon="-122.261885">
        <ele>1.529876</ele>
        <time>2023-07-04T00:05:46.931Z</time>
      </trkpt>
      <trkpt lat="37.557141" lon="-122.261755">
        <ele>1.523785</ele>
        <time>2023-07-04T00:05:48.931Z</time>
      </trkpt>
      <trkpt lat="37.557060" lon="-122.261622">
        <ele>1.517606</ele>
        <time>2023-07-04T00:05:50.931Z</time>
      </trkpt>
      <trkpt lat="37.556984" lon="-122.261487">
        <ele>1.662949</ele>
        <time>2023-07-04T00:05:52.931Z</time>
      </trkpt>
      <trkpt lat="37.556906" lon="-122.261349">
        <ele>1.887773</ele>
        <time>2023-07-04T00:05:54.930Z</time>
      </trkpt>
      <trkpt lat="37.556828" lon="-122.261213">
        <ele>2.110442</ele>
        <time>2023-07-04T00:05:56.930Z</time>
      </trkpt>
      <trkpt lat="37.556752" lon="-122.261073">
        <ele>2.335524</ele>
        <time>2023-07-04T00:05:58.930Z</time>
      </trkpt>
      <trkpt lat="37.556674" lon="-122.260938">
        <ele>2.557120</ele>
        <time>2023-07-04T00:06:00.930Z</time>
      </trkpt>
      <trkpt lat="37.556593" lon="-122.260807">
        <ele>2.777502</ele>
        <time>2023-07-04T00:06:02.930Z</time>
      </trkpt>
      <trkpt lat="37.556518" lon="-122.260667">
        <ele>3.001644</ele>
        <time>2023-07-04T00:06:04.930Z</time>
      </trkpt>
      <trkpt lat="37.556449" lon="-122.260531">
        <ele>3.215834</ele>
        <time>2023-07-04T00:06:06.930Z</time>
      </trkpt>
      <trkpt lat="37.556375" lon="-122.260393">
        <ele>3.436841</ele>
        <time>2023-07-04T00:06:08.930Z</time>
      </trkpt>
      <trkpt lat="37.556299" lon="-122.260266">
        <ele>3.647920</ele>
        <time>2023-07-04T00:06:10.930Z</time>
      </trkpt>
      <trkpt lat="37.556222" lon="-122.260134">
        <ele>3.865318</ele>
        <time>2023-07-04T00:06:12.930Z</time>
      </trkpt>
      <trkpt lat="37.556142" lon="-122.260005">
        <ele>4.082580</ele>
        <time>2023-07-04T00:06:14.930Z</time>
      </trkpt>
      <trkpt lat="37.556070" lon="-122.259878">
        <ele>4.289696</ele>
        <time>2023-07-04T00:06:16.930Z</time>
      </trkpt>
      <trkpt lat="37.556000" lon="-122.259756">
        <ele>4.489474</ele>
        <time>2023-07-04T00:06:18.930Z</time>
      </trkpt>
      <trkpt lat="37.555940" lon="-122.259661">
        <ele>4.458275</ele>
        <time>2023-07-04T00:06:20.930Z</time>
      </trkpt>
      <trkpt lat="37.555875" lon="-122.259551">
        <ele>4.360934</ele>
        <time>2023-07-04T00:06:23.930Z</time>
      </trkpt>
      <trkpt lat="37.555816" lon="-122.259441">
        <ele>4.266704</ele>
        <time>2023-07-04T00:06:27.930Z</time>
      </trkpt>
      <trkpt lat="37.555762" lon="-122.259343">
        <ele>4.182026</ele>
        <time>2023-07-04T00:06:31.930Z</time>
      </trkpt>
      <trkpt lat="37.555703" lon="-122.259249">
        <ele>4.096960</ele>
        <time>2023-07-04T00:06:35.930Z</time>
      </trkpt>
      <trkpt lat="37.555644" lon="-122.259153">
        <ele>4.010776</ele>
        <time>2023-07-04T00:06:39.930Z</time>
      </trkpt>
      <trkpt lat="37.555589" lon="-122.259051">
        <ele>3.923252</ele>
        <time>2023-07-04T00:06:43.930Z</time>
      </trkpt>
      <trkpt lat="37.555522" lon="-122.258929">
        <ele>3.817951</ele>
        <time>2023-07-04T00:06:47.930Z</time>
      </trkpt>
      <trkpt lat="37.555470" lon="-122.258830">
        <ele>3.733691</ele>
        <time>2023-07-04T00:06:50.930Z</time>
      </trkpt>
      <trkpt lat="37.555398" lon="-122.258700">
        <ele>3.621175</ele>
        <time>2023-07-04T00:06:53.929Z</time>
      </trkpt>
      <trkpt lat="37.555336" lon="-122.258584">
        <ele>3.521914</ele>
        <time>2023-07-04T00:06:55.929Z</time>
      </trkpt>
      <trkpt lat="37.555267" lon="-122.258463">
        <ele>3.416160</ele>
        <time>2023-07-04T00:06:57.929Z</time>
      </trkpt>
      <trkpt lat="37.555205" lon="-122.258346">
        <ele>3.316309</ele>
        <time>2023-07-04T00:06:59.929Z</time>
      </trkpt>
      <trkpt lat="37.555133" lon="-122.258209">
        <ele>3.199687</ele>
        <time>2023-07-04T00:07:01.929Z</time>
      </trkpt>
      <trkpt lat="37.555044" lon="-122.258059">
        <ele>3.066753</ele>
        <time>2023-07-04T00:07:03.929Z</time>
      </trkpt>
      <trkpt lat="37.554959" lon="-122.257896">
        <ele>2.928325</ele>
        <time>2023-07-04T00:07:05.929Z</time>
      </trkpt>
      <trkpt lat="37.554874" lon="-122.257740">
        <ele>2.837354</ele>
        <time>2023-07-04T00:07:07.929Z</time>
      </trkpt>
      <trkpt lat="37.554793" lon="-122.257585">
        <ele>2.752607</ele>
        <time>2023-07-04T00:07:09.929Z</time>
      </trkpt>
      <trkpt lat="37.554708" lon="-122.257428">
        <ele>2.665818</ele>
        <time>2023-07-04T00:07:11.929Z</time>
      </trkpt>
      <trkpt lat="37.554632" lon="-122.257284">
        <ele>2.586847</ele>
        <time>2023-07-04T00:07:13.929Z</time>
      </trkpt>
      <trkpt lat="37.554557" lon="-122.257143">
        <ele>2.509334</ele>
        <time>2023-07-04T00:07:15.929Z</time>
      </trkpt>
      <trkpt lat="37.554479" lon="-122.256997">
        <ele>2.428963</ele>
        <time>2023-07-04T00:07:17.929Z</time>
      </trkpt>
      <trkpt lat="37.554400" lon="-122.256864">
        <ele>2.353097</ele>
        <time>2023-07-04T00:07:19.929Z</time>
      </trkpt>
      <trkpt lat="37.554320" lon="-122.256729">
        <ele>2.276155</ele>
        <time>2023-07-04T00:07:21.929Z</time>
      </trkpt>
      <trkpt lat="37.554244" lon="-122.256593">
        <ele>2.200197</ele>
        <time>2023-07-04T00:07:23.929Z</time>
      </trkpt>
      <trkpt lat="37.554169" lon="-122.256462">
        <ele>2.126431</ele>
        <time>2023-07-04T00:07:25.929Z</time>
      </trkpt>
      <trkpt lat="37.554098" lon="-122.256333">
        <ele>2.054741</ele>
        <time>2023-07-04T00:07:27.929Z</time>
      </trkpt>
      <trkpt lat="37.554025" lon="-122.256208">
        <ele>1.983867</ele>
        <time>2023-07-04T00:07:29.929Z</time>
      </trkpt>
      <trkpt lat="37.553957" lon="-122.256081">
        <ele>1.913907</ele>
        <time>2023-07-04T00:07:31.929Z</time>
      </trkpt>
      <trkpt lat="37.553891" lon="-122.255964">
        <ele>1.877897</ele>
        <time>2023-07-04T00:07:33.929Z</time>
      </trkpt>
      <trkpt lat="37.553836" lon="-122.255870">
        <ele>1.874621</ele>
        <time>2023-07-04T00:07:35.929Z</time>
      </trkpt>
      <trkpt lat="37.553756" lon="-122.255810">
        <ele>1.871329</ele>
        <time>2023-07-04T00:07:39.930Z</time>
      </trkpt>
      <trkpt lat="37.553691" lon="-122.255717">
        <ele>1.867853</ele>
        <time>2023-07-04T00:07:42.930Z</time>
      </trkpt>
      <trkpt lat="37.553655" lon="-122.255575">
        <ele>1.863672</ele>
        <time>2023-07-04T00:07:45.929Z</time>
      </trkpt>
      <trkpt lat="37.553609" lon="-122.255473">
        <ele>1.860382</ele>
        <time>2023-07-04T00:07:47.929Z</time>
      </trkpt>
      <trkpt lat="37.553550" lon="-122.255379">
        <ele>1.857020</ele>
        <time>2023-07-04T00:07:49.929Z</time>
      </trkpt>
      <trkpt lat="37.553495" lon="-122.255279">
        <ele>1.853607</ele>
        <time>2023-07-04T00:07:51.929Z</time>
      </trkpt>
      <trkpt lat="37.553441" lon="-122.255184">
        <ele>1.850329</ele>
        <time>2023-07-04T00:07:53.929Z</time>
      </trkpt>
      <trkpt lat="37.553389" lon="-122.255090">
        <ele>1.847115</ele>
        <time>2023-07-04T00:07:55.929Z</time>
      </trkpt>
      <trkpt lat="37.553329" lon="-122.254987">
        <ele>1.843530</ele>
        <time>2023-07-04T00:07:57.929Z</time>
      </trkpt>
      <trkpt lat="37.553274" lon="-122.254880">
        <ele>1.839954</ele>
        <time>2023-07-04T00:07:59.929Z</time>
      </trkpt>
      <trkpt lat="37.553218" lon="-122.254771">
        <ele>1.836312</ele>
        <time>2023-07-04T00:08:01.929Z</time>
      </trkpt>
      <trkpt lat="37.553158" lon="-122.254666">
        <ele>1.832683</ele>
        <time>2023-07-04T00:08:03.929Z</time>
      </trkpt>
      <trkpt lat="37.553102" lon="-122.254563">
        <ele>1.829180</ele>
        <time>2023-07-04T00:08:05.929Z</time>
      </trkpt>
      <trkpt lat="37.553036" lon="-122.254449">
        <ele>1.825222</ele>
        <time>2023-07-04T00:08:07.929Z</time>
      </trkpt>
      <trkpt lat="37.552970" lon="-122.254326">
        <ele>1.821057</ele>
        <time>2023-07-04T00:08:09.929Z</time>
      </trkpt>
      <trkpt lat="37.552899" lon="-122.254211">
        <ele>1.816970</ele>
        <time>2023-07-04T00:08:11.929Z</time>
      </trkpt>
      <trkpt lat="37.552827" lon="-122.254090">
        <ele>1.848547</ele>
        <time>2023-07-04T00:08:13.929Z</time>
      </trkpt>
      <trkpt lat="37.552756" lon="-122.253968">
        <ele>1.887937</ele>
        <time>2023-07-04T00:08:15.929Z</time>
      </trkpt>
      <trkpt lat="37.552691" lon="-122.253853">
        <ele>1.924696</ele>
        <time>2023-07-04T00:08:17.929Z</time>
      </trkpt>
      <trkpt lat="37.552631" lon="-122.253735">
        <ele>1.961182</ele>
        <time>2023-07-04T00:08:19.929Z</time>
      </trkpt>
      <trkpt lat="37.552565" lon="-122.253614">
        <ele>1.999409</ele>
        <time>2023-07-04T00:08:21.929Z</time>
      </trkpt>
      <trkpt lat="37.552496" lon="-122.253495">
        <ele>2.037781</ele>
        <time>2023-07-04T00:08:23.929Z</time>
      </trkpt>
      <trkpt lat="37.552430" lon="-122.253376">
        <ele>2.075580</ele>
        <time>2023-07-04T00:08:25.928Z</time>
      </trkpt>
      <trkpt lat="37.552364" lon="-122.253258">
        <ele>2.113167</ele>
        <time>2023-07-04T00:08:27.928Z</time>
      </trkpt>
      <trkpt lat="37.552298" lon="-122.253134">
        <ele>2.152039</ele>
        <time>2023-07-04T00:08:29.928Z</time>
      </trkpt>
      <trkpt lat="37.552228" lon="-122.253016">
        <ele>2.190397</ele>
        <time>2023-07-04T00:08:31.928Z</time>
      </trkpt>
      <trkpt lat="37.552157" lon="-122.252897">
        <ele>2.229161</ele>
        <time>2023-07-04T00:08:33.928Z</time>
      </trkpt>
      <trkpt lat="37.552089" lon="-122.252779">
        <ele>2.267130</ele>
        <time>2023-07-04T00:08:35.928Z</time>
      </trkpt>
      <trkpt lat="37.552021" lon="-122.252655">
        <ele>2.306372</ele>
        <time>2023-07-04T00:08:37.928Z</time>
      </trkpt>
      <trkpt lat="37.551957" lon="-122.252530">
        <ele>2.345101</ele>
        <time>2023-07-04T00:08:39.928Z</time>
      </trkpt>
      <trkpt lat="37.551900" lon="-122.252403">
        <ele>2.383085</ele>
        <time>2023-07-04T00:08:41.928Z</time>
      </trkpt>
      <trkpt lat="37.551838" lon="-122.252285">
        <ele>2.443168</ele>
        <time>2023-07-04T00:08:43.928Z</time>
      </trkpt>
      <trkpt lat="37.551778" lon="-122.252162">
        <ele>2.546778</ele>
        <time>2023-07-04T00:08:45.928Z</time>
      </trkpt>
      <trkpt lat="37.551715" lon="-122.252040">
        <ele>2.651234</ele>
        <time>2023-07-04T00:08:47.928Z</time>
      </trkpt>
      <trkpt lat="37.551658" lon="-122.251926">
        <ele>2.747928</ele>
        <time>2023-07-04T00:08:49.928Z</time>
      </trkpt>
      <trkpt lat="37.551606" lon="-122.251815">
        <ele>2.840427</ele>
        <time>2023-07-04T00:08:51.928Z</time>
      </trkpt>
      <trkpt lat="37.551559" lon="-122.251715">
        <ele>2.923830</ele>
        <time>2023-07-04T00:08:53.928Z</time>
      </trkpt>
      <trkpt lat="37.551501" lon="-122.251610">
        <ele>3.015642</ele>
        <time>2023-07-04T00:08:55.928Z</time>
      </trkpt>
      <trkpt lat="37.551413" lon="-122.251534">
        <ele>3.112154</ele>
        <time>2023-07-04T00:09:02.928Z</time>
      </trkpt>
      <trkpt lat="37.551353" lon="-122.251430">
        <ele>3.204432</ele>
        <time>2023-07-04T00:09:05.928Z</time>
      </trkpt>
      <trkpt lat="37.551342" lon="-122.251309">
        <ele>3.291810</ele>
        <time>2023-07-04T00:09:08.928Z</time>
      </trkpt>
      <trkpt lat="37.551427" lon="-122.251222">
        <ele>3.390868</ele>
        <time>2023-07-04T00:09:11.928Z</time>
      </trkpt>
      <trkpt lat="37.551481" lon="-122.251117">
        <ele>3.480660</ele>
        <time>2023-07-04T00:09:15.928Z</time>
      </trkpt>
      <trkpt lat="37.551391" lon="-122.251154">
        <ele>3.566320</ele>
        <time>2023-07-04T00:09:19.928Z</time>
      </trkpt>
      <trkpt lat="37.551296" lon="-122.251236">
        <ele>3.670490</ele>
        <time>2023-07-04T00:09:22.928Z</time>
      </trkpt>
      <trkpt lat="37.551196" lon="-122.251309">
        <ele>3.775046</ele>
        <time>2023-07-04T00:09:25.927Z</time>
      </trkpt>
      <trkpt lat="37.551100" lon="-122.251380">
        <ele>3.875752</ele>
        <time>2023-07-04T00:09:28.927Z</time>
      </trkpt>
      <trkpt lat="37.551016" lon="-122.251436">
        <ele>3.961730</ele>
        <time>2023-07-04T00:09:30.927Z</time>
      </trkpt>
      <trkpt lat="37.550940" lon="-122.251506">
        <ele>4.031194</ele>
        <time>2023-07-04T00:09:32.927Z</time>
      </trkpt>
      <trkpt lat="37.550852" lon="-122.251571">
        <ele>4.008008</ele>
        <time>2023-07-04T00:09:34.927Z</time>
      </trkpt>
      <trkpt lat="37.550765" lon="-122.251643">
        <ele>3.984349</ele>
        <time>2023-07-04T00:09:36.927Z</time>
      </trkpt>
      <trkpt lat="37.550671" lon="-122.251709">
        <ele>3.959889</ele>
        <time>2023-07-04T00:09:38.927Z</time>
      </trkpt>
      <trkpt lat="37.550583" lon="-122.251787">
        <ele>3.935434</ele>
        <time>2023-07-04T00:09:40.927Z</time>
      </trkpt>
      <trkpt lat="37.550488" lon="-122.251861">
        <ele>3.910048</ele>
        <time>2023-07-04T00:09:42.927Z</time>
      </trkpt>
      <trkpt lat="37.550391" lon="-122.251933">
        <ele>3.884458</ele>
        <time>2023-07-04T00:09:44.927Z</time>
      </trkpt>
      <trkpt lat="37.550294" lon="-122.252011">
        <ele>3.858303</ele>
        <time>2023-07-04T00:09:46.928Z</time>
      </trkpt>
      <trkpt lat="37.550187" lon="-122.252094">
        <ele>3.829742</ele>
        <time>2023-07-04T00:09:48.927Z</time>
      </trkpt>
      <trkpt lat="37.550085" lon="-122.252183">
        <ele>3.801543</ele>
        <time>2023-07-04T00:09:50.927Z</time>
      </trkpt>
      <trkpt lat="37.549981" lon="-122.252270">
        <ele>3.773169</ele>
        <time>2023-07-04T00:09:52.927Z</time>
      </trkpt>
      <trkpt lat="37.549878" lon="-122.252357">
        <ele>3.744984</ele>
        <time>2023-07-04T00:09:54.928Z</time>
      </trkpt>
      <trkpt lat="37.549777" lon="-122.252443">
        <ele>3.717277</ele>
        <time>2023-07-04T00:09:56.928Z</time>
      </trkpt>
      <trkpt lat="37.549676" lon="-122.252527">
        <ele>3.689771</ele>
        <time>2023-07-04T00:09:58.928Z</time>
      </trkpt>
      <trkpt lat="37.549569" lon="-122.252598">
        <ele>3.662282</ele>
        <time>2023-07-04T00:10:00.928Z</time>
      </trkpt>
      <trkpt lat="37.549473" lon="-122.252677">
        <ele>3.636220</ele>
        <time>2023-07-04T00:10:02.928Z</time>
      </trkpt>
      <trkpt lat="37.549373" lon="-122.252744">
        <ele>3.612945</ele>
        <time>2023-07-04T00:10:04.927Z</time>
      </trkpt>
      <trkpt lat="37.549275" lon="-122.252804">
        <ele>3.592276</ele>
        <time>2023-07-04T00:10:06.927Z</time>
      </trkpt>
      <trkpt lat="37.549171" lon="-122.252881">
        <ele>3.569396</ele>
        <time>2023-07-04T00:10:08.927Z</time>
      </trkpt>
      <trkpt lat="37.549079" lon="-122.252939">
        <ele>3.549882</ele>
        <time>2023-07-04T00:10:10.927Z</time>
      </trkpt>
      <trkpt lat="37.548980" lon="-122.252994">
        <ele>3.529358</ele>
        <time>2023-07-04T00:10:12.927Z</time>
      </trkpt>
      <trkpt lat="37.548883" lon="-122.253061">
        <ele>3.508375</ele>
        <time>2023-07-04T00:10:14.927Z</time>
      </trkpt>
      <trkpt lat="37.548792" lon="-122.253146">
        <ele>3.486891</ele>
        <time>2023-07-04T00:10:16.927Z</time>
      </trkpt>
      <trkpt lat="37.548702" lon="-122.253238">
        <ele>3.464911</ele>
        <time>2023-07-04T00:10:18.927Z</time>
      </trkpt>
      <trkpt lat="37.548621" lon="-122.253334">
        <ele>3.443823</ele>
        <time>2023-07-04T00:10:20.927Z</time>
      </trkpt>
      <trkpt lat="37.548542" lon="-122.253428">
        <ele>3.423217</ele>
        <time>2023-07-04T00:10:22.927Z</time>
      </trkpt>
      <trkpt lat="37.548454" lon="-122.253528">
        <ele>3.400744</ele>
        <time>2023-07-04T00:10:24.927Z</time>
      </trkpt>
      <trkpt lat="37.548370" lon="-122.253610">
        <ele>3.380591</ele>
        <time>2023-07-04T00:10:26.927Z</time>
      </trkpt>
      <trkpt lat="37.548282" lon="-122.253690">
        <ele>3.360010</ele>
        <time>2023-07-04T00:10:28.927Z</time>
      </trkpt>
      <trkpt lat="37.548206" lon="-122.253795">
        <ele>3.338623</ele>
        <time>2023-07-04T00:10:30.927Z</time>
      </trkpt>
      <trkpt lat="37.548134" lon="-122.253909">
        <ele>3.316699</ele>
        <time>2023-07-04T00:10:32.927Z</time>
      </trkpt>
      <trkpt lat="37.548077" lon="-122.254029">
        <ele>3.295656</ele>
        <time>2023-07-04T00:10:34.927Z</time>
      </trkpt>
      <trkpt lat="37.548018" lon="-122.254149">
        <ele>3.276943</ele>
        <time>2023-07-04T00:10:36.927Z</time>
      </trkpt>
      <trkpt lat="37.547950" lon="-122.254264">
        <ele>3.260970</ele>
        <time>2023-07-04T00:10:38.927Z</time>
      </trkpt>
      <trkpt lat="37.547859" lon="-122.254330">
        <ele>3.246228</ele>
        <time>2023-07-04T00:10:40.927Z</time>
      </trkpt>
      <trkpt lat="37.547742" lon="-122.254334">
        <ele>3.229792</ele>
        <time>2023-07-04T00:10:42.927Z</time>
      </trkpt>
      <trkpt lat="37.547636" lon="-122.254306">
        <ele>3.214583</ele>
        <time>2023-07-04T00:10:44.927Z</time>
      </trkpt>
      <trkpt lat="37.547529" lon="-122.254272">
        <ele>3.199087</ele>
        <time>2023-07-04T00:10:46.927Z</time>
      </trkpt>
      <trkpt lat="37.547421" lon="-122.254251">
        <ele>3.183741</ele>
        <time>2023-07-04T00:10:48.927Z</time>
      </trkpt>
      <trkpt lat="37.547310" lon="-122.254226">
        <ele>3.167907</ele>
        <time>2023-07-04T00:10:50.927Z</time>
      </trkpt>
      <trkpt lat="37.547200" lon="-122.254227">
        <ele>3.152459</ele>
        <time>2023-07-04T00:10:52.927Z</time>
      </trkpt>
      <trkpt lat="37.547089" lon="-122.254250">
        <ele>3.136662</ele>
        <time>2023-07-04T00:10:54.927Z</time>
      </trkpt>
      <trkpt lat="37.546979" lon="-122.254270">
        <ele>3.121055</ele>
        <time>2023-07-04T00:10:56.927Z</time>
      </trkpt>
      <trkpt lat="37.546872" lon="-122.254290">
        <ele>3.105864</ele>
        <time>2023-07-04T00:10:58.927Z</time>
      </trkpt>
      <trkpt lat="37.546765" lon="-122.254313">
        <ele>3.090621</ele>
        <time>2023-07-04T00:11:00.927Z</time>
      </trkpt>
      <trkpt lat="37.546657" lon="-122.254334">
        <ele>3.075275</ele>
        <time>2023-07-04T00:11:02.927Z</time>
      </trkpt>
      <trkpt lat="37.546548" lon="-122.254341">
        <ele>3.059949</ele>
        <time>2023-07-04T00:11:04.926Z</time>
      </trkpt>
      <trkpt lat="37.546437" lon="-122.254350">
        <ele>3.044328</ele>
        <time>2023-07-04T00:11:06.926Z</time>
      </trkpt>
      <trkpt lat="37.546331" lon="-122.254345">
        <ele>3.027313</ele>
        <time>2023-07-04T00:11:08.926Z</time>
      </trkpt>
      <trkpt lat="37.546237" lon="-122.254329">
        <ele>3.000686</ele>
        <time>2023-07-04T00:11:10.926Z</time>
      </trkpt>
      <trkpt lat="37.546148" lon="-122.254310">
        <ele>2.975346</ele>
        <time>2023-07-04T00:11:12.926Z</time>
      </trkpt>
      <trkpt lat="37.546016" lon="-122.254288">
        <ele>2.937968</ele>
        <time>2023-07-04T00:11:15.926Z</time>
      </trkpt>
      <trkpt lat="37.545926" lon="-122.254280">
        <ele>2.912641</ele>
        <time>2023-07-04T00:11:17.926Z</time>
      </trkpt>
      <trkpt lat="37.545837" lon="-122.254254">
        <ele>2.886995</ele>
        <time>2023-07-04T00:11:19.926Z</time>
      </trkpt>
      <trkpt lat="37.545750" lon="-122.254216">
        <ele>2.861149</ele>
        <time>2023-07-04T00:11:21.926Z</time>
      </trkpt>
      <trkpt lat="37.545657" lon="-122.254190">
        <ele>2.834408</ele>
        <time>2023-07-04T00:11:23.926Z</time>
      </trkpt>
      <trkpt lat="37.545563" lon="-122.254161">
        <ele>2.807242</ele>
        <time>2023-07-04T00:11:25.926Z</time>
      </trkpt>
      <trkpt lat="37.545468" lon="-122.254146">
        <ele>2.780365</ele>
        <time>2023-07-04T00:11:27.926Z</time>
      </trkpt>
      <trkpt lat="37.545371" lon="-122.254129">
        <ele>2.752874</ele>
        <time>2023-07-04T00:11:29.926Z</time>
      </trkpt>
      <trkpt lat="37.545273" lon="-122.254115">
        <ele>2.725187</ele>
        <time>2023-07-04T00:11:31.926Z</time>
      </trkpt>
      <trkpt lat="37.545176" lon="-122.254097">
        <ele>2.697664</ele>
        <time>2023-07-04T00:11:33.926Z</time>
      </trkpt>
      <trkpt lat="37.545077" lon="-122.254080">
        <ele>2.669616</ele>
        <time>2023-07-04T00:11:35.926Z</time>
      </trkpt>
      <trkpt lat="37.544977" lon="-122.254065">
        <ele>2.641346</ele>
        <time>2023-07-04T00:11:37.926Z</time>
      </trkpt>
      <trkpt lat="37.544879" lon="-122.254044">
        <ele>2.613441</ele>
        <time>2023-07-04T00:11:39.926Z</time>
      </trkpt>
      <trkpt lat="37.544778" lon="-122.254025">
        <ele>2.584774</ele>
        <time>2023-07-04T00:11:41.926Z</time>
      </trkpt>
      <trkpt lat="37.544677" lon="-122.254000">
        <ele>2.555880</ele>
        <time>2023-07-04T00:11:43.926Z</time>
      </trkpt>
      <trkpt lat="37.544576" lon="-122.253975">
        <ele>2.526986</ele>
        <time>2023-07-04T00:11:45.926Z</time>
      </trkpt>
      <trkpt lat="37.544476" lon="-122.253944">
        <ele>2.530794</ele>
        <time>2023-07-04T00:11:47.926Z</time>
      </trkpt>
      <trkpt lat="37.544374" lon="-122.253916">
        <ele>2.535063</ele>
        <time>2023-07-04T00:11:49.926Z</time>
      </trkpt>
      <trkpt lat="37.544271" lon="-122.253879">
        <ele>2.539443</ele>
        <time>2023-07-04T00:11:51.926Z</time>
      </trkpt>
      <trkpt lat="37.544169" lon="-122.253844">
        <ele>2.543766</ele>
        <time>2023-07-04T00:11:53.926Z</time>
      </trkpt>
      <trkpt lat="37.544065" lon="-122.253819">
        <ele>2.548096</ele>
        <time>2023-07-04T00:11:55.926Z</time>
      </trkpt>
      <trkpt lat="37.543965" lon="-122.253787">
        <ele>2.552316</ele>
        <time>2023-07-04T00:11:57.926Z</time>
      </trkpt>
      <trkpt lat="37.543867" lon="-122.253754">
        <ele>2.556464</ele>
        <time>2023-07-04T00:11:59.926Z</time>
      </trkpt>
      <trkpt lat="37.543766" lon="-122.253725">
        <ele>2.560700</ele>
        <time>2023-07-04T00:12:01.925Z</time>
      </trkpt>
      <trkpt lat="37.543667" lon="-122.253691">
        <ele>2.564897</ele>
        <time>2023-07-04T00:12:03.925Z</time>
      </trkpt>
      <trkpt lat="37.543567" lon="-122.253661">
        <ele>2.569101</ele>
        <time>2023-07-04T00:12:05.925Z</time>
      </trkpt>
      <trkpt lat="37.543463" lon="-122.253635">
        <ele>2.573437</ele>
        <time>2023-07-04T00:12:07.925Z</time>
      </trkpt>
      <trkpt lat="37.543365" lon="-122.253602">
        <ele>2.577585</ele>
        <time>2023-07-04T00:12:09.925Z</time>
      </trkpt>
      <trkpt lat="37.543268" lon="-122.253557">
        <ele>2.581812</ele>
        <time>2023-07-04T00:12:11.925Z</time>
      </trkpt>
      <trkpt lat="37.543177" lon="-122.253492">
        <ele>2.586089</ele>
        <time>2023-07-04T00:12:13.925Z</time>
      </trkpt>
      <trkpt lat="37.543103" lon="-122.253405">
        <ele>2.590227</ele>
        <time>2023-07-04T00:12:15.925Z</time>
      </trkpt>
      <trkpt lat="37.543041" lon="-122.253302">
        <ele>2.594420</ele>
        <time>2023-07-04T00:12:17.925Z</time>
      </trkpt>
      <trkpt lat="37.542976" lon="-122.253204">
        <ele>2.598563</ele>
        <time>2023-07-04T00:12:19.925Z</time>
      </trkpt>
      <trkpt lat="37.542911" lon="-122.253109">
        <ele>2.596436</ele>
        <time>2023-07-04T00:12:21.925Z</time>
      </trkpt>
      <trkpt lat="37.542847" lon="-122.253018">
        <ele>2.590356</ele>
        <time>2023-07-04T00:12:23.925Z</time>
      </trkpt>
      <trkpt lat="37.542783" lon="-122.252933">
        <ele>2.584497</ele>
        <time>2023-07-04T00:12:25.925Z</time>
      </trkpt>
      <trkpt lat="37.542711" lon="-122.252864">
        <ele>2.578796</ele>
        <time>2023-07-04T00:12:27.925Z</time>
      </trkpt>
      <trkpt lat="37.542601" lon="-122.252776">
        <ele>2.570584</ele>
        <time>2023-07-04T00:12:30.925Z</time>
      </trkpt>
      <trkpt lat="37.542493" lon="-122.252708">
        <ele>2.562974</ele>
        <time>2023-07-04T00:12:33.925Z</time>
      </trkpt>
      <trkpt lat="37.542390" lon="-122.252650">
        <ele>2.555863</ele>
        <time>2023-07-04T00:12:36.925Z</time>
      </trkpt>
      <trkpt lat="37.542291" lon="-122.252609">
        <ele>2.549294</ele>
        <time>2023-07-04T00:12:39.925Z</time>
      </trkpt>
      <trkpt lat="37.542200" lon="-122.252578">
        <ele>2.543352</ele>
        <time>2023-07-04T00:12:42.925Z</time>
      </trkpt>
      <trkpt lat="37.542099" lon="-122.252567">
        <ele>2.536961</ele>
        <time>2023-07-04T00:12:46.925Z</time>
      </trkpt>
      <trkpt lat="37.541903" lon="-122.252600">
        <ele>2.524495</ele>
        <time>2023-07-04T00:14:57.923Z</time>
      </trkpt>
      <trkpt lat="37.541808" lon="-122.252655">
        <ele>2.517906</ele>
        <time>2023-07-04T00:15:00.923Z</time>
      </trkpt>
      <trkpt lat="37.541721" lon="-122.252726">
        <ele>2.511373</ele>
        <time>2023-07-04T00:15:03.923Z</time>
      </trkpt>
      <trkpt lat="37.541655" lon="-122.252817">
        <ele>2.505208</ele>
        <time>2023-07-04T00:15:06.923Z</time>
      </trkpt>
      <trkpt lat="37.541596" lon="-122.252924">
        <ele>2.498694</ele>
        <time>2023-07-04T00:15:09.923Z</time>
      </trkpt>
      <trkpt lat="37.541559" lon="-122.253041">
        <ele>2.492397</ele>
        <time>2023-07-04T00:15:12.922Z</time>
      </trkpt>
      <trkpt lat="37.541529" lon="-122.253165">
        <ele>2.482734</ele>
        <time>2023-07-04T00:15:15.922Z</time>
      </trkpt>
      <trkpt lat="37.541501" lon="-122.253303">
        <ele>2.450118</ele>
        <time>2023-07-04T00:15:18.922Z</time>
      </trkpt>
      <trkpt lat="37.541491" lon="-122.253445">
        <ele>2.417475</ele>
        <time>2023-07-04T00:15:21.922Z</time>
      </trkpt>
      <trkpt lat="37.541499" lon="-122.253581">
        <ele>2.386249</ele>
        <time>2023-07-04T00:15:24.922Z</time>
      </trkpt>
      <trkpt lat="37.541521" lon="-122.253719">
        <ele>2.354018</ele>
        <time>2023-07-04T00:15:27.922Z</time>
      </trkpt>
      <trkpt lat="37.541547" lon="-122.253853">
        <ele>2.322430</ele>
        <time>2023-07-04T00:15:30.922Z</time>
      </trkpt>
      <trkpt lat="37.541569" lon="-122.253989">
        <ele>2.290648</ele>
        <time>2023-07-04T00:15:33.922Z</time>
      </trkpt>
      <trkpt lat="37.541594" lon="-122.254128">
        <ele>2.258011</ele>
        <time>2023-07-04T00:15:36.922Z</time>
      </trkpt>
      <trkpt lat="37.541616" lon="-122.254274">
        <ele>2.223983</ele>
        <time>2023-07-04T00:15:39.922Z</time>
      </trkpt>
      <trkpt lat="37.541631" lon="-122.254418">
        <ele>2.190727</ele>
        <time>2023-07-04T00:15:42.922Z</time>
      </trkpt>
      <trkpt lat="37.541640" lon="-122.254566">
        <ele>2.156739</ele>
        <time>2023-07-04T00:15:45.922Z</time>
      </trkpt>
      <trkpt lat="37.541645" lon="-122.254718">
        <ele>2.121905</ele>
        <time>2023-07-04T00:15:48.922Z</time>
      </trkpt>
      <trkpt lat="37.541652" lon="-122.254878">
        <ele>2.085213</ele>
        <time>2023-07-04T00:15:51.922Z</time>
      </trkpt>
      <trkpt lat="37.541654" lon="-122.254997">
        <ele>2.057959</ele>
        <time>2023-07-04T00:15:53.922Z</time>
      </trkpt>
      <trkpt lat="37.541657" lon="-122.255117">
        <ele>2.030468</ele>
        <time>2023-07-04T00:15:55.922Z</time>
      </trkpt>
      <trkpt lat="37.541661" lon="-122.255231">
        <ele>2.004339</ele>
        <time>2023-07-04T00:15:57.922Z</time>
      </trkpt>
      <trkpt lat="37.541664" lon="-122.255398">
        <ele>1.969244</ele>
        <time>2023-07-04T00:16:00.922Z</time>
      </trkpt>
      <trkpt lat="37.541668" lon="-122.255556">
        <ele>2.020460</ele>
        <time>2023-07-04T00:16:03.922Z</time>
      </trkpt>
      <trkpt lat="37.541668" lon="-122.255707">
        <ele>2.069383</ele>
        <time>2023-07-04T00:16:06.923Z</time>
      </trkpt>
      <trkpt lat="37.541671" lon="-122.255859">
        <ele>2.118645</ele>
        <time>2023-07-04T00:16:09.922Z</time>
      </trkpt>
      <trkpt lat="37.541681" lon="-122.256005">
        <ele>2.166123</ele>
        <time>2023-07-04T00:16:12.923Z</time>
      </trkpt>
      <trkpt lat="37.541679" lon="-122.256157">
        <ele>2.215376</ele>
        <time>2023-07-04T00:16:15.923Z</time>
      </trkpt>
      <trkpt lat="37.541688" lon="-122.256310">
        <ele>2.265083</ele>
        <time>2023-07-04T00:16:18.923Z</time>
      </trkpt>
      <trkpt lat="37.541695" lon="-122.256455">
        <ele>2.312149</ele>
        <time>2023-07-04T00:16:21.922Z</time>
      </trkpt>
      <trkpt lat="37.541701" lon="-122.256602">
        <ele>2.359838</ele>
        <time>2023-07-04T00:16:24.922Z</time>
      </trkpt>
      <trkpt lat="37.541711" lon="-122.256742">
        <ele>2.405380</ele>
        <time>2023-07-04T00:16:27.922Z</time>
      </trkpt>
      <trkpt lat="37.541715" lon="-122.256880">
        <ele>2.450121</ele>
        <time>2023-07-04T00:16:30.922Z</time>
      </trkpt>
      <trkpt lat="37.541714" lon="-122.257030">
        <ele>2.498721</ele>
        <time>2023-07-04T00:16:33.922Z</time>
      </trkpt>
      <trkpt lat="37.541710" lon="-122.257180">
        <ele>2.547347</ele>
        <time>2023-07-04T00:16:36.922Z</time>
      </trkpt>
      <trkpt lat="37.541701" lon="-122.257329">
        <ele>2.595761</ele>
        <time>2023-07-04T00:16:39.922Z</time>
      </trkpt>
      <trkpt lat="37.541684" lon="-122.257480">
        <ele>2.645174</ele>
        <time>2023-07-04T00:16:42.922Z</time>
      </trkpt>
      <trkpt lat="37.541666" lon="-122.257630">
        <ele>2.694326</ele>
        <time>2023-07-04T00:16:45.922Z</time>
      </trkpt>
      <trkpt lat="37.541634" lon="-122.257775">
        <ele>2.708363</ele>
        <time>2023-07-04T00:16:48.922Z</time>
      </trkpt>
      <trkpt lat="37.541605" lon="-122.257919">
        <ele>2.715480</ele>
        <time>2023-07-04T00:16:51.922Z</time>
      </trkpt>
      <trkpt lat="37.541567" lon="-122.258068">
        <ele>2.722978</ele>
        <time>2023-07-04T00:16:54.922Z</time>
      </trkpt>
      <trkpt lat="37.541527" lon="-122.258206">
        <ele>2.730017</ele>
        <time>2023-07-04T00:16:57.922Z</time>
      </trkpt>
      <trkpt lat="37.541474" lon="-122.258347">
        <ele>2.737492</ele>
        <time>2023-07-04T00:17:00.922Z</time>
      </trkpt>
      <trkpt lat="37.541430" lon="-122.258492">
        <ele>2.744930</ele>
        <time>2023-07-04T00:17:03.922Z</time>
      </trkpt>
      <trkpt lat="37.541383" lon="-122.258631">
        <ele>2.752169</ele>
        <time>2023-07-04T00:17:06.922Z</time>
      </trkpt>
      <trkpt lat="37.541336" lon="-122.258775">
        <ele>2.759629</ele>
        <time>2023-07-04T00:17:09.922Z</time>
      </trkpt>
      <trkpt lat="37.541291" lon="-122.258921">
        <ele>2.767133</ele>
        <time>2023-07-04T00:17:12.922Z</time>
      </trkpt>
      <trkpt lat="37.541244" lon="-122.259060">
        <ele>2.774372</ele>
        <time>2023-07-04T00:17:15.922Z</time>
      </trkpt>
      <trkpt lat="37.541187" lon="-122.259203">
        <ele>2.782039</ele>
        <time>2023-07-04T00:17:18.922Z</time>
      </trkpt>
      <trkpt lat="37.541130" lon="-122.259346">
        <ele>2.789707</ele>
        <time>2023-07-04T00:17:21.921Z</time>
      </trkpt>
      <trkpt lat="37.541069" lon="-122.259482">
        <ele>2.797192</ele>
        <time>2023-07-04T00:17:24.921Z</time>
      </trkpt>
      <trkpt lat="37.541006" lon="-122.259610">
        <ele>2.804410</ele>
        <time>2023-07-04T00:17:27.921Z</time>
      </trkpt>
      <trkpt lat="37.540924" lon="-122.259723">
        <ele>2.812648</ele>
        <time>2023-07-04T00:17:30.921Z</time>
      </trkpt>
      <trkpt lat="37.540830" lon="-122.259821">
        <ele>2.828964</ele>
        <time>2023-07-04T00:17:33.921Z</time>
      </trkpt>
      <trkpt lat="37.540733" lon="-122.259922">
        <ele>2.845791</ele>
        <time>2023-07-04T00:17:36.921Z</time>
      </trkpt>
      <trkpt lat="37.540632" lon="-122.260019">
        <ele>2.862774</ele>
        <time>2023-07-04T00:17:39.921Z</time>
      </trkpt>
      <trkpt lat="37.540532" lon="-122.260111">
        <ele>2.879333</ele>
        <time>2023-07-04T00:17:42.921Z</time>
      </trkpt>
      <trkpt lat="37.540423" lon="-122.260197">
        <ele>2.896533</ele>
        <time>2023-07-04T00:17:45.921Z</time>
      </trkpt>
      <trkpt lat="37.540320" lon="-122.260288">
        <ele>2.913357</ele>
        <time>2023-07-04T00:17:48.921Z</time>
      </trkpt>
      <trkpt lat="37.540214" lon="-122.260372">
        <ele>2.930104</ele>
        <time>2023-07-04T00:17:51.921Z</time>
      </trkpt>
      <trkpt lat="37.540109" lon="-122.260466">
        <ele>2.947330</ele>
        <time>2023-07-04T00:17:54.921Z</time>
      </trkpt>
      <trkpt lat="37.539998" lon="-122.260533">
        <ele>2.963792</ele>
        <time>2023-07-04T00:17:57.921Z</time>
      </trkpt>
      <trkpt lat="37.539884" lon="-122.260599">
        <ele>2.980573</ele>
        <time>2023-07-04T00:18:00.921Z</time>
      </trkpt>
      <trkpt lat="37.539758" lon="-122.260650">
        <ele>2.998276</ele>
        <time>2023-07-04T00:18:03.921Z</time>
      </trkpt>
      <trkpt lat="37.539633" lon="-122.260681">
        <ele>3.015318</ele>
        <time>2023-07-04T00:18:06.921Z</time>
      </trkpt>
      <trkpt lat="37.539509" lon="-122.260663">
        <ele>3.032016</ele>
        <time>2023-07-04T00:18:09.920Z</time>
      </trkpt>
      <trkpt lat="37.539383" lon="-122.260667">
        <ele>3.048877</ele>
        <time>2023-07-04T00:18:12.921Z</time>
      </trkpt>
      <trkpt lat="37.539262" lon="-122.260665">
        <ele>3.052221</ele>
        <time>2023-07-04T00:18:15.920Z</time>
      </trkpt>
      <trkpt lat="37.538991" lon="-122.260706">
        <ele>3.053847</ele>
        <time>2023-07-04T00:18:55.920Z</time>
      </trkpt>
      <trkpt lat="37.538868" lon="-122.260715">
        <ele>3.054581</ele>
        <time>2023-07-04T00:18:58.920Z</time>
      </trkpt>
      <trkpt lat="37.538739" lon="-122.260718">
        <ele>3.055349</ele>
        <time>2023-07-04T00:19:01.919Z</time>
      </trkpt>
      <trkpt lat="37.538622" lon="-122.260727">
        <ele>3.056047</ele>
        <time>2023-07-04T00:19:04.919Z</time>
      </trkpt>
      <trkpt lat="37.538488" lon="-122.260739">
        <ele>3.056848</ele>
        <time>2023-07-04T00:19:07.919Z</time>
      </trkpt>
      <trkpt lat="37.538352" lon="-122.260778">
        <ele>3.057678</ele>
        <time>2023-07-04T00:19:10.919Z</time>
      </trkpt>
      <trkpt lat="37.538258" lon="-122.260795">
        <ele>3.058244</ele>
        <time>2023-07-04T00:19:12.919Z</time>
      </trkpt>
      <trkpt lat="37.538163" lon="-122.260817">
        <ele>3.058819</ele>
        <time>2023-07-04T00:19:14.919Z</time>
      </trkpt>
      <trkpt lat="37.538063" lon="-122.260836">
        <ele>3.059422</ele>
        <time>2023-07-04T00:19:16.919Z</time>
      </trkpt>
      <trkpt lat="37.537971" lon="-122.260846">
        <ele>3.059972</ele>
        <time>2023-07-04T00:19:18.919Z</time>
      </trkpt>
      <trkpt lat="37.537876" lon="-122.260861">
        <ele>3.060542</ele>
        <time>2023-07-04T00:19:20.919Z</time>
      </trkpt>
      <trkpt lat="37.537781" lon="-122.260874">
        <ele>3.061111</ele>
        <time>2023-07-04T00:19:22.919Z</time>
      </trkpt>
      <trkpt lat="37.537688" lon="-122.260881">
        <ele>3.061666</ele>
        <time>2023-07-04T00:19:24.919Z</time>
      </trkpt>
      <trkpt lat="37.537593" lon="-122.260891">
        <ele>3.062234</ele>
        <time>2023-07-04T00:19:26.919Z</time>
      </trkpt>
      <trkpt lat="37.537501" lon="-122.260894">
        <ele>3.062363</ele>
        <time>2023-07-04T00:19:28.919Z</time>
      </trkpt>
      <trkpt lat="37.537405" lon="-122.260907">
        <ele>3.062397</ele>
        <time>2023-07-04T00:19:30.919Z</time>
      </trkpt>
      <trkpt lat="37.537308" lon="-122.260919">
        <ele>3.062431</ele>
        <time>2023-07-04T00:19:32.919Z</time>
      </trkpt>
      <trkpt lat="37.537212" lon="-122.260929">
        <ele>3.062466</ele>
        <time>2023-07-04T00:19:34.919Z</time>
      </trkpt>
      <trkpt lat="37.537118" lon="-122.260935">
        <ele>3.062499</ele>
        <time>2023-07-04T00:19:36.919Z</time>
      </trkpt>
      <trkpt lat="37.537022" lon="-122.260946">
        <ele>3.062533</ele>
        <time>2023-07-04T00:19:38.919Z</time>
      </trkpt>
      <trkpt lat="37.536926" lon="-122.260958">
        <ele>3.062567</ele>
        <time>2023-07-04T00:19:40.919Z</time>
      </trkpt>
      <trkpt lat="37.536831" lon="-122.260965">
        <ele>3.062601</ele>
        <time>2023-07-04T00:19:42.919Z</time>
      </trkpt>
      <trkpt lat="37.536733" lon="-122.260968">
        <ele>3.062636</ele>
        <time>2023-07-04T00:19:44.919Z</time>
      </trkpt>
      <trkpt lat="37.536634" lon="-122.260975">
        <ele>3.062671</ele>
        <time>2023-07-04T00:19:46.919Z</time>
      </trkpt>
      <trkpt lat="37.536537" lon="-122.260973">
        <ele>3.062705</ele>
        <time>2023-07-04T00:19:48.919Z</time>
      </trkpt>
      <trkpt lat="37.536444" lon="-122.260967">
        <ele>3.062738</ele>
        <time>2023-07-04T00:19:50.919Z</time>
      </trkpt>
      <trkpt lat="37.536354" lon="-122.260963">
        <ele>3.062770</ele>
        <time>2023-07-04T00:19:52.919Z</time>
      </trkpt>
      <trkpt lat="37.536221" lon="-122.260950">
        <ele>3.062817</ele>
        <time>2023-07-04T00:19:55.919Z</time>
      </trkpt>
      <trkpt lat="37.536130" lon="-122.260939">
        <ele>3.062850</ele>
        <time>2023-07-04T00:19:57.919Z</time>
      </trkpt>
      <trkpt lat="37.536039" lon="-122.260926">
        <ele>3.062882</ele>
        <time>2023-07-04T00:19:59.919Z</time>
      </trkpt>
      <trkpt lat="37.535947" lon="-122.260911">
        <ele>3.062915</ele>
        <time>2023-07-04T00:20:01.918Z</time>
      </trkpt>
      <trkpt lat="37.535853" lon="-122.260897">
        <ele>3.062949</ele>
        <time>2023-07-04T00:20:03.918Z</time>
      </trkpt>
      <trkpt lat="37.535761" lon="-122.260888">
        <ele>3.063742</ele>
        <time>2023-07-04T00:20:05.918Z</time>
      </trkpt>
      <trkpt lat="37.535668" lon="-122.260880">
        <ele>3.066968</ele>
        <time>2023-07-04T00:20:07.918Z</time>
      </trkpt>
      <trkpt lat="37.535573" lon="-122.260870">
        <ele>3.070267</ele>
        <time>2023-07-04T00:20:09.918Z</time>
      </trkpt>
      <trkpt lat="37.535479" lon="-122.260855">
        <ele>3.073546</ele>
        <time>2023-07-04T00:20:11.919Z</time>
      </trkpt>
      <trkpt lat="37.535381" lon="-122.260846">
        <ele>3.076946</ele>
        <time>2023-07-04T00:20:13.919Z</time>
      </trkpt>
      <trkpt lat="37.535285" lon="-122.260841">
        <ele>3.080271</ele>
        <time>2023-07-04T00:20:15.919Z</time>
      </trkpt>
      <trkpt lat="37.535190" lon="-122.260835">
        <ele>3.083563</ele>
        <time>2023-07-04T00:20:17.919Z</time>
      </trkpt>
      <trkpt lat="37.535096" lon="-122.260827">
        <ele>3.086823</ele>
        <time>2023-07-04T00:20:19.919Z</time>
      </trkpt>
      <trkpt lat="37.534997" lon="-122.260831">
        <ele>3.090251</ele>
        <time>2023-07-04T00:20:21.919Z</time>
      </trkpt>
      <trkpt lat="37.534902" lon="-122.260836">
        <ele>3.093541</ele>
        <time>2023-07-04T00:20:23.919Z</time>
      </trkpt>
      <trkpt lat="37.534809" lon="-122.260839">
        <ele>3.096761</ele>
        <time>2023-07-04T00:20:25.919Z</time>
      </trkpt>
      <trkpt lat="37.534715" lon="-122.260844">
        <ele>3.100016</ele>
        <time>2023-07-04T00:20:27.919Z</time>
      </trkpt>
      <trkpt lat="37.534622" lon="-122.260849">
        <ele>3.103238</ele>
        <time>2023-07-04T00:20:29.919Z</time>
      </trkpt>
      <trkpt lat="37.534526" lon="-122.260861">
        <ele>3.106576</ele>
        <time>2023-07-04T00:20:31.919Z</time>
      </trkpt>
      <trkpt lat="37.534436" lon="-122.260881">
        <ele>3.109739</ele>
        <time>2023-07-04T00:20:33.919Z</time>
      </trkpt>
      <trkpt lat="37.534348" lon="-122.260911">
        <ele>3.112893</ele>
        <time>2023-07-04T00:20:35.919Z</time>
      </trkpt>
      <trkpt lat="37.534260" lon="-122.260950">
        <ele>3.116121</ele>
        <time>2023-07-04T00:20:37.919Z</time>
      </trkpt>
      <trkpt lat="37.534174" lon="-122.260991">
        <ele>3.119303</ele>
        <time>2023-07-04T00:20:39.919Z</time>
      </trkpt>
      <trkpt lat="37.534090" lon="-122.261041">
        <ele>3.122517</ele>
        <time>2023-07-04T00:20:41.919Z</time>
      </trkpt>
      <trkpt lat="37.533979" lon="-122.261127">
        <ele>3.121175</ele>
        <time>2023-07-04T00:20:44.919Z</time>
      </trkpt>
      <trkpt lat="37.533882" lon="-122.261241">
        <ele>3.110919</ele>
        <time>2023-07-04T00:20:47.919Z</time>
      </trkpt>
      <trkpt lat="37.533819" lon="-122.261388">
        <ele>3.100671</ele>
        <time>2023-07-04T00:20:50.919Z</time>
      </trkpt>
      <trkpt lat="37.533744" lon="-122.261523">
        <ele>3.090561</ele>
        <time>2023-07-04T00:20:53.917Z</time>
      </trkpt>
      <trkpt lat="37.533694" lon="-122.261677">
        <ele>3.080355</ele>
        <time>2023-07-04T00:20:56.917Z</time>
      </trkpt>
      <trkpt lat="37.533678" lon="-122.261838">
        <ele>3.070403</ele>
        <time>2023-07-04T00:20:59.917Z</time>
      </trkpt>
      <trkpt lat="37.533700" lon="-122.261988">
        <ele>3.061047</ele>
        <time>2023-07-04T00:21:02.917Z</time>
      </trkpt>
      <trkpt lat="37.533749" lon="-122.262127">
        <ele>3.051717</ele>
        <time>2023-07-04T00:21:05.917Z</time>
      </trkpt>
      <trkpt lat="37.533803" lon="-122.262255">
        <ele>3.042825</ele>
        <time>2023-07-04T00:21:08.917Z</time>
      </trkpt>
      <trkpt lat="37.533852" lon="-122.262387">
        <ele>3.033886</ele>
        <time>2023-07-04T00:21:11.917Z</time>
      </trkpt>
      <trkpt lat="37.533895" lon="-122.262521">
        <ele>3.025020</ele>
        <time>2023-07-04T00:21:14.917Z</time>
      </trkpt>
      <trkpt lat="37.533925" lon="-122.262659">
        <ele>3.016244</ele>
        <time>2023-07-04T00:21:17.917Z</time>
      </trkpt>
      <trkpt lat="37.533960" lon="-122.262791">
        <ele>3.007707</ele>
        <time>2023-07-04T00:21:20.917Z</time>
      </trkpt>
      <trkpt lat="37.533987" lon="-122.262925">
        <ele>2.999228</ele>
        <time>2023-07-04T00:21:23.917Z</time>
      </trkpt>
      <trkpt lat="37.534030" lon="-122.263061">
        <ele>2.990248</ele>
        <time>2023-07-04T00:21:26.917Z</time>
      </trkpt>
      <trkpt lat="37.534060" lon="-122.263203">
        <ele>2.996577</ele>
        <time>2023-07-04T00:21:29.917Z</time>
      </trkpt>
      <trkpt lat="37.534107" lon="-122.263340">
        <ele>3.016270</ele>
        <time>2023-07-04T00:21:32.917Z</time>
      </trkpt>
      <trkpt lat="37.534156" lon="-122.263465">
        <ele>3.034665</ele>
        <time>2023-07-04T00:21:35.917Z</time>
      </trkpt>
      <trkpt lat="37.534206" lon="-122.263596">
        <ele>3.053844</ele>
        <time>2023-07-04T00:21:38.917Z</time>
      </trkpt>
      <trkpt lat="37.534250" lon="-122.263725">
        <ele>3.072370</ele>
        <time>2023-07-04T00:21:41.917Z</time>
      </trkpt>
      <trkpt lat="37.534297" lon="-122.263846">
        <ele>3.090145</ele>
        <time>2023-07-04T00:21:44.917Z</time>
      </trkpt>
      <trkpt lat="37.534338" lon="-122.263973">
        <ele>3.108234</ele>
        <time>2023-07-04T00:21:47.917Z</time>
      </trkpt>
      <trkpt lat="37.534378" lon="-122.264102">
        <ele>3.126507</ele>
        <time>2023-07-04T00:21:50.916Z</time>
      </trkpt>
      <trkpt lat="37.534414" lon="-122.264235">
        <ele>3.145046</ele>
        <time>2023-07-04T00:21:53.916Z</time>
      </trkpt>
      <trkpt lat="37.534453" lon="-122.264374">
        <ele>3.164498</ele>
        <time>2023-07-04T00:21:56.916Z</time>
      </trkpt>
      <trkpt lat="37.534492" lon="-122.264509">
        <ele>3.183452</ele>
        <time>2023-07-04T00:21:59.916Z</time>
      </trkpt>
      <trkpt lat="37.534554" lon="-122.264629">
        <ele>3.202347</ele>
        <time>2023-07-04T00:22:02.916Z</time>
      </trkpt>
      <trkpt lat="37.534583" lon="-122.264762">
        <ele>3.220543</ele>
        <time>2023-07-04T00:22:05.916Z</time>
      </trkpt>
      <trkpt lat="37.534598" lon="-122.264897">
        <ele>3.238527</ele>
        <time>2023-07-04T00:22:08.916Z</time>
      </trkpt>
      <trkpt lat="37.534649" lon="-122.265016">
        <ele>3.256372</ele>
        <time>2023-07-04T00:22:11.916Z</time>
      </trkpt>
      <trkpt lat="37.534714" lon="-122.265134">
        <ele>3.275326</ele>
        <time>2023-07-04T00:22:14.916Z</time>
      </trkpt>
      <trkpt lat="37.534770" lon="-122.265255">
        <ele>3.269700</ele>
        <time>2023-07-04T00:22:17.917Z</time>
      </trkpt>
      <trkpt lat="37.534812" lon="-122.265367">
        <ele>3.239575</ele>
        <time>2023-07-04T00:22:20.916Z</time>
      </trkpt>
      <trkpt lat="37.534868" lon="-122.265496">
        <ele>3.203815</ele>
        <time>2023-07-04T00:22:24.916Z</time>
      </trkpt>
      <trkpt lat="37.534890" lon="-122.265618">
        <ele>3.173392</ele>
        <time>2023-07-04T00:22:27.917Z</time>
      </trkpt>
      <trkpt lat="37.534818" lon="-122.265729">
        <ele>3.138523</ele>
        <time>2023-07-04T00:22:30.916Z</time>
      </trkpt>
      <trkpt lat="37.534735" lon="-122.265817">
        <ele>3.105272</ele>
        <time>2023-07-04T00:22:33.916Z</time>
      </trkpt>
      <trkpt lat="37.534651" lon="-122.265908">
        <ele>3.071315</ele>
        <time>2023-07-04T00:22:36.916Z</time>
      </trkpt>
      <trkpt lat="37.534576" lon="-122.266021">
        <ele>3.035484</ele>
        <time>2023-07-04T00:22:39.916Z</time>
      </trkpt>
      <trkpt lat="37.534510" lon="-122.266143">
        <ele>2.999574</ele>
        <time>2023-07-04T00:22:42.916Z</time>
      </trkpt>
      <trkpt lat="37.534466" lon="-122.266274">
        <ele>2.964980</ele>
        <time>2023-07-04T00:22:45.916Z</time>
      </trkpt>
      <trkpt lat="37.534456" lon="-122.266418">
        <ele>2.929832</ele>
        <time>2023-07-04T00:22:48.916Z</time>
      </trkpt>
      <trkpt lat="37.534454" lon="-122.266558">
        <ele>2.895784</ele>
        <time>2023-07-04T00:22:51.916Z</time>
      </trkpt>
      <trkpt lat="37.534459" lon="-122.266707">
        <ele>2.859521</ele>
        <time>2023-07-04T00:22:54.916Z</time>
      </trkpt>
      <trkpt lat="37.534454" lon="-122.266866">
        <ele>2.820829</ele>
        <time>2023-07-04T00:22:57.916Z</time>
      </trkpt>
      <trkpt lat="37.534447" lon="-122.267015">
        <ele>2.784535</ele>
        <time>2023-07-04T00:23:00.916Z</time>
      </trkpt>
      <trkpt lat="37.534441" lon="-122.267167">
        <ele>2.747529</ele>
        <time>2023-07-04T00:23:03.916Z</time>
      </trkpt>
      <trkpt lat="37.534436" lon="-122.267315">
        <ele>2.736220</ele>
        <time>2023-07-04T00:23:06.916Z</time>
      </trkpt>
      <trkpt lat="37.534436" lon="-122.267462">
        <ele>2.740096</ele>
        <time>2023-07-04T00:23:09.916Z</time>
      </trkpt>
      <trkpt lat="37.534436" lon="-122.267609">
        <ele>2.743973</ele>
        <time>2023-07-04T00:23:12.916Z</time>
      </trkpt>
      <trkpt lat="37.534435" lon="-122.267766">
        <ele>2.748113</ele>
        <time>2023-07-04T00:23:15.916Z</time>
      </trkpt>
      <trkpt lat="37.534433" lon="-122.267920">
        <ele>2.752174</ele>
        <time>2023-07-04T00:23:18.916Z</time>
      </trkpt>
      <trkpt lat="37.534435" lon="-122.268076">
        <ele>2.756288</ele>
        <time>2023-07-04T00:23:21.916Z</time>
      </trkpt>
      <trkpt lat="37.534436" lon="-122.268234">
        <ele>2.760455</ele>
        <time>2023-07-04T00:23:24.916Z</time>
      </trkpt>
      <trkpt lat="37.534429" lon="-122.268392">
        <ele>2.764627</ele>
        <time>2023-07-04T00:23:27.916Z</time>
      </trkpt>
      <trkpt lat="37.534430" lon="-122.268550">
        <ele>2.768794</ele>
        <time>2023-07-04T00:23:30.916Z</time>
      </trkpt>
      <trkpt lat="37.534433" lon="-122.268705">
        <ele>2.772882</ele>
        <time>2023-07-04T00:23:33.916Z</time>
      </trkpt>
      <trkpt lat="37.534434" lon="-122.268863">
        <ele>2.777049</ele>
        <time>2023-07-04T00:23:36.916Z</time>
      </trkpt>
      <trkpt lat="37.534436" lon="-122.269016">
        <ele>2.781084</ele>
        <time>2023-07-04T00:23:39.916Z</time>
      </trkpt>
      <trkpt lat="37.534433" lon="-122.269175">
        <ele>2.785277</ele>
        <time>2023-07-04T00:23:42.916Z</time>
      </trkpt>
      <trkpt lat="37.534431" lon="-122.269335">
        <ele>2.789497</ele>
        <time>2023-07-04T00:23:45.916Z</time>
      </trkpt>
      <trkpt lat="37.534434" lon="-122.269499">
        <ele>2.793375</ele>
        <time>2023-07-04T00:23:48.916Z</time>
      </trkpt>
      <trkpt lat="37.534432" lon="-122.269653">
        <ele>2.788787</ele>
        <time>2023-07-04T00:23:51.916Z</time>
      </trkpt>
      <trkpt lat="37.534435" lon="-122.269807">
        <ele>2.784198</ele>
        <time>2023-07-04T00:23:54.918Z</time>
      </trkpt>
      <trkpt lat="37.534432" lon="-122.269964">
        <ele>2.779520</ele>
        <time>2023-07-04T00:23:57.925Z</time>
      </trkpt>
      <trkpt lat="37.534434" lon="-122.270126">
        <ele>2.774694</ele>
        <time>2023-07-04T00:24:00.931Z</time>
      </trkpt>
      <trkpt lat="37.534433" lon="-122.270290">
        <ele>2.769808</ele>
        <time>2023-07-04T00:24:03.936Z</time>
      </trkpt>
      <trkpt lat="37.534442" lon="-122.270403">
        <ele>2.766425</ele>
        <time>2023-07-04T00:24:05.939Z</time>
      </trkpt>
      <trkpt lat="37.534443" lon="-122.270568">
        <ele>2.761510</ele>
        <time>2023-07-04T00:24:08.943Z</time>
      </trkpt>
      <trkpt lat="37.534445" lon="-122.270735">
        <ele>2.756535</ele>
        <time>2023-07-04T00:24:11.946Z</time>
      </trkpt>
      <trkpt lat="37.534445" lon="-122.270899">
        <ele>2.751650</ele>
        <time>2023-07-04T00:24:14.948Z</time>
      </trkpt>
      <trkpt lat="37.534450" lon="-122.271058">
        <ele>2.746910</ele>
        <time>2023-07-04T00:24:17.950Z</time>
      </trkpt>
      <trkpt lat="37.534456" lon="-122.271209">
        <ele>2.742406</ele>
        <time>2023-07-04T00:24:20.952Z</time>
      </trkpt>
      <trkpt lat="37.534456" lon="-122.271362">
        <ele>2.737848</ele>
        <time>2023-07-04T00:24:23.953Z</time>
      </trkpt>
      <trkpt lat="37.534461" lon="-122.271522">
        <ele>2.733079</ele>
        <time>2023-07-04T00:24:26.954Z</time>
      </trkpt>
      <trkpt lat="37.534451" lon="-122.271678">
        <ele>2.728417</ele>
        <time>2023-07-04T00:24:29.956Z</time>
      </trkpt>
      <trkpt lat="37.534453" lon="-122.271839">
        <ele>2.725489</ele>
        <time>2023-07-04T00:24:32.957Z</time>
      </trkpt>
      <trkpt lat="37.534447" lon="-122.271990">
        <ele>2.724453</ele>
        <time>2023-07-04T00:24:35.957Z</time>
      </trkpt>
      <trkpt lat="37.534440" lon="-122.272141">
        <ele>2.723416</ele>
        <time>2023-07-04T00:24:38.958Z</time>
      </trkpt>
      <trkpt lat="37.534431" lon="-122.272289">
        <ele>2.722399</ele>
        <time>2023-07-04T00:24:41.958Z</time>
      </trkpt>
      <trkpt lat="37.534433" lon="-122.272432">
        <ele>2.721419</ele>
        <time>2023-07-04T00:24:44.959Z</time>
      </trkpt>
      <trkpt lat="37.534427" lon="-122.272566">
        <ele>2.720499</ele>
        <time>2023-07-04T00:24:47.959Z</time>
      </trkpt>
      <trkpt lat="37.534439" lon="-122.272712">
        <ele>2.719493</ele>
        <time>2023-07-04T00:24:50.959Z</time>
      </trkpt>
      <trkpt lat="37.534433" lon="-122.272859">
        <ele>2.718485</ele>
        <time>2023-07-04T00:24:53.959Z</time>
      </trkpt>
      <trkpt lat="37.534435" lon="-122.273007">
        <ele>2.717470</ele>
        <time>2023-07-04T00:24:56.960Z</time>
      </trkpt>
      <trkpt lat="37.534436" lon="-122.273151">
        <ele>2.716484</ele>
        <time>2023-07-04T00:24:59.960Z</time>
      </trkpt>
      <trkpt lat="37.534438" lon="-122.273294">
        <ele>2.715503</ele>
        <time>2023-07-04T00:25:02.960Z</time>
      </trkpt>
      <trkpt lat="37.534386" lon="-122.273392">
        <ele>2.714695</ele>
        <time>2023-07-04T00:25:05.960Z</time>
      </trkpt>
      <trkpt lat="37.534269" lon="-122.273392">
        <ele>2.713684</ele>
        <time>2023-07-04T00:25:08.960Z</time>
      </trkpt>
      <trkpt lat="37.534166" lon="-122.273374">
        <ele>2.712786</ele>
        <time>2023-07-04T00:25:11.960Z</time>
      </trkpt>
      <trkpt lat="37.534066" lon="-122.273321">
        <ele>2.711848</ele>
        <time>2023-07-04T00:25:14.960Z</time>
      </trkpt>
      <trkpt lat="37.533974" lon="-122.273244">
        <ele>2.710894</ele>
        <time>2023-07-04T00:25:17.960Z</time>
      </trkpt>
      <trkpt lat="37.533875" lon="-122.273170">
        <ele>2.751438</ele>
        <time>2023-07-04T00:25:20.960Z</time>
      </trkpt>
      <trkpt lat="37.533779" lon="-122.273092">
        <ele>2.818277</ele>
        <time>2023-07-04T00:25:23.960Z</time>
      </trkpt>
      <trkpt lat="37.533688" lon="-122.272977">
        <ele>2.893679</ele>
        <time>2023-07-04T00:25:26.960Z</time>
      </trkpt>
      <trkpt lat="37.533602" lon="-122.272934">
        <ele>2.947825</ele>
        <time>2023-07-04T00:25:28.960Z</time>
      </trkpt>
      <trkpt lat="37.533513" lon="-122.272901">
        <ele>3.002120</ele>
        <time>2023-07-04T00:25:30.960Z</time>
      </trkpt>
      <trkpt lat="37.533423" lon="-122.272888">
        <ele>3.055139</ele>
        <time>2023-07-04T00:25:32.960Z</time>
      </trkpt>
      <trkpt lat="37.533333" lon="-122.272892">
        <ele>3.107847</ele>
        <time>2023-07-04T00:25:34.960Z</time>
      </trkpt>
      <trkpt lat="37.533243" lon="-122.272897">
        <ele>3.160573</ele>
        <time>2023-07-04T00:25:36.960Z</time>
      </trkpt>
      <trkpt lat="37.533110" lon="-122.272901">
        <ele>3.238437</ele>
        <time>2023-07-04T00:25:39.960Z</time>
      </trkpt>
      <trkpt lat="37.532984" lon="-122.272888">
        <ele>3.312428</ele>
        <time>2023-07-04T00:25:42.960Z</time>
      </trkpt>
      <trkpt lat="37.532859" lon="-122.272851">
        <ele>3.387577</ele>
        <time>2023-07-04T00:25:45.960Z</time>
      </trkpt>
      <trkpt lat="37.532731" lon="-122.272833">
        <ele>3.462957</ele>
        <time>2023-07-04T00:25:48.960Z</time>
      </trkpt>
      <trkpt lat="37.532600" lon="-122.272862">
        <ele>3.540800</ele>
        <time>2023-07-04T00:25:51.960Z</time>
      </trkpt>
      <trkpt lat="37.532487" lon="-122.272910">
        <ele>3.610588</ele>
        <time>2023-07-04T00:25:54.960Z</time>
      </trkpt>
      <trkpt lat="37.532401" lon="-122.272957">
        <ele>3.665446</ele>
        <time>2023-07-04T00:26:18.960Z</time>
      </trkpt>
      <trkpt lat="37.532310" lon="-122.272952">
        <ele>3.718757</ele>
        <time>2023-07-04T00:26:21.960Z</time>
      </trkpt>
      <trkpt lat="37.532193" lon="-122.272968">
        <ele>3.819777</ele>
        <time>2023-07-04T00:26:25.960Z</time>
      </trkpt>
      <trkpt lat="37.532107" lon="-122.272917">
        <ele>3.948591</ele>
        <time>2023-07-04T00:26:28.960Z</time>
      </trkpt>
      <trkpt lat="37.532038" lon="-122.272822">
        <ele>4.087062</ele>
        <time>2023-07-04T00:26:31.960Z</time>
      </trkpt>
      <trkpt lat="37.531959" lon="-122.272743">
        <ele>4.223725</ele>
        <time>2023-07-04T00:26:34.961Z</time>
      </trkpt>
      <trkpt lat="37.531861" lon="-122.272671">
        <ele>4.377459</ele>
        <time>2023-07-04T00:26:37.960Z</time>
      </trkpt>
      <trkpt lat="37.531766" lon="-122.272590">
        <ele>4.532898</ele>
        <time>2023-07-04T00:26:40.960Z</time>
      </trkpt>
      <trkpt lat="37.531689" lon="-122.272529">
        <ele>4.656154</ele>
        <time>2023-07-04T00:26:54.960Z</time>
      </trkpt>
      <trkpt lat="37.531605" lon="-122.272449">
        <ele>4.798835</ele>
        <time>2023-07-04T00:27:01.960Z</time>
      </trkpt>
      <trkpt lat="37.531438" lon="-122.272250">
        <ele>5.110271</ele>
        <time>2023-07-04T00:27:31.960Z</time>
      </trkpt>
      <trkpt lat="37.531356" lon="-122.272160">
        <ele>5.257621</ele>
        <time>2023-07-04T00:27:34.959Z</time>
      </trkpt>
      <trkpt lat="37.531267" lon="-122.272073">
        <ele>5.410257</ele>
        <time>2023-07-04T00:27:37.959Z</time>
      </trkpt>
      <trkpt lat="37.531162" lon="-122.271998">
        <ele>5.573825</ele>
        <time>2023-07-04T00:27:40.959Z</time>
      </trkpt>
      <trkpt lat="37.531067" lon="-122.271910">
        <ele>5.733601</ele>
        <time>2023-07-04T00:27:43.959Z</time>
      </trkpt>
      <trkpt lat="37.530966" lon="-122.271829">
        <ele>5.895841</ele>
        <time>2023-07-04T00:27:46.959Z</time>
      </trkpt>
      <trkpt lat="37.530885" lon="-122.271737">
        <ele>6.043602</ele>
        <time>2023-07-04T00:27:49.959Z</time>
      </trkpt>
      <trkpt lat="37.530810" lon="-122.271659">
        <ele>6.175374</ele>
        <time>2023-07-04T00:27:52.959Z</time>
      </trkpt>
      <trkpt lat="37.530731" lon="-122.271565">
        <ele>6.200043</ele>
        <time>2023-07-04T00:27:55.959Z</time>
      </trkpt>
      <trkpt lat="37.530647" lon="-122.271478">
        <ele>6.198685</ele>
        <time>2023-07-04T00:27:58.959Z</time>
      </trkpt>
      <trkpt lat="37.530555" lon="-122.271391">
        <ele>6.197248</ele>
        <time>2023-07-04T00:28:01.959Z</time>
      </trkpt>
      <trkpt lat="37.530473" lon="-122.271292">
        <ele>6.195829</ele>
        <time>2023-07-04T00:28:04.959Z</time>
      </trkpt>
      <trkpt lat="37.530419" lon="-122.271188">
        <ele>6.194598</ele>
        <time>2023-07-04T00:28:07.959Z</time>
      </trkpt>
      <trkpt lat="37.530368" lon="-122.271060">
        <ele>6.193178</ele>
        <time>2023-07-04T00:28:11.959Z</time>
      </trkpt>
      <trkpt lat="37.530278" lon="-122.270985">
        <ele>6.191831</ele>
        <time>2023-07-04T00:28:15.959Z</time>
      </trkpt>
      <trkpt lat="37.530245" lon="-122.270849">
        <ele>6.190421</ele>
        <time>2023-07-04T00:28:18.959Z</time>
      </trkpt>
      <trkpt lat="37.530248" lon="-122.270721">
        <ele>6.189153</ele>
        <time>2023-07-04T00:28:21.959Z</time>
      </trkpt>
      <trkpt lat="37.530239" lon="-122.270603">
        <ele>6.187978</ele>
        <time>2023-07-04T00:28:24.959Z</time>
      </trkpt>
      <trkpt lat="37.530228" lon="-122.270480">
        <ele>6.186752</ele>
        <time>2023-07-04T00:28:28.959Z</time>
      </trkpt>
      <trkpt lat="37.530246" lon="-122.270748">
        <ele>6.184087</ele>
        <time>2023-07-04T00:28:53.960Z</time>
      </trkpt>
      <trkpt lat="37.530245" lon="-122.270876">
        <ele>6.182819</ele>
        <time>2023-07-04T00:28:56.960Z</time>
      </trkpt>
      <trkpt lat="37.530185" lon="-122.270999">
        <ele>6.181388</ele>
        <time>2023-07-04T00:28:59.960Z</time>
      </trkpt>
      <trkpt lat="37.530122" lon="-122.271126">
        <ele>6.179903</ele>
        <time>2023-07-04T00:29:02.960Z</time>
      </trkpt>
      <trkpt lat="37.530115" lon="-122.271272">
        <ele>6.172486</ele>
        <time>2023-07-04T00:29:05.960Z</time>
      </trkpt>
      <trkpt lat="37.530034" lon="-122.271353">
        <ele>6.138477</ele>
        <time>2023-07-04T00:29:08.960Z</time>
      </trkpt>
      <trkpt lat="37.529966" lon="-122.271270">
        <ele>6.107342</ele>
        <time>2023-07-04T00:29:15.960Z</time>
      </trkpt>
      <trkpt lat="37.529960" lon="-122.271104">
        <ele>6.063989</ele>
        <time>2023-07-04T00:29:18.960Z</time>
      </trkpt>
      <trkpt lat="37.529952" lon="-122.270986">
        <ele>6.033092</ele>
        <time>2023-07-04T00:29:20.960Z</time>
      </trkpt>
      <trkpt lat="37.529916" lon="-122.270721">
        <ele>5.962948</ele>
        <time>2023-07-04T00:30:49.960Z</time>
      </trkpt>
      <trkpt lat="37.529901" lon="-122.270604">
        <ele>5.932027</ele>
        <time>2023-07-04T00:30:51.960Z</time>
      </trkpt>
      <trkpt lat="37.529875" lon="-122.270482">
        <ele>5.899069</ele>
        <time>2023-07-04T00:30:53.960Z</time>
      </trkpt>
      <trkpt lat="37.529832" lon="-122.270369">
        <ele>5.866370</ele>
        <time>2023-07-04T00:30:55.960Z</time>
      </trkpt>
      <trkpt lat="37.529792" lon="-122.270251">
        <ele>5.832890</ele>
        <time>2023-07-04T00:30:57.960Z</time>
      </trkpt>
      <trkpt lat="37.529752" lon="-122.270141">
        <ele>5.801318</ele>
        <time>2023-07-04T00:31:00.960Z</time>
      </trkpt>
      <trkpt lat="37.529727" lon="-122.270026">
        <ele>5.770209</ele>
        <time>2023-07-04T00:31:02.960Z</time>
      </trkpt>
      <trkpt lat="37.529675" lon="-122.269929">
        <ele>5.739663</ele>
        <time>2023-07-04T00:31:04.960Z</time>
      </trkpt>
      <trkpt lat="37.529614" lon="-122.269843">
        <ele>5.709561</ele>
        <time>2023-07-04T00:31:06.960Z</time>
      </trkpt>
      <trkpt lat="37.529533" lon="-122.269720">
        <ele>5.667849</ele>
        <time>2023-07-04T00:31:09.960Z</time>
      </trkpt>
      <trkpt lat="37.529471" lon="-122.269637">
        <ele>5.638101</ele>
        <time>2023-07-04T00:31:11.960Z</time>
      </trkpt>
      <trkpt lat="37.529390" lon="-122.269568">
        <ele>5.605943</ele>
        <time>2023-07-04T00:31:13.960Z</time>
      </trkpt>
      <trkpt lat="37.529366" lon="-122.269453">
        <ele>5.546728</ele>
        <time>2023-07-04T00:31:15.960Z</time>
      </trkpt>
      <trkpt lat="37.529430" lon="-122.269351">
        <ele>5.433431</ele>
        <time>2023-07-04T00:31:17.960Z</time>
      </trkpt>
      <trkpt lat="37.529526" lon="-122.269299">
        <ele>5.318667</ele>
        <time>2023-07-04T00:31:19.960Z</time>
      </trkpt>
      <trkpt lat="37.529606" lon="-122.269243">
        <ele>5.218163</ele>
        <time>2023-07-04T00:31:21.960Z</time>
      </trkpt>
      <trkpt lat="37.529717" lon="-122.269152">
        <ele>5.072737</ele>
        <time>2023-07-04T00:31:24.960Z</time>
      </trkpt>
      <trkpt lat="37.529825" lon="-122.269058">
        <ele>4.928594</ele>
        <time>2023-07-04T00:31:27.960Z</time>
      </trkpt>
      <trkpt lat="37.529941" lon="-122.268972">
        <ele>4.780788</ele>
        <time>2023-07-04T00:31:30.960Z</time>
      </trkpt>
      <trkpt lat="37.530015" lon="-122.268901">
        <ele>4.678652</ele>
        <time>2023-07-04T00:31:32.960Z</time>
      </trkpt>
      <trkpt lat="37.530106" lon="-122.268792">
        <ele>4.540790</ele>
        <time>2023-07-04T00:31:35.960Z</time>
      </trkpt>
      <trkpt lat="37.530201" lon="-122.268682">
        <ele>4.399123</ele>
        <time>2023-07-04T00:31:38.960Z</time>
      </trkpt>
      <trkpt lat="37.530296" lon="-122.268564">
        <ele>4.252652</ele>
        <time>2023-07-04T00:31:41.960Z</time>
      </trkpt>
      <trkpt lat="37.530393" lon="-122.268467">
        <ele>4.116670</ele>
        <time>2023-07-04T00:31:44.960Z</time>
      </trkpt>
      <trkpt lat="37.530486" lon="-122.268386">
        <ele>3.992520</ele>
        <time>2023-07-04T00:31:47.960Z</time>
      </trkpt>
      <trkpt lat="37.530596" lon="-122.268311">
        <ele>3.855164</ele>
        <time>2023-07-04T00:31:50.960Z</time>
      </trkpt>
      <trkpt lat="37.530651" lon="-122.268203">
        <ele>3.743361</ele>
        <time>2023-07-04T00:31:53.960Z</time>
      </trkpt>
      <trkpt lat="37.530584" lon="-122.268121">
        <ele>3.640805</ele>
        <time>2023-07-04T00:32:05.960Z</time>
      </trkpt>
      <trkpt lat="37.530517" lon="-122.268023">
        <ele>3.611330</ele>
        <time>2023-07-04T00:32:12.960Z</time>
      </trkpt>
      <trkpt lat="37.530452" lon="-122.267931">
        <ele>3.611330</ele>
        <time>2023-07-04T00:32:16.960Z</time>
      </trkpt>
      <trkpt lat="37.530375" lon="-122.267818">
        <ele>3.611330</ele>
        <time>2023-07-04T00:32:20.960Z</time>
      </trkpt>
      <trkpt lat="37.530297" lon="-122.267713">
        <ele>3.611330</ele>
        <time>2023-07-04T00:32:23.960Z</time>
      </trkpt>
      <trkpt lat="37.530236" lon="-122.267625">
        <ele>3.611330</ele>
        <time>2023-07-04T00:32:25.960Z</time>
      </trkpt>
      <trkpt lat="37.530162" lon="-122.267534">
        <ele>3.611330</ele>
        <time>2023-07-04T00:32:27.960Z</time>
      </trkpt>
      <trkpt lat="37.530091" lon="-122.267448">
        <ele>3.611330</ele>
        <time>2023-07-04T00:32:29.960Z</time>
      </trkpt>
      <trkpt lat="37.530000" lon="-122.267373">
        <ele>3.611330</ele>
        <time>2023-07-04T00:32:31.960Z</time>
      </trkpt>
      <trkpt lat="37.529887" lon="-122.267381">
        <ele>3.611330</ele>
        <time>2023-07-04T00:32:33.960Z</time>
      </trkpt>
      <trkpt lat="37.529786" lon="-122.267410">
        <ele>3.611330</ele>
        <time>2023-07-04T00:32:35.960Z</time>
      </trkpt>
      <trkpt lat="37.529698" lon="-122.267441">
        <ele>3.611330</ele>
        <time>2023-07-04T00:32:37.960Z</time>
      </trkpt>
      <trkpt lat="37.529602" lon="-122.267429">
        <ele>3.611330</ele>
        <time>2023-07-04T00:32:39.960Z</time>
      </trkpt>
      <trkpt lat="37.529510" lon="-122.267427">
        <ele>3.611330</ele>
        <time>2023-07-04T00:32:41.960Z</time>
      </trkpt>
      <trkpt lat="37.529450" lon="-122.267515">
        <ele>3.611330</ele>
        <time>2023-07-04T00:32:43.960Z</time>
      </trkpt>
      <trkpt lat="37.529405" lon="-122.267620">
        <ele>3.611330</ele>
        <time>2023-07-04T00:32:45.960Z</time>
      </trkpt>
      <trkpt lat="37.529367" lon="-122.267778">
        <ele>3.611330</ele>
        <time>2023-07-04T00:32:48.960Z</time>
      </trkpt>
      <trkpt lat="37.529310" lon="-122.267922">
        <ele>3.611330</ele>
        <time>2023-07-04T00:32:51.960Z</time>
      </trkpt>
      <trkpt lat="37.529228" lon="-122.267997">
        <ele>3.611330</ele>
        <time>2023-07-04T00:32:54.960Z</time>
      </trkpt>
      <trkpt lat="37.529126" lon="-122.267940">
        <ele>3.611330</ele>
        <time>2023-07-04T00:33:00.960Z</time>
      </trkpt>
    </trkseg>
  </trk>
</gpx>