<?xml version='1.0' encoding='UTF-8'?>
<gpx version="1.1" creator="https://www.komoot.de" xmlns="http://www.topografix.com/GPX/1/1" xmlns:xsi="http://www.w3.org/2001/XMLSchema-instance" xsi:schemaLocation="http://www.topografix.com/GPX/1/1 http://www.topografix.com/GPX/1/1/gpx.xsd">
  <metadata>
    <name>Road Ride</name>
    <author>
      <link href="https://www.komoot.de">
        <text>komoot</text>
        <type>text/html</type>
      </link>
    </author>
  </metadata>
  <trk>
    <name>Road Ride</name>
    <trkseg>
      <trkpt lat="37.370561" lon="-121.877321">
        <ele>0.901388</ele>
        <time>2023-05-21T22:00:03.709Z</time>
      </trkpt>
      <trkpt lat="37.370676" lon="-121.877107">
        <ele>0.901388</ele>
        <time>2023-05-21T22:00:39.024Z</time>
      </trkpt>
      <trkpt lat="37.370732" lon="-121.877007">
        <ele>0.901388</ele>
        <time>2023-05-21T22:00:41.028Z</time>
      </trkpt>
      <trkpt lat="37.370786" lon="-121.876909">
        <ele>0.901388</ele>
        <time>2023-05-21T22:00:43.018Z</time>
      </trkpt>
      <trkpt lat="37.370850" lon="-121.876818">
        <ele>0.901388</ele>
        <time>2023-05-21T22:00:45.026Z</time>
      </trkpt>
      <trkpt lat="37.370926" lon="-121.876733">
        <ele>0.901388</ele>
        <time>2023-05-21T22:00:47.042Z</time>
      </trkpt>
      <trkpt lat="37.371012" lon="-121.876633">
        <ele>0.901388</ele>
        <time>2023-05-21T22:00:49.020Z</time>
      </trkpt>
      <trkpt lat="37.371089" lon="-121.876518">
        <ele>0.901388</ele>
        <time>2023-05-21T22:00:51.034Z</time>
      </trkpt>
      <trkpt lat="37.371162" lon="-121.876418">
        <ele>0.863991</ele>
        <time>2023-05-21T22:00:53.031Z</time>
      </trkpt>
      <trkpt lat="37.371231" lon="-121.876326">
        <ele>0.771715</ele>
        <time>2023-05-21T22:00:55.020Z</time>
      </trkpt>
      <trkpt lat="37.371302" lon="-121.876241">
        <ele>0.681763</ele>
        <time>2023-05-21T22:00:57.027Z</time>
      </trkpt>
      <trkpt lat="37.371377" lon="-121.876165">
        <ele>0.593375</ele>
        <time>2023-05-21T22:00:59.039Z</time>
      </trkpt>
      <trkpt lat="37.371449" lon="-121.876085">
        <ele>0.505211</ele>
        <time>2023-05-21T22:01:01.034Z</time>
      </trkpt>
      <trkpt lat="37.371519" lon="-121.875997">
        <ele>0.414388</ele>
        <time>2023-05-21T22:01:03.036Z</time>
      </trkpt>
      <trkpt lat="37.371610" lon="-121.875889">
        <ele>0.299571</ele>
        <time>2023-05-21T22:01:06.029Z</time>
      </trkpt>
      <trkpt lat="37.371695" lon="-121.875781">
        <ele>0.188696</ele>
        <time>2023-05-21T22:01:09.040Z</time>
      </trkpt>
      <trkpt lat="37.371756" lon="-121.875681">
        <ele>0.096740</ele>
        <time>2023-05-21T22:01:11.033Z</time>
      </trkpt>
      <trkpt lat="37.371844" lon="-121.875578">
        <ele>-0.013574</ele>
        <time>2023-05-21T22:01:14.026Z</time>
      </trkpt>
      <trkpt lat="37.371914" lon="-121.875478">
        <ele>-0.110781</ele>
        <time>2023-05-21T22:01:19.021Z</time>
      </trkpt>
      <trkpt lat="37.372001" lon="-121.875420">
        <ele>-0.201151</ele>
        <time>2023-05-21T22:01:31.033Z</time>
      </trkpt>
      <trkpt lat="37.372082" lon="-121.875329">
        <ele>-0.300819</ele>
        <time>2023-05-21T22:01:34.034Z</time>
      </trkpt>
      <trkpt lat="37.372185" lon="-121.875227">
        <ele>-0.421126</ele>
        <time>2023-05-21T22:01:37.030Z</time>
      </trkpt>
      <trkpt lat="37.372254" lon="-121.875140">
        <ele>-0.510784</ele>
        <time>2023-05-21T22:01:39.034Z</time>
      </trkpt>
      <trkpt lat="37.372325" lon="-121.875031">
        <ele>-0.613588</ele>
        <time>2023-05-21T22:01:41.038Z</time>
      </trkpt>
      <trkpt lat="37.372395" lon="-121.874928">
        <ele>-0.712447</ele>
        <time>2023-05-21T22:01:43.035Z</time>
      </trkpt>
      <trkpt lat="37.372474" lon="-121.874813">
        <ele>-0.715942</ele>
        <time>2023-05-21T22:01:45.026Z</time>
      </trkpt>
      <trkpt lat="37.372540" lon="-121.874694">
        <ele>-0.667747</ele>
        <time>2023-05-21T22:01:47.012Z</time>
      </trkpt>
      <trkpt lat="37.372604" lon="-121.874577">
        <ele>-0.620574</ele>
        <time>2023-05-21T22:01:49.020Z</time>
      </trkpt>
      <trkpt lat="37.372671" lon="-121.874463">
        <ele>-0.573483</ele>
        <time>2023-05-21T22:01:51.026Z</time>
      </trkpt>
      <trkpt lat="37.372741" lon="-121.874347">
        <ele>-0.525110</ele>
        <time>2023-05-21T22:01:53.034Z</time>
      </trkpt>
      <trkpt lat="37.372812" lon="-121.874234">
        <ele>-0.477268</ele>
        <time>2023-05-21T22:01:55.032Z</time>
      </trkpt>
      <trkpt lat="37.372887" lon="-121.874124">
        <ele>-0.429132</ele>
        <time>2023-05-21T22:01:57.019Z</time>
      </trkpt>
      <trkpt lat="37.372954" lon="-121.874014">
        <ele>-0.383104</ele>
        <time>2023-05-21T22:01:59.021Z</time>
      </trkpt>
      <trkpt lat="37.373018" lon="-121.873913">
        <ele>-0.340202</ele>
        <time>2023-05-21T22:02:01.018Z</time>
      </trkpt>
      <trkpt lat="37.373110" lon="-121.873795">
        <ele>-0.285302</ele>
        <time>2023-05-21T22:02:04.021Z</time>
      </trkpt>
      <trkpt lat="37.373184" lon="-121.873681">
        <ele>-0.236416</ele>
        <time>2023-05-21T22:02:07.028Z</time>
      </trkpt>
      <trkpt lat="37.373250" lon="-121.873567">
        <ele>-0.189573</ele>
        <time>2023-05-21T22:02:10.019Z</time>
      </trkpt>
      <trkpt lat="37.373330" lon="-121.873442">
        <ele>-0.136270</ele>
        <time>2023-05-21T22:02:13.015Z</time>
      </trkpt>
      <trkpt lat="37.373401" lon="-121.873346">
        <ele>-0.092716</ele>
        <time>2023-05-21T22:02:15.010Z</time>
      </trkpt>
      <trkpt lat="37.373480" lon="-121.873252">
        <ele>-0.047279</ele>
        <time>2023-05-21T22:02:17.041Z</time>
      </trkpt>
      <trkpt lat="37.373550" lon="-121.873172">
        <ele>-0.007760</ele>
        <time>2023-05-21T22:02:19.035Z</time>
      </trkpt>
      <trkpt lat="37.373631" lon="-121.873095">
        <ele>0.082646</ele>
        <time>2023-05-21T22:02:25.032Z</time>
      </trkpt>
      <trkpt lat="37.373764" lon="-121.872921">
        <ele>0.281096</ele>
        <time>2023-05-21T22:03:36.035Z</time>
      </trkpt>
      <trkpt lat="37.373854" lon="-121.872828">
        <ele>0.401554</ele>
        <time>2023-05-21T22:03:39.027Z</time>
      </trkpt>
      <trkpt lat="37.373949" lon="-121.872720">
        <ele>0.533981</ele>
        <time>2023-05-21T22:03:42.031Z</time>
      </trkpt>
      <trkpt lat="37.374046" lon="-121.872608">
        <ele>0.670151</ele>
        <time>2023-05-21T22:03:45.027Z</time>
      </trkpt>
      <trkpt lat="37.374141" lon="-121.872492">
        <ele>0.807073</ele>
        <time>2023-05-21T22:03:48.029Z</time>
      </trkpt>
      <trkpt lat="37.374220" lon="-121.872428">
        <ele>0.904257</ele>
        <time>2023-05-21T22:03:50.022Z</time>
      </trkpt>
      <trkpt lat="37.374299" lon="-121.872364">
        <ele>1.001442</ele>
        <time>2023-05-21T22:03:52.020Z</time>
      </trkpt>
      <trkpt lat="37.374399" lon="-121.872283">
        <ele>1.124454</ele>
        <time>2023-05-21T22:03:54.030Z</time>
      </trkpt>
      <trkpt lat="37.374492" lon="-121.872195">
        <ele>1.244812</ele>
        <time>2023-05-21T22:03:56.031Z</time>
      </trkpt>
      <trkpt lat="37.374563" lon="-121.872108">
        <ele>1.347318</ele>
        <time>2023-05-21T22:03:58.022Z</time>
      </trkpt>
      <trkpt lat="37.374662" lon="-121.871998">
        <ele>1.483925</ele>
        <time>2023-05-21T22:04:01.030Z</time>
      </trkpt>
      <trkpt lat="37.374740" lon="-121.871927">
        <ele>1.583500</ele>
        <time>2023-05-21T22:04:03.037Z</time>
      </trkpt>
      <trkpt lat="37.374824" lon="-121.871862">
        <ele>1.685500</ele>
        <time>2023-05-21T22:04:05.021Z</time>
      </trkpt>
      <trkpt lat="37.374907" lon="-121.871791">
        <ele>1.789310</ele>
        <time>2023-05-21T22:04:07.018Z</time>
      </trkpt>
      <trkpt lat="37.374984" lon="-121.871714">
        <ele>1.881557</ele>
        <time>2023-05-21T22:04:09.028Z</time>
      </trkpt>
      <trkpt lat="37.375057" lon="-121.871638">
        <ele>1.946901</ele>
        <time>2023-05-21T22:04:11.021Z</time>
      </trkpt>
      <trkpt lat="37.375130" lon="-121.871566">
        <ele>2.010870</ele>
        <time>2023-05-21T22:04:13.025Z</time>
      </trkpt>
      <trkpt lat="37.375209" lon="-121.871493">
        <ele>2.078467</ele>
        <time>2023-05-21T22:04:15.022Z</time>
      </trkpt>
      <trkpt lat="37.375281" lon="-121.871420">
        <ele>2.142237</ele>
        <time>2023-05-21T22:04:17.034Z</time>
      </trkpt>
      <trkpt lat="37.375362" lon="-121.871351">
        <ele>2.209698</ele>
        <time>2023-05-21T22:04:19.030Z</time>
      </trkpt>
      <trkpt lat="37.375439" lon="-121.871272">
        <ele>2.278217</ele>
        <time>2023-05-21T22:04:21.024Z</time>
      </trkpt>
      <trkpt lat="37.375518" lon="-121.871195">
        <ele>2.347135</ele>
        <time>2023-05-21T22:04:23.031Z</time>
      </trkpt>
      <trkpt lat="37.375598" lon="-121.871119">
        <ele>2.416267</ele>
        <time>2023-05-21T22:04:25.029Z</time>
      </trkpt>
      <trkpt lat="37.375679" lon="-121.871050">
        <ele>2.483728</ele>
        <time>2023-05-21T22:04:27.026Z</time>
      </trkpt>
      <trkpt lat="37.375763" lon="-121.870975">
        <ele>2.554762</ele>
        <time>2023-05-21T22:04:29.033Z</time>
      </trkpt>
      <trkpt lat="37.375862" lon="-121.870872">
        <ele>2.643356</ele>
        <time>2023-05-21T22:04:32.029Z</time>
      </trkpt>
      <trkpt lat="37.375968" lon="-121.870785">
        <ele>2.730638</ele>
        <time>2023-05-21T22:04:35.022Z</time>
      </trkpt>
      <trkpt lat="37.376044" lon="-121.870715">
        <ele>2.795594</ele>
        <time>2023-05-21T22:04:37.032Z</time>
      </trkpt>
      <trkpt lat="37.376114" lon="-121.870627">
        <ele>2.863835</ele>
        <time>2023-05-21T22:04:39.029Z</time>
      </trkpt>
      <trkpt lat="37.376195" lon="-121.870544">
        <ele>2.935878</ele>
        <time>2023-05-21T22:04:41.025Z</time>
      </trkpt>
      <trkpt lat="37.376269" lon="-121.870468">
        <ele>3.001754</ele>
        <time>2023-05-21T22:04:43.036Z</time>
      </trkpt>
      <trkpt lat="37.376352" lon="-121.870403">
        <ele>3.069178</ele>
        <time>2023-05-21T22:04:45.029Z</time>
      </trkpt>
      <trkpt lat="37.376427" lon="-121.870335">
        <ele>3.155578</ele>
        <time>2023-05-21T22:04:47.038Z</time>
      </trkpt>
      <trkpt lat="37.376532" lon="-121.870231">
        <ele>3.317634</ele>
        <time>2023-05-21T22:04:50.029Z</time>
      </trkpt>
      <trkpt lat="37.376607" lon="-121.870160">
        <ele>3.431456</ele>
        <time>2023-05-21T22:04:52.039Z</time>
      </trkpt>
      <trkpt lat="37.376713" lon="-121.870068">
        <ele>3.587621</ele>
        <time>2023-05-21T22:04:55.009Z</time>
      </trkpt>
      <trkpt lat="37.376790" lon="-121.869996">
        <ele>3.703963</ele>
        <time>2023-05-21T22:04:57.038Z</time>
      </trkpt>
      <trkpt lat="37.376879" lon="-121.869924">
        <ele>3.832281</ele>
        <time>2023-05-21T22:04:59.028Z</time>
      </trkpt>
      <trkpt lat="37.376962" lon="-121.869854">
        <ele>3.953457</ele>
        <time>2023-05-21T22:05:01.029Z</time>
      </trkpt>
      <trkpt lat="37.377045" lon="-121.869776">
        <ele>4.079089</ele>
        <time>2023-05-21T22:05:03.023Z</time>
      </trkpt>
      <trkpt lat="37.377123" lon="-121.869702">
        <ele>4.197556</ele>
        <time>2023-05-21T22:05:05.032Z</time>
      </trkpt>
      <trkpt lat="37.377204" lon="-121.869633">
        <ele>4.316182</ele>
        <time>2023-05-21T22:05:07.018Z</time>
      </trkpt>
      <trkpt lat="37.377282" lon="-121.869567">
        <ele>4.430175</ele>
        <time>2023-05-21T22:05:09.017Z</time>
      </trkpt>
      <trkpt lat="37.377369" lon="-121.869492">
        <ele>4.558070</ele>
        <time>2023-05-21T22:05:11.031Z</time>
      </trkpt>
      <trkpt lat="37.377452" lon="-121.869414">
        <ele>4.683702</ele>
        <time>2023-05-21T22:05:13.027Z</time>
      </trkpt>
      <trkpt lat="37.377560" lon="-121.869310">
        <ele>4.848630</ele>
        <time>2023-05-21T22:05:16.024Z</time>
      </trkpt>
      <trkpt lat="37.377640" lon="-121.869241">
        <ele>4.966254</ele>
        <time>2023-05-21T22:05:18.031Z</time>
      </trkpt>
      <trkpt lat="37.377718" lon="-121.869176">
        <ele>5.079711</ele>
        <time>2023-05-21T22:05:20.034Z</time>
      </trkpt>
      <trkpt lat="37.377797" lon="-121.869102">
        <ele>5.199149</ele>
        <time>2023-05-21T22:05:22.034Z</time>
      </trkpt>
      <trkpt lat="37.377869" lon="-121.869030">
        <ele>5.302159</ele>
        <time>2023-05-21T22:05:24.021Z</time>
      </trkpt>
      <trkpt lat="37.377944" lon="-121.868961">
        <ele>5.378257</ele>
        <time>2023-05-21T22:05:26.025Z</time>
      </trkpt>
      <trkpt lat="37.378039" lon="-121.868851">
        <ele>5.483999</ele>
        <time>2023-05-21T22:05:29.029Z</time>
      </trkpt>
      <trkpt lat="37.378135" lon="-121.868737">
        <ele>5.592116</ele>
        <time>2023-05-21T22:05:32.028Z</time>
      </trkpt>
      <trkpt lat="37.378210" lon="-121.868672">
        <ele>5.666707</ele>
        <time>2023-05-21T22:05:34.034Z</time>
      </trkpt>
      <trkpt lat="37.378318" lon="-121.868576">
        <ele>5.775013</ele>
        <time>2023-05-21T22:05:37.024Z</time>
      </trkpt>
      <trkpt lat="37.378391" lon="-121.868509">
        <ele>5.849020</ele>
        <time>2023-05-21T22:05:39.028Z</time>
      </trkpt>
      <trkpt lat="37.378463" lon="-121.868436">
        <ele>5.924755</ele>
        <time>2023-05-21T22:05:41.025Z</time>
      </trkpt>
      <trkpt lat="37.378557" lon="-121.868326">
        <ele>6.029895</ele>
        <time>2023-05-21T22:05:44.021Z</time>
      </trkpt>
      <trkpt lat="37.378654" lon="-121.868226">
        <ele>6.132605</ele>
        <time>2023-05-21T22:05:47.030Z</time>
      </trkpt>
      <trkpt lat="37.378729" lon="-121.868160">
        <ele>6.207567</ele>
        <time>2023-05-21T22:05:49.029Z</time>
      </trkpt>
      <trkpt lat="37.378808" lon="-121.868093">
        <ele>6.285599</ele>
        <time>2023-05-21T22:05:51.027Z</time>
      </trkpt>
      <trkpt lat="37.378888" lon="-121.868016">
        <ele>6.368096</ele>
        <time>2023-05-21T22:05:53.034Z</time>
      </trkpt>
      <trkpt lat="37.378972" lon="-121.867928">
        <ele>6.457622</ele>
        <time>2023-05-21T22:05:55.034Z</time>
      </trkpt>
      <trkpt lat="37.379077" lon="-121.867830">
        <ele>6.564699</ele>
        <time>2023-05-21T22:05:58.024Z</time>
      </trkpt>
      <trkpt lat="37.379150" lon="-121.867762">
        <ele>6.639092</ele>
        <time>2023-05-21T22:06:00.018Z</time>
      </trkpt>
      <trkpt lat="37.379248" lon="-121.867670">
        <ele>6.739239</ele>
        <time>2023-05-21T22:06:03.032Z</time>
      </trkpt>
      <trkpt lat="37.379347" lon="-121.867581">
        <ele>6.800090</ele>
        <time>2023-05-21T22:06:06.017Z</time>
      </trkpt>
      <trkpt lat="37.379420" lon="-121.867504">
        <ele>6.840827</ele>
        <time>2023-05-21T22:06:08.029Z</time>
      </trkpt>
      <trkpt lat="37.379521" lon="-121.867420">
        <ele>6.892603</ele>
        <time>2023-05-21T22:06:11.029Z</time>
      </trkpt>
      <trkpt lat="37.379595" lon="-121.867330">
        <ele>6.936616</ele>
        <time>2023-05-21T22:06:14.035Z</time>
      </trkpt>
      <trkpt lat="37.379560" lon="-121.867192">
        <ele>6.985846</ele>
        <time>2023-05-21T22:06:17.027Z</time>
      </trkpt>
      <trkpt lat="37.379473" lon="-121.867076">
        <ele>7.040055</ele>
        <time>2023-05-21T22:06:20.034Z</time>
      </trkpt>
      <trkpt lat="37.379399" lon="-121.866939">
        <ele>7.096352</ele>
        <time>2023-05-21T22:06:23.038Z</time>
      </trkpt>
      <trkpt lat="37.379337" lon="-121.866804">
        <ele>7.149343</ele>
        <time>2023-05-21T22:06:26.018Z</time>
      </trkpt>
      <trkpt lat="37.379276" lon="-121.866659">
        <ele>7.205101</ele>
        <time>2023-05-21T22:06:29.034Z</time>
      </trkpt>
      <trkpt lat="37.379221" lon="-121.866514">
        <ele>7.259705</ele>
        <time>2023-05-21T22:06:32.017Z</time>
      </trkpt>
      <trkpt lat="37.379188" lon="-121.866402">
        <ele>7.300301</ele>
        <time>2023-05-21T22:06:34.009Z</time>
      </trkpt>
      <trkpt lat="37.379155" lon="-121.866281">
        <ele>7.343777</ele>
        <time>2023-05-21T22:06:36.015Z</time>
      </trkpt>
      <trkpt lat="37.379123" lon="-121.866154">
        <ele>7.389056</ele>
        <time>2023-05-21T22:06:38.022Z</time>
      </trkpt>
      <trkpt lat="37.379096" lon="-121.866026">
        <ele>7.434063</ele>
        <time>2023-05-21T22:06:40.016Z</time>
      </trkpt>
      <trkpt lat="37.379077" lon="-121.865897">
        <ele>7.478651</ele>
        <time>2023-05-21T22:06:42.020Z</time>
      </trkpt>
      <trkpt lat="37.379061" lon="-121.865778">
        <ele>7.519668</ele>
        <time>2023-05-21T22:06:44.035Z</time>
      </trkpt>
      <trkpt lat="37.379049" lon="-121.865655">
        <ele>7.607144</ele>
        <time>2023-05-21T22:06:46.023Z</time>
      </trkpt>
      <trkpt lat="37.379041" lon="-121.865530">
        <ele>7.705235</ele>
        <time>2023-05-21T22:06:48.013Z</time>
      </trkpt>
      <trkpt lat="37.379038" lon="-121.865410">
        <ele>7.799146</ele>
        <time>2023-05-21T22:06:50.014Z</time>
      </trkpt>
      <trkpt lat="37.379038" lon="-121.865292">
        <ele>7.891445</ele>
        <time>2023-05-21T22:06:52.017Z</time>
      </trkpt>
      <trkpt lat="37.379041" lon="-121.865174">
        <ele>7.983792</ele>
        <time>2023-05-21T22:06:54.024Z</time>
      </trkpt>
      <trkpt lat="37.379049" lon="-121.865057">
        <ele>8.075647</ele>
        <time>2023-05-21T22:06:56.025Z</time>
      </trkpt>
      <trkpt lat="37.379054" lon="-121.864944">
        <ele>8.164173</ele>
        <time>2023-05-21T22:06:58.020Z</time>
      </trkpt>
      <trkpt lat="37.379056" lon="-121.864828">
        <ele>8.254929</ele>
        <time>2023-05-21T22:07:00.018Z</time>
      </trkpt>
      <trkpt lat="37.379051" lon="-121.864708">
        <ele>8.348922</ele>
        <time>2023-05-21T22:07:02.011Z</time>
      </trkpt>
      <trkpt lat="37.379034" lon="-121.864587">
        <ele>8.445036</ele>
        <time>2023-05-21T22:07:04.024Z</time>
      </trkpt>
      <trkpt lat="37.379015" lon="-121.864473">
        <ele>8.536147</ele>
        <time>2023-05-21T22:07:06.013Z</time>
      </trkpt>
      <trkpt lat="37.378996" lon="-121.864362">
        <ele>8.624962</ele>
        <time>2023-05-21T22:07:08.029Z</time>
      </trkpt>
      <trkpt lat="37.378969" lon="-121.864247">
        <ele>8.718759</ele>
        <time>2023-05-21T22:07:10.028Z</time>
      </trkpt>
      <trkpt lat="37.378944" lon="-121.864131">
        <ele>8.812772</ele>
        <time>2023-05-21T22:07:12.010Z</time>
      </trkpt>
      <trkpt lat="37.378917" lon="-121.864021">
        <ele>8.902826</ele>
        <time>2023-05-21T22:07:14.017Z</time>
      </trkpt>
      <trkpt lat="37.378870" lon="-121.863863">
        <ele>9.034789</ele>
        <time>2023-05-21T22:07:17.009Z</time>
      </trkpt>
      <trkpt lat="37.378831" lon="-121.863741">
        <ele>9.137650</ele>
        <time>2023-05-21T22:07:19.012Z</time>
      </trkpt>
      <trkpt lat="37.378786" lon="-121.863633">
        <ele>9.233036</ele>
        <time>2023-05-21T22:07:21.014Z</time>
      </trkpt>
      <trkpt lat="37.378737" lon="-121.863523">
        <ele>9.336646</ele>
        <time>2023-05-21T22:07:23.029Z</time>
      </trkpt>
      <trkpt lat="37.378683" lon="-121.863423">
        <ele>9.444943</ele>
        <time>2023-05-21T22:07:25.013Z</time>
      </trkpt>
      <trkpt lat="37.378624" lon="-121.863313">
        <ele>9.563816</ele>
        <time>2023-05-21T22:07:27.025Z</time>
      </trkpt>
      <trkpt lat="37.378567" lon="-121.863215">
        <ele>9.672598</ele>
        <time>2023-05-21T22:07:29.026Z</time>
      </trkpt>
      <trkpt lat="37.378507" lon="-121.863130">
        <ele>9.774436</ele>
        <time>2023-05-21T22:07:31.027Z</time>
      </trkpt>
      <trkpt lat="37.378440" lon="-121.863040">
        <ele>9.884900</ele>
        <time>2023-05-21T22:07:33.016Z</time>
      </trkpt>
      <trkpt lat="37.378373" lon="-121.862958">
        <ele>9.990250</ele>
        <time>2023-05-21T22:07:35.019Z</time>
      </trkpt>
      <trkpt lat="37.378270" lon="-121.862852">
        <ele>10.140231</ele>
        <time>2023-05-21T22:07:38.018Z</time>
      </trkpt>
      <trkpt lat="37.378160" lon="-121.862763">
        <ele>10.287640</ele>
        <time>2023-05-21T22:07:41.031Z</time>
      </trkpt>
      <trkpt lat="37.378047" lon="-121.862659">
        <ele>10.445443</ele>
        <time>2023-05-21T22:07:44.029Z</time>
      </trkpt>
      <trkpt lat="37.377966" lon="-121.862579">
        <ele>10.561509</ele>
        <time>2023-05-21T22:07:46.023Z</time>
      </trkpt>
      <trkpt lat="37.377879" lon="-121.862502">
        <ele>10.681401</ele>
        <time>2023-05-21T22:07:48.019Z</time>
      </trkpt>
      <trkpt lat="37.377763" lon="-121.862397">
        <ele>10.842468</ele>
        <time>2023-05-21T22:07:51.043Z</time>
      </trkpt>
      <trkpt lat="37.377680" lon="-121.862321">
        <ele>10.958172</ele>
        <time>2023-05-21T22:07:53.012Z</time>
      </trkpt>
      <trkpt lat="37.377600" lon="-121.862251">
        <ele>11.068004</ele>
        <time>2023-05-21T22:07:55.011Z</time>
      </trkpt>
      <trkpt lat="37.377525" lon="-121.862179">
        <ele>11.174335</ele>
        <time>2023-05-21T22:07:57.028Z</time>
      </trkpt>
      <trkpt lat="37.377423" lon="-121.862084">
        <ele>11.317375</ele>
        <time>2023-05-21T22:08:00.021Z</time>
      </trkpt>
      <trkpt lat="37.377322" lon="-121.861982">
        <ele>11.201013</ele>
        <time>2023-05-21T22:08:03.024Z</time>
      </trkpt>
      <trkpt lat="37.377222" lon="-121.861892">
        <ele>11.077091</ele>
        <time>2023-05-21T22:08:06.035Z</time>
      </trkpt>
      <trkpt lat="37.377124" lon="-121.861793">
        <ele>10.950420</ele>
        <time>2023-05-21T22:08:09.029Z</time>
      </trkpt>
      <trkpt lat="37.377020" lon="-121.861696">
        <ele>10.819939</ele>
        <time>2023-05-21T22:08:12.031Z</time>
      </trkpt>
      <trkpt lat="37.376915" lon="-121.861598">
        <ele>10.688171</ele>
        <time>2023-05-21T22:08:15.026Z</time>
      </trkpt>
      <trkpt lat="37.376806" lon="-121.861498">
        <ele>10.552205</ele>
        <time>2023-05-21T22:08:18.017Z</time>
      </trkpt>
      <trkpt lat="37.376736" lon="-121.861424">
        <ele>10.460056</ele>
        <time>2023-05-21T22:08:20.038Z</time>
      </trkpt>
      <trkpt lat="37.376655" lon="-121.861354">
        <ele>10.361012</ele>
        <time>2023-05-21T22:08:22.029Z</time>
      </trkpt>
      <trkpt lat="37.376579" lon="-121.861288">
        <ele>10.267937</ele>
        <time>2023-05-21T22:08:24.023Z</time>
      </trkpt>
      <trkpt lat="37.376533" lon="-121.861190">
        <ele>10.176769</ele>
        <time>2023-05-21T22:08:34.013Z</time>
      </trkpt>
      <trkpt lat="37.376597" lon="-121.861102">
        <ele>10.081219</ele>
        <time>2023-05-21T22:08:37.035Z</time>
      </trkpt>
      <trkpt lat="37.376683" lon="-121.861017">
        <ele>9.970994</ele>
        <time>2023-05-21T22:08:40.027Z</time>
      </trkpt>
      <trkpt lat="37.376785" lon="-121.860949">
        <ele>9.854646</ele>
        <time>2023-05-21T22:08:43.039Z</time>
      </trkpt>
      <trkpt lat="37.376883" lon="-121.860884">
        <ele>9.742985</ele>
        <time>2023-05-21T22:08:45.035Z</time>
      </trkpt>
      <trkpt lat="37.376979" lon="-121.860862">
        <ele>9.644630</ele>
        <time>2023-05-21T22:08:47.042Z</time>
      </trkpt>
      <trkpt lat="37.377083" lon="-121.860852">
        <ele>9.539496</ele>
        <time>2023-05-21T22:08:49.022Z</time>
      </trkpt>
      <trkpt lat="37.377186" lon="-121.860833">
        <ele>9.608679</ele>
        <time>2023-05-21T22:08:51.034Z</time>
      </trkpt>
      <trkpt lat="37.377278" lon="-121.860840">
        <ele>9.724946</ele>
        <time>2023-05-21T22:08:53.032Z</time>
      </trkpt>
      <trkpt lat="37.377373" lon="-121.860824">
        <ele>9.845853</ele>
        <time>2023-05-21T22:08:55.029Z</time>
      </trkpt>
      <trkpt lat="37.377468" lon="-121.860791">
        <ele>9.970174</ele>
        <time>2023-05-21T22:08:57.026Z</time>
      </trkpt>
      <trkpt lat="37.377565" lon="-121.860742">
        <ele>10.102026</ele>
        <time>2023-05-21T22:08:59.026Z</time>
      </trkpt>
      <trkpt lat="37.377652" lon="-121.860691">
        <ele>10.223096</ele>
        <time>2023-05-21T22:09:01.027Z</time>
      </trkpt>
      <trkpt lat="37.377730" lon="-121.860630">
        <ele>10.338943</ele>
        <time>2023-05-21T22:09:03.039Z</time>
      </trkpt>
      <trkpt lat="37.377864" lon="-121.860597">
        <ele>10.511185</ele>
        <time>2023-05-21T22:09:06.024Z</time>
      </trkpt>
      <trkpt lat="37.377961" lon="-121.860591">
        <ele>10.633694</ele>
        <time>2023-05-21T22:09:08.031Z</time>
      </trkpt>
      <trkpt lat="37.378053" lon="-121.860584">
        <ele>10.749961</ele>
        <time>2023-05-21T22:09:10.038Z</time>
      </trkpt>
      <trkpt lat="37.378171" lon="-121.860551">
        <ele>10.902444</ele>
        <time>2023-05-21T22:09:13.034Z</time>
      </trkpt>
      <trkpt lat="37.378293" lon="-121.860464">
        <ele>11.079335</ele>
        <time>2023-05-21T22:09:16.041Z</time>
      </trkpt>
      <trkpt lat="37.378375" lon="-121.860402">
        <ele>11.200009</ele>
        <time>2023-05-21T22:09:18.024Z</time>
      </trkpt>
      <trkpt lat="37.378454" lon="-121.860345">
        <ele>11.314883</ele>
        <time>2023-05-21T22:09:20.041Z</time>
      </trkpt>
      <trkpt lat="37.378562" lon="-121.860256">
        <ele>11.477732</ele>
        <time>2023-05-21T22:09:23.034Z</time>
      </trkpt>
      <trkpt lat="37.378672" lon="-121.860165">
        <ele>11.643791</ele>
        <time>2023-05-21T22:09:26.030Z</time>
      </trkpt>
      <trkpt lat="37.378747" lon="-121.860099">
        <ele>11.759238</ele>
        <time>2023-05-21T22:09:28.032Z</time>
      </trkpt>
      <trkpt lat="37.378817" lon="-121.860028">
        <ele>11.827814</ele>
        <time>2023-05-21T22:09:30.037Z</time>
      </trkpt>
      <trkpt lat="37.378877" lon="-121.859933">
        <ele>11.890066</ele>
        <time>2023-05-21T22:09:32.030Z</time>
      </trkpt>
      <trkpt lat="37.378969" lon="-121.859809">
        <ele>11.977094</ele>
        <time>2023-05-21T22:09:35.039Z</time>
      </trkpt>
      <trkpt lat="37.379062" lon="-121.859690">
        <ele>12.062716</ele>
        <time>2023-05-21T22:09:38.030Z</time>
      </trkpt>
      <trkpt lat="37.379138" lon="-121.859570">
        <ele>12.141435</ele>
        <time>2023-05-21T22:09:41.025Z</time>
      </trkpt>
      <trkpt lat="37.379196" lon="-121.859426">
        <ele>12.224254</ele>
        <time>2023-05-21T22:09:44.036Z</time>
      </trkpt>
      <trkpt lat="37.379220" lon="-121.859283">
        <ele>12.299230</ele>
        <time>2023-05-21T22:09:47.021Z</time>
      </trkpt>
      <trkpt lat="37.379258" lon="-121.859152">
        <ele>12.370769</ele>
        <time>2023-05-21T22:09:50.033Z</time>
      </trkpt>
      <trkpt lat="37.379370" lon="-121.859139">
        <ele>12.443380</ele>
        <time>2023-05-21T22:09:53.029Z</time>
      </trkpt>
      <trkpt lat="37.379474" lon="-121.859122">
        <ele>12.511083</ele>
        <time>2023-05-21T22:09:56.019Z</time>
      </trkpt>
      <trkpt lat="37.379583" lon="-121.859073">
        <ele>12.585804</ele>
        <time>2023-05-21T22:09:59.029Z</time>
      </trkpt>
      <trkpt lat="37.379685" lon="-121.858987">
        <ele>12.665065</ele>
        <time>2023-05-21T22:10:02.023Z</time>
      </trkpt>
      <trkpt lat="37.379783" lon="-121.858876">
        <ele>12.750182</ele>
        <time>2023-05-21T22:10:05.037Z</time>
      </trkpt>
      <trkpt lat="37.379872" lon="-121.858806">
        <ele>12.817936</ele>
        <time>2023-05-21T22:10:07.037Z</time>
      </trkpt>
      <trkpt lat="37.379952" lon="-121.858736">
        <ele>12.880838</ele>
        <time>2023-05-21T22:10:09.014Z</time>
      </trkpt>
      <trkpt lat="37.380037" lon="-121.858648">
        <ele>12.985871</ele>
        <time>2023-05-21T22:10:12.027Z</time>
      </trkpt>
      <trkpt lat="37.380112" lon="-121.858548">
        <ele>13.297740</ele>
        <time>2023-05-21T22:10:15.040Z</time>
      </trkpt>
      <trkpt lat="37.380186" lon="-121.858438">
        <ele>13.624620</ele>
        <time>2023-05-21T22:10:20.074Z</time>
      </trkpt>
      <trkpt lat="37.380266" lon="-121.858348">
        <ele>13.930891</ele>
        <time>2023-05-21T22:10:29.074Z</time>
      </trkpt>
      <trkpt lat="37.380327" lon="-121.858254">
        <ele>14.206143</ele>
        <time>2023-05-21T22:10:34.064Z</time>
      </trkpt>
      <trkpt lat="37.380390" lon="-121.858150">
        <ele>14.502739</ele>
        <time>2023-05-21T22:10:41.074Z</time>
      </trkpt>
      <trkpt lat="37.380455" lon="-121.858059">
        <ele>14.780254</ele>
        <time>2023-05-21T22:10:51.041Z</time>
      </trkpt>
      <trkpt lat="37.380498" lon="-121.857954">
        <ele>15.048159</ele>
        <time>2023-05-21T22:10:57.025Z</time>
      </trkpt>
      <trkpt lat="37.380576" lon="-121.857851">
        <ele>15.370856</ele>
        <time>2023-05-21T22:11:01.014Z</time>
      </trkpt>
      <trkpt lat="37.380647" lon="-121.857754">
        <ele>15.669961</ele>
        <time>2023-05-21T22:11:04.025Z</time>
      </trkpt>
      <trkpt lat="37.380710" lon="-121.857659">
        <ele>15.950596</ele>
        <time>2023-05-21T22:11:07.038Z</time>
      </trkpt>
      <trkpt lat="37.380773" lon="-121.857533">
        <ele>16.288229</ele>
        <time>2023-05-21T22:11:11.035Z</time>
      </trkpt>
      <trkpt lat="37.380813" lon="-121.857426">
        <ele>16.556418</ele>
        <time>2023-05-21T22:11:14.048Z</time>
      </trkpt>
      <trkpt lat="37.380900" lon="-121.857356">
        <ele>16.851145</ele>
        <time>2023-05-21T22:11:18.028Z</time>
      </trkpt>
      <trkpt lat="37.380994" lon="-121.857296">
        <ele>17.151976</ele>
        <time>2023-05-21T22:11:21.030Z</time>
      </trkpt>
      <trkpt lat="37.381083" lon="-121.857188">
        <ele>17.504856</ele>
        <time>2023-05-21T22:11:24.031Z</time>
      </trkpt>
      <trkpt lat="37.381147" lon="-121.857092">
        <ele>17.789060</ele>
        <time>2023-05-21T22:11:26.027Z</time>
      </trkpt>
      <trkpt lat="37.381208" lon="-121.856988">
        <ele>18.079021</ele>
        <time>2023-05-21T22:11:28.019Z</time>
      </trkpt>
      <trkpt lat="37.381275" lon="-121.856902">
        <ele>18.219409</ele>
        <time>2023-05-21T22:11:30.034Z</time>
      </trkpt>
      <trkpt lat="37.381343" lon="-121.856826">
        <ele>18.352818</ele>
        <time>2023-05-21T22:11:32.026Z</time>
      </trkpt>
      <trkpt lat="37.381414" lon="-121.856708">
        <ele>18.525347</ele>
        <time>2023-05-21T22:11:35.040Z</time>
      </trkpt>
      <trkpt lat="37.381489" lon="-121.856582">
        <ele>18.708855</ele>
        <time>2023-05-21T22:11:38.040Z</time>
      </trkpt>
      <trkpt lat="37.381580" lon="-121.856477">
        <ele>18.889961</ele>
        <time>2023-05-21T22:11:41.049Z</time>
      </trkpt>
      <trkpt lat="37.381660" lon="-121.856366">
        <ele>19.064639</ele>
        <time>2023-05-21T22:11:44.039Z</time>
      </trkpt>
      <trkpt lat="37.381739" lon="-121.856260">
        <ele>19.234038</ele>
        <time>2023-05-21T22:11:47.021Z</time>
      </trkpt>
      <trkpt lat="37.381825" lon="-121.856143">
        <ele>19.419819</ele>
        <time>2023-05-21T22:11:50.041Z</time>
      </trkpt>
      <trkpt lat="37.381906" lon="-121.856048">
        <ele>19.582240</ele>
        <time>2023-05-21T22:11:53.039Z</time>
      </trkpt>
      <trkpt lat="37.381981" lon="-121.855956">
        <ele>19.735876</ele>
        <time>2023-05-21T22:11:56.035Z</time>
      </trkpt>
      <trkpt lat="37.382064" lon="-121.855856">
        <ele>19.904432</ele>
        <time>2023-05-21T22:12:00.023Z</time>
      </trkpt>
      <trkpt lat="37.381977" lon="-121.855752">
        <ele>20.080452</ele>
        <time>2023-05-21T22:12:04.041Z</time>
      </trkpt>
      <trkpt lat="37.381883" lon="-121.855674">
        <ele>20.245619</ele>
        <time>2023-05-21T22:12:07.023Z</time>
      </trkpt>
      <trkpt lat="37.381808" lon="-121.855582">
        <ele>20.399256</ele>
        <time>2023-05-21T22:12:10.029Z</time>
      </trkpt>
      <trkpt lat="37.381740" lon="-121.855503">
        <ele>20.535012</ele>
        <time>2023-05-21T22:12:13.037Z</time>
      </trkpt>
      <trkpt lat="37.381834" lon="-121.855358">
        <ele>20.654803</ele>
        <time>2023-05-21T22:13:13.029Z</time>
      </trkpt>
      <trkpt lat="37.381919" lon="-121.855290">
        <ele>20.430364</ele>
        <time>2023-05-21T22:13:17.030Z</time>
      </trkpt>
      <trkpt lat="37.382023" lon="-121.855251">
        <ele>20.188548</ele>
        <time>2023-05-21T22:13:21.017Z</time>
      </trkpt>
      <trkpt lat="37.382103" lon="-121.855368">
        <ele>19.915241</ele>
        <time>2023-05-21T22:13:24.029Z</time>
      </trkpt>
      <trkpt lat="37.382181" lon="-121.855474">
        <ele>19.659435</ele>
        <time>2023-05-21T22:13:27.033Z</time>
      </trkpt>
      <trkpt lat="37.382258" lon="-121.855565">
        <ele>19.424057</ele>
        <time>2023-05-21T22:13:30.039Z</time>
      </trkpt>
      <trkpt lat="37.382355" lon="-121.855650">
        <ele>19.160672</ele>
        <time>2023-05-21T22:13:33.031Z</time>
      </trkpt>
      <trkpt lat="37.382450" lon="-121.855743">
        <ele>18.892475</ele>
        <time>2023-05-21T22:13:36.030Z</time>
      </trkpt>
      <trkpt lat="37.382545" lon="-121.855848">
        <ele>18.610734</ele>
        <time>2023-05-21T22:13:39.028Z</time>
      </trkpt>
      <trkpt lat="37.382641" lon="-121.855953">
        <ele>18.327314</ele>
        <time>2023-05-21T22:13:42.022Z</time>
      </trkpt>
      <trkpt lat="37.382734" lon="-121.856061">
        <ele>18.045330</ele>
        <time>2023-05-21T22:13:45.020Z</time>
      </trkpt>
      <trkpt lat="37.382804" lon="-121.856141">
        <ele>17.834628</ele>
        <time>2023-05-21T22:13:47.041Z</time>
      </trkpt>
      <trkpt lat="37.382877" lon="-121.856215">
        <ele>17.625752</ele>
        <time>2023-05-21T22:13:49.030Z</time>
      </trkpt>
      <trkpt lat="37.382948" lon="-121.856294">
        <ele>17.414572</ele>
        <time>2023-05-21T22:13:51.032Z</time>
      </trkpt>
      <trkpt lat="37.383035" lon="-121.856410">
        <ele>17.132137</ele>
        <time>2023-05-21T22:13:54.035Z</time>
      </trkpt>
      <trkpt lat="37.383160" lon="-121.856451">
        <ele>16.844290</ele>
        <time>2023-05-21T22:13:57.027Z</time>
      </trkpt>
      <trkpt lat="37.383263" lon="-121.856345">
        <ele>16.522540</ele>
        <time>2023-05-21T22:13:59.017Z</time>
      </trkpt>
      <trkpt lat="37.383316" lon="-121.856222">
        <ele>16.235261</ele>
        <time>2023-05-21T22:14:01.039Z</time>
      </trkpt>
      <trkpt lat="37.383375" lon="-121.856122">
        <ele>15.979536</ele>
        <time>2023-05-21T22:14:03.038Z</time>
      </trkpt>
      <trkpt lat="37.383437" lon="-121.856025">
        <ele>15.723944</ele>
        <time>2023-05-21T22:14:05.025Z</time>
      </trkpt>
      <trkpt lat="37.383498" lon="-121.855933">
        <ele>15.477931</ele>
        <time>2023-05-21T22:14:07.034Z</time>
      </trkpt>
      <trkpt lat="37.383565" lon="-121.855826">
        <ele>15.198230</ele>
        <time>2023-05-21T22:14:09.034Z</time>
      </trkpt>
      <trkpt lat="37.383633" lon="-121.855729">
        <ele>14.932646</ele>
        <time>2023-05-21T22:14:11.042Z</time>
      </trkpt>
      <trkpt lat="37.383695" lon="-121.855642">
        <ele>14.692707</ele>
        <time>2023-05-21T22:14:13.035Z</time>
      </trkpt>
      <trkpt lat="37.383760" lon="-121.855556">
        <ele>14.449016</ele>
        <time>2023-05-21T22:14:15.036Z</time>
      </trkpt>
      <trkpt lat="37.383827" lon="-121.855464">
        <ele>14.192794</ele>
        <time>2023-05-21T22:14:17.014Z</time>
      </trkpt>
      <trkpt lat="37.383893" lon="-121.855369">
        <ele>13.933706</ele>
        <time>2023-05-21T22:14:19.024Z</time>
      </trkpt>
      <trkpt lat="37.383981" lon="-121.855244">
        <ele>13.590824</ele>
        <time>2023-05-21T22:14:22.024Z</time>
      </trkpt>
      <trkpt lat="37.384040" lon="-121.855157">
        <ele>13.355991</ele>
        <time>2023-05-21T22:14:24.040Z</time>
      </trkpt>
      <trkpt lat="37.384102" lon="-121.855068">
        <ele>13.112980</ele>
        <time>2023-05-21T22:14:26.043Z</time>
      </trkpt>
      <trkpt lat="37.384175" lon="-121.854979">
        <ele>12.850361</ele>
        <time>2023-05-21T22:14:28.028Z</time>
      </trkpt>
      <trkpt lat="37.384242" lon="-121.854895">
        <ele>12.605996</ele>
        <time>2023-05-21T22:14:30.041Z</time>
      </trkpt>
      <trkpt lat="37.384333" lon="-121.854776">
        <ele>12.266907</ele>
        <time>2023-05-21T22:14:33.048Z</time>
      </trkpt>
      <trkpt lat="37.384418" lon="-121.854650">
        <ele>12.178132</ele>
        <time>2023-05-21T22:14:36.022Z</time>
      </trkpt>
      <trkpt lat="37.384507" lon="-121.854533">
        <ele>12.481423</ele>
        <time>2023-05-21T22:14:39.041Z</time>
      </trkpt>
      <trkpt lat="37.384572" lon="-121.854446">
        <ele>12.705034</ele>
        <time>2023-05-21T22:14:41.042Z</time>
      </trkpt>
      <trkpt lat="37.384632" lon="-121.854358">
        <ele>12.922161</ele>
        <time>2023-05-21T22:14:43.026Z</time>
      </trkpt>
      <trkpt lat="37.384719" lon="-121.854246">
        <ele>13.215445</ele>
        <time>2023-05-21T22:14:46.039Z</time>
      </trkpt>
      <trkpt lat="37.384801" lon="-121.854119">
        <ele>13.521864</ele>
        <time>2023-05-21T22:14:49.046Z</time>
      </trkpt>
      <trkpt lat="37.384868" lon="-121.854032">
        <ele>13.748729</ele>
        <time>2023-05-21T22:14:51.018Z</time>
      </trkpt>
      <trkpt lat="37.384935" lon="-121.853942">
        <ele>13.979660</ele>
        <time>2023-05-21T22:14:53.039Z</time>
      </trkpt>
      <trkpt lat="37.385024" lon="-121.853814">
        <ele>14.298147</ele>
        <time>2023-05-21T22:14:56.043Z</time>
      </trkpt>
      <trkpt lat="37.385092" lon="-121.853674">
        <ele>14.605392</ele>
        <time>2023-05-21T22:14:59.032Z</time>
      </trkpt>
      <trkpt lat="37.385148" lon="-121.853528">
        <ele>14.908959</ele>
        <time>2023-05-21T22:15:02.041Z</time>
      </trkpt>
      <trkpt lat="37.385211" lon="-121.853381">
        <ele>15.221698</ele>
        <time>2023-05-21T22:15:05.020Z</time>
      </trkpt>
      <trkpt lat="37.385267" lon="-121.853288">
        <ele>15.440193</ele>
        <time>2023-05-21T22:15:07.020Z</time>
      </trkpt>
      <trkpt lat="37.385343" lon="-121.853163">
        <ele>15.734913</ele>
        <time>2023-05-21T22:15:10.039Z</time>
      </trkpt>
      <trkpt lat="37.385428" lon="-121.853061">
        <ele>16.011682</ele>
        <time>2023-05-21T22:15:13.018Z</time>
      </trkpt>
      <trkpt lat="37.385499" lon="-121.852990">
        <ele>16.225386</ele>
        <time>2023-05-21T22:15:15.025Z</time>
      </trkpt>
      <trkpt lat="37.385580" lon="-121.852916">
        <ele>16.458595</ele>
        <time>2023-05-21T22:15:18.038Z</time>
      </trkpt>
      <trkpt lat="37.385669" lon="-121.852851">
        <ele>16.697150</ele>
        <time>2023-05-21T22:15:22.022Z</time>
      </trkpt>
      <trkpt lat="37.385752" lon="-121.852807">
        <ele>16.905944</ele>
        <time>2023-05-21T22:15:25.022Z</time>
      </trkpt>
      <trkpt lat="37.385855" lon="-121.852770">
        <ele>17.154267</ele>
        <time>2023-05-21T22:15:28.046Z</time>
      </trkpt>
      <trkpt lat="37.385955" lon="-121.852731">
        <ele>17.396975</ele>
        <time>2023-05-21T22:15:31.037Z</time>
      </trkpt>
      <trkpt lat="37.386055" lon="-121.852675">
        <ele>17.650720</ele>
        <time>2023-05-21T22:15:34.046Z</time>
      </trkpt>
      <trkpt lat="37.386162" lon="-121.852608">
        <ele>17.927787</ele>
        <time>2023-05-21T22:15:37.044Z</time>
      </trkpt>
      <trkpt lat="37.386272" lon="-121.852528">
        <ele>18.222318</ele>
        <time>2023-05-21T22:15:40.026Z</time>
      </trkpt>
      <trkpt lat="37.386372" lon="-121.852424">
        <ele>18.523060</ele>
        <time>2023-05-21T22:15:43.027Z</time>
      </trkpt>
      <trkpt lat="37.386439" lon="-121.852340">
        <ele>18.742305</ele>
        <time>2023-05-21T22:15:45.043Z</time>
      </trkpt>
      <trkpt lat="37.386516" lon="-121.852226">
        <ele>19.017919</ele>
        <time>2023-05-21T22:15:47.026Z</time>
      </trkpt>
      <trkpt lat="37.386573" lon="-121.852133">
        <ele>19.234273</ele>
        <time>2023-05-21T22:15:49.044Z</time>
      </trkpt>
      <trkpt lat="37.386631" lon="-121.852045">
        <ele>19.444882</ele>
        <time>2023-05-21T22:15:51.022Z</time>
      </trkpt>
      <trkpt lat="37.386696" lon="-121.851960">
        <ele>19.662190</ele>
        <time>2023-05-21T22:15:53.020Z</time>
      </trkpt>
      <trkpt lat="37.386767" lon="-121.851863">
        <ele>19.905128</ele>
        <time>2023-05-21T22:15:55.028Z</time>
      </trkpt>
      <trkpt lat="37.386835" lon="-121.851777">
        <ele>20.128617</ele>
        <time>2023-05-21T22:15:57.028Z</time>
      </trkpt>
      <trkpt lat="37.386924" lon="-121.851658">
        <ele>20.429651</ele>
        <time>2023-05-21T22:16:00.020Z</time>
      </trkpt>
      <trkpt lat="37.386987" lon="-121.851573">
        <ele>20.681037</ele>
        <time>2023-05-21T22:16:02.022Z</time>
      </trkpt>
      <trkpt lat="37.387085" lon="-121.851456">
        <ele>21.060240</ele>
        <time>2023-05-21T22:16:05.029Z</time>
      </trkpt>
      <trkpt lat="37.387180" lon="-121.851343">
        <ele>21.427192</ele>
        <time>2023-05-21T22:16:08.020Z</time>
      </trkpt>
      <trkpt lat="37.387245" lon="-121.851260">
        <ele>21.687137</ele>
        <time>2023-05-21T22:16:10.019Z</time>
      </trkpt>
      <trkpt lat="37.387308" lon="-121.851177">
        <ele>21.943171</ele>
        <time>2023-05-21T22:16:12.020Z</time>
      </trkpt>
      <trkpt lat="37.387369" lon="-121.851091">
        <ele>22.200313</ele>
        <time>2023-05-21T22:16:14.038Z</time>
      </trkpt>
      <trkpt lat="37.387432" lon="-121.851007">
        <ele>22.457965</ele>
        <time>2023-05-21T22:16:16.045Z</time>
      </trkpt>
      <trkpt lat="37.387521" lon="-121.850894">
        <ele>22.812863</ele>
        <time>2023-05-21T22:16:19.036Z</time>
      </trkpt>
      <trkpt lat="37.387610" lon="-121.850800">
        <ele>23.139031</ele>
        <time>2023-05-21T22:16:22.034Z</time>
      </trkpt>
      <trkpt lat="37.387702" lon="-121.850683">
        <ele>23.506195</ele>
        <time>2023-05-21T22:16:25.038Z</time>
      </trkpt>
      <trkpt lat="37.387783" lon="-121.850578">
        <ele>23.832627</ele>
        <time>2023-05-21T22:16:28.034Z</time>
      </trkpt>
      <trkpt lat="37.387869" lon="-121.850476">
        <ele>24.164363</ele>
        <time>2023-05-21T22:16:31.036Z</time>
      </trkpt>
      <trkpt lat="37.387948" lon="-121.850378">
        <ele>24.475756</ele>
        <time>2023-05-21T22:16:34.030Z</time>
      </trkpt>
      <trkpt lat="37.388033" lon="-121.850269">
        <ele>24.816416</ele>
        <time>2023-05-21T22:16:37.040Z</time>
      </trkpt>
      <trkpt lat="37.388120" lon="-121.850167">
        <ele>25.150200</ele>
        <time>2023-05-21T22:16:40.039Z</time>
      </trkpt>
      <trkpt lat="37.388212" lon="-121.850049">
        <ele>25.514373</ele>
        <time>2023-05-21T22:16:43.036Z</time>
      </trkpt>
      <trkpt lat="37.388275" lon="-121.849953">
        <ele>25.296934</ele>
        <time>2023-05-21T22:16:45.026Z</time>
      </trkpt>
      <trkpt lat="37.388327" lon="-121.849859">
        <ele>25.096909</ele>
        <time>2023-05-21T22:16:47.042Z</time>
      </trkpt>
      <trkpt lat="37.388379" lon="-121.849741">
        <ele>24.861269</ele>
        <time>2023-05-21T22:16:50.031Z</time>
      </trkpt>
      <trkpt lat="37.388426" lon="-121.849634">
        <ele>24.647757</ele>
        <time>2023-05-21T22:16:53.031Z</time>
      </trkpt>
      <trkpt lat="37.388452" lon="-121.849499">
        <ele>24.405175</ele>
        <time>2023-05-21T22:16:57.044Z</time>
      </trkpt>
      <trkpt lat="37.388463" lon="-121.849353">
        <ele>24.149067</ele>
        <time>2023-05-21T22:17:01.046Z</time>
      </trkpt>
      <trkpt lat="37.388521" lon="-121.849242">
        <ele>23.917062</ele>
        <time>2023-05-21T22:17:04.051Z</time>
      </trkpt>
      <trkpt lat="37.388559" lon="-121.849137">
        <ele>23.715572</ele>
        <time>2023-05-21T22:17:07.028Z</time>
      </trkpt>
      <trkpt lat="37.388592" lon="-121.849022">
        <ele>23.502047</ele>
        <time>2023-05-21T22:17:10.039Z</time>
      </trkpt>
      <trkpt lat="37.388612" lon="-121.848885">
        <ele>23.258795</ele>
        <time>2023-05-21T22:17:13.028Z</time>
      </trkpt>
      <trkpt lat="37.388630" lon="-121.848744">
        <ele>23.009405</ele>
        <time>2023-05-21T22:17:16.042Z</time>
      </trkpt>
      <trkpt lat="37.388637" lon="-121.848605">
        <ele>22.766178</ele>
        <time>2023-05-21T22:17:19.036Z</time>
      </trkpt>
      <trkpt lat="37.388631" lon="-121.848469">
        <ele>22.528312</ele>
        <time>2023-05-21T22:17:22.030Z</time>
      </trkpt>
      <trkpt lat="37.388638" lon="-121.848322">
        <ele>22.271141</ele>
        <time>2023-05-21T22:17:25.038Z</time>
      </trkpt>
      <trkpt lat="37.388645" lon="-121.848176">
        <ele>22.015713</ele>
        <time>2023-05-21T22:17:28.046Z</time>
      </trkpt>
      <trkpt lat="37.388637" lon="-121.848020">
        <ele>21.742719</ele>
        <time>2023-05-21T22:17:31.042Z</time>
      </trkpt>
      <trkpt lat="37.388639" lon="-121.847868">
        <ele>21.581246</ele>
        <time>2023-05-21T22:17:34.044Z</time>
      </trkpt>
      <trkpt lat="37.388648" lon="-121.847721">
        <ele>21.635661</ele>
        <time>2023-05-21T22:17:37.036Z</time>
      </trkpt>
      <trkpt lat="37.388662" lon="-121.847578">
        <ele>21.688837</ele>
        <time>2023-05-21T22:17:40.035Z</time>
      </trkpt>
      <trkpt lat="37.388684" lon="-121.847424">
        <ele>21.746586</ele>
        <time>2023-05-21T22:17:43.038Z</time>
      </trkpt>
      <trkpt lat="37.388720" lon="-121.847280">
        <ele>21.802301</ele>
        <time>2023-05-21T22:17:46.037Z</time>
      </trkpt>
      <trkpt lat="37.388751" lon="-121.847139">
        <ele>21.856296</ele>
        <time>2023-05-21T22:17:49.034Z</time>
      </trkpt>
      <trkpt lat="37.388797" lon="-121.847000">
        <ele>21.911869</ele>
        <time>2023-05-21T22:17:52.055Z</time>
      </trkpt>
      <trkpt lat="37.388844" lon="-121.846864">
        <ele>21.966605</ele>
        <time>2023-05-21T22:17:55.030Z</time>
      </trkpt>
      <trkpt lat="37.388891" lon="-121.846731">
        <ele>22.020327</ele>
        <time>2023-05-21T22:17:58.022Z</time>
      </trkpt>
      <trkpt lat="37.388942" lon="-121.846593">
        <ele>22.076499</ele>
        <time>2023-05-21T22:18:01.033Z</time>
      </trkpt>
      <trkpt lat="37.388994" lon="-121.846450">
        <ele>22.134541</ele>
        <time>2023-05-21T22:18:04.032Z</time>
      </trkpt>
      <trkpt lat="37.389044" lon="-121.846322">
        <ele>22.187183</ele>
        <time>2023-05-21T22:18:07.045Z</time>
      </trkpt>
      <trkpt lat="37.389090" lon="-121.846183">
        <ele>22.242756</ele>
        <time>2023-05-21T22:18:10.039Z</time>
      </trkpt>
      <trkpt lat="37.389138" lon="-121.846052">
        <ele>22.295997</ele>
        <time>2023-05-21T22:18:13.043Z</time>
      </trkpt>
      <trkpt lat="37.389170" lon="-121.845910">
        <ele>22.350472</ele>
        <time>2023-05-21T22:18:16.036Z</time>
      </trkpt>
      <trkpt lat="37.389194" lon="-121.845779">
        <ele>22.403003</ele>
        <time>2023-05-21T22:18:19.044Z</time>
      </trkpt>
      <trkpt lat="37.389235" lon="-121.845647">
        <ele>22.557268</ele>
        <time>2023-05-21T22:18:22.040Z</time>
      </trkpt>
      <trkpt lat="37.389291" lon="-121.845520">
        <ele>22.715364</ele>
        <time>2023-05-21T22:18:25.032Z</time>
      </trkpt>
      <trkpt lat="37.389348" lon="-121.845391">
        <ele>22.876027</ele>
        <time>2023-05-21T22:18:28.030Z</time>
      </trkpt>
      <trkpt lat="37.389403" lon="-121.845255">
        <ele>23.042130</ele>
        <time>2023-05-21T22:18:31.047Z</time>
      </trkpt>
      <trkpt lat="37.389456" lon="-121.845126">
        <ele>23.200202</ele>
        <time>2023-05-21T22:18:34.032Z</time>
      </trkpt>
      <trkpt lat="37.389509" lon="-121.845000">
        <ele>23.355381</ele>
        <time>2023-05-21T22:18:37.047Z</time>
      </trkpt>
      <trkpt lat="37.389556" lon="-121.844873">
        <ele>23.507875</ele>
        <time>2023-05-21T22:18:40.054Z</time>
      </trkpt>
      <trkpt lat="37.389599" lon="-121.844725">
        <ele>23.679399</ele>
        <time>2023-05-21T22:18:43.032Z</time>
      </trkpt>
      <trkpt lat="37.389637" lon="-121.844572">
        <ele>23.853879</ele>
        <time>2023-05-21T22:18:46.043Z</time>
      </trkpt>
      <trkpt lat="37.389675" lon="-121.844420">
        <ele>24.027321</ele>
        <time>2023-05-21T22:18:49.039Z</time>
      </trkpt>
      <trkpt lat="37.389709" lon="-121.844260">
        <ele>24.207594</ele>
        <time>2023-05-21T22:18:52.042Z</time>
      </trkpt>
      <trkpt lat="37.389733" lon="-121.844107">
        <ele>24.377342</ele>
        <time>2023-05-21T22:18:55.046Z</time>
      </trkpt>
      <trkpt lat="37.389754" lon="-121.843958">
        <ele>24.542053</ele>
        <time>2023-05-21T22:18:58.031Z</time>
      </trkpt>
      <trkpt lat="37.389769" lon="-121.843814">
        <ele>24.700131</ele>
        <time>2023-05-21T22:19:01.036Z</time>
      </trkpt>
      <trkpt lat="37.389811" lon="-121.843671">
        <ele>24.872522</ele>
        <time>2023-05-21T22:19:04.035Z</time>
      </trkpt>
      <trkpt lat="37.389849" lon="-121.843529">
        <ele>25.341118</ele>
        <time>2023-05-21T22:19:07.037Z</time>
      </trkpt>
      <trkpt lat="37.389895" lon="-121.843390">
        <ele>25.812020</ele>
        <time>2023-05-21T22:19:10.032Z</time>
      </trkpt>
      <trkpt lat="37.389937" lon="-121.843253">
        <ele>26.271254</ele>
        <time>2023-05-21T22:19:13.043Z</time>
      </trkpt>
      <trkpt lat="37.389993" lon="-121.843121">
        <ele>26.739226</ele>
        <time>2023-05-21T22:19:16.054Z</time>
      </trkpt>
      <trkpt lat="37.390055" lon="-121.842996">
        <ele>27.200064</ele>
        <time>2023-05-21T22:19:19.052Z</time>
      </trkpt>
      <trkpt lat="37.390121" lon="-121.842877">
        <ele>27.653921</ele>
        <time>2023-05-21T22:19:22.039Z</time>
      </trkpt>
      <trkpt lat="37.390182" lon="-121.842765">
        <ele>28.078578</ele>
        <time>2023-05-21T22:19:25.027Z</time>
      </trkpt>
      <trkpt lat="37.390242" lon="-121.842649">
        <ele>28.511449</ele>
        <time>2023-05-21T22:19:29.025Z</time>
      </trkpt>
      <trkpt lat="37.390299" lon="-121.842535">
        <ele>28.932686</ele>
        <time>2023-05-21T22:19:34.022Z</time>
      </trkpt>
      <trkpt lat="37.390322" lon="-121.842393">
        <ele>29.385900</ele>
        <time>2023-05-21T22:19:51.046Z</time>
      </trkpt>
      <trkpt lat="37.390375" lon="-121.842286">
        <ele>29.780227</ele>
        <time>2023-05-21T22:19:55.051Z</time>
      </trkpt>
      <trkpt lat="37.390422" lon="-121.842179">
        <ele>30.162584</ele>
        <time>2023-05-21T22:20:00.035Z</time>
      </trkpt>
      <trkpt lat="37.390599" lon="-121.842264">
        <ele>30.908269</ele>
        <time>2023-05-21T22:20:55.047Z</time>
      </trkpt>
      <trkpt lat="37.390688" lon="-121.842346">
        <ele>31.342415</ele>
        <time>2023-05-21T22:20:58.025Z</time>
      </trkpt>
      <trkpt lat="37.390789" lon="-121.842394">
        <ele>31.767361</ele>
        <time>2023-05-21T22:21:01.042Z</time>
      </trkpt>
      <trkpt lat="37.390885" lon="-121.842443">
        <ele>31.995165</ele>
        <time>2023-05-21T22:21:04.047Z</time>
      </trkpt>
      <trkpt lat="37.390982" lon="-121.842492">
        <ele>32.088538</ele>
        <time>2023-05-21T22:21:08.044Z</time>
      </trkpt>
      <trkpt lat="37.391013" lon="-121.842384">
        <ele>32.170041</ele>
        <time>2023-05-21T22:21:12.050Z</time>
      </trkpt>
      <trkpt lat="37.391026" lon="-121.842247">
        <ele>32.267970</ele>
        <time>2023-05-21T22:21:15.051Z</time>
      </trkpt>
      <trkpt lat="37.391060" lon="-121.842139">
        <ele>32.350423</ele>
        <time>2023-05-21T22:21:17.048Z</time>
      </trkpt>
      <trkpt lat="37.391120" lon="-121.841991">
        <ele>32.468352</ele>
        <time>2023-05-21T22:21:20.041Z</time>
      </trkpt>
      <trkpt lat="37.391152" lon="-121.841885">
        <ele>32.548835</ele>
        <time>2023-05-21T22:21:22.042Z</time>
      </trkpt>
      <trkpt lat="37.391197" lon="-121.841732">
        <ele>32.664631</ele>
        <time>2023-05-21T22:21:25.054Z</time>
      </trkpt>
      <trkpt lat="37.391231" lon="-121.841575">
        <ele>32.780129</ele>
        <time>2023-05-21T22:21:28.034Z</time>
      </trkpt>
      <trkpt lat="37.391256" lon="-121.841466">
        <ele>32.860652</ele>
        <time>2023-05-21T22:21:30.052Z</time>
      </trkpt>
      <trkpt lat="37.391291" lon="-121.841361">
        <ele>32.941470</ele>
        <time>2023-05-21T22:21:32.040Z</time>
      </trkpt>
      <trkpt lat="37.391329" lon="-121.841208">
        <ele>33.055246</ele>
        <time>2023-05-21T22:21:35.027Z</time>
      </trkpt>
      <trkpt lat="37.391293" lon="-121.841345">
        <ele>33.157664</ele>
        <time>2023-05-21T22:21:52.035Z</time>
      </trkpt>
      <trkpt lat="37.391268" lon="-121.841454">
        <ele>33.238187</ele>
        <time>2023-05-21T22:21:54.038Z</time>
      </trkpt>
      <trkpt lat="37.391241" lon="-121.841564">
        <ele>33.319901</ele>
        <time>2023-05-21T22:21:56.045Z</time>
      </trkpt>
      <trkpt lat="37.391213" lon="-121.841673">
        <ele>33.401209</ele>
        <time>2023-05-21T22:21:58.043Z</time>
      </trkpt>
      <trkpt lat="37.391185" lon="-121.841783">
        <ele>33.483192</ele>
        <time>2023-05-21T22:22:00.031Z</time>
      </trkpt>
      <trkpt lat="37.391144" lon="-121.841940">
        <ele>33.393594</ele>
        <time>2023-05-21T22:22:03.049Z</time>
      </trkpt>
      <trkpt lat="37.391110" lon="-121.842051">
        <ele>33.137924</ele>
        <time>2023-05-21T22:22:05.032Z</time>
      </trkpt>
      <trkpt lat="37.391072" lon="-121.842197">
        <ele>32.807740</ele>
        <time>2023-05-21T22:22:08.042Z</time>
      </trkpt>
      <trkpt lat="37.391035" lon="-121.842334">
        <ele>32.496760</ele>
        <time>2023-05-21T22:22:11.041Z</time>
      </trkpt>
      <trkpt lat="37.391033" lon="-121.842466">
        <ele>32.213020</ele>
        <time>2023-05-21T22:22:14.038Z</time>
      </trkpt>
      <trkpt lat="37.390929" lon="-121.842434">
        <ele>31.923415</ele>
        <time>2023-05-21T22:22:19.022Z</time>
      </trkpt>
      <trkpt lat="37.390839" lon="-121.842372">
        <ele>31.645885</ele>
        <time>2023-05-21T22:22:23.042Z</time>
      </trkpt>
      <trkpt lat="37.390732" lon="-121.842313">
        <ele>31.329892</ele>
        <time>2023-05-21T22:22:27.037Z</time>
      </trkpt>
      <trkpt lat="37.390665" lon="-121.842231">
        <ele>31.077101</ele>
        <time>2023-05-21T22:22:31.039Z</time>
      </trkpt>
      <trkpt lat="37.390494" lon="-121.842185">
        <ele>30.604098</ele>
        <time>2023-05-21T22:22:58.048Z</time>
      </trkpt>
      <trkpt lat="37.390481" lon="-121.842042">
        <ele>30.294761</ele>
        <time>2023-05-21T22:23:01.057Z</time>
      </trkpt>
      <trkpt lat="37.390511" lon="-121.841929">
        <ele>30.038706</ele>
        <time>2023-05-21T22:23:03.054Z</time>
      </trkpt>
      <trkpt lat="37.390548" lon="-121.841765">
        <ele>29.672308</ele>
        <time>2023-05-21T22:23:06.034Z</time>
      </trkpt>
      <trkpt lat="37.390570" lon="-121.841641">
        <ele>29.399247</ele>
        <time>2023-05-21T22:23:08.030Z</time>
      </trkpt>
      <trkpt lat="37.390604" lon="-121.841524">
        <ele>29.131503</ele>
        <time>2023-05-21T22:23:10.046Z</time>
      </trkpt>
      <trkpt lat="37.390618" lon="-121.841399">
        <ele>28.860202</ele>
        <time>2023-05-21T22:23:12.052Z</time>
      </trkpt>
      <trkpt lat="37.390642" lon="-121.841269">
        <ele>28.746469</ele>
        <time>2023-05-21T22:23:14.034Z</time>
      </trkpt>
      <trkpt lat="37.390674" lon="-121.841152">
        <ele>28.897441</ele>
        <time>2023-05-21T22:23:16.031Z</time>
      </trkpt>
      <trkpt lat="37.390709" lon="-121.841040">
        <ele>29.044281</ele>
        <time>2023-05-21T22:23:18.068Z</time>
      </trkpt>
      <trkpt lat="37.390741" lon="-121.840926">
        <ele>29.191797</ele>
        <time>2023-05-21T22:23:20.028Z</time>
      </trkpt>
      <trkpt lat="37.390780" lon="-121.840810">
        <ele>29.345477</ele>
        <time>2023-05-21T22:23:22.051Z</time>
      </trkpt>
      <trkpt lat="37.390830" lon="-121.840704">
        <ele>29.495882</ele>
        <time>2023-05-21T22:23:24.031Z</time>
      </trkpt>
      <trkpt lat="37.390877" lon="-121.840603">
        <ele>29.638691</ele>
        <time>2023-05-21T22:23:26.053Z</time>
      </trkpt>
      <trkpt lat="37.390922" lon="-121.840490">
        <ele>29.792910</ele>
        <time>2023-05-21T22:23:28.050Z</time>
      </trkpt>
      <trkpt lat="37.390962" lon="-121.840378">
        <ele>29.942731</ele>
        <time>2023-05-21T22:23:30.039Z</time>
      </trkpt>
      <trkpt lat="37.391005" lon="-121.840266">
        <ele>30.094498</ele>
        <time>2023-05-21T22:23:32.043Z</time>
      </trkpt>
      <trkpt lat="37.391044" lon="-121.840161">
        <ele>30.235915</ele>
        <time>2023-05-21T22:23:34.041Z</time>
      </trkpt>
      <trkpt lat="37.391082" lon="-121.840050">
        <ele>30.383381</ele>
        <time>2023-05-21T22:23:36.047Z</time>
      </trkpt>
      <trkpt lat="37.391120" lon="-121.839939">
        <ele>30.530847</ele>
        <time>2023-05-21T22:23:38.043Z</time>
      </trkpt>
      <trkpt lat="37.391159" lon="-121.839820">
        <ele>30.687904</ele>
        <time>2023-05-21T22:23:40.053Z</time>
      </trkpt>
      <trkpt lat="37.391190" lon="-121.839702">
        <ele>30.839540</ele>
        <time>2023-05-21T22:23:42.039Z</time>
      </trkpt>
      <trkpt lat="37.391214" lon="-121.839588">
        <ele>30.983430</ele>
        <time>2023-05-21T22:23:44.054Z</time>
      </trkpt>
      <trkpt lat="37.391241" lon="-121.839470">
        <ele>31.133251</ele>
        <time>2023-05-21T22:23:46.040Z</time>
      </trkpt>
      <trkpt lat="37.391260" lon="-121.839359">
        <ele>31.271787</ele>
        <time>2023-05-21T22:23:48.052Z</time>
      </trkpt>
      <trkpt lat="37.391283" lon="-121.839196">
        <ele>31.453289</ele>
        <time>2023-05-21T22:23:51.043Z</time>
      </trkpt>
      <trkpt lat="37.391326" lon="-121.839044">
        <ele>31.505691</ele>
        <time>2023-05-21T22:23:54.050Z</time>
      </trkpt>
      <trkpt lat="37.391363" lon="-121.838893">
        <ele>31.557010</ele>
        <time>2023-05-21T22:23:57.050Z</time>
      </trkpt>
      <trkpt lat="37.391385" lon="-121.838745">
        <ele>31.605911</ele>
        <time>2023-05-21T22:24:00.039Z</time>
      </trkpt>
      <trkpt lat="37.391407" lon="-121.838590">
        <ele>31.657047</ele>
        <time>2023-05-21T22:24:03.041Z</time>
      </trkpt>
      <trkpt lat="37.391437" lon="-121.838442">
        <ele>31.706653</ele>
        <time>2023-05-21T22:24:06.036Z</time>
      </trkpt>
      <trkpt lat="37.391452" lon="-121.838283">
        <ele>31.758655</ele>
        <time>2023-05-21T22:24:09.023Z</time>
      </trkpt>
      <trkpt lat="37.391477" lon="-121.838125">
        <ele>31.810976</ele>
        <time>2023-05-21T22:24:12.027Z</time>
      </trkpt>
      <trkpt lat="37.391512" lon="-121.837968">
        <ele>31.863935</ele>
        <time>2023-05-21T22:24:15.037Z</time>
      </trkpt>
      <trkpt lat="37.391557" lon="-121.837814">
        <ele>31.917225</ele>
        <time>2023-05-21T22:24:18.051Z</time>
      </trkpt>
      <trkpt lat="37.391572" lon="-121.837701">
        <ele>31.954433</ele>
        <time>2023-05-21T22:24:20.039Z</time>
      </trkpt>
      <trkpt lat="37.391586" lon="-121.837540">
        <ele>32.007033</ele>
        <time>2023-05-21T22:24:23.049Z</time>
      </trkpt>
      <trkpt lat="37.391590" lon="-121.837383">
        <ele>32.058048</ele>
        <time>2023-05-21T22:24:26.043Z</time>
      </trkpt>
      <trkpt lat="37.391590" lon="-121.837236">
        <ele>32.105789</ele>
        <time>2023-05-21T22:24:29.040Z</time>
      </trkpt>
      <trkpt lat="37.391592" lon="-121.837092">
        <ele>32.152564</ele>
        <time>2023-05-21T22:24:32.050Z</time>
      </trkpt>
      <trkpt lat="37.391589" lon="-121.836954">
        <ele>32.275084</ele>
        <time>2023-05-21T22:24:35.053Z</time>
      </trkpt>
      <trkpt lat="37.391613" lon="-121.836803">
        <ele>32.563387</ele>
        <time>2023-05-21T22:24:38.036Z</time>
      </trkpt>
      <trkpt lat="37.391645" lon="-121.836662">
        <ele>32.837925</ele>
        <time>2023-05-21T22:24:41.050Z</time>
      </trkpt>
      <trkpt lat="37.391677" lon="-121.836517">
        <ele>33.119671</ele>
        <time>2023-05-21T22:24:44.044Z</time>
      </trkpt>
      <trkpt lat="37.391725" lon="-121.836364">
        <ele>33.427640</ele>
        <time>2023-05-21T22:24:47.046Z</time>
      </trkpt>
      <trkpt lat="37.391778" lon="-121.836269">
        <ele>33.644967</ele>
        <time>2023-05-21T22:24:49.053Z</time>
      </trkpt>
      <trkpt lat="37.391838" lon="-121.836118">
        <ele>33.961052</ele>
        <time>2023-05-21T22:24:52.037Z</time>
      </trkpt>
      <trkpt lat="37.391885" lon="-121.836015">
        <ele>34.183429</ele>
        <time>2023-05-21T22:24:54.029Z</time>
      </trkpt>
      <trkpt lat="37.391933" lon="-121.835876">
        <ele>34.467181</ele>
        <time>2023-05-21T22:24:57.048Z</time>
      </trkpt>
      <trkpt lat="37.391970" lon="-121.835743">
        <ele>34.731005</ele>
        <time>2023-05-21T22:25:00.040Z</time>
      </trkpt>
      <trkpt lat="37.392011" lon="-121.835607">
        <ele>35.003336</ele>
        <time>2023-05-21T22:25:03.041Z</time>
      </trkpt>
      <trkpt lat="37.392058" lon="-121.835456">
        <ele>35.306957</ele>
        <time>2023-05-21T22:25:06.041Z</time>
      </trkpt>
      <trkpt lat="37.392112" lon="-121.835321">
        <ele>35.589926</ele>
        <time>2023-05-21T22:25:09.051Z</time>
      </trkpt>
      <trkpt lat="37.392178" lon="-121.835190">
        <ele>35.880337</ele>
        <time>2023-05-21T22:25:12.047Z</time>
      </trkpt>
      <trkpt lat="37.392262" lon="-121.835071">
        <ele>36.178356</ele>
        <time>2023-05-21T22:25:15.049Z</time>
      </trkpt>
      <trkpt lat="37.392350" lon="-121.834947">
        <ele>36.471654</ele>
        <time>2023-05-21T22:25:18.045Z</time>
      </trkpt>
      <trkpt lat="37.392430" lon="-121.834825">
        <ele>36.691908</ele>
        <time>2023-05-21T22:25:21.050Z</time>
      </trkpt>
      <trkpt lat="37.392490" lon="-121.834706">
        <ele>36.888149</ele>
        <time>2023-05-21T22:25:24.027Z</time>
      </trkpt>
      <trkpt lat="37.392537" lon="-121.834570">
        <ele>37.094649</ele>
        <time>2023-05-21T22:25:27.032Z</time>
      </trkpt>
      <trkpt lat="37.392547" lon="-121.834421">
        <ele>37.302851</ele>
        <time>2023-05-21T22:25:31.035Z</time>
      </trkpt>
      <trkpt lat="37.392529" lon="-121.834277">
        <ele>37.505818</ele>
        <time>2023-05-21T22:25:35.058Z</time>
      </trkpt>
      <trkpt lat="37.392554" lon="-121.834155">
        <ele>37.681245</ele>
        <time>2023-05-21T22:25:38.043Z</time>
      </trkpt>
      <trkpt lat="37.392589" lon="-121.834033">
        <ele>37.861849</ele>
        <time>2023-05-21T22:25:41.045Z</time>
      </trkpt>
      <trkpt lat="37.392644" lon="-121.833917">
        <ele>38.049938</ele>
        <time>2023-05-21T22:25:44.040Z</time>
      </trkpt>
      <trkpt lat="37.392690" lon="-121.833805">
        <ele>38.225488</ele>
        <time>2023-05-21T22:25:47.046Z</time>
      </trkpt>
      <trkpt lat="37.392734" lon="-121.833692">
        <ele>38.400705</ele>
        <time>2023-05-21T22:25:50.032Z</time>
      </trkpt>
      <trkpt lat="37.392768" lon="-121.833585">
        <ele>38.561161</ele>
        <time>2023-05-21T22:25:53.027Z</time>
      </trkpt>
      <trkpt lat="37.392817" lon="-121.833455">
        <ele>38.761505</ele>
        <time>2023-05-21T22:25:57.040Z</time>
      </trkpt>
      <trkpt lat="37.392883" lon="-121.833334">
        <ele>38.965864</ele>
        <time>2023-05-21T22:26:01.054Z</time>
      </trkpt>
      <trkpt lat="37.392938" lon="-121.833228">
        <ele>39.142141</ele>
        <time>2023-05-21T22:26:04.050Z</time>
      </trkpt>
      <trkpt lat="37.393008" lon="-121.833127">
        <ele>39.328758</ele>
        <time>2023-05-21T22:26:07.055Z</time>
      </trkpt>
      <trkpt lat="37.393076" lon="-121.833024">
        <ele>39.515222</ele>
        <time>2023-05-21T22:26:10.041Z</time>
      </trkpt>
      <trkpt lat="37.393154" lon="-121.832932">
        <ele>39.805643</ele>
        <time>2023-05-21T22:26:13.044Z</time>
      </trkpt>
      <trkpt lat="37.393226" lon="-121.832862">
        <ele>40.090619</ele>
        <time>2023-05-21T22:26:16.049Z</time>
      </trkpt>
      <trkpt lat="37.393299" lon="-121.832792">
        <ele>40.378080</ele>
        <time>2023-05-21T22:26:19.057Z</time>
      </trkpt>
      <trkpt lat="37.393377" lon="-121.832725">
        <ele>40.673878</ele>
        <time>2023-05-21T22:26:22.053Z</time>
      </trkpt>
      <trkpt lat="37.393451" lon="-121.832652">
        <ele>40.968383</ele>
        <time>2023-05-21T22:26:25.052Z</time>
      </trkpt>
      <trkpt lat="37.393524" lon="-121.832567">
        <ele>41.279884</ele>
        <time>2023-05-21T22:26:28.051Z</time>
      </trkpt>
      <trkpt lat="37.393592" lon="-121.832467">
        <ele>41.607453</ele>
        <time>2023-05-21T22:26:31.057Z</time>
      </trkpt>
      <trkpt lat="37.393644" lon="-121.832341">
        <ele>41.960801</ele>
        <time>2023-05-21T22:26:34.035Z</time>
      </trkpt>
      <trkpt lat="37.393688" lon="-121.832229">
        <ele>42.271740</ele>
        <time>2023-05-21T22:26:37.042Z</time>
      </trkpt>
      <trkpt lat="37.393725" lon="-121.832097">
        <ele>42.620083</ele>
        <time>2023-05-21T22:26:40.041Z</time>
      </trkpt>
      <trkpt lat="37.393753" lon="-121.831957">
        <ele>42.979358</ele>
        <time>2023-05-21T22:26:43.046Z</time>
      </trkpt>
      <trkpt lat="37.393777" lon="-121.831841">
        <ele>43.277665</ele>
        <time>2023-05-21T22:26:46.054Z</time>
      </trkpt>
      <trkpt lat="37.393778" lon="-121.831717">
        <ele>43.586269</ele>
        <time>2023-05-21T22:26:49.046Z</time>
      </trkpt>
      <trkpt lat="37.393768" lon="-121.831600">
        <ele>43.879117</ele>
        <time>2023-05-21T22:26:52.029Z</time>
      </trkpt>
      <trkpt lat="37.393751" lon="-121.831474">
        <ele>44.197171</ele>
        <time>2023-05-21T22:26:56.035Z</time>
      </trkpt>
      <trkpt lat="37.393703" lon="-121.831251">
        <ele>44.772139</ele>
        <time>2023-05-21T22:27:31.062Z</time>
      </trkpt>
      <trkpt lat="37.393690" lon="-121.831119">
        <ele>45.103150</ele>
        <time>2023-05-21T22:27:35.057Z</time>
      </trkpt>
      <trkpt lat="37.393676" lon="-121.830997">
        <ele>45.293949</ele>
        <time>2023-05-21T22:27:38.048Z</time>
      </trkpt>
      <trkpt lat="37.393654" lon="-121.830851">
        <ele>45.453808</ele>
        <time>2023-05-21T22:27:42.038Z</time>
      </trkpt>
      <trkpt lat="37.393633" lon="-121.830739">
        <ele>45.577601</ele>
        <time>2023-05-21T22:27:45.051Z</time>
      </trkpt>
      <trkpt lat="37.393604" lon="-121.830601">
        <ele>45.731159</ele>
        <time>2023-05-21T22:27:49.049Z</time>
      </trkpt>
      <trkpt lat="37.393580" lon="-121.830484">
        <ele>45.861148</ele>
        <time>2023-05-21T22:27:52.033Z</time>
      </trkpt>
      <trkpt lat="37.393598" lon="-121.830362">
        <ele>45.994633</ele>
        <time>2023-05-21T22:27:55.051Z</time>
      </trkpt>
      <trkpt lat="37.393642" lon="-121.830262">
        <ele>46.117603</ele>
        <time>2023-05-21T22:27:58.043Z</time>
      </trkpt>
      <trkpt lat="37.393699" lon="-121.830164">
        <ele>46.248258</ele>
        <time>2023-05-21T22:28:01.042Z</time>
      </trkpt>
      <trkpt lat="37.393748" lon="-121.830057">
        <ele>46.381115</ele>
        <time>2023-05-21T22:28:04.054Z</time>
      </trkpt>
      <trkpt lat="37.393790" lon="-121.829954">
        <ele>46.505658</ele>
        <time>2023-05-21T22:28:07.057Z</time>
      </trkpt>
      <trkpt lat="37.393841" lon="-121.829823">
        <ele>46.662590</ele>
        <time>2023-05-21T22:28:11.036Z</time>
      </trkpt>
      <trkpt lat="37.393895" lon="-121.829696">
        <ele>46.817544</ele>
        <time>2023-05-21T22:28:15.047Z</time>
      </trkpt>
      <trkpt lat="37.393947" lon="-121.829570">
        <ele>46.970284</ele>
        <time>2023-05-21T22:28:19.040Z</time>
      </trkpt>
      <trkpt lat="37.394005" lon="-121.829447">
        <ele>47.124150</ele>
        <time>2023-05-21T22:28:23.046Z</time>
      </trkpt>
      <trkpt lat="37.394088" lon="-121.829347">
        <ele>47.279721</ele>
        <time>2023-05-21T22:28:27.050Z</time>
      </trkpt>
      <trkpt lat="37.394167" lon="-121.829259">
        <ele>47.422562</ele>
        <time>2023-05-21T22:28:30.049Z</time>
      </trkpt>
      <trkpt lat="37.394257" lon="-121.829175">
        <ele>47.574270</ele>
        <time>2023-05-21T22:28:34.056Z</time>
      </trkpt>
      <trkpt lat="37.394332" lon="-121.829094">
        <ele>47.711923</ele>
        <time>2023-05-21T22:28:37.059Z</time>
      </trkpt>
      <trkpt lat="37.394404" lon="-121.829021">
        <ele>47.844282</ele>
        <time>2023-05-21T22:28:40.060Z</time>
      </trkpt>
      <trkpt lat="37.394482" lon="-121.828940">
        <ele>47.989049</ele>
        <time>2023-05-21T22:28:44.055Z</time>
      </trkpt>
      <trkpt lat="37.394560" lon="-121.828852">
        <ele>48.139009</ele>
        <time>2023-05-21T22:28:48.042Z</time>
      </trkpt>
      <trkpt lat="37.394659" lon="-121.828761">
        <ele>48.314511</ele>
        <time>2023-05-21T22:28:52.051Z</time>
      </trkpt>
      <trkpt lat="37.394740" lon="-121.828683">
        <ele>48.460517</ele>
        <time>2023-05-21T22:28:55.038Z</time>
      </trkpt>
      <trkpt lat="37.394820" lon="-121.828588">
        <ele>48.617974</ele>
        <time>2023-05-21T22:28:58.042Z</time>
      </trkpt>
      <trkpt lat="37.394883" lon="-121.828505">
        <ele>48.748538</ele>
        <time>2023-05-21T22:29:01.040Z</time>
      </trkpt>
      <trkpt lat="37.394951" lon="-121.828421">
        <ele>48.884939</ele>
        <time>2023-05-21T22:29:04.047Z</time>
      </trkpt>
      <trkpt lat="37.395019" lon="-121.828331">
        <ele>49.026205</ele>
        <time>2023-05-21T22:29:07.052Z</time>
      </trkpt>
      <trkpt lat="37.395073" lon="-121.828222">
        <ele>49.172309</ele>
        <time>2023-05-21T22:29:10.048Z</time>
      </trkpt>
      <trkpt lat="37.395098" lon="-121.828113">
        <ele>49.301347</ele>
        <time>2023-05-21T22:29:13.044Z</time>
      </trkpt>
      <trkpt lat="37.395120" lon="-121.827991">
        <ele>49.443638</ele>
        <time>2023-05-21T22:29:16.051Z</time>
      </trkpt>
      <trkpt lat="37.395136" lon="-121.827879">
        <ele>49.573069</ele>
        <time>2023-05-21T22:29:19.041Z</time>
      </trkpt>
      <trkpt lat="37.395137" lon="-121.827750">
        <ele>49.719799</ele>
        <time>2023-05-21T22:29:22.041Z</time>
      </trkpt>
      <trkpt lat="37.395123" lon="-121.827621">
        <ele>49.867885</ele>
        <time>2023-05-21T22:29:25.054Z</time>
      </trkpt>
      <trkpt lat="37.395102" lon="-121.827496">
        <ele>50.013202</ele>
        <time>2023-05-21T22:29:28.045Z</time>
      </trkpt>
      <trkpt lat="37.395076" lon="-121.827367">
        <ele>50.164573</ele>
        <time>2023-05-21T22:29:31.053Z</time>
      </trkpt>
      <trkpt lat="37.395036" lon="-121.827246">
        <ele>50.430412</ele>
        <time>2023-05-21T22:29:34.053Z</time>
      </trkpt>
      <trkpt lat="37.394983" lon="-121.827126">
        <ele>50.773460</ele>
        <time>2023-05-21T22:29:37.045Z</time>
      </trkpt>
      <trkpt lat="37.394929" lon="-121.826990">
        <ele>51.153343</ele>
        <time>2023-05-21T22:29:40.043Z</time>
      </trkpt>
      <trkpt lat="37.394872" lon="-121.826855">
        <ele>51.535328</ele>
        <time>2023-05-21T22:29:43.058Z</time>
      </trkpt>
      <trkpt lat="37.394838" lon="-121.826735">
        <ele>51.853655</ele>
        <time>2023-05-21T22:29:46.063Z</time>
      </trkpt>
      <trkpt lat="37.394801" lon="-121.826623">
        <ele>52.156727</ele>
        <time>2023-05-21T22:29:49.056Z</time>
      </trkpt>
      <trkpt lat="37.394764" lon="-121.826506">
        <ele>52.471370</ele>
        <time>2023-05-21T22:29:52.059Z</time>
      </trkpt>
      <trkpt lat="37.394729" lon="-121.826377">
        <ele>52.811966</ele>
        <time>2023-05-21T22:29:55.057Z</time>
      </trkpt>
      <trkpt lat="37.394702" lon="-121.826248">
        <ele>53.145282</ele>
        <time>2023-05-21T22:29:58.052Z</time>
      </trkpt>
      <trkpt lat="37.394694" lon="-121.826113">
        <ele>53.483529</ele>
        <time>2023-05-21T22:30:01.051Z</time>
      </trkpt>
      <trkpt lat="37.394684" lon="-121.825983">
        <ele>53.809865</ele>
        <time>2023-05-21T22:30:04.052Z</time>
      </trkpt>
      <trkpt lat="37.394705" lon="-121.825864">
        <ele>54.114445</ele>
        <time>2023-05-21T22:30:07.048Z</time>
      </trkpt>
      <trkpt lat="37.394762" lon="-121.825748">
        <ele>54.455239</ele>
        <time>2023-05-21T22:30:10.062Z</time>
      </trkpt>
      <trkpt lat="37.394833" lon="-121.825663">
        <ele>54.763403</ele>
        <time>2023-05-21T22:30:13.056Z</time>
      </trkpt>
      <trkpt lat="37.394930" lon="-121.825607">
        <ele>55.099024</ele>
        <time>2023-05-21T22:30:17.045Z</time>
      </trkpt>
      <trkpt lat="37.395022" lon="-121.825568">
        <ele>55.404330</ele>
        <time>2023-05-21T22:30:21.047Z</time>
      </trkpt>
      <trkpt lat="37.395125" lon="-121.825587">
        <ele>55.731723</ele>
        <time>2023-05-21T22:30:26.052Z</time>
      </trkpt>
      <trkpt lat="37.395224" lon="-121.825565">
        <ele>56.034446</ele>
        <time>2023-05-21T22:30:29.060Z</time>
      </trkpt>
      <trkpt lat="37.395270" lon="-121.825465">
        <ele>56.300999</ele>
        <time>2023-05-21T22:30:31.056Z</time>
      </trkpt>
      <trkpt lat="37.395334" lon="-121.825381">
        <ele>56.569472</ele>
        <time>2023-05-21T22:30:34.058Z</time>
      </trkpt>
      <trkpt lat="37.395418" lon="-121.825317">
        <ele>56.854570</ele>
        <time>2023-05-21T22:30:38.055Z</time>
      </trkpt>
      <trkpt lat="37.395513" lon="-121.825352">
        <ele>57.141980</ele>
        <time>2023-05-21T22:30:42.046Z</time>
      </trkpt>
      <trkpt lat="37.395613" lon="-121.825431">
        <ele>57.484783</ele>
        <time>2023-05-21T22:30:46.054Z</time>
      </trkpt>
      <trkpt lat="37.395694" lon="-121.825491">
        <ele>57.757673</ele>
        <time>2023-05-21T22:30:49.058Z</time>
      </trkpt>
      <trkpt lat="37.395785" lon="-121.825554">
        <ele>58.059224</ele>
        <time>2023-05-21T22:30:52.054Z</time>
      </trkpt>
      <trkpt lat="37.395875" lon="-121.825629">
        <ele>58.372622</ele>
        <time>2023-05-21T22:30:55.054Z</time>
      </trkpt>
      <trkpt lat="37.395957" lon="-121.825708">
        <ele>58.672448</ele>
        <time>2023-05-21T22:30:58.041Z</time>
      </trkpt>
      <trkpt lat="37.396044" lon="-121.825760">
        <ele>58.952089</ele>
        <time>2023-05-21T22:31:01.057Z</time>
      </trkpt>
      <trkpt lat="37.396116" lon="-121.825832">
        <ele>59.219087</ele>
        <time>2023-05-21T22:31:04.034Z</time>
      </trkpt>
      <trkpt lat="37.396190" lon="-121.825899">
        <ele>59.483760</ele>
        <time>2023-05-21T22:31:07.059Z</time>
      </trkpt>
      <trkpt lat="37.396277" lon="-121.825963">
        <ele>59.776344</ele>
        <time>2023-05-21T22:31:11.065Z</time>
      </trkpt>
      <trkpt lat="37.396376" lon="-121.826038">
        <ele>60.111842</ele>
        <time>2023-05-21T22:31:15.042Z</time>
      </trkpt>
      <trkpt lat="37.396456" lon="-121.826104">
        <ele>60.389571</ele>
        <time>2023-05-21T22:31:17.051Z</time>
      </trkpt>
      <trkpt lat="37.396549" lon="-121.826169">
        <ele>60.698435</ele>
        <time>2023-05-21T22:31:19.051Z</time>
      </trkpt>
      <trkpt lat="37.396666" lon="-121.826213">
        <ele>61.052987</ele>
        <time>2023-05-21T22:31:22.063Z</time>
      </trkpt>
      <trkpt lat="37.396757" lon="-121.826177">
        <ele>61.249038</ele>
        <time>2023-05-21T22:31:24.067Z</time>
      </trkpt>
      <trkpt lat="37.396851" lon="-121.826096">
        <ele>61.465800</ele>
        <time>2023-05-21T22:31:27.054Z</time>
      </trkpt>
      <trkpt lat="37.396936" lon="-121.826000">
        <ele>61.683101</ele>
        <time>2023-05-21T22:31:31.065Z</time>
      </trkpt>
      <trkpt lat="37.396988" lon="-121.825883">
        <ele>61.885764</ele>
        <time>2023-05-21T22:31:35.069Z</time>
      </trkpt>
      <trkpt lat="37.397032" lon="-121.825752">
        <ele>62.100766</ele>
        <time>2023-05-21T22:31:39.080Z</time>
      </trkpt>
      <trkpt lat="37.397047" lon="-121.825617">
        <ele>62.306829</ele>
        <time>2023-05-21T22:31:43.068Z</time>
      </trkpt>
      <trkpt lat="37.397068" lon="-121.825468">
        <ele>62.535586</ele>
        <time>2023-05-21T22:31:47.069Z</time>
      </trkpt>
      <trkpt lat="37.397087" lon="-121.825334">
        <ele>62.741353</ele>
        <time>2023-05-21T22:31:50.084Z</time>
      </trkpt>
      <trkpt lat="37.397095" lon="-121.825199">
        <ele>62.945996</ele>
        <time>2023-05-21T22:31:53.072Z</time>
      </trkpt>
      <trkpt lat="37.397091" lon="-121.825066">
        <ele>63.147194</ele>
        <time>2023-05-21T22:31:56.066Z</time>
      </trkpt>
      <trkpt lat="37.397047" lon="-121.824954">
        <ele>63.336072</ele>
        <time>2023-05-21T22:31:59.063Z</time>
      </trkpt>
      <trkpt lat="37.396994" lon="-121.824840">
        <ele>63.535744</ele>
        <time>2023-05-21T22:32:02.069Z</time>
      </trkpt>
      <trkpt lat="37.396932" lon="-121.824712">
        <ele>63.762368</ele>
        <time>2023-05-21T22:32:06.076Z</time>
      </trkpt>
      <trkpt lat="37.396851" lon="-121.824607">
        <ele>63.983613</ele>
        <time>2023-05-21T22:32:10.058Z</time>
      </trkpt>
      <trkpt lat="37.396791" lon="-121.824512">
        <ele>64.167075</ele>
        <time>2023-05-21T22:32:13.055Z</time>
      </trkpt>
      <trkpt lat="37.396739" lon="-121.824414">
        <ele>64.345225</ele>
        <time>2023-05-21T22:32:16.052Z</time>
      </trkpt>
      <trkpt lat="37.396670" lon="-121.824315">
        <ele>64.591308</ele>
        <time>2023-05-21T22:32:20.070Z</time>
      </trkpt>
      <trkpt lat="37.396588" lon="-121.824225">
        <ele>65.163465</ele>
        <time>2023-05-21T22:32:24.069Z</time>
      </trkpt>
      <trkpt lat="37.396509" lon="-121.824151">
        <ele>65.681346</ele>
        <time>2023-05-21T22:32:28.070Z</time>
      </trkpt>
      <trkpt lat="37.396441" lon="-121.824065">
        <ele>66.188292</ele>
        <time>2023-05-21T22:32:32.072Z</time>
      </trkpt>
      <trkpt lat="37.396359" lon="-121.823998">
        <ele>66.702422</ele>
        <time>2023-05-21T22:32:36.064Z</time>
      </trkpt>
      <trkpt lat="37.396269" lon="-121.823919">
        <ele>67.279458</ele>
        <time>2023-05-21T22:32:41.064Z</time>
      </trkpt>
      <trkpt lat="37.396181" lon="-121.823834">
        <ele>67.862812</ele>
        <time>2023-05-21T22:32:46.068Z</time>
      </trkpt>
      <trkpt lat="37.396109" lon="-121.823759">
        <ele>68.354308</ele>
        <time>2023-05-21T22:32:50.062Z</time>
      </trkpt>
      <trkpt lat="37.395978" lon="-121.823571">
        <ele>69.399109</ele>
        <time>2023-05-21T22:33:49.072Z</time>
      </trkpt>
      <trkpt lat="37.395951" lon="-121.823462">
        <ele>69.876144</ele>
        <time>2023-05-21T22:33:54.075Z</time>
      </trkpt>
      <trkpt lat="37.395907" lon="-121.823340">
        <ele>70.435935</ele>
        <time>2023-05-21T22:34:00.050Z</time>
      </trkpt>
      <trkpt lat="37.395868" lon="-121.823230">
        <ele>70.939214</ele>
        <time>2023-05-21T22:34:05.064Z</time>
      </trkpt>
      <trkpt lat="37.395818" lon="-121.823130">
        <ele>71.432883</ele>
        <time>2023-05-21T22:34:10.077Z</time>
      </trkpt>
      <trkpt lat="37.395772" lon="-121.823014">
        <ele>71.974563</ele>
        <time>2023-05-21T22:34:15.060Z</time>
      </trkpt>
      <trkpt lat="37.395725" lon="-121.822896">
        <ele>72.526070</ele>
        <time>2023-05-21T22:34:20.058Z</time>
      </trkpt>
      <trkpt lat="37.395664" lon="-121.822787">
        <ele>73.083129</ele>
        <time>2023-05-21T22:34:25.042Z</time>
      </trkpt>
      <trkpt lat="37.395614" lon="-121.822667">
        <ele>73.649272</ele>
        <time>2023-05-21T22:34:30.079Z</time>
      </trkpt>
      <trkpt lat="37.395581" lon="-121.822560">
        <ele>73.928775</ele>
        <time>2023-05-21T22:34:34.075Z</time>
      </trkpt>
      <trkpt lat="37.395543" lon="-121.822453">
        <ele>73.774044</ele>
        <time>2023-05-21T22:34:38.082Z</time>
      </trkpt>
      <trkpt lat="37.395496" lon="-121.822340">
        <ele>73.605656</ele>
        <time>2023-05-21T22:34:42.076Z</time>
      </trkpt>
      <trkpt lat="37.395447" lon="-121.822228">
        <ele>73.436858</ele>
        <time>2023-05-21T22:34:46.082Z</time>
      </trkpt>
      <trkpt lat="37.395402" lon="-121.822096">
        <ele>73.247228</ele>
        <time>2023-05-21T22:34:50.089Z</time>
      </trkpt>
      <trkpt lat="37.395352" lon="-121.821987">
        <ele>73.081064</ele>
        <time>2023-05-21T22:34:53.082Z</time>
      </trkpt>
      <trkpt lat="37.395296" lon="-121.821858">
        <ele>72.886995</ele>
        <time>2023-05-21T22:34:56.088Z</time>
      </trkpt>
      <trkpt lat="37.395251" lon="-121.821729">
        <ele>72.700997</ele>
        <time>2023-05-21T22:34:59.069Z</time>
      </trkpt>
      <trkpt lat="37.395217" lon="-121.821585">
        <ele>72.502673</ele>
        <time>2023-05-21T22:35:02.080Z</time>
      </trkpt>
      <trkpt lat="37.395204" lon="-121.821420">
        <ele>72.283773</ele>
        <time>2023-05-21T22:35:05.060Z</time>
      </trkpt>
      <trkpt lat="37.395199" lon="-121.821303">
        <ele>72.129088</ele>
        <time>2023-05-21T22:35:07.080Z</time>
      </trkpt>
      <trkpt lat="37.395172" lon="-121.821141">
        <ele>71.910563</ele>
        <time>2023-05-21T22:35:10.074Z</time>
      </trkpt>
      <trkpt lat="37.395111" lon="-121.821044">
        <ele>71.747242</ele>
        <time>2023-05-21T22:35:12.072Z</time>
      </trkpt>
      <trkpt lat="37.395022" lon="-121.820961">
        <ele>71.563178</ele>
        <time>2023-05-21T22:35:14.078Z</time>
      </trkpt>
      <trkpt lat="37.394919" lon="-121.820901">
        <ele>71.374579</ele>
        <time>2023-05-21T22:35:16.073Z</time>
      </trkpt>
      <trkpt lat="37.394821" lon="-121.820847">
        <ele>71.196809</ele>
        <time>2023-05-21T22:35:18.080Z</time>
      </trkpt>
      <trkpt lat="37.394730" lon="-121.820783">
        <ele>71.023588</ele>
        <time>2023-05-21T22:35:20.084Z</time>
      </trkpt>
      <trkpt lat="37.394660" lon="-121.820709">
        <ele>71.531860</ele>
        <time>2023-05-21T22:35:23.080Z</time>
      </trkpt>
      <trkpt lat="37.394567" lon="-121.820588">
        <ele>72.571590</ele>
        <time>2023-05-21T22:35:26.055Z</time>
      </trkpt>
      <trkpt lat="37.394515" lon="-121.820490">
        <ele>73.299390</ele>
        <time>2023-05-21T22:35:28.082Z</time>
      </trkpt>
      <trkpt lat="37.394454" lon="-121.820364">
        <ele>74.210633</ele>
        <time>2023-05-21T22:35:31.088Z</time>
      </trkpt>
      <trkpt lat="37.394414" lon="-121.820252">
        <ele>74.968997</ele>
        <time>2023-05-21T22:35:34.071Z</time>
      </trkpt>
      <trkpt lat="37.394403" lon="-121.820130">
        <ele>75.727281</ele>
        <time>2023-05-21T22:35:37.087Z</time>
      </trkpt>
      <trkpt lat="37.394421" lon="-121.820005">
        <ele>76.511834</ele>
        <time>2023-05-21T22:35:41.066Z</time>
      </trkpt>
      <trkpt lat="37.394489" lon="-121.819900">
        <ele>77.348440</ele>
        <time>2023-05-21T22:35:47.076Z</time>
      </trkpt>
      <trkpt lat="37.394587" lon="-121.819843">
        <ele>78.187638</ele>
        <time>2023-05-21T22:35:52.084Z</time>
      </trkpt>
      <trkpt lat="37.394683" lon="-121.819799">
        <ele>78.981822</ele>
        <time>2023-05-21T22:35:57.081Z</time>
      </trkpt>
      <trkpt lat="37.394763" lon="-121.819737">
        <ele>79.712123</ele>
        <time>2023-05-21T22:36:02.092Z</time>
      </trkpt>
      <trkpt lat="37.394816" lon="-121.819619">
        <ele>80.549262</ele>
        <time>2023-05-21T22:36:07.045Z</time>
      </trkpt>
      <trkpt lat="37.394822" lon="-121.819496">
        <ele>81.310311</ele>
        <time>2023-05-21T22:36:11.081Z</time>
      </trkpt>
      <trkpt lat="37.394812" lon="-121.819381">
        <ele>82.024765</ele>
        <time>2023-05-21T22:36:15.060Z</time>
      </trkpt>
      <trkpt lat="37.394757" lon="-121.819264">
        <ele>82.864342</ele>
        <time>2023-05-21T22:36:20.057Z</time>
      </trkpt>
      <trkpt lat="37.394670" lon="-121.819172">
        <ele>83.747623</ele>
        <time>2023-05-21T22:36:25.064Z</time>
      </trkpt>
      <trkpt lat="37.394584" lon="-121.819109">
        <ele>84.521117</ele>
        <time>2023-05-21T22:36:29.044Z</time>
      </trkpt>
      <trkpt lat="37.394512" lon="-121.819040">
        <ele>84.867204</ele>
        <time>2023-05-21T22:36:33.079Z</time>
      </trkpt>
      <trkpt lat="37.394418" lon="-121.818960">
        <ele>84.512940</ele>
        <time>2023-05-21T22:36:37.084Z</time>
      </trkpt>
      <trkpt lat="37.394339" lon="-121.818893">
        <ele>84.215532</ele>
        <time>2023-05-21T22:36:40.089Z</time>
      </trkpt>
      <trkpt lat="37.394256" lon="-121.818826">
        <ele>83.907688</ele>
        <time>2023-05-21T22:36:43.048Z</time>
      </trkpt>
      <trkpt lat="37.394174" lon="-121.818754">
        <ele>83.595541</ele>
        <time>2023-05-21T22:36:46.088Z</time>
      </trkpt>
      <trkpt lat="37.394095" lon="-121.818679">
        <ele>83.286606</ele>
        <time>2023-05-21T22:36:49.082Z</time>
      </trkpt>
      <trkpt lat="37.394018" lon="-121.818598">
        <ele>82.973303</ele>
        <time>2023-05-21T22:36:52.090Z</time>
      </trkpt>
      <trkpt lat="37.393946" lon="-121.818505">
        <ele>82.651211</ele>
        <time>2023-05-21T22:36:55.087Z</time>
      </trkpt>
      <trkpt lat="37.393903" lon="-121.818403">
        <ele>82.364796</ele>
        <time>2023-05-21T22:36:58.081Z</time>
      </trkpt>
      <trkpt lat="37.393861" lon="-121.818293">
        <ele>82.062076</ele>
        <time>2023-05-21T22:37:01.063Z</time>
      </trkpt>
      <trkpt lat="37.393832" lon="-121.818167">
        <ele>81.736692</ele>
        <time>2023-05-21T22:37:05.046Z</time>
      </trkpt>
      <trkpt lat="37.393804" lon="-121.818044">
        <ele>81.419322</ele>
        <time>2023-05-21T22:37:09.088Z</time>
      </trkpt>
      <trkpt lat="37.393793" lon="-121.817908">
        <ele>81.080240</ele>
        <time>2023-05-21T22:37:13.048Z</time>
      </trkpt>
      <trkpt lat="37.393792" lon="-121.817761">
        <ele>80.715604</ele>
        <time>2023-05-21T22:37:17.082Z</time>
      </trkpt>
      <trkpt lat="37.393796" lon="-121.817618">
        <ele>80.360683</ele>
        <time>2023-05-21T22:37:21.062Z</time>
      </trkpt>
      <trkpt lat="37.393802" lon="-121.817504">
        <ele>80.077295</ele>
        <time>2023-05-21T22:37:24.085Z</time>
      </trkpt>
      <trkpt lat="37.393816" lon="-121.817358">
        <ele>79.712524</ele>
        <time>2023-05-21T22:37:28.070Z</time>
      </trkpt>
      <trkpt lat="37.393827" lon="-121.817225">
        <ele>79.380844</ele>
        <time>2023-05-21T22:37:32.073Z</time>
      </trkpt>
      <trkpt lat="37.393835" lon="-121.817093">
        <ele>79.970935</ele>
        <time>2023-05-21T22:37:36.069Z</time>
      </trkpt>
      <trkpt lat="37.393848" lon="-121.816958">
        <ele>80.660737</ele>
        <time>2023-05-21T22:37:40.064Z</time>
      </trkpt>
      <trkpt lat="37.393853" lon="-121.816824">
        <ele>81.341204</ele>
        <time>2023-05-21T22:37:44.072Z</time>
      </trkpt>
      <trkpt lat="37.393850" lon="-121.816688">
        <ele>82.031332</ele>
        <time>2023-05-21T22:37:48.076Z</time>
      </trkpt>
      <trkpt lat="37.393839" lon="-121.816551">
        <ele>82.729807</ele>
        <time>2023-05-21T22:37:52.084Z</time>
      </trkpt>
      <trkpt lat="37.393826" lon="-121.816412">
        <ele>83.439755</ele>
        <time>2023-05-21T22:37:56.080Z</time>
      </trkpt>
      <trkpt lat="37.393814" lon="-121.816281">
        <ele>84.108658</ele>
        <time>2023-05-21T22:38:00.068Z</time>
      </trkpt>
      <trkpt lat="37.393809" lon="-121.816155">
        <ele>84.748592</ele>
        <time>2023-05-21T22:38:04.080Z</time>
      </trkpt>
      <trkpt lat="37.393806" lon="-121.816036">
        <ele>85.352526</ele>
        <time>2023-05-21T22:38:08.088Z</time>
      </trkpt>
      <trkpt lat="37.393802" lon="-121.815900">
        <ele>86.042861</ele>
        <time>2023-05-21T22:38:13.045Z</time>
      </trkpt>
      <trkpt lat="37.393792" lon="-121.815782">
        <ele>86.644814</ele>
        <time>2023-05-21T22:38:17.068Z</time>
      </trkpt>
      <trkpt lat="37.393784" lon="-121.815669">
        <ele>87.220280</ele>
        <time>2023-05-21T22:38:21.098Z</time>
      </trkpt>
      <trkpt lat="37.393773" lon="-121.815548">
        <ele>87.838061</ele>
        <time>2023-05-21T22:38:25.067Z</time>
      </trkpt>
      <trkpt lat="37.393766" lon="-121.815429">
        <ele>88.443343</ele>
        <time>2023-05-21T22:38:29.084Z</time>
      </trkpt>
      <trkpt lat="37.393766" lon="-121.815305">
        <ele>89.072336</ele>
        <time>2023-05-21T22:38:33.082Z</time>
      </trkpt>
      <trkpt lat="37.393771" lon="-121.815166">
        <ele>89.778139</ele>
        <time>2023-05-21T22:38:38.085Z</time>
      </trkpt>
      <trkpt lat="37.393774" lon="-121.815021">
        <ele>90.513904</ele>
        <time>2023-05-21T22:38:43.086Z</time>
      </trkpt>
      <trkpt lat="37.393774" lon="-121.814889">
        <ele>90.942115</ele>
        <time>2023-05-21T22:38:47.096Z</time>
      </trkpt>
      <trkpt lat="37.393779" lon="-121.814767">
        <ele>91.128980</ele>
        <time>2023-05-21T22:38:51.051Z</time>
      </trkpt>
      <trkpt lat="37.393799" lon="-121.814653">
        <ele>91.307561</ele>
        <time>2023-05-21T22:38:56.088Z</time>
      </trkpt>
      <trkpt lat="37.393825" lon="-121.814534">
        <ele>91.496347</ele>
        <time>2023-05-21T22:39:00.071Z</time>
      </trkpt>
      <trkpt lat="37.393841" lon="-121.814420">
        <ele>91.673426</ele>
        <time>2023-05-21T22:39:04.088Z</time>
      </trkpt>
      <trkpt lat="37.393854" lon="-121.814281">
        <ele>91.887515</ele>
        <time>2023-05-21T22:39:09.087Z</time>
      </trkpt>
      <trkpt lat="37.393873" lon="-121.814147">
        <ele>92.095727</ele>
        <time>2023-05-21T22:39:14.080Z</time>
      </trkpt>
      <trkpt lat="37.393919" lon="-121.814031">
        <ele>92.294041</ele>
        <time>2023-05-21T22:39:19.055Z</time>
      </trkpt>
      <trkpt lat="37.393947" lon="-121.813923">
        <ele>92.467816</ele>
        <time>2023-05-21T22:39:23.092Z</time>
      </trkpt>
      <trkpt lat="37.393998" lon="-121.813810">
        <ele>92.666609</ele>
        <time>2023-05-21T22:39:28.046Z</time>
      </trkpt>
      <trkpt lat="37.394057" lon="-121.813707">
        <ele>92.860843</ele>
        <time>2023-05-21T22:39:33.061Z</time>
      </trkpt>
      <trkpt lat="37.394116" lon="-121.813601">
        <ele>93.058818</ele>
        <time>2023-05-21T22:39:38.081Z</time>
      </trkpt>
      <trkpt lat="37.394168" lon="-121.813500">
        <ele>93.242915</ele>
        <time>2023-05-21T22:39:42.087Z</time>
      </trkpt>
      <trkpt lat="37.394239" lon="-121.813269">
        <ele>93.621783</ele>
        <time>2023-05-21T22:40:08.076Z</time>
      </trkpt>
      <trkpt lat="37.394292" lon="-121.813165">
        <ele>93.810780</ele>
        <time>2023-05-21T22:40:12.069Z</time>
      </trkpt>
      <trkpt lat="37.394357" lon="-121.813067">
        <ele>94.006057</ele>
        <time>2023-05-21T22:40:16.073Z</time>
      </trkpt>
      <trkpt lat="37.394400" lon="-121.812937">
        <ele>94.221456</ele>
        <time>2023-05-21T22:40:20.067Z</time>
      </trkpt>
      <trkpt lat="37.394424" lon="-121.812792">
        <ele>94.589356</ele>
        <time>2023-05-21T22:40:24.065Z</time>
      </trkpt>
      <trkpt lat="37.394444" lon="-121.812657">
        <ele>95.001247</ele>
        <time>2023-05-21T22:40:28.063Z</time>
      </trkpt>
      <trkpt lat="37.394452" lon="-121.812521">
        <ele>95.410273</ele>
        <time>2023-05-21T22:40:32.072Z</time>
      </trkpt>
      <trkpt lat="37.394456" lon="-121.812382">
        <ele>95.827455</ele>
        <time>2023-05-21T22:40:36.075Z</time>
      </trkpt>
      <trkpt lat="37.394462" lon="-121.812237">
        <ele>96.262948</ele>
        <time>2023-05-21T22:40:40.067Z</time>
      </trkpt>
      <trkpt lat="37.394474" lon="-121.812089">
        <ele>96.709156</ele>
        <time>2023-05-21T22:40:44.073Z</time>
      </trkpt>
      <trkpt lat="37.394469" lon="-121.811971">
        <ele>97.063581</ele>
        <time>2023-05-21T22:40:47.075Z</time>
      </trkpt>
      <trkpt lat="37.394424" lon="-121.811844">
        <ele>97.480664</ele>
        <time>2023-05-21T22:40:51.067Z</time>
      </trkpt>
      <trkpt lat="37.394375" lon="-121.811719">
        <ele>97.898736</ele>
        <time>2023-05-21T22:40:55.036Z</time>
      </trkpt>
      <trkpt lat="37.394376" lon="-121.811593">
        <ele>98.276672</ele>
        <time>2023-05-21T22:41:00.037Z</time>
      </trkpt>
      <trkpt lat="37.394458" lon="-121.811501">
        <ele>98.691372</ele>
        <time>2023-05-21T22:41:04.052Z</time>
      </trkpt>
      <trkpt lat="37.394544" lon="-121.811390">
        <ele>99.156401</ele>
        <time>2023-05-21T22:41:07.061Z</time>
      </trkpt>
      <trkpt lat="37.394609" lon="-121.811306">
        <ele>99.508101</ele>
        <time>2023-05-21T22:41:09.055Z</time>
      </trkpt>
      <trkpt lat="37.394678" lon="-121.811172">
        <ele>99.987046</ele>
        <time>2023-05-21T22:41:12.059Z</time>
      </trkpt>
      <trkpt lat="37.394715" lon="-121.811047">
        <ele>100.387138</ele>
        <time>2023-05-21T22:41:15.051Z</time>
      </trkpt>
      <trkpt lat="37.394769" lon="-121.810933">
        <ele>100.785224</ele>
        <time>2023-05-21T22:41:19.052Z</time>
      </trkpt>
      <trkpt lat="37.394842" lon="-121.810839">
        <ele>101.234117</ele>
        <time>2023-05-21T22:41:24.058Z</time>
      </trkpt>
      <trkpt lat="37.394911" lon="-121.810731">
        <ele>101.907172</ele>
        <time>2023-05-21T22:41:28.051Z</time>
      </trkpt>
      <trkpt lat="37.394959" lon="-121.810605">
        <ele>102.585797</ele>
        <time>2023-05-21T22:41:32.047Z</time>
      </trkpt>
      <trkpt lat="37.395013" lon="-121.810490">
        <ele>103.234546</ele>
        <time>2023-05-21T22:41:36.060Z</time>
      </trkpt>
      <trkpt lat="37.395084" lon="-121.810379">
        <ele>103.926615</ele>
        <time>2023-05-21T22:41:40.051Z</time>
      </trkpt>
      <trkpt lat="37.395157" lon="-121.810295">
        <ele>104.531218</ele>
        <time>2023-05-21T22:41:44.058Z</time>
      </trkpt>
      <trkpt lat="37.395317" lon="-121.810142">
        <ele>105.759507</ele>
        <time>2023-05-21T22:42:22.080Z</time>
      </trkpt>
      <trkpt lat="37.395403" lon="-121.810093">
        <ele>106.336562</ele>
        <time>2023-05-21T22:42:27.052Z</time>
      </trkpt>
      <trkpt lat="37.395489" lon="-121.810055">
        <ele>106.893717</ele>
        <time>2023-05-21T22:42:32.064Z</time>
      </trkpt>
      <trkpt lat="37.395587" lon="-121.809985">
        <ele>107.582511</ele>
        <time>2023-05-21T22:42:37.056Z</time>
      </trkpt>
      <trkpt lat="37.395683" lon="-121.809940">
        <ele>108.208716</ele>
        <time>2023-05-21T22:42:41.123Z</time>
      </trkpt>
      <trkpt lat="37.395777" lon="-121.809905">
        <ele>108.807936</ele>
        <time>2023-05-21T22:42:45.053Z</time>
      </trkpt>
      <trkpt lat="37.395882" lon="-121.809851">
        <ele>109.501292</ele>
        <time>2023-05-21T22:42:50.051Z</time>
      </trkpt>
      <trkpt lat="37.395987" lon="-121.809811">
        <ele>110.171893</ele>
        <time>2023-05-21T22:42:55.063Z</time>
      </trkpt>
      <trkpt lat="37.396082" lon="-121.809783">
        <ele>110.768321</ele>
        <time>2023-05-21T22:42:59.059Z</time>
      </trkpt>
      <trkpt lat="37.396174" lon="-121.809750">
        <ele>111.353091</ele>
        <time>2023-05-21T22:43:03.064Z</time>
      </trkpt>
      <trkpt lat="37.396265" lon="-121.809711">
        <ele>111.940719</ele>
        <time>2023-05-21T22:43:08.059Z</time>
      </trkpt>
      <trkpt lat="37.396361" lon="-121.809682">
        <ele>112.215560</ele>
        <time>2023-05-21T22:43:12.063Z</time>
      </trkpt>
      <trkpt lat="37.396459" lon="-121.809607">
        <ele>112.413714</ele>
        <time>2023-05-21T22:43:16.077Z</time>
      </trkpt>
      <trkpt lat="37.396535" lon="-121.809534">
        <ele>112.578883</ele>
        <time>2023-05-21T22:43:20.057Z</time>
      </trkpt>
      <trkpt lat="37.396621" lon="-121.809459">
        <ele>112.759642</ele>
        <time>2023-05-21T22:43:25.066Z</time>
      </trkpt>
      <trkpt lat="37.396706" lon="-121.809406">
        <ele>112.923527</ele>
        <time>2023-05-21T22:43:30.073Z</time>
      </trkpt>
      <trkpt lat="37.396791" lon="-121.809327">
        <ele>113.106076</ele>
        <time>2023-05-21T22:43:34.057Z</time>
      </trkpt>
      <trkpt lat="37.396878" lon="-121.809274">
        <ele>113.273065</ele>
        <time>2023-05-21T22:43:38.076Z</time>
      </trkpt>
      <trkpt lat="37.396951" lon="-121.809199">
        <ele>113.435865</ele>
        <time>2023-05-21T22:43:41.073Z</time>
      </trkpt>
      <trkpt lat="37.397034" lon="-121.809136">
        <ele>113.603319</ele>
        <time>2023-05-21T22:43:45.059Z</time>
      </trkpt>
      <trkpt lat="37.397112" lon="-121.809048">
        <ele>113.784288</ele>
        <time>2023-05-21T22:43:50.056Z</time>
      </trkpt>
      <trkpt lat="37.397172" lon="-121.808954">
        <ele>113.949794</ele>
        <time>2023-05-21T22:43:54.077Z</time>
      </trkpt>
      <trkpt lat="37.397209" lon="-121.808849">
        <ele>114.107454</ele>
        <time>2023-05-21T22:43:57.072Z</time>
      </trkpt>
      <trkpt lat="37.397248" lon="-121.808710">
        <ele>114.309789</ele>
        <time>2023-05-21T22:44:01.069Z</time>
      </trkpt>
      <trkpt lat="37.397261" lon="-121.808560">
        <ele>114.516895</ele>
        <time>2023-05-21T22:44:05.075Z</time>
      </trkpt>
      <trkpt lat="37.397264" lon="-121.808413">
        <ele>114.718728</ele>
        <time>2023-05-21T22:44:09.050Z</time>
      </trkpt>
      <trkpt lat="37.397248" lon="-121.808288">
        <ele>114.892511</ele>
        <time>2023-05-21T22:44:12.057Z</time>
      </trkpt>
      <trkpt lat="37.397242" lon="-121.808158">
        <ele>115.071245</ele>
        <time>2023-05-21T22:44:15.064Z</time>
      </trkpt>
      <trkpt lat="37.397238" lon="-121.808033">
        <ele>115.190820</ele>
        <time>2023-05-21T22:44:19.064Z</time>
      </trkpt>
      <trkpt lat="37.397212" lon="-121.807894">
        <ele>115.179807</ele>
        <time>2023-05-21T22:44:23.044Z</time>
      </trkpt>
      <trkpt lat="37.397196" lon="-121.807778">
        <ele>115.170727</ele>
        <time>2023-05-21T22:44:26.056Z</time>
      </trkpt>
      <trkpt lat="37.397180" lon="-121.807646">
        <ele>115.160429</ele>
        <time>2023-05-21T22:44:30.079Z</time>
      </trkpt>
      <trkpt lat="37.397171" lon="-121.807498">
        <ele>115.148982</ele>
        <time>2023-05-21T22:44:34.067Z</time>
      </trkpt>
      <trkpt lat="37.397169" lon="-121.807382">
        <ele>115.140034</ele>
        <time>2023-05-21T22:44:37.080Z</time>
      </trkpt>
      <trkpt lat="37.397165" lon="-121.807264">
        <ele>115.130925</ele>
        <time>2023-05-21T22:44:40.070Z</time>
      </trkpt>
      <trkpt lat="37.397170" lon="-121.807147">
        <ele>115.121889</ele>
        <time>2023-05-21T22:44:43.040Z</time>
      </trkpt>
      <trkpt lat="37.397175" lon="-121.807011">
        <ele>115.111389</ele>
        <time>2023-05-21T22:44:46.076Z</time>
      </trkpt>
      <trkpt lat="37.397173" lon="-121.806867">
        <ele>115.100282</ele>
        <time>2023-05-21T22:44:50.078Z</time>
      </trkpt>
      <trkpt lat="37.397161" lon="-121.806746">
        <ele>115.090878</ele>
        <time>2023-05-21T22:44:53.070Z</time>
      </trkpt>
      <trkpt lat="37.397143" lon="-121.806603">
        <ele>115.079712</ele>
        <time>2023-05-21T22:44:57.064Z</time>
      </trkpt>
      <trkpt lat="37.397125" lon="-121.806482">
        <ele>115.070218</ele>
        <time>2023-05-21T22:45:00.069Z</time>
      </trkpt>
      <trkpt lat="37.397113" lon="-121.806361">
        <ele>115.060814</ele>
        <time>2023-05-21T22:45:03.078Z</time>
      </trkpt>
      <trkpt lat="37.397095" lon="-121.806246">
        <ele>115.051774</ele>
        <time>2023-05-21T22:45:06.062Z</time>
      </trkpt>
      <trkpt lat="37.397068" lon="-121.806129">
        <ele>115.042378</ele>
        <time>2023-05-21T22:45:09.082Z</time>
      </trkpt>
      <trkpt lat="37.397032" lon="-121.806018">
        <ele>115.033132</ele>
        <time>2023-05-21T22:45:12.077Z</time>
      </trkpt>
      <trkpt lat="37.396994" lon="-121.805904">
        <ele>115.023597</ele>
        <time>2023-05-21T22:45:15.052Z</time>
      </trkpt>
      <trkpt lat="37.396964" lon="-121.805759">
        <ele>115.210578</ele>
        <time>2023-05-21T22:45:19.075Z</time>
      </trkpt>
      <trkpt lat="37.396932" lon="-121.805650">
        <ele>115.457743</ele>
        <time>2023-05-21T22:45:22.042Z</time>
      </trkpt>
      <trkpt lat="37.396889" lon="-121.805523">
        <ele>115.751381</ele>
        <time>2023-05-21T22:45:26.074Z</time>
      </trkpt>
      <trkpt lat="37.396863" lon="-121.805401">
        <ele>116.020048</ele>
        <time>2023-05-21T22:45:30.074Z</time>
      </trkpt>
      <trkpt lat="37.396831" lon="-121.805289">
        <ele>116.273209</ele>
        <time>2023-05-21T22:45:34.071Z</time>
      </trkpt>
      <trkpt lat="37.396817" lon="-121.805157">
        <ele>116.556463</ele>
        <time>2023-05-21T22:45:38.069Z</time>
      </trkpt>
      <trkpt lat="37.396804" lon="-121.805038">
        <ele>116.811957</ele>
        <time>2023-05-21T22:45:42.093Z</time>
      </trkpt>
      <trkpt lat="37.396770" lon="-121.804918">
        <ele>117.082943</ele>
        <time>2023-05-21T22:45:47.083Z</time>
      </trkpt>
      <trkpt lat="37.396742" lon="-121.804789">
        <ele>117.367382</ele>
        <time>2023-05-21T22:45:52.047Z</time>
      </trkpt>
      <trkpt lat="37.396700" lon="-121.804670">
        <ele>117.644349</ele>
        <time>2023-05-21T22:45:57.076Z</time>
      </trkpt>
      <trkpt lat="37.396667" lon="-121.804561">
        <ele>117.892456</ele>
        <time>2023-05-21T22:46:01.077Z</time>
      </trkpt>
      <trkpt lat="37.396640" lon="-121.804442">
        <ele>118.155689</ele>
        <time>2023-05-21T22:46:05.068Z</time>
      </trkpt>
      <trkpt lat="37.396576" lon="-121.804358">
        <ele>118.403242</ele>
        <time>2023-05-21T22:46:09.062Z</time>
      </trkpt>
      <trkpt lat="37.396488" lon="-121.804299">
        <ele>118.670184</ele>
        <time>2023-05-21T22:46:13.064Z</time>
      </trkpt>
      <trkpt lat="37.396403" lon="-121.804236">
        <ele>118.934278</ele>
        <time>2023-05-21T22:46:17.077Z</time>
      </trkpt>
      <trkpt lat="37.396349" lon="-121.804145">
        <ele>119.175869</ele>
        <time>2023-05-21T22:46:21.073Z</time>
      </trkpt>
      <trkpt lat="37.396358" lon="-121.804015">
        <ele>119.453428</ele>
        <time>2023-05-21T22:46:26.071Z</time>
      </trkpt>
      <trkpt lat="37.396390" lon="-121.803901">
        <ele>119.710598</ele>
        <time>2023-05-21T22:46:30.061Z</time>
      </trkpt>
      <trkpt lat="37.396415" lon="-121.803776">
        <ele>120.051672</ele>
        <time>2023-05-21T22:46:35.064Z</time>
      </trkpt>
      <trkpt lat="37.396440" lon="-121.803651">
        <ele>120.447941</ele>
        <time>2023-05-21T22:46:40.057Z</time>
      </trkpt>
      <trkpt lat="37.396461" lon="-121.803524">
        <ele>120.846734</ele>
        <time>2023-05-21T22:46:44.080Z</time>
      </trkpt>
      <trkpt lat="37.396480" lon="-121.803388">
        <ele>121.271244</ele>
        <time>2023-05-21T22:46:48.079Z</time>
      </trkpt>
      <trkpt lat="37.396492" lon="-121.803243">
        <ele>121.719418</ele>
        <time>2023-05-21T22:46:52.075Z</time>
      </trkpt>
      <trkpt lat="37.396504" lon="-121.803118">
        <ele>122.106491</ele>
        <time>2023-05-21T22:46:55.077Z</time>
      </trkpt>
      <trkpt lat="37.396503" lon="-121.802999">
        <ele>122.472344</ele>
        <time>2023-05-21T22:46:58.064Z</time>
      </trkpt>
      <trkpt lat="37.396491" lon="-121.802850">
        <ele>122.932751</ele>
        <time>2023-05-21T22:47:02.069Z</time>
      </trkpt>
      <trkpt lat="37.396472" lon="-121.802700">
        <ele>123.399709</ele>
        <time>2023-05-21T22:47:06.073Z</time>
      </trkpt>
      <trkpt lat="37.396466" lon="-121.802587">
        <ele>123.747871</ele>
        <time>2023-05-21T22:47:09.077Z</time>
      </trkpt>
      <trkpt lat="37.396446" lon="-121.802471">
        <ele>124.112782</ele>
        <time>2023-05-21T22:47:12.069Z</time>
      </trkpt>
      <trkpt lat="37.396444" lon="-121.802330">
        <ele>124.546317</ele>
        <time>2023-05-21T22:47:16.058Z</time>
      </trkpt>
      <trkpt lat="37.396432" lon="-121.802204">
        <ele>124.936442</ele>
        <time>2023-05-21T22:47:20.068Z</time>
      </trkpt>
      <trkpt lat="37.396421" lon="-121.802059">
        <ele>125.384233</ele>
        <time>2023-05-21T22:47:25.066Z</time>
      </trkpt>
      <trkpt lat="37.396411" lon="-121.801931">
        <ele>125.779632</ele>
        <time>2023-05-21T22:47:29.070Z</time>
      </trkpt>
      <trkpt lat="37.396412" lon="-121.801812">
        <ele>126.145485</ele>
        <time>2023-05-21T22:47:33.078Z</time>
      </trkpt>
      <trkpt lat="37.396416" lon="-121.801691">
        <ele>126.517788</ele>
        <time>2023-05-21T22:47:37.061Z</time>
      </trkpt>
      <trkpt lat="37.396415" lon="-121.801564">
        <ele>126.884108</ele>
        <time>2023-05-21T22:47:41.077Z</time>
      </trkpt>
      <trkpt lat="37.396413" lon="-121.801438">
        <ele>127.189289</ele>
        <time>2023-05-21T22:47:45.071Z</time>
      </trkpt>
      <trkpt lat="37.396403" lon="-121.801308">
        <ele>127.505567</ele>
        <time>2023-05-21T22:47:49.072Z</time>
      </trkpt>
      <trkpt lat="37.396405" lon="-121.801184">
        <ele>127.805905</ele>
        <time>2023-05-21T22:47:53.068Z</time>
      </trkpt>
      <trkpt lat="37.396412" lon="-121.801068">
        <ele>128.087618</ele>
        <time>2023-05-21T22:47:57.081Z</time>
      </trkpt>
      <trkpt lat="37.396425" lon="-121.800953">
        <ele>128.368905</ele>
        <time>2023-05-21T22:48:01.058Z</time>
      </trkpt>
      <trkpt lat="37.396439" lon="-121.800831">
        <ele>128.667405</ele>
        <time>2023-05-21T22:48:05.073Z</time>
      </trkpt>
      <trkpt lat="37.396466" lon="-121.800698">
        <ele>128.999824</ele>
        <time>2023-05-21T22:48:09.074Z</time>
      </trkpt>
      <trkpt lat="37.396500" lon="-121.800582">
        <ele>129.299235</ele>
        <time>2023-05-21T22:48:13.079Z</time>
      </trkpt>
      <trkpt lat="37.396489" lon="-121.800454">
        <ele>129.611006</ele>
        <time>2023-05-21T22:48:18.081Z</time>
      </trkpt>
      <trkpt lat="37.396472" lon="-121.800329">
        <ele>129.918107</ele>
        <time>2023-05-21T22:48:23.076Z</time>
      </trkpt>
      <trkpt lat="37.396504" lon="-121.800214">
        <ele>130.213177</ele>
        <time>2023-05-21T22:48:28.077Z</time>
      </trkpt>
      <trkpt lat="37.396543" lon="-121.800107">
        <ele>130.498254</ele>
        <time>2023-05-21T22:48:32.072Z</time>
      </trkpt>
      <trkpt lat="37.396563" lon="-121.799976">
        <ele>130.821286</ele>
        <time>2023-05-21T22:48:37.067Z</time>
      </trkpt>
      <trkpt lat="37.396567" lon="-121.799855">
        <ele>131.114550</ele>
        <time>2023-05-21T22:48:42.080Z</time>
      </trkpt>
      <trkpt lat="37.396554" lon="-121.799729">
        <ele>131.422232</ele>
        <time>2023-05-21T22:48:47.080Z</time>
      </trkpt>
      <trkpt lat="37.396531" lon="-121.799617">
        <ele>131.702363</ele>
        <time>2023-05-21T22:48:52.097Z</time>
      </trkpt>
      <trkpt lat="37.396534" lon="-121.799501">
        <ele>131.983415</ele>
        <time>2023-05-21T22:48:57.077Z</time>
      </trkpt>
      <trkpt lat="37.396533" lon="-121.799376">
        <ele>132.292036</ele>
        <time>2023-05-21T22:49:02.074Z</time>
      </trkpt>
      <trkpt lat="37.396530" lon="-121.799262">
        <ele>132.748308</ele>
        <time>2023-05-21T22:49:06.049Z</time>
      </trkpt>
      <trkpt lat="37.396511" lon="-121.799127">
        <ele>133.296743</ele>
        <time>2023-05-21T22:49:10.076Z</time>
      </trkpt>
      <trkpt lat="37.396509" lon="-121.798990">
        <ele>133.844863</ele>
        <time>2023-05-21T22:49:14.076Z</time>
      </trkpt>
      <trkpt lat="37.396532" lon="-121.798868">
        <ele>134.346439</ele>
        <time>2023-05-21T22:49:18.075Z</time>
      </trkpt>
      <trkpt lat="37.396532" lon="-121.798720">
        <ele>134.938468</ele>
        <time>2023-05-21T22:49:22.074Z</time>
      </trkpt>
      <trkpt lat="37.396518" lon="-121.798594">
        <ele>135.447398</ele>
        <time>2023-05-21T22:49:25.071Z</time>
      </trkpt>
      <trkpt lat="37.396544" lon="-121.798475">
        <ele>135.941095</ele>
        <time>2023-05-21T22:49:28.062Z</time>
      </trkpt>
      <trkpt lat="37.396586" lon="-121.798348">
        <ele>136.491378</ele>
        <time>2023-05-21T22:49:32.084Z</time>
      </trkpt>
      <trkpt lat="37.396631" lon="-121.798229">
        <ele>137.018576</ele>
        <time>2023-05-21T22:49:37.072Z</time>
      </trkpt>
      <trkpt lat="37.396666" lon="-121.798108">
        <ele>137.533683</ele>
        <time>2023-05-21T22:49:42.079Z</time>
      </trkpt>
      <trkpt lat="37.396704" lon="-121.797987">
        <ele>138.054151</ele>
        <time>2023-05-21T22:49:46.077Z</time>
      </trkpt>
      <trkpt lat="37.396745" lon="-121.797881">
        <ele>138.525756</ele>
        <time>2023-05-21T22:49:49.072Z</time>
      </trkpt>
      <trkpt lat="37.396780" lon="-121.797748">
        <ele>139.086209</ele>
        <time>2023-05-21T22:49:53.085Z</time>
      </trkpt>
      <trkpt lat="37.396833" lon="-121.797646">
        <ele>139.573749</ele>
        <time>2023-05-21T22:49:57.071Z</time>
      </trkpt>
      <trkpt lat="37.396895" lon="-121.797549">
        <ele>140.071759</ele>
        <time>2023-05-21T22:50:01.082Z</time>
      </trkpt>
      <trkpt lat="37.396957" lon="-121.797458">
        <ele>140.551304</ele>
        <time>2023-05-21T22:50:05.068Z</time>
      </trkpt>
      <trkpt lat="37.397044" lon="-121.797389">
        <ele>141.069067</ele>
        <time>2023-05-21T22:50:09.051Z</time>
      </trkpt>
      <trkpt lat="37.397144" lon="-121.797323">
        <ele>141.631748</ele>
        <time>2023-05-21T22:50:13.080Z</time>
      </trkpt>
      <trkpt lat="37.397243" lon="-121.797294">
        <ele>142.133698</ele>
        <time>2023-05-21T22:50:17.083Z</time>
      </trkpt>
      <trkpt lat="37.397346" lon="-121.797303">
        <ele>142.643561</ele>
        <time>2023-05-21T22:50:23.071Z</time>
      </trkpt>
      <trkpt lat="37.397438" lon="-121.797263">
        <ele>143.124217</ele>
        <time>2023-05-21T22:50:28.072Z</time>
      </trkpt>
      <trkpt lat="37.397542" lon="-121.797276">
        <ele>143.640321</ele>
        <time>2023-05-21T22:50:33.086Z</time>
      </trkpt>
      <trkpt lat="37.397641" lon="-121.797291">
        <ele>144.132736</ele>
        <time>2023-05-21T22:50:38.081Z</time>
      </trkpt>
      <trkpt lat="37.397831" lon="-121.797288">
        <ele>145.071075</ele>
        <time>2023-05-21T22:53:06.090Z</time>
      </trkpt>
      <trkpt lat="37.397933" lon="-121.797295">
        <ele>145.575524</ele>
        <time>2023-05-21T22:53:11.090Z</time>
      </trkpt>
      <trkpt lat="37.398034" lon="-121.797309">
        <ele>146.077301</ele>
        <time>2023-05-21T22:53:16.092Z</time>
      </trkpt>
      <trkpt lat="37.398123" lon="-121.797288">
        <ele>146.524460</ele>
        <time>2023-05-21T22:53:21.093Z</time>
      </trkpt>
      <trkpt lat="37.398218" lon="-121.797250">
        <ele>147.016710</ele>
        <time>2023-05-21T22:53:26.082Z</time>
      </trkpt>
      <trkpt lat="37.398304" lon="-121.797217">
        <ele>147.460693</ele>
        <time>2023-05-21T22:53:31.088Z</time>
      </trkpt>
      <trkpt lat="37.398404" lon="-121.797171">
        <ele>147.986458</ele>
        <time>2023-05-21T22:53:37.091Z</time>
      </trkpt>
      <trkpt lat="37.398494" lon="-121.797148">
        <ele>148.439967</ele>
        <time>2023-05-21T22:53:41.077Z</time>
      </trkpt>
      <trkpt lat="37.398596" lon="-121.797112">
        <ele>148.963093</ele>
        <time>2023-05-21T22:53:46.061Z</time>
      </trkpt>
      <trkpt lat="37.398682" lon="-121.797067">
        <ele>149.423013</ele>
        <time>2023-05-21T22:53:51.062Z</time>
      </trkpt>
      <trkpt lat="37.398786" lon="-121.797049">
        <ele>149.941422</ele>
        <time>2023-05-21T22:53:57.082Z</time>
      </trkpt>
      <trkpt lat="37.398893" lon="-121.797015">
        <ele>150.266072</ele>
        <time>2023-05-21T22:54:03.097Z</time>
      </trkpt>
      <trkpt lat="37.398980" lon="-121.796968">
        <ele>150.353115</ele>
        <time>2023-05-21T22:54:08.057Z</time>
      </trkpt>
      <trkpt lat="37.399059" lon="-121.796888">
        <ele>150.446335</ele>
        <time>2023-05-21T22:54:14.072Z</time>
      </trkpt>
      <trkpt lat="37.399113" lon="-121.796786">
        <ele>150.535863</ele>
        <time>2023-05-21T22:54:19.077Z</time>
      </trkpt>
      <trkpt lat="37.399192" lon="-121.796726">
        <ele>150.620693</ele>
        <time>2023-05-21T22:54:24.063Z</time>
      </trkpt>
      <trkpt lat="37.399284" lon="-121.796669">
        <ele>150.714969</ele>
        <time>2023-05-21T22:54:29.061Z</time>
      </trkpt>
      <trkpt lat="37.399369" lon="-121.796630">
        <ele>150.798148</ele>
        <time>2023-05-21T22:54:34.056Z</time>
      </trkpt>
      <trkpt lat="37.399457" lon="-121.796575">
        <ele>150.888480</ele>
        <time>2023-05-21T22:54:39.064Z</time>
      </trkpt>
      <trkpt lat="37.399547" lon="-121.796534">
        <ele>150.976478</ele>
        <time>2023-05-21T22:54:44.074Z</time>
      </trkpt>
      <trkpt lat="37.399646" lon="-121.796484">
        <ele>151.074553</ele>
        <time>2023-05-21T22:54:50.072Z</time>
      </trkpt>
      <trkpt lat="37.399739" lon="-121.796511">
        <ele>151.162302</ele>
        <time>2023-05-21T22:54:55.069Z</time>
      </trkpt>
      <trkpt lat="37.399838" lon="-121.796537">
        <ele>151.255283</ele>
        <time>2023-05-21T22:54:59.066Z</time>
      </trkpt>
      <trkpt lat="37.399910" lon="-121.796615">
        <ele>151.342620</ele>
        <time>2023-05-21T22:55:11.052Z</time>
      </trkpt>
      <trkpt lat="37.399828" lon="-121.796548">
        <ele>151.432501</ele>
        <time>2023-05-21T22:55:45.095Z</time>
      </trkpt>
      <trkpt lat="37.399744" lon="-121.796491">
        <ele>151.520238</ele>
        <time>2023-05-21T22:55:55.100Z</time>
      </trkpt>
      <trkpt lat="37.399655" lon="-121.796509">
        <ele>151.603115</ele>
        <time>2023-05-21T22:56:04.101Z</time>
      </trkpt>
      <trkpt lat="37.399623" lon="-121.796621">
        <ele>151.690048</ele>
        <time>2023-05-21T22:56:13.100Z</time>
      </trkpt>
      <trkpt lat="37.399594" lon="-121.796730">
        <ele>151.774008</ele>
        <time>2023-05-21T22:56:21.096Z</time>
      </trkpt>
      <trkpt lat="37.399547" lon="-121.796837">
        <ele>151.863311</ele>
        <time>2023-05-21T22:56:30.106Z</time>
      </trkpt>
      <trkpt lat="37.399474" lon="-121.796928">
        <ele>151.715703</ele>
        <time>2023-05-21T22:56:38.088Z</time>
      </trkpt>
      <trkpt lat="37.399394" lon="-121.796871">
        <ele>151.568828</ele>
        <time>2023-05-21T22:59:41.082Z</time>
      </trkpt>
      <trkpt lat="37.399303" lon="-121.796855">
        <ele>151.422022</ele>
        <time>2023-05-21T22:59:49.076Z</time>
      </trkpt>
      <trkpt lat="37.399209" lon="-121.796848">
        <ele>151.271571</ele>
        <time>2023-05-21T22:59:58.071Z</time>
      </trkpt>
      <trkpt lat="37.399112" lon="-121.796854">
        <ele>151.116402</ele>
        <time>2023-05-21T23:00:06.075Z</time>
      </trkpt>
      <trkpt lat="37.399038" lon="-121.796921">
        <ele>150.970761</ele>
        <time>2023-05-21T23:00:20.095Z</time>
      </trkpt>
      <trkpt lat="37.398947" lon="-121.796989">
        <ele>150.801677</ele>
        <time>2023-05-21T23:00:24.104Z</time>
      </trkpt>
      <trkpt lat="37.398837" lon="-121.797020">
        <ele>150.621574</ele>
        <time>2023-05-21T23:00:27.107Z</time>
      </trkpt>
      <trkpt lat="37.398748" lon="-121.797052">
        <ele>150.473687</ele>
        <time>2023-05-21T23:00:29.082Z</time>
      </trkpt>
      <trkpt lat="37.398640" lon="-121.797085">
        <ele>150.296120</ele>
        <time>2023-05-21T23:00:31.083Z</time>
      </trkpt>
      <trkpt lat="37.398529" lon="-121.797124">
        <ele>150.111991</ele>
        <time>2023-05-21T23:00:33.107Z</time>
      </trkpt>
      <trkpt lat="37.398411" lon="-121.797160">
        <ele>149.917998</ele>
        <time>2023-05-21T23:00:35.090Z</time>
      </trkpt>
      <trkpt lat="37.398319" lon="-121.797202">
        <ele>149.761636</ele>
        <time>2023-05-21T23:00:37.065Z</time>
      </trkpt>
      <trkpt lat="37.398207" lon="-121.797229">
        <ele>149.579437</ele>
        <time>2023-05-21T23:00:39.096Z</time>
      </trkpt>
      <trkpt lat="37.398089" lon="-121.797262">
        <ele>149.386305</ele>
        <time>2023-05-21T23:00:41.074Z</time>
      </trkpt>
      <trkpt lat="37.397976" lon="-121.797281">
        <ele>149.204156</ele>
        <time>2023-05-21T23:00:43.083Z</time>
      </trkpt>
      <trkpt lat="37.397862" lon="-121.797302">
        <ele>149.020073</ele>
        <time>2023-05-21T23:00:45.090Z</time>
      </trkpt>
      <trkpt lat="37.397753" lon="-121.797301">
        <ele>148.690387</ele>
        <time>2023-05-21T23:00:47.095Z</time>
      </trkpt>
      <trkpt lat="37.397644" lon="-121.797277">
        <ele>148.329861</ele>
        <time>2023-05-21T23:00:49.087Z</time>
      </trkpt>
      <trkpt lat="37.397551" lon="-121.797249">
        <ele>148.018310</ele>
        <time>2023-05-21T23:00:52.088Z</time>
      </trkpt>
      <trkpt lat="37.397566" lon="-121.797370">
        <ele>147.701327</ele>
        <time>2023-05-21T23:01:21.095Z</time>
      </trkpt>
      <trkpt lat="37.397345" lon="-121.797307">
        <ele>146.963051</ele>
        <time>2023-05-21T23:03:23.112Z</time>
      </trkpt>
      <trkpt lat="37.397235" lon="-121.797333">
        <ele>146.598395</ele>
        <time>2023-05-21T23:03:26.095Z</time>
      </trkpt>
      <trkpt lat="37.397110" lon="-121.797369">
        <ele>146.180607</ele>
        <time>2023-05-21T23:03:29.105Z</time>
      </trkpt>
      <trkpt lat="37.396993" lon="-121.797456">
        <ele>145.737862</ele>
        <time>2023-05-21T23:03:32.097Z</time>
      </trkpt>
      <trkpt lat="37.396924" lon="-121.797532">
        <ele>145.439136</ele>
        <time>2023-05-21T23:03:34.109Z</time>
      </trkpt>
      <trkpt lat="37.396862" lon="-121.797625">
        <ele>145.124888</ele>
        <time>2023-05-21T23:03:36.108Z</time>
      </trkpt>
      <trkpt lat="37.396804" lon="-121.797714">
        <ele>144.826930</ele>
        <time>2023-05-21T23:03:38.096Z</time>
      </trkpt>
      <trkpt lat="37.396756" lon="-121.797819">
        <ele>144.513365</ele>
        <time>2023-05-21T23:03:40.096Z</time>
      </trkpt>
      <trkpt lat="37.396751" lon="-121.797953">
        <ele>144.166137</ele>
        <time>2023-05-21T23:03:42.115Z</time>
      </trkpt>
      <trkpt lat="37.396808" lon="-121.798076">
        <ele>143.797558</ele>
        <time>2023-05-21T23:03:44.102Z</time>
      </trkpt>
      <trkpt lat="37.396898" lon="-121.798138">
        <ele>143.463286</ele>
        <time>2023-05-21T23:03:46.095Z</time>
      </trkpt>
      <trkpt lat="37.397001" lon="-121.798138">
        <ele>143.129843</ele>
        <time>2023-05-21T23:03:48.097Z</time>
      </trkpt>
      <trkpt lat="37.397120" lon="-121.798161">
        <ele>142.846714</ele>
        <time>2023-05-21T23:03:51.100Z</time>
      </trkpt>
      <trkpt lat="37.397142" lon="-121.798297">
        <ele>142.587414</ele>
        <time>2023-05-21T23:03:55.108Z</time>
      </trkpt>
      <trkpt lat="37.397118" lon="-121.798471">
        <ele>142.257471</ele>
        <time>2023-05-21T23:03:58.106Z</time>
      </trkpt>
      <trkpt lat="37.397092" lon="-121.798609">
        <ele>141.992498</ele>
        <time>2023-05-21T23:04:00.107Z</time>
      </trkpt>
      <trkpt lat="37.397070" lon="-121.798751">
        <ele>141.722204</ele>
        <time>2023-05-21T23:04:02.095Z</time>
      </trkpt>
      <trkpt lat="37.397067" lon="-121.798895">
        <ele>141.453080</ele>
        <time>2023-05-21T23:04:04.093Z</time>
      </trkpt>
      <trkpt lat="37.397076" lon="-121.799030">
        <ele>141.199976</ele>
        <time>2023-05-21T23:04:06.067Z</time>
      </trkpt>
      <trkpt lat="37.397069" lon="-121.799170">
        <ele>140.937899</ele>
        <time>2023-05-21T23:04:08.096Z</time>
      </trkpt>
      <trkpt lat="37.397074" lon="-121.799313">
        <ele>140.670477</ele>
        <time>2023-05-21T23:04:10.086Z</time>
      </trkpt>
      <trkpt lat="37.397071" lon="-121.799452">
        <ele>140.410690</ele>
        <time>2023-05-21T23:04:12.103Z</time>
      </trkpt>
      <trkpt lat="37.397103" lon="-121.799603">
        <ele>140.118716</ele>
        <time>2023-05-21T23:04:14.115Z</time>
      </trkpt>
      <trkpt lat="37.397114" lon="-121.799755">
        <ele>139.833562</ele>
        <time>2023-05-21T23:04:16.102Z</time>
      </trkpt>
      <trkpt lat="37.397087" lon="-121.799907">
        <ele>139.542572</ele>
        <time>2023-05-21T23:04:18.110Z</time>
      </trkpt>
      <trkpt lat="37.397067" lon="-121.800065">
        <ele>139.243660</ele>
        <time>2023-05-21T23:04:20.119Z</time>
      </trkpt>
      <trkpt lat="37.397045" lon="-121.800234">
        <ele>138.923710</ele>
        <time>2023-05-21T23:04:22.099Z</time>
      </trkpt>
      <trkpt lat="37.397004" lon="-121.800386">
        <ele>138.680560</ele>
        <time>2023-05-21T23:04:24.073Z</time>
      </trkpt>
      <trkpt lat="37.396970" lon="-121.800536">
        <ele>138.447830</ele>
        <time>2023-05-21T23:04:26.103Z</time>
      </trkpt>
      <trkpt lat="37.396930" lon="-121.800666">
        <ele>138.239832</ele>
        <time>2023-05-21T23:04:28.103Z</time>
      </trkpt>
      <trkpt lat="37.396891" lon="-121.800790">
        <ele>138.040854</ele>
        <time>2023-05-21T23:04:30.110Z</time>
      </trkpt>
      <trkpt lat="37.396864" lon="-121.800940">
        <ele>137.811383</ele>
        <time>2023-05-21T23:04:32.114Z</time>
      </trkpt>
      <trkpt lat="37.396832" lon="-121.801092">
        <ele>137.576772</ele>
        <time>2023-05-21T23:04:34.101Z</time>
      </trkpt>
      <trkpt lat="37.396818" lon="-121.801244">
        <ele>137.348470</ele>
        <time>2023-05-21T23:04:36.110Z</time>
      </trkpt>
      <trkpt lat="37.396814" lon="-121.801403">
        <ele>137.111123</ele>
        <time>2023-05-21T23:04:38.091Z</time>
      </trkpt>
      <trkpt lat="37.396792" lon="-121.801553">
        <ele>136.883542</ele>
        <time>2023-05-21T23:04:40.093Z</time>
      </trkpt>
      <trkpt lat="37.396770" lon="-121.801706">
        <ele>136.651558</ele>
        <time>2023-05-21T23:04:42.099Z</time>
      </trkpt>
      <trkpt lat="37.396755" lon="-121.801864">
        <ele>136.414145</ele>
        <time>2023-05-21T23:04:44.097Z</time>
      </trkpt>
      <trkpt lat="37.396773" lon="-121.802028">
        <ele>136.167134</ele>
        <time>2023-05-21T23:04:46.097Z</time>
      </trkpt>
      <trkpt lat="37.396792" lon="-121.802185">
        <ele>135.930188</ele>
        <time>2023-05-21T23:04:48.086Z</time>
      </trkpt>
      <trkpt lat="37.396811" lon="-121.802356">
        <ele>135.672574</ele>
        <time>2023-05-21T23:04:50.102Z</time>
      </trkpt>
      <trkpt lat="37.396809" lon="-121.802516">
        <ele>135.406403</ele>
        <time>2023-05-21T23:04:52.107Z</time>
      </trkpt>
      <trkpt lat="37.396808" lon="-121.802699">
        <ele>135.053581</ele>
        <time>2023-05-21T23:04:54.096Z</time>
      </trkpt>
      <trkpt lat="37.396813" lon="-121.802882">
        <ele>134.700558</ele>
        <time>2023-05-21T23:04:56.105Z</time>
      </trkpt>
      <trkpt lat="37.396822" lon="-121.803049">
        <ele>134.377852</ele>
        <time>2023-05-21T23:04:58.105Z</time>
      </trkpt>
      <trkpt lat="37.396830" lon="-121.803227">
        <ele>134.034129</ele>
        <time>2023-05-21T23:05:00.103Z</time>
      </trkpt>
      <trkpt lat="37.396814" lon="-121.803401">
        <ele>133.696427</ele>
        <time>2023-05-21T23:05:02.097Z</time>
      </trkpt>
      <trkpt lat="37.396802" lon="-121.803573">
        <ele>133.363544</ele>
        <time>2023-05-21T23:05:04.107Z</time>
      </trkpt>
      <trkpt lat="37.396764" lon="-121.803738">
        <ele>133.032336</ele>
        <time>2023-05-21T23:05:06.098Z</time>
      </trkpt>
      <trkpt lat="37.396741" lon="-121.803906">
        <ele>132.703667</ele>
        <time>2023-05-21T23:05:08.104Z</time>
      </trkpt>
      <trkpt lat="37.396720" lon="-121.804056">
        <ele>132.410019</ele>
        <time>2023-05-21T23:05:10.091Z</time>
      </trkpt>
      <trkpt lat="37.396707" lon="-121.804204">
        <ele>132.122944</ele>
        <time>2023-05-21T23:05:12.104Z</time>
      </trkpt>
      <trkpt lat="37.396696" lon="-121.804350">
        <ele>131.840201</ele>
        <time>2023-05-21T23:05:14.091Z</time>
      </trkpt>
      <trkpt lat="37.396706" lon="-121.804488">
        <ele>131.573040</ele>
        <time>2023-05-21T23:05:16.061Z</time>
      </trkpt>
      <trkpt lat="37.396734" lon="-121.804637">
        <ele>131.277849</ele>
        <time>2023-05-21T23:05:18.101Z</time>
      </trkpt>
      <trkpt lat="37.396760" lon="-121.804798">
        <ele>130.807733</ele>
        <time>2023-05-21T23:05:20.103Z</time>
      </trkpt>
      <trkpt lat="37.396783" lon="-121.804955">
        <ele>130.265880</ele>
        <time>2023-05-21T23:05:22.104Z</time>
      </trkpt>
      <trkpt lat="37.396827" lon="-121.805108">
        <ele>129.713612</ele>
        <time>2023-05-21T23:05:24.102Z</time>
      </trkpt>
      <trkpt lat="37.396872" lon="-121.805281">
        <ele>129.095766</ele>
        <time>2023-05-21T23:05:26.100Z</time>
      </trkpt>
      <trkpt lat="37.396916" lon="-121.805469">
        <ele>128.430569</ele>
        <time>2023-05-21T23:05:28.087Z</time>
      </trkpt>
      <trkpt lat="37.396960" lon="-121.805646">
        <ele>127.801097</ele>
        <time>2023-05-21T23:05:30.106Z</time>
      </trkpt>
      <trkpt lat="37.397011" lon="-121.805809">
        <ele>127.206505</ele>
        <time>2023-05-21T23:05:32.110Z</time>
      </trkpt>
      <trkpt lat="37.397053" lon="-121.805973">
        <ele>126.621673</ele>
        <time>2023-05-21T23:05:34.113Z</time>
      </trkpt>
      <trkpt lat="37.397106" lon="-121.806139">
        <ele>126.014463</ele>
        <time>2023-05-21T23:05:36.095Z</time>
      </trkpt>
      <trkpt lat="37.397143" lon="-121.806284">
        <ele>125.497562</ele>
        <time>2023-05-21T23:05:38.084Z</time>
      </trkpt>
      <trkpt lat="37.397166" lon="-121.806421">
        <ele>125.022308</ele>
        <time>2023-05-21T23:05:40.102Z</time>
      </trkpt>
      <trkpt lat="37.397172" lon="-121.806567">
        <ele>124.526114</ele>
        <time>2023-05-21T23:05:42.105Z</time>
      </trkpt>
      <trkpt lat="37.397180" lon="-121.806703">
        <ele>124.063259</ele>
        <time>2023-05-21T23:05:44.100Z</time>
      </trkpt>
      <trkpt lat="37.397195" lon="-121.806833">
        <ele>123.617403</ele>
        <time>2023-05-21T23:05:46.104Z</time>
      </trkpt>
      <trkpt lat="37.397207" lon="-121.806969">
        <ele>123.340207</ele>
        <time>2023-05-21T23:05:48.103Z</time>
      </trkpt>
      <trkpt lat="37.397208" lon="-121.807109">
        <ele>123.138286</ele>
        <time>2023-05-21T23:05:50.106Z</time>
      </trkpt>
      <trkpt lat="37.397204" lon="-121.807262">
        <ele>122.917504</ele>
        <time>2023-05-21T23:05:52.105Z</time>
      </trkpt>
      <trkpt lat="37.397202" lon="-121.807422">
        <ele>122.686717</ele>
        <time>2023-05-21T23:05:54.099Z</time>
      </trkpt>
      <trkpt lat="37.397213" lon="-121.807581">
        <ele>122.456534</ele>
        <time>2023-05-21T23:05:56.130Z</time>
      </trkpt>
      <trkpt lat="37.397221" lon="-121.807727">
        <ele>122.245467</ele>
        <time>2023-05-21T23:05:58.102Z</time>
      </trkpt>
      <trkpt lat="37.397229" lon="-121.807863">
        <ele>122.048786</ele>
        <time>2023-05-21T23:06:00.098Z</time>
      </trkpt>
      <trkpt lat="37.397243" lon="-121.807992">
        <ele>121.861010</ele>
        <time>2023-05-21T23:06:02.091Z</time>
      </trkpt>
      <trkpt lat="37.397256" lon="-121.808135">
        <ele>121.653424</ele>
        <time>2023-05-21T23:06:04.100Z</time>
      </trkpt>
      <trkpt lat="37.397270" lon="-121.808264">
        <ele>121.465648</ele>
        <time>2023-05-21T23:06:06.077Z</time>
      </trkpt>
      <trkpt lat="37.397277" lon="-121.808391">
        <ele>121.282043</ele>
        <time>2023-05-21T23:06:08.100Z</time>
      </trkpt>
      <trkpt lat="37.397272" lon="-121.808513">
        <ele>121.105857</ele>
        <time>2023-05-21T23:06:10.106Z</time>
      </trkpt>
      <trkpt lat="37.397269" lon="-121.808629">
        <ele>120.938469</ele>
        <time>2023-05-21T23:06:12.103Z</time>
      </trkpt>
      <trkpt lat="37.397251" lon="-121.808776">
        <ele>120.723957</ele>
        <time>2023-05-21T23:06:15.107Z</time>
      </trkpt>
      <trkpt lat="37.397210" lon="-121.808910">
        <ele>120.516859</ele>
        <time>2023-05-21T23:06:18.101Z</time>
      </trkpt>
      <trkpt lat="37.397161" lon="-121.809008">
        <ele>120.349857</ele>
        <time>2023-05-21T23:06:20.113Z</time>
      </trkpt>
      <trkpt lat="37.397095" lon="-121.809088">
        <ele>120.164006</ele>
        <time>2023-05-21T23:06:22.101Z</time>
      </trkpt>
      <trkpt lat="37.397022" lon="-121.809176">
        <ele>119.860259</ele>
        <time>2023-05-21T23:06:24.086Z</time>
      </trkpt>
      <trkpt lat="37.396937" lon="-121.809253">
        <ele>119.545554</ele>
        <time>2023-05-21T23:06:26.095Z</time>
      </trkpt>
      <trkpt lat="37.396832" lon="-121.809320">
        <ele>119.191791</ele>
        <time>2023-05-21T23:06:28.088Z</time>
      </trkpt>
      <trkpt lat="37.396722" lon="-121.809403">
        <ele>118.806388</ele>
        <time>2023-05-21T23:06:30.063Z</time>
      </trkpt>
      <trkpt lat="37.396609" lon="-121.809466">
        <ele>118.434993</ele>
        <time>2023-05-21T23:06:32.084Z</time>
      </trkpt>
      <trkpt lat="37.396499" lon="-121.809541">
        <ele>118.059053</ele>
        <time>2023-05-21T23:06:34.099Z</time>
      </trkpt>
      <trkpt lat="37.396404" lon="-121.809621">
        <ele>117.715571</ele>
        <time>2023-05-21T23:06:36.106Z</time>
      </trkpt>
      <trkpt lat="37.396294" lon="-121.809702">
        <ele>117.332601</ele>
        <time>2023-05-21T23:06:38.105Z</time>
      </trkpt>
      <trkpt lat="37.396171" lon="-121.809759">
        <ele>116.938719</ele>
        <time>2023-05-21T23:06:40.058Z</time>
      </trkpt>
      <trkpt lat="37.396055" lon="-121.809807">
        <ele>116.571774</ele>
        <time>2023-05-21T23:06:42.106Z</time>
      </trkpt>
      <trkpt lat="37.395948" lon="-121.809845">
        <ele>116.237675</ele>
        <time>2023-05-21T23:06:44.110Z</time>
      </trkpt>
      <trkpt lat="37.395839" lon="-121.809887">
        <ele>115.895116</ele>
        <time>2023-05-21T23:06:46.093Z</time>
      </trkpt>
      <trkpt lat="37.395730" lon="-121.809928">
        <ele>115.553247</ele>
        <time>2023-05-21T23:06:48.107Z</time>
      </trkpt>
      <trkpt lat="37.395619" lon="-121.809964">
        <ele>115.208786</ele>
        <time>2023-05-21T23:06:51.124Z</time>
      </trkpt>
      <trkpt lat="37.395510" lon="-121.810011">
        <ele>114.862544</ele>
        <time>2023-05-21T23:06:54.102Z</time>
      </trkpt>
      <trkpt lat="37.395395" lon="-121.810103">
        <ele>114.174969</ele>
        <time>2023-05-21T23:06:57.104Z</time>
      </trkpt>
      <trkpt lat="37.395310" lon="-121.810181">
        <ele>113.611323</ele>
        <time>2023-05-21T23:06:59.098Z</time>
      </trkpt>
      <trkpt lat="37.395227" lon="-121.810273">
        <ele>113.018718</ele>
        <time>2023-05-21T23:07:01.103Z</time>
      </trkpt>
      <trkpt lat="37.395151" lon="-121.810369">
        <ele>112.441784</ele>
        <time>2023-05-21T23:07:03.065Z</time>
      </trkpt>
      <trkpt lat="37.395079" lon="-121.810486">
        <ele>111.811771</ele>
        <time>2023-05-21T23:07:05.101Z</time>
      </trkpt>
      <trkpt lat="37.395015" lon="-121.810603">
        <ele>111.207057</ele>
        <time>2023-05-21T23:07:07.097Z</time>
      </trkpt>
      <trkpt lat="37.394949" lon="-121.810722">
        <ele>110.589241</ele>
        <time>2023-05-21T23:07:09.118Z</time>
      </trkpt>
      <trkpt lat="37.394876" lon="-121.810830">
        <ele>109.985599</ele>
        <time>2023-05-21T23:07:11.101Z</time>
      </trkpt>
      <trkpt lat="37.394799" lon="-121.810921">
        <ele>109.419646</ele>
        <time>2023-05-21T23:07:13.098Z</time>
      </trkpt>
      <trkpt lat="37.394736" lon="-121.811022">
        <ele>108.872999</ele>
        <time>2023-05-21T23:07:15.094Z</time>
      </trkpt>
      <trkpt lat="37.394685" lon="-121.811167">
        <ele>108.197942</ele>
        <time>2023-05-21T23:07:17.095Z</time>
      </trkpt>
      <trkpt lat="37.394626" lon="-121.811292">
        <ele>107.578984</ele>
        <time>2023-05-21T23:07:19.099Z</time>
      </trkpt>
      <trkpt lat="37.394560" lon="-121.811414">
        <ele>106.950651</ele>
        <time>2023-05-21T23:07:21.104Z</time>
      </trkpt>
      <trkpt lat="37.394490" lon="-121.811526">
        <ele>106.344008</ele>
        <time>2023-05-21T23:07:23.071Z</time>
      </trkpt>
      <trkpt lat="37.394437" lon="-121.811665">
        <ele>105.687657</ele>
        <time>2023-05-21T23:07:26.100Z</time>
      </trkpt>
      <trkpt lat="37.394426" lon="-121.811786">
        <ele>105.170065</ele>
        <time>2023-05-21T23:07:28.098Z</time>
      </trkpt>
      <trkpt lat="37.394462" lon="-121.811916">
        <ele>104.986653</ele>
        <time>2023-05-21T23:07:30.106Z</time>
      </trkpt>
      <trkpt lat="37.394487" lon="-121.812033">
        <ele>104.825241</ele>
        <time>2023-05-21T23:07:32.116Z</time>
      </trkpt>
      <trkpt lat="37.394487" lon="-121.812162">
        <ele>104.653382</ele>
        <time>2023-05-21T23:07:34.118Z</time>
      </trkpt>
      <trkpt lat="37.394483" lon="-121.812288">
        <ele>104.485385</ele>
        <time>2023-05-21T23:07:36.102Z</time>
      </trkpt>
      <trkpt lat="37.394486" lon="-121.812410">
        <ele>104.322773</ele>
        <time>2023-05-21T23:07:38.103Z</time>
      </trkpt>
      <trkpt lat="37.394476" lon="-121.812547">
        <ele>104.139486</ele>
        <time>2023-05-21T23:07:40.104Z</time>
      </trkpt>
      <trkpt lat="37.394473" lon="-121.812672">
        <ele>103.972879</ele>
        <time>2023-05-21T23:07:42.104Z</time>
      </trkpt>
      <trkpt lat="37.394458" lon="-121.812793">
        <ele>103.809727</ele>
        <time>2023-05-21T23:07:44.101Z</time>
      </trkpt>
      <trkpt lat="37.394436" lon="-121.812917">
        <ele>103.640459</ele>
        <time>2023-05-21T23:07:46.114Z</time>
      </trkpt>
      <trkpt lat="37.394403" lon="-121.813044">
        <ele>103.462444</ele>
        <time>2023-05-21T23:07:48.101Z</time>
      </trkpt>
      <trkpt lat="37.394354" lon="-121.813168">
        <ele>103.277939</ele>
        <time>2023-05-21T23:07:50.111Z</time>
      </trkpt>
      <trkpt lat="37.394296" lon="-121.813300">
        <ele>103.076978</ele>
        <time>2023-05-21T23:07:52.098Z</time>
      </trkpt>
      <trkpt lat="37.394238" lon="-121.813418">
        <ele>102.892119</ele>
        <time>2023-05-21T23:07:54.110Z</time>
      </trkpt>
      <trkpt lat="37.394183" lon="-121.813552">
        <ele>102.691180</ele>
        <time>2023-05-21T23:07:56.109Z</time>
      </trkpt>
      <trkpt lat="37.394121" lon="-121.813689">
        <ele>102.481127</ele>
        <time>2023-05-21T23:07:58.114Z</time>
      </trkpt>
      <trkpt lat="37.394062" lon="-121.813829">
        <ele>102.269996</ele>
        <time>2023-05-21T23:08:00.109Z</time>
      </trkpt>
      <trkpt lat="37.393999" lon="-121.813987">
        <ele>101.850407</ele>
        <time>2023-05-21T23:08:02.098Z</time>
      </trkpt>
      <trkpt lat="37.393939" lon="-121.814149">
        <ele>101.246571</ele>
        <time>2023-05-21T23:08:04.095Z</time>
      </trkpt>
      <trkpt lat="37.393887" lon="-121.814321">
        <ele>100.624850</ele>
        <time>2023-05-21T23:08:06.112Z</time>
      </trkpt>
      <trkpt lat="37.393860" lon="-121.814482">
        <ele>100.068955</ele>
        <time>2023-05-21T23:08:08.090Z</time>
      </trkpt>
      <trkpt lat="37.393844" lon="-121.814637">
        <ele>99.540913</ele>
        <time>2023-05-21T23:08:10.103Z</time>
      </trkpt>
      <trkpt lat="37.393815" lon="-121.814785">
        <ele>99.025938</ele>
        <time>2023-05-21T23:08:12.112Z</time>
      </trkpt>
      <trkpt lat="37.393800" lon="-121.814945">
        <ele>98.481655</ele>
        <time>2023-05-21T23:08:14.103Z</time>
      </trkpt>
      <trkpt lat="37.393791" lon="-121.815109">
        <ele>97.926289</ele>
        <time>2023-05-21T23:08:16.091Z</time>
      </trkpt>
      <trkpt lat="37.393787" lon="-121.815276">
        <ele>97.361852</ele>
        <time>2023-05-21T23:08:18.103Z</time>
      </trkpt>
      <trkpt lat="37.393799" lon="-121.815447">
        <ele>96.781909</ele>
        <time>2023-05-21T23:08:20.111Z</time>
      </trkpt>
      <trkpt lat="37.393806" lon="-121.815612">
        <ele>96.223691</ele>
        <time>2023-05-21T23:08:22.112Z</time>
      </trkpt>
      <trkpt lat="37.393812" lon="-121.815784">
        <ele>95.642059</ele>
        <time>2023-05-21T23:08:24.104Z</time>
      </trkpt>
      <trkpt lat="37.393824" lon="-121.815973">
        <ele>95.001519</ele>
        <time>2023-05-21T23:08:26.101Z</time>
      </trkpt>
      <trkpt lat="37.393831" lon="-121.816160">
        <ele>94.360155</ele>
        <time>2023-05-21T23:08:28.108Z</time>
      </trkpt>
      <trkpt lat="37.393836" lon="-121.816341">
        <ele>93.708485</ele>
        <time>2023-05-21T23:08:30.108Z</time>
      </trkpt>
      <trkpt lat="37.393844" lon="-121.816501">
        <ele>93.131631</ele>
        <time>2023-05-21T23:08:32.104Z</time>
      </trkpt>
      <trkpt lat="37.393853" lon="-121.816664">
        <ele>92.543708</ele>
        <time>2023-05-21T23:08:34.098Z</time>
      </trkpt>
      <trkpt lat="37.393860" lon="-121.816825">
        <ele>91.963528</ele>
        <time>2023-05-21T23:08:36.106Z</time>
      </trkpt>
      <trkpt lat="37.393849" lon="-121.817011">
        <ele>91.292409</ele>
        <time>2023-05-21T23:08:38.107Z</time>
      </trkpt>
      <trkpt lat="37.393836" lon="-121.817180">
        <ele>90.681467</ele>
        <time>2023-05-21T23:08:40.083Z</time>
      </trkpt>
      <trkpt lat="37.393825" lon="-121.817364">
        <ele>90.017523</ele>
        <time>2023-05-21T23:08:42.102Z</time>
      </trkpt>
      <trkpt lat="37.393811" lon="-121.817536">
        <ele>89.395390</ele>
        <time>2023-05-21T23:08:44.112Z</time>
      </trkpt>
      <trkpt lat="37.393801" lon="-121.817679">
        <ele>88.878856</ele>
        <time>2023-05-21T23:08:46.099Z</time>
      </trkpt>
      <trkpt lat="37.393804" lon="-121.817828">
        <ele>88.342550</ele>
        <time>2023-05-21T23:08:48.099Z</time>
      </trkpt>
      <trkpt lat="37.393816" lon="-121.817973">
        <ele>87.817985</ele>
        <time>2023-05-21T23:08:50.106Z</time>
      </trkpt>
      <trkpt lat="37.393837" lon="-121.818109">
        <ele>87.319471</ele>
        <time>2023-05-21T23:08:52.113Z</time>
      </trkpt>
      <trkpt lat="37.393879" lon="-121.818264">
        <ele>86.730202</ele>
        <time>2023-05-21T23:08:54.113Z</time>
      </trkpt>
      <trkpt lat="37.393948" lon="-121.818430">
        <ele>86.230498</ele>
        <time>2023-05-21T23:08:56.113Z</time>
      </trkpt>
      <trkpt lat="37.394028" lon="-121.818560">
        <ele>85.978417</ele>
        <time>2023-05-21T23:08:58.101Z</time>
      </trkpt>
      <trkpt lat="37.394123" lon="-121.818676">
        <ele>85.723025</ele>
        <time>2023-05-21T23:09:00.106Z</time>
      </trkpt>
      <trkpt lat="37.394221" lon="-121.818764">
        <ele>85.490740</ele>
        <time>2023-05-21T23:09:02.090Z</time>
      </trkpt>
      <trkpt lat="37.394320" lon="-121.818830">
        <ele>85.274573</ele>
        <time>2023-05-21T23:09:04.090Z</time>
      </trkpt>
      <trkpt lat="37.394412" lon="-121.818895">
        <ele>85.070999</ele>
        <time>2023-05-21T23:09:06.088Z</time>
      </trkpt>
      <trkpt lat="37.394501" lon="-121.818955">
        <ele>84.876186</ele>
        <time>2023-05-21T23:09:08.061Z</time>
      </trkpt>
      <trkpt lat="37.394610" lon="-121.819037">
        <ele>84.631161</ele>
        <time>2023-05-21T23:09:11.090Z</time>
      </trkpt>
      <trkpt lat="37.394696" lon="-121.819094">
        <ele>84.443619</ele>
        <time>2023-05-21T23:09:13.104Z</time>
      </trkpt>
      <trkpt lat="37.394776" lon="-121.819163">
        <ele>84.256490</ele>
        <time>2023-05-21T23:09:15.110Z</time>
      </trkpt>
      <trkpt lat="37.394850" lon="-121.819293">
        <ele>84.011329</ele>
        <time>2023-05-21T23:09:18.097Z</time>
      </trkpt>
      <trkpt lat="37.394876" lon="-121.819412">
        <ele>83.822132</ele>
        <time>2023-05-21T23:09:20.107Z</time>
      </trkpt>
      <trkpt lat="37.394886" lon="-121.819528">
        <ele>83.643263</ele>
        <time>2023-05-21T23:09:22.106Z</time>
      </trkpt>
      <trkpt lat="37.394854" lon="-121.819647">
        <ele>83.450672</ele>
        <time>2023-05-21T23:09:24.120Z</time>
      </trkpt>
      <trkpt lat="37.394785" lon="-121.819732">
        <ele>83.264378</ele>
        <time>2023-05-21T23:09:26.099Z</time>
      </trkpt>
      <trkpt lat="37.394691" lon="-121.819794">
        <ele>83.059606</ele>
        <time>2023-05-21T23:09:28.103Z</time>
      </trkpt>
      <trkpt lat="37.394580" lon="-121.819851">
        <ele>82.807533</ele>
        <time>2023-05-21T23:09:30.113Z</time>
      </trkpt>
      <trkpt lat="37.394478" lon="-121.819922">
        <ele>82.506210</ele>
        <time>2023-05-21T23:09:32.104Z</time>
      </trkpt>
      <trkpt lat="37.394432" lon="-121.820058">
        <ele>82.202627</ele>
        <time>2023-05-21T23:09:34.076Z</time>
      </trkpt>
      <trkpt lat="37.394443" lon="-121.820224">
        <ele>81.860504</ele>
        <time>2023-05-21T23:09:36.106Z</time>
      </trkpt>
      <trkpt lat="37.394499" lon="-121.820401">
        <ele>81.469208</ele>
        <time>2023-05-21T23:09:38.103Z</time>
      </trkpt>
      <trkpt lat="37.394584" lon="-121.820560">
        <ele>81.075599</ele>
        <time>2023-05-21T23:09:40.115Z</time>
      </trkpt>
      <trkpt lat="37.394690" lon="-121.820693">
        <ele>80.688678</ele>
        <time>2023-05-21T23:09:42.103Z</time>
      </trkpt>
      <trkpt lat="37.394817" lon="-121.820803">
        <ele>80.290140</ele>
        <time>2023-05-21T23:09:44.121Z</time>
      </trkpt>
      <trkpt lat="37.394938" lon="-121.820891">
        <ele>79.928874</ele>
        <time>2023-05-21T23:09:46.101Z</time>
      </trkpt>
      <trkpt lat="37.395055" lon="-121.820967">
        <ele>79.588507</ele>
        <time>2023-05-21T23:09:48.107Z</time>
      </trkpt>
      <trkpt lat="37.395166" lon="-121.821043">
        <ele>79.261847</ele>
        <time>2023-05-21T23:09:50.112Z</time>
      </trkpt>
      <trkpt lat="37.395236" lon="-121.821177">
        <ele>78.932470</ele>
        <time>2023-05-21T23:09:53.099Z</time>
      </trkpt>
      <trkpt lat="37.395262" lon="-121.821318">
        <ele>78.635183</ele>
        <time>2023-05-21T23:09:56.102Z</time>
      </trkpt>
      <trkpt lat="37.395262" lon="-121.821477">
        <ele>78.308625</ele>
        <time>2023-05-21T23:09:59.079Z</time>
      </trkpt>
      <trkpt lat="37.395277" lon="-121.821635">
        <ele>78.120897</ele>
        <time>2023-05-21T23:10:02.111Z</time>
      </trkpt>
      <trkpt lat="37.395331" lon="-121.821777">
        <ele>77.972036</ele>
        <time>2023-05-21T23:10:05.104Z</time>
      </trkpt>
      <trkpt lat="37.395389" lon="-121.821908">
        <ele>77.830229</ele>
        <time>2023-05-21T23:10:08.095Z</time>
      </trkpt>
      <trkpt lat="37.395438" lon="-121.822067">
        <ele>77.668967</ele>
        <time>2023-05-21T23:10:11.099Z</time>
      </trkpt>
      <trkpt lat="37.395494" lon="-121.822214">
        <ele>77.514814</ele>
        <time>2023-05-21T23:10:14.112Z</time>
      </trkpt>
      <trkpt lat="37.395545" lon="-121.822360">
        <ele>77.364005</ele>
        <time>2023-05-21T23:10:17.111Z</time>
      </trkpt>
      <trkpt lat="37.395599" lon="-121.822503">
        <ele>77.214290</ele>
        <time>2023-05-21T23:10:20.100Z</time>
      </trkpt>
      <trkpt lat="37.395643" lon="-121.822606">
        <ele>77.103710</ele>
        <time>2023-05-21T23:10:22.110Z</time>
      </trkpt>
      <trkpt lat="37.395702" lon="-121.822761">
        <ele>76.941192</ele>
        <time>2023-05-21T23:10:25.094Z</time>
      </trkpt>
      <trkpt lat="37.395754" lon="-121.822867">
        <ele>76.823393</ele>
        <time>2023-05-21T23:10:27.092Z</time>
      </trkpt>
      <trkpt lat="37.395803" lon="-121.822976">
        <ele>76.704969</ele>
        <time>2023-05-21T23:10:29.123Z</time>
      </trkpt>
      <trkpt lat="37.395846" lon="-121.823085">
        <ele>76.589895</ele>
        <time>2023-05-21T23:10:31.120Z</time>
      </trkpt>
      <trkpt lat="37.395901" lon="-121.823217">
        <ele>76.448955</ele>
        <time>2023-05-21T23:10:33.108Z</time>
      </trkpt>
      <trkpt lat="37.395940" lon="-121.823376">
        <ele>76.291607</ele>
        <time>2023-05-21T23:10:35.109Z</time>
      </trkpt>
      <trkpt lat="37.395999" lon="-121.823528">
        <ele>76.131644</ele>
        <time>2023-05-21T23:10:37.101Z</time>
      </trkpt>
      <trkpt lat="37.396073" lon="-121.823666">
        <ele>75.559740</ele>
        <time>2023-05-21T23:10:39.111Z</time>
      </trkpt>
      <trkpt lat="37.396149" lon="-121.823766">
        <ele>74.993599</ele>
        <time>2023-05-21T23:10:41.075Z</time>
      </trkpt>
      <trkpt lat="37.396247" lon="-121.823867">
        <ele>74.341385</ele>
        <time>2023-05-21T23:10:43.098Z</time>
      </trkpt>
      <trkpt lat="37.396359" lon="-121.823979">
        <ele>73.604803</ele>
        <time>2023-05-21T23:10:45.120Z</time>
      </trkpt>
      <trkpt lat="37.396480" lon="-121.824096">
        <ele>72.819107</ele>
        <time>2023-05-21T23:10:47.103Z</time>
      </trkpt>
      <trkpt lat="37.396620" lon="-121.824212">
        <ele>71.956025</ele>
        <time>2023-05-21T23:10:49.109Z</time>
      </trkpt>
      <trkpt lat="37.396750" lon="-121.824305">
        <ele>71.186045</ele>
        <time>2023-05-21T23:10:51.102Z</time>
      </trkpt>
      <trkpt lat="37.396842" lon="-121.824426">
        <ele>70.500875</ele>
        <time>2023-05-21T23:10:53.105Z</time>
      </trkpt>
      <trkpt lat="37.396923" lon="-121.824576">
        <ele>69.758903</ele>
        <time>2023-05-21T23:10:55.114Z</time>
      </trkpt>
      <trkpt lat="37.397003" lon="-121.824726">
        <ele>69.019815</ele>
        <time>2023-05-21T23:10:57.106Z</time>
      </trkpt>
      <trkpt lat="37.397079" lon="-121.824884">
        <ele>68.264208</ele>
        <time>2023-05-21T23:10:59.109Z</time>
      </trkpt>
      <trkpt lat="37.397132" lon="-121.825069">
        <ele>67.459686</ele>
        <time>2023-05-21T23:11:01.115Z</time>
      </trkpt>
      <trkpt lat="37.397152" lon="-121.825252">
        <ele>66.780892</ele>
        <time>2023-05-21T23:11:03.103Z</time>
      </trkpt>
      <trkpt lat="37.397146" lon="-121.825432">
        <ele>66.470235</ele>
        <time>2023-05-21T23:11:05.111Z</time>
      </trkpt>
      <trkpt lat="37.397108" lon="-121.825599">
        <ele>66.170688</ele>
        <time>2023-05-21T23:11:07.122Z</time>
      </trkpt>
      <trkpt lat="37.397081" lon="-121.825763">
        <ele>65.881885</ele>
        <time>2023-05-21T23:11:09.110Z</time>
      </trkpt>
      <trkpt lat="37.397032" lon="-121.825916">
        <ele>65.597428</ele>
        <time>2023-05-21T23:11:11.099Z</time>
      </trkpt>
      <trkpt lat="37.396947" lon="-121.826048">
        <ele>65.304432</ele>
        <time>2023-05-21T23:11:13.114Z</time>
      </trkpt>
      <trkpt lat="37.396838" lon="-121.826155">
        <ele>65.004406</ele>
        <time>2023-05-21T23:11:15.105Z</time>
      </trkpt>
      <trkpt lat="37.396712" lon="-121.826226">
        <ele>64.704767</ele>
        <time>2023-05-21T23:11:17.110Z</time>
      </trkpt>
      <trkpt lat="37.396596" lon="-121.826225">
        <ele>64.452982</ele>
        <time>2023-05-21T23:11:19.097Z</time>
      </trkpt>
      <trkpt lat="37.396500" lon="-121.826194">
        <ele>64.237864</ele>
        <time>2023-05-21T23:11:21.098Z</time>
      </trkpt>
      <trkpt lat="37.396412" lon="-121.826136">
        <ele>64.022259</ele>
        <time>2023-05-21T23:11:23.102Z</time>
      </trkpt>
      <trkpt lat="37.396288" lon="-121.826098">
        <ele>63.745253</ele>
        <time>2023-05-21T23:11:26.094Z</time>
      </trkpt>
      <trkpt lat="37.396175" lon="-121.826023">
        <ele>63.467977</ele>
        <time>2023-05-21T23:11:29.119Z</time>
      </trkpt>
      <trkpt lat="37.396123" lon="-121.825924">
        <ele>63.263326</ele>
        <time>2023-05-21T23:11:31.105Z</time>
      </trkpt>
      <trkpt lat="37.396071" lon="-121.825799">
        <ele>63.020016</ele>
        <time>2023-05-21T23:11:34.115Z</time>
      </trkpt>
      <trkpt lat="37.395952" lon="-121.825750">
        <ele>62.655125</ele>
        <time>2023-05-21T23:11:37.113Z</time>
      </trkpt>
      <trkpt lat="37.395842" lon="-121.825671">
        <ele>62.241617</ele>
        <time>2023-05-21T23:11:40.123Z</time>
      </trkpt>
      <trkpt lat="37.395605" lon="-121.825490">
        <ele>61.336498</ele>
        <time>2023-05-21T23:12:05.096Z</time>
      </trkpt>
      <trkpt lat="37.395525" lon="-121.825424">
        <ele>61.024186</ele>
        <time>2023-05-21T23:12:08.104Z</time>
      </trkpt>
      <trkpt lat="37.395437" lon="-121.825332">
        <ele>60.650677</ele>
        <time>2023-05-21T23:12:12.076Z</time>
      </trkpt>
      <trkpt lat="37.395319" lon="-121.825386">
        <ele>60.240725</ele>
        <time>2023-05-21T23:12:16.060Z</time>
      </trkpt>
      <trkpt lat="37.395243" lon="-121.825508">
        <ele>59.838572</ele>
        <time>2023-05-21T23:12:19.074Z</time>
      </trkpt>
      <trkpt lat="37.395127" lon="-121.825538">
        <ele>59.451911</ele>
        <time>2023-05-21T23:12:22.071Z</time>
      </trkpt>
      <trkpt lat="37.395033" lon="-121.825527">
        <ele>59.143670</ele>
        <time>2023-05-21T23:12:24.076Z</time>
      </trkpt>
      <trkpt lat="37.394937" lon="-121.825577">
        <ele>58.804449</ele>
        <time>2023-05-21T23:12:26.061Z</time>
      </trkpt>
      <trkpt lat="37.394854" lon="-121.825657">
        <ele>58.463118</ele>
        <time>2023-05-21T23:12:28.065Z</time>
      </trkpt>
      <trkpt lat="37.394797" lon="-121.825749">
        <ele>58.160480</ele>
        <time>2023-05-21T23:12:30.064Z</time>
      </trkpt>
      <trkpt lat="37.394753" lon="-121.825883">
        <ele>57.784365</ele>
        <time>2023-05-21T23:12:32.067Z</time>
      </trkpt>
      <trkpt lat="37.394733" lon="-121.826026">
        <ele>57.407718</ele>
        <time>2023-05-21T23:12:34.064Z</time>
      </trkpt>
      <trkpt lat="37.394743" lon="-121.826161">
        <ele>57.058164</ele>
        <time>2023-05-21T23:12:36.092Z</time>
      </trkpt>
      <trkpt lat="37.394765" lon="-121.826285">
        <ele>56.896973</ele>
        <time>2023-05-21T23:12:38.078Z</time>
      </trkpt>
      <trkpt lat="37.394799" lon="-121.826405">
        <ele>56.735340</ele>
        <time>2023-05-21T23:12:40.070Z</time>
      </trkpt>
      <trkpt lat="37.394841" lon="-121.826529">
        <ele>56.564325</ele>
        <time>2023-05-21T23:12:42.086Z</time>
      </trkpt>
      <trkpt lat="37.394889" lon="-121.826633">
        <ele>56.411734</ele>
        <time>2023-05-21T23:12:44.102Z</time>
      </trkpt>
      <trkpt lat="37.394934" lon="-121.826770">
        <ele>56.223657</ele>
        <time>2023-05-21T23:12:47.103Z</time>
      </trkpt>
      <trkpt lat="37.394981" lon="-121.826890">
        <ele>56.053921</ele>
        <time>2023-05-21T23:12:50.105Z</time>
      </trkpt>
      <trkpt lat="37.395035" lon="-121.827018">
        <ele>55.870056</ele>
        <time>2023-05-21T23:12:53.069Z</time>
      </trkpt>
      <trkpt lat="37.395086" lon="-121.827180">
        <ele>55.648984</ele>
        <time>2023-05-21T23:12:56.081Z</time>
      </trkpt>
      <trkpt lat="37.395124" lon="-121.827291">
        <ele>55.495644</ele>
        <time>2023-05-21T23:12:58.107Z</time>
      </trkpt>
      <trkpt lat="37.395149" lon="-121.827404">
        <ele>55.346830</ele>
        <time>2023-05-21T23:13:00.120Z</time>
      </trkpt>
      <trkpt lat="37.395173" lon="-121.827518">
        <ele>55.197210</ele>
        <time>2023-05-21T23:13:02.121Z</time>
      </trkpt>
      <trkpt lat="37.395189" lon="-121.827645">
        <ele>55.034076</ele>
        <time>2023-05-21T23:13:04.106Z</time>
      </trkpt>
      <trkpt lat="37.395207" lon="-121.827768">
        <ele>54.875405</ele>
        <time>2023-05-21T23:13:06.077Z</time>
      </trkpt>
      <trkpt lat="37.395206" lon="-121.827905">
        <ele>54.701590</ele>
        <time>2023-05-21T23:13:09.103Z</time>
      </trkpt>
      <trkpt lat="37.395197" lon="-121.828037">
        <ele>54.533511</ele>
        <time>2023-05-21T23:13:14.107Z</time>
      </trkpt>
      <trkpt lat="37.395167" lon="-121.828155">
        <ele>54.376329</ele>
        <time>2023-05-21T23:13:17.097Z</time>
      </trkpt>
      <trkpt lat="37.395108" lon="-121.828297">
        <ele>54.172486</ele>
        <time>2023-05-21T23:13:20.105Z</time>
      </trkpt>
      <trkpt lat="37.395058" lon="-121.828395">
        <ele>54.019364</ele>
        <time>2023-05-21T23:13:22.096Z</time>
      </trkpt>
      <trkpt lat="37.394992" lon="-121.828479">
        <ele>53.864043</ele>
        <time>2023-05-21T23:13:24.104Z</time>
      </trkpt>
      <trkpt lat="37.394919" lon="-121.828565">
        <ele>53.698583</ele>
        <time>2023-05-21T23:13:27.108Z</time>
      </trkpt>
      <trkpt lat="37.394948" lon="-121.828685">
        <ele>53.533680</ele>
        <time>2023-05-21T23:13:30.097Z</time>
      </trkpt>
      <trkpt lat="37.394826" lon="-121.828875">
        <ele>53.212500</ele>
        <time>2023-05-21T23:14:04.115Z</time>
      </trkpt>
      <trkpt lat="37.394729" lon="-121.828989">
        <ele>52.992888</ele>
        <time>2023-05-21T23:14:07.103Z</time>
      </trkpt>
      <trkpt lat="37.394646" lon="-121.829051">
        <ele>52.833171</ele>
        <time>2023-05-21T23:14:09.110Z</time>
      </trkpt>
      <trkpt lat="37.394569" lon="-121.829112">
        <ele>52.682612</ele>
        <time>2023-05-21T23:14:11.097Z</time>
      </trkpt>
      <trkpt lat="37.394486" lon="-121.829165">
        <ele>52.528598</ele>
        <time>2023-05-21T23:14:13.123Z</time>
      </trkpt>
      <trkpt lat="37.394381" lon="-121.829241">
        <ele>52.328160</ele>
        <time>2023-05-21T23:14:16.110Z</time>
      </trkpt>
      <trkpt lat="37.394279" lon="-121.829325">
        <ele>52.126449</ele>
        <time>2023-05-21T23:14:19.096Z</time>
      </trkpt>
      <trkpt lat="37.394198" lon="-121.829431">
        <ele>51.933089</ele>
        <time>2023-05-21T23:14:22.100Z</time>
      </trkpt>
      <trkpt lat="37.394145" lon="-121.829526">
        <ele>51.780471</ele>
        <time>2023-05-21T23:14:24.113Z</time>
      </trkpt>
      <trkpt lat="37.394089" lon="-121.829621">
        <ele>51.624948</ele>
        <time>2023-05-21T23:14:26.120Z</time>
      </trkpt>
      <trkpt lat="37.394029" lon="-121.829718">
        <ele>51.463325</ele>
        <time>2023-05-21T23:14:28.109Z</time>
      </trkpt>
      <trkpt lat="37.393976" lon="-121.829811">
        <ele>51.312852</ele>
        <time>2023-05-21T23:14:30.125Z</time>
      </trkpt>
      <trkpt lat="37.393919" lon="-121.829917">
        <ele>51.174664</ele>
        <time>2023-05-21T23:14:34.106Z</time>
      </trkpt>
      <trkpt lat="37.393871" lon="-121.830019">
        <ele>51.088820</ele>
        <time>2023-05-21T23:14:39.049Z</time>
      </trkpt>
      <trkpt lat="37.393810" lon="-121.830150">
        <ele>50.978869</ele>
        <time>2023-05-21T23:14:43.097Z</time>
      </trkpt>
      <trkpt lat="37.393784" lon="-121.830299">
        <ele>50.868404</ele>
        <time>2023-05-21T23:14:46.051Z</time>
      </trkpt>
      <trkpt lat="37.393761" lon="-121.830435">
        <ele>50.767718</ele>
        <time>2023-05-21T23:14:49.057Z</time>
      </trkpt>
      <trkpt lat="37.393756" lon="-121.830557">
        <ele>50.679258</ele>
        <time>2023-05-21T23:14:52.116Z</time>
      </trkpt>
      <trkpt lat="37.393752" lon="-121.830681">
        <ele>50.589394</ele>
        <time>2023-05-21T23:14:55.055Z</time>
      </trkpt>
      <trkpt lat="37.393766" lon="-121.830819">
        <ele>50.488655</ele>
        <time>2023-05-21T23:14:58.074Z</time>
      </trkpt>
      <trkpt lat="37.393780" lon="-121.830964">
        <ele>50.382885</ele>
        <time>2023-05-21T23:15:01.084Z</time>
      </trkpt>
      <trkpt lat="37.393800" lon="-121.831087">
        <ele>50.291973</ele>
        <time>2023-05-21T23:15:04.085Z</time>
      </trkpt>
      <trkpt lat="37.393818" lon="-121.831212">
        <ele>50.199984</ele>
        <time>2023-05-21T23:15:07.082Z</time>
      </trkpt>
      <trkpt lat="37.393823" lon="-121.831361">
        <ele>50.091994</ele>
        <time>2023-05-21T23:15:11.089Z</time>
      </trkpt>
      <trkpt lat="37.393843" lon="-121.831523">
        <ele>49.973280</ele>
        <time>2023-05-21T23:15:14.093Z</time>
      </trkpt>
      <trkpt lat="37.393854" lon="-121.831640">
        <ele>49.887967</ele>
        <time>2023-05-21T23:15:16.090Z</time>
      </trkpt>
      <trkpt lat="37.393851" lon="-121.831811">
        <ele>49.764114</ele>
        <time>2023-05-21T23:15:19.059Z</time>
      </trkpt>
      <trkpt lat="37.393833" lon="-121.831927">
        <ele>49.678529</ele>
        <time>2023-05-21T23:15:21.086Z</time>
      </trkpt>
      <trkpt lat="37.393803" lon="-121.832082">
        <ele>49.555840</ele>
        <time>2023-05-21T23:15:24.088Z</time>
      </trkpt>
      <trkpt lat="37.393779" lon="-121.832194">
        <ele>49.406462</ele>
        <time>2023-05-21T23:15:26.080Z</time>
      </trkpt>
      <trkpt lat="37.393733" lon="-121.832354">
        <ele>49.187351</ele>
        <time>2023-05-21T23:15:29.084Z</time>
      </trkpt>
      <trkpt lat="37.393663" lon="-121.832493">
        <ele>48.975428</ele>
        <time>2023-05-21T23:15:32.092Z</time>
      </trkpt>
      <trkpt lat="37.393587" lon="-121.832614">
        <ele>48.776802</ele>
        <time>2023-05-21T23:15:35.080Z</time>
      </trkpt>
      <trkpt lat="37.393503" lon="-121.832703">
        <ele>48.598837</ele>
        <time>2023-05-21T23:15:38.095Z</time>
      </trkpt>
      <trkpt lat="37.393426" lon="-121.832773">
        <ele>48.444885</ele>
        <time>2023-05-21T23:15:40.097Z</time>
      </trkpt>
      <trkpt lat="37.393356" lon="-121.832851">
        <ele>48.293354</ele>
        <time>2023-05-21T23:15:42.078Z</time>
      </trkpt>
      <trkpt lat="37.393275" lon="-121.832935">
        <ele>48.123245</ele>
        <time>2023-05-21T23:15:44.076Z</time>
      </trkpt>
      <trkpt lat="37.393187" lon="-121.833024">
        <ele>47.940272</ele>
        <time>2023-05-21T23:15:46.060Z</time>
      </trkpt>
      <trkpt lat="37.393106" lon="-121.833109">
        <ele>47.769342</ele>
        <time>2023-05-21T23:15:48.079Z</time>
      </trkpt>
      <trkpt lat="37.393037" lon="-121.833200">
        <ele>47.607355</ele>
        <time>2023-05-21T23:15:50.093Z</time>
      </trkpt>
      <trkpt lat="37.392969" lon="-121.833301">
        <ele>47.436875</ele>
        <time>2023-05-21T23:15:53.099Z</time>
      </trkpt>
      <trkpt lat="37.392905" lon="-121.833385">
        <ele>47.287004</ele>
        <time>2023-05-21T23:15:58.084Z</time>
      </trkpt>
      <trkpt lat="37.392842" lon="-121.833512">
        <ele>47.094201</ele>
        <time>2023-05-21T23:16:02.067Z</time>
      </trkpt>
      <trkpt lat="37.392801" lon="-121.833625">
        <ele>46.934230</ele>
        <time>2023-05-21T23:16:04.066Z</time>
      </trkpt>
      <trkpt lat="37.392759" lon="-121.833752">
        <ele>46.757085</ele>
        <time>2023-05-21T23:16:06.086Z</time>
      </trkpt>
      <trkpt lat="37.392726" lon="-121.833880">
        <ele>46.601440</ele>
        <time>2023-05-21T23:16:08.095Z</time>
      </trkpt>
      <trkpt lat="37.392690" lon="-121.834015">
        <ele>46.462314</ele>
        <time>2023-05-21T23:16:10.064Z</time>
      </trkpt>
      <trkpt lat="37.392660" lon="-121.834160">
        <ele>46.315924</ele>
        <time>2023-05-21T23:16:12.095Z</time>
      </trkpt>
      <trkpt lat="37.392634" lon="-121.834298">
        <ele>46.177359</ele>
        <time>2023-05-21T23:16:14.086Z</time>
      </trkpt>
      <trkpt lat="37.392608" lon="-121.834433">
        <ele>46.041645</ele>
        <time>2023-05-21T23:16:16.084Z</time>
      </trkpt>
      <trkpt lat="37.392579" lon="-121.834572">
        <ele>45.901237</ele>
        <time>2023-05-21T23:16:18.060Z</time>
      </trkpt>
      <trkpt lat="37.392533" lon="-121.834708">
        <ele>45.756826</ele>
        <time>2023-05-21T23:16:20.095Z</time>
      </trkpt>
      <trkpt lat="37.392471" lon="-121.834838">
        <ele>45.608689</ele>
        <time>2023-05-21T23:16:22.079Z</time>
      </trkpt>
      <trkpt lat="37.392396" lon="-121.834974">
        <ele>45.446945</ele>
        <time>2023-05-21T23:16:24.075Z</time>
      </trkpt>
      <trkpt lat="37.392312" lon="-121.835096">
        <ele>45.289220</ele>
        <time>2023-05-21T23:16:26.068Z</time>
      </trkpt>
      <trkpt lat="37.392235" lon="-121.835207">
        <ele>45.145252</ele>
        <time>2023-05-21T23:16:28.090Z</time>
      </trkpt>
      <trkpt lat="37.392171" lon="-121.835320">
        <ele>45.009670</ele>
        <time>2023-05-21T23:16:30.068Z</time>
      </trkpt>
      <trkpt lat="37.392116" lon="-121.835442">
        <ele>44.872624</ele>
        <time>2023-05-21T23:16:32.091Z</time>
      </trkpt>
      <trkpt lat="37.392070" lon="-121.835573">
        <ele>44.732693</ele>
        <time>2023-05-21T23:16:34.072Z</time>
      </trkpt>
      <trkpt lat="37.392031" lon="-121.835715">
        <ele>44.585902</ele>
        <time>2023-05-21T23:16:36.092Z</time>
      </trkpt>
      <trkpt lat="37.391992" lon="-121.835852">
        <ele>44.441929</ele>
        <time>2023-05-21T23:16:38.094Z</time>
      </trkpt>
      <trkpt lat="37.391954" lon="-121.836012">
        <ele>44.067622</ele>
        <time>2023-05-21T23:16:40.081Z</time>
      </trkpt>
      <trkpt lat="37.391917" lon="-121.836163">
        <ele>43.713437</ele>
        <time>2023-05-21T23:16:42.086Z</time>
      </trkpt>
      <trkpt lat="37.391863" lon="-121.836308">
        <ele>43.354499</ele>
        <time>2023-05-21T23:16:44.085Z</time>
      </trkpt>
      <trkpt lat="37.391808" lon="-121.836454">
        <ele>42.992329</ele>
        <time>2023-05-21T23:16:46.086Z</time>
      </trkpt>
      <trkpt lat="37.391751" lon="-121.836594">
        <ele>42.639726</ele>
        <time>2023-05-21T23:16:48.082Z</time>
      </trkpt>
      <trkpt lat="37.391703" lon="-121.836752">
        <ele>42.260574</ele>
        <time>2023-05-21T23:16:50.095Z</time>
      </trkpt>
      <trkpt lat="37.391667" lon="-121.836921">
        <ele>41.868395</ele>
        <time>2023-05-21T23:16:52.091Z</time>
      </trkpt>
      <trkpt lat="37.391657" lon="-121.837105">
        <ele>41.455009</ele>
        <time>2023-05-21T23:16:54.090Z</time>
      </trkpt>
      <trkpt lat="37.391665" lon="-121.837276">
        <ele>41.071061</ele>
        <time>2023-05-21T23:16:56.073Z</time>
      </trkpt>
      <trkpt lat="37.391669" lon="-121.837440">
        <ele>40.703294</ele>
        <time>2023-05-21T23:16:58.087Z</time>
      </trkpt>
      <trkpt lat="37.391659" lon="-121.837609">
        <ele>40.323444</ele>
        <time>2023-05-21T23:17:00.050Z</time>
      </trkpt>
      <trkpt lat="37.391645" lon="-121.837769">
        <ele>39.962647</ele>
        <time>2023-05-21T23:17:02.087Z</time>
      </trkpt>
      <trkpt lat="37.391618" lon="-121.837939">
        <ele>39.574066</ele>
        <time>2023-05-21T23:17:04.083Z</time>
      </trkpt>
      <trkpt lat="37.391586" lon="-121.838093">
        <ele>39.350249</ele>
        <time>2023-05-21T23:17:06.094Z</time>
      </trkpt>
      <trkpt lat="37.391551" lon="-121.838257">
        <ele>39.299231</ele>
        <time>2023-05-21T23:17:08.065Z</time>
      </trkpt>
      <trkpt lat="37.391514" lon="-121.838422">
        <ele>39.247723</ele>
        <time>2023-05-21T23:17:10.091Z</time>
      </trkpt>
      <trkpt lat="37.391481" lon="-121.838597">
        <ele>39.193686</ele>
        <time>2023-05-21T23:17:12.093Z</time>
      </trkpt>
      <trkpt lat="37.391455" lon="-121.838780">
        <ele>39.137835</ele>
        <time>2023-05-21T23:17:14.083Z</time>
      </trkpt>
      <trkpt lat="37.391427" lon="-121.838963">
        <ele>39.081845</ele>
        <time>2023-05-21T23:17:16.074Z</time>
      </trkpt>
      <trkpt lat="37.391398" lon="-121.839135">
        <ele>39.029020</ele>
        <time>2023-05-21T23:17:18.086Z</time>
      </trkpt>
      <trkpt lat="37.391370" lon="-121.839301">
        <ele>38.978036</ele>
        <time>2023-05-21T23:17:20.083Z</time>
      </trkpt>
      <trkpt lat="37.391344" lon="-121.839482">
        <ele>38.922776</ele>
        <time>2023-05-21T23:17:22.090Z</time>
      </trkpt>
      <trkpt lat="37.391320" lon="-121.839657">
        <ele>38.869423</ele>
        <time>2023-05-21T23:17:24.094Z</time>
      </trkpt>
      <trkpt lat="37.391286" lon="-121.839821">
        <ele>38.818502</ele>
        <time>2023-05-21T23:17:26.089Z</time>
      </trkpt>
      <trkpt lat="37.391244" lon="-121.839981">
        <ele>38.767877</ele>
        <time>2023-05-21T23:17:28.089Z</time>
      </trkpt>
      <trkpt lat="37.391186" lon="-121.840138">
        <ele>38.715859</ele>
        <time>2023-05-21T23:17:30.059Z</time>
      </trkpt>
      <trkpt lat="37.391124" lon="-121.840298">
        <ele>38.563990</ele>
        <time>2023-05-21T23:17:32.072Z</time>
      </trkpt>
      <trkpt lat="37.391065" lon="-121.840456">
        <ele>38.329298</ele>
        <time>2023-05-21T23:17:34.098Z</time>
      </trkpt>
      <trkpt lat="37.391007" lon="-121.840615">
        <ele>38.094099</ele>
        <time>2023-05-21T23:17:36.080Z</time>
      </trkpt>
      <trkpt lat="37.390943" lon="-121.840780">
        <ele>37.847264</ele>
        <time>2023-05-21T23:17:38.081Z</time>
      </trkpt>
      <trkpt lat="37.390881" lon="-121.840935">
        <ele>37.613977</ele>
        <time>2023-05-21T23:17:40.082Z</time>
      </trkpt>
      <trkpt lat="37.390832" lon="-121.841096">
        <ele>37.382205</ele>
        <time>2023-05-21T23:17:42.063Z</time>
      </trkpt>
      <trkpt lat="37.390789" lon="-121.841251">
        <ele>37.161498</ele>
        <time>2023-05-21T23:17:44.076Z</time>
      </trkpt>
      <trkpt lat="37.390760" lon="-121.841406">
        <ele>36.947428</ele>
        <time>2023-05-21T23:17:46.089Z</time>
      </trkpt>
      <trkpt lat="37.390730" lon="-121.841571">
        <ele>36.719881</ele>
        <time>2023-05-21T23:17:48.081Z</time>
      </trkpt>
      <trkpt lat="37.390721" lon="-121.841718">
        <ele>36.521679</ele>
        <time>2023-05-21T23:17:50.091Z</time>
      </trkpt>
      <trkpt lat="37.390701" lon="-121.841857">
        <ele>36.331779</ele>
        <time>2023-05-21T23:17:52.088Z</time>
      </trkpt>
      <trkpt lat="37.390683" lon="-121.841985">
        <ele>36.157031</ele>
        <time>2023-05-21T23:17:54.092Z</time>
      </trkpt>
      <trkpt lat="37.390652" lon="-121.842120">
        <ele>35.968119</ele>
        <time>2023-05-21T23:17:57.086Z</time>
      </trkpt>
      <trkpt lat="37.390635" lon="-121.842244">
        <ele>35.798959</ele>
        <time>2023-05-21T23:18:01.083Z</time>
      </trkpt>
      <trkpt lat="37.390560" lon="-121.842490">
        <ele>35.415099</ele>
        <time>2023-05-21T23:18:49.075Z</time>
      </trkpt>
      <trkpt lat="37.390507" lon="-121.842599">
        <ele>35.218171</ele>
        <time>2023-05-21T23:18:51.088Z</time>
      </trkpt>
      <trkpt lat="37.390442" lon="-121.842725">
        <ele>34.986666</ele>
        <time>2023-05-21T23:18:53.086Z</time>
      </trkpt>
      <trkpt lat="37.390369" lon="-121.842860">
        <ele>34.735021</ele>
        <time>2023-05-21T23:18:55.082Z</time>
      </trkpt>
      <trkpt lat="37.390280" lon="-121.843000">
        <ele>34.458721</ele>
        <time>2023-05-21T23:18:57.088Z</time>
      </trkpt>
      <trkpt lat="37.390183" lon="-121.843138">
        <ele>34.174786</ele>
        <time>2023-05-21T23:18:59.087Z</time>
      </trkpt>
      <trkpt lat="37.390089" lon="-121.843276">
        <ele>33.894672</ele>
        <time>2023-05-21T23:19:01.105Z</time>
      </trkpt>
      <trkpt lat="37.390018" lon="-121.843418">
        <ele>33.636124</ele>
        <time>2023-05-21T23:19:03.087Z</time>
      </trkpt>
      <trkpt lat="37.389962" lon="-121.843570">
        <ele>33.377933</ele>
        <time>2023-05-21T23:19:05.079Z</time>
      </trkpt>
      <trkpt lat="37.389920" lon="-121.843733">
        <ele>33.113869</ele>
        <time>2023-05-21T23:19:07.084Z</time>
      </trkpt>
      <trkpt lat="37.389880" lon="-121.843899">
        <ele>32.846555</ele>
        <time>2023-05-21T23:19:09.097Z</time>
      </trkpt>
      <trkpt lat="37.389860" lon="-121.844073">
        <ele>32.575627</ele>
        <time>2023-05-21T23:19:11.093Z</time>
      </trkpt>
      <trkpt lat="37.389844" lon="-121.844248">
        <ele>32.304169</ele>
        <time>2023-05-21T23:19:13.093Z</time>
      </trkpt>
      <trkpt lat="37.389815" lon="-121.844422">
        <ele>32.053813</ele>
        <time>2023-05-21T23:19:15.083Z</time>
      </trkpt>
      <trkpt lat="37.389779" lon="-121.844591">
        <ele>31.833693</ele>
        <time>2023-05-21T23:19:17.088Z</time>
      </trkpt>
      <trkpt lat="37.389735" lon="-121.844764">
        <ele>31.605170</ele>
        <time>2023-05-21T23:19:19.089Z</time>
      </trkpt>
      <trkpt lat="37.389685" lon="-121.844941">
        <ele>31.368838</ele>
        <time>2023-05-21T23:19:21.094Z</time>
      </trkpt>
      <trkpt lat="37.389630" lon="-121.845104">
        <ele>31.146048</ele>
        <time>2023-05-21T23:19:23.089Z</time>
      </trkpt>
      <trkpt lat="37.389567" lon="-121.845257">
        <ele>30.929251</ele>
        <time>2023-05-21T23:19:25.076Z</time>
      </trkpt>
      <trkpt lat="37.389500" lon="-121.845410">
        <ele>30.709468</ele>
        <time>2023-05-21T23:19:27.082Z</time>
      </trkpt>
      <trkpt lat="37.389433" lon="-121.845559">
        <ele>30.494078</ele>
        <time>2023-05-21T23:19:29.069Z</time>
      </trkpt>
      <trkpt lat="37.389366" lon="-121.845703">
        <ele>30.284139</ele>
        <time>2023-05-21T23:19:31.081Z</time>
      </trkpt>
      <trkpt lat="37.389303" lon="-121.845851">
        <ele>30.072907</ele>
        <time>2023-05-21T23:19:33.089Z</time>
      </trkpt>
      <trkpt lat="37.389238" lon="-121.845993">
        <ele>29.866735</ele>
        <time>2023-05-21T23:19:35.082Z</time>
      </trkpt>
      <trkpt lat="37.389177" lon="-121.846134">
        <ele>29.664756</ele>
        <time>2023-05-21T23:19:37.092Z</time>
      </trkpt>
      <trkpt lat="37.389123" lon="-121.846276">
        <ele>29.466702</ele>
        <time>2023-05-21T23:19:39.069Z</time>
      </trkpt>
      <trkpt lat="37.389073" lon="-121.846427">
        <ele>29.251077</ele>
        <time>2023-05-21T23:19:41.072Z</time>
      </trkpt>
      <trkpt lat="37.389030" lon="-121.846565">
        <ele>29.027908</ele>
        <time>2023-05-21T23:19:43.092Z</time>
      </trkpt>
      <trkpt lat="37.388978" lon="-121.846721">
        <ele>28.773215</ele>
        <time>2023-05-21T23:19:45.078Z</time>
      </trkpt>
      <trkpt lat="37.388922" lon="-121.846874">
        <ele>28.519603</ele>
        <time>2023-05-21T23:19:47.090Z</time>
      </trkpt>
      <trkpt lat="37.388867" lon="-121.847022">
        <ele>28.273617</ele>
        <time>2023-05-21T23:19:49.062Z</time>
      </trkpt>
      <trkpt lat="37.388820" lon="-121.847186">
        <ele>28.011139</ele>
        <time>2023-05-21T23:19:51.100Z</time>
      </trkpt>
      <trkpt lat="37.388781" lon="-121.847349">
        <ele>27.754852</ele>
        <time>2023-05-21T23:19:53.071Z</time>
      </trkpt>
      <trkpt lat="37.388747" lon="-121.847527">
        <ele>27.479232</ele>
        <time>2023-05-21T23:19:55.067Z</time>
      </trkpt>
      <trkpt lat="37.388723" lon="-121.847708">
        <ele>27.202963</ele>
        <time>2023-05-21T23:19:57.082Z</time>
      </trkpt>
      <trkpt lat="37.388712" lon="-121.847887">
        <ele>26.932668</ele>
        <time>2023-05-21T23:19:59.049Z</time>
      </trkpt>
      <trkpt lat="37.388709" lon="-121.848060">
        <ele>26.672148</ele>
        <time>2023-05-21T23:20:01.087Z</time>
      </trkpt>
      <trkpt lat="37.388712" lon="-121.848229">
        <ele>26.417650</ele>
        <time>2023-05-21T23:20:03.093Z</time>
      </trkpt>
      <trkpt lat="37.388722" lon="-121.848389">
        <ele>26.176021</ele>
        <time>2023-05-21T23:20:05.083Z</time>
      </trkpt>
      <trkpt lat="37.388723" lon="-121.848556">
        <ele>25.924590</ele>
        <time>2023-05-21T23:20:07.090Z</time>
      </trkpt>
      <trkpt lat="37.388711" lon="-121.848726">
        <ele>25.809732</ele>
        <time>2023-05-21T23:20:09.090Z</time>
      </trkpt>
      <trkpt lat="37.388697" lon="-121.848891">
        <ele>25.710962</ele>
        <time>2023-05-21T23:20:11.092Z</time>
      </trkpt>
      <trkpt lat="37.388692" lon="-121.849050">
        <ele>25.616248</ele>
        <time>2023-05-21T23:20:13.074Z</time>
      </trkpt>
      <trkpt lat="37.388676" lon="-121.849213">
        <ele>25.518489</ele>
        <time>2023-05-21T23:20:15.079Z</time>
      </trkpt>
      <trkpt lat="37.388650" lon="-121.849364">
        <ele>25.426524</ele>
        <time>2023-05-21T23:20:17.098Z</time>
      </trkpt>
      <trkpt lat="37.388623" lon="-121.849509">
        <ele>25.337878</ele>
        <time>2023-05-21T23:20:19.092Z</time>
      </trkpt>
      <trkpt lat="37.388583" lon="-121.849654">
        <ele>25.246517</ele>
        <time>2023-05-21T23:20:21.093Z</time>
      </trkpt>
      <trkpt lat="37.388520" lon="-121.849789">
        <ele>25.153326</ele>
        <time>2023-05-21T23:20:23.079Z</time>
      </trkpt>
      <trkpt lat="37.388456" lon="-121.849924">
        <ele>25.059754</ele>
        <time>2023-05-21T23:20:25.073Z</time>
      </trkpt>
      <trkpt lat="37.388380" lon="-121.850058">
        <ele>24.961758</ele>
        <time>2023-05-21T23:20:27.088Z</time>
      </trkpt>
      <trkpt lat="37.388296" lon="-121.850178">
        <ele>24.866565</ele>
        <time>2023-05-21T23:20:29.103Z</time>
      </trkpt>
      <trkpt lat="37.388211" lon="-121.850289">
        <ele>24.774804</ele>
        <time>2023-05-21T23:20:31.087Z</time>
      </trkpt>
      <trkpt lat="37.388128" lon="-121.850404">
        <ele>24.682328</ele>
        <time>2023-05-21T23:20:33.101Z</time>
      </trkpt>
      <trkpt lat="37.388037" lon="-121.850516">
        <ele>24.586977</ele>
        <time>2023-05-21T23:20:35.087Z</time>
      </trkpt>
      <trkpt lat="37.387948" lon="-121.850630">
        <ele>24.525773</ele>
        <time>2023-05-21T23:20:37.085Z</time>
      </trkpt>
      <trkpt lat="37.387855" lon="-121.850746">
        <ele>24.480216</ele>
        <time>2023-05-21T23:20:39.086Z</time>
      </trkpt>
      <trkpt lat="37.387762" lon="-121.850863">
        <ele>24.434464</ele>
        <time>2023-05-21T23:20:41.093Z</time>
      </trkpt>
      <trkpt lat="37.387663" lon="-121.850979">
        <ele>24.387401</ele>
        <time>2023-05-21T23:20:43.091Z</time>
      </trkpt>
      <trkpt lat="37.387568" lon="-121.851092">
        <ele>24.341920</ele>
        <time>2023-05-21T23:20:45.081Z</time>
      </trkpt>
      <trkpt lat="37.387471" lon="-121.851205">
        <ele>24.295932</ele>
        <time>2023-05-21T23:20:47.073Z</time>
      </trkpt>
      <trkpt lat="37.387379" lon="-121.851321">
        <ele>24.250621</ele>
        <time>2023-05-21T23:20:49.078Z</time>
      </trkpt>
      <trkpt lat="37.387287" lon="-121.851436">
        <ele>24.205505</ele>
        <time>2023-05-21T23:20:51.089Z</time>
      </trkpt>
      <trkpt lat="37.387196" lon="-121.851556">
        <ele>24.159646</ele>
        <time>2023-05-21T23:20:53.097Z</time>
      </trkpt>
      <trkpt lat="37.387102" lon="-121.851673">
        <ele>24.113647</ele>
        <time>2023-05-21T23:20:55.087Z</time>
      </trkpt>
      <trkpt lat="37.387010" lon="-121.851796">
        <ele>24.066947</ele>
        <time>2023-05-21T23:20:57.104Z</time>
      </trkpt>
      <trkpt lat="37.386911" lon="-121.851914">
        <ele>24.019505</ele>
        <time>2023-05-21T23:20:59.081Z</time>
      </trkpt>
      <trkpt lat="37.386818" lon="-121.852043">
        <ele>23.971350</ele>
        <time>2023-05-21T23:21:01.067Z</time>
      </trkpt>
      <trkpt lat="37.386727" lon="-121.852166">
        <ele>23.909883</ele>
        <time>2023-05-21T23:21:03.090Z</time>
      </trkpt>
      <trkpt lat="37.386637" lon="-121.852292">
        <ele>23.706499</ele>
        <time>2023-05-21T23:21:05.065Z</time>
      </trkpt>
      <trkpt lat="37.386551" lon="-121.852420">
        <ele>23.505277</ele>
        <time>2023-05-21T23:21:07.095Z</time>
      </trkpt>
      <trkpt lat="37.386467" lon="-121.852538">
        <ele>23.315095</ele>
        <time>2023-05-21T23:21:09.096Z</time>
      </trkpt>
      <trkpt lat="37.386373" lon="-121.852642">
        <ele>23.126008</ele>
        <time>2023-05-21T23:21:11.084Z</time>
      </trkpt>
      <trkpt lat="37.386269" lon="-121.852727">
        <ele>22.938662</ele>
        <time>2023-05-21T23:21:13.083Z</time>
      </trkpt>
      <trkpt lat="37.386158" lon="-121.852786">
        <ele>22.756622</ele>
        <time>2023-05-21T23:21:15.068Z</time>
      </trkpt>
      <trkpt lat="37.386045" lon="-121.852840">
        <ele>22.574010</ele>
        <time>2023-05-21T23:21:17.099Z</time>
      </trkpt>
      <trkpt lat="37.385929" lon="-121.852903">
        <ele>22.383137</ele>
        <time>2023-05-21T23:21:19.091Z</time>
      </trkpt>
      <trkpt lat="37.385807" lon="-121.852950">
        <ele>22.190379</ele>
        <time>2023-05-21T23:21:21.095Z</time>
      </trkpt>
      <trkpt lat="37.385686" lon="-121.853019">
        <ele>21.989684</ele>
        <time>2023-05-21T23:21:23.082Z</time>
      </trkpt>
      <trkpt lat="37.385560" lon="-121.853110">
        <ele>21.770208</ele>
        <time>2023-05-21T23:21:25.081Z</time>
      </trkpt>
      <trkpt lat="37.385438" lon="-121.853231">
        <ele>21.535537</ele>
        <time>2023-05-21T23:21:27.082Z</time>
      </trkpt>
      <trkpt lat="37.385356" lon="-121.853393">
        <ele>21.304960</ele>
        <time>2023-05-21T23:21:29.095Z</time>
      </trkpt>
      <trkpt lat="37.385286" lon="-121.853553">
        <ele>21.136070</ele>
        <time>2023-05-21T23:21:31.104Z</time>
      </trkpt>
      <trkpt lat="37.385220" lon="-121.853706">
        <ele>21.010426</ele>
        <time>2023-05-21T23:21:33.097Z</time>
      </trkpt>
      <trkpt lat="37.385144" lon="-121.853853">
        <ele>20.883854</ele>
        <time>2023-05-21T23:21:35.065Z</time>
      </trkpt>
      <trkpt lat="37.385056" lon="-121.853989">
        <ele>20.757273</ele>
        <time>2023-05-21T23:21:37.090Z</time>
      </trkpt>
      <trkpt lat="37.384965" lon="-121.854116">
        <ele>20.633852</ele>
        <time>2023-05-21T23:21:39.090Z</time>
      </trkpt>
      <trkpt lat="37.384864" lon="-121.854236">
        <ele>20.507692</ele>
        <time>2023-05-21T23:21:41.073Z</time>
      </trkpt>
      <trkpt lat="37.384764" lon="-121.854353">
        <ele>20.383675</ele>
        <time>2023-05-21T23:21:43.096Z</time>
      </trkpt>
      <trkpt lat="37.384672" lon="-121.854474">
        <ele>20.262808</ele>
        <time>2023-05-21T23:21:45.087Z</time>
      </trkpt>
      <trkpt lat="37.384591" lon="-121.854601">
        <ele>20.145276</ele>
        <time>2023-05-21T23:21:47.092Z</time>
      </trkpt>
      <trkpt lat="37.384508" lon="-121.854734">
        <ele>20.023222</ele>
        <time>2023-05-21T23:21:49.062Z</time>
      </trkpt>
      <trkpt lat="37.384424" lon="-121.854849">
        <ele>19.910484</ele>
        <time>2023-05-21T23:21:51.096Z</time>
      </trkpt>
      <trkpt lat="37.384340" lon="-121.854973">
        <ele>19.792883</ele>
        <time>2023-05-21T23:21:53.079Z</time>
      </trkpt>
      <trkpt lat="37.384257" lon="-121.855096">
        <ele>19.676419</ele>
        <time>2023-05-21T23:21:55.077Z</time>
      </trkpt>
      <trkpt lat="37.384170" lon="-121.855223">
        <ele>19.524717</ele>
        <time>2023-05-21T23:21:57.093Z</time>
      </trkpt>
      <trkpt lat="37.384082" lon="-121.855354">
        <ele>19.235056</ele>
        <time>2023-05-21T23:21:59.092Z</time>
      </trkpt>
      <trkpt lat="37.383993" lon="-121.855475">
        <ele>18.956635</ele>
        <time>2023-05-21T23:22:01.092Z</time>
      </trkpt>
      <trkpt lat="37.383911" lon="-121.855596">
        <ele>18.688098</ele>
        <time>2023-05-21T23:22:03.096Z</time>
      </trkpt>
      <trkpt lat="37.383827" lon="-121.855714">
        <ele>18.420577</ele>
        <time>2023-05-21T23:22:05.088Z</time>
      </trkpt>
      <trkpt lat="37.383742" lon="-121.855843">
        <ele>18.137598</ele>
        <time>2023-05-21T23:22:07.089Z</time>
      </trkpt>
      <trkpt lat="37.383649" lon="-121.855963">
        <ele>17.854545</ele>
        <time>2023-05-21T23:22:09.082Z</time>
      </trkpt>
      <trkpt lat="37.383562" lon="-121.856082">
        <ele>17.581488</ele>
        <time>2023-05-21T23:22:11.079Z</time>
      </trkpt>
      <trkpt lat="37.383474" lon="-121.856203">
        <ele>17.304506</ele>
        <time>2023-05-21T23:22:13.094Z</time>
      </trkpt>
      <trkpt lat="37.383381" lon="-121.856334">
        <ele>17.007872</ele>
        <time>2023-05-21T23:22:15.092Z</time>
      </trkpt>
      <trkpt lat="37.383290" lon="-121.856463">
        <ele>16.716587</ele>
        <time>2023-05-21T23:22:17.108Z</time>
      </trkpt>
      <trkpt lat="37.383192" lon="-121.856563">
        <ele>16.448471</ele>
        <time>2023-05-21T23:22:19.102Z</time>
      </trkpt>
      <trkpt lat="37.383076" lon="-121.856608">
        <ele>16.190512</ele>
        <time>2023-05-21T23:22:21.107Z</time>
      </trkpt>
      <trkpt lat="37.382957" lon="-121.856631">
        <ele>15.934659</ele>
        <time>2023-05-21T23:22:23.081Z</time>
      </trkpt>
      <trkpt lat="37.382847" lon="-121.856610">
        <ele>15.724656</ele>
        <time>2023-05-21T23:22:25.089Z</time>
      </trkpt>
      <trkpt lat="37.382724" lon="-121.856520">
        <ele>15.560658</ele>
        <time>2023-05-21T23:22:27.087Z</time>
      </trkpt>
      <trkpt lat="37.382623" lon="-121.856401">
        <ele>15.401183</ele>
        <time>2023-05-21T23:22:29.096Z</time>
      </trkpt>
      <trkpt lat="37.382531" lon="-121.856282">
        <ele>15.249115</ele>
        <time>2023-05-21T23:22:31.107Z</time>
      </trkpt>
      <trkpt lat="37.382436" lon="-121.856179">
        <ele>15.104580</ele>
        <time>2023-05-21T23:22:33.094Z</time>
      </trkpt>
      <trkpt lat="37.382342" lon="-121.856074">
        <ele>14.959707</ele>
        <time>2023-05-21T23:22:35.079Z</time>
      </trkpt>
      <trkpt lat="37.382246" lon="-121.855971">
        <ele>14.814297</ele>
        <time>2023-05-21T23:22:37.097Z</time>
      </trkpt>
      <trkpt lat="37.382151" lon="-121.855868">
        <ele>14.669762</ele>
        <time>2023-05-21T23:22:39.108Z</time>
      </trkpt>
      <trkpt lat="37.382062" lon="-121.855774">
        <ele>14.535836</ele>
        <time>2023-05-21T23:22:41.097Z</time>
      </trkpt>
      <trkpt lat="37.381976" lon="-121.855683">
        <ele>14.406325</ele>
        <time>2023-05-21T23:22:43.094Z</time>
      </trkpt>
      <trkpt lat="37.381900" lon="-121.855601">
        <ele>14.290936</ele>
        <time>2023-05-21T23:22:45.099Z</time>
      </trkpt>
      <trkpt lat="37.381805" lon="-121.855488">
        <ele>14.140262</ele>
        <time>2023-05-21T23:22:48.071Z</time>
      </trkpt>
      <trkpt lat="37.381711" lon="-121.855438">
        <ele>14.022632</ele>
        <time>2023-05-21T23:22:53.071Z</time>
      </trkpt>
      <trkpt lat="37.381598" lon="-121.855489">
        <ele>13.884260</ele>
        <time>2023-05-21T23:22:56.084Z</time>
      </trkpt>
      <trkpt lat="37.381526" lon="-121.855567">
        <ele>13.774755</ele>
        <time>2023-05-21T23:22:58.078Z</time>
      </trkpt>
      <trkpt lat="37.381458" lon="-121.855643">
        <ele>13.668645</ele>
        <time>2023-05-21T23:23:00.062Z</time>
      </trkpt>
      <trkpt lat="37.381363" lon="-121.855761">
        <ele>13.499436</ele>
        <time>2023-05-21T23:23:03.093Z</time>
      </trkpt>
      <trkpt lat="37.381251" lon="-121.855857">
        <ele>13.327653</ele>
        <time>2023-05-21T23:23:06.099Z</time>
      </trkpt>
      <trkpt lat="37.381178" lon="-121.855937">
        <ele>13.204944</ele>
        <time>2023-05-21T23:23:08.081Z</time>
      </trkpt>
      <trkpt lat="37.381102" lon="-121.856029">
        <ele>13.071264</ele>
        <time>2023-05-21T23:23:10.092Z</time>
      </trkpt>
      <trkpt lat="37.381022" lon="-121.856137">
        <ele>12.922536</ele>
        <time>2023-05-21T23:23:12.103Z</time>
      </trkpt>
      <trkpt lat="37.380931" lon="-121.856234">
        <ele>12.771358</ele>
        <time>2023-05-21T23:23:14.094Z</time>
      </trkpt>
      <trkpt lat="37.380828" lon="-121.856302">
        <ele>12.623911</ele>
        <time>2023-05-21T23:23:16.066Z</time>
      </trkpt>
      <trkpt lat="37.380719" lon="-121.856341">
        <ele>12.480259</ele>
        <time>2023-05-21T23:23:18.103Z</time>
      </trkpt>
      <trkpt lat="37.380601" lon="-121.856349">
        <ele>12.330456</ele>
        <time>2023-05-21T23:23:20.112Z</time>
      </trkpt>
      <trkpt lat="37.380477" lon="-121.856336">
        <ele>12.172720</ele>
        <time>2023-05-21T23:23:22.091Z</time>
      </trkpt>
      <trkpt lat="37.380355" lon="-121.856284">
        <ele>12.009434</ele>
        <time>2023-05-21T23:23:24.098Z</time>
      </trkpt>
      <trkpt lat="37.380243" lon="-121.856210">
        <ele>11.849076</ele>
        <time>2023-05-21T23:23:26.101Z</time>
      </trkpt>
      <trkpt lat="37.380146" lon="-121.856123">
        <ele>11.698077</ele>
        <time>2023-05-21T23:23:28.108Z</time>
      </trkpt>
      <trkpt lat="37.380055" lon="-121.856024">
        <ele>11.545589</ele>
        <time>2023-05-21T23:23:30.093Z</time>
      </trkpt>
      <trkpt lat="37.379970" lon="-121.855924">
        <ele>11.401307</ele>
        <time>2023-05-21T23:23:32.066Z</time>
      </trkpt>
      <trkpt lat="37.379890" lon="-121.855815">
        <ele>11.356628</ele>
        <time>2023-05-21T23:23:34.073Z</time>
      </trkpt>
      <trkpt lat="37.379811" lon="-121.855704">
        <ele>11.311759</ele>
        <time>2023-05-21T23:23:36.096Z</time>
      </trkpt>
      <trkpt lat="37.379734" lon="-121.855592">
        <ele>11.267165</ele>
        <time>2023-05-21T23:23:38.098Z</time>
      </trkpt>
      <trkpt lat="37.379648" lon="-121.855493">
        <ele>11.223000</ele>
        <time>2023-05-21T23:23:40.090Z</time>
      </trkpt>
      <trkpt lat="37.379558" lon="-121.855396">
        <ele>11.178098</ele>
        <time>2023-05-21T23:23:42.110Z</time>
      </trkpt>
      <trkpt lat="37.379469" lon="-121.855295">
        <ele>11.132686</ele>
        <time>2023-05-21T23:23:44.098Z</time>
      </trkpt>
      <trkpt lat="37.379381" lon="-121.855199">
        <ele>11.088555</ele>
        <time>2023-05-21T23:23:46.085Z</time>
      </trkpt>
      <trkpt lat="37.379292" lon="-121.855104">
        <ele>11.044333</ele>
        <time>2023-05-21T23:23:48.075Z</time>
      </trkpt>
      <trkpt lat="37.379204" lon="-121.855007">
        <ele>11.000004</ele>
        <time>2023-05-21T23:23:50.089Z</time>
      </trkpt>
      <trkpt lat="37.379118" lon="-121.854904">
        <ele>10.955017</ele>
        <time>2023-05-21T23:23:52.109Z</time>
      </trkpt>
      <trkpt lat="37.379029" lon="-121.854797">
        <ele>10.908376</ele>
        <time>2023-05-21T23:23:54.101Z</time>
      </trkpt>
      <trkpt lat="37.378940" lon="-121.854701">
        <ele>10.863958</ele>
        <time>2023-05-21T23:23:56.101Z</time>
      </trkpt>
      <trkpt lat="37.378853" lon="-121.854614">
        <ele>10.821850</ele>
        <time>2023-05-21T23:23:58.067Z</time>
      </trkpt>
      <trkpt lat="37.378775" lon="-121.854522">
        <ele>10.781340</ele>
        <time>2023-05-21T23:24:00.095Z</time>
      </trkpt>
      <trkpt lat="37.378692" lon="-121.854427">
        <ele>10.738826</ele>
        <time>2023-05-21T23:24:02.098Z</time>
      </trkpt>
      <trkpt lat="37.378632" lon="-121.854307">
        <ele>10.806063</ele>
        <time>2023-05-21T23:24:04.106Z</time>
      </trkpt>
      <trkpt lat="37.378650" lon="-121.854178">
        <ele>10.940127</ele>
        <time>2023-05-21T23:24:06.102Z</time>
      </trkpt>
      <trkpt lat="37.378719" lon="-121.854085">
        <ele>11.070364</ele>
        <time>2023-05-21T23:24:08.096Z</time>
      </trkpt>
      <trkpt lat="37.378793" lon="-121.853996">
        <ele>11.202218</ele>
        <time>2023-05-21T23:24:10.105Z</time>
      </trkpt>
      <trkpt lat="37.378860" lon="-121.853906">
        <ele>11.328452</ele>
        <time>2023-05-21T23:24:12.097Z</time>
      </trkpt>
      <trkpt lat="37.378930" lon="-121.853816">
        <ele>11.457359</ele>
        <time>2023-05-21T23:24:14.095Z</time>
      </trkpt>
      <trkpt lat="37.379021" lon="-121.853697">
        <ele>11.626407</ele>
        <time>2023-05-21T23:24:17.103Z</time>
      </trkpt>
      <trkpt lat="37.379099" lon="-121.853586">
        <ele>11.778078</ele>
        <time>2023-05-21T23:24:20.106Z</time>
      </trkpt>
      <trkpt lat="37.379181" lon="-121.853474">
        <ele>11.933962</ele>
        <time>2023-05-21T23:24:23.099Z</time>
      </trkpt>
      <trkpt lat="37.379263" lon="-121.853354">
        <ele>12.095962</ele>
        <time>2023-05-21T23:24:26.105Z</time>
      </trkpt>
      <trkpt lat="37.379342" lon="-121.853249">
        <ele>12.243971</ele>
        <time>2023-05-21T23:24:29.108Z</time>
      </trkpt>
      <trkpt lat="37.379423" lon="-121.853134">
        <ele>12.401269</ele>
        <time>2023-05-21T23:24:32.095Z</time>
      </trkpt>
      <trkpt lat="37.379490" lon="-121.852997">
        <ele>12.565930</ele>
        <time>2023-05-21T23:24:35.075Z</time>
      </trkpt>
      <trkpt lat="37.379453" lon="-121.852883">
        <ele>12.691976</ele>
        <time>2023-05-21T23:24:38.101Z</time>
      </trkpt>
      <trkpt lat="37.379373" lon="-121.852816">
        <ele>12.815760</ele>
        <time>2023-05-21T23:24:41.097Z</time>
      </trkpt>
      <trkpt lat="37.379283" lon="-121.852729">
        <ele>12.961946</ele>
        <time>2023-05-21T23:24:44.105Z</time>
      </trkpt>
      <trkpt lat="37.379197" lon="-121.852631">
        <ele>13.075116</ele>
        <time>2023-05-21T23:24:47.086Z</time>
      </trkpt>
      <trkpt lat="37.379107" lon="-121.852535">
        <ele>13.151976</ele>
        <time>2023-05-21T23:24:50.106Z</time>
      </trkpt>
      <trkpt lat="37.379014" lon="-121.852440">
        <ele>13.230010</ele>
        <time>2023-05-21T23:24:53.100Z</time>
      </trkpt>
      <trkpt lat="37.378928" lon="-121.852340">
        <ele>13.306292</ele>
        <time>2023-05-21T23:24:56.106Z</time>
      </trkpt>
      <trkpt lat="37.378841" lon="-121.852245">
        <ele>13.381332</ele>
        <time>2023-05-21T23:24:59.097Z</time>
      </trkpt>
      <trkpt lat="37.378749" lon="-121.852190">
        <ele>13.447686</ele>
        <time>2023-05-21T23:25:03.104Z</time>
      </trkpt>
      <trkpt lat="37.378654" lon="-121.852248">
        <ele>13.516474</ele>
        <time>2023-05-21T23:25:06.100Z</time>
      </trkpt>
      <trkpt lat="37.378569" lon="-121.852376">
        <ele>13.602829</ele>
        <time>2023-05-21T23:25:09.104Z</time>
      </trkpt>
      <trkpt lat="37.378482" lon="-121.852501">
        <ele>13.688851</ele>
        <time>2023-05-21T23:25:12.101Z</time>
      </trkpt>
      <trkpt lat="37.378392" lon="-121.852631">
        <ele>13.778108</ele>
        <time>2023-05-21T23:25:15.079Z</time>
      </trkpt>
      <trkpt lat="37.378324" lon="-121.852724">
        <ele>13.843533</ele>
        <time>2023-05-21T23:25:17.099Z</time>
      </trkpt>
      <trkpt lat="37.378255" lon="-121.852817">
        <ele>13.909400</ele>
        <time>2023-05-21T23:25:19.104Z</time>
      </trkpt>
      <trkpt lat="37.378183" lon="-121.852922">
        <ele>13.981197</ele>
        <time>2023-05-21T23:25:21.099Z</time>
      </trkpt>
      <trkpt lat="37.378112" lon="-121.853017">
        <ele>14.048711</ele>
        <time>2023-05-21T23:25:23.079Z</time>
      </trkpt>
      <trkpt lat="37.378041" lon="-121.853103">
        <ele>14.112911</ele>
        <time>2023-05-21T23:25:25.091Z</time>
      </trkpt>
      <trkpt lat="37.377965" lon="-121.853196">
        <ele>14.181971</ele>
        <time>2023-05-21T23:25:27.099Z</time>
      </trkpt>
      <trkpt lat="37.377880" lon="-121.853301">
        <ele>14.379723</ele>
        <time>2023-05-21T23:25:29.099Z</time>
      </trkpt>
      <trkpt lat="37.377802" lon="-121.853403">
        <ele>14.629768</ele>
        <time>2023-05-21T23:25:31.113Z</time>
      </trkpt>
      <trkpt lat="37.377731" lon="-121.853501">
        <ele>14.864018</ele>
        <time>2023-05-21T23:25:33.100Z</time>
      </trkpt>
      <trkpt lat="37.377660" lon="-121.853609">
        <ele>15.111608</ele>
        <time>2023-05-21T23:25:35.067Z</time>
      </trkpt>
      <trkpt lat="37.377587" lon="-121.853712">
        <ele>15.355394</ele>
        <time>2023-05-21T23:25:37.096Z</time>
      </trkpt>
      <trkpt lat="37.377518" lon="-121.853802">
        <ele>15.576295</ele>
        <time>2023-05-21T23:25:39.081Z</time>
      </trkpt>
      <trkpt lat="37.377448" lon="-121.853895">
        <ele>15.802562</ele>
        <time>2023-05-21T23:25:41.095Z</time>
      </trkpt>
      <trkpt lat="37.377383" lon="-121.853988">
        <ele>16.021335</ele>
        <time>2023-05-21T23:25:43.094Z</time>
      </trkpt>
      <trkpt lat="37.377301" lon="-121.854119">
        <ele>16.315899</ele>
        <time>2023-05-21T23:25:46.098Z</time>
      </trkpt>
      <trkpt lat="37.377242" lon="-121.854208">
        <ele>16.520629</ele>
        <time>2023-05-21T23:25:48.100Z</time>
      </trkpt>
      <trkpt lat="37.377159" lon="-121.854334">
        <ele>16.809721</ele>
        <time>2023-05-21T23:25:51.102Z</time>
      </trkpt>
      <trkpt lat="37.377073" lon="-121.854450">
        <ele>17.089950</ele>
        <time>2023-05-21T23:25:54.074Z</time>
      </trkpt>
      <trkpt lat="37.376989" lon="-121.854575">
        <ele>17.379115</ele>
        <time>2023-05-21T23:25:57.102Z</time>
      </trkpt>
      <trkpt lat="37.376908" lon="-121.854686">
        <ele>17.645314</ele>
        <time>2023-05-21T23:26:00.103Z</time>
      </trkpt>
      <trkpt lat="37.376828" lon="-121.854790">
        <ele>17.900990</ele>
        <time>2023-05-21T23:26:03.109Z</time>
      </trkpt>
      <trkpt lat="37.376752" lon="-121.854900">
        <ele>18.158465</ele>
        <time>2023-05-21T23:26:06.123Z</time>
      </trkpt>
      <trkpt lat="37.376670" lon="-121.855016">
        <ele>17.974582</ele>
        <time>2023-05-21T23:26:09.080Z</time>
      </trkpt>
      <trkpt lat="37.376581" lon="-121.855143">
        <ele>17.664301</ele>
        <time>2023-05-21T23:26:12.105Z</time>
      </trkpt>
      <trkpt lat="37.376514" lon="-121.855236">
        <ele>17.434279</ele>
        <time>2023-05-21T23:26:14.103Z</time>
      </trkpt>
      <trkpt lat="37.376443" lon="-121.855339">
        <ele>17.184426</ele>
        <time>2023-05-21T23:26:16.110Z</time>
      </trkpt>
      <trkpt lat="37.376369" lon="-121.855444">
        <ele>16.927257</ele>
        <time>2023-05-21T23:26:18.095Z</time>
      </trkpt>
      <trkpt lat="37.376293" lon="-121.855559">
        <ele>16.653179</ele>
        <time>2023-05-21T23:26:20.110Z</time>
      </trkpt>
      <trkpt lat="37.376210" lon="-121.855684">
        <ele>16.354691</ele>
        <time>2023-05-21T23:26:22.099Z</time>
      </trkpt>
      <trkpt lat="37.376120" lon="-121.855816">
        <ele>16.035982</ele>
        <time>2023-05-21T23:26:24.102Z</time>
      </trkpt>
      <trkpt lat="37.376020" lon="-121.855953">
        <ele>15.695109</ele>
        <time>2023-05-21T23:26:26.104Z</time>
      </trkpt>
      <trkpt lat="37.375918" lon="-121.856104">
        <ele>15.331954</ele>
        <time>2023-05-21T23:26:28.100Z</time>
      </trkpt>
      <trkpt lat="37.375807" lon="-121.856269">
        <ele>14.935811</ele>
        <time>2023-05-21T23:26:30.104Z</time>
      </trkpt>
      <trkpt lat="37.375687" lon="-121.856440">
        <ele>14.517776</ele>
        <time>2023-05-21T23:26:32.100Z</time>
      </trkpt>
      <trkpt lat="37.375629" lon="-121.856528">
        <ele>14.308276</ele>
        <time>2023-05-21T23:26:33.099Z</time>
      </trkpt>
      <trkpt lat="37.375533" lon="-121.856682">
        <ele>13.951356</ele>
        <time>2023-05-21T23:26:35.080Z</time>
      </trkpt>
      <trkpt lat="37.375440" lon="-121.856826">
        <ele>13.616675</ele>
        <time>2023-05-21T23:26:37.108Z</time>
      </trkpt>
      <trkpt lat="37.375340" lon="-121.856971">
        <ele>13.270394</ele>
        <time>2023-05-21T23:26:39.100Z</time>
      </trkpt>
      <trkpt lat="37.375239" lon="-121.857124">
        <ele>12.911644</ele>
        <time>2023-05-21T23:26:41.087Z</time>
      </trkpt>
      <trkpt lat="37.375141" lon="-121.857266">
        <ele>12.572424</ele>
        <time>2023-05-21T23:26:43.090Z</time>
      </trkpt>
      <trkpt lat="37.375043" lon="-121.857408">
        <ele>12.233204</ele>
        <time>2023-05-21T23:26:45.103Z</time>
      </trkpt>
      <trkpt lat="37.374955" lon="-121.857541">
        <ele>11.921054</ele>
        <time>2023-05-21T23:26:47.095Z</time>
      </trkpt>
      <trkpt lat="37.374863" lon="-121.857678">
        <ele>11.597542</ele>
        <time>2023-05-21T23:26:49.107Z</time>
      </trkpt>
      <trkpt lat="37.374770" lon="-121.857813">
        <ele>11.275295</ele>
        <time>2023-05-21T23:26:51.099Z</time>
      </trkpt>
      <trkpt lat="37.374680" lon="-121.857945">
        <ele>10.961592</ele>
        <time>2023-05-21T23:26:53.085Z</time>
      </trkpt>
      <trkpt lat="37.374595" lon="-121.858072">
        <ele>10.662110</ele>
        <time>2023-05-21T23:26:55.094Z</time>
      </trkpt>
      <trkpt lat="37.374505" lon="-121.858197">
        <ele>10.357878</ele>
        <time>2023-05-21T23:26:57.095Z</time>
      </trkpt>
      <trkpt lat="37.374422" lon="-121.858315">
        <ele>10.073650</ele>
        <time>2023-05-21T23:26:59.102Z</time>
      </trkpt>
      <trkpt lat="37.374348" lon="-121.858435">
        <ele>9.794608</ele>
        <time>2023-05-21T23:27:01.102Z</time>
      </trkpt>
      <trkpt lat="37.374277" lon="-121.858566">
        <ele>9.500461</ele>
        <time>2023-05-21T23:27:03.102Z</time>
      </trkpt>
      <trkpt lat="37.374206" lon="-121.858680">
        <ele>9.231778</ele>
        <time>2023-05-21T23:27:06.104Z</time>
      </trkpt>
      <trkpt lat="37.374125" lon="-121.858805">
        <ele>8.932580</ele>
        <time>2023-05-21T23:27:09.087Z</time>
      </trkpt>
      <trkpt lat="37.374060" lon="-121.858894">
        <ele>8.708349</ele>
        <time>2023-05-21T23:27:11.100Z</time>
      </trkpt>
      <trkpt lat="37.373990" lon="-121.858996">
        <ele>8.458344</ele>
        <time>2023-05-21T23:27:14.108Z</time>
      </trkpt>
      <trkpt lat="37.374065" lon="-121.859068">
        <ele>8.238140</ele>
        <time>2023-05-21T23:27:18.072Z</time>
      </trkpt>
      <trkpt lat="37.373991" lon="-121.859152">
        <ele>8.005503</ele>
        <time>2023-05-21T23:27:21.079Z</time>
      </trkpt>
      <trkpt lat="37.373916" lon="-121.859233">
        <ele>7.774790</ele>
        <time>2023-05-21T23:27:24.083Z</time>
      </trkpt>
      <trkpt lat="37.373851" lon="-121.859339">
        <ele>7.526420</ele>
        <time>2023-05-21T23:27:27.085Z</time>
      </trkpt>
      <trkpt lat="37.373803" lon="-121.859438">
        <ele>7.311288</ele>
        <time>2023-05-21T23:27:29.098Z</time>
      </trkpt>
      <trkpt lat="37.373749" lon="-121.859541">
        <ele>7.082383</ele>
        <time>2023-05-21T23:27:31.110Z</time>
      </trkpt>
      <trkpt lat="37.373696" lon="-121.859645">
        <ele>6.853196</ele>
        <time>2023-05-21T23:27:33.112Z</time>
      </trkpt>
      <trkpt lat="37.373648" lon="-121.859750">
        <ele>6.628487</ele>
        <time>2023-05-21T23:27:35.092Z</time>
      </trkpt>
      <trkpt lat="37.373590" lon="-121.859847">
        <ele>6.403300</ele>
        <time>2023-05-21T23:27:37.100Z</time>
      </trkpt>
      <trkpt lat="37.373533" lon="-121.859953">
        <ele>6.165877</ele>
        <time>2023-05-21T23:27:39.099Z</time>
      </trkpt>
      <trkpt lat="37.373492" lon="-121.860056">
        <ele>5.952176</ele>
        <time>2023-05-21T23:27:41.098Z</time>
      </trkpt>
      <trkpt lat="37.373421" lon="-121.860189">
        <ele>5.753288</ele>
        <time>2023-05-21T23:27:44.099Z</time>
      </trkpt>
      <trkpt lat="37.373370" lon="-121.860282">
        <ele>5.709238</ele>
        <time>2023-05-21T23:27:46.099Z</time>
      </trkpt>
      <trkpt lat="37.373305" lon="-121.860364">
        <ele>5.664086</ele>
        <time>2023-05-21T23:27:48.098Z</time>
      </trkpt>
      <trkpt lat="37.373217" lon="-121.860450">
        <ele>5.609426</ele>
        <time>2023-05-21T23:27:50.104Z</time>
      </trkpt>
      <trkpt lat="37.373141" lon="-121.860537">
        <ele>5.559023</ele>
        <time>2023-05-21T23:27:52.101Z</time>
      </trkpt>
      <trkpt lat="37.373072" lon="-121.860626">
        <ele>5.510550</ele>
        <time>2023-05-21T23:27:54.101Z</time>
      </trkpt>
      <trkpt lat="37.373005" lon="-121.860717">
        <ele>5.462188</ele>
        <time>2023-05-21T23:27:56.105Z</time>
      </trkpt>
      <trkpt lat="37.372937" lon="-121.860816">
        <ele>5.411174</ele>
        <time>2023-05-21T23:27:58.102Z</time>
      </trkpt>
      <trkpt lat="37.372877" lon="-121.860903">
        <ele>5.366266</ele>
        <time>2023-05-21T23:28:00.103Z</time>
      </trkpt>
      <trkpt lat="37.372807" lon="-121.860996">
        <ele>5.316329</ele>
        <time>2023-05-21T23:28:02.112Z</time>
      </trkpt>
      <trkpt lat="37.372727" lon="-121.861082">
        <ele>5.264712</ele>
        <time>2023-05-21T23:28:04.092Z</time>
      </trkpt>
      <trkpt lat="37.372656" lon="-121.861174">
        <ele>5.214717</ele>
        <time>2023-05-21T23:28:06.091Z</time>
      </trkpt>
      <trkpt lat="37.372583" lon="-121.861274">
        <ele>5.161780</ele>
        <time>2023-05-21T23:28:08.100Z</time>
      </trkpt>
      <trkpt lat="37.372494" lon="-121.861388">
        <ele>5.099478</ele>
        <time>2023-05-21T23:28:11.096Z</time>
      </trkpt>
      <trkpt lat="37.372410" lon="-121.861479">
        <ele>5.045103</ele>
        <time>2023-05-21T23:28:14.094Z</time>
      </trkpt>
      <trkpt lat="37.372311" lon="-121.861537">
        <ele>4.991531</ele>
        <time>2023-05-21T23:28:23.102Z</time>
      </trkpt>
      <trkpt lat="37.372218" lon="-121.861635">
        <ele>4.932024</ele>
        <time>2023-05-21T23:28:27.078Z</time>
      </trkpt>
      <trkpt lat="37.372145" lon="-121.861745">
        <ele>4.865591</ele>
        <time>2023-05-21T23:28:30.101Z</time>
      </trkpt>
      <trkpt lat="37.372071" lon="-121.861860">
        <ele>4.778813</ele>
        <time>2023-05-21T23:28:33.106Z</time>
      </trkpt>
      <trkpt lat="37.371984" lon="-121.861987">
        <ele>4.680482</ele>
        <time>2023-05-21T23:28:36.109Z</time>
      </trkpt>
      <trkpt lat="37.371900" lon="-121.862101">
        <ele>4.589311</ele>
        <time>2023-05-21T23:28:39.104Z</time>
      </trkpt>
      <trkpt lat="37.371840" lon="-121.862194">
        <ele>4.519061</ele>
        <time>2023-05-21T23:28:41.098Z</time>
      </trkpt>
      <trkpt lat="37.371770" lon="-121.862302">
        <ele>4.437330</ele>
        <time>2023-05-21T23:28:43.083Z</time>
      </trkpt>
      <trkpt lat="37.371704" lon="-121.862396">
        <ele>4.363770</ele>
        <time>2023-05-21T23:28:45.074Z</time>
      </trkpt>
      <trkpt lat="37.371640" lon="-121.862488">
        <ele>4.292065</ele>
        <time>2023-05-21T23:28:47.099Z</time>
      </trkpt>
      <trkpt lat="37.371574" lon="-121.862586">
        <ele>4.216731</ele>
        <time>2023-05-21T23:28:49.094Z</time>
      </trkpt>
      <trkpt lat="37.371498" lon="-121.862689">
        <ele>4.134304</ele>
        <time>2023-05-21T23:28:51.126Z</time>
      </trkpt>
      <trkpt lat="37.371425" lon="-121.862796">
        <ele>4.051602</ele>
        <time>2023-05-21T23:28:53.111Z</time>
      </trkpt>
      <trkpt lat="37.371351" lon="-121.862904">
        <ele>3.967974</ele>
        <time>2023-05-21T23:28:55.080Z</time>
      </trkpt>
      <trkpt lat="37.371287" lon="-121.862998">
        <ele>3.895382</ele>
        <time>2023-05-21T23:28:57.095Z</time>
      </trkpt>
      <trkpt lat="37.371226" lon="-121.863096">
        <ele>3.822379</ele>
        <time>2023-05-21T23:28:59.097Z</time>
      </trkpt>
      <trkpt lat="37.371164" lon="-121.863188">
        <ele>3.751638</ele>
        <time>2023-05-21T23:29:01.074Z</time>
      </trkpt>
      <trkpt lat="37.371101" lon="-121.863274">
        <ele>3.683044</ele>
        <time>2023-05-21T23:29:03.093Z</time>
      </trkpt>
      <trkpt lat="37.371009" lon="-121.863399">
        <ele>3.583128</ele>
        <time>2023-05-21T23:29:06.105Z</time>
      </trkpt>
      <trkpt lat="37.370941" lon="-121.863502">
        <ele>3.586754</ele>
        <time>2023-05-21T23:29:08.084Z</time>
      </trkpt>
      <trkpt lat="37.370873" lon="-121.863605">
        <ele>3.607177</ele>
        <time>2023-05-21T23:29:10.097Z</time>
      </trkpt>
      <trkpt lat="37.370808" lon="-121.863712">
        <ele>3.627717</ele>
        <time>2023-05-21T23:29:12.106Z</time>
      </trkpt>
      <trkpt lat="37.370741" lon="-121.863819">
        <ele>3.648493</ele>
        <time>2023-05-21T23:29:14.097Z</time>
      </trkpt>
      <trkpt lat="37.370671" lon="-121.863925">
        <ele>3.669513</ele>
        <time>2023-05-21T23:29:16.094Z</time>
      </trkpt>
      <trkpt lat="37.370611" lon="-121.864024">
        <ele>3.688501</ele>
        <time>2023-05-21T23:29:18.102Z</time>
      </trkpt>
      <trkpt lat="37.370544" lon="-121.864125">
        <ele>3.708567</ele>
        <time>2023-05-21T23:29:20.104Z</time>
      </trkpt>
      <trkpt lat="37.370469" lon="-121.864234">
        <ele>3.730556</ele>
        <time>2023-05-21T23:29:22.093Z</time>
      </trkpt>
      <trkpt lat="37.370401" lon="-121.864338">
        <ele>3.751096</ele>
        <time>2023-05-21T23:29:24.099Z</time>
      </trkpt>
      <trkpt lat="37.370337" lon="-121.864439">
        <ele>3.770797</ele>
        <time>2023-05-21T23:29:26.101Z</time>
      </trkpt>
      <trkpt lat="37.370258" lon="-121.864540">
        <ele>3.792411</ele>
        <time>2023-05-21T23:29:28.101Z</time>
      </trkpt>
      <trkpt lat="37.370191" lon="-121.864637">
        <ele>3.812011</ele>
        <time>2023-05-21T23:29:30.102Z</time>
      </trkpt>
      <trkpt lat="37.370132" lon="-121.864731">
        <ele>3.830280</ele>
        <time>2023-05-21T23:29:32.105Z</time>
      </trkpt>
      <trkpt lat="37.370066" lon="-121.864825">
        <ele>3.849410</ele>
        <time>2023-05-21T23:29:34.098Z</time>
      </trkpt>
      <trkpt lat="37.370001" lon="-121.864924">
        <ele>3.868995</ele>
        <time>2023-05-21T23:29:36.092Z</time>
      </trkpt>
      <trkpt lat="37.369934" lon="-121.865018">
        <ele>3.888253</ele>
        <time>2023-05-21T23:29:38.070Z</time>
      </trkpt>
      <trkpt lat="37.369869" lon="-121.865110">
        <ele>3.907028</ele>
        <time>2023-05-21T23:29:40.079Z</time>
      </trkpt>
      <trkpt lat="37.369805" lon="-121.865205">
        <ele>3.799482</ele>
        <time>2023-05-21T23:29:42.085Z</time>
      </trkpt>
      <trkpt lat="37.369739" lon="-121.865305">
        <ele>3.592217</ele>
        <time>2023-05-21T23:29:44.078Z</time>
      </trkpt>
      <trkpt lat="37.369667" lon="-121.865407">
        <ele>3.374688</ele>
        <time>2023-05-21T23:29:46.087Z</time>
      </trkpt>
      <trkpt lat="37.369596" lon="-121.865508">
        <ele>3.159683</ele>
        <time>2023-05-21T23:29:48.071Z</time>
      </trkpt>
      <trkpt lat="37.369528" lon="-121.865596">
        <ele>2.963975</ele>
        <time>2023-05-21T23:29:50.097Z</time>
      </trkpt>
      <trkpt lat="37.369472" lon="-121.865719">
        <ele>2.737948</ele>
        <time>2023-05-21T23:29:53.107Z</time>
      </trkpt>
      <trkpt lat="37.369479" lon="-121.865883">
        <ele>2.476073</ele>
        <time>2023-05-21T23:29:56.086Z</time>
      </trkpt>
      <trkpt lat="37.369482" lon="-121.865996">
        <ele>2.295793</ele>
        <time>2023-05-21T23:29:58.107Z</time>
      </trkpt>
      <trkpt lat="37.369499" lon="-121.866114">
        <ele>2.104575</ele>
        <time>2023-05-21T23:30:00.089Z</time>
      </trkpt>
      <trkpt lat="37.369514" lon="-121.866247">
        <ele>1.890382</ele>
        <time>2023-05-21T23:30:02.110Z</time>
      </trkpt>
      <trkpt lat="37.369534" lon="-121.866395">
        <ele>1.651008</ele>
        <time>2023-05-21T23:30:04.092Z</time>
      </trkpt>
      <trkpt lat="37.369549" lon="-121.866534">
        <ele>1.427338</ele>
        <time>2023-05-21T23:30:06.084Z</time>
      </trkpt>
      <trkpt lat="37.369566" lon="-121.866667">
        <ele>1.212544</ele>
        <time>2023-05-21T23:30:08.100Z</time>
      </trkpt>
      <trkpt lat="37.369581" lon="-121.866802">
        <ele>0.995193</ele>
        <time>2023-05-21T23:30:10.100Z</time>
      </trkpt>
      <trkpt lat="37.369595" lon="-121.866943">
        <ele>0.768620</ele>
        <time>2023-05-21T23:30:12.103Z</time>
      </trkpt>
      <trkpt lat="37.369607" lon="-121.867083">
        <ele>0.544096</ele>
        <time>2023-05-21T23:30:14.079Z</time>
      </trkpt>
      <trkpt lat="37.369620" lon="-121.867229">
        <ele>0.309842</ele>
        <time>2023-05-21T23:30:16.100Z</time>
      </trkpt>
      <trkpt lat="37.369630" lon="-121.867373">
        <ele>0.078190</ele>
        <time>2023-05-21T23:30:18.101Z</time>
      </trkpt>
      <trkpt lat="37.369648" lon="-121.867514">
        <ele>-0.150689</ele>
        <time>2023-05-21T23:30:20.096Z</time>
      </trkpt>
      <trkpt lat="37.369661" lon="-121.867644">
        <ele>-0.360685</ele>
        <time>2023-05-21T23:30:22.097Z</time>
      </trkpt>
      <trkpt lat="37.369678" lon="-121.867778">
        <ele>-0.578168</ele>
        <time>2023-05-21T23:30:24.102Z</time>
      </trkpt>
      <trkpt lat="37.369703" lon="-121.867913">
        <ele>-0.800330</ele>
        <time>2023-05-21T23:30:26.108Z</time>
      </trkpt>
      <trkpt lat="37.369741" lon="-121.868039">
        <ele>-1.016323</ele>
        <time>2023-05-21T23:30:28.103Z</time>
      </trkpt>
      <trkpt lat="37.369769" lon="-121.868164">
        <ele>-1.224467</ele>
        <time>2023-05-21T23:30:30.086Z</time>
      </trkpt>
      <trkpt lat="37.369785" lon="-121.868301">
        <ele>-1.446397</ele>
        <time>2023-05-21T23:30:32.109Z</time>
      </trkpt>
      <trkpt lat="37.369792" lon="-121.868424">
        <ele>-1.644035</ele>
        <time>2023-05-21T23:30:34.112Z</time>
      </trkpt>
      <trkpt lat="37.369810" lon="-121.868554">
        <ele>-1.855526</ele>
        <time>2023-05-21T23:30:36.079Z</time>
      </trkpt>
      <trkpt lat="37.369839" lon="-121.868688">
        <ele>-2.078109</ele>
        <time>2023-05-21T23:30:38.104Z</time>
      </trkpt>
      <trkpt lat="37.369884" lon="-121.868818">
        <ele>-2.305367</ele>
        <time>2023-05-21T23:30:40.109Z</time>
      </trkpt>
      <trkpt lat="37.369937" lon="-121.868947">
        <ele>-2.538110</ele>
        <time>2023-05-21T23:30:42.083Z</time>
      </trkpt>
      <trkpt lat="37.369977" lon="-121.869081">
        <ele>-2.767522</ele>
        <time>2023-05-21T23:30:44.089Z</time>
      </trkpt>
      <trkpt lat="37.370003" lon="-121.869222">
        <ele>-2.999507</ele>
        <time>2023-05-21T23:30:46.089Z</time>
      </trkpt>
      <trkpt lat="37.370013" lon="-121.869352">
        <ele>-3.208832</ele>
        <time>2023-05-21T23:30:48.103Z</time>
      </trkpt>
      <trkpt lat="37.370019" lon="-121.869489">
        <ele>-3.280803</ele>
        <time>2023-05-21T23:30:50.099Z</time>
      </trkpt>
      <trkpt lat="37.370022" lon="-121.869638">
        <ele>-3.191854</ele>
        <time>2023-05-21T23:30:52.116Z</time>
      </trkpt>
      <trkpt lat="37.370037" lon="-121.869784">
        <ele>-3.103999</ele>
        <time>2023-05-21T23:30:54.097Z</time>
      </trkpt>
      <trkpt lat="37.370058" lon="-121.869924">
        <ele>-3.018975</ele>
        <time>2023-05-21T23:30:56.082Z</time>
      </trkpt>
      <trkpt lat="37.370083" lon="-121.870053">
        <ele>-2.939734</ele>
        <time>2023-05-21T23:30:58.100Z</time>
      </trkpt>
      <trkpt lat="37.370114" lon="-121.870184">
        <ele>-2.858164</ele>
        <time>2023-05-21T23:31:00.100Z</time>
      </trkpt>
      <trkpt lat="37.370150" lon="-121.870319">
        <ele>-2.773184</ele>
        <time>2023-05-21T23:31:02.109Z</time>
      </trkpt>
      <trkpt lat="37.370180" lon="-121.870462">
        <ele>-2.684921</ele>
        <time>2023-05-21T23:31:04.097Z</time>
      </trkpt>
      <trkpt lat="37.370205" lon="-121.870601">
        <ele>-2.599871</ele>
        <time>2023-05-21T23:31:06.104Z</time>
      </trkpt>
      <trkpt lat="37.370231" lon="-121.870735">
        <ele>-2.517553</ele>
        <time>2023-05-21T23:31:08.105Z</time>
      </trkpt>
      <trkpt lat="37.370253" lon="-121.870870">
        <ele>-2.435312</ele>
        <time>2023-05-21T23:31:10.108Z</time>
      </trkpt>
      <trkpt lat="37.370285" lon="-121.871013">
        <ele>-2.346654</ele>
        <time>2023-05-21T23:31:12.090Z</time>
      </trkpt>
      <trkpt lat="37.370331" lon="-121.871145">
        <ele>-2.260638</ele>
        <time>2023-05-21T23:31:14.100Z</time>
      </trkpt>
      <trkpt lat="37.370394" lon="-121.871245">
        <ele>-2.184484</ele>
        <time>2023-05-21T23:31:16.078Z</time>
      </trkpt>
      <trkpt lat="37.370479" lon="-121.871360">
        <ele>-2.090761</ele>
        <time>2023-05-21T23:31:19.095Z</time>
      </trkpt>
      <trkpt lat="37.370517" lon="-121.871467">
        <ele>-2.020820</ele>
        <time>2023-05-21T23:31:21.087Z</time>
      </trkpt>
      <trkpt lat="37.370476" lon="-121.871589">
        <ele>-2.069521</ele>
        <time>2023-05-21T23:31:24.092Z</time>
      </trkpt>
      <trkpt lat="37.370358" lon="-121.871541">
        <ele>-2.393366</ele>
        <time>2023-05-21T23:31:29.112Z</time>
      </trkpt>
      <trkpt lat="37.370252" lon="-121.871468">
        <ele>-2.708920</ele>
        <time>2023-05-21T23:31:32.103Z</time>
      </trkpt>
      <trkpt lat="37.370159" lon="-121.871503">
        <ele>-2.962409</ele>
        <time>2023-05-21T23:31:57.107Z</time>
      </trkpt>
      <trkpt lat="37.370094" lon="-121.871618">
        <ele>-3.255279</ele>
        <time>2023-05-21T23:32:01.109Z</time>
      </trkpt>
      <trkpt lat="37.370035" lon="-121.871730">
        <ele>-3.534145</ele>
        <time>2023-05-21T23:32:04.111Z</time>
      </trkpt>
      <trkpt lat="37.370125" lon="-121.871809">
        <ele>-3.820705</ele>
        <time>2023-05-21T23:32:07.090Z</time>
      </trkpt>
      <trkpt lat="37.370236" lon="-121.871895">
        <ele>-4.161111</ele>
        <time>2023-05-21T23:32:10.108Z</time>
      </trkpt>
      <trkpt lat="37.370306" lon="-121.872016">
        <ele>-4.471714</ele>
        <time>2023-05-21T23:32:13.104Z</time>
      </trkpt>
      <trkpt lat="37.370286" lon="-121.872167">
        <ele>-4.789413</ele>
        <time>2023-05-21T23:32:16.082Z</time>
      </trkpt>
      <trkpt lat="37.370263" lon="-121.872281">
        <ele>-5.033507</ele>
        <time>2023-05-21T23:32:18.089Z</time>
      </trkpt>
      <trkpt lat="37.370244" lon="-121.872403">
        <ele>-5.291515</ele>
        <time>2023-05-21T23:32:20.100Z</time>
      </trkpt>
      <trkpt lat="37.370251" lon="-121.872578">
        <ele>-5.655160</ele>
        <time>2023-05-21T23:32:23.112Z</time>
      </trkpt>
      <trkpt lat="37.370279" lon="-121.872734">
        <ele>-5.987068</ele>
        <time>2023-05-21T23:32:25.097Z</time>
      </trkpt>
      <trkpt lat="37.370276" lon="-121.872910">
        <ele>-6.352413</ele>
        <time>2023-05-21T23:32:27.103Z</time>
      </trkpt>
      <trkpt lat="37.370250" lon="-121.873088">
        <ele>-6.690864</ele>
        <time>2023-05-21T23:32:29.108Z</time>
      </trkpt>
      <trkpt lat="37.370261" lon="-121.873271">
        <ele>-6.838879</ele>
        <time>2023-05-21T23:32:31.110Z</time>
      </trkpt>
      <trkpt lat="37.370317" lon="-121.873428">
        <ele>-6.977671</ele>
        <time>2023-05-21T23:32:33.110Z</time>
      </trkpt>
      <trkpt lat="37.370377" lon="-121.873559">
        <ele>-7.099616</ele>
        <time>2023-05-21T23:32:35.089Z</time>
      </trkpt>
      <trkpt lat="37.370436" lon="-121.873680">
        <ele>-7.214109</ele>
        <time>2023-05-21T23:32:37.102Z</time>
      </trkpt>
      <trkpt lat="37.370492" lon="-121.873798">
        <ele>-7.324955</ele>
        <time>2023-05-21T23:32:39.103Z</time>
      </trkpt>
      <trkpt lat="37.370541" lon="-121.873910">
        <ele>-7.428068</ele>
        <time>2023-05-21T23:32:41.102Z</time>
      </trkpt>
      <trkpt lat="37.370558" lon="-121.874032">
        <ele>-7.527964</ele>
        <time>2023-05-21T23:32:43.105Z</time>
      </trkpt>
      <trkpt lat="37.370562" lon="-121.874188">
        <ele>-7.653846</ele>
        <time>2023-05-21T23:32:46.109Z</time>
      </trkpt>
      <trkpt lat="37.370642" lon="-121.874276">
        <ele>-7.761682</ele>
        <time>2023-05-21T23:32:49.107Z</time>
      </trkpt>
      <trkpt lat="37.370732" lon="-121.874290">
        <ele>-7.853713</ele>
        <time>2023-05-21T23:32:51.084Z</time>
      </trkpt>
      <trkpt lat="37.370861" lon="-121.874327">
        <ele>-7.987985</ele>
        <time>2023-05-21T23:32:54.106Z</time>
      </trkpt>
      <trkpt lat="37.370950" lon="-121.874364">
        <ele>-8.083107</ele>
        <time>2023-05-21T23:32:56.101Z</time>
      </trkpt>
      <trkpt lat="37.371038" lon="-121.874404">
        <ele>-8.178061</ele>
        <time>2023-05-21T23:32:58.108Z</time>
      </trkpt>
      <trkpt lat="37.371127" lon="-121.874451">
        <ele>-8.276013</ele>
        <time>2023-05-21T23:33:00.079Z</time>
      </trkpt>
      <trkpt lat="37.371217" lon="-121.874513">
        <ele>-8.380140</ele>
        <time>2023-05-21T23:33:02.111Z</time>
      </trkpt>
      <trkpt lat="37.371312" lon="-121.874567">
        <ele>-8.485930</ele>
        <time>2023-05-21T23:33:04.110Z</time>
      </trkpt>
      <trkpt lat="37.371402" lon="-121.874619">
        <ele>-8.170733</ele>
        <time>2023-05-21T23:33:06.103Z</time>
      </trkpt>
      <trkpt lat="37.371479" lon="-121.874683">
        <ele>-7.849582</ele>
        <time>2023-05-21T23:33:08.102Z</time>
      </trkpt>
      <trkpt lat="37.371588" lon="-121.874765">
        <ele>-7.407626</ele>
        <time>2023-05-21T23:33:11.098Z</time>
      </trkpt>
      <trkpt lat="37.371694" lon="-121.874863">
        <ele>-6.949868</ele>
        <time>2023-05-21T23:33:14.114Z</time>
      </trkpt>
      <trkpt lat="37.371799" lon="-121.874958">
        <ele>-6.499803</ele>
        <time>2023-05-21T23:33:17.089Z</time>
      </trkpt>
      <trkpt lat="37.371890" lon="-121.875062">
        <ele>-6.071990</ele>
        <time>2023-05-21T23:33:20.108Z</time>
      </trkpt>
      <trkpt lat="37.371974" lon="-121.875171">
        <ele>-5.652068</ele>
        <time>2023-05-21T23:33:23.107Z</time>
      </trkpt>
      <trkpt lat="37.372064" lon="-121.875244">
        <ele>-5.279426</ele>
        <time>2023-05-21T23:33:26.073Z</time>
      </trkpt>
      <trkpt lat="37.372015" lon="-121.875351">
        <ele>-4.937882</ele>
        <time>2023-05-21T23:33:41.105Z</time>
      </trkpt>
      <trkpt lat="37.371946" lon="-121.875423">
        <ele>-4.625931</ele>
        <time>2023-05-21T23:33:48.125Z</time>
      </trkpt>
      <trkpt lat="37.371884" lon="-121.875506">
        <ele>-4.310892</ele>
        <time>2023-05-21T23:33:55.112Z</time>
      </trkpt>
      <trkpt lat="37.371976" lon="-121.875647">
        <ele>-3.806334</ele>
        <time>2023-05-21T23:34:33.115Z</time>
      </trkpt>
      <trkpt lat="37.372059" lon="-121.875703">
        <ele>-3.478583</ele>
        <time>2023-05-21T23:34:40.080Z</time>
      </trkpt>
      <trkpt lat="37.372035" lon="-121.875824">
        <ele>-3.133670</ele>
        <time>2023-05-21T23:34:54.106Z</time>
      </trkpt>
      <trkpt lat="37.371971" lon="-121.875927">
        <ele>-2.772069</ele>
        <time>2023-05-21T23:34:59.151Z</time>
      </trkpt>
      <trkpt lat="37.371921" lon="-121.876037">
        <ele>-2.421596</ele>
        <time>2023-05-21T23:35:02.116Z</time>
      </trkpt>
      <trkpt lat="37.371827" lon="-121.876085">
        <ele>-2.280974</ele>
        <time>2023-05-21T23:35:05.112Z</time>
      </trkpt>
      <trkpt lat="37.371744" lon="-121.876188">
        <ele>-2.398989</ele>
        <time>2023-05-21T23:35:08.119Z</time>
      </trkpt>
      <trkpt lat="37.371652" lon="-121.876292">
        <ele>-2.524192</ele>
        <time>2023-05-21T23:35:11.112Z</time>
      </trkpt>
      <trkpt lat="37.371569" lon="-121.876413">
        <ele>-2.652790</ele>
        <time>2023-05-21T23:35:14.121Z</time>
      </trkpt>
      <trkpt lat="37.371489" lon="-121.876508">
        <ele>-2.764150</ele>
        <time>2023-05-21T23:35:17.129Z</time>
      </trkpt>
      <trkpt lat="37.371380" lon="-121.876611">
        <ele>-2.902150</ele>
        <time>2023-05-21T23:35:20.126Z</time>
      </trkpt>
      <trkpt lat="37.371306" lon="-121.876694">
        <ele>-3.002507</ele>
        <time>2023-05-21T23:35:22.134Z</time>
      </trkpt>
      <trkpt lat="37.371236" lon="-121.876788">
        <ele>-3.106148</ele>
        <time>2023-05-21T23:35:24.115Z</time>
      </trkpt>
      <trkpt lat="37.371173" lon="-121.876886">
        <ele>-3.207561</ele>
        <time>2023-05-21T23:35:26.125Z</time>
      </trkpt>
      <trkpt lat="37.371109" lon="-121.876988">
        <ele>-3.312119</ele>
        <time>2023-05-21T23:35:28.127Z</time>
      </trkpt>
      <trkpt lat="37.371044" lon="-121.877078">
        <ele>-3.409962</ele>
        <time>2023-05-21T23:35:30.135Z</time>
      </trkpt>
      <trkpt lat="37.370985" lon="-121.877174">
        <ele>-3.507600</ele>
        <time>2023-05-21T23:35:32.118Z</time>
      </trkpt>
      <trkpt lat="37.370926" lon="-121.877271">
        <ele>-3.605876</ele>
        <time>2023-05-21T23:35:34.123Z</time>
      </trkpt>
      <trkpt lat="37.370863" lon="-121.877373">
        <ele>-3.709811</ele>
        <time>2023-05-21T23:35:36.106Z</time>
      </trkpt>
      <trkpt lat="37.370811" lon="-121.877467">
        <ele>-3.801957</ele>
        <time>2023-05-21T23:35:38.118Z</time>
      </trkpt>
      <trkpt lat="37.370773" lon="-121.877584">
        <ele>-3.903647</ele>
        <time>2023-05-21T23:35:41.114Z</time>
      </trkpt>
      <trkpt lat="37.370799" lon="-121.877693">
        <ele>-3.995208</ele>
        <time>2023-05-21T23:35:50.124Z</time>
      </trkpt>
      <trkpt lat="37.370889" lon="-121.877783">
        <ele>-4.053996</ele>
        <time>2023-05-21T23:35:55.115Z</time>
      </trkpt>
      <trkpt lat="37.370980" lon="-121.877862">
        <ele>-4.053996</ele>
        <time>2023-05-21T23:35:59.127Z</time>
      </trkpt>
      <trkpt lat="37.371062" lon="-121.877924">
        <ele>-4.053996</ele>
        <time>2023-05-21T23:36:02.116Z</time>
      </trkpt>
      <trkpt lat="37.371149" lon="-121.877992">
        <ele>-4.053996</ele>
        <time>2023-05-21T23:36:05.121Z</time>
      </trkpt>
      <trkpt lat="37.371239" lon="-121.878075">
        <ele>-4.053996</ele>
        <time>2023-05-21T23:36:08.119Z</time>
      </trkpt>
      <trkpt lat="37.371325" lon="-121.878152">
        <ele>-4.053996</ele>
        <time>2023-05-21T23:36:11.107Z</time>
      </trkpt>
      <trkpt lat="37.371388" lon="-121.878245">
        <ele>-4.053996</ele>
        <time>2023-05-21T23:36:14.134Z</time>
      </trkpt>
      <trkpt lat="37.371446" lon="-121.878355">
        <ele>-4.053996</ele>
        <time>2023-05-21T23:36:17.131Z</time>
      </trkpt>
      <trkpt lat="37.371377" lon="-121.878478">
        <ele>-4.053996</ele>
        <time>2023-05-21T23:36:22.113Z</time>
      </trkpt>
      <trkpt lat="37.371312" lon="-121.878571">
        <ele>-4.053996</ele>
        <time>2023-05-21T23:36:25.113Z</time>
      </trkpt>
      <trkpt lat="37.371245" lon="-121.878663">
        <ele>-4.053996</ele>
        <time>2023-05-21T23:36:28.121Z</time>
      </trkpt>
      <trkpt lat="37.371224" lon="-121.878780">
        <ele>-4.053996</ele>
        <time>2023-05-21T23:36:32.133Z</time>
      </trkpt>
      <trkpt lat="37.371334" lon="-121.878850">
        <ele>-4.053996</ele>
        <time>2023-05-21T23:36:36.126Z</time>
      </trkpt>
      <trkpt lat="37.371414" lon="-121.878906">
        <ele>-4.053996</ele>
        <time>2023-05-21T23:36:40.128Z</time>
      </trkpt>
      <trkpt lat="37.371461" lon="-121.878893">
        <ele>-4.053996</ele>
        <time>2023-05-21T23:37:09.239Z</time>
      </trkpt>
    </trkseg>
  </trk>
</gpx>