<?xml version='1.0' encoding='UTF-8'?>
<gpx version="1.1" creator="https://www.komoot.de" xmlns="http://www.topografix.com/GPX/1/1" xmlns:xsi="http://www.w3.org/2001/XMLSchema-instance" xsi:schemaLocation="http://www.topografix.com/GPX/1/1 http://www.topografix.com/GPX/1/1/gpx.xsd">
  <metadata>
    <name>Tour</name>
    <author>
      <link href="https://www.komoot.de">
        <text>komoot</text>
        <type>text/html</type>
      </link>
    </author>
  </metadata>
  <trk>
    <name>Tour</name>
    <trkseg>
      <trkpt lat="37.579288" lon="-121.966483">
        <ele>25.285551</ele>
        <time>2023-06-17T22:28:08.000Z</time>
      </trkpt>
      <trkpt lat="37.579254" lon="-121.966614">
        <ele>25.285551</ele>
        <time>2023-06-17T22:28:10.999Z</time>
      </trkpt>
      <trkpt lat="37.579210" lon="-121.966753">
        <ele>25.285551</ele>
        <time>2023-06-17T22:28:13.999Z</time>
      </trkpt>
      <trkpt lat="37.579160" lon="-121.966885">
        <ele>25.285551</ele>
        <time>2023-06-17T22:28:16.999Z</time>
      </trkpt>
      <trkpt lat="37.579109" lon="-121.967014">
        <ele>25.285551</ele>
        <time>2023-06-17T22:28:19.999Z</time>
      </trkpt>
      <trkpt lat="37.579064" lon="-121.967146">
        <ele>25.285551</ele>
        <time>2023-06-17T22:28:22.999Z</time>
      </trkpt>
      <trkpt lat="37.579008" lon="-121.967273">
        <ele>25.285551</ele>
        <time>2023-06-17T22:28:25.999Z</time>
      </trkpt>
      <trkpt lat="37.578953" lon="-121.967420">
        <ele>25.285551</ele>
        <time>2023-06-17T22:28:28.999Z</time>
      </trkpt>
      <trkpt lat="37.578900" lon="-121.967572">
        <ele>25.256998</ele>
        <time>2023-06-17T22:28:31.999Z</time>
      </trkpt>
      <trkpt lat="37.578871" lon="-121.967681">
        <ele>25.203058</ele>
        <time>2023-06-17T22:28:33.999Z</time>
      </trkpt>
      <trkpt lat="37.578827" lon="-121.967833">
        <ele>25.127143</ele>
        <time>2023-06-17T22:28:36.999Z</time>
      </trkpt>
      <trkpt lat="37.578785" lon="-121.967973">
        <ele>25.056916</ele>
        <time>2023-06-17T22:28:39.999Z</time>
      </trkpt>
      <trkpt lat="37.578757" lon="-121.968092">
        <ele>24.998681</ele>
        <time>2023-06-17T22:28:42.999Z</time>
      </trkpt>
      <trkpt lat="37.578683" lon="-121.968207">
        <ele>24.929187</ele>
        <time>2023-06-17T22:28:45.999Z</time>
      </trkpt>
      <trkpt lat="37.578578" lon="-121.968260">
        <ele>24.862243</ele>
        <time>2023-06-17T22:28:47.999Z</time>
      </trkpt>
      <trkpt lat="37.578459" lon="-121.968194">
        <ele>24.785296</ele>
        <time>2023-06-17T22:28:49.999Z</time>
      </trkpt>
      <trkpt lat="37.578359" lon="-121.968115">
        <ele>24.715456</ele>
        <time>2023-06-17T22:28:51.999Z</time>
      </trkpt>
      <trkpt lat="37.578265" lon="-121.968038">
        <ele>24.649115</ele>
        <time>2023-06-17T22:28:54.999Z</time>
      </trkpt>
      <trkpt lat="37.578174" lon="-121.968004">
        <ele>24.592936</ele>
        <time>2023-06-17T22:28:57.999Z</time>
      </trkpt>
      <trkpt lat="37.578064" lon="-121.967971">
        <ele>24.526006</ele>
        <time>2023-06-17T22:29:00.999Z</time>
      </trkpt>
      <trkpt lat="37.577932" lon="-121.967987">
        <ele>24.447508</ele>
        <time>2023-06-17T22:29:03.999Z</time>
      </trkpt>
      <trkpt lat="37.577840" lon="-121.968005">
        <ele>24.392398</ele>
        <time>2023-06-17T22:29:05.999Z</time>
      </trkpt>
      <trkpt lat="37.577748" lon="-121.968022">
        <ele>24.337357</ele>
        <time>2023-06-17T22:29:07.999Z</time>
      </trkpt>
      <trkpt lat="37.577655" lon="-121.968037">
        <ele>24.281858</ele>
        <time>2023-06-17T22:29:09.999Z</time>
      </trkpt>
      <trkpt lat="37.577552" lon="-121.968053">
        <ele>24.219733</ele>
        <time>2023-06-17T22:29:11.999Z</time>
      </trkpt>
      <trkpt lat="37.577444" lon="-121.968076">
        <ele>24.046072</ele>
        <time>2023-06-17T22:29:13.999Z</time>
      </trkpt>
      <trkpt lat="37.577331" lon="-121.968103">
        <ele>23.863721</ele>
        <time>2023-06-17T22:29:15.999Z</time>
      </trkpt>
      <trkpt lat="37.577223" lon="-121.968130">
        <ele>23.689152</ele>
        <time>2023-06-17T22:29:17.999Z</time>
      </trkpt>
      <trkpt lat="37.577115" lon="-121.968160">
        <ele>23.513812</ele>
        <time>2023-06-17T22:29:19.999Z</time>
      </trkpt>
      <trkpt lat="37.577005" lon="-121.968204">
        <ele>23.330847</ele>
        <time>2023-06-17T22:29:21.999Z</time>
      </trkpt>
      <trkpt lat="37.576900" lon="-121.968248">
        <ele>23.155423</ele>
        <time>2023-06-17T22:29:23.999Z</time>
      </trkpt>
      <trkpt lat="37.576788" lon="-121.968280">
        <ele>22.973345</ele>
        <time>2023-06-17T22:29:25.999Z</time>
      </trkpt>
      <trkpt lat="37.576692" lon="-121.968318">
        <ele>22.813818</ele>
        <time>2023-06-17T22:29:27.999Z</time>
      </trkpt>
      <trkpt lat="37.576582" lon="-121.968356">
        <ele>22.632989</ele>
        <time>2023-06-17T22:29:29.999Z</time>
      </trkpt>
      <trkpt lat="37.576477" lon="-121.968397">
        <ele>22.458716</ele>
        <time>2023-06-17T22:29:31.999Z</time>
      </trkpt>
      <trkpt lat="37.576366" lon="-121.968451">
        <ele>22.270091</ele>
        <time>2023-06-17T22:29:33.999Z</time>
      </trkpt>
      <trkpt lat="37.576258" lon="-121.968506">
        <ele>22.085430</ele>
        <time>2023-06-17T22:29:35.999Z</time>
      </trkpt>
      <trkpt lat="37.576144" lon="-121.968560">
        <ele>21.892360</ele>
        <time>2023-06-17T22:29:37.999Z</time>
      </trkpt>
      <trkpt lat="37.576033" lon="-121.968630">
        <ele>21.695605</ele>
        <time>2023-06-17T22:29:39.999Z</time>
      </trkpt>
      <trkpt lat="37.575924" lon="-121.968698">
        <ele>21.502809</ele>
        <time>2023-06-17T22:29:41.999Z</time>
      </trkpt>
      <trkpt lat="37.575811" lon="-121.968759">
        <ele>21.396322</ele>
        <time>2023-06-17T22:29:43.999Z</time>
      </trkpt>
      <trkpt lat="37.575703" lon="-121.968828">
        <ele>21.482208</ele>
        <time>2023-06-17T22:29:45.999Z</time>
      </trkpt>
      <trkpt lat="37.575596" lon="-121.968891">
        <ele>21.565981</ele>
        <time>2023-06-17T22:29:47.999Z</time>
      </trkpt>
      <trkpt lat="37.575493" lon="-121.968955">
        <ele>21.647438</ele>
        <time>2023-06-17T22:29:49.999Z</time>
      </trkpt>
      <trkpt lat="37.575395" lon="-121.969017">
        <ele>21.725218</ele>
        <time>2023-06-17T22:29:51.999Z</time>
      </trkpt>
      <trkpt lat="37.575301" lon="-121.969075">
        <ele>21.799456</ele>
        <time>2023-06-17T22:29:53.999Z</time>
      </trkpt>
      <trkpt lat="37.575199" lon="-121.969124">
        <ele>21.876891</ele>
        <time>2023-06-17T22:29:55.999Z</time>
      </trkpt>
      <trkpt lat="37.575097" lon="-121.969176">
        <ele>21.954942</ele>
        <time>2023-06-17T22:29:57.999Z</time>
      </trkpt>
      <trkpt lat="37.575002" lon="-121.969232">
        <ele>22.029335</ele>
        <time>2023-06-17T22:29:59.999Z</time>
      </trkpt>
      <trkpt lat="37.574911" lon="-121.969296">
        <ele>22.103250</ele>
        <time>2023-06-17T22:30:01.999Z</time>
      </trkpt>
      <trkpt lat="37.574818" lon="-121.969375">
        <ele>22.182792</ele>
        <time>2023-06-17T22:30:03.999Z</time>
      </trkpt>
      <trkpt lat="37.574693" lon="-121.969467">
        <ele>22.285462</ele>
        <time>2023-06-17T22:30:05.999Z</time>
      </trkpt>
      <trkpt lat="37.574536" lon="-121.969562">
        <ele>22.408997</ele>
        <time>2023-06-17T22:30:07.999Z</time>
      </trkpt>
      <trkpt lat="37.574387" lon="-121.969639">
        <ele>22.523233</ele>
        <time>2023-06-17T22:30:09.999Z</time>
      </trkpt>
      <trkpt lat="37.574238" lon="-121.969712">
        <ele>22.636635</ele>
        <time>2023-06-17T22:30:11.999Z</time>
      </trkpt>
      <trkpt lat="37.574107" lon="-121.969745">
        <ele>22.622028</ele>
        <time>2023-06-17T22:30:13.999Z</time>
      </trkpt>
      <trkpt lat="37.573986" lon="-121.969793">
        <ele>22.597974</ele>
        <time>2023-06-17T22:30:16.999Z</time>
      </trkpt>
      <trkpt lat="37.573879" lon="-121.969858">
        <ele>22.575454</ele>
        <time>2023-06-17T22:30:19.999Z</time>
      </trkpt>
      <trkpt lat="37.573790" lon="-121.969910">
        <ele>22.556855</ele>
        <time>2023-06-17T22:30:21.999Z</time>
      </trkpt>
      <trkpt lat="37.573694" lon="-121.970000">
        <ele>22.534175</ele>
        <time>2023-06-17T22:30:23.999Z</time>
      </trkpt>
      <trkpt lat="37.573605" lon="-121.970079">
        <ele>22.513539</ele>
        <time>2023-06-17T22:30:25.999Z</time>
      </trkpt>
      <trkpt lat="37.573513" lon="-121.970161">
        <ele>22.492178</ele>
        <time>2023-06-17T22:30:27.999Z</time>
      </trkpt>
      <trkpt lat="37.573428" lon="-121.970249">
        <ele>22.471328</ele>
        <time>2023-06-17T22:30:29.999Z</time>
      </trkpt>
      <trkpt lat="37.573336" lon="-121.970335">
        <ele>22.449615</ele>
        <time>2023-06-17T22:30:31.999Z</time>
      </trkpt>
      <trkpt lat="37.573258" lon="-121.970431">
        <ele>22.428951</ele>
        <time>2023-06-17T22:30:33.999Z</time>
      </trkpt>
      <trkpt lat="37.573183" lon="-121.970532">
        <ele>22.408149</ele>
        <time>2023-06-17T22:30:35.999Z</time>
      </trkpt>
      <trkpt lat="37.573110" lon="-121.970629">
        <ele>22.388045</ele>
        <time>2023-06-17T22:30:37.999Z</time>
      </trkpt>
      <trkpt lat="37.573050" lon="-121.970717">
        <ele>22.370598</ele>
        <time>2023-06-17T22:30:39.999Z</time>
      </trkpt>
      <trkpt lat="37.573008" lon="-121.970824">
        <ele>22.352652</ele>
        <time>2023-06-17T22:30:41.999Z</time>
      </trkpt>
      <trkpt lat="37.572953" lon="-121.970953">
        <ele>22.330636</ele>
        <time>2023-06-17T22:30:43.999Z</time>
      </trkpt>
      <trkpt lat="37.572866" lon="-121.971083">
        <ele>22.305063</ele>
        <time>2023-06-17T22:30:45.999Z</time>
      </trkpt>
      <trkpt lat="37.572775" lon="-121.971175">
        <ele>22.313822</ele>
        <time>2023-06-17T22:30:47.999Z</time>
      </trkpt>
      <trkpt lat="37.572688" lon="-121.971250">
        <ele>22.323127</ele>
        <time>2023-06-17T22:30:49.999Z</time>
      </trkpt>
      <trkpt lat="37.572610" lon="-121.971329">
        <ele>22.331960</ele>
        <time>2023-06-17T22:30:51.999Z</time>
      </trkpt>
      <trkpt lat="37.572545" lon="-121.971444">
        <ele>22.341846</ele>
        <time>2023-06-17T22:30:53.999Z</time>
      </trkpt>
      <trkpt lat="37.572495" lon="-121.971571">
        <ele>22.351771</ele>
        <time>2023-06-17T22:30:55.999Z</time>
      </trkpt>
      <trkpt lat="37.572437" lon="-121.971698">
        <ele>22.362031</ele>
        <time>2023-06-17T22:30:57.999Z</time>
      </trkpt>
      <trkpt lat="37.572379" lon="-121.971816">
        <ele>22.371749</ele>
        <time>2023-06-17T22:30:59.999Z</time>
      </trkpt>
      <trkpt lat="37.572329" lon="-121.971935">
        <ele>22.381176</ele>
        <time>2023-06-17T22:31:01.999Z</time>
      </trkpt>
      <trkpt lat="37.572281" lon="-121.972071">
        <ele>22.391596</ele>
        <time>2023-06-17T22:31:03.999Z</time>
      </trkpt>
      <trkpt lat="37.572228" lon="-121.972201">
        <ele>22.401829</ele>
        <time>2023-06-17T22:31:05.999Z</time>
      </trkpt>
      <trkpt lat="37.572188" lon="-121.972333">
        <ele>22.411720</ele>
        <time>2023-06-17T22:31:07.999Z</time>
      </trkpt>
      <trkpt lat="37.572152" lon="-121.972462">
        <ele>22.421292</ele>
        <time>2023-06-17T22:31:09.999Z</time>
      </trkpt>
      <trkpt lat="37.572105" lon="-121.972584">
        <ele>22.430787</ele>
        <time>2023-06-17T22:31:11.999Z</time>
      </trkpt>
      <trkpt lat="37.572066" lon="-121.972714">
        <ele>22.440516</ele>
        <time>2023-06-17T22:31:13.999Z</time>
      </trkpt>
      <trkpt lat="37.572024" lon="-121.972836">
        <ele>22.449826</ele>
        <time>2023-06-17T22:31:15.999Z</time>
      </trkpt>
      <trkpt lat="37.571983" lon="-121.972962">
        <ele>22.459359</ele>
        <time>2023-06-17T22:31:17.999Z</time>
      </trkpt>
      <trkpt lat="37.571936" lon="-121.973098">
        <ele>22.401943</ele>
        <time>2023-06-17T22:31:19.999Z</time>
      </trkpt>
      <trkpt lat="37.571892" lon="-121.973229">
        <ele>22.313952</ele>
        <time>2023-06-17T22:31:21.999Z</time>
      </trkpt>
      <trkpt lat="37.571848" lon="-121.973350">
        <ele>22.231621</ele>
        <time>2023-06-17T22:31:23.999Z</time>
      </trkpt>
      <trkpt lat="37.571820" lon="-121.973466">
        <ele>22.156628</ele>
        <time>2023-06-17T22:31:25.998Z</time>
      </trkpt>
      <trkpt lat="37.571780" lon="-121.973569">
        <ele>22.085693</ele>
        <time>2023-06-17T22:31:27.998Z</time>
      </trkpt>
      <trkpt lat="37.571732" lon="-121.973721">
        <ele>21.984503</ele>
        <time>2023-06-17T22:31:30.998Z</time>
      </trkpt>
      <trkpt lat="37.571681" lon="-121.973873">
        <ele>21.882423</ele>
        <time>2023-06-17T22:31:33.998Z</time>
      </trkpt>
      <trkpt lat="37.571640" lon="-121.974025">
        <ele>21.783125</ele>
        <time>2023-06-17T22:31:36.998Z</time>
      </trkpt>
      <trkpt lat="37.571596" lon="-121.974175">
        <ele>21.684209</ele>
        <time>2023-06-17T22:31:39.998Z</time>
      </trkpt>
      <trkpt lat="37.571534" lon="-121.974319">
        <ele>21.582861</ele>
        <time>2023-06-17T22:31:42.998Z</time>
      </trkpt>
      <trkpt lat="37.571499" lon="-121.974428">
        <ele>21.510128</ele>
        <time>2023-06-17T22:31:44.998Z</time>
      </trkpt>
      <trkpt lat="37.571456" lon="-121.974529">
        <ele>21.439224</ele>
        <time>2023-06-17T22:31:46.998Z</time>
      </trkpt>
      <trkpt lat="37.571417" lon="-121.974636">
        <ele>21.366388</ele>
        <time>2023-06-17T22:31:48.998Z</time>
      </trkpt>
      <trkpt lat="37.571366" lon="-121.974792">
        <ele>21.262026</ele>
        <time>2023-06-17T22:31:51.998Z</time>
      </trkpt>
      <trkpt lat="37.571313" lon="-121.974942">
        <ele>21.160458</ele>
        <time>2023-06-17T22:31:54.998Z</time>
      </trkpt>
      <trkpt lat="37.571262" lon="-121.975097">
        <ele>21.061220</ele>
        <time>2023-06-17T22:31:57.998Z</time>
      </trkpt>
      <trkpt lat="37.571237" lon="-121.975217">
        <ele>21.112310</ele>
        <time>2023-06-17T22:31:59.998Z</time>
      </trkpt>
      <trkpt lat="37.571198" lon="-121.975328">
        <ele>21.162305</ele>
        <time>2023-06-17T22:32:01.998Z</time>
      </trkpt>
      <trkpt lat="37.571156" lon="-121.975483">
        <ele>21.229756</ele>
        <time>2023-06-17T22:32:04.998Z</time>
      </trkpt>
      <trkpt lat="37.571112" lon="-121.975626">
        <ele>21.292919</ele>
        <time>2023-06-17T22:32:07.998Z</time>
      </trkpt>
      <trkpt lat="37.571078" lon="-121.975774">
        <ele>21.356369</ele>
        <time>2023-06-17T22:32:10.998Z</time>
      </trkpt>
      <trkpt lat="37.571041" lon="-121.975918">
        <ele>21.418701</ele>
        <time>2023-06-17T22:32:13.998Z</time>
      </trkpt>
      <trkpt lat="37.571011" lon="-121.976068">
        <ele>21.482402</ele>
        <time>2023-06-17T22:32:16.998Z</time>
      </trkpt>
      <trkpt lat="37.570983" lon="-121.976227">
        <ele>21.549469</ele>
        <time>2023-06-17T22:32:19.998Z</time>
      </trkpt>
      <trkpt lat="37.570953" lon="-121.976374">
        <ele>21.611973</ele>
        <time>2023-06-17T22:32:22.998Z</time>
      </trkpt>
      <trkpt lat="37.570929" lon="-121.976525">
        <ele>21.675387</ele>
        <time>2023-06-17T22:32:25.998Z</time>
      </trkpt>
      <trkpt lat="37.570908" lon="-121.976687">
        <ele>21.742980</ele>
        <time>2023-06-17T22:32:28.998Z</time>
      </trkpt>
      <trkpt lat="37.570891" lon="-121.976846">
        <ele>21.809043</ele>
        <time>2023-06-17T22:32:31.998Z</time>
      </trkpt>
      <trkpt lat="37.570886" lon="-121.976960">
        <ele>21.856056</ele>
        <time>2023-06-17T22:32:33.998Z</time>
      </trkpt>
      <trkpt lat="37.570863" lon="-121.977278">
        <ele>21.987542</ele>
        <time>2023-06-17T22:33:31.998Z</time>
      </trkpt>
      <trkpt lat="37.570869" lon="-121.977433">
        <ele>21.859900</ele>
        <time>2023-06-17T22:33:34.998Z</time>
      </trkpt>
      <trkpt lat="37.570881" lon="-121.977547">
        <ele>21.749847</ele>
        <time>2023-06-17T22:33:36.998Z</time>
      </trkpt>
      <trkpt lat="37.570899" lon="-121.977712">
        <ele>21.590458</ele>
        <time>2023-06-17T22:33:39.998Z</time>
      </trkpt>
      <trkpt lat="37.570914" lon="-121.977844">
        <ele>21.462846</ele>
        <time>2023-06-17T22:33:41.998Z</time>
      </trkpt>
      <trkpt lat="37.570933" lon="-121.977969">
        <ele>21.341044</ele>
        <time>2023-06-17T22:33:43.998Z</time>
      </trkpt>
      <trkpt lat="37.570953" lon="-121.978090">
        <ele>21.222760</ele>
        <time>2023-06-17T22:33:45.998Z</time>
      </trkpt>
      <trkpt lat="37.570977" lon="-121.978205">
        <ele>21.108957</ele>
        <time>2023-06-17T22:33:47.998Z</time>
      </trkpt>
      <trkpt lat="37.571006" lon="-121.978362">
        <ele>20.954686</ele>
        <time>2023-06-17T22:33:50.998Z</time>
      </trkpt>
      <trkpt lat="37.571034" lon="-121.978517">
        <ele>20.802552</ele>
        <time>2023-06-17T22:33:53.998Z</time>
      </trkpt>
      <trkpt lat="37.571062" lon="-121.978675">
        <ele>20.647617</ele>
        <time>2023-06-17T22:33:56.998Z</time>
      </trkpt>
      <trkpt lat="37.571089" lon="-121.978786">
        <ele>20.536503</ele>
        <time>2023-06-17T22:33:58.998Z</time>
      </trkpt>
      <trkpt lat="37.571111" lon="-121.978898">
        <ele>20.426080</ele>
        <time>2023-06-17T22:34:00.998Z</time>
      </trkpt>
      <trkpt lat="37.571134" lon="-121.979008">
        <ele>20.317212</ele>
        <time>2023-06-17T22:34:02.998Z</time>
      </trkpt>
      <trkpt lat="37.571155" lon="-121.979120">
        <ele>20.207073</ele>
        <time>2023-06-17T22:34:04.998Z</time>
      </trkpt>
      <trkpt lat="37.571183" lon="-121.979228">
        <ele>20.098332</ele>
        <time>2023-06-17T22:34:06.998Z</time>
      </trkpt>
      <trkpt lat="37.571219" lon="-121.979341">
        <ele>19.981785</ele>
        <time>2023-06-17T22:34:08.998Z</time>
      </trkpt>
      <trkpt lat="37.571257" lon="-121.979461">
        <ele>19.858123</ele>
        <time>2023-06-17T22:34:10.998Z</time>
      </trkpt>
      <trkpt lat="37.571290" lon="-121.979576">
        <ele>19.811285</ele>
        <time>2023-06-17T22:34:12.998Z</time>
      </trkpt>
      <trkpt lat="37.571324" lon="-121.979683">
        <ele>19.796486</ele>
        <time>2023-06-17T22:34:14.998Z</time>
      </trkpt>
      <trkpt lat="37.571352" lon="-121.979793">
        <ele>19.781654</ele>
        <time>2023-06-17T22:34:16.998Z</time>
      </trkpt>
      <trkpt lat="37.571384" lon="-121.979899">
        <ele>19.767092</ele>
        <time>2023-06-17T22:34:18.998Z</time>
      </trkpt>
      <trkpt lat="37.571422" lon="-121.980006">
        <ele>19.752040</ele>
        <time>2023-06-17T22:34:20.998Z</time>
      </trkpt>
      <trkpt lat="37.571453" lon="-121.980122">
        <ele>19.736325</ele>
        <time>2023-06-17T22:34:22.998Z</time>
      </trkpt>
      <trkpt lat="37.571486" lon="-121.980240">
        <ele>19.720261</ele>
        <time>2023-06-17T22:34:24.998Z</time>
      </trkpt>
      <trkpt lat="37.571500" lon="-121.980360">
        <ele>19.704689</ele>
        <time>2023-06-17T22:34:26.998Z</time>
      </trkpt>
      <trkpt lat="37.571500" lon="-121.980491">
        <ele>19.687872</ele>
        <time>2023-06-17T22:34:28.998Z</time>
      </trkpt>
      <trkpt lat="37.571516" lon="-121.980609">
        <ele>19.672503</ele>
        <time>2023-06-17T22:34:30.998Z</time>
      </trkpt>
      <trkpt lat="37.571548" lon="-121.980724">
        <ele>19.656856</ele>
        <time>2023-06-17T22:34:32.998Z</time>
      </trkpt>
      <trkpt lat="37.571588" lon="-121.980833">
        <ele>19.641436</ele>
        <time>2023-06-17T22:34:34.998Z</time>
      </trkpt>
      <trkpt lat="37.571632" lon="-121.980943">
        <ele>19.625618</ele>
        <time>2023-06-17T22:34:36.998Z</time>
      </trkpt>
      <trkpt lat="37.571658" lon="-121.981063">
        <ele>19.609648</ele>
        <time>2023-06-17T22:34:38.998Z</time>
      </trkpt>
      <trkpt lat="37.571668" lon="-121.981186">
        <ele>19.593774</ele>
        <time>2023-06-17T22:34:40.998Z</time>
      </trkpt>
      <trkpt lat="37.571684" lon="-121.981307">
        <ele>19.578026</ele>
        <time>2023-06-17T22:34:42.998Z</time>
      </trkpt>
      <trkpt lat="37.571699" lon="-121.981423">
        <ele>19.562937</ele>
        <time>2023-06-17T22:34:44.998Z</time>
      </trkpt>
      <trkpt lat="37.571711" lon="-121.981548">
        <ele>19.546773</ele>
        <time>2023-06-17T22:34:46.998Z</time>
      </trkpt>
      <trkpt lat="37.571714" lon="-121.981663">
        <ele>19.532002</ele>
        <time>2023-06-17T22:34:48.998Z</time>
      </trkpt>
      <trkpt lat="37.571729" lon="-121.981833">
        <ele>19.497672</ele>
        <time>2023-06-17T22:34:51.998Z</time>
      </trkpt>
      <trkpt lat="37.571733" lon="-121.981951">
        <ele>19.473488</ele>
        <time>2023-06-17T22:34:53.998Z</time>
      </trkpt>
      <trkpt lat="37.571729" lon="-121.982113">
        <ele>19.440301</ele>
        <time>2023-06-17T22:34:56.997Z</time>
      </trkpt>
      <trkpt lat="37.571724" lon="-121.982277">
        <ele>19.406695</ele>
        <time>2023-06-17T22:34:59.997Z</time>
      </trkpt>
      <trkpt lat="37.571708" lon="-121.982439">
        <ele>19.373267</ele>
        <time>2023-06-17T22:35:02.997Z</time>
      </trkpt>
      <trkpt lat="37.571691" lon="-121.982552">
        <ele>19.349716</ele>
        <time>2023-06-17T22:35:04.997Z</time>
      </trkpt>
      <trkpt lat="37.571668" lon="-121.982666">
        <ele>19.325629</ele>
        <time>2023-06-17T22:35:06.997Z</time>
      </trkpt>
      <trkpt lat="37.571645" lon="-121.982781">
        <ele>19.301343</ele>
        <time>2023-06-17T22:35:08.997Z</time>
      </trkpt>
      <trkpt lat="37.571631" lon="-121.982897">
        <ele>19.277317</ele>
        <time>2023-06-17T22:35:10.997Z</time>
      </trkpt>
      <trkpt lat="37.571614" lon="-121.983011">
        <ele>19.253564</ele>
        <time>2023-06-17T22:35:12.997Z</time>
      </trkpt>
      <trkpt lat="37.571588" lon="-121.983120">
        <ele>19.230257</ele>
        <time>2023-06-17T22:35:14.997Z</time>
      </trkpt>
      <trkpt lat="37.571556" lon="-121.983229">
        <ele>19.206456</ele>
        <time>2023-06-17T22:35:16.997Z</time>
      </trkpt>
      <trkpt lat="37.571522" lon="-121.983379">
        <ele>19.174510</ele>
        <time>2023-06-17T22:35:19.997Z</time>
      </trkpt>
      <trkpt lat="37.571493" lon="-121.983490">
        <ele>19.150578</ele>
        <time>2023-06-17T22:35:21.997Z</time>
      </trkpt>
      <trkpt lat="37.571463" lon="-121.983598">
        <ele>19.127145</ele>
        <time>2023-06-17T22:35:23.997Z</time>
      </trkpt>
      <trkpt lat="37.571431" lon="-121.983707">
        <ele>19.103344</ele>
        <time>2023-06-17T22:35:25.997Z</time>
      </trkpt>
      <trkpt lat="37.571379" lon="-121.983861">
        <ele>19.069069</ele>
        <time>2023-06-17T22:35:28.997Z</time>
      </trkpt>
      <trkpt lat="37.571328" lon="-121.983999">
        <ele>19.037557</ele>
        <time>2023-06-17T22:35:31.997Z</time>
      </trkpt>
      <trkpt lat="37.571278" lon="-121.984135">
        <ele>19.006498</ele>
        <time>2023-06-17T22:35:34.997Z</time>
      </trkpt>
      <trkpt lat="37.571216" lon="-121.984277">
        <ele>18.972910</ele>
        <time>2023-06-17T22:35:37.997Z</time>
      </trkpt>
      <trkpt lat="37.571152" lon="-121.984415">
        <ele>18.939785</ele>
        <time>2023-06-17T22:35:40.997Z</time>
      </trkpt>
      <trkpt lat="37.571082" lon="-121.984556">
        <ele>18.905315</ele>
        <time>2023-06-17T22:35:43.997Z</time>
      </trkpt>
      <trkpt lat="37.571011" lon="-121.984694">
        <ele>18.871229</ele>
        <time>2023-06-17T22:35:46.997Z</time>
      </trkpt>
      <trkpt lat="37.570937" lon="-121.984821">
        <ele>18.838573</ele>
        <time>2023-06-17T22:35:49.997Z</time>
      </trkpt>
      <trkpt lat="37.570865" lon="-121.984954">
        <ele>18.805204</ele>
        <time>2023-06-17T22:35:52.997Z</time>
      </trkpt>
      <trkpt lat="37.570793" lon="-121.985090">
        <ele>18.771321</ele>
        <time>2023-06-17T22:35:55.997Z</time>
      </trkpt>
      <trkpt lat="37.570740" lon="-121.985183">
        <ele>18.747590</ele>
        <time>2023-06-17T22:35:57.997Z</time>
      </trkpt>
      <trkpt lat="37.570650" lon="-121.985307">
        <ele>18.712755</ele>
        <time>2023-06-17T22:36:00.997Z</time>
      </trkpt>
      <trkpt lat="37.570567" lon="-121.985441">
        <ele>18.677522</ele>
        <time>2023-06-17T22:36:03.997Z</time>
      </trkpt>
      <trkpt lat="37.570477" lon="-121.985566">
        <ele>18.642534</ele>
        <time>2023-06-17T22:36:06.997Z</time>
      </trkpt>
      <trkpt lat="37.570384" lon="-121.985694">
        <ele>18.606559</ele>
        <time>2023-06-17T22:36:09.997Z</time>
      </trkpt>
      <trkpt lat="37.570292" lon="-121.985812">
        <ele>18.594611</ele>
        <time>2023-06-17T22:36:12.997Z</time>
      </trkpt>
      <trkpt lat="37.570224" lon="-121.985896">
        <ele>18.593142</ele>
        <time>2023-06-17T22:36:14.997Z</time>
      </trkpt>
      <trkpt lat="37.570154" lon="-121.985971">
        <ele>18.591724</ele>
        <time>2023-06-17T22:36:16.997Z</time>
      </trkpt>
      <trkpt lat="37.570078" lon="-121.986043">
        <ele>18.590256</ele>
        <time>2023-06-17T22:36:18.997Z</time>
      </trkpt>
      <trkpt lat="37.570012" lon="-121.986129">
        <ele>18.588791</ele>
        <time>2023-06-17T22:36:20.997Z</time>
      </trkpt>
      <trkpt lat="37.569919" lon="-121.986243">
        <ele>18.586788</ele>
        <time>2023-06-17T22:36:23.997Z</time>
      </trkpt>
      <trkpt lat="37.569832" lon="-121.986346">
        <ele>18.584946</ele>
        <time>2023-06-17T22:36:26.997Z</time>
      </trkpt>
      <trkpt lat="37.569745" lon="-121.986460">
        <ele>18.583009</ele>
        <time>2023-06-17T22:36:29.997Z</time>
      </trkpt>
      <trkpt lat="37.569681" lon="-121.986539">
        <ele>18.581626</ele>
        <time>2023-06-17T22:36:31.997Z</time>
      </trkpt>
      <trkpt lat="37.569590" lon="-121.986650">
        <ele>18.579672</ele>
        <time>2023-06-17T22:36:34.997Z</time>
      </trkpt>
      <trkpt lat="37.569496" lon="-121.986758">
        <ele>18.577708</ele>
        <time>2023-06-17T22:36:37.997Z</time>
      </trkpt>
      <trkpt lat="37.569429" lon="-121.986844">
        <ele>18.576232</ele>
        <time>2023-06-17T22:36:39.997Z</time>
      </trkpt>
      <trkpt lat="37.569365" lon="-121.986928">
        <ele>18.574806</ele>
        <time>2023-06-17T22:36:41.996Z</time>
      </trkpt>
      <trkpt lat="37.569293" lon="-121.987016">
        <ele>18.573258</ele>
        <time>2023-06-17T22:36:43.996Z</time>
      </trkpt>
      <trkpt lat="37.569224" lon="-121.987102">
        <ele>18.571760</ele>
        <time>2023-06-17T22:36:45.996Z</time>
      </trkpt>
      <trkpt lat="37.569148" lon="-121.987193">
        <ele>18.570142</ele>
        <time>2023-06-17T22:36:47.996Z</time>
      </trkpt>
      <trkpt lat="37.569078" lon="-121.987289">
        <ele>18.568546</ele>
        <time>2023-06-17T22:36:49.996Z</time>
      </trkpt>
      <trkpt lat="37.569008" lon="-121.987367">
        <ele>18.476051</ele>
        <time>2023-06-17T22:36:51.996Z</time>
      </trkpt>
      <trkpt lat="37.568934" lon="-121.987457">
        <ele>18.347163</ele>
        <time>2023-06-17T22:36:53.997Z</time>
      </trkpt>
      <trkpt lat="37.568862" lon="-121.987535">
        <ele>18.228161</ele>
        <time>2023-06-17T22:36:55.997Z</time>
      </trkpt>
      <trkpt lat="37.568797" lon="-121.987625">
        <ele>18.107144</ele>
        <time>2023-06-17T22:36:57.997Z</time>
      </trkpt>
      <trkpt lat="37.568744" lon="-121.987742">
        <ele>17.973205</ele>
        <time>2023-06-17T22:36:59.997Z</time>
      </trkpt>
      <trkpt lat="37.568678" lon="-121.987917">
        <ele>17.780584</ele>
        <time>2023-06-17T22:37:01.997Z</time>
      </trkpt>
      <trkpt lat="37.568587" lon="-121.988083">
        <ele>17.579978</ele>
        <time>2023-06-17T22:37:03.997Z</time>
      </trkpt>
      <trkpt lat="37.568456" lon="-121.988199">
        <ele>17.379287</ele>
        <time>2023-06-17T22:37:05.997Z</time>
      </trkpt>
      <trkpt lat="37.568332" lon="-121.988324">
        <ele>17.180258</ele>
        <time>2023-06-17T22:37:07.997Z</time>
      </trkpt>
      <trkpt lat="37.568219" lon="-121.988414">
        <ele>17.012687</ele>
        <time>2023-06-17T22:37:09.997Z</time>
      </trkpt>
      <trkpt lat="37.568128" lon="-121.988504">
        <ele>16.867695</ele>
        <time>2023-06-17T22:37:11.997Z</time>
      </trkpt>
      <trkpt lat="37.568054" lon="-121.988597">
        <ele>16.736719</ele>
        <time>2023-06-17T22:37:13.997Z</time>
      </trkpt>
      <trkpt lat="37.567977" lon="-121.988711">
        <ele>16.587852</ele>
        <time>2023-06-17T22:37:15.997Z</time>
      </trkpt>
      <trkpt lat="37.567886" lon="-121.988833">
        <ele>16.421345</ele>
        <time>2023-06-17T22:37:17.997Z</time>
      </trkpt>
      <trkpt lat="37.567803" lon="-121.988943">
        <ele>16.284920</ele>
        <time>2023-06-17T22:37:19.997Z</time>
      </trkpt>
      <trkpt lat="37.567712" lon="-121.989060">
        <ele>16.177777</ele>
        <time>2023-06-17T22:37:21.997Z</time>
      </trkpt>
      <trkpt lat="37.567629" lon="-121.989168">
        <ele>16.079450</ele>
        <time>2023-06-17T22:37:23.997Z</time>
      </trkpt>
      <trkpt lat="37.567548" lon="-121.989273">
        <ele>15.983680</ele>
        <time>2023-06-17T22:37:25.997Z</time>
      </trkpt>
      <trkpt lat="37.567468" lon="-121.989372">
        <ele>15.891270</ele>
        <time>2023-06-17T22:37:27.997Z</time>
      </trkpt>
      <trkpt lat="37.567385" lon="-121.989469">
        <ele>15.797971</ele>
        <time>2023-06-17T22:37:29.997Z</time>
      </trkpt>
      <trkpt lat="37.567300" lon="-121.989574">
        <ele>15.699872</ele>
        <time>2023-06-17T22:37:31.997Z</time>
      </trkpt>
      <trkpt lat="37.567218" lon="-121.989682">
        <ele>15.602117</ele>
        <time>2023-06-17T22:37:33.997Z</time>
      </trkpt>
      <trkpt lat="37.567138" lon="-121.989789">
        <ele>15.505973</ele>
        <time>2023-06-17T22:37:35.997Z</time>
      </trkpt>
      <trkpt lat="37.567056" lon="-121.989899">
        <ele>15.407271</ele>
        <time>2023-06-17T22:37:37.997Z</time>
      </trkpt>
      <trkpt lat="37.566972" lon="-121.989999">
        <ele>15.312030</ele>
        <time>2023-06-17T22:37:39.997Z</time>
      </trkpt>
      <trkpt lat="37.566899" lon="-121.990099">
        <ele>15.223169</ele>
        <time>2023-06-17T22:37:41.997Z</time>
      </trkpt>
      <trkpt lat="37.566832" lon="-121.990190">
        <ele>15.141986</ele>
        <time>2023-06-17T22:37:43.997Z</time>
      </trkpt>
      <trkpt lat="37.566780" lon="-121.990294">
        <ele>15.061612</ele>
        <time>2023-06-17T22:37:45.997Z</time>
      </trkpt>
      <trkpt lat="37.566698" lon="-121.990426">
        <ele>14.951990</ele>
        <time>2023-06-17T22:37:48.997Z</time>
      </trkpt>
      <trkpt lat="37.566645" lon="-121.990522">
        <ele>14.875520</ele>
        <time>2023-06-17T22:37:50.997Z</time>
      </trkpt>
      <trkpt lat="37.566596" lon="-121.990617">
        <ele>14.820300</ele>
        <time>2023-06-17T22:37:52.997Z</time>
      </trkpt>
      <trkpt lat="37.566521" lon="-121.990750">
        <ele>14.785094</ele>
        <time>2023-06-17T22:37:55.997Z</time>
      </trkpt>
      <trkpt lat="37.566452" lon="-121.990884">
        <ele>14.750629</ele>
        <time>2023-06-17T22:37:58.997Z</time>
      </trkpt>
      <trkpt lat="37.566379" lon="-121.991020">
        <ele>14.715202</ele>
        <time>2023-06-17T22:38:01.997Z</time>
      </trkpt>
      <trkpt lat="37.566316" lon="-121.991166">
        <ele>14.679347</ele>
        <time>2023-06-17T22:38:04.997Z</time>
      </trkpt>
      <trkpt lat="37.566273" lon="-121.991269">
        <ele>14.654238</ele>
        <time>2023-06-17T22:38:06.997Z</time>
      </trkpt>
      <trkpt lat="37.566231" lon="-121.991372">
        <ele>14.629255</ele>
        <time>2023-06-17T22:38:08.997Z</time>
      </trkpt>
      <trkpt lat="37.566170" lon="-121.991515">
        <ele>14.594228</ele>
        <time>2023-06-17T22:38:11.997Z</time>
      </trkpt>
      <trkpt lat="37.566113" lon="-121.991658">
        <ele>14.559704</ele>
        <time>2023-06-17T22:38:14.997Z</time>
      </trkpt>
      <trkpt lat="37.566066" lon="-121.991803">
        <ele>14.525915</ele>
        <time>2023-06-17T22:38:17.997Z</time>
      </trkpt>
      <trkpt lat="37.566012" lon="-121.991939">
        <ele>14.493107</ele>
        <time>2023-06-17T22:38:20.997Z</time>
      </trkpt>
      <trkpt lat="37.565974" lon="-121.992075">
        <ele>14.462003</ele>
        <time>2023-06-17T22:38:23.997Z</time>
      </trkpt>
      <trkpt lat="37.565927" lon="-121.992213">
        <ele>14.429607</ele>
        <time>2023-06-17T22:38:26.997Z</time>
      </trkpt>
      <trkpt lat="37.565888" lon="-121.992354">
        <ele>14.397396</ele>
        <time>2023-06-17T22:38:29.996Z</time>
      </trkpt>
      <trkpt lat="37.565847" lon="-121.992487">
        <ele>14.366616</ele>
        <time>2023-06-17T22:38:32.996Z</time>
      </trkpt>
      <trkpt lat="37.565814" lon="-121.992617">
        <ele>14.335333</ele>
        <time>2023-06-17T22:38:35.996Z</time>
      </trkpt>
      <trkpt lat="37.565777" lon="-121.992756">
        <ele>14.284204</ele>
        <time>2023-06-17T22:38:38.996Z</time>
      </trkpt>
      <trkpt lat="37.565744" lon="-121.992894">
        <ele>14.233941</ele>
        <time>2023-06-17T22:38:41.996Z</time>
      </trkpt>
      <trkpt lat="37.565717" lon="-121.993025">
        <ele>14.186742</ele>
        <time>2023-06-17T22:38:44.996Z</time>
      </trkpt>
      <trkpt lat="37.565696" lon="-121.993160">
        <ele>14.138769</ele>
        <time>2023-06-17T22:38:47.996Z</time>
      </trkpt>
      <trkpt lat="37.565671" lon="-121.993283">
        <ele>14.094491</ele>
        <time>2023-06-17T22:38:50.996Z</time>
      </trkpt>
      <trkpt lat="37.565651" lon="-121.993425">
        <ele>14.044199</ele>
        <time>2023-06-17T22:38:53.996Z</time>
      </trkpt>
      <trkpt lat="37.565630" lon="-121.993568">
        <ele>13.993486</ele>
        <time>2023-06-17T22:38:56.996Z</time>
      </trkpt>
      <trkpt lat="37.565613" lon="-121.993710">
        <ele>13.943409</ele>
        <time>2023-06-17T22:38:59.996Z</time>
      </trkpt>
      <trkpt lat="37.565600" lon="-121.993871">
        <ele>13.886977</ele>
        <time>2023-06-17T22:39:02.996Z</time>
      </trkpt>
      <trkpt lat="37.565586" lon="-121.994034">
        <ele>13.829806</ele>
        <time>2023-06-17T22:39:05.996Z</time>
      </trkpt>
      <trkpt lat="37.565576" lon="-121.994156">
        <ele>13.787037</ele>
        <time>2023-06-17T22:39:07.996Z</time>
      </trkpt>
      <trkpt lat="37.565555" lon="-121.994319">
        <ele>13.729453</ele>
        <time>2023-06-17T22:39:10.996Z</time>
      </trkpt>
      <trkpt lat="37.565546" lon="-121.994434">
        <ele>13.689157</ele>
        <time>2023-06-17T22:39:12.996Z</time>
      </trkpt>
      <trkpt lat="37.565532" lon="-121.994553">
        <ele>13.647207</ele>
        <time>2023-06-17T22:39:14.996Z</time>
      </trkpt>
      <trkpt lat="37.565526" lon="-121.994671">
        <ele>13.605975</ele>
        <time>2023-06-17T22:39:16.996Z</time>
      </trkpt>
      <trkpt lat="37.565513" lon="-121.994829">
        <ele>13.550584</ele>
        <time>2023-06-17T22:39:19.996Z</time>
      </trkpt>
      <trkpt lat="37.565513" lon="-121.994943">
        <ele>13.483072</ele>
        <time>2023-06-17T22:39:21.996Z</time>
      </trkpt>
      <trkpt lat="37.565500" lon="-121.995109">
        <ele>13.382492</ele>
        <time>2023-06-17T22:39:24.996Z</time>
      </trkpt>
      <trkpt lat="37.565493" lon="-121.995273">
        <ele>13.283462</ele>
        <time>2023-06-17T22:39:27.996Z</time>
      </trkpt>
      <trkpt lat="37.565478" lon="-121.995436">
        <ele>13.184519</ele>
        <time>2023-06-17T22:39:30.996Z</time>
      </trkpt>
      <trkpt lat="37.565460" lon="-121.995603">
        <ele>13.082896</ele>
        <time>2023-06-17T22:39:33.996Z</time>
      </trkpt>
      <trkpt lat="37.565453" lon="-121.995719">
        <ele>13.012750</ele>
        <time>2023-06-17T22:39:35.996Z</time>
      </trkpt>
      <trkpt lat="37.565450" lon="-121.995833">
        <ele>12.943974</ele>
        <time>2023-06-17T22:39:37.996Z</time>
      </trkpt>
      <trkpt lat="37.565441" lon="-121.995947">
        <ele>12.874895</ele>
        <time>2023-06-17T22:39:39.996Z</time>
      </trkpt>
      <trkpt lat="37.565429" lon="-121.996112">
        <ele>12.774988</ele>
        <time>2023-06-17T22:39:42.996Z</time>
      </trkpt>
      <trkpt lat="37.565420" lon="-121.996279">
        <ele>12.674060</ele>
        <time>2023-06-17T22:39:45.996Z</time>
      </trkpt>
      <trkpt lat="37.565412" lon="-121.996445">
        <ele>12.573782</ele>
        <time>2023-06-17T22:39:48.996Z</time>
      </trkpt>
      <trkpt lat="37.565399" lon="-121.996610">
        <ele>12.473802</ele>
        <time>2023-06-17T22:39:51.996Z</time>
      </trkpt>
      <trkpt lat="37.565382" lon="-121.996781">
        <ele>12.369887</ele>
        <time>2023-06-17T22:39:54.996Z</time>
      </trkpt>
      <trkpt lat="37.565377" lon="-121.996947">
        <ele>12.269722</ele>
        <time>2023-06-17T22:39:57.996Z</time>
      </trkpt>
      <trkpt lat="37.565370" lon="-121.997064">
        <ele>12.198974</ele>
        <time>2023-06-17T22:39:59.996Z</time>
      </trkpt>
      <trkpt lat="37.565368" lon="-121.997185">
        <ele>12.135066</ele>
        <time>2023-06-17T22:40:01.996Z</time>
      </trkpt>
      <trkpt lat="37.565367" lon="-121.997301">
        <ele>12.076714</ele>
        <time>2023-06-17T22:40:03.996Z</time>
      </trkpt>
      <trkpt lat="37.565366" lon="-121.997425">
        <ele>12.014338</ele>
        <time>2023-06-17T22:40:05.996Z</time>
      </trkpt>
      <trkpt lat="37.565363" lon="-121.997546">
        <ele>11.953445</ele>
        <time>2023-06-17T22:40:07.996Z</time>
      </trkpt>
      <trkpt lat="37.565358" lon="-121.997666">
        <ele>11.893001</ele>
        <time>2023-06-17T22:40:09.996Z</time>
      </trkpt>
      <trkpt lat="37.565351" lon="-121.997829">
        <ele>11.810891</ele>
        <time>2023-06-17T22:40:12.996Z</time>
      </trkpt>
      <trkpt lat="37.565359" lon="-121.997973">
        <ele>11.738281</ele>
        <time>2023-06-17T22:40:15.996Z</time>
      </trkpt>
      <trkpt lat="37.565358" lon="-121.998123">
        <ele>11.662828</ele>
        <time>2023-06-17T22:40:18.996Z</time>
      </trkpt>
      <trkpt lat="37.565366" lon="-121.998267">
        <ele>11.590217</ele>
        <time>2023-06-17T22:40:21.996Z</time>
      </trkpt>
      <trkpt lat="37.565371" lon="-121.998406">
        <ele>11.520228</ele>
        <time>2023-06-17T22:40:24.996Z</time>
      </trkpt>
      <trkpt lat="37.565379" lon="-121.998542">
        <ele>11.451631</ele>
        <time>2023-06-17T22:40:27.996Z</time>
      </trkpt>
      <trkpt lat="37.565400" lon="-121.998688">
        <ele>11.376993</ele>
        <time>2023-06-17T22:40:30.996Z</time>
      </trkpt>
      <trkpt lat="37.565412" lon="-121.998833">
        <ele>11.303661</ele>
        <time>2023-06-17T22:40:33.996Z</time>
      </trkpt>
      <trkpt lat="37.565431" lon="-121.998979">
        <ele>11.229239</ele>
        <time>2023-06-17T22:40:36.996Z</time>
      </trkpt>
      <trkpt lat="37.565460" lon="-121.999140">
        <ele>11.146191</ele>
        <time>2023-06-17T22:40:39.996Z</time>
      </trkpt>
      <trkpt lat="37.565475" lon="-121.999301">
        <ele>11.064650</ele>
        <time>2023-06-17T22:40:42.996Z</time>
      </trkpt>
      <trkpt lat="37.565509" lon="-121.999460">
        <ele>11.289875</ele>
        <time>2023-06-17T22:40:45.996Z</time>
      </trkpt>
      <trkpt lat="37.565530" lon="-121.999574">
        <ele>11.546432</ele>
        <time>2023-06-17T22:40:47.996Z</time>
      </trkpt>
      <trkpt lat="37.565562" lon="-121.999736">
        <ele>11.912410</ele>
        <time>2023-06-17T22:40:50.996Z</time>
      </trkpt>
      <trkpt lat="37.565600" lon="-121.999892">
        <ele>12.270158</ele>
        <time>2023-06-17T22:40:53.996Z</time>
      </trkpt>
      <trkpt lat="37.565644" lon="-122.000050">
        <ele>12.637261</ele>
        <time>2023-06-17T22:40:56.996Z</time>
      </trkpt>
      <trkpt lat="37.565671" lon="-122.000160">
        <ele>12.889686</ele>
        <time>2023-06-17T22:40:58.996Z</time>
      </trkpt>
      <trkpt lat="37.565709" lon="-122.000270">
        <ele>13.152719</ele>
        <time>2023-06-17T22:41:00.996Z</time>
      </trkpt>
      <trkpt lat="37.565742" lon="-122.000380">
        <ele>13.410540</ele>
        <time>2023-06-17T22:41:02.996Z</time>
      </trkpt>
      <trkpt lat="37.565775" lon="-122.000488">
        <ele>13.664266</ele>
        <time>2023-06-17T22:41:04.996Z</time>
      </trkpt>
      <trkpt lat="37.565818" lon="-122.000598">
        <ele>13.933122</ele>
        <time>2023-06-17T22:41:06.996Z</time>
      </trkpt>
      <trkpt lat="37.565851" lon="-122.000703">
        <ele>14.180723</ele>
        <time>2023-06-17T22:41:08.996Z</time>
      </trkpt>
      <trkpt lat="37.565894" lon="-122.000854">
        <ele>14.532439</ele>
        <time>2023-06-17T22:41:11.996Z</time>
      </trkpt>
      <trkpt lat="37.565947" lon="-122.000980">
        <ele>14.845121</ele>
        <time>2023-06-17T22:41:14.996Z</time>
      </trkpt>
      <trkpt lat="37.565984" lon="-122.001101">
        <ele>15.129414</ele>
        <time>2023-06-17T22:41:17.996Z</time>
      </trkpt>
      <trkpt lat="37.566019" lon="-122.001215">
        <ele>15.397401</ele>
        <time>2023-06-17T22:41:20.996Z</time>
      </trkpt>
      <trkpt lat="37.566055" lon="-122.001340">
        <ele>15.688935</ele>
        <time>2023-06-17T22:41:23.996Z</time>
      </trkpt>
      <trkpt lat="37.566097" lon="-122.001456">
        <ele>15.968487</ele>
        <time>2023-06-17T22:41:26.996Z</time>
      </trkpt>
      <trkpt lat="37.566133" lon="-122.001569">
        <ele>16.027321</ele>
        <time>2023-06-17T22:41:29.996Z</time>
      </trkpt>
      <trkpt lat="37.566188" lon="-122.001704">
        <ele>16.048124</ele>
        <time>2023-06-17T22:41:33.996Z</time>
      </trkpt>
      <trkpt lat="37.566233" lon="-122.001834">
        <ele>16.067565</ele>
        <time>2023-06-17T22:41:37.996Z</time>
      </trkpt>
      <trkpt lat="37.566276" lon="-122.001944">
        <ele>16.084375</ele>
        <time>2023-06-17T22:41:40.996Z</time>
      </trkpt>
      <trkpt lat="37.566340" lon="-122.002061">
        <ele>16.103857</ele>
        <time>2023-06-17T22:41:43.996Z</time>
      </trkpt>
      <trkpt lat="37.566415" lon="-122.002208">
        <ele>16.127817</ele>
        <time>2023-06-17T22:41:46.996Z</time>
      </trkpt>
      <trkpt lat="37.566459" lon="-122.002326">
        <ele>16.145689</ele>
        <time>2023-06-17T22:41:48.996Z</time>
      </trkpt>
      <trkpt lat="37.566523" lon="-122.002436">
        <ele>16.164390</ele>
        <time>2023-06-17T22:41:50.996Z</time>
      </trkpt>
      <trkpt lat="37.566571" lon="-122.002542">
        <ele>16.181121</ele>
        <time>2023-06-17T22:41:52.996Z</time>
      </trkpt>
      <trkpt lat="37.566607" lon="-122.002647">
        <ele>16.196800</ele>
        <time>2023-06-17T22:41:54.996Z</time>
      </trkpt>
      <trkpt lat="37.566652" lon="-122.002753">
        <ele>16.213280</ele>
        <time>2023-06-17T22:41:56.996Z</time>
      </trkpt>
      <trkpt lat="37.566693" lon="-122.002855">
        <ele>16.228954</ele>
        <time>2023-06-17T22:41:58.996Z</time>
      </trkpt>
      <trkpt lat="37.566730" lon="-122.002961">
        <ele>16.244827</ele>
        <time>2023-06-17T22:42:00.996Z</time>
      </trkpt>
      <trkpt lat="37.566787" lon="-122.003113">
        <ele>16.267873</ele>
        <time>2023-06-17T22:42:03.995Z</time>
      </trkpt>
      <trkpt lat="37.566853" lon="-122.003257">
        <ele>16.290670</ele>
        <time>2023-06-17T22:42:06.995Z</time>
      </trkpt>
      <trkpt lat="37.566897" lon="-122.003402">
        <ele>16.311949</ele>
        <time>2023-06-17T22:42:09.995Z</time>
      </trkpt>
      <trkpt lat="37.566946" lon="-122.003506">
        <ele>16.309789</ele>
        <time>2023-06-17T22:42:11.995Z</time>
      </trkpt>
      <trkpt lat="37.566990" lon="-122.003608">
        <ele>16.252909</ele>
        <time>2023-06-17T22:42:13.995Z</time>
      </trkpt>
      <trkpt lat="37.567032" lon="-122.003709">
        <ele>16.197043</ele>
        <time>2023-06-17T22:42:15.995Z</time>
      </trkpt>
      <trkpt lat="37.567087" lon="-122.003865">
        <ele>16.113415</ele>
        <time>2023-06-17T22:42:18.995Z</time>
      </trkpt>
      <trkpt lat="37.567134" lon="-122.003968">
        <ele>16.055202</ele>
        <time>2023-06-17T22:42:20.995Z</time>
      </trkpt>
      <trkpt lat="37.567175" lon="-122.004073">
        <ele>15.997870</ele>
        <time>2023-06-17T22:42:22.995Z</time>
      </trkpt>
      <trkpt lat="37.567212" lon="-122.004184">
        <ele>15.938889</ele>
        <time>2023-06-17T22:42:24.995Z</time>
      </trkpt>
      <trkpt lat="37.567247" lon="-122.004291">
        <ele>15.882192</ele>
        <time>2023-06-17T22:42:26.995Z</time>
      </trkpt>
      <trkpt lat="37.567294" lon="-122.004406">
        <ele>15.818817</ele>
        <time>2023-06-17T22:42:28.995Z</time>
      </trkpt>
      <trkpt lat="37.567335" lon="-122.004507">
        <ele>15.763236</ele>
        <time>2023-06-17T22:42:30.995Z</time>
      </trkpt>
      <trkpt lat="37.567375" lon="-122.004614">
        <ele>15.705290</ele>
        <time>2023-06-17T22:42:32.995Z</time>
      </trkpt>
      <trkpt lat="37.567412" lon="-122.004721">
        <ele>15.648111</ele>
        <time>2023-06-17T22:42:34.995Z</time>
      </trkpt>
      <trkpt lat="37.567453" lon="-122.004837">
        <ele>15.585900</ele>
        <time>2023-06-17T22:42:36.995Z</time>
      </trkpt>
      <trkpt lat="37.567515" lon="-122.004985">
        <ele>15.503907</ele>
        <time>2023-06-17T22:42:39.995Z</time>
      </trkpt>
      <trkpt lat="37.567563" lon="-122.005097">
        <ele>15.441543</ele>
        <time>2023-06-17T22:42:41.995Z</time>
      </trkpt>
      <trkpt lat="37.567613" lon="-122.005200">
        <ele>15.382384</ele>
        <time>2023-06-17T22:42:43.995Z</time>
      </trkpt>
      <trkpt lat="37.567653" lon="-122.005308">
        <ele>15.323995</ele>
        <time>2023-06-17T22:42:45.995Z</time>
      </trkpt>
      <trkpt lat="37.567697" lon="-122.005412">
        <ele>15.266253</ele>
        <time>2023-06-17T22:42:47.995Z</time>
      </trkpt>
      <trkpt lat="37.567734" lon="-122.005519">
        <ele>15.214923</ele>
        <time>2023-06-17T22:42:49.995Z</time>
      </trkpt>
      <trkpt lat="37.567793" lon="-122.005670">
        <ele>15.256393</ele>
        <time>2023-06-17T22:42:52.995Z</time>
      </trkpt>
      <trkpt lat="37.567857" lon="-122.005815">
        <ele>15.297276</ele>
        <time>2023-06-17T22:42:55.995Z</time>
      </trkpt>
      <trkpt lat="37.567907" lon="-122.005968">
        <ele>15.338043</ele>
        <time>2023-06-17T22:42:58.995Z</time>
      </trkpt>
      <trkpt lat="37.567952" lon="-122.006074">
        <ele>15.367663</ele>
        <time>2023-06-17T22:43:00.995Z</time>
      </trkpt>
      <trkpt lat="37.567991" lon="-122.006180">
        <ele>15.396450</ele>
        <time>2023-06-17T22:43:02.995Z</time>
      </trkpt>
      <trkpt lat="37.568048" lon="-122.006327">
        <ele>15.436762</ele>
        <time>2023-06-17T22:43:05.995Z</time>
      </trkpt>
      <trkpt lat="37.568101" lon="-122.006470">
        <ele>15.475648</ele>
        <time>2023-06-17T22:43:08.995Z</time>
      </trkpt>
      <trkpt lat="37.568150" lon="-122.006605">
        <ele>15.512224</ele>
        <time>2023-06-17T22:43:11.995Z</time>
      </trkpt>
      <trkpt lat="37.568205" lon="-122.006727">
        <ele>15.546797</ele>
        <time>2023-06-17T22:43:14.995Z</time>
      </trkpt>
      <trkpt lat="37.568264" lon="-122.006862">
        <ele>15.584772</ele>
        <time>2023-06-17T22:43:17.995Z</time>
      </trkpt>
      <trkpt lat="37.568314" lon="-122.006999">
        <ele>15.621925</ele>
        <time>2023-06-17T22:43:20.995Z</time>
      </trkpt>
      <trkpt lat="37.568373" lon="-122.007138">
        <ele>15.660765</ele>
        <time>2023-06-17T22:43:23.995Z</time>
      </trkpt>
      <trkpt lat="37.568423" lon="-122.007286">
        <ele>15.700396</ele>
        <time>2023-06-17T22:43:26.995Z</time>
      </trkpt>
      <trkpt lat="37.568477" lon="-122.007427">
        <ele>15.738970</ele>
        <time>2023-06-17T22:43:29.995Z</time>
      </trkpt>
      <trkpt lat="37.568526" lon="-122.007568">
        <ele>15.772844</ele>
        <time>2023-06-17T22:43:32.995Z</time>
      </trkpt>
      <trkpt lat="37.568581" lon="-122.007703">
        <ele>15.779639</ele>
        <time>2023-06-17T22:43:35.995Z</time>
      </trkpt>
      <trkpt lat="37.568634" lon="-122.007842">
        <ele>15.786544</ele>
        <time>2023-06-17T22:43:38.995Z</time>
      </trkpt>
      <trkpt lat="37.568687" lon="-122.007977">
        <ele>15.793288</ele>
        <time>2023-06-17T22:43:41.995Z</time>
      </trkpt>
      <trkpt lat="37.568746" lon="-122.008121">
        <ele>15.800544</ele>
        <time>2023-06-17T22:43:44.995Z</time>
      </trkpt>
      <trkpt lat="37.568798" lon="-122.008260">
        <ele>15.807425</ele>
        <time>2023-06-17T22:43:47.995Z</time>
      </trkpt>
      <trkpt lat="37.568856" lon="-122.008397">
        <ele>15.814378</ele>
        <time>2023-06-17T22:43:50.995Z</time>
      </trkpt>
      <trkpt lat="37.568911" lon="-122.008540">
        <ele>15.821493</ele>
        <time>2023-06-17T22:43:53.995Z</time>
      </trkpt>
      <trkpt lat="37.568974" lon="-122.008687">
        <ele>15.828974</ele>
        <time>2023-06-17T22:43:56.995Z</time>
      </trkpt>
      <trkpt lat="37.569033" lon="-122.008839">
        <ele>15.836550</ele>
        <time>2023-06-17T22:43:59.995Z</time>
      </trkpt>
      <trkpt lat="37.569081" lon="-122.008937">
        <ele>15.841707</ele>
        <time>2023-06-17T22:44:01.995Z</time>
      </trkpt>
      <trkpt lat="37.569124" lon="-122.009050">
        <ele>15.847319</ele>
        <time>2023-06-17T22:44:03.995Z</time>
      </trkpt>
      <trkpt lat="37.569163" lon="-122.009161">
        <ele>15.852754</ele>
        <time>2023-06-17T22:44:05.995Z</time>
      </trkpt>
      <trkpt lat="37.569206" lon="-122.009316">
        <ele>15.860105</ele>
        <time>2023-06-17T22:44:08.995Z</time>
      </trkpt>
      <trkpt lat="37.569248" lon="-122.009418">
        <ele>15.865250</ele>
        <time>2023-06-17T22:44:10.995Z</time>
      </trkpt>
      <trkpt lat="37.569309" lon="-122.009561">
        <ele>15.872520</ele>
        <time>2023-06-17T22:44:13.995Z</time>
      </trkpt>
      <trkpt lat="37.569368" lon="-122.009705">
        <ele>15.825675</ele>
        <time>2023-06-17T22:44:16.995Z</time>
      </trkpt>
      <trkpt lat="37.569411" lon="-122.009807">
        <ele>15.786073</ele>
        <time>2023-06-17T22:44:18.995Z</time>
      </trkpt>
      <trkpt lat="37.569465" lon="-122.009955">
        <ele>15.730225</ele>
        <time>2023-06-17T22:44:21.995Z</time>
      </trkpt>
      <trkpt lat="37.569519" lon="-122.010096">
        <ele>15.676546</ele>
        <time>2023-06-17T22:44:24.995Z</time>
      </trkpt>
      <trkpt lat="37.569580" lon="-122.010235">
        <ele>15.622084</ele>
        <time>2023-06-17T22:44:27.995Z</time>
      </trkpt>
      <trkpt lat="37.569641" lon="-122.010367">
        <ele>15.569708</ele>
        <time>2023-06-17T22:44:30.995Z</time>
      </trkpt>
      <trkpt lat="37.569692" lon="-122.010493">
        <ele>15.521212</ele>
        <time>2023-06-17T22:44:33.995Z</time>
      </trkpt>
      <trkpt lat="37.569755" lon="-122.010630">
        <ele>15.466920</ele>
        <time>2023-06-17T22:44:36.995Z</time>
      </trkpt>
      <trkpt lat="37.569827" lon="-122.010765">
        <ele>15.411144</ele>
        <time>2023-06-17T22:44:39.995Z</time>
      </trkpt>
      <trkpt lat="37.569874" lon="-122.010861">
        <ele>15.372466</ele>
        <time>2023-06-17T22:44:41.995Z</time>
      </trkpt>
      <trkpt lat="37.569933" lon="-122.010955">
        <ele>15.331366</ele>
        <time>2023-06-17T22:44:43.995Z</time>
      </trkpt>
      <trkpt lat="37.569993" lon="-122.011082">
        <ele>15.280686</ele>
        <time>2023-06-17T22:44:46.995Z</time>
      </trkpt>
      <trkpt lat="37.570068" lon="-122.011208">
        <ele>15.226673</ele>
        <time>2023-06-17T22:44:49.995Z</time>
      </trkpt>
      <trkpt lat="37.570145" lon="-122.011341">
        <ele>15.170217</ele>
        <time>2023-06-17T22:44:52.995Z</time>
      </trkpt>
      <trkpt lat="37.570217" lon="-122.011481">
        <ele>15.113011</ele>
        <time>2023-06-17T22:44:55.995Z</time>
      </trkpt>
      <trkpt lat="37.570267" lon="-122.011577">
        <ele>15.079455</ele>
        <time>2023-06-17T22:44:57.995Z</time>
      </trkpt>
      <trkpt lat="37.570352" lon="-122.011708">
        <ele>15.036750</ele>
        <time>2023-06-17T22:45:00.995Z</time>
      </trkpt>
      <trkpt lat="37.570422" lon="-122.011843">
        <ele>14.996057</ele>
        <time>2023-06-17T22:45:03.995Z</time>
      </trkpt>
      <trkpt lat="37.570476" lon="-122.011936">
        <ele>14.966977</ele>
        <time>2023-06-17T22:45:05.995Z</time>
      </trkpt>
      <trkpt lat="37.570528" lon="-122.012030">
        <ele>14.938061</ele>
        <time>2023-06-17T22:45:07.995Z</time>
      </trkpt>
      <trkpt lat="37.570587" lon="-122.012118">
        <ele>14.908987</ele>
        <time>2023-06-17T22:45:09.995Z</time>
      </trkpt>
      <trkpt lat="37.570663" lon="-122.012251">
        <ele>14.867628</ele>
        <time>2023-06-17T22:45:12.994Z</time>
      </trkpt>
      <trkpt lat="37.570730" lon="-122.012381">
        <ele>14.828513</ele>
        <time>2023-06-17T22:45:15.994Z</time>
      </trkpt>
      <trkpt lat="37.570807" lon="-122.012513">
        <ele>14.787171</ele>
        <time>2023-06-17T22:45:18.994Z</time>
      </trkpt>
      <trkpt lat="37.570881" lon="-122.012642">
        <ele>14.747003</ele>
        <time>2023-06-17T22:45:21.994Z</time>
      </trkpt>
      <trkpt lat="37.570947" lon="-122.012777">
        <ele>14.706993</ele>
        <time>2023-06-17T22:45:24.994Z</time>
      </trkpt>
      <trkpt lat="37.571025" lon="-122.012908">
        <ele>14.665663</ele>
        <time>2023-06-17T22:45:27.994Z</time>
      </trkpt>
      <trkpt lat="37.571107" lon="-122.013043">
        <ele>14.622761</ele>
        <time>2023-06-17T22:45:30.994Z</time>
      </trkpt>
      <trkpt lat="37.571183" lon="-122.013185">
        <ele>14.579540</ele>
        <time>2023-06-17T22:45:33.994Z</time>
      </trkpt>
      <trkpt lat="37.571237" lon="-122.013276">
        <ele>14.550865</ele>
        <time>2023-06-17T22:45:35.993Z</time>
      </trkpt>
      <trkpt lat="37.571313" lon="-122.013413">
        <ele>14.527221</ele>
        <time>2023-06-17T22:45:38.994Z</time>
      </trkpt>
      <trkpt lat="37.571366" lon="-122.013507">
        <ele>14.535155</ele>
        <time>2023-06-17T22:45:40.994Z</time>
      </trkpt>
      <trkpt lat="37.571439" lon="-122.013645">
        <ele>14.546565</ele>
        <time>2023-06-17T22:45:43.994Z</time>
      </trkpt>
      <trkpt lat="37.571519" lon="-122.013780">
        <ele>14.558159</ele>
        <time>2023-06-17T22:45:46.994Z</time>
      </trkpt>
      <trkpt lat="37.571575" lon="-122.013873">
        <ele>14.566191</ele>
        <time>2023-06-17T22:45:48.994Z</time>
      </trkpt>
      <trkpt lat="37.571666" lon="-122.013994">
        <ele>14.577663</ele>
        <time>2023-06-17T22:45:51.994Z</time>
      </trkpt>
      <trkpt lat="37.571766" lon="-122.014104">
        <ele>14.589176</ele>
        <time>2023-06-17T22:45:54.994Z</time>
      </trkpt>
      <trkpt lat="37.571844" lon="-122.014211">
        <ele>14.599174</ele>
        <time>2023-06-17T22:45:56.994Z</time>
      </trkpt>
      <trkpt lat="37.571932" lon="-122.014338">
        <ele>14.610776</ele>
        <time>2023-06-17T22:45:58.994Z</time>
      </trkpt>
      <trkpt lat="37.571996" lon="-122.014462">
        <ele>14.620953</ele>
        <time>2023-06-17T22:46:00.994Z</time>
      </trkpt>
      <trkpt lat="37.572016" lon="-122.014593">
        <ele>14.630129</ele>
        <time>2023-06-17T22:46:02.994Z</time>
      </trkpt>
      <trkpt lat="37.572055" lon="-122.014722">
        <ele>14.639624</ele>
        <time>2023-06-17T22:46:05.994Z</time>
      </trkpt>
      <trkpt lat="37.572124" lon="-122.014856">
        <ele>14.650614</ele>
        <time>2023-06-17T22:46:09.994Z</time>
      </trkpt>
      <trkpt lat="37.572205" lon="-122.014981">
        <ele>14.661719</ele>
        <time>2023-06-17T22:46:12.994Z</time>
      </trkpt>
      <trkpt lat="37.572260" lon="-122.015071">
        <ele>14.669535</ele>
        <time>2023-06-17T22:46:14.994Z</time>
      </trkpt>
      <trkpt lat="37.572343" lon="-122.015206">
        <ele>14.680214</ele>
        <time>2023-06-17T22:46:17.994Z</time>
      </trkpt>
      <trkpt lat="37.572415" lon="-122.015342">
        <ele>14.685308</ele>
        <time>2023-06-17T22:46:20.994Z</time>
      </trkpt>
      <trkpt lat="37.572468" lon="-122.015435">
        <ele>14.688877</ele>
        <time>2023-06-17T22:46:22.994Z</time>
      </trkpt>
      <trkpt lat="37.572544" lon="-122.015572">
        <ele>14.694086</ele>
        <time>2023-06-17T22:46:25.994Z</time>
      </trkpt>
      <trkpt lat="37.572614" lon="-122.015705">
        <ele>14.699060</ele>
        <time>2023-06-17T22:46:28.994Z</time>
      </trkpt>
      <trkpt lat="37.572671" lon="-122.015799">
        <ele>14.702747</ele>
        <time>2023-06-17T22:46:30.994Z</time>
      </trkpt>
      <trkpt lat="37.572748" lon="-122.015934">
        <ele>14.707928</ele>
        <time>2023-06-17T22:46:33.994Z</time>
      </trkpt>
      <trkpt lat="37.572824" lon="-122.016068">
        <ele>14.713061</ele>
        <time>2023-06-17T22:46:36.994Z</time>
      </trkpt>
      <trkpt lat="37.572895" lon="-122.016204">
        <ele>14.718134</ele>
        <time>2023-06-17T22:46:39.994Z</time>
      </trkpt>
      <trkpt lat="37.572974" lon="-122.016332">
        <ele>14.723188</ele>
        <time>2023-06-17T22:46:42.994Z</time>
      </trkpt>
      <trkpt lat="37.573048" lon="-122.016459">
        <ele>14.728098</ele>
        <time>2023-06-17T22:46:45.994Z</time>
      </trkpt>
      <trkpt lat="37.573121" lon="-122.016578">
        <ele>14.732786</ele>
        <time>2023-06-17T22:46:48.994Z</time>
      </trkpt>
      <trkpt lat="37.573190" lon="-122.016699">
        <ele>14.737429</ele>
        <time>2023-06-17T22:46:51.994Z</time>
      </trkpt>
      <trkpt lat="37.573269" lon="-122.016821">
        <ele>14.742337</ele>
        <time>2023-06-17T22:46:54.994Z</time>
      </trkpt>
      <trkpt lat="37.573346" lon="-122.016948">
        <ele>14.747318</ele>
        <time>2023-06-17T22:46:57.994Z</time>
      </trkpt>
      <trkpt lat="37.573418" lon="-122.017085">
        <ele>14.719914</ele>
        <time>2023-06-17T22:47:00.994Z</time>
      </trkpt>
      <trkpt lat="37.573489" lon="-122.017217">
        <ele>14.658061</ele>
        <time>2023-06-17T22:47:03.994Z</time>
      </trkpt>
      <trkpt lat="37.573563" lon="-122.017352">
        <ele>14.594418</ele>
        <time>2023-06-17T22:47:06.994Z</time>
      </trkpt>
      <trkpt lat="37.573618" lon="-122.017444">
        <ele>14.549738</ele>
        <time>2023-06-17T22:47:08.994Z</time>
      </trkpt>
      <trkpt lat="37.573690" lon="-122.017576">
        <ele>14.487609</ele>
        <time>2023-06-17T22:47:11.994Z</time>
      </trkpt>
      <trkpt lat="37.573763" lon="-122.017702">
        <ele>14.427094</ele>
        <time>2023-06-17T22:47:14.994Z</time>
      </trkpt>
      <trkpt lat="37.573835" lon="-122.017825">
        <ele>14.367807</ele>
        <time>2023-06-17T22:47:17.994Z</time>
      </trkpt>
      <trkpt lat="37.573904" lon="-122.017946">
        <ele>14.310010</ele>
        <time>2023-06-17T22:47:20.994Z</time>
      </trkpt>
      <trkpt lat="37.573974" lon="-122.018074">
        <ele>14.249714</ele>
        <time>2023-06-17T22:47:23.994Z</time>
      </trkpt>
      <trkpt lat="37.574047" lon="-122.018195">
        <ele>14.190753</ele>
        <time>2023-06-17T22:47:26.994Z</time>
      </trkpt>
      <trkpt lat="37.574109" lon="-122.018326">
        <ele>14.131594</ele>
        <time>2023-06-17T22:47:29.994Z</time>
      </trkpt>
      <trkpt lat="37.574171" lon="-122.018454">
        <ele>14.073431</ele>
        <time>2023-06-17T22:47:32.994Z</time>
      </trkpt>
      <trkpt lat="37.574230" lon="-122.018585">
        <ele>14.015011</ele>
        <time>2023-06-17T22:47:35.994Z</time>
      </trkpt>
      <trkpt lat="37.574290" lon="-122.018712">
        <ele>13.957686</ele>
        <time>2023-06-17T22:47:38.994Z</time>
      </trkpt>
      <trkpt lat="37.574347" lon="-122.018847">
        <ele>13.898379</ele>
        <time>2023-06-17T22:47:41.994Z</time>
      </trkpt>
      <trkpt lat="37.574412" lon="-122.018985">
        <ele>13.871350</ele>
        <time>2023-06-17T22:47:44.994Z</time>
      </trkpt>
      <trkpt lat="37.574473" lon="-122.019116">
        <ele>13.873483</ele>
        <time>2023-06-17T22:47:47.994Z</time>
      </trkpt>
      <trkpt lat="37.574523" lon="-122.019246">
        <ele>13.875513</ele>
        <time>2023-06-17T22:47:50.994Z</time>
      </trkpt>
      <trkpt lat="37.574577" lon="-122.019388">
        <ele>13.877725</ele>
        <time>2023-06-17T22:47:53.994Z</time>
      </trkpt>
      <trkpt lat="37.574635" lon="-122.019526">
        <ele>13.879919</ele>
        <time>2023-06-17T22:47:56.994Z</time>
      </trkpt>
      <trkpt lat="37.574696" lon="-122.019664">
        <ele>13.882138</ele>
        <time>2023-06-17T22:47:59.994Z</time>
      </trkpt>
      <trkpt lat="37.574760" lon="-122.019809">
        <ele>13.884469</ele>
        <time>2023-06-17T22:48:02.994Z</time>
      </trkpt>
      <trkpt lat="37.574811" lon="-122.019943">
        <ele>13.886556</ele>
        <time>2023-06-17T22:48:05.998Z</time>
      </trkpt>
      <trkpt lat="37.574874" lon="-122.020082">
        <ele>13.888805</ele>
        <time>2023-06-17T22:48:08.998Z</time>
      </trkpt>
      <trkpt lat="37.574937" lon="-122.020223">
        <ele>13.891078</ele>
        <time>2023-06-17T22:48:11.998Z</time>
      </trkpt>
      <trkpt lat="37.574990" lon="-122.020361">
        <ele>13.893232</ele>
        <time>2023-06-17T22:48:14.998Z</time>
      </trkpt>
      <trkpt lat="37.575051" lon="-122.020507">
        <ele>13.895550</ele>
        <time>2023-06-17T22:48:17.998Z</time>
      </trkpt>
      <trkpt lat="37.575107" lon="-122.020638">
        <ele>13.897640</ele>
        <time>2023-06-17T22:48:20.998Z</time>
      </trkpt>
      <trkpt lat="37.575169" lon="-122.020789">
        <ele>13.900028</ele>
        <time>2023-06-17T22:48:23.998Z</time>
      </trkpt>
      <trkpt lat="37.575227" lon="-122.020940">
        <ele>13.892331</ele>
        <time>2023-06-17T22:48:26.998Z</time>
      </trkpt>
      <trkpt lat="37.575288" lon="-122.021092">
        <ele>13.833712</ele>
        <time>2023-06-17T22:48:29.998Z</time>
      </trkpt>
      <trkpt lat="37.575332" lon="-122.021192">
        <ele>13.794361</ele>
        <time>2023-06-17T22:48:31.998Z</time>
      </trkpt>
      <trkpt lat="37.575393" lon="-122.021341">
        <ele>13.736661</ele>
        <time>2023-06-17T22:48:34.998Z</time>
      </trkpt>
      <trkpt lat="37.575453" lon="-122.021478">
        <ele>13.682808</ele>
        <time>2023-06-17T22:48:37.998Z</time>
      </trkpt>
      <trkpt lat="37.575509" lon="-122.021616">
        <ele>13.629467</ele>
        <time>2023-06-17T22:48:40.998Z</time>
      </trkpt>
      <trkpt lat="37.575573" lon="-122.021761">
        <ele>13.572365</ele>
        <time>2023-06-17T22:48:43.998Z</time>
      </trkpt>
      <trkpt lat="37.575614" lon="-122.021865">
        <ele>13.532402</ele>
        <time>2023-06-17T22:48:45.998Z</time>
      </trkpt>
      <trkpt lat="37.575660" lon="-122.021968">
        <ele>13.491725</ele>
        <time>2023-06-17T22:48:47.998Z</time>
      </trkpt>
      <trkpt lat="37.575706" lon="-122.022079">
        <ele>13.448630</ele>
        <time>2023-06-17T22:48:49.998Z</time>
      </trkpt>
      <trkpt lat="37.575768" lon="-122.022231">
        <ele>13.389815</ele>
        <time>2023-06-17T22:48:52.998Z</time>
      </trkpt>
      <trkpt lat="37.575812" lon="-122.022338">
        <ele>13.348341</ele>
        <time>2023-06-17T22:48:54.999Z</time>
      </trkpt>
      <trkpt lat="37.575865" lon="-122.022445">
        <ele>13.304929</ele>
        <time>2023-06-17T22:48:56.999Z</time>
      </trkpt>
      <trkpt lat="37.575911" lon="-122.022553">
        <ele>13.262746</ele>
        <time>2023-06-17T22:48:58.999Z</time>
      </trkpt>
      <trkpt lat="37.575957" lon="-122.022661">
        <ele>13.220563</ele>
        <time>2023-06-17T22:49:00.999Z</time>
      </trkpt>
      <trkpt lat="37.576004" lon="-122.022767">
        <ele>13.178774</ele>
        <time>2023-06-17T22:49:02.999Z</time>
      </trkpt>
      <trkpt lat="37.576055" lon="-122.022872">
        <ele>13.136404</ele>
        <time>2023-06-17T22:49:04.999Z</time>
      </trkpt>
      <trkpt lat="37.576103" lon="-122.022983">
        <ele>13.128994</ele>
        <time>2023-06-17T22:49:06.999Z</time>
      </trkpt>
      <trkpt lat="37.576151" lon="-122.023091">
        <ele>13.140754</ele>
        <time>2023-06-17T22:49:08.999Z</time>
      </trkpt>
      <trkpt lat="37.576196" lon="-122.023200">
        <ele>13.152426</ele>
        <time>2023-06-17T22:49:10.999Z</time>
      </trkpt>
      <trkpt lat="37.576237" lon="-122.023306">
        <ele>13.163628</ele>
        <time>2023-06-17T22:49:12.999Z</time>
      </trkpt>
      <trkpt lat="37.576283" lon="-122.023405">
        <ele>13.174527</ele>
        <time>2023-06-17T22:49:14.999Z</time>
      </trkpt>
      <trkpt lat="37.576331" lon="-122.023507">
        <ele>13.185793</ele>
        <time>2023-06-17T22:49:16.999Z</time>
      </trkpt>
      <trkpt lat="37.576374" lon="-122.023609">
        <ele>13.196765</ele>
        <time>2023-06-17T22:49:18.999Z</time>
      </trkpt>
      <trkpt lat="37.576427" lon="-122.023702">
        <ele>13.207643</ele>
        <time>2023-06-17T22:49:20.999Z</time>
      </trkpt>
      <trkpt lat="37.576477" lon="-122.023801">
        <ele>13.218792</ele>
        <time>2023-06-17T22:49:22.999Z</time>
      </trkpt>
      <trkpt lat="37.576553" lon="-122.023940">
        <ele>13.234830</ele>
        <time>2023-06-17T22:49:25.999Z</time>
      </trkpt>
      <trkpt lat="37.576611" lon="-122.024030">
        <ele>13.245846</ele>
        <time>2023-06-17T22:49:27.999Z</time>
      </trkpt>
      <trkpt lat="37.576664" lon="-122.024123">
        <ele>13.256725</ele>
        <time>2023-06-17T22:49:29.999Z</time>
      </trkpt>
      <trkpt lat="37.576749" lon="-122.024257">
        <ele>13.273025</ele>
        <time>2023-06-17T22:49:32.999Z</time>
      </trkpt>
      <trkpt lat="37.576834" lon="-122.024386">
        <ele>13.288957</ele>
        <time>2023-06-17T22:49:35.999Z</time>
      </trkpt>
      <trkpt lat="37.576921" lon="-122.024512">
        <ele>13.304828</ele>
        <time>2023-06-17T22:49:38.999Z</time>
      </trkpt>
      <trkpt lat="37.576994" lon="-122.024603">
        <ele>13.317124</ele>
        <time>2023-06-17T22:49:40.999Z</time>
      </trkpt>
      <trkpt lat="37.577064" lon="-122.024687">
        <ele>13.328700</ele>
        <time>2023-06-17T22:49:42.999Z</time>
      </trkpt>
      <trkpt lat="37.577135" lon="-122.024772">
        <ele>13.348197</ele>
        <time>2023-06-17T22:49:44.999Z</time>
      </trkpt>
      <trkpt lat="37.577209" lon="-122.024856">
        <ele>13.385102</ele>
        <time>2023-06-17T22:49:46.999Z</time>
      </trkpt>
      <trkpt lat="37.577278" lon="-122.024929">
        <ele>13.418487</ele>
        <time>2023-06-17T22:49:48.999Z</time>
      </trkpt>
      <trkpt lat="37.577348" lon="-122.025005">
        <ele>13.452725</ele>
        <time>2023-06-17T22:49:50.999Z</time>
      </trkpt>
      <trkpt lat="37.577423" lon="-122.025084">
        <ele>13.488947</ele>
        <time>2023-06-17T22:49:52.999Z</time>
      </trkpt>
      <trkpt lat="37.577498" lon="-122.025163">
        <ele>13.525170</ele>
        <time>2023-06-17T22:49:54.999Z</time>
      </trkpt>
      <trkpt lat="37.577576" lon="-122.025243">
        <ele>13.562437</ele>
        <time>2023-06-17T22:49:56.999Z</time>
      </trkpt>
      <trkpt lat="37.577647" lon="-122.025326">
        <ele>13.598322</ele>
        <time>2023-06-17T22:49:58.999Z</time>
      </trkpt>
      <trkpt lat="37.577744" lon="-122.025442">
        <ele>13.647871</ele>
        <time>2023-06-17T22:50:01.999Z</time>
      </trkpt>
      <trkpt lat="37.577840" lon="-122.025486">
        <ele>13.685739</ele>
        <time>2023-06-17T22:50:03.999Z</time>
      </trkpt>
      <trkpt lat="37.577946" lon="-122.025537">
        <ele>13.727800</ele>
        <time>2023-06-17T22:50:05.999Z</time>
      </trkpt>
      <trkpt lat="37.578067" lon="-122.025620">
        <ele>13.778862</ele>
        <time>2023-06-17T22:50:07.999Z</time>
      </trkpt>
      <trkpt lat="37.578193" lon="-122.025714">
        <ele>13.833131</ele>
        <time>2023-06-17T22:50:09.999Z</time>
      </trkpt>
      <trkpt lat="37.578308" lon="-122.025831">
        <ele>13.887902</ele>
        <time>2023-06-17T22:50:11.999Z</time>
      </trkpt>
      <trkpt lat="37.578396" lon="-122.025935">
        <ele>13.932604</ele>
        <time>2023-06-17T22:50:13.999Z</time>
      </trkpt>
      <trkpt lat="37.578481" lon="-122.026037">
        <ele>13.976094</ele>
        <time>2023-06-17T22:50:15.999Z</time>
      </trkpt>
      <trkpt lat="37.578571" lon="-122.026156">
        <ele>14.000580</ele>
        <time>2023-06-17T22:50:18.998Z</time>
      </trkpt>
      <trkpt lat="37.578628" lon="-122.026270">
        <ele>13.994888</ele>
        <time>2023-06-17T22:50:21.998Z</time>
      </trkpt>
      <trkpt lat="37.578718" lon="-122.026367">
        <ele>13.988581</ele>
        <time>2023-06-17T22:50:24.998Z</time>
      </trkpt>
      <trkpt lat="37.578818" lon="-122.026475">
        <ele>13.981568</ele>
        <time>2023-06-17T22:50:27.998Z</time>
      </trkpt>
      <trkpt lat="37.578916" lon="-122.026577">
        <ele>13.974799</ele>
        <time>2023-06-17T22:50:30.998Z</time>
      </trkpt>
      <trkpt lat="37.579016" lon="-122.026679">
        <ele>13.967948</ele>
        <time>2023-06-17T22:50:33.998Z</time>
      </trkpt>
      <trkpt lat="37.579087" lon="-122.026751">
        <ele>13.963094</ele>
        <time>2023-06-17T22:50:35.998Z</time>
      </trkpt>
      <trkpt lat="37.579162" lon="-122.026818">
        <ele>13.958198</ele>
        <time>2023-06-17T22:50:37.998Z</time>
      </trkpt>
      <trkpt lat="37.579233" lon="-122.026891">
        <ele>13.953318</ele>
        <time>2023-06-17T22:50:39.998Z</time>
      </trkpt>
      <trkpt lat="37.579302" lon="-122.026965">
        <ele>13.948493</ele>
        <time>2023-06-17T22:50:41.998Z</time>
      </trkpt>
      <trkpt lat="37.579376" lon="-122.027036">
        <ele>13.943540</ele>
        <time>2023-06-17T22:50:43.998Z</time>
      </trkpt>
      <trkpt lat="37.579447" lon="-122.027109">
        <ele>13.938660</ele>
        <time>2023-06-17T22:50:45.998Z</time>
      </trkpt>
      <trkpt lat="37.579521" lon="-122.027179">
        <ele>13.933732</ele>
        <time>2023-06-17T22:50:47.998Z</time>
      </trkpt>
      <trkpt lat="37.579594" lon="-122.027253">
        <ele>13.928743</ele>
        <time>2023-06-17T22:50:49.998Z</time>
      </trkpt>
      <trkpt lat="37.579696" lon="-122.027363">
        <ele>13.921593</ele>
        <time>2023-06-17T22:50:52.998Z</time>
      </trkpt>
      <trkpt lat="37.579765" lon="-122.027441">
        <ele>13.916657</ele>
        <time>2023-06-17T22:50:54.998Z</time>
      </trkpt>
      <trkpt lat="37.579842" lon="-122.027509">
        <ele>13.911650</ele>
        <time>2023-06-17T22:50:56.998Z</time>
      </trkpt>
      <trkpt lat="37.579914" lon="-122.027581">
        <ele>13.897856</ele>
        <time>2023-06-17T22:50:58.999Z</time>
      </trkpt>
      <trkpt lat="37.579991" lon="-122.027651">
        <ele>13.847155</ele>
        <time>2023-06-17T22:51:00.999Z</time>
      </trkpt>
      <trkpt lat="37.580066" lon="-122.027724">
        <ele>13.796551</ele>
        <time>2023-06-17T22:51:02.998Z</time>
      </trkpt>
      <trkpt lat="37.580174" lon="-122.027832">
        <ele>13.722930</ele>
        <time>2023-06-17T22:51:05.998Z</time>
      </trkpt>
      <trkpt lat="37.580248" lon="-122.027898">
        <ele>13.674518</ele>
        <time>2023-06-17T22:51:07.998Z</time>
      </trkpt>
      <trkpt lat="37.580318" lon="-122.027976">
        <ele>13.624626</ele>
        <time>2023-06-17T22:51:09.999Z</time>
      </trkpt>
      <trkpt lat="37.580390" lon="-122.028046">
        <ele>13.576067</ele>
        <time>2023-06-17T22:51:11.999Z</time>
      </trkpt>
      <trkpt lat="37.580489" lon="-122.028128">
        <ele>13.512801</ele>
        <time>2023-06-17T22:51:14.999Z</time>
      </trkpt>
      <trkpt lat="37.580560" lon="-122.028202">
        <ele>13.463603</ele>
        <time>2023-06-17T22:51:16.999Z</time>
      </trkpt>
      <trkpt lat="37.580665" lon="-122.028308">
        <ele>13.391764</ele>
        <time>2023-06-17T22:51:19.999Z</time>
      </trkpt>
      <trkpt lat="37.580736" lon="-122.028382">
        <ele>13.342567</ele>
        <time>2023-06-17T22:51:21.999Z</time>
      </trkpt>
      <trkpt lat="37.580834" lon="-122.028484">
        <ele>13.274698</ele>
        <time>2023-06-17T22:51:24.999Z</time>
      </trkpt>
      <trkpt lat="37.580939" lon="-122.028571">
        <ele>13.207590</ele>
        <time>2023-06-17T22:51:27.999Z</time>
      </trkpt>
      <trkpt lat="37.581008" lon="-122.028664">
        <ele>13.153653</ele>
        <time>2023-06-17T22:51:29.999Z</time>
      </trkpt>
      <trkpt lat="37.581110" lon="-122.028772">
        <ele>13.082517</ele>
        <time>2023-06-17T22:51:32.999Z</time>
      </trkpt>
      <trkpt lat="37.581190" lon="-122.028845">
        <ele>13.029773</ele>
        <time>2023-06-17T22:51:34.999Z</time>
      </trkpt>
      <trkpt lat="37.581264" lon="-122.028926">
        <ele>12.977437</ele>
        <time>2023-06-17T22:51:36.999Z</time>
      </trkpt>
      <trkpt lat="37.581336" lon="-122.028998">
        <ele>12.948989</ele>
        <time>2023-06-17T22:51:38.999Z</time>
      </trkpt>
      <trkpt lat="37.581448" lon="-122.029091">
        <ele>12.957378</ele>
        <time>2023-06-17T22:51:41.998Z</time>
      </trkpt>
      <trkpt lat="37.581553" lon="-122.029193">
        <ele>12.965670</ele>
        <time>2023-06-17T22:51:44.998Z</time>
      </trkpt>
      <trkpt lat="37.581628" lon="-122.029264">
        <ele>12.971537</ele>
        <time>2023-06-17T22:51:46.998Z</time>
      </trkpt>
      <trkpt lat="37.581702" lon="-122.029334">
        <ele>12.977325</ele>
        <time>2023-06-17T22:51:48.998Z</time>
      </trkpt>
      <trkpt lat="37.581803" lon="-122.029438">
        <ele>12.985482</ele>
        <time>2023-06-17T22:51:51.998Z</time>
      </trkpt>
      <trkpt lat="37.581877" lon="-122.029510">
        <ele>12.991329</ele>
        <time>2023-06-17T22:51:53.998Z</time>
      </trkpt>
      <trkpt lat="37.581950" lon="-122.029584">
        <ele>12.997189</ele>
        <time>2023-06-17T22:51:55.998Z</time>
      </trkpt>
      <trkpt lat="37.582048" lon="-122.029684">
        <ele>13.005075</ele>
        <time>2023-06-17T22:51:58.998Z</time>
      </trkpt>
      <trkpt lat="37.582150" lon="-122.029784">
        <ele>13.013158</ele>
        <time>2023-06-17T22:52:01.998Z</time>
      </trkpt>
      <trkpt lat="37.582253" lon="-122.029889">
        <ele>13.021444</ele>
        <time>2023-06-17T22:52:04.998Z</time>
      </trkpt>
      <trkpt lat="37.582325" lon="-122.029961">
        <ele>13.027192</ele>
        <time>2023-06-17T22:52:06.998Z</time>
      </trkpt>
      <trkpt lat="37.582398" lon="-122.030036">
        <ele>13.033083</ele>
        <time>2023-06-17T22:52:08.998Z</time>
      </trkpt>
      <trkpt lat="37.582474" lon="-122.030108">
        <ele>13.039030</ele>
        <time>2023-06-17T22:52:10.998Z</time>
      </trkpt>
      <trkpt lat="37.582580" lon="-122.030207">
        <ele>13.047282</ele>
        <time>2023-06-17T22:52:13.998Z</time>
      </trkpt>
      <trkpt lat="37.582654" lon="-122.030276">
        <ele>13.053040</ele>
        <time>2023-06-17T22:52:15.998Z</time>
      </trkpt>
      <trkpt lat="37.582730" lon="-122.030343">
        <ele>13.058841</ele>
        <time>2023-06-17T22:52:17.998Z</time>
      </trkpt>
      <trkpt lat="37.582805" lon="-122.030417">
        <ele>13.025931</ele>
        <time>2023-06-17T22:52:19.998Z</time>
      </trkpt>
      <trkpt lat="37.582910" lon="-122.030522">
        <ele>12.974218</ele>
        <time>2023-06-17T22:52:22.998Z</time>
      </trkpt>
      <trkpt lat="37.583007" lon="-122.030632">
        <ele>12.923879</ele>
        <time>2023-06-17T22:52:25.998Z</time>
      </trkpt>
      <trkpt lat="37.583088" lon="-122.030706">
        <ele>12.885280</ele>
        <time>2023-06-17T22:52:27.998Z</time>
      </trkpt>
      <trkpt lat="37.583166" lon="-122.030779">
        <ele>12.847796</ele>
        <time>2023-06-17T22:52:29.998Z</time>
      </trkpt>
      <trkpt lat="37.583237" lon="-122.030862">
        <ele>12.810437</ele>
        <time>2023-06-17T22:52:31.998Z</time>
      </trkpt>
      <trkpt lat="37.583316" lon="-122.030932">
        <ele>12.773177</ele>
        <time>2023-06-17T22:52:33.998Z</time>
      </trkpt>
      <trkpt lat="37.583385" lon="-122.031020">
        <ele>12.735310</ele>
        <time>2023-06-17T22:52:35.998Z</time>
      </trkpt>
      <trkpt lat="37.583465" lon="-122.031089">
        <ele>12.697907</ele>
        <time>2023-06-17T22:52:37.998Z</time>
      </trkpt>
      <trkpt lat="37.583545" lon="-122.031161">
        <ele>12.659978</ele>
        <time>2023-06-17T22:52:39.998Z</time>
      </trkpt>
      <trkpt lat="37.583623" lon="-122.031241">
        <ele>12.621180</ele>
        <time>2023-06-17T22:52:41.998Z</time>
      </trkpt>
      <trkpt lat="37.583695" lon="-122.031322">
        <ele>12.583948</ele>
        <time>2023-06-17T22:52:43.998Z</time>
      </trkpt>
      <trkpt lat="37.583772" lon="-122.031406">
        <ele>12.544660</ele>
        <time>2023-06-17T22:52:45.998Z</time>
      </trkpt>
      <trkpt lat="37.583859" lon="-122.031480">
        <ele>12.504162</ele>
        <time>2023-06-17T22:52:47.998Z</time>
      </trkpt>
      <trkpt lat="37.583947" lon="-122.031554">
        <ele>12.463344</ele>
        <time>2023-06-17T22:52:49.998Z</time>
      </trkpt>
      <trkpt lat="37.584028" lon="-122.031635">
        <ele>12.423452</ele>
        <time>2023-06-17T22:52:51.998Z</time>
      </trkpt>
      <trkpt lat="37.584109" lon="-122.031707">
        <ele>12.385208</ele>
        <time>2023-06-17T22:52:53.998Z</time>
      </trkpt>
      <trkpt lat="37.584181" lon="-122.031781">
        <ele>12.366848</ele>
        <time>2023-06-17T22:52:55.998Z</time>
      </trkpt>
      <trkpt lat="37.584280" lon="-122.031884">
        <ele>12.372299</ele>
        <time>2023-06-17T22:52:58.998Z</time>
      </trkpt>
      <trkpt lat="37.584354" lon="-122.031952">
        <ele>12.376187</ele>
        <time>2023-06-17T22:53:00.998Z</time>
      </trkpt>
      <trkpt lat="37.584450" lon="-122.032049">
        <ele>12.381412</ele>
        <time>2023-06-17T22:53:03.998Z</time>
      </trkpt>
      <trkpt lat="37.584551" lon="-122.032158">
        <ele>12.387058</ele>
        <time>2023-06-17T22:53:06.998Z</time>
      </trkpt>
      <trkpt lat="37.584660" lon="-122.032254">
        <ele>12.392704</ele>
        <time>2023-06-17T22:53:09.999Z</time>
      </trkpt>
      <trkpt lat="37.584752" lon="-122.032368">
        <ele>12.398182</ele>
        <time>2023-06-17T22:53:12.998Z</time>
      </trkpt>
      <trkpt lat="37.584822" lon="-122.032444">
        <ele>12.402105</ele>
        <time>2023-06-17T22:53:14.998Z</time>
      </trkpt>
      <trkpt lat="37.584916" lon="-122.032560">
        <ele>12.407690</ele>
        <time>2023-06-17T22:53:17.999Z</time>
      </trkpt>
      <trkpt lat="37.584985" lon="-122.032645">
        <ele>12.411786</ele>
        <time>2023-06-17T22:53:19.999Z</time>
      </trkpt>
      <trkpt lat="37.585052" lon="-122.032741">
        <ele>12.416093</ele>
        <time>2023-06-17T22:53:21.999Z</time>
      </trkpt>
      <trkpt lat="37.585117" lon="-122.032822">
        <ele>12.419973</ele>
        <time>2023-06-17T22:53:23.999Z</time>
      </trkpt>
      <trkpt lat="37.585210" lon="-122.032957">
        <ele>12.425995</ele>
        <time>2023-06-17T22:53:26.999Z</time>
      </trkpt>
      <trkpt lat="37.585287" lon="-122.033058">
        <ele>12.430713</ele>
        <time>2023-06-17T22:53:28.999Z</time>
      </trkpt>
      <trkpt lat="37.585351" lon="-122.033154">
        <ele>12.434937</ele>
        <time>2023-06-17T22:53:30.999Z</time>
      </trkpt>
      <trkpt lat="37.585415" lon="-122.033252">
        <ele>12.439212</ele>
        <time>2023-06-17T22:53:32.999Z</time>
      </trkpt>
      <trkpt lat="37.585476" lon="-122.033344">
        <ele>12.425223</ele>
        <time>2023-06-17T22:53:34.999Z</time>
      </trkpt>
      <trkpt lat="37.585535" lon="-122.033437">
        <ele>12.387365</ele>
        <time>2023-06-17T22:53:36.999Z</time>
      </trkpt>
      <trkpt lat="37.585610" lon="-122.033569">
        <ele>12.335749</ele>
        <time>2023-06-17T22:53:39.999Z</time>
      </trkpt>
      <trkpt lat="37.585685" lon="-122.033701">
        <ele>12.284133</ele>
        <time>2023-06-17T22:53:42.999Z</time>
      </trkpt>
      <trkpt lat="37.585738" lon="-122.033800">
        <ele>12.246165</ele>
        <time>2023-06-17T22:53:44.999Z</time>
      </trkpt>
      <trkpt lat="37.585791" lon="-122.033899">
        <ele>12.208198</ele>
        <time>2023-06-17T22:53:46.999Z</time>
      </trkpt>
      <trkpt lat="37.585864" lon="-122.034039">
        <ele>12.154941</ele>
        <time>2023-06-17T22:53:49.999Z</time>
      </trkpt>
      <trkpt lat="37.585910" lon="-122.034148">
        <ele>12.115696</ele>
        <time>2023-06-17T22:53:51.999Z</time>
      </trkpt>
      <trkpt lat="37.585954" lon="-122.034256">
        <ele>12.077105</ele>
        <time>2023-06-17T22:53:53.999Z</time>
      </trkpt>
      <trkpt lat="37.585997" lon="-122.034366">
        <ele>12.038127</ele>
        <time>2023-06-17T22:53:55.999Z</time>
      </trkpt>
      <trkpt lat="37.586051" lon="-122.034514">
        <ele>11.986349</ele>
        <time>2023-06-17T22:53:58.999Z</time>
      </trkpt>
      <trkpt lat="37.586098" lon="-122.034627">
        <ele>11.945794</ele>
        <time>2023-06-17T22:54:00.999Z</time>
      </trkpt>
      <trkpt lat="37.586142" lon="-122.034740">
        <ele>11.905783</ele>
        <time>2023-06-17T22:54:02.999Z</time>
      </trkpt>
      <trkpt lat="37.586192" lon="-122.034859">
        <ele>11.862980</ele>
        <time>2023-06-17T22:54:04.999Z</time>
      </trkpt>
      <trkpt lat="37.586236" lon="-122.034971">
        <ele>11.823255</ele>
        <time>2023-06-17T22:54:06.999Z</time>
      </trkpt>
      <trkpt lat="37.586268" lon="-122.035078">
        <ele>11.786911</ele>
        <time>2023-06-17T22:54:08.999Z</time>
      </trkpt>
      <trkpt lat="37.586308" lon="-122.035188">
        <ele>11.748450</ele>
        <time>2023-06-17T22:54:10.999Z</time>
      </trkpt>
      <trkpt lat="37.586348" lon="-122.035296">
        <ele>11.700383</ele>
        <time>2023-06-17T22:54:12.999Z</time>
      </trkpt>
      <trkpt lat="37.586390" lon="-122.035403">
        <ele>11.622455</ele>
        <time>2023-06-17T22:54:14.999Z</time>
      </trkpt>
      <trkpt lat="37.586425" lon="-122.035510">
        <ele>11.546910</ele>
        <time>2023-06-17T22:54:16.999Z</time>
      </trkpt>
      <trkpt lat="37.586462" lon="-122.035617">
        <ele>11.470721</ele>
        <time>2023-06-17T22:54:18.999Z</time>
      </trkpt>
      <trkpt lat="37.586519" lon="-122.035771">
        <ele>11.359795</ele>
        <time>2023-06-17T22:54:21.998Z</time>
      </trkpt>
      <trkpt lat="37.586555" lon="-122.035881">
        <ele>11.282125</ele>
        <time>2023-06-17T22:54:23.998Z</time>
      </trkpt>
      <trkpt lat="37.586597" lon="-122.035986">
        <ele>11.205365</ele>
        <time>2023-06-17T22:54:25.998Z</time>
      </trkpt>
      <trkpt lat="37.586635" lon="-122.036098">
        <ele>11.125854</ele>
        <time>2023-06-17T22:54:27.998Z</time>
      </trkpt>
      <trkpt lat="37.586680" lon="-122.036212">
        <ele>11.042736</ele>
        <time>2023-06-17T22:54:29.998Z</time>
      </trkpt>
      <trkpt lat="37.586722" lon="-122.036325">
        <ele>10.961281</ele>
        <time>2023-06-17T22:54:31.998Z</time>
      </trkpt>
      <trkpt lat="37.586761" lon="-122.036440">
        <ele>10.879646</ele>
        <time>2023-06-17T22:54:33.998Z</time>
      </trkpt>
      <trkpt lat="37.586802" lon="-122.036549">
        <ele>10.800904</ele>
        <time>2023-06-17T22:54:35.998Z</time>
      </trkpt>
      <trkpt lat="37.586841" lon="-122.036659">
        <ele>10.722258</ele>
        <time>2023-06-17T22:54:37.998Z</time>
      </trkpt>
      <trkpt lat="37.586881" lon="-122.036769">
        <ele>10.643273</ele>
        <time>2023-06-17T22:54:39.998Z</time>
      </trkpt>
      <trkpt lat="37.586919" lon="-122.036884">
        <ele>10.561958</ele>
        <time>2023-06-17T22:54:41.998Z</time>
      </trkpt>
      <trkpt lat="37.586963" lon="-122.036989">
        <ele>10.484442</ele>
        <time>2023-06-17T22:54:43.998Z</time>
      </trkpt>
      <trkpt lat="37.587005" lon="-122.037102">
        <ele>10.402988</ele>
        <time>2023-06-17T22:54:45.998Z</time>
      </trkpt>
      <trkpt lat="37.587049" lon="-122.037215">
        <ele>10.320820</ele>
        <time>2023-06-17T22:54:47.998Z</time>
      </trkpt>
      <trkpt lat="37.587088" lon="-122.037320">
        <ele>10.245142</ele>
        <time>2023-06-17T22:54:49.998Z</time>
      </trkpt>
      <trkpt lat="37.587119" lon="-122.037428">
        <ele>10.300088</ele>
        <time>2023-06-17T22:54:51.998Z</time>
      </trkpt>
      <trkpt lat="37.587155" lon="-122.037532">
        <ele>10.365967</ele>
        <time>2023-06-17T22:54:53.998Z</time>
      </trkpt>
      <trkpt lat="37.587198" lon="-122.037647">
        <ele>10.439781</ele>
        <time>2023-06-17T22:54:55.998Z</time>
      </trkpt>
      <trkpt lat="37.587231" lon="-122.037762">
        <ele>10.510778</ele>
        <time>2023-06-17T22:54:57.998Z</time>
      </trkpt>
      <trkpt lat="37.587266" lon="-122.037880">
        <ele>10.583916</ele>
        <time>2023-06-17T22:54:59.998Z</time>
      </trkpt>
      <trkpt lat="37.587311" lon="-122.037997">
        <ele>10.659409</ele>
        <time>2023-06-17T22:55:01.998Z</time>
      </trkpt>
      <trkpt lat="37.587350" lon="-122.038111">
        <ele>10.731487</ele>
        <time>2023-06-17T22:55:03.998Z</time>
      </trkpt>
      <trkpt lat="37.587378" lon="-122.038232">
        <ele>10.804659</ele>
        <time>2023-06-17T22:55:05.998Z</time>
      </trkpt>
      <trkpt lat="37.587414" lon="-122.038343">
        <ele>10.874280</ele>
        <time>2023-06-17T22:55:07.998Z</time>
      </trkpt>
      <trkpt lat="37.587445" lon="-122.038466">
        <ele>10.949203</ele>
        <time>2023-06-17T22:55:09.998Z</time>
      </trkpt>
      <trkpt lat="37.587474" lon="-122.038588">
        <ele>11.023139</ele>
        <time>2023-06-17T22:55:11.998Z</time>
      </trkpt>
      <trkpt lat="37.587499" lon="-122.038709">
        <ele>11.095725</ele>
        <time>2023-06-17T22:55:13.998Z</time>
      </trkpt>
      <trkpt lat="37.587522" lon="-122.038828">
        <ele>11.166827</ele>
        <time>2023-06-17T22:55:15.998Z</time>
      </trkpt>
      <trkpt lat="37.587544" lon="-122.038944">
        <ele>11.236064</ele>
        <time>2023-06-17T22:55:17.998Z</time>
      </trkpt>
      <trkpt lat="37.587561" lon="-122.039057">
        <ele>11.302830</ele>
        <time>2023-06-17T22:55:19.999Z</time>
      </trkpt>
      <trkpt lat="37.587569" lon="-122.039221">
        <ele>11.398208</ele>
        <time>2023-06-17T22:55:22.998Z</time>
      </trkpt>
      <trkpt lat="37.587587" lon="-122.039346">
        <ele>11.471956</ele>
        <time>2023-06-17T22:55:24.998Z</time>
      </trkpt>
      <trkpt lat="37.587591" lon="-122.039516">
        <ele>11.563445</ele>
        <time>2023-06-17T22:55:27.998Z</time>
      </trkpt>
      <trkpt lat="37.587592" lon="-122.039633">
        <ele>11.596699</ele>
        <time>2023-06-17T22:55:29.998Z</time>
      </trkpt>
      <trkpt lat="37.587592" lon="-122.039749">
        <ele>11.629666</ele>
        <time>2023-06-17T22:55:31.998Z</time>
      </trkpt>
      <trkpt lat="37.587592" lon="-122.039871">
        <ele>11.664338</ele>
        <time>2023-06-17T22:55:33.998Z</time>
      </trkpt>
      <trkpt lat="37.587586" lon="-122.039997">
        <ele>11.700212</ele>
        <time>2023-06-17T22:55:35.998Z</time>
      </trkpt>
      <trkpt lat="37.587585" lon="-122.040115">
        <ele>11.733750</ele>
        <time>2023-06-17T22:55:37.998Z</time>
      </trkpt>
      <trkpt lat="37.587594" lon="-122.040241">
        <ele>11.769705</ele>
        <time>2023-06-17T22:55:39.998Z</time>
      </trkpt>
      <trkpt lat="37.587595" lon="-122.040362">
        <ele>11.804095</ele>
        <time>2023-06-17T22:55:41.998Z</time>
      </trkpt>
      <trkpt lat="37.587594" lon="-122.040484">
        <ele>11.838769</ele>
        <time>2023-06-17T22:55:43.998Z</time>
      </trkpt>
      <trkpt lat="37.587585" lon="-122.040649">
        <ele>11.885773</ele>
        <time>2023-06-17T22:55:46.998Z</time>
      </trkpt>
      <trkpt lat="37.587578" lon="-122.040771">
        <ele>11.920537</ele>
        <time>2023-06-17T22:55:48.998Z</time>
      </trkpt>
      <trkpt lat="37.587568" lon="-122.040890">
        <ele>11.954546</ele>
        <time>2023-06-17T22:55:50.998Z</time>
      </trkpt>
      <trkpt lat="37.587548" lon="-122.041057">
        <ele>12.002547</ele>
        <time>2023-06-17T22:55:53.998Z</time>
      </trkpt>
      <trkpt lat="37.587527" lon="-122.041230">
        <ele>12.052287</ele>
        <time>2023-06-17T22:55:56.998Z</time>
      </trkpt>
      <trkpt lat="37.587511" lon="-122.041346">
        <ele>12.085750</ele>
        <time>2023-06-17T22:55:58.998Z</time>
      </trkpt>
      <trkpt lat="37.587495" lon="-122.041465">
        <ele>12.120054</ele>
        <time>2023-06-17T22:56:00.998Z</time>
      </trkpt>
      <trkpt lat="37.587471" lon="-122.041576">
        <ele>12.152753</ele>
        <time>2023-06-17T22:56:02.998Z</time>
      </trkpt>
      <trkpt lat="37.587457" lon="-122.041691">
        <ele>12.185820</ele>
        <time>2023-06-17T22:56:04.998Z</time>
      </trkpt>
      <trkpt lat="37.587440" lon="-122.041805">
        <ele>12.202170</ele>
        <time>2023-06-17T22:56:06.998Z</time>
      </trkpt>
      <trkpt lat="37.587419" lon="-122.041920">
        <ele>12.203309</ele>
        <time>2023-06-17T22:56:08.998Z</time>
      </trkpt>
      <trkpt lat="37.587402" lon="-122.042037">
        <ele>12.204457</ele>
        <time>2023-06-17T22:56:10.998Z</time>
      </trkpt>
      <trkpt lat="37.587379" lon="-122.042154">
        <ele>12.205621</ele>
        <time>2023-06-17T22:56:12.998Z</time>
      </trkpt>
      <trkpt lat="37.587352" lon="-122.042306">
        <ele>12.207125</ele>
        <time>2023-06-17T22:56:15.998Z</time>
      </trkpt>
      <trkpt lat="37.587328" lon="-122.042434">
        <ele>12.208395</ele>
        <time>2023-06-17T22:56:18.998Z</time>
      </trkpt>
      <trkpt lat="37.587294" lon="-122.042555">
        <ele>12.209634</ele>
        <time>2023-06-17T22:56:21.998Z</time>
      </trkpt>
      <trkpt lat="37.587271" lon="-122.042719">
        <ele>12.211242</ele>
        <time>2023-06-17T22:56:24.998Z</time>
      </trkpt>
      <trkpt lat="37.587252" lon="-122.042850">
        <ele>12.212528</ele>
        <time>2023-06-17T22:56:26.998Z</time>
      </trkpt>
      <trkpt lat="37.587225" lon="-122.042975">
        <ele>12.213779</ele>
        <time>2023-06-17T22:56:28.998Z</time>
      </trkpt>
      <trkpt lat="37.587200" lon="-122.043089">
        <ele>12.214920</ele>
        <time>2023-06-17T22:56:30.998Z</time>
      </trkpt>
      <trkpt lat="37.587181" lon="-122.043213">
        <ele>12.216140</ele>
        <time>2023-06-17T22:56:32.998Z</time>
      </trkpt>
      <trkpt lat="37.587146" lon="-122.043378">
        <ele>12.217789</ele>
        <time>2023-06-17T22:56:35.998Z</time>
      </trkpt>
      <trkpt lat="37.587123" lon="-122.043499">
        <ele>12.218990</ele>
        <time>2023-06-17T22:56:37.998Z</time>
      </trkpt>
      <trkpt lat="37.587087" lon="-122.043657">
        <ele>12.220577</ele>
        <time>2023-06-17T22:56:40.998Z</time>
      </trkpt>
      <trkpt lat="37.587052" lon="-122.043813">
        <ele>12.222142</ele>
        <time>2023-06-17T22:56:43.998Z</time>
      </trkpt>
      <trkpt lat="37.587023" lon="-122.043973">
        <ele>12.213273</ele>
        <time>2023-06-17T22:56:46.998Z</time>
      </trkpt>
      <trkpt lat="37.586995" lon="-122.044124">
        <ele>12.146388</ele>
        <time>2023-06-17T22:56:49.998Z</time>
      </trkpt>
      <trkpt lat="37.586970" lon="-122.044274">
        <ele>12.080279</ele>
        <time>2023-06-17T22:56:52.998Z</time>
      </trkpt>
      <trkpt lat="37.586945" lon="-122.044431">
        <ele>12.011212</ele>
        <time>2023-06-17T22:56:55.998Z</time>
      </trkpt>
      <trkpt lat="37.586912" lon="-122.044585">
        <ele>11.942407</ele>
        <time>2023-06-17T22:56:58.998Z</time>
      </trkpt>
      <trkpt lat="37.586882" lon="-122.044737">
        <ele>11.874847</ele>
        <time>2023-06-17T22:57:01.998Z</time>
      </trkpt>
      <trkpt lat="37.586860" lon="-122.044904">
        <ele>11.801832</ele>
        <time>2023-06-17T22:57:04.998Z</time>
      </trkpt>
      <trkpt lat="37.586819" lon="-122.045058">
        <ele>11.731764</ele>
        <time>2023-06-17T22:57:07.998Z</time>
      </trkpt>
      <trkpt lat="37.586787" lon="-122.045212">
        <ele>11.663099</ele>
        <time>2023-06-17T22:57:10.998Z</time>
      </trkpt>
      <trkpt lat="37.586750" lon="-122.045351">
        <ele>11.599857</ele>
        <time>2023-06-17T22:57:13.998Z</time>
      </trkpt>
      <trkpt lat="37.586710" lon="-122.045500">
        <ele>11.532006</ele>
        <time>2023-06-17T22:57:16.998Z</time>
      </trkpt>
      <trkpt lat="37.586671" lon="-122.045657">
        <ele>11.461043</ele>
        <time>2023-06-17T22:57:19.998Z</time>
      </trkpt>
      <trkpt lat="37.586620" lon="-122.045809">
        <ele>11.389852</ele>
        <time>2023-06-17T22:57:22.998Z</time>
      </trkpt>
      <trkpt lat="37.586559" lon="-122.045953">
        <ele>11.319428</ele>
        <time>2023-06-17T22:57:25.998Z</time>
      </trkpt>
      <trkpt lat="37.586497" lon="-122.046099">
        <ele>11.247986</ele>
        <time>2023-06-17T22:57:28.999Z</time>
      </trkpt>
      <trkpt lat="37.586439" lon="-122.046247">
        <ele>11.200155</ele>
        <time>2023-06-17T22:57:31.999Z</time>
      </trkpt>
      <trkpt lat="37.586392" lon="-122.046348">
        <ele>11.167065</ele>
        <time>2023-06-17T22:57:33.999Z</time>
      </trkpt>
      <trkpt lat="37.586330" lon="-122.046498">
        <ele>11.119270</ele>
        <time>2023-06-17T22:57:36.999Z</time>
      </trkpt>
      <trkpt lat="37.586280" lon="-122.046593">
        <ele>11.087051</ele>
        <time>2023-06-17T22:57:38.999Z</time>
      </trkpt>
      <trkpt lat="37.586227" lon="-122.046688">
        <ele>11.054228</ele>
        <time>2023-06-17T22:57:40.999Z</time>
      </trkpt>
      <trkpt lat="37.586178" lon="-122.046785">
        <ele>11.021729</ele>
        <time>2023-06-17T22:57:42.999Z</time>
      </trkpt>
      <trkpt lat="37.586110" lon="-122.046918">
        <ele>10.977013</ele>
        <time>2023-06-17T22:57:45.999Z</time>
      </trkpt>
      <trkpt lat="37.586055" lon="-122.047014">
        <ele>10.943546</ele>
        <time>2023-06-17T22:57:47.999Z</time>
      </trkpt>
      <trkpt lat="37.585992" lon="-122.047102">
        <ele>10.910041</ele>
        <time>2023-06-17T22:57:49.999Z</time>
      </trkpt>
      <trkpt lat="37.585912" lon="-122.047239">
        <ele>10.861963</ele>
        <time>2023-06-17T22:57:52.999Z</time>
      </trkpt>
      <trkpt lat="37.585851" lon="-122.047331">
        <ele>10.828074</ele>
        <time>2023-06-17T22:57:54.999Z</time>
      </trkpt>
      <trkpt lat="37.585785" lon="-122.047428">
        <ele>10.791954</ele>
        <time>2023-06-17T22:57:56.999Z</time>
      </trkpt>
      <trkpt lat="37.585724" lon="-122.047514">
        <ele>10.759346</ele>
        <time>2023-06-17T22:57:58.999Z</time>
      </trkpt>
      <trkpt lat="37.585660" lon="-122.047601">
        <ele>10.725809</ele>
        <time>2023-06-17T22:58:00.998Z</time>
      </trkpt>
      <trkpt lat="37.585566" lon="-122.047723">
        <ele>10.677736</ele>
        <time>2023-06-17T22:58:03.998Z</time>
      </trkpt>
      <trkpt lat="37.585495" lon="-122.047810">
        <ele>10.642454</ele>
        <time>2023-06-17T22:58:05.998Z</time>
      </trkpt>
      <trkpt lat="37.585425" lon="-122.047894">
        <ele>10.608016</ele>
        <time>2023-06-17T22:58:07.998Z</time>
      </trkpt>
      <trkpt lat="37.585354" lon="-122.047980">
        <ele>10.586099</ele>
        <time>2023-06-17T22:58:09.998Z</time>
      </trkpt>
      <trkpt lat="37.585281" lon="-122.048062">
        <ele>10.566361</ele>
        <time>2023-06-17T22:58:11.998Z</time>
      </trkpt>
      <trkpt lat="37.585207" lon="-122.048141">
        <ele>10.546785</ele>
        <time>2023-06-17T22:58:13.998Z</time>
      </trkpt>
      <trkpt lat="37.585133" lon="-122.048221">
        <ele>10.527106</ele>
        <time>2023-06-17T22:58:15.998Z</time>
      </trkpt>
      <trkpt lat="37.585049" lon="-122.048295">
        <ele>10.506416</ele>
        <time>2023-06-17T22:58:17.998Z</time>
      </trkpt>
      <trkpt lat="37.584970" lon="-122.048368">
        <ele>10.486641</ele>
        <time>2023-06-17T22:58:19.998Z</time>
      </trkpt>
      <trkpt lat="37.584886" lon="-122.048438">
        <ele>10.466310</ele>
        <time>2023-06-17T22:58:21.998Z</time>
      </trkpt>
      <trkpt lat="37.584799" lon="-122.048512">
        <ele>10.445121</ele>
        <time>2023-06-17T22:58:23.998Z</time>
      </trkpt>
      <trkpt lat="37.584713" lon="-122.048588">
        <ele>10.423917</ele>
        <time>2023-06-17T22:58:25.998Z</time>
      </trkpt>
      <trkpt lat="37.584627" lon="-122.048663">
        <ele>10.402804</ele>
        <time>2023-06-17T22:58:27.998Z</time>
      </trkpt>
      <trkpt lat="37.584538" lon="-122.048735">
        <ele>10.381453</ele>
        <time>2023-06-17T22:58:29.998Z</time>
      </trkpt>
      <trkpt lat="37.584454" lon="-122.048806">
        <ele>10.361034</ele>
        <time>2023-06-17T22:58:31.998Z</time>
      </trkpt>
      <trkpt lat="37.584365" lon="-122.048877">
        <ele>10.339768</ele>
        <time>2023-06-17T22:58:33.998Z</time>
      </trkpt>
      <trkpt lat="37.584280" lon="-122.048949">
        <ele>10.319093</ele>
        <time>2023-06-17T22:58:35.998Z</time>
      </trkpt>
      <trkpt lat="37.584192" lon="-122.049016">
        <ele>10.298336</ele>
        <time>2023-06-17T22:58:37.998Z</time>
      </trkpt>
      <trkpt lat="37.584105" lon="-122.049093">
        <ele>10.276874</ele>
        <time>2023-06-17T22:58:39.998Z</time>
      </trkpt>
      <trkpt lat="37.584013" lon="-122.049170">
        <ele>10.254578</ele>
        <time>2023-06-17T22:58:41.998Z</time>
      </trkpt>
      <trkpt lat="37.583922" lon="-122.049242">
        <ele>10.250310</ele>
        <time>2023-06-17T22:58:43.998Z</time>
      </trkpt>
      <trkpt lat="37.583837" lon="-122.049324">
        <ele>10.281244</ele>
        <time>2023-06-17T22:58:45.998Z</time>
      </trkpt>
      <trkpt lat="37.583744" lon="-122.049398">
        <ele>10.313031</ele>
        <time>2023-06-17T22:58:47.998Z</time>
      </trkpt>
      <trkpt lat="37.583660" lon="-122.049480">
        <ele>10.343735</ele>
        <time>2023-06-17T22:58:49.998Z</time>
      </trkpt>
      <trkpt lat="37.583591" lon="-122.049588">
        <ele>10.375520</ele>
        <time>2023-06-17T22:58:51.998Z</time>
      </trkpt>
      <trkpt lat="37.583502" lon="-122.049702">
        <ele>10.412184</ele>
        <time>2023-06-17T22:58:53.998Z</time>
      </trkpt>
      <trkpt lat="37.583392" lon="-122.049836">
        <ele>10.456389</ele>
        <time>2023-06-17T22:58:55.998Z</time>
      </trkpt>
      <trkpt lat="37.583262" lon="-122.049976">
        <ele>10.505800</ele>
        <time>2023-06-17T22:58:57.998Z</time>
      </trkpt>
      <trkpt lat="37.583132" lon="-122.050115">
        <ele>10.555064</ele>
        <time>2023-06-17T22:58:59.998Z</time>
      </trkpt>
      <trkpt lat="37.582977" lon="-122.050209">
        <ele>10.604784</ele>
        <time>2023-06-17T22:59:01.998Z</time>
      </trkpt>
      <trkpt lat="37.582842" lon="-122.050273">
        <ele>10.646478</ele>
        <time>2023-06-17T22:59:03.998Z</time>
      </trkpt>
      <trkpt lat="37.582748" lon="-122.050304">
        <ele>10.674568</ele>
        <time>2023-06-17T22:59:05.998Z</time>
      </trkpt>
      <trkpt lat="37.582648" lon="-122.050314">
        <ele>10.703570</ele>
        <time>2023-06-17T22:59:08.998Z</time>
      </trkpt>
      <trkpt lat="37.582561" lon="-122.050374">
        <ele>10.732235</ele>
        <time>2023-06-17T22:59:11.998Z</time>
      </trkpt>
      <trkpt lat="37.582464" lon="-122.050470">
        <ele>10.734386</ele>
        <time>2023-06-17T22:59:14.998Z</time>
      </trkpt>
      <trkpt lat="37.582358" lon="-122.050567">
        <ele>10.609823</ele>
        <time>2023-06-17T22:59:17.998Z</time>
      </trkpt>
      <trkpt lat="37.582251" lon="-122.050657">
        <ele>10.487492</ele>
        <time>2023-06-17T22:59:20.998Z</time>
      </trkpt>
      <trkpt lat="37.582137" lon="-122.050752">
        <ele>10.357529</ele>
        <time>2023-06-17T22:59:23.998Z</time>
      </trkpt>
      <trkpt lat="37.582027" lon="-122.050829">
        <ele>10.237862</ele>
        <time>2023-06-17T22:59:26.998Z</time>
      </trkpt>
      <trkpt lat="37.581947" lon="-122.050894">
        <ele>10.147346</ele>
        <time>2023-06-17T22:59:28.998Z</time>
      </trkpt>
      <trkpt lat="37.581863" lon="-122.050951">
        <ele>10.056615</ele>
        <time>2023-06-17T22:59:30.998Z</time>
      </trkpt>
      <trkpt lat="37.581786" lon="-122.051023">
        <ele>9.965444</ele>
        <time>2023-06-17T22:59:32.998Z</time>
      </trkpt>
      <trkpt lat="37.581701" lon="-122.051091">
        <ele>9.869702</ele>
        <time>2023-06-17T22:59:34.998Z</time>
      </trkpt>
      <trkpt lat="37.581628" lon="-122.051158">
        <ele>9.783830</ele>
        <time>2023-06-17T22:59:36.998Z</time>
      </trkpt>
      <trkpt lat="37.581543" lon="-122.051226">
        <ele>9.688088</ele>
        <time>2023-06-17T22:59:38.998Z</time>
      </trkpt>
      <trkpt lat="37.581463" lon="-122.051292">
        <ele>9.597161</ele>
        <time>2023-06-17T22:59:40.998Z</time>
      </trkpt>
      <trkpt lat="37.581382" lon="-122.051359">
        <ele>9.505025</ele>
        <time>2023-06-17T22:59:42.998Z</time>
      </trkpt>
      <trkpt lat="37.581302" lon="-122.051425">
        <ele>9.414098</ele>
        <time>2023-06-17T22:59:44.998Z</time>
      </trkpt>
      <trkpt lat="37.581225" lon="-122.051497">
        <ele>9.322928</ele>
        <time>2023-06-17T22:59:46.998Z</time>
      </trkpt>
      <trkpt lat="37.581113" lon="-122.051589">
        <ele>9.195795</ele>
        <time>2023-06-17T22:59:49.998Z</time>
      </trkpt>
      <trkpt lat="37.581020" lon="-122.051689">
        <ele>9.079558</ele>
        <time>2023-06-17T22:59:52.998Z</time>
      </trkpt>
      <trkpt lat="37.580923" lon="-122.051807">
        <ele>9.100922</ele>
        <time>2023-06-17T22:59:55.998Z</time>
      </trkpt>
      <trkpt lat="37.580840" lon="-122.051903">
        <ele>9.157877</ele>
        <time>2023-06-17T22:59:57.998Z</time>
      </trkpt>
      <trkpt lat="37.580737" lon="-122.052010">
        <ele>9.225365</ele>
        <time>2023-06-17T22:59:59.998Z</time>
      </trkpt>
      <trkpt lat="37.580623" lon="-122.052128">
        <ele>9.299952</ele>
        <time>2023-06-17T23:00:01.998Z</time>
      </trkpt>
      <trkpt lat="37.580483" lon="-122.052238">
        <ele>9.383379</ele>
        <time>2023-06-17T23:00:03.998Z</time>
      </trkpt>
      <trkpt lat="37.580348" lon="-122.052320">
        <ele>9.459169</ele>
        <time>2023-06-17T23:00:05.998Z</time>
      </trkpt>
      <trkpt lat="37.580248" lon="-122.052368">
        <ele>9.513291</ele>
        <time>2023-06-17T23:00:07.998Z</time>
      </trkpt>
      <trkpt lat="37.580143" lon="-122.052432">
        <ele>9.572278</ele>
        <time>2023-06-17T23:00:11.998Z</time>
      </trkpt>
      <trkpt lat="37.580042" lon="-122.052494">
        <ele>9.629094</ele>
        <time>2023-06-17T23:00:14.998Z</time>
      </trkpt>
      <trkpt lat="37.579949" lon="-122.052589">
        <ele>9.689622</ele>
        <time>2023-06-17T23:00:17.998Z</time>
      </trkpt>
      <trkpt lat="37.579847" lon="-122.052697">
        <ele>9.756978</ele>
        <time>2023-06-17T23:00:20.998Z</time>
      </trkpt>
      <trkpt lat="37.579750" lon="-122.052803">
        <ele>9.821888</ele>
        <time>2023-06-17T23:00:23.998Z</time>
      </trkpt>
      <trkpt lat="37.579652" lon="-122.052919">
        <ele>9.889860</ele>
        <time>2023-06-17T23:00:26.998Z</time>
      </trkpt>
      <trkpt lat="37.579578" lon="-122.052990">
        <ele>9.936885</ele>
        <time>2023-06-17T23:00:28.998Z</time>
      </trkpt>
      <trkpt lat="37.579481" lon="-122.053109">
        <ele>9.877596</ele>
        <time>2023-06-17T23:00:31.998Z</time>
      </trkpt>
      <trkpt lat="37.579412" lon="-122.053191">
        <ele>9.793737</ele>
        <time>2023-06-17T23:00:33.998Z</time>
      </trkpt>
      <trkpt lat="37.579316" lon="-122.053309">
        <ele>9.675166</ele>
        <time>2023-06-17T23:00:36.998Z</time>
      </trkpt>
      <trkpt lat="37.579228" lon="-122.053434">
        <ele>9.557935</ele>
        <time>2023-06-17T23:00:39.998Z</time>
      </trkpt>
      <trkpt lat="37.579166" lon="-122.053517">
        <ele>9.477962</ele>
        <time>2023-06-17T23:00:41.998Z</time>
      </trkpt>
      <trkpt lat="37.579075" lon="-122.053648">
        <ele>9.355819</ele>
        <time>2023-06-17T23:00:44.998Z</time>
      </trkpt>
      <trkpt lat="37.578991" lon="-122.053777">
        <ele>9.238755</ele>
        <time>2023-06-17T23:00:47.998Z</time>
      </trkpt>
      <trkpt lat="37.578908" lon="-122.053903">
        <ele>9.123875</ele>
        <time>2023-06-17T23:00:50.998Z</time>
      </trkpt>
      <trkpt lat="37.578828" lon="-122.054031">
        <ele>9.009575</ele>
        <time>2023-06-17T23:00:53.998Z</time>
      </trkpt>
      <trkpt lat="37.578750" lon="-122.054155">
        <ele>8.898573</ele>
        <time>2023-06-17T23:00:56.998Z</time>
      </trkpt>
      <trkpt lat="37.578678" lon="-122.054285">
        <ele>8.787369</ele>
        <time>2023-06-17T23:00:59.998Z</time>
      </trkpt>
      <trkpt lat="37.578607" lon="-122.054411">
        <ele>8.678967</ele>
        <time>2023-06-17T23:01:02.998Z</time>
      </trkpt>
      <trkpt lat="37.578536" lon="-122.054545">
        <ele>8.565947</ele>
        <time>2023-06-17T23:01:05.998Z</time>
      </trkpt>
      <trkpt lat="37.578481" lon="-122.054637">
        <ele>8.485145</ele>
        <time>2023-06-17T23:01:07.998Z</time>
      </trkpt>
      <trkpt lat="37.578433" lon="-122.054736">
        <ele>8.403769</ele>
        <time>2023-06-17T23:01:09.998Z</time>
      </trkpt>
      <trkpt lat="37.578354" lon="-122.054875">
        <ele>8.334369</ele>
        <time>2023-06-17T23:01:12.998Z</time>
      </trkpt>
      <trkpt lat="37.578299" lon="-122.054967">
        <ele>8.302344</ele>
        <time>2023-06-17T23:01:14.998Z</time>
      </trkpt>
      <trkpt lat="37.578245" lon="-122.055058">
        <ele>8.270753</ele>
        <time>2023-06-17T23:01:16.998Z</time>
      </trkpt>
      <trkpt lat="37.578191" lon="-122.055151">
        <ele>8.238715</ele>
        <time>2023-06-17T23:01:18.998Z</time>
      </trkpt>
      <trkpt lat="37.578134" lon="-122.055244">
        <ele>8.206044</ele>
        <time>2023-06-17T23:01:20.998Z</time>
      </trkpt>
      <trkpt lat="37.578079" lon="-122.055341">
        <ele>8.172899</ele>
        <time>2023-06-17T23:01:22.998Z</time>
      </trkpt>
      <trkpt lat="37.578025" lon="-122.055438">
        <ele>8.139958</ele>
        <time>2023-06-17T23:01:24.998Z</time>
      </trkpt>
      <trkpt lat="37.577946" lon="-122.055572">
        <ele>8.093547</ele>
        <time>2023-06-17T23:01:27.998Z</time>
      </trkpt>
      <trkpt lat="37.577885" lon="-122.055656">
        <ele>8.061886</ele>
        <time>2023-06-17T23:01:29.998Z</time>
      </trkpt>
      <trkpt lat="37.577816" lon="-122.055796">
        <ele>8.016071</ele>
        <time>2023-06-17T23:01:32.998Z</time>
      </trkpt>
      <trkpt lat="37.577751" lon="-122.055946">
        <ele>7.968563</ele>
        <time>2023-06-17T23:01:35.998Z</time>
      </trkpt>
      <trkpt lat="37.577689" lon="-122.056042">
        <ele>7.934148</ele>
        <time>2023-06-17T23:01:37.998Z</time>
      </trkpt>
      <trkpt lat="37.577630" lon="-122.056140">
        <ele>7.899948</ele>
        <time>2023-06-17T23:01:39.998Z</time>
      </trkpt>
      <trkpt lat="37.577575" lon="-122.056238">
        <ele>7.866577</ele>
        <time>2023-06-17T23:01:41.998Z</time>
      </trkpt>
      <trkpt lat="37.577511" lon="-122.056328">
        <ele>7.832974</ele>
        <time>2023-06-17T23:01:43.998Z</time>
      </trkpt>
      <trkpt lat="37.577450" lon="-122.056421">
        <ele>7.799427</ele>
        <time>2023-06-17T23:01:45.998Z</time>
      </trkpt>
      <trkpt lat="37.577360" lon="-122.056552">
        <ele>7.751248</ele>
        <time>2023-06-17T23:01:48.998Z</time>
      </trkpt>
      <trkpt lat="37.577268" lon="-122.056681">
        <ele>7.811523</ele>
        <time>2023-06-17T23:01:51.998Z</time>
      </trkpt>
      <trkpt lat="37.577200" lon="-122.056757">
        <ele>7.881804</ele>
        <time>2023-06-17T23:01:53.998Z</time>
      </trkpt>
      <trkpt lat="37.577136" lon="-122.056844">
        <ele>7.954589</ele>
        <time>2023-06-17T23:01:55.998Z</time>
      </trkpt>
      <trkpt lat="37.577063" lon="-122.056926">
        <ele>8.030206</ele>
        <time>2023-06-17T23:01:57.998Z</time>
      </trkpt>
      <trkpt lat="37.576992" lon="-122.057004">
        <ele>8.103040</ele>
        <time>2023-06-17T23:01:59.998Z</time>
      </trkpt>
      <trkpt lat="37.576920" lon="-122.057077">
        <ele>8.174501</ele>
        <time>2023-06-17T23:02:01.998Z</time>
      </trkpt>
      <trkpt lat="37.576851" lon="-122.057154">
        <ele>8.245769</ele>
        <time>2023-06-17T23:02:03.998Z</time>
      </trkpt>
      <trkpt lat="37.576779" lon="-122.057231">
        <ele>8.318791</ele>
        <time>2023-06-17T23:02:05.998Z</time>
      </trkpt>
      <trkpt lat="37.576706" lon="-122.057301">
        <ele>8.389729</ele>
        <time>2023-06-17T23:02:07.998Z</time>
      </trkpt>
      <trkpt lat="37.576634" lon="-122.057371">
        <ele>8.460052</ele>
        <time>2023-06-17T23:02:09.998Z</time>
      </trkpt>
      <trkpt lat="37.576560" lon="-122.057439">
        <ele>8.530878</ele>
        <time>2023-06-17T23:02:11.998Z</time>
      </trkpt>
      <trkpt lat="37.576485" lon="-122.057505">
        <ele>8.601623</ele>
        <time>2023-06-17T23:02:13.998Z</time>
      </trkpt>
      <trkpt lat="37.576410" lon="-122.057570">
        <ele>8.672019</ele>
        <time>2023-06-17T23:02:15.998Z</time>
      </trkpt>
      <trkpt lat="37.576301" lon="-122.057664">
        <ele>8.774166</ele>
        <time>2023-06-17T23:02:18.998Z</time>
      </trkpt>
      <trkpt lat="37.576226" lon="-122.057728">
        <ele>8.844216</ele>
        <time>2023-06-17T23:02:20.998Z</time>
      </trkpt>
      <trkpt lat="37.576114" lon="-122.057819">
        <ele>8.947280</ele>
        <time>2023-06-17T23:02:23.998Z</time>
      </trkpt>
      <trkpt lat="37.576005" lon="-122.057907">
        <ele>9.047397</ele>
        <time>2023-06-17T23:02:26.998Z</time>
      </trkpt>
      <trkpt lat="37.575891" lon="-122.058005">
        <ele>9.119427</ele>
        <time>2023-06-17T23:02:29.998Z</time>
      </trkpt>
      <trkpt lat="37.575811" lon="-122.058065">
        <ele>9.094161</ele>
        <time>2023-06-17T23:02:31.998Z</time>
      </trkpt>
      <trkpt lat="37.575732" lon="-122.058122">
        <ele>9.069455</ele>
        <time>2023-06-17T23:02:33.998Z</time>
      </trkpt>
      <trkpt lat="37.575653" lon="-122.058183">
        <ele>9.044311</ele>
        <time>2023-06-17T23:02:35.996Z</time>
      </trkpt>
      <trkpt lat="37.575578" lon="-122.058252">
        <ele>9.019113</ele>
        <time>2023-06-17T23:02:37.996Z</time>
      </trkpt>
      <trkpt lat="37.575499" lon="-122.058318">
        <ele>8.993391</ele>
        <time>2023-06-17T23:02:39.996Z</time>
      </trkpt>
      <trkpt lat="37.575418" lon="-122.058388">
        <ele>8.966737</ele>
        <time>2023-06-17T23:02:41.996Z</time>
      </trkpt>
      <trkpt lat="37.575342" lon="-122.058460">
        <ele>8.940936</ele>
        <time>2023-06-17T23:02:43.996Z</time>
      </trkpt>
      <trkpt lat="37.575262" lon="-122.058523">
        <ele>8.915335</ele>
        <time>2023-06-17T23:02:45.996Z</time>
      </trkpt>
      <trkpt lat="37.575182" lon="-122.058590">
        <ele>8.889268</ele>
        <time>2023-06-17T23:02:47.996Z</time>
      </trkpt>
      <trkpt lat="37.575103" lon="-122.058658">
        <ele>8.863305</ele>
        <time>2023-06-17T23:02:49.996Z</time>
      </trkpt>
      <trkpt lat="37.575022" lon="-122.058726">
        <ele>8.836893</ele>
        <time>2023-06-17T23:02:51.996Z</time>
      </trkpt>
      <trkpt lat="37.574939" lon="-122.058787">
        <ele>8.810816</ele>
        <time>2023-06-17T23:02:53.996Z</time>
      </trkpt>
      <trkpt lat="37.574855" lon="-122.058859">
        <ele>8.783248</ele>
        <time>2023-06-17T23:02:55.996Z</time>
      </trkpt>
      <trkpt lat="37.574779" lon="-122.058937">
        <ele>8.756652</ele>
        <time>2023-06-17T23:02:57.996Z</time>
      </trkpt>
      <trkpt lat="37.574695" lon="-122.059008">
        <ele>8.729203</ele>
        <time>2023-06-17T23:02:59.996Z</time>
      </trkpt>
      <trkpt lat="37.574611" lon="-122.059079">
        <ele>8.701755</ele>
        <time>2023-06-17T23:03:01.996Z</time>
      </trkpt>
      <trkpt lat="37.574533" lon="-122.059154">
        <ele>8.675131</ele>
        <time>2023-06-17T23:03:03.996Z</time>
      </trkpt>
      <trkpt lat="37.574445" lon="-122.059225">
        <ele>8.646774</ele>
        <time>2023-06-17T23:03:05.997Z</time>
      </trkpt>
      <trkpt lat="37.574364" lon="-122.059291">
        <ele>8.545224</ele>
        <time>2023-06-17T23:03:07.997Z</time>
      </trkpt>
      <trkpt lat="37.574281" lon="-122.059353">
        <ele>8.418063</ele>
        <time>2023-06-17T23:03:09.997Z</time>
      </trkpt>
      <trkpt lat="37.574204" lon="-122.059423">
        <ele>8.292945</ele>
        <time>2023-06-17T23:03:11.997Z</time>
      </trkpt>
      <trkpt lat="37.574125" lon="-122.059491">
        <ele>8.166869</ele>
        <time>2023-06-17T23:03:13.997Z</time>
      </trkpt>
      <trkpt lat="37.574050" lon="-122.059555">
        <ele>8.047503</ele>
        <time>2023-06-17T23:03:15.997Z</time>
      </trkpt>
      <trkpt lat="37.573977" lon="-122.059630">
        <ele>7.923393</ele>
        <time>2023-06-17T23:03:17.997Z</time>
      </trkpt>
      <trkpt lat="37.573865" lon="-122.059713">
        <ele>7.752154</ele>
        <time>2023-06-17T23:03:20.997Z</time>
      </trkpt>
      <trkpt lat="37.573796" lon="-122.059791">
        <ele>7.630018</ele>
        <time>2023-06-17T23:03:22.997Z</time>
      </trkpt>
      <trkpt lat="37.573711" lon="-122.059925">
        <ele>7.450683</ele>
        <time>2023-06-17T23:03:25.997Z</time>
      </trkpt>
      <trkpt lat="37.573632" lon="-122.060040">
        <ele>7.291668</ele>
        <time>2023-06-17T23:03:27.997Z</time>
      </trkpt>
      <trkpt lat="37.573521" lon="-122.060164">
        <ele>7.096216</ele>
        <time>2023-06-17T23:03:29.997Z</time>
      </trkpt>
      <trkpt lat="37.573390" lon="-122.060254">
        <ele>6.899570</ele>
        <time>2023-06-17T23:03:31.997Z</time>
      </trkpt>
      <trkpt lat="37.573273" lon="-122.060293">
        <ele>6.740032</ele>
        <time>2023-06-17T23:03:33.997Z</time>
      </trkpt>
      <trkpt lat="37.573145" lon="-122.060350">
        <ele>6.561082</ele>
        <time>2023-06-17T23:03:36.998Z</time>
      </trkpt>
      <trkpt lat="37.573065" lon="-122.060413">
        <ele>6.436757</ele>
        <time>2023-06-17T23:03:38.998Z</time>
      </trkpt>
      <trkpt lat="37.572984" lon="-122.060472">
        <ele>6.313453</ele>
        <time>2023-06-17T23:03:40.998Z</time>
      </trkpt>
      <trkpt lat="37.572906" lon="-122.060537">
        <ele>6.283701</ele>
        <time>2023-06-17T23:03:42.998Z</time>
      </trkpt>
      <trkpt lat="37.572825" lon="-122.060608">
        <ele>6.308133</ele>
        <time>2023-06-17T23:03:44.998Z</time>
      </trkpt>
      <trkpt lat="37.572740" lon="-122.060674">
        <ele>6.332856</ele>
        <time>2023-06-17T23:03:46.998Z</time>
      </trkpt>
      <trkpt lat="37.572659" lon="-122.060741">
        <ele>6.356848</ele>
        <time>2023-06-17T23:03:48.998Z</time>
      </trkpt>
      <trkpt lat="37.572582" lon="-122.060804">
        <ele>6.379580</ele>
        <time>2023-06-17T23:03:50.998Z</time>
      </trkpt>
      <trkpt lat="37.572470" lon="-122.060897">
        <ele>6.412793</ele>
        <time>2023-06-17T23:03:53.998Z</time>
      </trkpt>
      <trkpt lat="37.572391" lon="-122.060957">
        <ele>6.435634</ele>
        <time>2023-06-17T23:03:55.998Z</time>
      </trkpt>
      <trkpt lat="37.572309" lon="-122.061024">
        <ele>6.459833</ele>
        <time>2023-06-17T23:03:57.998Z</time>
      </trkpt>
      <trkpt lat="37.572232" lon="-122.061085">
        <ele>6.482355</ele>
        <time>2023-06-17T23:03:59.998Z</time>
      </trkpt>
      <trkpt lat="37.572155" lon="-122.061153">
        <ele>6.505637</ele>
        <time>2023-06-17T23:04:01.998Z</time>
      </trkpt>
      <trkpt lat="37.572076" lon="-122.061214">
        <ele>6.528580</ele>
        <time>2023-06-17T23:04:03.998Z</time>
      </trkpt>
      <trkpt lat="37.571996" lon="-122.061277">
        <ele>6.551940</ele>
        <time>2023-06-17T23:04:05.998Z</time>
      </trkpt>
      <trkpt lat="37.571921" lon="-122.061342">
        <ele>6.574479</ele>
        <time>2023-06-17T23:04:07.998Z</time>
      </trkpt>
      <trkpt lat="37.571846" lon="-122.061406">
        <ele>6.596907</ele>
        <time>2023-06-17T23:04:09.998Z</time>
      </trkpt>
      <trkpt lat="37.571770" lon="-122.061468">
        <ele>6.619325</ele>
        <time>2023-06-17T23:04:11.998Z</time>
      </trkpt>
      <trkpt lat="37.571689" lon="-122.061524">
        <ele>6.642205</ele>
        <time>2023-06-17T23:04:13.998Z</time>
      </trkpt>
      <trkpt lat="37.571613" lon="-122.061592">
        <ele>6.665284</ele>
        <time>2023-06-17T23:04:15.998Z</time>
      </trkpt>
      <trkpt lat="37.571537" lon="-122.061657">
        <ele>6.688028</ele>
        <time>2023-06-17T23:04:17.998Z</time>
      </trkpt>
      <trkpt lat="37.571458" lon="-122.061718">
        <ele>6.710970</ele>
        <time>2023-06-17T23:04:19.998Z</time>
      </trkpt>
      <trkpt lat="37.571379" lon="-122.061780">
        <ele>6.710014</ele>
        <time>2023-06-17T23:04:21.998Z</time>
      </trkpt>
      <trkpt lat="37.571266" lon="-122.061884">
        <ele>6.702149</ele>
        <time>2023-06-17T23:04:24.998Z</time>
      </trkpt>
      <trkpt lat="37.571186" lon="-122.061946">
        <ele>6.696869</ele>
        <time>2023-06-17T23:04:26.998Z</time>
      </trkpt>
      <trkpt lat="37.571106" lon="-122.062007">
        <ele>6.691613</ele>
        <time>2023-06-17T23:04:28.998Z</time>
      </trkpt>
      <trkpt lat="37.571028" lon="-122.062072">
        <ele>6.686356</ele>
        <time>2023-06-17T23:04:30.998Z</time>
      </trkpt>
      <trkpt lat="37.570951" lon="-122.062142">
        <ele>6.681019</ele>
        <time>2023-06-17T23:04:32.998Z</time>
      </trkpt>
      <trkpt lat="37.570873" lon="-122.062213">
        <ele>6.675611</ele>
        <time>2023-06-17T23:04:34.998Z</time>
      </trkpt>
      <trkpt lat="37.570789" lon="-122.062282">
        <ele>6.669974</ele>
        <time>2023-06-17T23:04:36.998Z</time>
      </trkpt>
      <trkpt lat="37.570707" lon="-122.062350">
        <ele>6.664456</ele>
        <time>2023-06-17T23:04:38.998Z</time>
      </trkpt>
      <trkpt lat="37.570626" lon="-122.062411">
        <ele>6.659152</ele>
        <time>2023-06-17T23:04:40.998Z</time>
      </trkpt>
      <trkpt lat="37.570540" lon="-122.062476">
        <ele>6.653515</ele>
        <time>2023-06-17T23:04:42.998Z</time>
      </trkpt>
      <trkpt lat="37.570462" lon="-122.062549">
        <ele>6.648053</ele>
        <time>2023-06-17T23:04:44.998Z</time>
      </trkpt>
      <trkpt lat="37.570379" lon="-122.062620">
        <ele>6.642415</ele>
        <time>2023-06-17T23:04:46.998Z</time>
      </trkpt>
      <trkpt lat="37.570296" lon="-122.062690">
        <ele>6.636800</ele>
        <time>2023-06-17T23:04:48.998Z</time>
      </trkpt>
      <trkpt lat="37.570209" lon="-122.062760">
        <ele>6.630998</ele>
        <time>2023-06-17T23:04:50.998Z</time>
      </trkpt>
      <trkpt lat="37.570123" lon="-122.062835">
        <ele>6.625119</ele>
        <time>2023-06-17T23:04:52.998Z</time>
      </trkpt>
      <trkpt lat="37.570040" lon="-122.062903">
        <ele>6.619554</ele>
        <time>2023-06-17T23:04:54.998Z</time>
      </trkpt>
      <trkpt lat="37.569956" lon="-122.062976">
        <ele>6.613819</ele>
        <time>2023-06-17T23:04:56.998Z</time>
      </trkpt>
      <trkpt lat="37.569871" lon="-122.063047">
        <ele>6.638659</ele>
        <time>2023-06-17T23:04:58.998Z</time>
      </trkpt>
      <trkpt lat="37.569783" lon="-122.063115">
        <ele>6.666803</ele>
        <time>2023-06-17T23:05:00.998Z</time>
      </trkpt>
      <trkpt lat="37.569695" lon="-122.063191">
        <ele>6.695887</ele>
        <time>2023-06-17T23:05:02.998Z</time>
      </trkpt>
      <trkpt lat="37.569608" lon="-122.063263">
        <ele>6.724264</ele>
        <time>2023-06-17T23:05:04.998Z</time>
      </trkpt>
      <trkpt lat="37.569518" lon="-122.063332">
        <ele>6.752986</ele>
        <time>2023-06-17T23:05:06.998Z</time>
      </trkpt>
      <trkpt lat="37.569432" lon="-122.063404">
        <ele>6.781135</ele>
        <time>2023-06-17T23:05:08.998Z</time>
      </trkpt>
      <trkpt lat="37.569347" lon="-122.063477">
        <ele>6.809178</ele>
        <time>2023-06-17T23:05:10.998Z</time>
      </trkpt>
      <trkpt lat="37.569262" lon="-122.063548">
        <ele>6.836980</ele>
        <time>2023-06-17T23:05:12.998Z</time>
      </trkpt>
      <trkpt lat="37.569174" lon="-122.063624">
        <ele>6.866064</ele>
        <time>2023-06-17T23:05:14.998Z</time>
      </trkpt>
      <trkpt lat="37.569083" lon="-122.063699">
        <ele>6.895708</ele>
        <time>2023-06-17T23:05:16.998Z</time>
      </trkpt>
      <trkpt lat="37.568991" lon="-122.063776">
        <ele>6.925818</ele>
        <time>2023-06-17T23:05:18.998Z</time>
      </trkpt>
      <trkpt lat="37.568898" lon="-122.063850">
        <ele>6.955805</ele>
        <time>2023-06-17T23:05:20.998Z</time>
      </trkpt>
      <trkpt lat="37.568807" lon="-122.063926">
        <ele>6.985568</ele>
        <time>2023-06-17T23:05:22.998Z</time>
      </trkpt>
      <trkpt lat="37.568713" lon="-122.064006">
        <ele>7.016492</ele>
        <time>2023-06-17T23:05:24.998Z</time>
      </trkpt>
      <trkpt lat="37.568613" lon="-122.064087">
        <ele>7.048902</ele>
        <time>2023-06-17T23:05:26.998Z</time>
      </trkpt>
      <trkpt lat="37.568510" lon="-122.064174">
        <ele>7.082707</ele>
        <time>2023-06-17T23:05:28.998Z</time>
      </trkpt>
      <trkpt lat="37.568415" lon="-122.064254">
        <ele>7.094894</ele>
        <time>2023-06-17T23:05:30.998Z</time>
      </trkpt>
      <trkpt lat="37.568319" lon="-122.064333">
        <ele>7.066916</ele>
        <time>2023-06-17T23:05:32.998Z</time>
      </trkpt>
      <trkpt lat="37.568223" lon="-122.064405">
        <ele>7.039655</ele>
        <time>2023-06-17T23:05:34.998Z</time>
      </trkpt>
      <trkpt lat="37.568139" lon="-122.064483">
        <ele>7.014196</ele>
        <time>2023-06-17T23:05:36.998Z</time>
      </trkpt>
      <trkpt lat="37.568050" lon="-122.064549">
        <ele>6.988996</ele>
        <time>2023-06-17T23:05:38.998Z</time>
      </trkpt>
      <trkpt lat="37.567961" lon="-122.064622">
        <ele>6.963084</ele>
        <time>2023-06-17T23:05:40.998Z</time>
      </trkpt>
      <trkpt lat="37.567875" lon="-122.064695">
        <ele>6.937782</ele>
        <time>2023-06-17T23:05:42.998Z</time>
      </trkpt>
      <trkpt lat="37.567791" lon="-122.064762">
        <ele>6.913524</ele>
        <time>2023-06-17T23:05:44.998Z</time>
      </trkpt>
      <trkpt lat="37.567707" lon="-122.064828">
        <ele>6.889369</ele>
        <time>2023-06-17T23:05:46.998Z</time>
      </trkpt>
      <trkpt lat="37.567620" lon="-122.064892">
        <ele>6.864786</ele>
        <time>2023-06-17T23:05:48.998Z</time>
      </trkpt>
      <trkpt lat="37.567532" lon="-122.064964">
        <ele>6.839184</ele>
        <time>2023-06-17T23:05:50.998Z</time>
      </trkpt>
      <trkpt lat="37.567447" lon="-122.065048">
        <ele>6.812828</ele>
        <time>2023-06-17T23:05:52.998Z</time>
      </trkpt>
      <trkpt lat="37.567361" lon="-122.065119">
        <ele>6.787740</ele>
        <time>2023-06-17T23:05:54.998Z</time>
      </trkpt>
      <trkpt lat="37.567274" lon="-122.065189">
        <ele>6.762552</ele>
        <time>2023-06-17T23:05:56.998Z</time>
      </trkpt>
      <trkpt lat="37.567188" lon="-122.065260">
        <ele>6.737465</ele>
        <time>2023-06-17T23:05:58.998Z</time>
      </trkpt>
      <trkpt lat="37.567105" lon="-122.065333">
        <ele>6.712767</ele>
        <time>2023-06-17T23:06:00.998Z</time>
      </trkpt>
      <trkpt lat="37.567019" lon="-122.065405">
        <ele>6.687573</ele>
        <time>2023-06-17T23:06:02.998Z</time>
      </trkpt>
      <trkpt lat="37.566935" lon="-122.065476">
        <ele>6.664271</ele>
        <time>2023-06-17T23:06:04.998Z</time>
      </trkpt>
      <trkpt lat="37.566847" lon="-122.065545">
        <ele>6.657196</ele>
        <time>2023-06-17T23:06:06.998Z</time>
      </trkpt>
      <trkpt lat="37.566761" lon="-122.065622">
        <ele>6.649994</ele>
        <time>2023-06-17T23:06:08.998Z</time>
      </trkpt>
      <trkpt lat="37.566672" lon="-122.065689">
        <ele>6.642917</ele>
        <time>2023-06-17T23:06:10.998Z</time>
      </trkpt>
      <trkpt lat="37.566579" lon="-122.065767">
        <ele>6.635291</ele>
        <time>2023-06-17T23:06:12.998Z</time>
      </trkpt>
      <trkpt lat="37.566490" lon="-122.065843">
        <ele>6.627953</ele>
        <time>2023-06-17T23:06:14.998Z</time>
      </trkpt>
      <trkpt lat="37.566404" lon="-122.065914">
        <ele>6.620934</ele>
        <time>2023-06-17T23:06:16.998Z</time>
      </trkpt>
      <trkpt lat="37.566317" lon="-122.065993">
        <ele>6.613614</ele>
        <time>2023-06-17T23:06:18.998Z</time>
      </trkpt>
      <trkpt lat="37.566227" lon="-122.066067">
        <ele>6.606279</ele>
        <time>2023-06-17T23:06:20.998Z</time>
      </trkpt>
      <trkpt lat="37.566138" lon="-122.066130">
        <ele>6.599310</ele>
        <time>2023-06-17T23:06:22.998Z</time>
      </trkpt>
      <trkpt lat="37.566047" lon="-122.066206">
        <ele>6.591858</ele>
        <time>2023-06-17T23:06:24.998Z</time>
      </trkpt>
      <trkpt lat="37.565954" lon="-122.066283">
        <ele>6.584262</ele>
        <time>2023-06-17T23:06:26.998Z</time>
      </trkpt>
      <trkpt lat="37.565861" lon="-122.066362">
        <ele>6.576606</ele>
        <time>2023-06-17T23:06:28.998Z</time>
      </trkpt>
      <trkpt lat="37.565770" lon="-122.066435">
        <ele>6.569242</ele>
        <time>2023-06-17T23:06:30.998Z</time>
      </trkpt>
      <trkpt lat="37.565671" lon="-122.066519">
        <ele>6.561095</ele>
        <time>2023-06-17T23:06:32.998Z</time>
      </trkpt>
      <trkpt lat="37.565573" lon="-122.066598">
        <ele>6.553153</ele>
        <time>2023-06-17T23:06:34.998Z</time>
      </trkpt>
      <trkpt lat="37.565479" lon="-122.066672">
        <ele>6.545587</ele>
        <time>2023-06-17T23:06:36.998Z</time>
      </trkpt>
      <trkpt lat="37.565380" lon="-122.066740">
        <ele>6.540617</ele>
        <time>2023-06-17T23:06:38.998Z</time>
      </trkpt>
      <trkpt lat="37.565306" lon="-122.066833">
        <ele>6.538237</ele>
        <time>2023-06-17T23:06:40.998Z</time>
      </trkpt>
      <trkpt lat="37.565246" lon="-122.066948">
        <ele>6.535750</ele>
        <time>2023-06-17T23:06:42.998Z</time>
      </trkpt>
      <trkpt lat="37.565150" lon="-122.067084">
        <ele>6.532460</ele>
        <time>2023-06-17T23:06:44.998Z</time>
      </trkpt>
      <trkpt lat="37.565029" lon="-122.067210">
        <ele>6.528884</ele>
        <time>2023-06-17T23:06:46.998Z</time>
      </trkpt>
      <trkpt lat="37.564887" lon="-122.067291">
        <ele>6.525333</ele>
        <time>2023-06-17T23:06:48.998Z</time>
      </trkpt>
      <trkpt lat="37.564762" lon="-122.067343">
        <ele>6.522333</ele>
        <time>2023-06-17T23:06:50.998Z</time>
      </trkpt>
      <trkpt lat="37.564663" lon="-122.067374">
        <ele>6.520008</ele>
        <time>2023-06-17T23:06:52.998Z</time>
      </trkpt>
      <trkpt lat="37.564571" lon="-122.067448">
        <ele>6.517522</ele>
        <time>2023-06-17T23:06:54.998Z</time>
      </trkpt>
      <trkpt lat="37.564489" lon="-122.067535">
        <ele>6.515080</ele>
        <time>2023-06-17T23:06:56.998Z</time>
      </trkpt>
      <trkpt lat="37.564409" lon="-122.067626">
        <ele>6.512625</ele>
        <time>2023-06-17T23:06:58.998Z</time>
      </trkpt>
      <trkpt lat="37.564328" lon="-122.067713">
        <ele>6.510201</ele>
        <time>2023-06-17T23:07:00.998Z</time>
      </trkpt>
      <trkpt lat="37.564250" lon="-122.067797">
        <ele>6.507864</ele>
        <time>2023-06-17T23:07:02.998Z</time>
      </trkpt>
      <trkpt lat="37.564177" lon="-122.067879">
        <ele>6.505636</ele>
        <time>2023-06-17T23:07:04.998Z</time>
      </trkpt>
      <trkpt lat="37.564096" lon="-122.067956">
        <ele>6.503325</ele>
        <time>2023-06-17T23:07:06.998Z</time>
      </trkpt>
      <trkpt lat="37.564028" lon="-122.068053">
        <ele>6.500755</ele>
        <time>2023-06-17T23:07:08.998Z</time>
      </trkpt>
      <trkpt lat="37.563960" lon="-122.068146">
        <ele>6.426623</ele>
        <time>2023-06-17T23:07:10.998Z</time>
      </trkpt>
      <trkpt lat="37.563891" lon="-122.068232">
        <ele>6.354927</ele>
        <time>2023-06-17T23:07:12.998Z</time>
      </trkpt>
      <trkpt lat="37.563829" lon="-122.068324">
        <ele>6.284174</ele>
        <time>2023-06-17T23:07:14.998Z</time>
      </trkpt>
      <trkpt lat="37.563767" lon="-122.068414">
        <ele>6.214310</ele>
        <time>2023-06-17T23:07:16.998Z</time>
      </trkpt>
      <trkpt lat="37.563690" lon="-122.068548">
        <ele>6.117337</ele>
        <time>2023-06-17T23:07:19.998Z</time>
      </trkpt>
      <trkpt lat="37.563609" lon="-122.068666">
        <ele>6.025878</ele>
        <time>2023-06-17T23:07:22.998Z</time>
      </trkpt>
      <trkpt lat="37.563559" lon="-122.068763">
        <ele>5.958083</ele>
        <time>2023-06-17T23:07:24.998Z</time>
      </trkpt>
      <trkpt lat="37.563482" lon="-122.068895">
        <ele>5.862057</ele>
        <time>2023-06-17T23:07:27.998Z</time>
      </trkpt>
      <trkpt lat="37.563410" lon="-122.069029">
        <ele>5.767205</ele>
        <time>2023-06-17T23:07:30.998Z</time>
      </trkpt>
      <trkpt lat="37.563337" lon="-122.069161">
        <ele>5.672901</ele>
        <time>2023-06-17T23:07:33.998Z</time>
      </trkpt>
      <trkpt lat="37.563263" lon="-122.069297">
        <ele>5.576249</ele>
        <time>2023-06-17T23:07:36.998Z</time>
      </trkpt>
      <trkpt lat="37.563196" lon="-122.069432">
        <ele>5.482924</ele>
        <time>2023-06-17T23:07:39.998Z</time>
      </trkpt>
      <trkpt lat="37.563131" lon="-122.069563">
        <ele>5.392371</ele>
        <time>2023-06-17T23:07:42.998Z</time>
      </trkpt>
      <trkpt lat="37.563093" lon="-122.069672">
        <ele>5.322602</ele>
        <time>2023-06-17T23:07:44.998Z</time>
      </trkpt>
      <trkpt lat="37.563027" lon="-122.069814">
        <ele>5.226152</ele>
        <time>2023-06-17T23:07:47.997Z</time>
      </trkpt>
      <trkpt lat="37.562987" lon="-122.069923">
        <ele>5.174725</ele>
        <time>2023-06-17T23:07:49.998Z</time>
      </trkpt>
      <trkpt lat="37.562937" lon="-122.070074">
        <ele>5.194424</ele>
        <time>2023-06-17T23:07:52.998Z</time>
      </trkpt>
      <trkpt lat="37.562892" lon="-122.070234">
        <ele>5.214861</ele>
        <time>2023-06-17T23:07:55.998Z</time>
      </trkpt>
      <trkpt lat="37.562855" lon="-122.070340">
        <ele>5.228803</ele>
        <time>2023-06-17T23:07:57.998Z</time>
      </trkpt>
      <trkpt lat="37.562820" lon="-122.070448">
        <ele>5.242848</ele>
        <time>2023-06-17T23:07:59.998Z</time>
      </trkpt>
      <trkpt lat="37.562782" lon="-122.070552">
        <ele>5.256633</ele>
        <time>2023-06-17T23:08:01.998Z</time>
      </trkpt>
      <trkpt lat="37.562744" lon="-122.070660">
        <ele>5.270857</ele>
        <time>2023-06-17T23:08:03.998Z</time>
      </trkpt>
      <trkpt lat="37.562726" lon="-122.070772">
        <ele>5.284614</ele>
        <time>2023-06-17T23:08:05.998Z</time>
      </trkpt>
      <trkpt lat="37.562702" lon="-122.070882">
        <ele>5.298348</ele>
        <time>2023-06-17T23:08:07.998Z</time>
      </trkpt>
      <trkpt lat="37.562681" lon="-122.070995">
        <ele>5.312319</ele>
        <time>2023-06-17T23:08:09.997Z</time>
      </trkpt>
      <trkpt lat="37.562672" lon="-122.071116">
        <ele>5.326949</ele>
        <time>2023-06-17T23:08:11.997Z</time>
      </trkpt>
      <trkpt lat="37.562643" lon="-122.071232">
        <ele>5.341590</ele>
        <time>2023-06-17T23:08:13.997Z</time>
      </trkpt>
      <trkpt lat="37.562616" lon="-122.071343">
        <ele>5.355567</ele>
        <time>2023-06-17T23:08:15.997Z</time>
      </trkpt>
      <trkpt lat="37.562586" lon="-122.071454">
        <ele>5.369684</ele>
        <time>2023-06-17T23:08:17.997Z</time>
      </trkpt>
      <trkpt lat="37.562536" lon="-122.071611">
        <ele>5.390052</ele>
        <time>2023-06-17T23:08:20.997Z</time>
      </trkpt>
      <trkpt lat="37.562508" lon="-122.071723">
        <ele>5.404189</ele>
        <time>2023-06-17T23:08:22.997Z</time>
      </trkpt>
      <trkpt lat="37.562474" lon="-122.071834">
        <ele>5.418513</ele>
        <time>2023-06-17T23:08:24.997Z</time>
      </trkpt>
      <trkpt lat="37.562428" lon="-122.071989">
        <ele>5.438437</ele>
        <time>2023-06-17T23:08:27.997Z</time>
      </trkpt>
      <trkpt lat="37.562397" lon="-122.072106">
        <ele>5.458773</ele>
        <time>2023-06-17T23:08:29.997Z</time>
      </trkpt>
      <trkpt lat="37.562362" lon="-122.072227">
        <ele>5.484111</ele>
        <time>2023-06-17T23:08:31.997Z</time>
      </trkpt>
      <trkpt lat="37.562330" lon="-122.072336">
        <ele>5.506976</ele>
        <time>2023-06-17T23:08:33.997Z</time>
      </trkpt>
      <trkpt lat="37.562309" lon="-122.072451">
        <ele>5.530191</ele>
        <time>2023-06-17T23:08:35.997Z</time>
      </trkpt>
      <trkpt lat="37.562280" lon="-122.072569">
        <ele>5.554494</ele>
        <time>2023-06-17T23:08:37.997Z</time>
      </trkpt>
      <trkpt lat="37.562254" lon="-122.072689">
        <ele>5.578966</ele>
        <time>2023-06-17T23:08:39.997Z</time>
      </trkpt>
      <trkpt lat="37.562228" lon="-122.072804">
        <ele>5.602491</ele>
        <time>2023-06-17T23:08:41.997Z</time>
      </trkpt>
      <trkpt lat="37.562194" lon="-122.072913">
        <ele>5.625533</ele>
        <time>2023-06-17T23:08:43.997Z</time>
      </trkpt>
      <trkpt lat="37.562162" lon="-122.073033">
        <ele>5.650439</ele>
        <time>2023-06-17T23:08:45.997Z</time>
      </trkpt>
      <trkpt lat="37.562131" lon="-122.073151">
        <ele>5.674894</ele>
        <time>2023-06-17T23:08:47.997Z</time>
      </trkpt>
      <trkpt lat="37.562101" lon="-122.073272">
        <ele>5.699834</ele>
        <time>2023-06-17T23:08:49.997Z</time>
      </trkpt>
      <trkpt lat="37.562066" lon="-122.073390">
        <ele>5.724618</ele>
        <time>2023-06-17T23:08:51.997Z</time>
      </trkpt>
      <trkpt lat="37.562030" lon="-122.073512">
        <ele>5.750227</ele>
        <time>2023-06-17T23:08:53.997Z</time>
      </trkpt>
      <trkpt lat="37.561994" lon="-122.073642">
        <ele>5.777316</ele>
        <time>2023-06-17T23:08:55.997Z</time>
      </trkpt>
      <trkpt lat="37.561962" lon="-122.073777">
        <ele>5.805035</ele>
        <time>2023-06-17T23:08:57.997Z</time>
      </trkpt>
      <trkpt lat="37.561928" lon="-122.073899">
        <ele>5.830474</ele>
        <time>2023-06-17T23:08:59.997Z</time>
      </trkpt>
      <trkpt lat="37.561907" lon="-122.074022">
        <ele>5.855226</ele>
        <time>2023-06-17T23:09:01.997Z</time>
      </trkpt>
      <trkpt lat="37.561873" lon="-122.074138">
        <ele>5.879555</ele>
        <time>2023-06-17T23:09:03.997Z</time>
      </trkpt>
      <trkpt lat="37.561841" lon="-122.074245">
        <ele>5.887816</ele>
        <time>2023-06-17T23:09:05.997Z</time>
      </trkpt>
      <trkpt lat="37.561795" lon="-122.074402">
        <ele>5.878349</ele>
        <time>2023-06-17T23:09:08.997Z</time>
      </trkpt>
      <trkpt lat="37.561761" lon="-122.074563">
        <ele>5.868926</ele>
        <time>2023-06-17T23:09:11.997Z</time>
      </trkpt>
      <trkpt lat="37.561736" lon="-122.074676">
        <ele>5.862291</ele>
        <time>2023-06-17T23:09:13.997Z</time>
      </trkpt>
      <trkpt lat="37.561708" lon="-122.074795">
        <ele>5.855270</ele>
        <time>2023-06-17T23:09:15.997Z</time>
      </trkpt>
      <trkpt lat="37.561691" lon="-122.074912">
        <ele>5.848542</ele>
        <time>2023-06-17T23:09:17.997Z</time>
      </trkpt>
      <trkpt lat="37.561671" lon="-122.075026">
        <ele>5.841939</ele>
        <time>2023-06-17T23:09:19.997Z</time>
      </trkpt>
      <trkpt lat="37.561647" lon="-122.075138">
        <ele>5.835377</ele>
        <time>2023-06-17T23:09:21.997Z</time>
      </trkpt>
      <trkpt lat="37.561632" lon="-122.075250">
        <ele>5.828952</ele>
        <time>2023-06-17T23:09:23.997Z</time>
      </trkpt>
      <trkpt lat="37.561613" lon="-122.075362">
        <ele>5.822474</ele>
        <time>2023-06-17T23:09:25.997Z</time>
      </trkpt>
      <trkpt lat="37.561589" lon="-122.075475">
        <ele>5.815858</ele>
        <time>2023-06-17T23:09:27.997Z</time>
      </trkpt>
      <trkpt lat="37.561573" lon="-122.075591">
        <ele>5.809199</ele>
        <time>2023-06-17T23:09:29.997Z</time>
      </trkpt>
      <trkpt lat="37.561544" lon="-122.075752">
        <ele>5.799860</ele>
        <time>2023-06-17T23:09:32.997Z</time>
      </trkpt>
      <trkpt lat="37.561514" lon="-122.075916">
        <ele>5.790341</ele>
        <time>2023-06-17T23:09:35.997Z</time>
      </trkpt>
      <trkpt lat="37.561495" lon="-122.076030">
        <ele>5.783752</ele>
        <time>2023-06-17T23:09:37.997Z</time>
      </trkpt>
      <trkpt lat="37.561465" lon="-122.076190">
        <ele>5.774453</ele>
        <time>2023-06-17T23:09:40.997Z</time>
      </trkpt>
      <trkpt lat="37.561430" lon="-122.076346">
        <ele>5.765284</ele>
        <time>2023-06-17T23:09:43.997Z</time>
      </trkpt>
      <trkpt lat="37.561402" lon="-122.076502">
        <ele>5.757302</ele>
        <time>2023-06-17T23:09:46.996Z</time>
      </trkpt>
      <trkpt lat="37.561379" lon="-122.076650">
        <ele>5.750186</ele>
        <time>2023-06-17T23:09:49.996Z</time>
      </trkpt>
      <trkpt lat="37.561350" lon="-122.076777">
        <ele>5.743950</ele>
        <time>2023-06-17T23:09:52.996Z</time>
      </trkpt>
      <trkpt lat="37.561312" lon="-122.076886">
        <ele>5.738331</ele>
        <time>2023-06-17T23:09:55.997Z</time>
      </trkpt>
      <trkpt lat="37.561288" lon="-122.077030">
        <ele>5.731388</ele>
        <time>2023-06-17T23:09:59.996Z</time>
      </trkpt>
      <trkpt lat="37.561263" lon="-122.077148">
        <ele>5.725625</ele>
        <time>2023-06-17T23:10:02.996Z</time>
      </trkpt>
      <trkpt lat="37.561248" lon="-122.077279">
        <ele>5.719379</ele>
        <time>2023-06-17T23:10:05.996Z</time>
      </trkpt>
      <trkpt lat="37.561235" lon="-122.077420">
        <ele>5.712681</ele>
        <time>2023-06-17T23:10:08.996Z</time>
      </trkpt>
      <trkpt lat="37.561208" lon="-122.077560">
        <ele>5.705883</ele>
        <time>2023-06-17T23:10:11.996Z</time>
      </trkpt>
      <trkpt lat="37.561187" lon="-122.077702">
        <ele>5.699067</ele>
        <time>2023-06-17T23:10:14.996Z</time>
      </trkpt>
      <trkpt lat="37.561160" lon="-122.077843">
        <ele>5.692222</ele>
        <time>2023-06-17T23:10:17.996Z</time>
      </trkpt>
      <trkpt lat="37.561133" lon="-122.077985">
        <ele>5.685332</ele>
        <time>2023-06-17T23:10:20.996Z</time>
      </trkpt>
      <trkpt lat="37.561105" lon="-122.078113">
        <ele>5.679066</ele>
        <time>2023-06-17T23:10:23.996Z</time>
      </trkpt>
      <trkpt lat="37.561079" lon="-122.078268">
        <ele>5.671591</ele>
        <time>2023-06-17T23:10:26.996Z</time>
      </trkpt>
      <trkpt lat="37.561057" lon="-122.078425">
        <ele>5.664068</ele>
        <time>2023-06-17T23:10:29.995Z</time>
      </trkpt>
      <trkpt lat="37.561028" lon="-122.078550">
        <ele>5.657922</ele>
        <time>2023-06-17T23:10:32.995Z</time>
      </trkpt>
      <trkpt lat="37.560944" lon="-122.078913">
        <ele>5.582485</ele>
        <time>2023-06-17T23:15:04.995Z</time>
      </trkpt>
      <trkpt lat="37.560917" lon="-122.079021">
        <ele>5.557314</ele>
        <time>2023-06-17T23:15:06.995Z</time>
      </trkpt>
      <trkpt lat="37.560884" lon="-122.079185">
        <ele>5.519705</ele>
        <time>2023-06-17T23:15:09.995Z</time>
      </trkpt>
      <trkpt lat="37.560864" lon="-122.079297">
        <ele>5.494186</ele>
        <time>2023-06-17T23:15:11.995Z</time>
      </trkpt>
      <trkpt lat="37.560850" lon="-122.079410">
        <ele>5.468764</ele>
        <time>2023-06-17T23:15:13.995Z</time>
      </trkpt>
      <trkpt lat="37.560849" lon="-122.079529">
        <ele>5.442311</ele>
        <time>2023-06-17T23:15:15.995Z</time>
      </trkpt>
      <trkpt lat="37.560836" lon="-122.079646">
        <ele>5.416051</ele>
        <time>2023-06-17T23:15:17.995Z</time>
      </trkpt>
      <trkpt lat="37.560815" lon="-122.079762">
        <ele>5.389603</ele>
        <time>2023-06-17T23:15:19.995Z</time>
      </trkpt>
      <trkpt lat="37.560797" lon="-122.079878">
        <ele>5.363329</ele>
        <time>2023-06-17T23:15:21.995Z</time>
      </trkpt>
      <trkpt lat="37.560786" lon="-122.079997">
        <ele>5.336699</ele>
        <time>2023-06-17T23:15:23.995Z</time>
      </trkpt>
      <trkpt lat="37.560770" lon="-122.080115">
        <ele>5.310090</ele>
        <time>2023-06-17T23:15:25.995Z</time>
      </trkpt>
      <trkpt lat="37.560757" lon="-122.080234">
        <ele>5.283389</ele>
        <time>2023-06-17T23:15:27.995Z</time>
      </trkpt>
      <trkpt lat="37.560752" lon="-122.080354">
        <ele>5.256679</ele>
        <time>2023-06-17T23:15:29.995Z</time>
      </trkpt>
      <trkpt lat="37.560744" lon="-122.080473">
        <ele>5.230133</ele>
        <time>2023-06-17T23:15:31.995Z</time>
      </trkpt>
      <trkpt lat="37.560736" lon="-122.080592">
        <ele>5.203587</ele>
        <time>2023-06-17T23:15:33.995Z</time>
      </trkpt>
      <trkpt lat="37.560732" lon="-122.080709">
        <ele>5.177557</ele>
        <time>2023-06-17T23:15:35.995Z</time>
      </trkpt>
      <trkpt lat="37.560728" lon="-122.080826">
        <ele>5.151526</ele>
        <time>2023-06-17T23:15:37.995Z</time>
      </trkpt>
      <trkpt lat="37.560722" lon="-122.080996">
        <ele>5.167080</ele>
        <time>2023-06-17T23:15:40.995Z</time>
      </trkpt>
      <trkpt lat="37.560725" lon="-122.081117">
        <ele>5.178418</ele>
        <time>2023-06-17T23:15:42.995Z</time>
      </trkpt>
      <trkpt lat="37.560726" lon="-122.081237">
        <ele>5.189657</ele>
        <time>2023-06-17T23:15:44.995Z</time>
      </trkpt>
      <trkpt lat="37.560729" lon="-122.081409">
        <ele>5.205769</ele>
        <time>2023-06-17T23:15:47.995Z</time>
      </trkpt>
      <trkpt lat="37.560729" lon="-122.081524">
        <ele>5.216539</ele>
        <time>2023-06-17T23:15:49.995Z</time>
      </trkpt>
      <trkpt lat="37.560733" lon="-122.081640">
        <ele>5.227413</ele>
        <time>2023-06-17T23:15:51.995Z</time>
      </trkpt>
      <trkpt lat="37.560738" lon="-122.081755">
        <ele>5.238199</ele>
        <time>2023-06-17T23:15:53.995Z</time>
      </trkpt>
      <trkpt lat="37.560743" lon="-122.081872">
        <ele>5.249173</ele>
        <time>2023-06-17T23:15:55.995Z</time>
      </trkpt>
      <trkpt lat="37.560751" lon="-122.081989">
        <ele>5.260171</ele>
        <time>2023-06-17T23:15:57.995Z</time>
      </trkpt>
      <trkpt lat="37.560763" lon="-122.082103">
        <ele>5.270941</ele>
        <time>2023-06-17T23:15:59.995Z</time>
      </trkpt>
      <trkpt lat="37.560773" lon="-122.082215">
        <ele>5.281496</ele>
        <time>2023-06-17T23:16:01.995Z</time>
      </trkpt>
      <trkpt lat="37.560787" lon="-122.082331">
        <ele>5.292485</ele>
        <time>2023-06-17T23:16:03.995Z</time>
      </trkpt>
      <trkpt lat="37.560802" lon="-122.082498">
        <ele>5.308225</ele>
        <time>2023-06-17T23:16:06.995Z</time>
      </trkpt>
      <trkpt lat="37.560816" lon="-122.082660">
        <ele>5.323487</ele>
        <time>2023-06-17T23:16:09.995Z</time>
      </trkpt>
      <trkpt lat="37.560833" lon="-122.082822">
        <ele>5.338791</ele>
        <time>2023-06-17T23:16:12.995Z</time>
      </trkpt>
      <trkpt lat="37.560846" lon="-122.082989">
        <ele>5.354506</ele>
        <time>2023-06-17T23:16:15.996Z</time>
      </trkpt>
      <trkpt lat="37.560865" lon="-122.083159">
        <ele>5.354176</ele>
        <time>2023-06-17T23:16:18.995Z</time>
      </trkpt>
      <trkpt lat="37.560876" lon="-122.083276">
        <ele>5.338704</ele>
        <time>2023-06-17T23:16:20.995Z</time>
      </trkpt>
      <trkpt lat="37.560886" lon="-122.083390">
        <ele>5.323642</ele>
        <time>2023-06-17T23:16:22.995Z</time>
      </trkpt>
      <trkpt lat="37.560899" lon="-122.083505">
        <ele>5.308388</ele>
        <time>2023-06-17T23:16:24.995Z</time>
      </trkpt>
      <trkpt lat="37.560911" lon="-122.083617">
        <ele>5.293546</ele>
        <time>2023-06-17T23:16:26.995Z</time>
      </trkpt>
      <trkpt lat="37.560925" lon="-122.083735">
        <ele>5.277878</ele>
        <time>2023-06-17T23:16:28.995Z</time>
      </trkpt>
      <trkpt lat="37.560936" lon="-122.083852">
        <ele>5.262406</ele>
        <time>2023-06-17T23:16:30.995Z</time>
      </trkpt>
      <trkpt lat="37.560947" lon="-122.083970">
        <ele>5.246804</ele>
        <time>2023-06-17T23:16:32.995Z</time>
      </trkpt>
      <trkpt lat="37.560958" lon="-122.084091">
        <ele>5.230810</ele>
        <time>2023-06-17T23:16:34.995Z</time>
      </trkpt>
      <trkpt lat="37.560973" lon="-122.084214">
        <ele>5.214468</ele>
        <time>2023-06-17T23:16:36.995Z</time>
      </trkpt>
      <trkpt lat="37.560983" lon="-122.084333">
        <ele>5.198753</ele>
        <time>2023-06-17T23:16:38.995Z</time>
      </trkpt>
      <trkpt lat="37.560996" lon="-122.084452">
        <ele>5.182979</ele>
        <time>2023-06-17T23:16:40.995Z</time>
      </trkpt>
      <trkpt lat="37.561008" lon="-122.084576">
        <ele>5.166574</ele>
        <time>2023-06-17T23:16:42.995Z</time>
      </trkpt>
      <trkpt lat="37.561024" lon="-122.084695">
        <ele>5.150724</ele>
        <time>2023-06-17T23:16:44.995Z</time>
      </trkpt>
      <trkpt lat="37.561035" lon="-122.084812">
        <ele>5.135252</ele>
        <time>2023-06-17T23:16:46.995Z</time>
      </trkpt>
      <trkpt lat="37.561049" lon="-122.084930">
        <ele>5.119584</ele>
        <time>2023-06-17T23:16:48.995Z</time>
      </trkpt>
      <trkpt lat="37.561061" lon="-122.085045">
        <ele>5.104352</ele>
        <time>2023-06-17T23:16:50.995Z</time>
      </trkpt>
      <trkpt lat="37.561075" lon="-122.085211">
        <ele>5.082430</ele>
        <time>2023-06-17T23:16:53.995Z</time>
      </trkpt>
      <trkpt lat="37.561091" lon="-122.085324">
        <ele>5.067356</ele>
        <time>2023-06-17T23:16:55.995Z</time>
      </trkpt>
      <trkpt lat="37.561108" lon="-122.085493">
        <ele>5.044861</ele>
        <time>2023-06-17T23:16:58.995Z</time>
      </trkpt>
      <trkpt lat="37.561127" lon="-122.085663">
        <ele>5.022182</ele>
        <time>2023-06-17T23:17:01.995Z</time>
      </trkpt>
      <trkpt lat="37.561143" lon="-122.085828">
        <ele>5.000222</ele>
        <time>2023-06-17T23:17:04.995Z</time>
      </trkpt>
      <trkpt lat="37.561161" lon="-122.085988">
        <ele>4.978874</ele>
        <time>2023-06-17T23:17:07.995Z</time>
      </trkpt>
      <trkpt lat="37.561178" lon="-122.086154">
        <ele>4.956762</ele>
        <time>2023-06-17T23:17:10.995Z</time>
      </trkpt>
      <trkpt lat="37.561195" lon="-122.086316">
        <ele>4.935175</ele>
        <time>2023-06-17T23:17:13.995Z</time>
      </trkpt>
      <trkpt lat="37.561210" lon="-122.086472">
        <ele>4.914416</ele>
        <time>2023-06-17T23:17:16.995Z</time>
      </trkpt>
      <trkpt lat="37.561229" lon="-122.086626">
        <ele>4.893827</ele>
        <time>2023-06-17T23:17:19.995Z</time>
      </trkpt>
      <trkpt lat="37.561245" lon="-122.086786">
        <ele>4.872523</ele>
        <time>2023-06-17T23:17:22.995Z</time>
      </trkpt>
      <trkpt lat="37.561261" lon="-122.086950">
        <ele>4.850695</ele>
        <time>2023-06-17T23:17:25.995Z</time>
      </trkpt>
      <trkpt lat="37.561278" lon="-122.087109">
        <ele>4.829500</ele>
        <time>2023-06-17T23:17:28.995Z</time>
      </trkpt>
      <trkpt lat="37.561295" lon="-122.087267">
        <ele>4.808436</ele>
        <time>2023-06-17T23:17:31.995Z</time>
      </trkpt>
      <trkpt lat="37.561315" lon="-122.087419">
        <ele>4.788082</ele>
        <time>2023-06-17T23:17:34.995Z</time>
      </trkpt>
      <trkpt lat="37.561326" lon="-122.087571">
        <ele>4.767919</ele>
        <time>2023-06-17T23:17:37.995Z</time>
      </trkpt>
      <trkpt lat="37.561340" lon="-122.087726">
        <ele>4.765687</ele>
        <time>2023-06-17T23:17:40.995Z</time>
      </trkpt>
      <trkpt lat="37.561354" lon="-122.087880">
        <ele>4.765290</ele>
        <time>2023-06-17T23:17:43.995Z</time>
      </trkpt>
      <trkpt lat="37.561373" lon="-122.088031">
        <ele>4.764898</ele>
        <time>2023-06-17T23:17:46.995Z</time>
      </trkpt>
      <trkpt lat="37.561386" lon="-122.088181">
        <ele>4.764511</ele>
        <time>2023-06-17T23:17:49.994Z</time>
      </trkpt>
      <trkpt lat="37.561400" lon="-122.088345">
        <ele>4.764089</ele>
        <time>2023-06-17T23:17:52.994Z</time>
      </trkpt>
      <trkpt lat="37.561421" lon="-122.088498">
        <ele>4.763691</ele>
        <time>2023-06-17T23:17:55.994Z</time>
      </trkpt>
      <trkpt lat="37.561435" lon="-122.088651">
        <ele>4.763296</ele>
        <time>2023-06-17T23:17:58.994Z</time>
      </trkpt>
      <trkpt lat="37.561454" lon="-122.088806">
        <ele>4.762894</ele>
        <time>2023-06-17T23:18:01.994Z</time>
      </trkpt>
      <trkpt lat="37.561471" lon="-122.088953">
        <ele>4.762513</ele>
        <time>2023-06-17T23:18:04.994Z</time>
      </trkpt>
      <trkpt lat="37.561482" lon="-122.089102">
        <ele>4.762130</ele>
        <time>2023-06-17T23:18:07.994Z</time>
      </trkpt>
      <trkpt lat="37.561499" lon="-122.089254">
        <ele>4.761736</ele>
        <time>2023-06-17T23:18:10.994Z</time>
      </trkpt>
      <trkpt lat="37.561509" lon="-122.089411">
        <ele>4.761333</ele>
        <time>2023-06-17T23:18:13.994Z</time>
      </trkpt>
      <trkpt lat="37.561528" lon="-122.089562">
        <ele>4.760941</ele>
        <time>2023-06-17T23:18:16.995Z</time>
      </trkpt>
      <trkpt lat="37.561543" lon="-122.089720">
        <ele>4.760533</ele>
        <time>2023-06-17T23:18:19.995Z</time>
      </trkpt>
      <trkpt lat="37.561561" lon="-122.089886">
        <ele>4.742594</ele>
        <time>2023-06-17T23:18:22.995Z</time>
      </trkpt>
      <trkpt lat="37.561574" lon="-122.090051">
        <ele>4.685798</ele>
        <time>2023-06-17T23:18:25.996Z</time>
      </trkpt>
      <trkpt lat="37.561590" lon="-122.090212">
        <ele>4.630219</ele>
        <time>2023-06-17T23:18:28.995Z</time>
      </trkpt>
      <trkpt lat="37.561606" lon="-122.090354">
        <ele>4.581091</ele>
        <time>2023-06-17T23:18:31.995Z</time>
      </trkpt>
      <trkpt lat="37.561613" lon="-122.090491">
        <ele>4.534068</ele>
        <time>2023-06-17T23:18:34.995Z</time>
      </trkpt>
      <trkpt lat="37.561625" lon="-122.090629">
        <ele>4.486515</ele>
        <time>2023-06-17T23:18:37.995Z</time>
      </trkpt>
      <trkpt lat="37.561634" lon="-122.090767">
        <ele>4.439086</ele>
        <time>2023-06-17T23:18:40.995Z</time>
      </trkpt>
      <trkpt lat="37.561656" lon="-122.090911">
        <ele>4.388854</ele>
        <time>2023-06-17T23:18:43.995Z</time>
      </trkpt>
      <trkpt lat="37.561666" lon="-122.091065">
        <ele>4.335928</ele>
        <time>2023-06-17T23:18:46.995Z</time>
      </trkpt>
      <trkpt lat="37.561686" lon="-122.091225">
        <ele>4.280446</ele>
        <time>2023-06-17T23:18:49.995Z</time>
      </trkpt>
      <trkpt lat="37.561708" lon="-122.091380">
        <ele>4.226510</ele>
        <time>2023-06-17T23:18:52.995Z</time>
      </trkpt>
      <trkpt lat="37.561731" lon="-122.091535">
        <ele>4.172496</ele>
        <time>2023-06-17T23:18:55.995Z</time>
      </trkpt>
      <trkpt lat="37.561762" lon="-122.091684">
        <ele>4.119731</ele>
        <time>2023-06-17T23:18:58.995Z</time>
      </trkpt>
      <trkpt lat="37.561782" lon="-122.091836">
        <ele>4.066954</ele>
        <time>2023-06-17T23:19:01.995Z</time>
      </trkpt>
      <trkpt lat="37.561809" lon="-122.091991">
        <ele>4.012595</ele>
        <time>2023-06-17T23:19:04.995Z</time>
      </trkpt>
      <trkpt lat="37.561835" lon="-122.092144">
        <ele>3.968551</ele>
        <time>2023-06-17T23:19:07.995Z</time>
      </trkpt>
      <trkpt lat="37.561869" lon="-122.092291">
        <ele>3.936948</ele>
        <time>2023-06-17T23:19:10.995Z</time>
      </trkpt>
      <trkpt lat="37.561901" lon="-122.092443">
        <ele>3.904490</ele>
        <time>2023-06-17T23:19:13.995Z</time>
      </trkpt>
      <trkpt lat="37.561941" lon="-122.092589">
        <ele>3.872610</ele>
        <time>2023-06-17T23:19:16.995Z</time>
      </trkpt>
      <trkpt lat="37.561973" lon="-122.092734">
        <ele>3.841546</ele>
        <time>2023-06-17T23:19:19.995Z</time>
      </trkpt>
      <trkpt lat="37.562008" lon="-122.092870">
        <ele>3.812036</ele>
        <time>2023-06-17T23:19:22.995Z</time>
      </trkpt>
      <trkpt lat="37.562046" lon="-122.092999">
        <ele>3.783634</ele>
        <time>2023-06-17T23:19:25.995Z</time>
      </trkpt>
      <trkpt lat="37.562090" lon="-122.093141">
        <ele>3.752169</ele>
        <time>2023-06-17T23:19:28.995Z</time>
      </trkpt>
      <trkpt lat="37.562144" lon="-122.093284">
        <ele>3.719479</ele>
        <time>2023-06-17T23:19:31.995Z</time>
      </trkpt>
      <trkpt lat="37.562182" lon="-122.093432">
        <ele>3.687372</ele>
        <time>2023-06-17T23:19:34.995Z</time>
      </trkpt>
      <trkpt lat="37.562230" lon="-122.093569">
        <ele>3.656459</ele>
        <time>2023-06-17T23:19:37.995Z</time>
      </trkpt>
      <trkpt lat="37.562266" lon="-122.093706">
        <ele>3.626672</ele>
        <time>2023-06-17T23:19:40.995Z</time>
      </trkpt>
      <trkpt lat="37.562308" lon="-122.093843">
        <ele>3.596357</ele>
        <time>2023-06-17T23:19:43.995Z</time>
      </trkpt>
      <trkpt lat="37.562352" lon="-122.093977">
        <ele>3.566423</ele>
        <time>2023-06-17T23:19:46.994Z</time>
      </trkpt>
      <trkpt lat="37.562394" lon="-122.094109">
        <ele>3.537068</ele>
        <time>2023-06-17T23:19:49.994Z</time>
      </trkpt>
      <trkpt lat="37.562435" lon="-122.094251">
        <ele>3.549331</ele>
        <time>2023-06-17T23:19:52.994Z</time>
      </trkpt>
      <trkpt lat="37.562480" lon="-122.094396">
        <ele>3.674634</ele>
        <time>2023-06-17T23:19:55.994Z</time>
      </trkpt>
      <trkpt lat="37.562529" lon="-122.094546">
        <ele>3.805186</ele>
        <time>2023-06-17T23:19:58.994Z</time>
      </trkpt>
      <trkpt lat="37.562578" lon="-122.094701">
        <ele>3.939465</ele>
        <time>2023-06-17T23:20:01.994Z</time>
      </trkpt>
      <trkpt lat="37.562621" lon="-122.094852">
        <ele>4.068576</ele>
        <time>2023-06-17T23:20:04.994Z</time>
      </trkpt>
      <trkpt lat="37.562668" lon="-122.095004">
        <ele>4.199865</ele>
        <time>2023-06-17T23:20:07.994Z</time>
      </trkpt>
      <trkpt lat="37.562713" lon="-122.095153">
        <ele>4.328171</ele>
        <time>2023-06-17T23:20:10.994Z</time>
      </trkpt>
      <trkpt lat="37.562757" lon="-122.095309">
        <ele>4.461413</ele>
        <time>2023-06-17T23:20:13.994Z</time>
      </trkpt>
      <trkpt lat="37.562792" lon="-122.095417">
        <ele>4.555301</ele>
        <time>2023-06-17T23:20:15.994Z</time>
      </trkpt>
      <trkpt lat="37.562826" lon="-122.095526">
        <ele>4.649559</ele>
        <time>2023-06-17T23:20:17.994Z</time>
      </trkpt>
      <trkpt lat="37.562855" lon="-122.095636">
        <ele>4.742841</ele>
        <time>2023-06-17T23:20:19.994Z</time>
      </trkpt>
      <trkpt lat="37.562889" lon="-122.095747">
        <ele>4.838598</ele>
        <time>2023-06-17T23:20:21.995Z</time>
      </trkpt>
      <trkpt lat="37.562926" lon="-122.095853">
        <ele>4.931799</ele>
        <time>2023-06-17T23:20:23.995Z</time>
      </trkpt>
      <trkpt lat="37.562960" lon="-122.095958">
        <ele>5.023068</ele>
        <time>2023-06-17T23:20:25.995Z</time>
      </trkpt>
      <trkpt lat="37.563009" lon="-122.096109">
        <ele>5.154363</ele>
        <time>2023-06-17T23:20:28.995Z</time>
      </trkpt>
      <trkpt lat="37.563069" lon="-122.096255">
        <ele>5.286697</ele>
        <time>2023-06-17T23:20:31.995Z</time>
      </trkpt>
      <trkpt lat="37.563132" lon="-122.096400">
        <ele>5.317525</ele>
        <time>2023-06-17T23:20:34.995Z</time>
      </trkpt>
      <trkpt lat="37.563190" lon="-122.096531">
        <ele>5.282278</ele>
        <time>2023-06-17T23:20:37.995Z</time>
      </trkpt>
      <trkpt lat="37.563221" lon="-122.096658">
        <ele>5.251062</ele>
        <time>2023-06-17T23:20:40.995Z</time>
      </trkpt>
      <trkpt lat="37.563228" lon="-122.096821">
        <ele>5.212717</ele>
        <time>2023-06-17T23:20:43.995Z</time>
      </trkpt>
      <trkpt lat="37.563192" lon="-122.096929">
        <ele>5.185196</ele>
        <time>2023-06-17T23:20:45.995Z</time>
      </trkpt>
      <trkpt lat="37.563135" lon="-122.097076">
        <ele>5.146755</ele>
        <time>2023-06-17T23:20:48.995Z</time>
      </trkpt>
      <trkpt lat="37.563066" lon="-122.097200">
        <ele>5.111167</ele>
        <time>2023-06-17T23:20:51.995Z</time>
      </trkpt>
      <trkpt lat="37.563038" lon="-122.097348">
        <ele>5.075425</ele>
        <time>2023-06-17T23:20:54.995Z</time>
      </trkpt>
      <trkpt lat="37.563040" lon="-122.097513">
        <ele>5.036661</ele>
        <time>2023-06-17T23:20:57.995Z</time>
      </trkpt>
      <trkpt lat="37.563074" lon="-122.097667">
        <ele>4.999109</ele>
        <time>2023-06-17T23:21:00.995Z</time>
      </trkpt>
      <trkpt lat="37.563125" lon="-122.097816">
        <ele>4.960985</ele>
        <time>2023-06-17T23:21:03.995Z</time>
      </trkpt>
      <trkpt lat="37.563160" lon="-122.097923">
        <ele>4.933794</ele>
        <time>2023-06-17T23:21:05.995Z</time>
      </trkpt>
      <trkpt lat="37.563200" lon="-122.098079">
        <ele>4.895280</ele>
        <time>2023-06-17T23:21:08.994Z</time>
      </trkpt>
      <trkpt lat="37.563249" lon="-122.098229">
        <ele>4.857170</ele>
        <time>2023-06-17T23:21:11.994Z</time>
      </trkpt>
      <trkpt lat="37.563304" lon="-122.098377">
        <ele>4.818773</ele>
        <time>2023-06-17T23:21:14.994Z</time>
      </trkpt>
      <trkpt lat="37.563357" lon="-122.098530">
        <ele>4.761498</ele>
        <time>2023-06-17T23:21:17.994Z</time>
      </trkpt>
      <trkpt lat="37.563403" lon="-122.098686">
        <ele>4.697249</ele>
        <time>2023-06-17T23:21:20.994Z</time>
      </trkpt>
      <trkpt lat="37.563439" lon="-122.098834">
        <ele>4.637490</ele>
        <time>2023-06-17T23:21:23.994Z</time>
      </trkpt>
      <trkpt lat="37.563487" lon="-122.098982">
        <ele>4.575763</ele>
        <time>2023-06-17T23:21:26.994Z</time>
      </trkpt>
      <trkpt lat="37.563536" lon="-122.099130">
        <ele>4.513851</ele>
        <time>2023-06-17T23:21:29.994Z</time>
      </trkpt>
      <trkpt lat="37.563587" lon="-122.099284">
        <ele>4.449426</ele>
        <time>2023-06-17T23:21:32.994Z</time>
      </trkpt>
      <trkpt lat="37.563633" lon="-122.099433">
        <ele>4.387702</ele>
        <time>2023-06-17T23:21:35.994Z</time>
      </trkpt>
      <trkpt lat="37.563681" lon="-122.099577">
        <ele>4.327401</ele>
        <time>2023-06-17T23:21:38.994Z</time>
      </trkpt>
      <trkpt lat="37.563730" lon="-122.099732">
        <ele>4.262987</ele>
        <time>2023-06-17T23:21:41.994Z</time>
      </trkpt>
      <trkpt lat="37.563781" lon="-122.099884">
        <ele>4.199274</ele>
        <time>2023-06-17T23:21:44.994Z</time>
      </trkpt>
      <trkpt lat="37.563830" lon="-122.100036">
        <ele>4.135934</ele>
        <time>2023-06-17T23:21:47.994Z</time>
      </trkpt>
      <trkpt lat="37.563873" lon="-122.100186">
        <ele>4.074363</ele>
        <time>2023-06-17T23:21:50.994Z</time>
      </trkpt>
      <trkpt lat="37.563920" lon="-122.100332">
        <ele>4.013535</ele>
        <time>2023-06-17T23:21:53.994Z</time>
      </trkpt>
      <trkpt lat="37.563967" lon="-122.100477">
        <ele>3.953065</ele>
        <time>2023-06-17T23:21:56.994Z</time>
      </trkpt>
      <trkpt lat="37.564012" lon="-122.100621">
        <ele>3.930203</ele>
        <time>2023-06-17T23:21:59.994Z</time>
      </trkpt>
      <trkpt lat="37.564055" lon="-122.100765">
        <ele>3.927844</ele>
        <time>2023-06-17T23:22:02.994Z</time>
      </trkpt>
      <trkpt lat="37.564101" lon="-122.100915">
        <ele>3.925379</ele>
        <time>2023-06-17T23:22:05.994Z</time>
      </trkpt>
      <trkpt lat="37.564154" lon="-122.101066">
        <ele>3.922848</ele>
        <time>2023-06-17T23:22:08.994Z</time>
      </trkpt>
      <trkpt lat="37.564185" lon="-122.101174">
        <ele>3.921087</ele>
        <time>2023-06-17T23:22:10.994Z</time>
      </trkpt>
      <trkpt lat="37.564234" lon="-122.101330">
        <ele>3.918515</ele>
        <time>2023-06-17T23:22:13.994Z</time>
      </trkpt>
      <trkpt lat="37.564282" lon="-122.101477">
        <ele>3.916078</ele>
        <time>2023-06-17T23:22:16.994Z</time>
      </trkpt>
      <trkpt lat="37.564327" lon="-122.101619">
        <ele>3.913734</ele>
        <time>2023-06-17T23:22:19.994Z</time>
      </trkpt>
      <trkpt lat="37.564377" lon="-122.101763">
        <ele>3.911324</ele>
        <time>2023-06-17T23:22:22.994Z</time>
      </trkpt>
      <trkpt lat="37.564421" lon="-122.101908">
        <ele>3.908944</ele>
        <time>2023-06-17T23:22:25.994Z</time>
      </trkpt>
      <trkpt lat="37.564467" lon="-122.102058">
        <ele>3.906479</ele>
        <time>2023-06-17T23:22:28.995Z</time>
      </trkpt>
      <trkpt lat="37.564517" lon="-122.102202">
        <ele>3.904069</ele>
        <time>2023-06-17T23:22:31.995Z</time>
      </trkpt>
      <trkpt lat="37.564555" lon="-122.102346">
        <ele>3.901743</ele>
        <time>2023-06-17T23:22:34.995Z</time>
      </trkpt>
      <trkpt lat="37.564600" lon="-122.102491">
        <ele>3.899356</ele>
        <time>2023-06-17T23:22:37.995Z</time>
      </trkpt>
      <trkpt lat="37.564653" lon="-122.102644">
        <ele>3.897328</ele>
        <time>2023-06-17T23:22:40.995Z</time>
      </trkpt>
      <trkpt lat="37.564704" lon="-122.102801">
        <ele>3.903895</ele>
        <time>2023-06-17T23:22:43.995Z</time>
      </trkpt>
      <trkpt lat="37.564752" lon="-122.102954">
        <ele>3.910265</ele>
        <time>2023-06-17T23:22:46.995Z</time>
      </trkpt>
      <trkpt lat="37.564798" lon="-122.103099">
        <ele>3.916310</ele>
        <time>2023-06-17T23:22:49.995Z</time>
      </trkpt>
      <trkpt lat="37.564839" lon="-122.103246">
        <ele>3.922342</ele>
        <time>2023-06-17T23:22:52.995Z</time>
      </trkpt>
      <trkpt lat="37.564890" lon="-122.103396">
        <ele>3.928660</ele>
        <time>2023-06-17T23:22:55.995Z</time>
      </trkpt>
      <trkpt lat="37.564938" lon="-122.103553">
        <ele>3.935174</ele>
        <time>2023-06-17T23:22:58.995Z</time>
      </trkpt>
      <trkpt lat="37.564973" lon="-122.103663">
        <ele>3.939762</ele>
        <time>2023-06-17T23:23:00.995Z</time>
      </trkpt>
      <trkpt lat="37.565008" lon="-122.103773">
        <ele>3.944350</ele>
        <time>2023-06-17T23:23:02.995Z</time>
      </trkpt>
      <trkpt lat="37.565053" lon="-122.103927">
        <ele>3.950703</ele>
        <time>2023-06-17T23:23:05.995Z</time>
      </trkpt>
      <trkpt lat="37.565097" lon="-122.104068">
        <ele>3.956569</ele>
        <time>2023-06-17T23:23:08.995Z</time>
      </trkpt>
      <trkpt lat="37.565141" lon="-122.104210">
        <ele>3.962471</ele>
        <time>2023-06-17T23:23:11.995Z</time>
      </trkpt>
      <trkpt lat="37.565191" lon="-122.104349">
        <ele>3.968379</ele>
        <time>2023-06-17T23:23:14.995Z</time>
      </trkpt>
      <trkpt lat="37.565238" lon="-122.104496">
        <ele>3.974515</ele>
        <time>2023-06-17T23:23:17.995Z</time>
      </trkpt>
      <trkpt lat="37.565284" lon="-122.104647">
        <ele>3.980776</ele>
        <time>2023-06-17T23:23:20.995Z</time>
      </trkpt>
      <trkpt lat="37.565334" lon="-122.104797">
        <ele>3.981288</ele>
        <time>2023-06-17T23:23:23.995Z</time>
      </trkpt>
      <trkpt lat="37.565383" lon="-122.104944">
        <ele>3.971889</ele>
        <time>2023-06-17T23:23:26.994Z</time>
      </trkpt>
      <trkpt lat="37.565428" lon="-122.105091">
        <ele>3.962601</ele>
        <time>2023-06-17T23:23:29.994Z</time>
      </trkpt>
      <trkpt lat="37.565470" lon="-122.105233">
        <ele>3.953667</ele>
        <time>2023-06-17T23:23:32.994Z</time>
      </trkpt>
      <trkpt lat="37.565524" lon="-122.105384">
        <ele>3.943903</ele>
        <time>2023-06-17T23:23:35.994Z</time>
      </trkpt>
      <trkpt lat="37.565568" lon="-122.105536">
        <ele>3.934365</ele>
        <time>2023-06-17T23:23:38.994Z</time>
      </trkpt>
      <trkpt lat="37.565611" lon="-122.105690">
        <ele>3.924742</ele>
        <time>2023-06-17T23:23:41.994Z</time>
      </trkpt>
      <trkpt lat="37.565645" lon="-122.105799">
        <ele>3.917838</ele>
        <time>2023-06-17T23:23:43.994Z</time>
      </trkpt>
      <trkpt lat="37.565689" lon="-122.105940">
        <ele>3.908906</ele>
        <time>2023-06-17T23:23:46.994Z</time>
      </trkpt>
      <trkpt lat="37.565740" lon="-122.106090">
        <ele>3.899286</ele>
        <time>2023-06-17T23:23:49.994Z</time>
      </trkpt>
      <trkpt lat="37.565785" lon="-122.106236">
        <ele>3.890053</ele>
        <time>2023-06-17T23:23:52.994Z</time>
      </trkpt>
      <trkpt lat="37.565828" lon="-122.106392">
        <ele>3.880318</ele>
        <time>2023-06-17T23:23:55.994Z</time>
      </trkpt>
      <trkpt lat="37.565881" lon="-122.106546">
        <ele>3.870422</ele>
        <time>2023-06-17T23:23:58.994Z</time>
      </trkpt>
      <trkpt lat="37.565909" lon="-122.106656">
        <ele>3.863612</ele>
        <time>2023-06-17T23:24:00.994Z</time>
      </trkpt>
      <trkpt lat="37.565969" lon="-122.106808">
        <ele>3.853604</ele>
        <time>2023-06-17T23:24:03.994Z</time>
      </trkpt>
      <trkpt lat="37.566012" lon="-122.106911">
        <ele>3.847202</ele>
        <time>2023-06-17T23:24:05.994Z</time>
      </trkpt>
      <trkpt lat="37.566060" lon="-122.107064">
        <ele>3.838542</ele>
        <time>2023-06-17T23:24:08.994Z</time>
      </trkpt>
      <trkpt lat="37.566102" lon="-122.107210">
        <ele>3.830367</ele>
        <time>2023-06-17T23:24:11.994Z</time>
      </trkpt>
      <trkpt lat="37.566150" lon="-122.107358">
        <ele>3.821951</ele>
        <time>2023-06-17T23:24:14.994Z</time>
      </trkpt>
      <trkpt lat="37.566198" lon="-122.107512">
        <ele>3.813242</ele>
        <time>2023-06-17T23:24:17.994Z</time>
      </trkpt>
      <trkpt lat="37.566246" lon="-122.107661">
        <ele>3.804777</ele>
        <time>2023-06-17T23:24:20.994Z</time>
      </trkpt>
      <trkpt lat="37.566290" lon="-122.107817">
        <ele>3.796063</ele>
        <time>2023-06-17T23:24:23.994Z</time>
      </trkpt>
      <trkpt lat="37.566340" lon="-122.107964">
        <ele>3.787644</ele>
        <time>2023-06-17T23:24:26.994Z</time>
      </trkpt>
      <trkpt lat="37.566381" lon="-122.108119">
        <ele>3.779044</ele>
        <time>2023-06-17T23:24:29.994Z</time>
      </trkpt>
      <trkpt lat="37.566429" lon="-122.108272">
        <ele>3.770384</ele>
        <time>2023-06-17T23:24:32.994Z</time>
      </trkpt>
      <trkpt lat="37.566465" lon="-122.108380">
        <ele>3.764218</ele>
        <time>2023-06-17T23:24:34.994Z</time>
      </trkpt>
      <trkpt lat="37.566500" lon="-122.108488">
        <ele>3.758077</ele>
        <time>2023-06-17T23:24:36.994Z</time>
      </trkpt>
      <trkpt lat="37.566536" lon="-122.108606">
        <ele>3.751422</ele>
        <time>2023-06-17T23:24:38.994Z</time>
      </trkpt>
      <trkpt lat="37.566576" lon="-122.108718">
        <ele>3.744957</ele>
        <time>2023-06-17T23:24:40.995Z</time>
      </trkpt>
      <trkpt lat="37.566615" lon="-122.108826">
        <ele>3.738711</ele>
        <time>2023-06-17T23:24:42.995Z</time>
      </trkpt>
      <trkpt lat="37.566653" lon="-122.108941">
        <ele>3.732154</ele>
        <time>2023-06-17T23:24:44.994Z</time>
      </trkpt>
      <trkpt lat="37.566683" lon="-122.109054">
        <ele>3.709656</ele>
        <time>2023-06-17T23:24:46.995Z</time>
      </trkpt>
      <trkpt lat="37.566719" lon="-122.109166">
        <ele>3.685274</ele>
        <time>2023-06-17T23:24:48.995Z</time>
      </trkpt>
      <trkpt lat="37.566764" lon="-122.109324">
        <ele>3.651404</ele>
        <time>2023-06-17T23:24:51.995Z</time>
      </trkpt>
      <trkpt lat="37.566801" lon="-122.109436">
        <ele>3.626926</ele>
        <time>2023-06-17T23:24:53.995Z</time>
      </trkpt>
      <trkpt lat="37.566832" lon="-122.109547">
        <ele>3.603184</ele>
        <time>2023-06-17T23:24:55.995Z</time>
      </trkpt>
      <trkpt lat="37.566885" lon="-122.109693">
        <ele>3.570788</ele>
        <time>2023-06-17T23:24:58.995Z</time>
      </trkpt>
      <trkpt lat="37.566929" lon="-122.109840">
        <ele>3.539089</ele>
        <time>2023-06-17T23:25:01.995Z</time>
      </trkpt>
      <trkpt lat="37.566977" lon="-122.109990">
        <ele>3.506455</ele>
        <time>2023-06-17T23:25:04.995Z</time>
      </trkpt>
      <trkpt lat="37.567010" lon="-122.110098">
        <ele>3.483105</ele>
        <time>2023-06-17T23:25:06.995Z</time>
      </trkpt>
      <trkpt lat="37.567058" lon="-122.110251">
        <ele>3.449909</ele>
        <time>2023-06-17T23:25:09.995Z</time>
      </trkpt>
      <trkpt lat="37.567101" lon="-122.110391">
        <ele>3.419620</ele>
        <time>2023-06-17T23:25:12.995Z</time>
      </trkpt>
      <trkpt lat="37.567141" lon="-122.110529">
        <ele>3.389977</ele>
        <time>2023-06-17T23:25:15.995Z</time>
      </trkpt>
      <trkpt lat="37.567188" lon="-122.110670">
        <ele>3.359119</ele>
        <time>2023-06-17T23:25:18.995Z</time>
      </trkpt>
      <trkpt lat="37.567234" lon="-122.110812">
        <ele>3.328173</ele>
        <time>2023-06-17T23:25:21.995Z</time>
      </trkpt>
      <trkpt lat="37.567279" lon="-122.110965">
        <ele>3.295251</ele>
        <time>2023-06-17T23:25:24.995Z</time>
      </trkpt>
      <trkpt lat="37.567325" lon="-122.111105">
        <ele>3.278041</ele>
        <time>2023-06-17T23:25:27.995Z</time>
      </trkpt>
      <trkpt lat="37.567373" lon="-122.111251">
        <ele>3.292702</ele>
        <time>2023-06-17T23:25:30.995Z</time>
      </trkpt>
      <trkpt lat="37.567421" lon="-122.111394">
        <ele>3.307107</ele>
        <time>2023-06-17T23:25:33.995Z</time>
      </trkpt>
      <trkpt lat="37.567470" lon="-122.111543">
        <ele>3.322070</ele>
        <time>2023-06-17T23:25:36.995Z</time>
      </trkpt>
      <trkpt lat="37.567516" lon="-122.111700">
        <ele>3.337596</ele>
        <time>2023-06-17T23:25:39.995Z</time>
      </trkpt>
      <trkpt lat="37.567566" lon="-122.111851">
        <ele>3.352775</ele>
        <time>2023-06-17T23:25:42.995Z</time>
      </trkpt>
      <trkpt lat="37.567612" lon="-122.112003">
        <ele>3.367867</ele>
        <time>2023-06-17T23:25:45.995Z</time>
      </trkpt>
      <trkpt lat="37.567655" lon="-122.112145">
        <ele>3.381967</ele>
        <time>2023-06-17T23:25:48.995Z</time>
      </trkpt>
      <trkpt lat="37.567690" lon="-122.112276">
        <ele>3.394789</ele>
        <time>2023-06-17T23:25:51.995Z</time>
      </trkpt>
      <trkpt lat="37.567737" lon="-122.112407">
        <ele>3.408127</ele>
        <time>2023-06-17T23:25:54.995Z</time>
      </trkpt>
      <trkpt lat="37.567786" lon="-122.112544">
        <ele>3.422069</ele>
        <time>2023-06-17T23:25:57.995Z</time>
      </trkpt>
      <trkpt lat="37.567838" lon="-122.112699">
        <ele>3.437681</ele>
        <time>2023-06-17T23:26:00.995Z</time>
      </trkpt>
      <trkpt lat="37.567888" lon="-122.112854">
        <ele>3.453203</ele>
        <time>2023-06-17T23:26:03.995Z</time>
      </trkpt>
      <trkpt lat="37.567945" lon="-122.113000">
        <ele>3.468299</ele>
        <time>2023-06-17T23:26:06.995Z</time>
      </trkpt>
      <trkpt lat="37.568004" lon="-122.113143">
        <ele>3.483252</ele>
        <time>2023-06-17T23:26:09.995Z</time>
      </trkpt>
      <trkpt lat="37.568060" lon="-122.113288">
        <ele>3.504919</ele>
        <time>2023-06-17T23:26:12.995Z</time>
      </trkpt>
      <trkpt lat="37.568123" lon="-122.113436">
        <ele>3.528018</ele>
        <time>2023-06-17T23:26:15.995Z</time>
      </trkpt>
      <trkpt lat="37.568183" lon="-122.113588">
        <ele>3.551367</ele>
        <time>2023-06-17T23:26:18.995Z</time>
      </trkpt>
      <trkpt lat="37.568242" lon="-122.113737">
        <ele>3.574269</ele>
        <time>2023-06-17T23:26:21.995Z</time>
      </trkpt>
      <trkpt lat="37.568304" lon="-122.113886">
        <ele>3.597409</ele>
        <time>2023-06-17T23:26:24.995Z</time>
      </trkpt>
      <trkpt lat="37.568361" lon="-122.114031">
        <ele>3.619664</ele>
        <time>2023-06-17T23:26:27.995Z</time>
      </trkpt>
      <trkpt lat="37.568419" lon="-122.114177">
        <ele>3.642120</ele>
        <time>2023-06-17T23:26:30.995Z</time>
      </trkpt>
      <trkpt lat="37.568485" lon="-122.114316">
        <ele>3.664399</ele>
        <time>2023-06-17T23:26:33.994Z</time>
      </trkpt>
      <trkpt lat="37.568535" lon="-122.114457">
        <ele>3.685639</ele>
        <time>2023-06-17T23:26:36.994Z</time>
      </trkpt>
      <trkpt lat="37.568591" lon="-122.114594">
        <ele>3.706834</ele>
        <time>2023-06-17T23:26:39.995Z</time>
      </trkpt>
      <trkpt lat="37.568640" lon="-122.114739">
        <ele>3.728508</ele>
        <time>2023-06-17T23:26:42.995Z</time>
      </trkpt>
      <trkpt lat="37.568696" lon="-122.114880">
        <ele>3.750194</ele>
        <time>2023-06-17T23:26:45.994Z</time>
      </trkpt>
      <trkpt lat="37.568754" lon="-122.115022">
        <ele>3.772159</ele>
        <time>2023-06-17T23:26:48.994Z</time>
      </trkpt>
      <trkpt lat="37.568813" lon="-122.115167">
        <ele>3.794571</ele>
        <time>2023-06-17T23:26:51.994Z</time>
      </trkpt>
      <trkpt lat="37.568872" lon="-122.115315">
        <ele>3.786133</ele>
        <time>2023-06-17T23:26:54.994Z</time>
      </trkpt>
      <trkpt lat="37.568934" lon="-122.115456">
        <ele>3.775366</ele>
        <time>2023-06-17T23:26:57.994Z</time>
      </trkpt>
      <trkpt lat="37.568989" lon="-122.115596">
        <ele>3.764932</ele>
        <time>2023-06-17T23:27:00.994Z</time>
      </trkpt>
      <trkpt lat="37.569042" lon="-122.115744">
        <ele>3.754087</ele>
        <time>2023-06-17T23:27:03.994Z</time>
      </trkpt>
      <trkpt lat="37.569105" lon="-122.115890">
        <ele>3.742987</ele>
        <time>2023-06-17T23:27:06.994Z</time>
      </trkpt>
      <trkpt lat="37.569166" lon="-122.116029">
        <ele>3.732377</ele>
        <time>2023-06-17T23:27:09.994Z</time>
      </trkpt>
      <trkpt lat="37.569222" lon="-122.116180">
        <ele>3.721245</ele>
        <time>2023-06-17T23:27:12.994Z</time>
      </trkpt>
      <trkpt lat="37.569279" lon="-122.116322">
        <ele>3.710616</ele>
        <time>2023-06-17T23:27:15.994Z</time>
      </trkpt>
      <trkpt lat="37.569332" lon="-122.116463">
        <ele>3.700196</ele>
        <time>2023-06-17T23:27:18.994Z</time>
      </trkpt>
      <trkpt lat="37.569374" lon="-122.116565">
        <ele>3.692520</ele>
        <time>2023-06-17T23:27:20.994Z</time>
      </trkpt>
      <trkpt lat="37.569416" lon="-122.116666">
        <ele>3.684904</ele>
        <time>2023-06-17T23:27:22.994Z</time>
      </trkpt>
      <trkpt lat="37.569452" lon="-122.116772">
        <ele>3.677204</ele>
        <time>2023-06-17T23:27:24.994Z</time>
      </trkpt>
      <trkpt lat="37.569493" lon="-122.116876">
        <ele>3.669447</ele>
        <time>2023-06-17T23:27:26.994Z</time>
      </trkpt>
      <trkpt lat="37.569552" lon="-122.117026">
        <ele>3.658266</ele>
        <time>2023-06-17T23:27:29.994Z</time>
      </trkpt>
      <trkpt lat="37.569598" lon="-122.117167">
        <ele>3.648084</ele>
        <time>2023-06-17T23:27:32.994Z</time>
      </trkpt>
      <trkpt lat="37.569644" lon="-122.117312">
        <ele>3.644633</ele>
        <time>2023-06-17T23:27:35.994Z</time>
      </trkpt>
      <trkpt lat="37.569694" lon="-122.117462">
        <ele>3.644367</ele>
        <time>2023-06-17T23:27:38.994Z</time>
      </trkpt>
      <trkpt lat="37.569728" lon="-122.117575">
        <ele>3.644170</ele>
        <time>2023-06-17T23:27:40.994Z</time>
      </trkpt>
      <trkpt lat="37.569775" lon="-122.117731">
        <ele>3.643898</ele>
        <time>2023-06-17T23:27:43.994Z</time>
      </trkpt>
      <trkpt lat="37.569815" lon="-122.117889">
        <ele>3.643628</ele>
        <time>2023-06-17T23:27:46.994Z</time>
      </trkpt>
      <trkpt lat="37.569849" lon="-122.117996">
        <ele>3.643440</ele>
        <time>2023-06-17T23:27:48.994Z</time>
      </trkpt>
      <trkpt lat="37.569878" lon="-122.118108">
        <ele>3.643248</ele>
        <time>2023-06-17T23:27:50.994Z</time>
      </trkpt>
      <trkpt lat="37.569899" lon="-122.118225">
        <ele>3.643052</ele>
        <time>2023-06-17T23:27:52.994Z</time>
      </trkpt>
      <trkpt lat="37.569930" lon="-122.118393">
        <ele>3.642771</ele>
        <time>2023-06-17T23:27:55.994Z</time>
      </trkpt>
      <trkpt lat="37.569949" lon="-122.118506">
        <ele>3.642583</ele>
        <time>2023-06-17T23:27:57.994Z</time>
      </trkpt>
      <trkpt lat="37.569964" lon="-122.118624">
        <ele>3.642388</ele>
        <time>2023-06-17T23:27:59.994Z</time>
      </trkpt>
      <trkpt lat="37.569983" lon="-122.118736">
        <ele>3.642201</ele>
        <time>2023-06-17T23:28:01.994Z</time>
      </trkpt>
      <trkpt lat="37.569998" lon="-122.118851">
        <ele>3.642011</ele>
        <time>2023-06-17T23:28:03.994Z</time>
      </trkpt>
      <trkpt lat="37.570018" lon="-122.119018">
        <ele>3.641736</ele>
        <time>2023-06-17T23:28:06.994Z</time>
      </trkpt>
      <trkpt lat="37.570029" lon="-122.119134">
        <ele>3.641546</ele>
        <time>2023-06-17T23:28:08.994Z</time>
      </trkpt>
      <trkpt lat="37.570047" lon="-122.119299">
        <ele>3.641274</ele>
        <time>2023-06-17T23:28:11.994Z</time>
      </trkpt>
      <trkpt lat="37.570054" lon="-122.119467">
        <ele>3.664975</ele>
        <time>2023-06-17T23:28:14.994Z</time>
      </trkpt>
      <trkpt lat="37.570063" lon="-122.119585">
        <ele>3.707608</ele>
        <time>2023-06-17T23:28:16.993Z</time>
      </trkpt>
      <trkpt lat="37.570069" lon="-122.119754">
        <ele>3.768447</ele>
        <time>2023-06-17T23:28:19.993Z</time>
      </trkpt>
      <trkpt lat="37.570071" lon="-122.119919">
        <ele>3.827794</ele>
        <time>2023-06-17T23:28:22.993Z</time>
      </trkpt>
      <trkpt lat="37.570076" lon="-122.120033">
        <ele>3.868854</ele>
        <time>2023-06-17T23:28:24.993Z</time>
      </trkpt>
      <trkpt lat="37.570069" lon="-122.120147">
        <ele>3.909976</ele>
        <time>2023-06-17T23:28:26.993Z</time>
      </trkpt>
      <trkpt lat="37.570063" lon="-122.120264">
        <ele>3.952141</ele>
        <time>2023-06-17T23:28:28.993Z</time>
      </trkpt>
      <trkpt lat="37.570059" lon="-122.120380">
        <ele>3.993898</ele>
        <time>2023-06-17T23:28:30.993Z</time>
      </trkpt>
      <trkpt lat="37.570047" lon="-122.120494">
        <ele>4.035256</ele>
        <time>2023-06-17T23:28:32.993Z</time>
      </trkpt>
      <trkpt lat="37.570043" lon="-122.120613">
        <ele>4.078091</ele>
        <time>2023-06-17T23:28:34.993Z</time>
      </trkpt>
      <trkpt lat="37.570039" lon="-122.120727">
        <ele>4.119129</ele>
        <time>2023-06-17T23:28:36.993Z</time>
      </trkpt>
      <trkpt lat="37.570028" lon="-122.120843">
        <ele>4.161144</ele>
        <time>2023-06-17T23:28:38.993Z</time>
      </trkpt>
      <trkpt lat="37.570018" lon="-122.120958">
        <ele>4.202750</ele>
        <time>2023-06-17T23:28:40.993Z</time>
      </trkpt>
      <trkpt lat="37.570006" lon="-122.121078">
        <ele>4.246248</ele>
        <time>2023-06-17T23:28:42.993Z</time>
      </trkpt>
      <trkpt lat="37.569992" lon="-122.121194">
        <ele>4.288446</ele>
        <time>2023-06-17T23:28:44.995Z</time>
      </trkpt>
      <trkpt lat="37.569974" lon="-122.121307">
        <ele>4.329898</ele>
        <time>2023-06-17T23:28:46.994Z</time>
      </trkpt>
      <trkpt lat="37.569958" lon="-122.121426">
        <ele>4.373305</ele>
        <time>2023-06-17T23:28:48.994Z</time>
      </trkpt>
      <trkpt lat="37.569945" lon="-122.121547">
        <ele>4.417219</ele>
        <time>2023-06-17T23:28:50.995Z</time>
      </trkpt>
      <trkpt lat="37.569927" lon="-122.121667">
        <ele>4.456459</ele>
        <time>2023-06-17T23:28:52.994Z</time>
      </trkpt>
      <trkpt lat="37.569905" lon="-122.121783">
        <ele>4.448218</ele>
        <time>2023-06-17T23:28:54.994Z</time>
      </trkpt>
      <trkpt lat="37.569883" lon="-122.121896">
        <ele>4.440178</ele>
        <time>2023-06-17T23:28:56.994Z</time>
      </trkpt>
      <trkpt lat="37.569858" lon="-122.122015">
        <ele>4.431672</ele>
        <time>2023-06-17T23:28:58.994Z</time>
      </trkpt>
      <trkpt lat="37.569836" lon="-122.122142">
        <ele>4.422690</ele>
        <time>2023-06-17T23:29:00.994Z</time>
      </trkpt>
      <trkpt lat="37.569807" lon="-122.122264">
        <ele>4.413889</ele>
        <time>2023-06-17T23:29:02.994Z</time>
      </trkpt>
      <trkpt lat="37.569773" lon="-122.122392">
        <ele>4.404562</ele>
        <time>2023-06-17T23:29:04.994Z</time>
      </trkpt>
      <trkpt lat="37.569739" lon="-122.122511">
        <ele>4.395821</ele>
        <time>2023-06-17T23:29:06.994Z</time>
      </trkpt>
      <trkpt lat="37.569701" lon="-122.122633">
        <ele>4.386764</ele>
        <time>2023-06-17T23:29:08.994Z</time>
      </trkpt>
      <trkpt lat="37.569666" lon="-122.122748">
        <ele>4.378253</ele>
        <time>2023-06-17T23:29:10.994Z</time>
      </trkpt>
      <trkpt lat="37.569630" lon="-122.122863">
        <ele>4.369710</ele>
        <time>2023-06-17T23:29:12.994Z</time>
      </trkpt>
      <trkpt lat="37.569595" lon="-122.122981">
        <ele>4.361004</ele>
        <time>2023-06-17T23:29:14.994Z</time>
      </trkpt>
      <trkpt lat="37.569554" lon="-122.123095">
        <ele>4.352354</ele>
        <time>2023-06-17T23:29:16.994Z</time>
      </trkpt>
      <trkpt lat="37.569516" lon="-122.123209">
        <ele>4.343809</ele>
        <time>2023-06-17T23:29:18.994Z</time>
      </trkpt>
      <trkpt lat="37.569477" lon="-122.123314">
        <ele>4.335797</ele>
        <time>2023-06-17T23:29:20.994Z</time>
      </trkpt>
      <trkpt lat="37.569437" lon="-122.123419">
        <ele>4.327748</ele>
        <time>2023-06-17T23:29:22.994Z</time>
      </trkpt>
      <trkpt lat="37.569376" lon="-122.123565">
        <ele>4.316344</ele>
        <time>2023-06-17T23:29:25.994Z</time>
      </trkpt>
      <trkpt lat="37.569333" lon="-122.123664">
        <ele>4.308544</ele>
        <time>2023-06-17T23:29:27.994Z</time>
      </trkpt>
      <trkpt lat="37.569282" lon="-122.123761">
        <ele>4.300501</ele>
        <time>2023-06-17T23:29:29.994Z</time>
      </trkpt>
      <trkpt lat="37.569224" lon="-122.123856">
        <ele>4.288090</ele>
        <time>2023-06-17T23:29:31.994Z</time>
      </trkpt>
      <trkpt lat="37.569179" lon="-122.123959">
        <ele>4.275878</ele>
        <time>2023-06-17T23:29:33.994Z</time>
      </trkpt>
      <trkpt lat="37.569132" lon="-122.124061">
        <ele>4.263626</ele>
        <time>2023-06-17T23:29:35.994Z</time>
      </trkpt>
      <trkpt lat="37.569079" lon="-122.124161">
        <ele>4.251135</ele>
        <time>2023-06-17T23:29:37.993Z</time>
      </trkpt>
      <trkpt lat="37.569024" lon="-122.124260">
        <ele>4.238581</ele>
        <time>2023-06-17T23:29:39.993Z</time>
      </trkpt>
      <trkpt lat="37.568965" lon="-122.124352">
        <ele>4.226292</ele>
        <time>2023-06-17T23:29:41.993Z</time>
      </trkpt>
      <trkpt lat="37.568907" lon="-122.124446">
        <ele>4.213922</ele>
        <time>2023-06-17T23:29:43.993Z</time>
      </trkpt>
      <trkpt lat="37.568847" lon="-122.124542">
        <ele>4.201227</ele>
        <time>2023-06-17T23:29:45.993Z</time>
      </trkpt>
      <trkpt lat="37.568787" lon="-122.124644">
        <ele>4.188037</ele>
        <time>2023-06-17T23:29:47.993Z</time>
      </trkpt>
      <trkpt lat="37.568721" lon="-122.124732">
        <ele>4.175457</ele>
        <time>2023-06-17T23:29:49.993Z</time>
      </trkpt>
      <trkpt lat="37.568657" lon="-122.124832">
        <ele>4.162110</ele>
        <time>2023-06-17T23:29:51.993Z</time>
      </trkpt>
      <trkpt lat="37.568582" lon="-122.124921">
        <ele>4.148621</ele>
        <time>2023-06-17T23:29:53.993Z</time>
      </trkpt>
      <trkpt lat="37.568518" lon="-122.125026">
        <ele>4.134867</ele>
        <time>2023-06-17T23:29:55.993Z</time>
      </trkpt>
      <trkpt lat="37.568448" lon="-122.125126">
        <ele>4.121013</ele>
        <time>2023-06-17T23:29:57.993Z</time>
      </trkpt>
      <trkpt lat="37.568375" lon="-122.125221">
        <ele>4.107273</ele>
        <time>2023-06-17T23:29:59.993Z</time>
      </trkpt>
      <trkpt lat="37.568301" lon="-122.125310">
        <ele>4.093879</ele>
        <time>2023-06-17T23:30:01.993Z</time>
      </trkpt>
      <trkpt lat="37.568229" lon="-122.125399">
        <ele>4.080674</ele>
        <time>2023-06-17T23:30:03.993Z</time>
      </trkpt>
      <trkpt lat="37.568153" lon="-122.125482">
        <ele>4.067505</ele>
        <time>2023-06-17T23:30:05.993Z</time>
      </trkpt>
      <trkpt lat="37.568075" lon="-122.125568">
        <ele>4.061332</ele>
        <time>2023-06-17T23:30:07.993Z</time>
      </trkpt>
      <trkpt lat="37.567994" lon="-122.125650">
        <ele>4.057005</ele>
        <time>2023-06-17T23:30:09.993Z</time>
      </trkpt>
      <trkpt lat="37.567916" lon="-122.125734">
        <ele>4.052733</ele>
        <time>2023-06-17T23:30:11.993Z</time>
      </trkpt>
      <trkpt lat="37.567831" lon="-122.125806">
        <ele>4.048468</ele>
        <time>2023-06-17T23:30:13.993Z</time>
      </trkpt>
      <trkpt lat="37.567745" lon="-122.125885">
        <ele>4.044036</ele>
        <time>2023-06-17T23:30:15.993Z</time>
      </trkpt>
      <trkpt lat="37.567660" lon="-122.125963">
        <ele>4.039657</ele>
        <time>2023-06-17T23:30:17.993Z</time>
      </trkpt>
      <trkpt lat="37.567570" lon="-122.126035">
        <ele>4.035218</ele>
        <time>2023-06-17T23:30:19.993Z</time>
      </trkpt>
      <trkpt lat="37.567487" lon="-122.126112">
        <ele>4.030926</ele>
        <time>2023-06-17T23:30:21.993Z</time>
      </trkpt>
      <trkpt lat="37.567394" lon="-122.126180">
        <ele>4.026448</ele>
        <time>2023-06-17T23:30:23.993Z</time>
      </trkpt>
      <trkpt lat="37.567305" lon="-122.126258">
        <ele>4.021933</ele>
        <time>2023-06-17T23:30:25.993Z</time>
      </trkpt>
      <trkpt lat="37.567218" lon="-122.126335">
        <ele>4.017506</ele>
        <time>2023-06-17T23:30:27.993Z</time>
      </trkpt>
      <trkpt lat="37.567126" lon="-122.126404">
        <ele>4.013047</ele>
        <time>2023-06-17T23:30:29.993Z</time>
      </trkpt>
      <trkpt lat="37.567040" lon="-122.126473">
        <ele>4.008801</ele>
        <time>2023-06-17T23:30:31.993Z</time>
      </trkpt>
      <trkpt lat="37.566951" lon="-122.126544">
        <ele>4.004414</ele>
        <time>2023-06-17T23:30:33.993Z</time>
      </trkpt>
      <trkpt lat="37.566866" lon="-122.126620">
        <ele>4.000074</ele>
        <time>2023-06-17T23:30:35.993Z</time>
      </trkpt>
      <trkpt lat="37.566779" lon="-122.126690">
        <ele>3.995776</ele>
        <time>2023-06-17T23:30:37.993Z</time>
      </trkpt>
      <trkpt lat="37.566689" lon="-122.126754">
        <ele>3.991472</ele>
        <time>2023-06-17T23:30:39.993Z</time>
      </trkpt>
      <trkpt lat="37.566608" lon="-122.126832">
        <ele>3.980450</ele>
        <time>2023-06-17T23:30:41.993Z</time>
      </trkpt>
      <trkpt lat="37.566524" lon="-122.126905">
        <ele>3.965225</ele>
        <time>2023-06-17T23:30:43.993Z</time>
      </trkpt>
      <trkpt lat="37.566435" lon="-122.126972">
        <ele>3.949755</ele>
        <time>2023-06-17T23:30:45.993Z</time>
      </trkpt>
      <trkpt lat="37.566350" lon="-122.127040">
        <ele>3.934732</ele>
        <time>2023-06-17T23:30:47.993Z</time>
      </trkpt>
      <trkpt lat="37.566260" lon="-122.127111">
        <ele>3.918888</ele>
        <time>2023-06-17T23:30:49.993Z</time>
      </trkpt>
      <trkpt lat="37.566175" lon="-122.127189">
        <ele>3.903199</ele>
        <time>2023-06-17T23:30:51.994Z</time>
      </trkpt>
      <trkpt lat="37.566087" lon="-122.127256">
        <ele>3.887857</ele>
        <time>2023-06-17T23:30:53.994Z</time>
      </trkpt>
      <trkpt lat="37.565998" lon="-122.127327">
        <ele>3.872140</ele>
        <time>2023-06-17T23:30:55.994Z</time>
      </trkpt>
      <trkpt lat="37.565914" lon="-122.127404">
        <ele>3.856641</ele>
        <time>2023-06-17T23:30:57.994Z</time>
      </trkpt>
      <trkpt lat="37.565830" lon="-122.127473">
        <ele>3.841680</ele>
        <time>2023-06-17T23:30:59.994Z</time>
      </trkpt>
      <trkpt lat="37.565741" lon="-122.127541">
        <ele>3.826149</ele>
        <time>2023-06-17T23:31:01.994Z</time>
      </trkpt>
      <trkpt lat="37.565649" lon="-122.127609">
        <ele>3.810233</ele>
        <time>2023-06-17T23:31:03.994Z</time>
      </trkpt>
      <trkpt lat="37.565566" lon="-122.127689">
        <ele>3.794643</ele>
        <time>2023-06-17T23:31:05.994Z</time>
      </trkpt>
      <trkpt lat="37.565482" lon="-122.127761">
        <ele>3.779484</ele>
        <time>2023-06-17T23:31:07.994Z</time>
      </trkpt>
      <trkpt lat="37.565397" lon="-122.127831">
        <ele>3.764333</ele>
        <time>2023-06-17T23:31:09.994Z</time>
      </trkpt>
      <trkpt lat="37.565302" lon="-122.127900">
        <ele>3.747971</ele>
        <time>2023-06-17T23:31:11.994Z</time>
      </trkpt>
      <trkpt lat="37.565212" lon="-122.127971">
        <ele>3.732127</ele>
        <time>2023-06-17T23:31:13.994Z</time>
      </trkpt>
      <trkpt lat="37.565119" lon="-122.128044">
        <ele>3.713671</ele>
        <time>2023-06-17T23:31:15.994Z</time>
      </trkpt>
      <trkpt lat="37.565029" lon="-122.128119">
        <ele>3.691516</ele>
        <time>2023-06-17T23:31:17.994Z</time>
      </trkpt>
      <trkpt lat="37.564940" lon="-122.128195">
        <ele>3.669441</ele>
        <time>2023-06-17T23:31:19.994Z</time>
      </trkpt>
      <trkpt lat="37.564851" lon="-122.128268">
        <ele>3.647636</ele>
        <time>2023-06-17T23:31:21.994Z</time>
      </trkpt>
      <trkpt lat="37.564768" lon="-122.128341">
        <ele>3.626853</ele>
        <time>2023-06-17T23:31:23.994Z</time>
      </trkpt>
      <trkpt lat="37.564681" lon="-122.128413">
        <ele>3.605481</ele>
        <time>2023-06-17T23:31:25.994Z</time>
      </trkpt>
      <trkpt lat="37.564593" lon="-122.128478">
        <ele>3.584535</ele>
        <time>2023-06-17T23:31:27.994Z</time>
      </trkpt>
      <trkpt lat="37.564511" lon="-122.128556">
        <ele>3.563440</ele>
        <time>2023-06-17T23:31:29.994Z</time>
      </trkpt>
      <trkpt lat="37.564425" lon="-122.128624">
        <ele>3.542593</ele>
        <time>2023-06-17T23:31:31.994Z</time>
      </trkpt>
      <trkpt lat="37.564338" lon="-122.128692">
        <ele>3.521571</ele>
        <time>2023-06-17T23:31:33.994Z</time>
      </trkpt>
      <trkpt lat="37.564258" lon="-122.128758">
        <ele>3.501937</ele>
        <time>2023-06-17T23:31:35.994Z</time>
      </trkpt>
      <trkpt lat="37.564184" lon="-122.128825">
        <ele>3.483227</ele>
        <time>2023-06-17T23:31:37.994Z</time>
      </trkpt>
      <trkpt lat="37.564106" lon="-122.128883">
        <ele>3.464630</ele>
        <time>2023-06-17T23:31:39.994Z</time>
      </trkpt>
      <trkpt lat="37.564027" lon="-122.128952">
        <ele>3.444893</ele>
        <time>2023-06-17T23:31:41.994Z</time>
      </trkpt>
      <trkpt lat="37.563947" lon="-122.129010">
        <ele>3.425941</ele>
        <time>2023-06-17T23:31:43.994Z</time>
      </trkpt>
      <trkpt lat="37.563873" lon="-122.129078">
        <ele>3.407136</ele>
        <time>2023-06-17T23:31:45.994Z</time>
      </trkpt>
      <trkpt lat="37.563756" lon="-122.129151">
        <ele>3.380325</ele>
        <time>2023-06-17T23:31:48.994Z</time>
      </trkpt>
      <trkpt lat="37.563651" lon="-122.129205">
        <ele>3.357034</ele>
        <time>2023-06-17T23:31:51.994Z</time>
      </trkpt>
      <trkpt lat="37.563556" lon="-122.129270">
        <ele>3.363401</ele>
        <time>2023-06-17T23:31:54.994Z</time>
      </trkpt>
      <trkpt lat="37.563430" lon="-122.129190">
        <ele>3.382847</ele>
        <time>2023-06-17T23:44:26.945Z</time>
      </trkpt>
      <trkpt lat="37.563355" lon="-122.129110">
        <ele>3.396387</ele>
        <time>2023-06-17T23:44:30.945Z</time>
      </trkpt>
      <trkpt lat="37.563257" lon="-122.129073">
        <ele>3.410489</ele>
        <time>2023-06-17T23:44:33.945Z</time>
      </trkpt>
      <trkpt lat="37.563148" lon="-122.129018">
        <ele>3.426673</ele>
        <time>2023-06-17T23:44:36.945Z</time>
      </trkpt>
      <trkpt lat="37.563033" lon="-122.128959">
        <ele>3.443788</ele>
        <time>2023-06-17T23:44:39.945Z</time>
      </trkpt>
      <trkpt lat="37.562923" lon="-122.128924">
        <ele>3.459427</ele>
        <time>2023-06-17T23:44:42.945Z</time>
      </trkpt>
      <trkpt lat="37.562806" lon="-122.128879">
        <ele>3.476289</ele>
        <time>2023-06-17T23:44:45.945Z</time>
      </trkpt>
      <trkpt lat="37.562719" lon="-122.128843">
        <ele>3.488912</ele>
        <time>2023-06-17T23:44:47.945Z</time>
      </trkpt>
      <trkpt lat="37.562624" lon="-122.128809">
        <ele>3.502525</ele>
        <time>2023-06-17T23:44:49.944Z</time>
      </trkpt>
      <trkpt lat="37.562511" lon="-122.128778">
        <ele>3.518467</ele>
        <time>2023-06-17T23:44:51.944Z</time>
      </trkpt>
      <trkpt lat="37.562392" lon="-122.128738">
        <ele>3.535445</ele>
        <time>2023-06-17T23:44:53.944Z</time>
      </trkpt>
      <trkpt lat="37.562264" lon="-122.128702">
        <ele>3.553524</ele>
        <time>2023-06-17T23:44:55.944Z</time>
      </trkpt>
      <trkpt lat="37.562127" lon="-122.128665">
        <ele>3.572839</ele>
        <time>2023-06-17T23:44:57.944Z</time>
      </trkpt>
      <trkpt lat="37.561982" lon="-122.128628">
        <ele>3.593233</ele>
        <time>2023-06-17T23:44:59.944Z</time>
      </trkpt>
      <trkpt lat="37.561841" lon="-122.128597">
        <ele>3.601882</ele>
        <time>2023-06-17T23:45:01.944Z</time>
      </trkpt>
      <trkpt lat="37.561698" lon="-122.128584">
        <ele>3.604898</ele>
        <time>2023-06-17T23:45:03.944Z</time>
      </trkpt>
      <trkpt lat="37.561556" lon="-122.128564">
        <ele>3.607903</ele>
        <time>2023-06-17T23:45:05.944Z</time>
      </trkpt>
      <trkpt lat="37.561417" lon="-122.128529">
        <ele>3.610885</ele>
        <time>2023-06-17T23:45:07.944Z</time>
      </trkpt>
      <trkpt lat="37.561286" lon="-122.128473">
        <ele>3.613794</ele>
        <time>2023-06-17T23:45:09.944Z</time>
      </trkpt>
      <trkpt lat="37.561159" lon="-122.128402">
        <ele>3.616716</ele>
        <time>2023-06-17T23:45:11.944Z</time>
      </trkpt>
      <trkpt lat="37.561039" lon="-122.128328">
        <ele>3.619525</ele>
        <time>2023-06-17T23:45:13.944Z</time>
      </trkpt>
      <trkpt lat="37.560917" lon="-122.128261">
        <ele>3.622324</ele>
        <time>2023-06-17T23:45:15.944Z</time>
      </trkpt>
      <trkpt lat="37.560791" lon="-122.128191">
        <ele>3.625220</ele>
        <time>2023-06-17T23:45:17.944Z</time>
      </trkpt>
      <trkpt lat="37.560666" lon="-122.128122">
        <ele>3.628090</ele>
        <time>2023-06-17T23:45:19.944Z</time>
      </trkpt>
      <trkpt lat="37.560548" lon="-122.128050">
        <ele>3.630847</ele>
        <time>2023-06-17T23:45:21.944Z</time>
      </trkpt>
      <trkpt lat="37.560426" lon="-122.127977">
        <ele>3.633687</ele>
        <time>2023-06-17T23:45:23.944Z</time>
      </trkpt>
      <trkpt lat="37.560299" lon="-122.127898">
        <ele>3.636666</ele>
        <time>2023-06-17T23:45:25.944Z</time>
      </trkpt>
      <trkpt lat="37.560168" lon="-122.127820">
        <ele>3.616056</ele>
        <time>2023-06-17T23:45:27.944Z</time>
      </trkpt>
      <trkpt lat="37.560041" lon="-122.127746">
        <ele>3.584072</ele>
        <time>2023-06-17T23:45:29.944Z</time>
      </trkpt>
      <trkpt lat="37.559916" lon="-122.127669">
        <ele>3.552268</ele>
        <time>2023-06-17T23:45:31.944Z</time>
      </trkpt>
      <trkpt lat="37.559789" lon="-122.127592">
        <ele>3.520053</ele>
        <time>2023-06-17T23:45:33.943Z</time>
      </trkpt>
      <trkpt lat="37.559661" lon="-122.127519">
        <ele>3.487937</ele>
        <time>2023-06-17T23:45:35.944Z</time>
      </trkpt>
      <trkpt lat="37.559538" lon="-122.127443">
        <ele>3.456623</ele>
        <time>2023-06-17T23:45:37.943Z</time>
      </trkpt>
      <trkpt lat="37.559412" lon="-122.127362">
        <ele>3.424291</ele>
        <time>2023-06-17T23:45:39.943Z</time>
      </trkpt>
      <trkpt lat="37.559292" lon="-122.127275">
        <ele>3.392647</ele>
        <time>2023-06-17T23:45:41.943Z</time>
      </trkpt>
      <trkpt lat="37.559170" lon="-122.127195">
        <ele>3.361211</ele>
        <time>2023-06-17T23:45:43.943Z</time>
      </trkpt>
      <trkpt lat="37.559041" lon="-122.127127">
        <ele>3.329247</ele>
        <time>2023-06-17T23:45:45.943Z</time>
      </trkpt>
      <trkpt lat="37.558916" lon="-122.127044">
        <ele>3.296951</ele>
        <time>2023-06-17T23:45:47.943Z</time>
      </trkpt>
      <trkpt lat="37.558786" lon="-122.126969">
        <ele>3.264268</ele>
        <time>2023-06-17T23:45:49.943Z</time>
      </trkpt>
      <trkpt lat="37.558656" lon="-122.126892">
        <ele>3.231433</ele>
        <time>2023-06-17T23:45:51.943Z</time>
      </trkpt>
      <trkpt lat="37.558527" lon="-122.126818">
        <ele>3.253652</ele>
        <time>2023-06-17T23:45:53.943Z</time>
      </trkpt>
      <trkpt lat="37.558399" lon="-122.126743">
        <ele>3.285555</ele>
        <time>2023-06-17T23:45:55.943Z</time>
      </trkpt>
      <trkpt lat="37.558274" lon="-122.126659">
        <ele>3.317569</ele>
        <time>2023-06-17T23:45:57.943Z</time>
      </trkpt>
      <trkpt lat="37.558144" lon="-122.126580">
        <ele>3.350187</ele>
        <time>2023-06-17T23:45:59.943Z</time>
      </trkpt>
      <trkpt lat="37.558018" lon="-122.126504">
        <ele>3.381757</ele>
        <time>2023-06-17T23:46:01.943Z</time>
      </trkpt>
      <trkpt lat="37.557887" lon="-122.126436">
        <ele>3.413778</ele>
        <time>2023-06-17T23:46:03.943Z</time>
      </trkpt>
      <trkpt lat="37.557762" lon="-122.126353">
        <ele>3.445709</ele>
        <time>2023-06-17T23:46:05.943Z</time>
      </trkpt>
      <trkpt lat="37.557632" lon="-122.126288">
        <ele>3.477319</ele>
        <time>2023-06-17T23:46:07.943Z</time>
      </trkpt>
      <trkpt lat="37.557505" lon="-122.126209">
        <ele>3.509327</ele>
        <time>2023-06-17T23:46:09.943Z</time>
      </trkpt>
      <trkpt lat="37.557376" lon="-122.126130">
        <ele>3.541741</ele>
        <time>2023-06-17T23:46:11.943Z</time>
      </trkpt>
      <trkpt lat="37.557248" lon="-122.126044">
        <ele>3.574523</ele>
        <time>2023-06-17T23:46:13.943Z</time>
      </trkpt>
      <trkpt lat="37.557120" lon="-122.125961">
        <ele>3.607056</ele>
        <time>2023-06-17T23:46:15.943Z</time>
      </trkpt>
      <trkpt lat="37.556993" lon="-122.125882">
        <ele>3.633056</ele>
        <time>2023-06-17T23:46:17.943Z</time>
      </trkpt>
      <trkpt lat="37.556866" lon="-122.125802">
        <ele>3.632981</ele>
        <time>2023-06-17T23:46:19.943Z</time>
      </trkpt>
      <trkpt lat="37.556738" lon="-122.125725">
        <ele>3.632906</ele>
        <time>2023-06-17T23:46:21.943Z</time>
      </trkpt>
      <trkpt lat="37.556607" lon="-122.125651">
        <ele>3.632829</ele>
        <time>2023-06-17T23:46:23.943Z</time>
      </trkpt>
      <trkpt lat="37.556478" lon="-122.125579">
        <ele>3.632754</ele>
        <time>2023-06-17T23:46:25.943Z</time>
      </trkpt>
      <trkpt lat="37.556347" lon="-122.125504">
        <ele>3.632678</ele>
        <time>2023-06-17T23:46:27.943Z</time>
      </trkpt>
      <trkpt lat="37.556223" lon="-122.125429">
        <ele>3.632605</ele>
        <time>2023-06-17T23:46:29.943Z</time>
      </trkpt>
      <trkpt lat="37.556099" lon="-122.125352">
        <ele>3.632531</ele>
        <time>2023-06-17T23:46:31.943Z</time>
      </trkpt>
      <trkpt lat="37.555973" lon="-122.125274">
        <ele>3.632457</ele>
        <time>2023-06-17T23:46:33.942Z</time>
      </trkpt>
      <trkpt lat="37.555850" lon="-122.125202">
        <ele>3.632385</ele>
        <time>2023-06-17T23:46:35.942Z</time>
      </trkpt>
      <trkpt lat="37.555728" lon="-122.125128">
        <ele>3.632313</ele>
        <time>2023-06-17T23:46:37.942Z</time>
      </trkpt>
      <trkpt lat="37.555607" lon="-122.125056">
        <ele>3.632242</ele>
        <time>2023-06-17T23:46:39.942Z</time>
      </trkpt>
      <trkpt lat="37.555484" lon="-122.124978">
        <ele>3.632169</ele>
        <time>2023-06-17T23:46:41.942Z</time>
      </trkpt>
      <trkpt lat="37.555357" lon="-122.124907">
        <ele>3.628435</ele>
        <time>2023-06-17T23:46:43.942Z</time>
      </trkpt>
      <trkpt lat="37.555231" lon="-122.124831">
        <ele>3.614739</ele>
        <time>2023-06-17T23:46:45.942Z</time>
      </trkpt>
      <trkpt lat="37.555112" lon="-122.124746">
        <ele>3.601328</ele>
        <time>2023-06-17T23:46:47.942Z</time>
      </trkpt>
      <trkpt lat="37.554987" lon="-122.124654">
        <ele>3.587136</ele>
        <time>2023-06-17T23:46:49.942Z</time>
      </trkpt>
      <trkpt lat="37.554862" lon="-122.124577">
        <ele>3.573494</ele>
        <time>2023-06-17T23:46:51.942Z</time>
      </trkpt>
      <trkpt lat="37.554733" lon="-122.124497">
        <ele>3.559397</ele>
        <time>2023-06-17T23:46:53.942Z</time>
      </trkpt>
      <trkpt lat="37.554598" lon="-122.124431">
        <ele>3.545198</ele>
        <time>2023-06-17T23:46:55.942Z</time>
      </trkpt>
      <trkpt lat="37.554467" lon="-122.124362">
        <ele>3.531276</ele>
        <time>2023-06-17T23:46:57.942Z</time>
      </trkpt>
      <trkpt lat="37.554340" lon="-122.124285">
        <ele>3.517458</ele>
        <time>2023-06-17T23:46:59.942Z</time>
      </trkpt>
      <trkpt lat="37.554210" lon="-122.124210">
        <ele>3.503439</ele>
        <time>2023-06-17T23:47:01.942Z</time>
      </trkpt>
      <trkpt lat="37.554085" lon="-122.124129">
        <ele>3.489658</ele>
        <time>2023-06-17T23:47:03.942Z</time>
      </trkpt>
      <trkpt lat="37.553963" lon="-122.124051">
        <ele>3.476245</ele>
        <time>2023-06-17T23:47:05.942Z</time>
      </trkpt>
      <trkpt lat="37.553841" lon="-122.123969">
        <ele>3.462688</ele>
        <time>2023-06-17T23:47:07.942Z</time>
      </trkpt>
      <trkpt lat="37.553712" lon="-122.123892">
        <ele>3.459591</ele>
        <time>2023-06-17T23:47:09.942Z</time>
      </trkpt>
      <trkpt lat="37.553582" lon="-122.123820">
        <ele>3.467236</ele>
        <time>2023-06-17T23:47:11.942Z</time>
      </trkpt>
      <trkpt lat="37.553454" lon="-122.123745">
        <ele>3.474836</ele>
        <time>2023-06-17T23:47:13.942Z</time>
      </trkpt>
      <trkpt lat="37.553328" lon="-122.123671">
        <ele>3.482320</ele>
        <time>2023-06-17T23:47:15.942Z</time>
      </trkpt>
      <trkpt lat="37.553199" lon="-122.123592">
        <ele>3.490041</ele>
        <time>2023-06-17T23:47:17.942Z</time>
      </trkpt>
      <trkpt lat="37.553068" lon="-122.123513">
        <ele>3.497860</ele>
        <time>2023-06-17T23:47:19.942Z</time>
      </trkpt>
      <trkpt lat="37.552938" lon="-122.123433">
        <ele>3.505649</ele>
        <time>2023-06-17T23:47:21.942Z</time>
      </trkpt>
      <trkpt lat="37.552807" lon="-122.123354">
        <ele>3.513467</ele>
        <time>2023-06-17T23:47:23.941Z</time>
      </trkpt>
      <trkpt lat="37.552677" lon="-122.123276">
        <ele>3.521219</ele>
        <time>2023-06-17T23:47:25.941Z</time>
      </trkpt>
      <trkpt lat="37.552550" lon="-122.123201">
        <ele>3.528770</ele>
        <time>2023-06-17T23:47:27.941Z</time>
      </trkpt>
      <trkpt lat="37.552425" lon="-122.123127">
        <ele>3.536205</ele>
        <time>2023-06-17T23:47:29.941Z</time>
      </trkpt>
      <trkpt lat="37.552301" lon="-122.123047">
        <ele>3.543705</ele>
        <time>2023-06-17T23:47:31.941Z</time>
      </trkpt>
      <trkpt lat="37.552172" lon="-122.122970">
        <ele>3.551390</ele>
        <time>2023-06-17T23:47:33.941Z</time>
      </trkpt>
      <trkpt lat="37.552045" lon="-122.122893">
        <ele>3.543485</ele>
        <time>2023-06-17T23:47:35.941Z</time>
      </trkpt>
      <trkpt lat="37.551922" lon="-122.122807">
        <ele>3.532722</ele>
        <time>2023-06-17T23:47:37.941Z</time>
      </trkpt>
      <trkpt lat="37.551799" lon="-122.122728">
        <ele>3.522158</ele>
        <time>2023-06-17T23:47:39.942Z</time>
      </trkpt>
      <trkpt lat="37.551672" lon="-122.122651">
        <ele>3.511374</ele>
        <time>2023-06-17T23:47:41.942Z</time>
      </trkpt>
      <trkpt lat="37.551548" lon="-122.122575">
        <ele>3.500823</ele>
        <time>2023-06-17T23:47:43.941Z</time>
      </trkpt>
      <trkpt lat="37.551423" lon="-122.122504">
        <ele>3.490331</ele>
        <time>2023-06-17T23:47:45.941Z</time>
      </trkpt>
      <trkpt lat="37.551297" lon="-122.122433">
        <ele>3.479770</ele>
        <time>2023-06-17T23:47:47.942Z</time>
      </trkpt>
      <trkpt lat="37.551174" lon="-122.122363">
        <ele>3.469443</ele>
        <time>2023-06-17T23:47:49.941Z</time>
      </trkpt>
      <trkpt lat="37.551051" lon="-122.122299">
        <ele>3.459260</ele>
        <time>2023-06-17T23:47:51.942Z</time>
      </trkpt>
      <trkpt lat="37.550928" lon="-122.122235">
        <ele>3.449077</ele>
        <time>2023-06-17T23:47:53.942Z</time>
      </trkpt>
      <trkpt lat="37.550807" lon="-122.122166">
        <ele>3.438914</ele>
        <time>2023-06-17T23:47:55.942Z</time>
      </trkpt>
      <trkpt lat="37.550696" lon="-122.122082">
        <ele>3.429007</ele>
        <time>2023-06-17T23:47:57.941Z</time>
      </trkpt>
      <trkpt lat="37.550588" lon="-122.121980">
        <ele>3.418681</ele>
        <time>2023-06-17T23:47:59.941Z</time>
      </trkpt>
      <trkpt lat="37.550456" lon="-122.121923">
        <ele>3.401486</ele>
        <time>2023-06-17T23:48:01.941Z</time>
      </trkpt>
      <trkpt lat="37.550330" lon="-122.121864">
        <ele>3.381513</ele>
        <time>2023-06-17T23:48:03.941Z</time>
      </trkpt>
      <trkpt lat="37.550205" lon="-122.121794">
        <ele>3.361189</ele>
        <time>2023-06-17T23:48:05.941Z</time>
      </trkpt>
      <trkpt lat="37.550085" lon="-122.121711">
        <ele>3.340851</ele>
        <time>2023-06-17T23:48:07.941Z</time>
      </trkpt>
      <trkpt lat="37.549958" lon="-122.121641">
        <ele>3.320255</ele>
        <time>2023-06-17T23:48:09.941Z</time>
      </trkpt>
      <trkpt lat="37.549835" lon="-122.121564">
        <ele>3.299849</ele>
        <time>2023-06-17T23:48:11.941Z</time>
      </trkpt>
      <trkpt lat="37.549710" lon="-122.121483">
        <ele>3.278966</ele>
        <time>2023-06-17T23:48:13.941Z</time>
      </trkpt>
      <trkpt lat="37.549589" lon="-122.121404">
        <ele>3.258719</ele>
        <time>2023-06-17T23:48:15.941Z</time>
      </trkpt>
      <trkpt lat="37.549469" lon="-122.121332">
        <ele>3.238971</ele>
        <time>2023-06-17T23:48:17.941Z</time>
      </trkpt>
      <trkpt lat="37.549342" lon="-122.121252">
        <ele>3.217876</ele>
        <time>2023-06-17T23:48:19.941Z</time>
      </trkpt>
      <trkpt lat="37.549212" lon="-122.121168">
        <ele>3.196170</ele>
        <time>2023-06-17T23:48:21.941Z</time>
      </trkpt>
      <trkpt lat="37.549087" lon="-122.121084">
        <ele>3.175123</ele>
        <time>2023-06-17T23:48:23.941Z</time>
      </trkpt>
      <trkpt lat="37.548959" lon="-122.121011">
        <ele>3.154247</ele>
        <time>2023-06-17T23:48:25.941Z</time>
      </trkpt>
      <trkpt lat="37.548833" lon="-122.120930">
        <ele>3.134365</ele>
        <time>2023-06-17T23:48:27.941Z</time>
      </trkpt>
      <trkpt lat="37.548705" lon="-122.120849">
        <ele>3.114758</ele>
        <time>2023-06-17T23:48:29.941Z</time>
      </trkpt>
      <trkpt lat="37.548584" lon="-122.120772">
        <ele>3.096202</ele>
        <time>2023-06-17T23:48:31.941Z</time>
      </trkpt>
      <trkpt lat="37.548458" lon="-122.120701">
        <ele>3.077307</ele>
        <time>2023-06-17T23:48:33.941Z</time>
      </trkpt>
      <trkpt lat="37.548334" lon="-122.120627">
        <ele>3.058525</ele>
        <time>2023-06-17T23:48:35.941Z</time>
      </trkpt>
      <trkpt lat="37.548204" lon="-122.120555">
        <ele>3.039086</ele>
        <time>2023-06-17T23:48:37.941Z</time>
      </trkpt>
      <trkpt lat="37.548081" lon="-122.120478">
        <ele>3.020285</ele>
        <time>2023-06-17T23:48:39.941Z</time>
      </trkpt>
      <trkpt lat="37.547954" lon="-122.120408">
        <ele>3.001310</ele>
        <time>2023-06-17T23:48:41.941Z</time>
      </trkpt>
      <trkpt lat="37.547837" lon="-122.120328">
        <ele>2.983088</ele>
        <time>2023-06-17T23:48:43.941Z</time>
      </trkpt>
      <trkpt lat="37.547711" lon="-122.120254">
        <ele>2.964058</ele>
        <time>2023-06-17T23:48:45.941Z</time>
      </trkpt>
      <trkpt lat="37.547588" lon="-122.120190">
        <ele>2.945841</ele>
        <time>2023-06-17T23:48:47.940Z</time>
      </trkpt>
      <trkpt lat="37.547472" lon="-122.120116">
        <ele>2.928043</ele>
        <time>2023-06-17T23:48:49.940Z</time>
      </trkpt>
      <trkpt lat="37.547358" lon="-122.120050">
        <ele>2.910869</ele>
        <time>2023-06-17T23:48:51.940Z</time>
      </trkpt>
      <trkpt lat="37.547256" lon="-122.119982">
        <ele>2.883943</ele>
        <time>2023-06-17T23:48:53.940Z</time>
      </trkpt>
      <trkpt lat="37.547155" lon="-122.119917">
        <ele>2.841015</ele>
        <time>2023-06-17T23:48:55.940Z</time>
      </trkpt>
      <trkpt lat="37.547057" lon="-122.119852">
        <ele>2.799096</ele>
        <time>2023-06-17T23:48:57.940Z</time>
      </trkpt>
      <trkpt lat="37.546960" lon="-122.119810">
        <ele>2.760269</ele>
        <time>2023-06-17T23:48:59.940Z</time>
      </trkpt>
      <trkpt lat="37.546866" lon="-122.119767">
        <ele>2.722413</ele>
        <time>2023-06-17T23:49:01.940Z</time>
      </trkpt>
      <trkpt lat="37.546771" lon="-122.119732">
        <ele>2.684944</ele>
        <time>2023-06-17T23:49:04.940Z</time>
      </trkpt>
      <trkpt lat="37.546730" lon="-122.119484">
        <ele>2.608901</ele>
        <time>2023-06-17T23:49:36.939Z</time>
      </trkpt>
      <trkpt lat="37.546712" lon="-122.119356">
        <ele>2.569880</ele>
        <time>2023-06-17T23:49:39.939Z</time>
      </trkpt>
      <trkpt lat="37.546693" lon="-122.119225">
        <ele>2.529905</ele>
        <time>2023-06-17T23:49:42.939Z</time>
      </trkpt>
      <trkpt lat="37.546660" lon="-122.119087">
        <ele>2.486639</ele>
        <time>2023-06-17T23:49:45.940Z</time>
      </trkpt>
      <trkpt lat="37.546598" lon="-122.118962">
        <ele>2.442381</ele>
        <time>2023-06-17T23:49:48.939Z</time>
      </trkpt>
      <trkpt lat="37.546548" lon="-122.118824">
        <ele>2.396837</ele>
        <time>2023-06-17T23:49:51.940Z</time>
      </trkpt>
      <trkpt lat="37.546512" lon="-122.118678">
        <ele>2.350942</ele>
        <time>2023-06-17T23:49:54.940Z</time>
      </trkpt>
      <trkpt lat="37.546486" lon="-122.118519">
        <ele>2.302211</ele>
        <time>2023-06-17T23:49:57.939Z</time>
      </trkpt>
      <trkpt lat="37.546471" lon="-122.118349">
        <ele>2.250867</ele>
        <time>2023-06-17T23:50:00.939Z</time>
      </trkpt>
      <trkpt lat="37.546467" lon="-122.118235">
        <ele>2.221282</ele>
        <time>2023-06-17T23:50:02.939Z</time>
      </trkpt>
      <trkpt lat="37.546463" lon="-122.118118">
        <ele>2.229137</ele>
        <time>2023-06-17T23:50:04.939Z</time>
      </trkpt>
      <trkpt lat="37.546469" lon="-122.117954">
        <ele>2.240148</ele>
        <time>2023-06-17T23:50:07.939Z</time>
      </trkpt>
      <trkpt lat="37.546472" lon="-122.117790">
        <ele>2.251151</ele>
        <time>2023-06-17T23:50:10.939Z</time>
      </trkpt>
      <trkpt lat="37.546474" lon="-122.117626">
        <ele>2.262152</ele>
        <time>2023-06-17T23:50:13.939Z</time>
      </trkpt>
      <trkpt lat="37.546475" lon="-122.117510">
        <ele>2.269933</ele>
        <time>2023-06-17T23:50:15.939Z</time>
      </trkpt>
      <trkpt lat="37.546473" lon="-122.117392">
        <ele>2.277849</ele>
        <time>2023-06-17T23:50:17.939Z</time>
      </trkpt>
      <trkpt lat="37.546469" lon="-122.117276">
        <ele>2.285637</ele>
        <time>2023-06-17T23:50:19.939Z</time>
      </trkpt>
      <trkpt lat="37.546468" lon="-122.117108">
        <ele>2.296905</ele>
        <time>2023-06-17T23:50:22.939Z</time>
      </trkpt>
      <trkpt lat="37.546468" lon="-122.116994">
        <ele>2.304551</ele>
        <time>2023-06-17T23:50:24.939Z</time>
      </trkpt>
      <trkpt lat="37.546469" lon="-122.116825">
        <ele>2.315887</ele>
        <time>2023-06-17T23:50:27.938Z</time>
      </trkpt>
      <trkpt lat="37.546464" lon="-122.116710">
        <ele>2.323612</ele>
        <time>2023-06-17T23:50:29.938Z</time>
      </trkpt>
      <trkpt lat="37.546456" lon="-122.116543">
        <ele>2.334833</ele>
        <time>2023-06-17T23:50:32.938Z</time>
      </trkpt>
      <trkpt lat="37.546455" lon="-122.116383">
        <ele>2.345565</ele>
        <time>2023-06-17T23:50:35.938Z</time>
      </trkpt>
      <trkpt lat="37.546442" lon="-122.116224">
        <ele>2.356286</ele>
        <time>2023-06-17T23:50:38.938Z</time>
      </trkpt>
      <trkpt lat="37.546444" lon="-122.116056">
        <ele>2.367555</ele>
        <time>2023-06-17T23:50:41.938Z</time>
      </trkpt>
      <trkpt lat="37.546459" lon="-122.115925">
        <ele>2.367657</ele>
        <time>2023-06-17T23:50:43.938Z</time>
      </trkpt>
      <trkpt lat="37.546462" lon="-122.115790">
        <ele>2.356054</ele>
        <time>2023-06-17T23:50:45.938Z</time>
      </trkpt>
      <trkpt lat="37.546459" lon="-122.115656">
        <ele>2.344536</ele>
        <time>2023-06-17T23:50:47.938Z</time>
      </trkpt>
      <trkpt lat="37.546464" lon="-122.115523">
        <ele>2.333096</ele>
        <time>2023-06-17T23:50:49.938Z</time>
      </trkpt>
      <trkpt lat="37.546468" lon="-122.115386">
        <ele>2.321317</ele>
        <time>2023-06-17T23:50:51.938Z</time>
      </trkpt>
      <trkpt lat="37.546471" lon="-122.115245">
        <ele>2.309198</ele>
        <time>2023-06-17T23:50:53.938Z</time>
      </trkpt>
      <trkpt lat="37.546475" lon="-122.115103">
        <ele>2.296990</ele>
        <time>2023-06-17T23:50:55.938Z</time>
      </trkpt>
      <trkpt lat="37.546482" lon="-122.114962">
        <ele>2.284851</ele>
        <time>2023-06-17T23:50:57.938Z</time>
      </trkpt>
      <trkpt lat="37.546480" lon="-122.114817">
        <ele>2.272391</ele>
        <time>2023-06-17T23:50:59.938Z</time>
      </trkpt>
      <trkpt lat="37.546478" lon="-122.114678">
        <ele>2.260446</ele>
        <time>2023-06-17T23:51:01.938Z</time>
      </trkpt>
      <trkpt lat="37.546468" lon="-122.114540">
        <ele>2.248540</ele>
        <time>2023-06-17T23:51:03.938Z</time>
      </trkpt>
      <trkpt lat="37.546459" lon="-122.114405">
        <ele>2.236900</ele>
        <time>2023-06-17T23:51:05.938Z</time>
      </trkpt>
      <trkpt lat="37.546455" lon="-122.114267">
        <ele>2.225035</ele>
        <time>2023-06-17T23:51:07.938Z</time>
      </trkpt>
      <trkpt lat="37.546455" lon="-122.114123">
        <ele>2.212663</ele>
        <time>2023-06-17T23:51:09.938Z</time>
      </trkpt>
      <trkpt lat="37.546454" lon="-122.113977">
        <ele>2.200118</ele>
        <time>2023-06-17T23:51:11.938Z</time>
      </trkpt>
      <trkpt lat="37.546452" lon="-122.113833">
        <ele>2.187744</ele>
        <time>2023-06-17T23:51:13.938Z</time>
      </trkpt>
      <trkpt lat="37.546455" lon="-122.113689">
        <ele>2.179488</ele>
        <time>2023-06-17T23:51:15.937Z</time>
      </trkpt>
      <trkpt lat="37.546458" lon="-122.113545">
        <ele>2.189229</ele>
        <time>2023-06-17T23:51:17.937Z</time>
      </trkpt>
      <trkpt lat="37.546452" lon="-122.113398">
        <ele>2.199183</ele>
        <time>2023-06-17T23:51:19.937Z</time>
      </trkpt>
      <trkpt lat="37.546456" lon="-122.113248">
        <ele>2.209333</ele>
        <time>2023-06-17T23:51:21.937Z</time>
      </trkpt>
      <trkpt lat="37.546459" lon="-122.113097">
        <ele>2.219547</ele>
        <time>2023-06-17T23:51:23.937Z</time>
      </trkpt>
      <trkpt lat="37.546459" lon="-122.112942">
        <ele>2.230029</ele>
        <time>2023-06-17T23:51:25.937Z</time>
      </trkpt>
      <trkpt lat="37.546459" lon="-122.112787">
        <ele>2.240511</ele>
        <time>2023-06-17T23:51:27.937Z</time>
      </trkpt>
      <trkpt lat="37.546463" lon="-122.112639">
        <ele>2.250525</ele>
        <time>2023-06-17T23:51:29.937Z</time>
      </trkpt>
      <trkpt lat="37.546465" lon="-122.112491">
        <ele>2.260535</ele>
        <time>2023-06-17T23:51:31.937Z</time>
      </trkpt>
      <trkpt lat="37.546461" lon="-122.112348">
        <ele>2.270211</ele>
        <time>2023-06-17T23:51:33.937Z</time>
      </trkpt>
      <trkpt lat="37.546456" lon="-122.112204">
        <ele>2.279958</ele>
        <time>2023-06-17T23:51:35.937Z</time>
      </trkpt>
      <trkpt lat="37.546455" lon="-122.112061">
        <ele>2.289629</ele>
        <time>2023-06-17T23:51:37.937Z</time>
      </trkpt>
      <trkpt lat="37.546459" lon="-122.111918">
        <ele>2.299305</ele>
        <time>2023-06-17T23:51:39.937Z</time>
      </trkpt>
      <trkpt lat="37.546455" lon="-122.111776">
        <ele>2.308914</ele>
        <time>2023-06-17T23:51:41.937Z</time>
      </trkpt>
      <trkpt lat="37.546455" lon="-122.111631">
        <ele>2.318719</ele>
        <time>2023-06-17T23:51:43.937Z</time>
      </trkpt>
      <trkpt lat="37.546455" lon="-122.111487">
        <ele>2.328457</ele>
        <time>2023-06-17T23:51:45.937Z</time>
      </trkpt>
      <trkpt lat="37.546454" lon="-122.111345">
        <ele>2.334023</ele>
        <time>2023-06-17T23:51:47.937Z</time>
      </trkpt>
      <trkpt lat="37.546456" lon="-122.111196">
        <ele>2.338269</ele>
        <time>2023-06-17T23:51:49.937Z</time>
      </trkpt>
      <trkpt lat="37.546456" lon="-122.111046">
        <ele>2.342544</ele>
        <time>2023-06-17T23:51:51.937Z</time>
      </trkpt>
      <trkpt lat="37.546458" lon="-122.110896">
        <ele>2.346818</ele>
        <time>2023-06-17T23:51:53.938Z</time>
      </trkpt>
      <trkpt lat="37.546454" lon="-122.110747">
        <ele>2.351067</ele>
        <time>2023-06-17T23:51:55.937Z</time>
      </trkpt>
      <trkpt lat="37.546456" lon="-122.110605">
        <ele>2.355114</ele>
        <time>2023-06-17T23:51:57.938Z</time>
      </trkpt>
      <trkpt lat="37.546455" lon="-122.110464">
        <ele>2.359132</ele>
        <time>2023-06-17T23:51:59.938Z</time>
      </trkpt>
      <trkpt lat="37.546453" lon="-122.110322">
        <ele>2.363179</ele>
        <time>2023-06-17T23:52:01.937Z</time>
      </trkpt>
      <trkpt lat="37.546454" lon="-122.110175">
        <ele>2.367368</ele>
        <time>2023-06-17T23:52:03.938Z</time>
      </trkpt>
      <trkpt lat="37.546451" lon="-122.110027">
        <ele>2.371586</ele>
        <time>2023-06-17T23:52:05.938Z</time>
      </trkpt>
      <trkpt lat="37.546452" lon="-122.109880">
        <ele>2.375775</ele>
        <time>2023-06-17T23:52:07.937Z</time>
      </trkpt>
      <trkpt lat="37.546451" lon="-122.109738">
        <ele>2.379822</ele>
        <time>2023-06-17T23:52:09.937Z</time>
      </trkpt>
      <trkpt lat="37.546449" lon="-122.109595">
        <ele>2.383897</ele>
        <time>2023-06-17T23:52:11.937Z</time>
      </trkpt>
      <trkpt lat="37.546451" lon="-122.109453">
        <ele>2.387944</ele>
        <time>2023-06-17T23:52:13.937Z</time>
      </trkpt>
      <trkpt lat="37.546453" lon="-122.109310">
        <ele>2.392020</ele>
        <time>2023-06-17T23:52:15.937Z</time>
      </trkpt>
      <trkpt lat="37.546454" lon="-122.109168">
        <ele>2.394189</ele>
        <time>2023-06-17T23:52:17.937Z</time>
      </trkpt>
      <trkpt lat="37.546452" lon="-122.109032">
        <ele>2.376700</ele>
        <time>2023-06-17T23:52:19.937Z</time>
      </trkpt>
      <trkpt lat="37.546450" lon="-122.108896">
        <ele>2.359210</ele>
        <time>2023-06-17T23:52:21.937Z</time>
      </trkpt>
      <trkpt lat="37.546452" lon="-122.108756">
        <ele>2.341206</ele>
        <time>2023-06-17T23:52:23.937Z</time>
      </trkpt>
      <trkpt lat="37.546456" lon="-122.108617">
        <ele>2.323322</ele>
        <time>2023-06-17T23:52:25.937Z</time>
      </trkpt>
      <trkpt lat="37.546456" lon="-122.108479">
        <ele>2.305578</ele>
        <time>2023-06-17T23:52:27.937Z</time>
      </trkpt>
      <trkpt lat="37.546453" lon="-122.108337">
        <ele>2.287313</ele>
        <time>2023-06-17T23:52:29.937Z</time>
      </trkpt>
      <trkpt lat="37.546453" lon="-122.108196">
        <ele>2.269184</ele>
        <time>2023-06-17T23:52:31.937Z</time>
      </trkpt>
      <trkpt lat="37.546451" lon="-122.108060">
        <ele>2.251694</ele>
        <time>2023-06-17T23:52:33.937Z</time>
      </trkpt>
      <trkpt lat="37.546452" lon="-122.107924">
        <ele>2.234206</ele>
        <time>2023-06-17T23:52:35.937Z</time>
      </trkpt>
      <trkpt lat="37.546452" lon="-122.107790">
        <ele>2.216977</ele>
        <time>2023-06-17T23:52:37.937Z</time>
      </trkpt>
      <trkpt lat="37.546445" lon="-122.107652">
        <ele>2.199197</ele>
        <time>2023-06-17T23:52:39.937Z</time>
      </trkpt>
      <trkpt lat="37.546446" lon="-122.107520">
        <ele>2.182223</ele>
        <time>2023-06-17T23:52:41.937Z</time>
      </trkpt>
      <trkpt lat="37.546443" lon="-122.107385">
        <ele>2.164859</ele>
        <time>2023-06-17T23:52:43.937Z</time>
      </trkpt>
      <trkpt lat="37.546449" lon="-122.107250">
        <ele>2.147473</ele>
        <time>2023-06-17T23:52:45.937Z</time>
      </trkpt>
      <trkpt lat="37.546448" lon="-122.107119">
        <ele>2.130629</ele>
        <time>2023-06-17T23:52:47.937Z</time>
      </trkpt>
      <trkpt lat="37.546442" lon="-122.106986">
        <ele>2.113500</ele>
        <time>2023-06-17T23:52:49.937Z</time>
      </trkpt>
      <trkpt lat="37.546440" lon="-122.106860">
        <ele>2.101673</ele>
        <time>2023-06-17T23:52:51.937Z</time>
      </trkpt>
      <trkpt lat="37.546442" lon="-122.106726">
        <ele>2.095627</ele>
        <time>2023-06-17T23:52:53.937Z</time>
      </trkpt>
      <trkpt lat="37.546442" lon="-122.106592">
        <ele>2.089582</ele>
        <time>2023-06-17T23:52:55.937Z</time>
      </trkpt>
      <trkpt lat="37.546439" lon="-122.106459">
        <ele>2.083580</ele>
        <time>2023-06-17T23:52:57.936Z</time>
      </trkpt>
      <trkpt lat="37.546437" lon="-122.106323">
        <ele>2.077444</ele>
        <time>2023-06-17T23:52:59.936Z</time>
      </trkpt>
      <trkpt lat="37.546442" lon="-122.106187">
        <ele>2.071302</ele>
        <time>2023-06-17T23:53:01.936Z</time>
      </trkpt>
      <trkpt lat="37.546441" lon="-122.106046">
        <ele>2.064941</ele>
        <time>2023-06-17T23:53:03.936Z</time>
      </trkpt>
      <trkpt lat="37.546441" lon="-122.105906">
        <ele>2.058626</ele>
        <time>2023-06-17T23:53:05.936Z</time>
      </trkpt>
      <trkpt lat="37.546443" lon="-122.105763">
        <ele>2.052174</ele>
        <time>2023-06-17T23:53:07.936Z</time>
      </trkpt>
      <trkpt lat="37.546444" lon="-122.105624">
        <ele>2.045903</ele>
        <time>2023-06-17T23:53:09.936Z</time>
      </trkpt>
      <trkpt lat="37.546450" lon="-122.105484">
        <ele>2.039579</ele>
        <time>2023-06-17T23:53:11.936Z</time>
      </trkpt>
      <trkpt lat="37.546447" lon="-122.105343">
        <ele>2.033216</ele>
        <time>2023-06-17T23:53:13.936Z</time>
      </trkpt>
      <trkpt lat="37.546448" lon="-122.105204">
        <ele>2.026945</ele>
        <time>2023-06-17T23:53:15.936Z</time>
      </trkpt>
      <trkpt lat="37.546450" lon="-122.105064">
        <ele>2.020629</ele>
        <time>2023-06-17T23:53:17.936Z</time>
      </trkpt>
      <trkpt lat="37.546448" lon="-122.104922">
        <ele>2.014222</ele>
        <time>2023-06-17T23:53:19.936Z</time>
      </trkpt>
      <trkpt lat="37.546448" lon="-122.104784">
        <ele>2.007997</ele>
        <time>2023-06-17T23:53:21.936Z</time>
      </trkpt>
      <trkpt lat="37.546452" lon="-122.104647">
        <ele>2.001812</ele>
        <time>2023-06-17T23:53:23.936Z</time>
      </trkpt>
      <trkpt lat="37.546450" lon="-122.104510">
        <ele>2.013557</ele>
        <time>2023-06-17T23:53:25.936Z</time>
      </trkpt>
      <trkpt lat="37.546448" lon="-122.104366">
        <ele>2.026243</ele>
        <time>2023-06-17T23:53:27.936Z</time>
      </trkpt>
      <trkpt lat="37.546446" lon="-122.104223">
        <ele>2.038840</ele>
        <time>2023-06-17T23:53:29.936Z</time>
      </trkpt>
      <trkpt lat="37.546448" lon="-122.104079">
        <ele>2.051526</ele>
        <time>2023-06-17T23:53:31.936Z</time>
      </trkpt>
      <trkpt lat="37.546442" lon="-122.103937">
        <ele>2.064051</ele>
        <time>2023-06-17T23:53:33.936Z</time>
      </trkpt>
      <trkpt lat="37.546441" lon="-122.103793">
        <ele>2.076735</ele>
        <time>2023-06-17T23:53:35.936Z</time>
      </trkpt>
      <trkpt lat="37.546441" lon="-122.103647">
        <ele>2.089595</ele>
        <time>2023-06-17T23:53:37.936Z</time>
      </trkpt>
      <trkpt lat="37.546438" lon="-122.103503">
        <ele>2.102283</ele>
        <time>2023-06-17T23:53:39.936Z</time>
      </trkpt>
      <trkpt lat="37.546436" lon="-122.103366">
        <ele>2.114352</ele>
        <time>2023-06-17T23:53:41.936Z</time>
      </trkpt>
      <trkpt lat="37.546437" lon="-122.103229">
        <ele>2.126419</ele>
        <time>2023-06-17T23:53:43.936Z</time>
      </trkpt>
      <trkpt lat="37.546440" lon="-122.103089">
        <ele>2.138755</ele>
        <time>2023-06-17T23:53:45.935Z</time>
      </trkpt>
      <trkpt lat="37.546433" lon="-122.102949">
        <ele>2.151111</ele>
        <time>2023-06-17T23:53:47.935Z</time>
      </trkpt>
      <trkpt lat="37.546433" lon="-122.102812">
        <ele>2.163178</ele>
        <time>2023-06-17T23:53:49.935Z</time>
      </trkpt>
      <trkpt lat="37.546433" lon="-122.102674">
        <ele>2.175333</ele>
        <time>2023-06-17T23:53:51.935Z</time>
      </trkpt>
      <trkpt lat="37.546435" lon="-122.102537">
        <ele>2.187402</ele>
        <time>2023-06-17T23:53:53.935Z</time>
      </trkpt>
      <trkpt lat="37.546435" lon="-122.102404">
        <ele>2.199117</ele>
        <time>2023-06-17T23:53:55.935Z</time>
      </trkpt>
      <trkpt lat="37.546434" lon="-122.102267">
        <ele>2.182007</ele>
        <time>2023-06-17T23:53:57.936Z</time>
      </trkpt>
      <trkpt lat="37.546436" lon="-122.102134">
        <ele>2.158360</ele>
        <time>2023-06-17T23:53:59.935Z</time>
      </trkpt>
      <trkpt lat="37.546433" lon="-122.101993">
        <ele>2.133285</ele>
        <time>2023-06-17T23:54:01.936Z</time>
      </trkpt>
      <trkpt lat="37.546434" lon="-122.101845">
        <ele>2.106974</ele>
        <time>2023-06-17T23:54:03.935Z</time>
      </trkpt>
      <trkpt lat="37.546434" lon="-122.101703">
        <ele>2.081731</ele>
        <time>2023-06-17T23:54:05.935Z</time>
      </trkpt>
      <trkpt lat="37.546433" lon="-122.101563">
        <ele>2.056842</ele>
        <time>2023-06-17T23:54:07.936Z</time>
      </trkpt>
      <trkpt lat="37.546439" lon="-122.101422">
        <ele>2.031740</ele>
        <time>2023-06-17T23:54:09.936Z</time>
      </trkpt>
      <trkpt lat="37.546435" lon="-122.101284">
        <ele>2.007191</ele>
        <time>2023-06-17T23:54:11.936Z</time>
      </trkpt>
      <trkpt lat="37.546436" lon="-122.101140">
        <ele>1.981592</ele>
        <time>2023-06-17T23:54:13.935Z</time>
      </trkpt>
      <trkpt lat="37.546437" lon="-122.101001">
        <ele>1.956880</ele>
        <time>2023-06-17T23:54:15.935Z</time>
      </trkpt>
      <trkpt lat="37.546441" lon="-122.100862">
        <ele>1.932154</ele>
        <time>2023-06-17T23:54:17.935Z</time>
      </trkpt>
      <trkpt lat="37.546442" lon="-122.100721">
        <ele>1.907087</ele>
        <time>2023-06-17T23:54:19.935Z</time>
      </trkpt>
      <trkpt lat="37.546446" lon="-122.100578">
        <ele>1.881650</ele>
        <time>2023-06-17T23:54:21.935Z</time>
      </trkpt>
      <trkpt lat="37.546444" lon="-122.100438">
        <ele>1.856759</ele>
        <time>2023-06-17T23:54:23.935Z</time>
      </trkpt>
      <trkpt lat="37.546444" lon="-122.100297">
        <ele>1.831693</ele>
        <time>2023-06-17T23:54:25.935Z</time>
      </trkpt>
      <trkpt lat="37.546445" lon="-122.100153">
        <ele>1.806093</ele>
        <time>2023-06-17T23:54:27.935Z</time>
      </trkpt>
      <trkpt lat="37.546441" lon="-122.100011">
        <ele>1.802674</ele>
        <time>2023-06-17T23:54:29.935Z</time>
      </trkpt>
      <trkpt lat="37.546443" lon="-122.099870">
        <ele>1.809067</ele>
        <time>2023-06-17T23:54:31.935Z</time>
      </trkpt>
      <trkpt lat="37.546446" lon="-122.099731">
        <ele>1.815371</ele>
        <time>2023-06-17T23:54:33.935Z</time>
      </trkpt>
      <trkpt lat="37.546445" lon="-122.099590">
        <ele>1.821764</ele>
        <time>2023-06-17T23:54:35.935Z</time>
      </trkpt>
      <trkpt lat="37.546443" lon="-122.099445">
        <ele>1.828339</ele>
        <time>2023-06-17T23:54:37.935Z</time>
      </trkpt>
      <trkpt lat="37.546434" lon="-122.099306">
        <ele>1.834661</ele>
        <time>2023-06-17T23:54:39.935Z</time>
      </trkpt>
      <trkpt lat="37.546432" lon="-122.099169">
        <ele>1.840873</ele>
        <time>2023-06-17T23:54:41.935Z</time>
      </trkpt>
      <trkpt lat="37.546430" lon="-122.099028">
        <ele>1.847267</ele>
        <time>2023-06-17T23:54:43.935Z</time>
      </trkpt>
      <trkpt lat="37.546433" lon="-122.098888">
        <ele>1.853616</ele>
        <time>2023-06-17T23:54:45.935Z</time>
      </trkpt>
      <trkpt lat="37.546432" lon="-122.098748">
        <ele>1.859963</ele>
        <time>2023-06-17T23:54:47.935Z</time>
      </trkpt>
      <trkpt lat="37.546430" lon="-122.098602">
        <ele>1.866583</ele>
        <time>2023-06-17T23:54:49.935Z</time>
      </trkpt>
      <trkpt lat="37.546427" lon="-122.098465">
        <ele>1.872796</ele>
        <time>2023-06-17T23:54:51.935Z</time>
      </trkpt>
      <trkpt lat="37.546431" lon="-122.098323">
        <ele>1.879238</ele>
        <time>2023-06-17T23:54:53.935Z</time>
      </trkpt>
      <trkpt lat="37.546427" lon="-122.098179">
        <ele>1.885770</ele>
        <time>2023-06-17T23:54:55.935Z</time>
      </trkpt>
      <trkpt lat="37.546428" lon="-122.098035">
        <ele>1.892299</ele>
        <time>2023-06-17T23:54:57.935Z</time>
      </trkpt>
      <trkpt lat="37.546433" lon="-122.097896">
        <ele>1.898607</ele>
        <time>2023-06-17T23:54:59.935Z</time>
      </trkpt>
      <trkpt lat="37.546434" lon="-122.097757">
        <ele>1.895731</ele>
        <time>2023-06-17T23:55:01.935Z</time>
      </trkpt>
      <trkpt lat="37.546435" lon="-122.097629">
        <ele>1.887617</ele>
        <time>2023-06-17T23:55:03.934Z</time>
      </trkpt>
      <trkpt lat="37.546437" lon="-122.097493">
        <ele>1.878994</ele>
        <time>2023-06-17T23:55:05.934Z</time>
      </trkpt>
      <trkpt lat="37.546438" lon="-122.097355">
        <ele>1.870246</ele>
        <time>2023-06-17T23:55:07.934Z</time>
      </trkpt>
      <trkpt lat="37.546440" lon="-122.097222">
        <ele>1.861813</ele>
        <time>2023-06-17T23:55:09.934Z</time>
      </trkpt>
      <trkpt lat="37.546436" lon="-122.097089">
        <ele>1.853376</ele>
        <time>2023-06-17T23:55:11.934Z</time>
      </trkpt>
      <trkpt lat="37.546436" lon="-122.096954">
        <ele>1.844818</ele>
        <time>2023-06-17T23:55:13.934Z</time>
      </trkpt>
      <trkpt lat="37.546435" lon="-122.096815">
        <ele>1.836006</ele>
        <time>2023-06-17T23:55:15.934Z</time>
      </trkpt>
      <trkpt lat="37.546434" lon="-122.096673">
        <ele>1.827005</ele>
        <time>2023-06-17T23:55:17.934Z</time>
      </trkpt>
      <trkpt lat="37.546433" lon="-122.096534">
        <ele>1.818193</ele>
        <time>2023-06-17T23:55:19.934Z</time>
      </trkpt>
      <trkpt lat="37.546433" lon="-122.096400">
        <ele>1.809698</ele>
        <time>2023-06-17T23:55:21.934Z</time>
      </trkpt>
      <trkpt lat="37.546437" lon="-122.096266">
        <ele>1.801198</ele>
        <time>2023-06-17T23:55:23.934Z</time>
      </trkpt>
      <trkpt lat="37.546436" lon="-122.096125">
        <ele>1.792259</ele>
        <time>2023-06-17T23:55:25.934Z</time>
      </trkpt>
      <trkpt lat="37.546439" lon="-122.095984">
        <ele>1.783318</ele>
        <time>2023-06-17T23:55:27.934Z</time>
      </trkpt>
      <trkpt lat="37.546439" lon="-122.095839">
        <ele>1.774126</ele>
        <time>2023-06-17T23:55:29.934Z</time>
      </trkpt>
      <trkpt lat="37.546433" lon="-122.095693">
        <ele>1.764859</ele>
        <time>2023-06-17T23:55:31.934Z</time>
      </trkpt>
      <trkpt lat="37.546432" lon="-122.095545">
        <ele>1.765825</ele>
        <time>2023-06-17T23:55:33.934Z</time>
      </trkpt>
      <trkpt lat="37.546434" lon="-122.095402">
        <ele>1.808894</ele>
        <time>2023-06-17T23:55:35.934Z</time>
      </trkpt>
      <trkpt lat="37.546430" lon="-122.095257">
        <ele>1.852585</ele>
        <time>2023-06-17T23:55:37.934Z</time>
      </trkpt>
      <trkpt lat="37.546433" lon="-122.095115">
        <ele>1.895362</ele>
        <time>2023-06-17T23:55:39.934Z</time>
      </trkpt>
      <trkpt lat="37.546430" lon="-122.094969">
        <ele>1.939343</ele>
        <time>2023-06-17T23:55:41.934Z</time>
      </trkpt>
      <trkpt lat="37.546432" lon="-122.094830">
        <ele>1.981208</ele>
        <time>2023-06-17T23:55:43.934Z</time>
      </trkpt>
      <trkpt lat="37.546433" lon="-122.094689">
        <ele>2.023671</ele>
        <time>2023-06-17T23:55:45.934Z</time>
      </trkpt>
      <trkpt lat="37.546429" lon="-122.094549">
        <ele>2.065857</ele>
        <time>2023-06-17T23:55:47.934Z</time>
      </trkpt>
      <trkpt lat="37.546426" lon="-122.094412">
        <ele>2.107129</ele>
        <time>2023-06-17T23:55:49.934Z</time>
      </trkpt>
      <trkpt lat="37.546427" lon="-122.094278">
        <ele>2.147483</ele>
        <time>2023-06-17T23:55:51.934Z</time>
      </trkpt>
      <trkpt lat="37.546427" lon="-122.094138">
        <ele>2.189643</ele>
        <time>2023-06-17T23:55:53.933Z</time>
      </trkpt>
      <trkpt lat="37.546429" lon="-122.094001">
        <ele>2.230906</ele>
        <time>2023-06-17T23:55:55.933Z</time>
      </trkpt>
      <trkpt lat="37.546426" lon="-122.093871">
        <ele>2.270070</ele>
        <time>2023-06-17T23:55:57.933Z</time>
      </trkpt>
      <trkpt lat="37.546419" lon="-122.093740">
        <ele>2.309609</ele>
        <time>2023-06-17T23:55:59.933Z</time>
      </trkpt>
      <trkpt lat="37.546415" lon="-122.093621">
        <ele>2.345477</ele>
        <time>2023-06-17T23:56:01.933Z</time>
      </trkpt>
      <trkpt lat="37.546399" lon="-122.093473">
        <ele>2.390458</ele>
        <time>2023-06-17T23:56:04.934Z</time>
      </trkpt>
      <trkpt lat="37.546357" lon="-122.093364">
        <ele>2.426953</ele>
        <time>2023-06-17T23:56:07.934Z</time>
      </trkpt>
      <trkpt lat="37.546438" lon="-122.093172">
        <ele>2.844459</ele>
        <time>2023-06-17T23:57:09.933Z</time>
      </trkpt>
      <trkpt lat="37.546438" lon="-122.093032">
        <ele>3.171890</ele>
        <time>2023-06-17T23:57:13.933Z</time>
      </trkpt>
      <trkpt lat="37.546451" lon="-122.092907">
        <ele>3.466744</ele>
        <time>2023-06-17T23:57:16.933Z</time>
      </trkpt>
      <trkpt lat="37.546458" lon="-122.092755">
        <ele>3.822841</ele>
        <time>2023-06-17T23:57:19.932Z</time>
      </trkpt>
      <trkpt lat="37.546459" lon="-122.092626">
        <ele>4.124560</ele>
        <time>2023-06-17T23:57:22.932Z</time>
      </trkpt>
      <trkpt lat="37.546461" lon="-122.092512">
        <ele>4.391248</ele>
        <time>2023-06-17T23:57:25.932Z</time>
      </trkpt>
      <trkpt lat="37.546467" lon="-122.092383">
        <ele>4.693472</ele>
        <time>2023-06-17T23:57:29.932Z</time>
      </trkpt>
      <trkpt lat="37.546475" lon="-122.092256">
        <ele>4.991435</ele>
        <time>2023-06-17T23:57:33.932Z</time>
      </trkpt>
      <trkpt lat="37.546476" lon="-122.092116">
        <ele>5.318880</ele>
        <time>2023-06-17T23:57:37.932Z</time>
      </trkpt>
      <trkpt lat="37.546485" lon="-122.092002">
        <ele>5.586822</ele>
        <time>2023-06-17T23:57:40.932Z</time>
      </trkpt>
      <trkpt lat="37.546520" lon="-122.091871">
        <ele>5.910132</ele>
        <time>2023-06-17T23:57:44.932Z</time>
      </trkpt>
      <trkpt lat="37.546548" lon="-122.091733">
        <ele>6.243286</ele>
        <time>2023-06-17T23:57:48.932Z</time>
      </trkpt>
      <trkpt lat="37.546605" lon="-122.091605">
        <ele>6.586639</ele>
        <time>2023-06-17T23:57:52.932Z</time>
      </trkpt>
      <trkpt lat="37.546647" lon="-122.091493">
        <ele>6.876405</ele>
        <time>2023-06-17T23:57:55.932Z</time>
      </trkpt>
      <trkpt lat="37.546688" lon="-122.091356">
        <ele>7.218885</ele>
        <time>2023-06-17T23:57:58.932Z</time>
      </trkpt>
      <trkpt lat="37.546732" lon="-122.091207">
        <ele>7.590751</ele>
        <time>2023-06-17T23:58:01.932Z</time>
      </trkpt>
      <trkpt lat="37.546775" lon="-122.091080">
        <ele>7.756824</ele>
        <time>2023-06-17T23:58:04.932Z</time>
      </trkpt>
      <trkpt lat="37.546812" lon="-122.090971">
        <ele>7.774551</ele>
        <time>2023-06-17T23:58:07.932Z</time>
      </trkpt>
      <trkpt lat="37.546857" lon="-122.090871">
        <ele>7.791742</ele>
        <time>2023-06-17T23:58:10.932Z</time>
      </trkpt>
      <trkpt lat="37.546916" lon="-122.090758">
        <ele>7.811971</ele>
        <time>2023-06-17T23:58:14.931Z</time>
      </trkpt>
      <trkpt lat="37.546946" lon="-122.090649">
        <ele>7.829221</ele>
        <time>2023-06-17T23:58:18.932Z</time>
      </trkpt>
      <trkpt lat="37.546965" lon="-122.090516">
        <ele>7.849426</ele>
        <time>2023-06-17T23:58:22.932Z</time>
      </trkpt>
      <trkpt lat="37.547011" lon="-122.090405">
        <ele>7.868152</ele>
        <time>2023-06-17T23:58:26.932Z</time>
      </trkpt>
      <trkpt lat="37.547050" lon="-122.090282">
        <ele>7.887957</ele>
        <time>2023-06-17T23:58:40.932Z</time>
      </trkpt>
      <trkpt lat="37.547083" lon="-122.090137">
        <ele>7.910511</ele>
        <time>2023-06-17T23:58:44.932Z</time>
      </trkpt>
      <trkpt lat="37.547128" lon="-122.090014">
        <ele>7.930764</ele>
        <time>2023-06-17T23:58:47.932Z</time>
      </trkpt>
      <trkpt lat="37.547214" lon="-122.089891">
        <ele>7.955283</ele>
        <time>2023-06-17T23:58:50.931Z</time>
      </trkpt>
      <trkpt lat="37.547312" lon="-122.089816">
        <ele>7.976898</ele>
        <time>2023-06-17T23:58:53.931Z</time>
      </trkpt>
      <trkpt lat="37.547420" lon="-122.089867">
        <ele>7.998644</ele>
        <time>2023-06-17T23:58:56.931Z</time>
      </trkpt>
      <trkpt lat="37.547531" lon="-122.089901">
        <ele>8.020184</ele>
        <time>2023-06-17T23:58:59.931Z</time>
      </trkpt>
      <trkpt lat="37.547635" lon="-122.089933">
        <ele>8.040370</ele>
        <time>2023-06-17T23:59:03.931Z</time>
      </trkpt>
      <trkpt lat="37.547736" lon="-122.089968">
        <ele>8.060121</ele>
        <time>2023-06-17T23:59:07.931Z</time>
      </trkpt>
      <trkpt lat="37.547820" lon="-122.090018">
        <ele>8.077636</ele>
        <time>2023-06-17T23:59:11.931Z</time>
      </trkpt>
      <trkpt lat="37.547742" lon="-122.089954">
        <ele>8.008013</ele>
        <time>2023-06-17T23:59:30.931Z</time>
      </trkpt>
      <trkpt lat="37.547827" lon="-122.089888">
        <ele>7.861199</ele>
        <time>2023-06-17T23:59:34.931Z</time>
      </trkpt>
      <trkpt lat="37.547953" lon="-122.089860">
        <ele>7.673017</ele>
        <time>2023-06-17T23:59:37.930Z</time>
      </trkpt>
      <trkpt lat="37.548082" lon="-122.089836">
        <ele>7.481223</ele>
        <time>2023-06-17T23:59:40.930Z</time>
      </trkpt>
      <trkpt lat="37.548209" lon="-122.089838">
        <ele>7.294410</ele>
        <time>2023-06-17T23:59:43.930Z</time>
      </trkpt>
      <trkpt lat="37.548308" lon="-122.089843">
        <ele>7.148679</ele>
        <time>2023-06-17T23:59:46.930Z</time>
      </trkpt>
      <trkpt lat="37.548423" lon="-122.089846">
        <ele>6.979494</ele>
        <time>2023-06-17T23:59:49.930Z</time>
      </trkpt>
      <trkpt lat="37.548525" lon="-122.089839">
        <ele>6.829245</ele>
        <time>2023-06-17T23:59:52.930Z</time>
      </trkpt>
      <trkpt lat="37.548623" lon="-122.089803">
        <ele>6.679112</ele>
        <time>2023-06-17T23:59:55.930Z</time>
      </trkpt>
      <trkpt lat="37.548719" lon="-122.089751">
        <ele>6.525440</ele>
        <time>2023-06-17T23:59:58.930Z</time>
      </trkpt>
      <trkpt lat="37.548806" lon="-122.089691">
        <ele>6.379596</ele>
        <time>2023-06-18T00:00:01.930Z</time>
      </trkpt>
      <trkpt lat="37.548890" lon="-122.089618">
        <ele>6.229556</ele>
        <time>2023-06-18T00:00:04.930Z</time>
      </trkpt>
      <trkpt lat="37.548985" lon="-122.089531">
        <ele>6.056878</ele>
        <time>2023-06-18T00:00:07.930Z</time>
      </trkpt>
      <trkpt lat="37.549080" lon="-122.089433">
        <ele>5.876365</ele>
        <time>2023-06-18T00:00:10.930Z</time>
      </trkpt>
      <trkpt lat="37.549173" lon="-122.089321">
        <ele>5.687236</ele>
        <time>2023-06-18T00:00:13.930Z</time>
      </trkpt>
      <trkpt lat="37.549259" lon="-122.089239">
        <ele>5.528666</ele>
        <time>2023-06-18T00:00:16.930Z</time>
      </trkpt>
      <trkpt lat="37.549344" lon="-122.089136">
        <ele>5.400638</ele>
        <time>2023-06-18T00:00:20.930Z</time>
      </trkpt>
      <trkpt lat="37.549407" lon="-122.089030">
        <ele>5.329109</ele>
        <time>2023-06-18T00:00:24.930Z</time>
      </trkpt>
      <trkpt lat="37.549402" lon="-122.088907">
        <ele>5.262609</ele>
        <time>2023-06-18T00:00:27.930Z</time>
      </trkpt>
      <trkpt lat="37.549388" lon="-122.088783">
        <ele>5.194982</ele>
        <time>2023-06-18T00:00:30.930Z</time>
      </trkpt>
      <trkpt lat="37.549399" lon="-122.088644">
        <ele>5.119558</ele>
        <time>2023-06-18T00:00:33.930Z</time>
      </trkpt>
      <trkpt lat="37.549421" lon="-122.088510">
        <ele>5.045671</ele>
        <time>2023-06-18T00:00:36.930Z</time>
      </trkpt>
      <trkpt lat="37.549451" lon="-122.088338">
        <ele>4.950582</ele>
        <time>2023-06-18T00:00:39.930Z</time>
      </trkpt>
      <trkpt lat="37.549470" lon="-122.088205">
        <ele>4.877614</ele>
        <time>2023-06-18T00:00:41.930Z</time>
      </trkpt>
      <trkpt lat="37.549463" lon="-122.088053">
        <ele>4.795405</ele>
        <time>2023-06-18T00:00:43.930Z</time>
      </trkpt>
      <trkpt lat="37.549508" lon="-122.087904">
        <ele>4.709316</ele>
        <time>2023-06-18T00:00:45.929Z</time>
      </trkpt>
      <trkpt lat="37.549520" lon="-122.087743">
        <ele>4.622003</ele>
        <time>2023-06-18T00:00:47.929Z</time>
      </trkpt>
      <trkpt lat="37.549535" lon="-122.087583">
        <ele>4.535011</ele>
        <time>2023-06-18T00:00:49.929Z</time>
      </trkpt>
      <trkpt lat="37.549551" lon="-122.087419">
        <ele>4.445794</ele>
        <time>2023-06-18T00:00:51.929Z</time>
      </trkpt>
      <trkpt lat="37.549571" lon="-122.087260">
        <ele>4.358871</ele>
        <time>2023-06-18T00:00:53.929Z</time>
      </trkpt>
      <trkpt lat="37.549590" lon="-122.087105">
        <ele>4.274187</ele>
        <time>2023-06-18T00:00:55.929Z</time>
      </trkpt>
      <trkpt lat="37.549603" lon="-122.086947">
        <ele>4.223766</ele>
        <time>2023-06-18T00:00:57.929Z</time>
      </trkpt>
      <trkpt lat="37.549609" lon="-122.086788">
        <ele>4.252915</ele>
        <time>2023-06-18T00:00:59.929Z</time>
      </trkpt>
      <trkpt lat="37.549626" lon="-122.086631">
        <ele>4.281932</ele>
        <time>2023-06-18T00:01:01.929Z</time>
      </trkpt>
      <trkpt lat="37.549661" lon="-122.086486">
        <ele>4.309688</ele>
        <time>2023-06-18T00:01:03.929Z</time>
      </trkpt>
      <trkpt lat="37.549702" lon="-122.086346">
        <ele>4.337018</ele>
        <time>2023-06-18T00:01:05.929Z</time>
      </trkpt>
      <trkpt lat="37.549774" lon="-122.086220">
        <ele>4.365459</ele>
        <time>2023-06-18T00:01:07.929Z</time>
      </trkpt>
      <trkpt lat="37.549843" lon="-122.086112">
        <ele>4.390858</ele>
        <time>2023-06-18T00:01:09.929Z</time>
      </trkpt>
      <trkpt lat="37.549905" lon="-122.086020">
        <ele>4.412969</ele>
        <time>2023-06-18T00:01:11.929Z</time>
      </trkpt>
      <trkpt lat="37.549964" lon="-122.085909">
        <ele>4.437441</ele>
        <time>2023-06-18T00:01:14.929Z</time>
      </trkpt>
      <trkpt lat="37.550020" lon="-122.085807">
        <ele>4.460161</ele>
        <time>2023-06-18T00:01:17.929Z</time>
      </trkpt>
      <trkpt lat="37.550099" lon="-122.085714">
        <ele>4.485120</ele>
        <time>2023-06-18T00:01:20.929Z</time>
      </trkpt>
      <trkpt lat="37.550188" lon="-122.085657">
        <ele>4.508175</ele>
        <time>2023-06-18T00:01:23.929Z</time>
      </trkpt>
      <trkpt lat="37.550288" lon="-122.085591">
        <ele>4.534243</ele>
        <time>2023-06-18T00:01:26.929Z</time>
      </trkpt>
      <trkpt lat="37.550401" lon="-122.085553">
        <ele>4.561254</ele>
        <time>2023-06-18T00:01:29.929Z</time>
      </trkpt>
      <trkpt lat="37.550515" lon="-122.085526">
        <ele>4.588045</ele>
        <time>2023-06-18T00:01:32.929Z</time>
      </trkpt>
      <trkpt lat="37.550631" lon="-122.085491">
        <ele>4.615594</ele>
        <time>2023-06-18T00:01:35.928Z</time>
      </trkpt>
      <trkpt lat="37.550759" lon="-122.085464">
        <ele>4.551256</ele>
        <time>2023-06-18T00:01:38.928Z</time>
      </trkpt>
      <trkpt lat="37.550891" lon="-122.085410">
        <ele>4.385974</ele>
        <time>2023-06-18T00:01:41.928Z</time>
      </trkpt>
      <trkpt lat="37.550986" lon="-122.085371">
        <ele>4.266982</ele>
        <time>2023-06-18T00:01:43.928Z</time>
      </trkpt>
      <trkpt lat="37.551088" lon="-122.085339">
        <ele>4.141793</ele>
        <time>2023-06-18T00:01:45.928Z</time>
      </trkpt>
      <trkpt lat="37.551201" lon="-122.085330">
        <ele>4.006936</ele>
        <time>2023-06-18T00:01:47.928Z</time>
      </trkpt>
      <trkpt lat="37.551283" lon="-122.085410">
        <ele>3.883464</ele>
        <time>2023-06-18T00:01:49.928Z</time>
      </trkpt>
      <trkpt lat="37.551418" lon="-122.085403">
        <ele>3.722536</ele>
        <time>2023-06-18T00:01:52.928Z</time>
      </trkpt>
      <trkpt lat="37.551505" lon="-122.085358">
        <ele>3.610540</ele>
        <time>2023-06-18T00:01:54.928Z</time>
      </trkpt>
      <trkpt lat="37.551627" lon="-122.085315">
        <ele>3.459665</ele>
        <time>2023-06-18T00:01:57.928Z</time>
      </trkpt>
      <trkpt lat="37.551723" lon="-122.085291">
        <ele>3.343100</ele>
        <time>2023-06-18T00:02:00.928Z</time>
      </trkpt>
      <trkpt lat="37.551768" lon="-122.085180">
        <ele>3.225377</ele>
        <time>2023-06-18T00:02:04.928Z</time>
      </trkpt>
      <trkpt lat="37.551747" lon="-122.085045">
        <ele>3.095470</ele>
        <time>2023-06-18T00:02:07.928Z</time>
      </trkpt>
      <trkpt lat="37.551745" lon="-122.084904">
        <ele>2.962307</ele>
        <time>2023-06-18T00:02:10.928Z</time>
      </trkpt>
      <trkpt lat="37.551734" lon="-122.084755">
        <ele>2.821001</ele>
        <time>2023-06-18T00:02:13.928Z</time>
      </trkpt>
      <trkpt lat="37.551738" lon="-122.084590">
        <ele>2.665124</ele>
        <time>2023-06-18T00:02:16.928Z</time>
      </trkpt>
      <trkpt lat="37.551735" lon="-122.084473">
        <ele>2.554586</ele>
        <time>2023-06-18T00:02:18.928Z</time>
      </trkpt>
      <trkpt lat="37.551736" lon="-122.084356">
        <ele>2.485114</ele>
        <time>2023-06-18T00:02:20.928Z</time>
      </trkpt>
      <trkpt lat="37.551733" lon="-122.084230">
        <ele>2.477363</ele>
        <time>2023-06-18T00:02:22.929Z</time>
      </trkpt>
      <trkpt lat="37.551729" lon="-122.084100">
        <ele>2.469364</ele>
        <time>2023-06-18T00:02:24.928Z</time>
      </trkpt>
      <trkpt lat="37.551723" lon="-122.083968">
        <ele>2.461234</ele>
        <time>2023-06-18T00:02:26.928Z</time>
      </trkpt>
      <trkpt lat="37.551698" lon="-122.083841">
        <ele>2.453188</ele>
        <time>2023-06-18T00:02:28.929Z</time>
      </trkpt>
      <trkpt lat="37.551670" lon="-122.083711">
        <ele>2.444906</ele>
        <time>2023-06-18T00:02:30.928Z</time>
      </trkpt>
      <trkpt lat="37.551643" lon="-122.083585">
        <ele>2.436880</ele>
        <time>2023-06-18T00:02:32.928Z</time>
      </trkpt>
      <trkpt lat="37.551613" lon="-122.083458">
        <ele>2.428732</ele>
        <time>2023-06-18T00:02:34.928Z</time>
      </trkpt>
      <trkpt lat="37.551583" lon="-122.083332">
        <ele>2.420643</ele>
        <time>2023-06-18T00:02:36.928Z</time>
      </trkpt>
      <trkpt lat="37.551558" lon="-122.083203">
        <ele>2.412478</ele>
        <time>2023-06-18T00:02:38.928Z</time>
      </trkpt>
      <trkpt lat="37.551527" lon="-122.083069">
        <ele>2.403895</ele>
        <time>2023-06-18T00:02:40.928Z</time>
      </trkpt>
      <trkpt lat="37.551499" lon="-122.082934">
        <ele>2.395316</ele>
        <time>2023-06-18T00:02:42.928Z</time>
      </trkpt>
      <trkpt lat="37.551469" lon="-122.082802">
        <ele>2.386872</ele>
        <time>2023-06-18T00:02:44.928Z</time>
      </trkpt>
      <trkpt lat="37.551445" lon="-122.082668">
        <ele>2.378426</ele>
        <time>2023-06-18T00:02:46.928Z</time>
      </trkpt>
      <trkpt lat="37.551421" lon="-122.082542">
        <ele>2.370458</ele>
        <time>2023-06-18T00:02:48.928Z</time>
      </trkpt>
      <trkpt lat="37.551400" lon="-122.082416">
        <ele>2.362541</ele>
        <time>2023-06-18T00:02:50.928Z</time>
      </trkpt>
      <trkpt lat="37.551375" lon="-122.082277">
        <ele>2.353778</ele>
        <time>2023-06-18T00:02:52.928Z</time>
      </trkpt>
      <trkpt lat="37.551353" lon="-122.082145">
        <ele>2.355592</ele>
        <time>2023-06-18T00:02:54.928Z</time>
      </trkpt>
      <trkpt lat="37.551329" lon="-122.082010">
        <ele>2.375817</ele>
        <time>2023-06-18T00:02:56.930Z</time>
      </trkpt>
      <trkpt lat="37.551317" lon="-122.081881">
        <ele>2.394804</ele>
        <time>2023-06-18T00:02:58.935Z</time>
      </trkpt>
      <trkpt lat="37.551300" lon="-122.081739">
        <ele>2.415798</ele>
        <time>2023-06-18T00:03:00.939Z</time>
      </trkpt>
      <trkpt lat="37.551295" lon="-122.081606">
        <ele>2.435263</ele>
        <time>2023-06-18T00:03:02.943Z</time>
      </trkpt>
      <trkpt lat="37.551301" lon="-122.081477">
        <ele>2.454153</ele>
        <time>2023-06-18T00:03:04.946Z</time>
      </trkpt>
      <trkpt lat="37.551309" lon="-122.081348">
        <ele>2.473069</ele>
        <time>2023-06-18T00:03:06.948Z</time>
      </trkpt>
      <trkpt lat="37.551327" lon="-122.081218">
        <ele>2.492361</ele>
        <time>2023-06-18T00:03:08.951Z</time>
      </trkpt>
      <trkpt lat="37.551357" lon="-122.081093">
        <ele>2.511453</ele>
        <time>2023-06-18T00:03:10.953Z</time>
      </trkpt>
      <trkpt lat="37.551405" lon="-122.080974">
        <ele>2.530971</ele>
        <time>2023-06-18T00:03:12.955Z</time>
      </trkpt>
      <trkpt lat="37.551448" lon="-122.080858">
        <ele>2.549691</ele>
        <time>2023-06-18T00:03:14.956Z</time>
      </trkpt>
      <trkpt lat="37.551493" lon="-122.080746">
        <ele>2.568047</ele>
        <time>2023-06-18T00:03:16.958Z</time>
      </trkpt>
      <trkpt lat="37.551536" lon="-122.080635">
        <ele>2.586107</ele>
        <time>2023-06-18T00:03:18.959Z</time>
      </trkpt>
      <trkpt lat="37.551577" lon="-122.080523">
        <ele>2.604141</ele>
        <time>2023-06-18T00:03:20.960Z</time>
      </trkpt>
      <trkpt lat="37.551608" lon="-122.080409">
        <ele>2.621759</ele>
        <time>2023-06-18T00:03:22.961Z</time>
      </trkpt>
      <trkpt lat="37.551649" lon="-122.080307">
        <ele>2.638477</ele>
        <time>2023-06-18T00:03:24.962Z</time>
      </trkpt>
      <trkpt lat="37.551691" lon="-122.080197">
        <ele>2.656325</ele>
        <time>2023-06-18T00:03:26.963Z</time>
      </trkpt>
      <trkpt lat="37.551733" lon="-122.080087">
        <ele>2.674173</ele>
        <time>2023-06-18T00:03:28.963Z</time>
      </trkpt>
      <trkpt lat="37.551770" lon="-122.079980">
        <ele>2.671914</ele>
        <time>2023-06-18T00:03:30.964Z</time>
      </trkpt>
      <trkpt lat="37.551833" lon="-122.079834">
        <ele>2.653940</ele>
        <time>2023-06-18T00:03:33.964Z</time>
      </trkpt>
      <trkpt lat="37.551879" lon="-122.079733">
        <ele>2.641345</ele>
        <time>2023-06-18T00:03:35.965Z</time>
      </trkpt>
      <trkpt lat="37.551938" lon="-122.079638">
        <ele>2.628296</ele>
        <time>2023-06-18T00:03:37.965Z</time>
      </trkpt>
      <trkpt lat="37.551995" lon="-122.079545">
        <ele>2.615585</ele>
        <time>2023-06-18T00:03:39.966Z</time>
      </trkpt>
      <trkpt lat="37.552090" lon="-122.079423">
        <ele>2.597094</ele>
        <time>2023-06-18T00:03:42.966Z</time>
      </trkpt>
      <trkpt lat="37.552178" lon="-122.079304">
        <ele>2.579497</ele>
        <time>2023-06-18T00:03:45.966Z</time>
      </trkpt>
      <trkpt lat="37.552275" lon="-122.079193">
        <ele>2.561634</ele>
        <time>2023-06-18T00:03:48.966Z</time>
      </trkpt>
      <trkpt lat="37.552365" lon="-122.079066">
        <ele>2.543215</ele>
        <time>2023-06-18T00:03:51.967Z</time>
      </trkpt>
      <trkpt lat="37.552415" lon="-122.078967">
        <ele>2.530522</ele>
        <time>2023-06-18T00:03:53.967Z</time>
      </trkpt>
      <trkpt lat="37.552482" lon="-122.078816">
        <ele>2.511811</ele>
        <time>2023-06-18T00:03:56.967Z</time>
      </trkpt>
      <trkpt lat="37.552523" lon="-122.078713">
        <ele>2.499349</ele>
        <time>2023-06-18T00:03:58.967Z</time>
      </trkpt>
      <trkpt lat="37.552581" lon="-122.078567">
        <ele>2.481690</ele>
        <time>2023-06-18T00:04:01.967Z</time>
      </trkpt>
      <trkpt lat="37.552636" lon="-122.078428">
        <ele>2.464892</ele>
        <time>2023-06-18T00:04:04.967Z</time>
      </trkpt>
      <trkpt lat="37.552688" lon="-122.078275">
        <ele>2.446892</ele>
        <time>2023-06-18T00:04:07.967Z</time>
      </trkpt>
      <trkpt lat="37.552744" lon="-122.078137">
        <ele>2.430263</ele>
        <time>2023-06-18T00:04:10.967Z</time>
      </trkpt>
      <trkpt lat="37.552806" lon="-122.077990">
        <ele>2.412773</ele>
        <time>2023-06-18T00:04:13.967Z</time>
      </trkpt>
      <trkpt lat="37.552864" lon="-122.077837">
        <ele>2.394960</ele>
        <time>2023-06-18T00:04:16.967Z</time>
      </trkpt>
      <trkpt lat="37.552921" lon="-122.077691">
        <ele>2.377866</ele>
        <time>2023-06-18T00:04:19.967Z</time>
      </trkpt>
      <trkpt lat="37.552975" lon="-122.077549">
        <ele>2.361323</ele>
        <time>2023-06-18T00:04:22.967Z</time>
      </trkpt>
      <trkpt lat="37.553036" lon="-122.077421">
        <ele>2.345636</ele>
        <time>2023-06-18T00:04:25.967Z</time>
      </trkpt>
      <trkpt lat="37.553114" lon="-122.077303">
        <ele>2.329499</ele>
        <time>2023-06-18T00:04:28.968Z</time>
      </trkpt>
      <trkpt lat="37.553235" lon="-122.077265">
        <ele>2.312978</ele>
        <time>2023-06-18T00:04:31.967Z</time>
      </trkpt>
      <trkpt lat="37.553276" lon="-122.077146">
        <ele>2.299349</ele>
        <time>2023-06-18T00:04:34.967Z</time>
      </trkpt>
      <trkpt lat="37.553383" lon="-122.077139">
        <ele>2.285153</ele>
        <time>2023-06-18T00:04:49.967Z</time>
      </trkpt>
      <trkpt lat="37.553492" lon="-122.077173">
        <ele>2.270277</ele>
        <time>2023-06-18T00:04:52.967Z</time>
      </trkpt>
      <trkpt lat="37.553596" lon="-122.077214">
        <ele>2.255841</ele>
        <time>2023-06-18T00:04:55.967Z</time>
      </trkpt>
      <trkpt lat="37.553693" lon="-122.077267">
        <ele>2.241835</ele>
        <time>2023-06-18T00:04:58.967Z</time>
      </trkpt>
      <trkpt lat="37.553777" lon="-122.077327">
        <ele>2.229045</ele>
        <time>2023-06-18T00:05:01.967Z</time>
      </trkpt>
      <trkpt lat="37.553866" lon="-122.077385">
        <ele>2.215773</ele>
        <time>2023-06-18T00:05:04.967Z</time>
      </trkpt>
      <trkpt lat="37.553953" lon="-122.077450">
        <ele>2.202376</ele>
        <time>2023-06-18T00:05:07.967Z</time>
      </trkpt>
      <trkpt lat="37.554035" lon="-122.077511">
        <ele>2.222555</ele>
        <time>2023-06-18T00:05:10.967Z</time>
      </trkpt>
      <trkpt lat="37.554116" lon="-122.077580">
        <ele>2.272577</ele>
        <time>2023-06-18T00:05:13.967Z</time>
      </trkpt>
      <trkpt lat="37.554201" lon="-122.077643">
        <ele>2.323033</ele>
        <time>2023-06-18T00:05:16.967Z</time>
      </trkpt>
      <trkpt lat="37.554283" lon="-122.077708">
        <ele>2.372598</ele>
        <time>2023-06-18T00:05:19.967Z</time>
      </trkpt>
      <trkpt lat="37.554371" lon="-122.077768">
        <ele>2.423793</ele>
        <time>2023-06-18T00:05:22.967Z</time>
      </trkpt>
      <trkpt lat="37.554453" lon="-122.077830">
        <ele>2.472721</ele>
        <time>2023-06-18T00:05:25.967Z</time>
      </trkpt>
      <trkpt lat="37.554544" lon="-122.077885">
        <ele>2.524364</ele>
        <time>2023-06-18T00:05:28.967Z</time>
      </trkpt>
      <trkpt lat="37.554640" lon="-122.077939">
        <ele>2.578159</ele>
        <time>2023-06-18T00:05:31.967Z</time>
      </trkpt>
      <trkpt lat="37.554736" lon="-122.077991">
        <ele>2.631628</ele>
        <time>2023-06-18T00:05:34.967Z</time>
      </trkpt>
      <trkpt lat="37.554835" lon="-122.078043">
        <ele>2.686512</ele>
        <time>2023-06-18T00:05:37.967Z</time>
      </trkpt>
      <trkpt lat="37.554930" lon="-122.078103">
        <ele>2.740885</ele>
        <time>2023-06-18T00:05:40.967Z</time>
      </trkpt>
      <trkpt lat="37.555023" lon="-122.078163">
        <ele>2.794346</ele>
        <time>2023-06-18T00:05:43.967Z</time>
      </trkpt>
      <trkpt lat="37.555115" lon="-122.078218">
        <ele>2.846450</ele>
        <time>2023-06-18T00:05:46.967Z</time>
      </trkpt>
      <trkpt lat="37.555206" lon="-122.078276">
        <ele>2.898630</ele>
        <time>2023-06-18T00:05:49.967Z</time>
      </trkpt>
      <trkpt lat="37.555298" lon="-122.078330">
        <ele>2.950562</ele>
        <time>2023-06-18T00:05:52.967Z</time>
      </trkpt>
      <trkpt lat="37.555390" lon="-122.078394">
        <ele>3.004331</ele>
        <time>2023-06-18T00:05:55.967Z</time>
      </trkpt>
      <trkpt lat="37.555486" lon="-122.078455">
        <ele>3.059344</ele>
        <time>2023-06-18T00:05:58.967Z</time>
      </trkpt>
      <trkpt lat="37.555579" lon="-122.078516">
        <ele>3.112990</ele>
        <time>2023-06-18T00:06:01.967Z</time>
      </trkpt>
      <trkpt lat="37.555671" lon="-122.078578">
        <ele>3.132338</ele>
        <time>2023-06-18T00:06:04.967Z</time>
      </trkpt>
      <trkpt lat="37.555765" lon="-122.078641">
        <ele>3.149244</ele>
        <time>2023-06-18T00:06:07.967Z</time>
      </trkpt>
      <trkpt lat="37.555859" lon="-122.078697">
        <ele>3.165754</ele>
        <time>2023-06-18T00:06:10.967Z</time>
      </trkpt>
      <trkpt lat="37.555960" lon="-122.078738">
        <ele>3.182605</ele>
        <time>2023-06-18T00:06:13.967Z</time>
      </trkpt>
      <trkpt lat="37.556048" lon="-122.078775">
        <ele>3.197337</ele>
        <time>2023-06-18T00:06:16.967Z</time>
      </trkpt>
      <trkpt lat="37.556144" lon="-122.078817">
        <ele>3.213475</ele>
        <time>2023-06-18T00:06:20.967Z</time>
      </trkpt>
      <trkpt lat="37.556246" lon="-122.078791">
        <ele>3.230002</ele>
        <time>2023-06-18T00:06:24.967Z</time>
      </trkpt>
      <trkpt lat="37.556309" lon="-122.078696">
        <ele>3.245597</ele>
        <time>2023-06-18T00:06:27.967Z</time>
      </trkpt>
      <trkpt lat="37.556352" lon="-122.078584">
        <ele>3.261265</ele>
        <time>2023-06-18T00:06:30.967Z</time>
      </trkpt>
      <trkpt lat="37.556416" lon="-122.078477">
        <ele>3.278141</ele>
        <time>2023-06-18T00:06:33.968Z</time>
      </trkpt>
      <trkpt lat="37.556491" lon="-122.078382">
        <ele>3.295022</ele>
        <time>2023-06-18T00:06:36.967Z</time>
      </trkpt>
      <trkpt lat="37.556597" lon="-122.078357">
        <ele>3.312149</ele>
        <time>2023-06-18T00:06:39.967Z</time>
      </trkpt>
      <trkpt lat="37.556698" lon="-122.078341">
        <ele>3.328316</ele>
        <time>2023-06-18T00:06:42.968Z</time>
      </trkpt>
      <trkpt lat="37.556800" lon="-122.078325">
        <ele>3.344640</ele>
        <time>2023-06-18T00:06:45.967Z</time>
      </trkpt>
      <trkpt lat="37.556905" lon="-122.078319">
        <ele>3.361333</ele>
        <time>2023-06-18T00:06:48.967Z</time>
      </trkpt>
      <trkpt lat="37.557006" lon="-122.078325">
        <ele>3.377392</ele>
        <time>2023-06-18T00:06:51.967Z</time>
      </trkpt>
      <trkpt lat="37.557102" lon="-122.078314">
        <ele>3.392702</ele>
        <time>2023-06-18T00:06:54.967Z</time>
      </trkpt>
      <trkpt lat="37.557180" lon="-122.078246">
        <ele>3.407993</ele>
        <time>2023-06-18T00:06:57.967Z</time>
      </trkpt>
      <trkpt lat="37.557256" lon="-122.078162">
        <ele>3.424775</ele>
        <time>2023-06-18T00:07:00.967Z</time>
      </trkpt>
      <trkpt lat="37.557329" lon="-122.078069">
        <ele>3.442006</ele>
        <time>2023-06-18T00:07:03.967Z</time>
      </trkpt>
      <trkpt lat="37.557405" lon="-122.077972">
        <ele>3.459963</ele>
        <time>2023-06-18T00:07:06.967Z</time>
      </trkpt>
      <trkpt lat="37.557479" lon="-122.077871">
        <ele>3.478070</ele>
        <time>2023-06-18T00:07:09.967Z</time>
      </trkpt>
      <trkpt lat="37.557555" lon="-122.077772">
        <ele>3.496215</ele>
        <time>2023-06-18T00:07:12.967Z</time>
      </trkpt>
      <trkpt lat="37.557614" lon="-122.077664">
        <ele>3.513484</ele>
        <time>2023-06-18T00:07:15.967Z</time>
      </trkpt>
      <trkpt lat="37.557648" lon="-122.077542">
        <ele>3.530510</ele>
        <time>2023-06-18T00:07:18.967Z</time>
      </trkpt>
      <trkpt lat="37.557677" lon="-122.077429">
        <ele>3.546148</ele>
        <time>2023-06-18T00:07:21.967Z</time>
      </trkpt>
      <trkpt lat="37.557691" lon="-122.077310">
        <ele>3.561987</ele>
        <time>2023-06-18T00:07:24.967Z</time>
      </trkpt>
      <trkpt lat="37.557695" lon="-122.077181">
        <ele>3.578985</ele>
        <time>2023-06-18T00:07:27.967Z</time>
      </trkpt>
      <trkpt lat="37.557702" lon="-122.077060">
        <ele>3.594958</ele>
        <time>2023-06-18T00:07:30.967Z</time>
      </trkpt>
      <trkpt lat="37.557687" lon="-122.076923">
        <ele>3.613167</ele>
        <time>2023-06-18T00:07:33.966Z</time>
      </trkpt>
      <trkpt lat="37.557675" lon="-122.076775">
        <ele>3.632755</ele>
        <time>2023-06-18T00:07:37.966Z</time>
      </trkpt>
      <trkpt lat="37.557667" lon="-122.076623">
        <ele>3.652811</ele>
        <time>2023-06-18T00:07:40.966Z</time>
      </trkpt>
      <trkpt lat="37.557660" lon="-122.076471">
        <ele>3.672858</ele>
        <time>2023-06-18T00:07:43.966Z</time>
      </trkpt>
      <trkpt lat="37.557676" lon="-122.076325">
        <ele>3.692263</ele>
        <time>2023-06-18T00:07:46.966Z</time>
      </trkpt>
      <trkpt lat="37.557698" lon="-122.076192">
        <ele>3.666443</ele>
        <time>2023-06-18T00:07:49.966Z</time>
      </trkpt>
      <trkpt lat="37.557764" lon="-122.076083">
        <ele>3.594174</ele>
        <time>2023-06-18T00:07:52.966Z</time>
      </trkpt>
      <trkpt lat="37.557843" lon="-122.076008">
        <ele>3.528458</ele>
        <time>2023-06-18T00:07:55.966Z</time>
      </trkpt>
      <trkpt lat="37.557912" lon="-122.075920">
        <ele>3.463241</ele>
        <time>2023-06-18T00:07:58.966Z</time>
      </trkpt>
      <trkpt lat="37.557986" lon="-122.075823">
        <ele>3.392310</ele>
        <time>2023-06-18T00:08:01.966Z</time>
      </trkpt>
      <trkpt lat="37.558064" lon="-122.075731">
        <ele>3.321334</ele>
        <time>2023-06-18T00:08:04.966Z</time>
      </trkpt>
      <trkpt lat="37.558146" lon="-122.075658">
        <ele>3.254627</ele>
        <time>2023-06-18T00:08:07.966Z</time>
      </trkpt>
      <trkpt lat="37.558236" lon="-122.075585">
        <ele>3.183509</ele>
        <time>2023-06-18T00:08:10.966Z</time>
      </trkpt>
      <trkpt lat="37.558333" lon="-122.075517">
        <ele>3.109750</ele>
        <time>2023-06-18T00:08:13.966Z</time>
      </trkpt>
      <trkpt lat="37.558442" lon="-122.075468">
        <ele>3.032840</ele>
        <time>2023-06-18T00:08:16.966Z</time>
      </trkpt>
      <trkpt lat="37.558548" lon="-122.075445">
        <ele>2.961351</ele>
        <time>2023-06-18T00:08:19.966Z</time>
      </trkpt>
      <trkpt lat="37.558651" lon="-122.075442">
        <ele>2.892873</ele>
        <time>2023-06-18T00:08:22.966Z</time>
      </trkpt>
      <trkpt lat="37.558759" lon="-122.075413">
        <ele>2.819482</ele>
        <time>2023-06-18T00:08:25.966Z</time>
      </trkpt>
      <trkpt lat="37.558864" lon="-122.075369">
        <ele>2.745943</ele>
        <time>2023-06-18T00:08:28.966Z</time>
      </trkpt>
      <trkpt lat="37.558974" lon="-122.075339">
        <ele>2.671142</ele>
        <time>2023-06-18T00:08:31.966Z</time>
      </trkpt>
      <trkpt lat="37.559088" lon="-122.075324">
        <ele>2.594960</ele>
        <time>2023-06-18T00:08:34.966Z</time>
      </trkpt>
      <trkpt lat="37.559201" lon="-122.075296">
        <ele>2.518418</ele>
        <time>2023-06-18T00:08:37.966Z</time>
      </trkpt>
      <trkpt lat="37.559301" lon="-122.075238">
        <ele>2.512988</ele>
        <time>2023-06-18T00:08:40.967Z</time>
      </trkpt>
      <trkpt lat="37.559404" lon="-122.075221">
        <ele>2.521018</ele>
        <time>2023-06-18T00:08:43.967Z</time>
      </trkpt>
      <trkpt lat="37.559519" lon="-122.075261">
        <ele>2.530239</ele>
        <time>2023-06-18T00:08:46.967Z</time>
      </trkpt>
      <trkpt lat="37.559625" lon="-122.075298">
        <ele>2.538741</ele>
        <time>2023-06-18T00:08:49.967Z</time>
      </trkpt>
      <trkpt lat="37.559736" lon="-122.075326">
        <ele>2.547492</ele>
        <time>2023-06-18T00:08:52.966Z</time>
      </trkpt>
      <trkpt lat="37.559846" lon="-122.075362">
        <ele>2.556277</ele>
        <time>2023-06-18T00:08:55.966Z</time>
      </trkpt>
      <trkpt lat="37.559942" lon="-122.075396">
        <ele>2.563985</ele>
        <time>2023-06-18T00:08:58.966Z</time>
      </trkpt>
      <trkpt lat="37.560048" lon="-122.075437">
        <ele>2.572555</ele>
        <time>2023-06-18T00:09:01.966Z</time>
      </trkpt>
      <trkpt lat="37.560142" lon="-122.075479">
        <ele>2.580264</ele>
        <time>2023-06-18T00:09:04.966Z</time>
      </trkpt>
      <trkpt lat="37.560241" lon="-122.075530">
        <ele>2.588531</ele>
        <time>2023-06-18T00:09:07.966Z</time>
      </trkpt>
      <trkpt lat="37.560339" lon="-122.075586">
        <ele>2.596847</ele>
        <time>2023-06-18T00:09:10.966Z</time>
      </trkpt>
      <trkpt lat="37.560428" lon="-122.075642">
        <ele>2.604535</ele>
        <time>2023-06-18T00:09:13.966Z</time>
      </trkpt>
      <trkpt lat="37.560523" lon="-122.075690">
        <ele>2.612446</ele>
        <time>2023-06-18T00:09:16.966Z</time>
      </trkpt>
      <trkpt lat="37.560619" lon="-122.075727">
        <ele>2.620206</ele>
        <time>2023-06-18T00:09:19.966Z</time>
      </trkpt>
      <trkpt lat="37.560722" lon="-122.075749">
        <ele>2.628282</ele>
        <time>2023-06-18T00:09:23.966Z</time>
      </trkpt>
      <trkpt lat="37.560738" lon="-122.075883">
        <ele>2.636585</ele>
        <time>2023-06-18T00:09:28.966Z</time>
      </trkpt>
      <trkpt lat="37.560742" lon="-122.076009">
        <ele>2.644313</ele>
        <time>2023-06-18T00:09:32.966Z</time>
      </trkpt>
      <trkpt lat="37.560750" lon="-122.076140">
        <ele>2.676468</ele>
        <time>2023-06-18T00:09:36.966Z</time>
      </trkpt>
      <trkpt lat="37.560743" lon="-122.076265">
        <ele>2.709185</ele>
        <time>2023-06-18T00:09:41.966Z</time>
      </trkpt>
      <trkpt lat="37.560724" lon="-122.076400">
        <ele>2.744983</ele>
        <time>2023-06-18T00:09:47.966Z</time>
      </trkpt>
      <trkpt lat="37.560763" lon="-122.076224">
        <ele>2.792696</ele>
        <time>2023-06-18T00:10:18.966Z</time>
      </trkpt>
      <trkpt lat="37.560760" lon="-122.076102">
        <ele>2.824564</ele>
        <time>2023-06-18T00:10:21.965Z</time>
      </trkpt>
      <trkpt lat="37.560759" lon="-122.075949">
        <ele>2.864512</ele>
        <time>2023-06-18T00:10:25.965Z</time>
      </trkpt>
      <trkpt lat="37.560760" lon="-122.075822">
        <ele>2.897671</ele>
        <time>2023-06-18T00:10:28.965Z</time>
      </trkpt>
      <trkpt lat="37.560759" lon="-122.075676">
        <ele>2.935791</ele>
        <time>2023-06-18T00:10:31.965Z</time>
      </trkpt>
      <trkpt lat="37.560755" lon="-122.075529">
        <ele>2.974194</ele>
        <time>2023-06-18T00:10:34.965Z</time>
      </trkpt>
      <trkpt lat="37.560744" lon="-122.075371">
        <ele>3.015604</ele>
        <time>2023-06-18T00:10:37.965Z</time>
      </trkpt>
      <trkpt lat="37.560764" lon="-122.075224">
        <ele>3.054546</ele>
        <time>2023-06-18T00:10:40.965Z</time>
      </trkpt>
      <trkpt lat="37.560831" lon="-122.075084">
        <ele>3.097242</ele>
        <time>2023-06-18T00:10:43.965Z</time>
      </trkpt>
      <trkpt lat="37.560899" lon="-122.074962">
        <ele>3.136181</ele>
        <time>2023-06-18T00:10:46.966Z</time>
      </trkpt>
      <trkpt lat="37.560975" lon="-122.074848">
        <ele>3.175071</ele>
        <time>2023-06-18T00:10:49.966Z</time>
      </trkpt>
      <trkpt lat="37.561044" lon="-122.074738">
        <ele>3.211695</ele>
        <time>2023-06-18T00:10:52.966Z</time>
      </trkpt>
      <trkpt lat="37.561105" lon="-122.074632">
        <ele>3.237729</ele>
        <time>2023-06-18T00:10:55.966Z</time>
      </trkpt>
      <trkpt lat="37.561151" lon="-122.074505">
        <ele>3.239239</ele>
        <time>2023-06-18T00:10:58.966Z</time>
      </trkpt>
      <trkpt lat="37.561188" lon="-122.074378">
        <ele>3.240702</ele>
        <time>2023-06-18T00:11:01.966Z</time>
      </trkpt>
      <trkpt lat="37.561231" lon="-122.074244">
        <ele>3.242265</ele>
        <time>2023-06-18T00:11:04.966Z</time>
      </trkpt>
      <trkpt lat="37.561267" lon="-122.074115">
        <ele>3.243744</ele>
        <time>2023-06-18T00:11:07.966Z</time>
      </trkpt>
      <trkpt lat="37.561309" lon="-122.073982">
        <ele>3.245292</ele>
        <time>2023-06-18T00:11:10.966Z</time>
      </trkpt>
      <trkpt lat="37.561346" lon="-122.073835">
        <ele>3.246960</ele>
        <time>2023-06-18T00:11:13.966Z</time>
      </trkpt>
      <trkpt lat="37.561391" lon="-122.073693">
        <ele>3.248614</ele>
        <time>2023-06-18T00:11:16.966Z</time>
      </trkpt>
      <trkpt lat="37.561431" lon="-122.073545">
        <ele>3.250305</ele>
        <time>2023-06-18T00:11:19.966Z</time>
      </trkpt>
      <trkpt lat="37.561471" lon="-122.073412">
        <ele>3.251843</ele>
        <time>2023-06-18T00:11:22.966Z</time>
      </trkpt>
      <trkpt lat="37.561504" lon="-122.073269">
        <ele>3.253454</ele>
        <time>2023-06-18T00:11:25.966Z</time>
      </trkpt>
      <trkpt lat="37.561543" lon="-122.073137">
        <ele>3.254977</ele>
        <time>2023-06-18T00:11:28.966Z</time>
      </trkpt>
      <trkpt lat="37.561584" lon="-122.072997">
        <ele>3.256591</ele>
        <time>2023-06-18T00:11:31.966Z</time>
      </trkpt>
      <trkpt lat="37.561627" lon="-122.072859">
        <ele>3.258195</ele>
        <time>2023-06-18T00:11:34.966Z</time>
      </trkpt>
      <trkpt lat="37.561663" lon="-122.072717">
        <ele>3.259807</ele>
        <time>2023-06-18T00:11:37.966Z</time>
      </trkpt>
      <trkpt lat="37.561706" lon="-122.072584">
        <ele>3.261360</ele>
        <time>2023-06-18T00:11:40.966Z</time>
      </trkpt>
      <trkpt lat="37.561747" lon="-122.072454">
        <ele>3.262613</ele>
        <time>2023-06-18T00:11:43.966Z</time>
      </trkpt>
      <trkpt lat="37.561784" lon="-122.072324">
        <ele>3.263701</ele>
        <time>2023-06-18T00:11:46.966Z</time>
      </trkpt>
      <trkpt lat="37.561825" lon="-122.072180">
        <ele>3.264906</ele>
        <time>2023-06-18T00:11:49.966Z</time>
      </trkpt>
      <trkpt lat="37.561863" lon="-122.072040">
        <ele>3.266071</ele>
        <time>2023-06-18T00:11:52.966Z</time>
      </trkpt>
      <trkpt lat="37.561904" lon="-122.071897">
        <ele>3.267269</ele>
        <time>2023-06-18T00:11:55.966Z</time>
      </trkpt>
      <trkpt lat="37.561946" lon="-122.071761">
        <ele>3.268419</ele>
        <time>2023-06-18T00:11:58.965Z</time>
      </trkpt>
      <trkpt lat="37.561983" lon="-122.071611">
        <ele>3.269656</ele>
        <time>2023-06-18T00:12:01.965Z</time>
      </trkpt>
      <trkpt lat="37.562025" lon="-122.071462">
        <ele>3.270902</ele>
        <time>2023-06-18T00:12:04.965Z</time>
      </trkpt>
      <trkpt lat="37.562065" lon="-122.071318">
        <ele>3.272104</ele>
        <time>2023-06-18T00:12:07.965Z</time>
      </trkpt>
      <trkpt lat="37.562103" lon="-122.071165">
        <ele>3.273367</ele>
        <time>2023-06-18T00:12:10.965Z</time>
      </trkpt>
      <trkpt lat="37.562150" lon="-122.071025">
        <ele>3.274565</ele>
        <time>2023-06-18T00:12:13.965Z</time>
      </trkpt>
      <trkpt lat="37.562190" lon="-122.070878">
        <ele>3.275789</ele>
        <time>2023-06-18T00:12:16.965Z</time>
      </trkpt>
      <trkpt lat="37.562230" lon="-122.070731">
        <ele>3.277013</ele>
        <time>2023-06-18T00:12:19.965Z</time>
      </trkpt>
      <trkpt lat="37.562267" lon="-122.070582">
        <ele>3.278243</ele>
        <time>2023-06-18T00:12:22.965Z</time>
      </trkpt>
      <trkpt lat="37.562310" lon="-122.070439">
        <ele>3.279448</ele>
        <time>2023-06-18T00:12:25.965Z</time>
      </trkpt>
      <trkpt lat="37.562348" lon="-122.070298">
        <ele>3.299234</ele>
        <time>2023-06-18T00:12:28.965Z</time>
      </trkpt>
      <trkpt lat="37.562396" lon="-122.070149">
        <ele>3.328761</ele>
        <time>2023-06-18T00:12:31.965Z</time>
      </trkpt>
      <trkpt lat="37.562440" lon="-122.070004">
        <ele>3.357264</ele>
        <time>2023-06-18T00:12:34.965Z</time>
      </trkpt>
      <trkpt lat="37.562478" lon="-122.069858">
        <ele>3.385475</ele>
        <time>2023-06-18T00:12:37.965Z</time>
      </trkpt>
      <trkpt lat="37.562528" lon="-122.069722">
        <ele>3.412997</ele>
        <time>2023-06-18T00:12:40.965Z</time>
      </trkpt>
      <trkpt lat="37.562572" lon="-122.069588">
        <ele>3.439625</ele>
        <time>2023-06-18T00:12:43.965Z</time>
      </trkpt>
      <trkpt lat="37.562619" lon="-122.069450">
        <ele>3.467199</ele>
        <time>2023-06-18T00:12:46.965Z</time>
      </trkpt>
      <trkpt lat="37.562669" lon="-122.069319">
        <ele>3.493891</ele>
        <time>2023-06-18T00:12:49.965Z</time>
      </trkpt>
      <trkpt lat="37.562724" lon="-122.069184">
        <ele>3.521756</ele>
        <time>2023-06-18T00:12:52.965Z</time>
      </trkpt>
      <trkpt lat="37.562776" lon="-122.069050">
        <ele>3.549146</ele>
        <time>2023-06-18T00:12:55.966Z</time>
      </trkpt>
      <trkpt lat="37.562833" lon="-122.068927">
        <ele>3.575302</ele>
        <time>2023-06-18T00:12:58.965Z</time>
      </trkpt>
      <trkpt lat="37.562893" lon="-122.068807">
        <ele>3.601348</ele>
        <time>2023-06-18T00:13:01.966Z</time>
      </trkpt>
      <trkpt lat="37.562951" lon="-122.068700">
        <ele>3.625145</ele>
        <time>2023-06-18T00:13:04.966Z</time>
      </trkpt>
      <trkpt lat="37.563010" lon="-122.068599">
        <ele>3.648178</ele>
        <time>2023-06-18T00:13:07.966Z</time>
      </trkpt>
      <trkpt lat="37.563068" lon="-122.068483">
        <ele>3.673356</ele>
        <time>2023-06-18T00:13:10.966Z</time>
      </trkpt>
      <trkpt lat="37.563125" lon="-122.068373">
        <ele>3.697589</ele>
        <time>2023-06-18T00:13:13.966Z</time>
      </trkpt>
      <trkpt lat="37.563192" lon="-122.068253">
        <ele>3.727068</ele>
        <time>2023-06-18T00:13:16.965Z</time>
      </trkpt>
      <trkpt lat="37.563242" lon="-122.068139">
        <ele>3.753234</ele>
        <time>2023-06-18T00:13:19.965Z</time>
      </trkpt>
      <trkpt lat="37.563296" lon="-122.068010">
        <ele>3.782532</ele>
        <time>2023-06-18T00:13:22.965Z</time>
      </trkpt>
      <trkpt lat="37.563344" lon="-122.067876">
        <ele>3.812064</ele>
        <time>2023-06-18T00:13:25.965Z</time>
      </trkpt>
      <trkpt lat="37.563402" lon="-122.067747">
        <ele>3.841849</ele>
        <time>2023-06-18T00:13:28.965Z</time>
      </trkpt>
      <trkpt lat="37.563472" lon="-122.067632">
        <ele>3.870969</ele>
        <time>2023-06-18T00:13:31.965Z</time>
      </trkpt>
      <trkpt lat="37.563542" lon="-122.067512">
        <ele>3.900891</ele>
        <time>2023-06-18T00:13:34.965Z</time>
      </trkpt>
      <trkpt lat="37.563622" lon="-122.067395">
        <ele>3.931923</ele>
        <time>2023-06-18T00:13:37.965Z</time>
      </trkpt>
      <trkpt lat="37.563702" lon="-122.067285">
        <ele>3.961904</ele>
        <time>2023-06-18T00:13:40.965Z</time>
      </trkpt>
      <trkpt lat="37.563782" lon="-122.067173">
        <ele>3.992182</ele>
        <time>2023-06-18T00:13:43.965Z</time>
      </trkpt>
      <trkpt lat="37.563863" lon="-122.067068">
        <ele>4.021608</ele>
        <time>2023-06-18T00:13:46.965Z</time>
      </trkpt>
      <trkpt lat="37.563949" lon="-122.066971">
        <ele>4.050835</ele>
        <time>2023-06-18T00:13:49.965Z</time>
      </trkpt>
      <trkpt lat="37.564032" lon="-122.066870">
        <ele>4.080053</ele>
        <time>2023-06-18T00:13:52.965Z</time>
      </trkpt>
      <trkpt lat="37.564122" lon="-122.066780">
        <ele>4.109150</ele>
        <time>2023-06-18T00:13:55.965Z</time>
      </trkpt>
      <trkpt lat="37.564214" lon="-122.066716">
        <ele>4.135768</ele>
        <time>2023-06-18T00:13:58.965Z</time>
      </trkpt>
      <trkpt lat="37.564318" lon="-122.066673">
        <ele>4.222953</ele>
        <time>2023-06-18T00:14:01.965Z</time>
      </trkpt>
      <trkpt lat="37.564421" lon="-122.066665">
        <ele>4.384916</ele>
        <time>2023-06-18T00:14:04.965Z</time>
      </trkpt>
      <trkpt lat="37.564518" lon="-122.066704">
        <ele>4.544700</ele>
        <time>2023-06-18T00:14:08.965Z</time>
      </trkpt>
      <trkpt lat="37.564593" lon="-122.066781">
        <ele>4.696465</ele>
        <time>2023-06-18T00:14:12.965Z</time>
      </trkpt>
      <trkpt lat="37.564648" lon="-122.066891">
        <ele>4.858264</ele>
        <time>2023-06-18T00:14:16.965Z</time>
      </trkpt>
      <trkpt lat="37.564632" lon="-122.067016">
        <ele>5.015788</ele>
        <time>2023-06-18T00:14:19.965Z</time>
      </trkpt>
      <trkpt lat="37.564525" lon="-122.067120">
        <ele>5.227784</ele>
        <time>2023-06-18T00:14:22.965Z</time>
      </trkpt>
      <trkpt lat="37.564432" lon="-122.067199">
        <ele>5.403751</ele>
        <time>2023-06-18T00:14:24.965Z</time>
      </trkpt>
      <trkpt lat="37.564345" lon="-122.067279">
        <ele>5.572719</ele>
        <time>2023-06-18T00:14:26.965Z</time>
      </trkpt>
      <trkpt lat="37.564281" lon="-122.067369">
        <ele>5.723139</ele>
        <time>2023-06-18T00:14:28.965Z</time>
      </trkpt>
      <trkpt lat="37.564312" lon="-122.067476">
        <ele>5.864869</ele>
        <time>2023-06-18T00:14:30.965Z</time>
      </trkpt>
      <trkpt lat="37.564412" lon="-122.067438">
        <ele>6.028782</ele>
        <time>2023-06-18T00:14:33.965Z</time>
      </trkpt>
      <trkpt lat="37.564497" lon="-122.067382">
        <ele>6.179285</ele>
        <time>2023-06-18T00:14:37.965Z</time>
      </trkpt>
      <trkpt lat="37.564605" lon="-122.067316">
        <ele>6.367629</ele>
        <time>2023-06-18T00:14:41.965Z</time>
      </trkpt>
      <trkpt lat="37.564709" lon="-122.067325">
        <ele>6.531239</ele>
        <time>2023-06-18T00:14:48.965Z</time>
      </trkpt>
      <trkpt lat="37.564801" lon="-122.067296">
        <ele>6.680071</ele>
        <time>2023-06-18T00:14:52.965Z</time>
      </trkpt>
      <trkpt lat="37.564925" lon="-122.067236">
        <ele>6.888510</ele>
        <time>2023-06-18T00:14:55.965Z</time>
      </trkpt>
      <trkpt lat="37.565022" lon="-122.067181">
        <ele>6.965749</ele>
        <time>2023-06-18T00:14:57.966Z</time>
      </trkpt>
      <trkpt lat="37.565105" lon="-122.067122">
        <ele>6.948562</ele>
        <time>2023-06-18T00:14:59.965Z</time>
      </trkpt>
      <trkpt lat="37.565182" lon="-122.067044">
        <ele>6.930747</ele>
        <time>2023-06-18T00:15:01.965Z</time>
      </trkpt>
      <trkpt lat="37.565220" lon="-122.066929">
        <ele>6.912930</ele>
        <time>2023-06-18T00:15:03.965Z</time>
      </trkpt>
      <trkpt lat="37.565274" lon="-122.066810">
        <ele>6.893322</ele>
        <time>2023-06-18T00:15:08.965Z</time>
      </trkpt>
      <trkpt lat="37.565337" lon="-122.066716">
        <ele>6.875719</ele>
        <time>2023-06-18T00:15:12.965Z</time>
      </trkpt>
      <trkpt lat="37.565434" lon="-122.066635">
        <ele>6.854734</ele>
        <time>2023-06-18T00:15:16.965Z</time>
      </trkpt>
      <trkpt lat="37.565527" lon="-122.066581">
        <ele>6.836265</ele>
        <time>2023-06-18T00:15:19.965Z</time>
      </trkpt>
      <trkpt lat="37.565613" lon="-122.066510">
        <ele>6.817723</ele>
        <time>2023-06-18T00:15:22.965Z</time>
      </trkpt>
      <trkpt lat="37.565705" lon="-122.066433">
        <ele>6.797806</ele>
        <time>2023-06-18T00:15:25.965Z</time>
      </trkpt>
      <trkpt lat="37.565809" lon="-122.066365">
        <ele>6.776674</ele>
        <time>2023-06-18T00:15:28.965Z</time>
      </trkpt>
      <trkpt lat="37.565910" lon="-122.066296">
        <ele>6.755953</ele>
        <time>2023-06-18T00:15:31.965Z</time>
      </trkpt>
      <trkpt lat="37.566017" lon="-122.066211">
        <ele>6.733141</ele>
        <time>2023-06-18T00:15:34.965Z</time>
      </trkpt>
      <trkpt lat="37.566126" lon="-122.066124">
        <ele>6.709872</ele>
        <time>2023-06-18T00:15:37.965Z</time>
      </trkpt>
      <trkpt lat="37.566232" lon="-122.066050">
        <ele>6.688017</ele>
        <time>2023-06-18T00:15:40.965Z</time>
      </trkpt>
      <trkpt lat="37.566334" lon="-122.065966">
        <ele>6.666042</ele>
        <time>2023-06-18T00:15:43.965Z</time>
      </trkpt>
      <trkpt lat="37.566431" lon="-122.065898">
        <ele>6.651790</ele>
        <time>2023-06-18T00:15:46.965Z</time>
      </trkpt>
      <trkpt lat="37.566538" lon="-122.065818">
        <ele>6.658188</ele>
        <time>2023-06-18T00:15:49.964Z</time>
      </trkpt>
      <trkpt lat="37.566633" lon="-122.065724">
        <ele>6.664399</ele>
        <time>2023-06-18T00:15:52.964Z</time>
      </trkpt>
      <trkpt lat="37.566740" lon="-122.065634">
        <ele>6.671014</ele>
        <time>2023-06-18T00:15:55.964Z</time>
      </trkpt>
      <trkpt lat="37.566837" lon="-122.065546">
        <ele>6.677160</ele>
        <time>2023-06-18T00:15:58.964Z</time>
      </trkpt>
      <trkpt lat="37.566930" lon="-122.065465">
        <ele>6.682973</ele>
        <time>2023-06-18T00:16:01.964Z</time>
      </trkpt>
      <trkpt lat="37.567013" lon="-122.065396">
        <ele>6.688086</ele>
        <time>2023-06-18T00:16:04.964Z</time>
      </trkpt>
      <trkpt lat="37.567107" lon="-122.065322">
        <ele>6.693785</ele>
        <time>2023-06-18T00:16:07.964Z</time>
      </trkpt>
      <trkpt lat="37.567206" lon="-122.065244">
        <ele>6.699789</ele>
        <time>2023-06-18T00:16:10.964Z</time>
      </trkpt>
      <trkpt lat="37.567303" lon="-122.065165">
        <ele>6.705728</ele>
        <time>2023-06-18T00:16:13.964Z</time>
      </trkpt>
      <trkpt lat="37.567404" lon="-122.065090">
        <ele>6.711757</ele>
        <time>2023-06-18T00:16:16.964Z</time>
      </trkpt>
      <trkpt lat="37.567497" lon="-122.065015">
        <ele>6.717434</ele>
        <time>2023-06-18T00:16:19.964Z</time>
      </trkpt>
      <trkpt lat="37.567589" lon="-122.064939">
        <ele>6.723091</ele>
        <time>2023-06-18T00:16:22.964Z</time>
      </trkpt>
      <trkpt lat="37.567679" lon="-122.064868">
        <ele>6.728551</ele>
        <time>2023-06-18T00:16:25.964Z</time>
      </trkpt>
      <trkpt lat="37.567770" lon="-122.064790">
        <ele>6.734210</ele>
        <time>2023-06-18T00:16:28.964Z</time>
      </trkpt>
      <trkpt lat="37.567866" lon="-122.064717">
        <ele>6.739976</ele>
        <time>2023-06-18T00:16:31.964Z</time>
      </trkpt>
      <trkpt lat="37.567951" lon="-122.064641">
        <ele>6.760137</ele>
        <time>2023-06-18T00:16:34.964Z</time>
      </trkpt>
      <trkpt lat="37.568040" lon="-122.064571">
        <ele>6.800201</ele>
        <time>2023-06-18T00:16:37.964Z</time>
      </trkpt>
      <trkpt lat="37.568129" lon="-122.064489">
        <ele>6.842300</ele>
        <time>2023-06-18T00:16:40.964Z</time>
      </trkpt>
      <trkpt lat="37.568241" lon="-122.064404">
        <ele>6.892229</ele>
        <time>2023-06-18T00:16:43.964Z</time>
      </trkpt>
      <trkpt lat="37.568320" lon="-122.064340">
        <ele>6.928093</ele>
        <time>2023-06-18T00:16:45.964Z</time>
      </trkpt>
      <trkpt lat="37.568427" lon="-122.064237">
        <ele>6.979506</ele>
        <time>2023-06-18T00:16:48.964Z</time>
      </trkpt>
      <trkpt lat="37.568511" lon="-122.064173">
        <ele>7.016991</ele>
        <time>2023-06-18T00:16:50.964Z</time>
      </trkpt>
      <trkpt lat="37.568587" lon="-122.064105">
        <ele>7.052583</ele>
        <time>2023-06-18T00:16:52.964Z</time>
      </trkpt>
      <trkpt lat="37.568665" lon="-122.064042">
        <ele>7.087962</ele>
        <time>2023-06-18T00:16:54.964Z</time>
      </trkpt>
      <trkpt lat="37.568775" lon="-122.063948">
        <ele>7.138714</ele>
        <time>2023-06-18T00:16:57.964Z</time>
      </trkpt>
      <trkpt lat="37.568853" lon="-122.063882">
        <ele>7.174591</ele>
        <time>2023-06-18T00:16:59.964Z</time>
      </trkpt>
      <trkpt lat="37.568958" lon="-122.063788">
        <ele>7.223773</ele>
        <time>2023-06-18T00:17:02.964Z</time>
      </trkpt>
      <trkpt lat="37.569060" lon="-122.063706">
        <ele>7.269976</ele>
        <time>2023-06-18T00:17:05.965Z</time>
      </trkpt>
      <trkpt lat="37.569170" lon="-122.063613">
        <ele>7.320558</ele>
        <time>2023-06-18T00:17:08.964Z</time>
      </trkpt>
      <trkpt lat="37.569246" lon="-122.063546">
        <ele>7.355976</ele>
        <time>2023-06-18T00:17:10.964Z</time>
      </trkpt>
      <trkpt lat="37.569328" lon="-122.063484">
        <ele>7.392494</ele>
        <time>2023-06-18T00:17:12.964Z</time>
      </trkpt>
      <trkpt lat="37.569406" lon="-122.063425">
        <ele>7.427235</ele>
        <time>2023-06-18T00:17:14.964Z</time>
      </trkpt>
      <trkpt lat="37.569482" lon="-122.063357">
        <ele>7.394721</ele>
        <time>2023-06-18T00:17:16.964Z</time>
      </trkpt>
      <trkpt lat="37.569573" lon="-122.063292">
        <ele>7.351496</ele>
        <time>2023-06-18T00:17:18.964Z</time>
      </trkpt>
      <trkpt lat="37.569654" lon="-122.063229">
        <ele>7.312163</ele>
        <time>2023-06-18T00:17:20.964Z</time>
      </trkpt>
      <trkpt lat="37.569735" lon="-122.063157">
        <ele>7.271206</ele>
        <time>2023-06-18T00:17:22.964Z</time>
      </trkpt>
      <trkpt lat="37.569846" lon="-122.063067">
        <ele>7.216666</ele>
        <time>2023-06-18T00:17:25.964Z</time>
      </trkpt>
      <trkpt lat="37.569953" lon="-122.062978">
        <ele>7.163690</ele>
        <time>2023-06-18T00:17:28.964Z</time>
      </trkpt>
      <trkpt lat="37.570032" lon="-122.062915">
        <ele>7.125059</ele>
        <time>2023-06-18T00:17:30.964Z</time>
      </trkpt>
      <trkpt lat="37.570146" lon="-122.062827">
        <ele>7.069816</ele>
        <time>2023-06-18T00:17:33.964Z</time>
      </trkpt>
      <trkpt lat="37.570250" lon="-122.062736">
        <ele>7.017500</ele>
        <time>2023-06-18T00:17:36.964Z</time>
      </trkpt>
      <trkpt lat="37.570351" lon="-122.062648">
        <ele>6.966764</ele>
        <time>2023-06-18T00:17:39.964Z</time>
      </trkpt>
      <trkpt lat="37.570453" lon="-122.062567">
        <ele>6.916945</ele>
        <time>2023-06-18T00:17:42.964Z</time>
      </trkpt>
      <trkpt lat="37.570555" lon="-122.062477">
        <ele>6.865496</ele>
        <time>2023-06-18T00:17:45.964Z</time>
      </trkpt>
      <trkpt lat="37.570662" lon="-122.062384">
        <ele>6.811787</ele>
        <time>2023-06-18T00:17:48.964Z</time>
      </trkpt>
      <trkpt lat="37.570768" lon="-122.062291">
        <ele>6.758419</ele>
        <time>2023-06-18T00:17:51.964Z</time>
      </trkpt>
      <trkpt lat="37.570843" lon="-122.062228">
        <ele>6.721175</ele>
        <time>2023-06-18T00:17:53.964Z</time>
      </trkpt>
      <trkpt lat="37.570920" lon="-122.062167">
        <ele>6.686518</ele>
        <time>2023-06-18T00:17:55.964Z</time>
      </trkpt>
      <trkpt lat="37.570994" lon="-122.062101">
        <ele>6.685015</ele>
        <time>2023-06-18T00:17:57.964Z</time>
      </trkpt>
      <trkpt lat="37.571071" lon="-122.062040">
        <ele>6.683508</ele>
        <time>2023-06-18T00:17:59.964Z</time>
      </trkpt>
      <trkpt lat="37.571174" lon="-122.061949">
        <ele>6.681422</ele>
        <time>2023-06-18T00:18:02.964Z</time>
      </trkpt>
      <trkpt lat="37.571279" lon="-122.061865">
        <ele>6.679361</ele>
        <time>2023-06-18T00:18:05.964Z</time>
      </trkpt>
      <trkpt lat="37.571379" lon="-122.061767">
        <ele>6.677261</ele>
        <time>2023-06-18T00:18:08.964Z</time>
      </trkpt>
      <trkpt lat="37.571480" lon="-122.061685">
        <ele>6.675269</ele>
        <time>2023-06-18T00:18:11.963Z</time>
      </trkpt>
      <trkpt lat="37.571582" lon="-122.061601">
        <ele>6.673250</ele>
        <time>2023-06-18T00:18:14.963Z</time>
      </trkpt>
      <trkpt lat="37.571678" lon="-122.061515">
        <ele>6.671297</ele>
        <time>2023-06-18T00:18:17.963Z</time>
      </trkpt>
      <trkpt lat="37.571780" lon="-122.061425">
        <ele>6.669233</ele>
        <time>2023-06-18T00:18:20.963Z</time>
      </trkpt>
      <trkpt lat="37.571878" lon="-122.061353">
        <ele>6.667353</ele>
        <time>2023-06-18T00:18:23.963Z</time>
      </trkpt>
      <trkpt lat="37.571970" lon="-122.061282">
        <ele>6.665564</ele>
        <time>2023-06-18T00:18:26.963Z</time>
      </trkpt>
      <trkpt lat="37.572065" lon="-122.061206">
        <ele>6.663699</ele>
        <time>2023-06-18T00:18:29.963Z</time>
      </trkpt>
      <trkpt lat="37.572157" lon="-122.061128">
        <ele>6.661861</ele>
        <time>2023-06-18T00:18:32.963Z</time>
      </trkpt>
      <trkpt lat="37.572248" lon="-122.061043">
        <ele>6.659983</ele>
        <time>2023-06-18T00:18:35.963Z</time>
      </trkpt>
      <trkpt lat="37.572343" lon="-122.060964">
        <ele>6.658097</ele>
        <time>2023-06-18T00:18:38.963Z</time>
      </trkpt>
      <trkpt lat="37.572447" lon="-122.060888">
        <ele>6.672656</ele>
        <time>2023-06-18T00:18:41.963Z</time>
      </trkpt>
      <trkpt lat="37.572542" lon="-122.060810">
        <ele>6.714558</ele>
        <time>2023-06-18T00:18:44.963Z</time>
      </trkpt>
      <trkpt lat="37.572645" lon="-122.060725">
        <ele>6.760059</ele>
        <time>2023-06-18T00:18:47.963Z</time>
      </trkpt>
      <trkpt lat="37.572748" lon="-122.060632">
        <ele>6.806883</ele>
        <time>2023-06-18T00:18:50.963Z</time>
      </trkpt>
      <trkpt lat="37.572842" lon="-122.060554">
        <ele>6.848476</ele>
        <time>2023-06-18T00:18:53.963Z</time>
      </trkpt>
      <trkpt lat="37.572936" lon="-122.060470">
        <ele>6.891061</ele>
        <time>2023-06-18T00:18:56.963Z</time>
      </trkpt>
      <trkpt lat="37.573025" lon="-122.060395">
        <ele>6.930627</ele>
        <time>2023-06-18T00:18:59.963Z</time>
      </trkpt>
      <trkpt lat="37.573118" lon="-122.060334">
        <ele>6.969377</ele>
        <time>2023-06-18T00:19:02.963Z</time>
      </trkpt>
      <trkpt lat="37.573237" lon="-122.060279">
        <ele>7.016230</ele>
        <time>2023-06-18T00:19:05.963Z</time>
      </trkpt>
      <trkpt lat="37.573366" lon="-122.060227">
        <ele>7.066295</ele>
        <time>2023-06-18T00:19:08.964Z</time>
      </trkpt>
      <trkpt lat="37.573484" lon="-122.060163">
        <ele>7.113778</ele>
        <time>2023-06-18T00:19:10.964Z</time>
      </trkpt>
      <trkpt lat="37.573585" lon="-122.060072">
        <ele>7.159660</ele>
        <time>2023-06-18T00:19:12.964Z</time>
      </trkpt>
      <trkpt lat="37.573652" lon="-122.059981">
        <ele>7.196054</ele>
        <time>2023-06-18T00:19:14.964Z</time>
      </trkpt>
      <trkpt lat="37.573709" lon="-122.059891">
        <ele>7.229810</ele>
        <time>2023-06-18T00:19:17.964Z</time>
      </trkpt>
      <trkpt lat="37.573771" lon="-122.059780">
        <ele>7.269599</ele>
        <time>2023-06-18T00:19:22.964Z</time>
      </trkpt>
      <trkpt lat="37.573839" lon="-122.059704">
        <ele>7.303182</ele>
        <time>2023-06-18T00:19:25.964Z</time>
      </trkpt>
      <trkpt lat="37.573933" lon="-122.059626">
        <ele>7.381214</ele>
        <time>2023-06-18T00:19:29.964Z</time>
      </trkpt>
      <trkpt lat="37.574013" lon="-122.059559">
        <ele>7.472913</ele>
        <time>2023-06-18T00:19:32.964Z</time>
      </trkpt>
      <trkpt lat="37.574099" lon="-122.059500">
        <ele>7.566399</ele>
        <time>2023-06-18T00:19:35.964Z</time>
      </trkpt>
      <trkpt lat="37.574176" lon="-122.059434">
        <ele>7.655298</ele>
        <time>2023-06-18T00:19:38.964Z</time>
      </trkpt>
      <trkpt lat="37.574253" lon="-122.059363">
        <ele>7.746377</ele>
        <time>2023-06-18T00:19:41.964Z</time>
      </trkpt>
      <trkpt lat="37.574348" lon="-122.059308">
        <ele>7.846197</ele>
        <time>2023-06-18T00:19:44.964Z</time>
      </trkpt>
      <trkpt lat="37.574424" lon="-122.059243">
        <ele>7.933881</ele>
        <time>2023-06-18T00:19:47.964Z</time>
      </trkpt>
      <trkpt lat="37.574501" lon="-122.059165">
        <ele>8.028183</ele>
        <time>2023-06-18T00:19:50.964Z</time>
      </trkpt>
      <trkpt lat="37.574579" lon="-122.059103">
        <ele>8.116223</ele>
        <time>2023-06-18T00:19:53.964Z</time>
      </trkpt>
      <trkpt lat="37.574661" lon="-122.059030">
        <ele>8.212063</ele>
        <time>2023-06-18T00:19:56.964Z</time>
      </trkpt>
      <trkpt lat="37.574750" lon="-122.058961">
        <ele>8.311822</ele>
        <time>2023-06-18T00:19:59.964Z</time>
      </trkpt>
      <trkpt lat="37.574831" lon="-122.058895">
        <ele>8.403905</ele>
        <time>2023-06-18T00:20:02.964Z</time>
      </trkpt>
      <trkpt lat="37.574911" lon="-122.058823">
        <ele>8.497750</ele>
        <time>2023-06-18T00:20:05.964Z</time>
      </trkpt>
      <trkpt lat="37.574986" lon="-122.058758">
        <ele>8.584644</ele>
        <time>2023-06-18T00:20:08.963Z</time>
      </trkpt>
      <trkpt lat="37.575070" lon="-122.058684">
        <ele>8.682483</ele>
        <time>2023-06-18T00:20:11.963Z</time>
      </trkpt>
      <trkpt lat="37.575145" lon="-122.058599">
        <ele>8.778760</ele>
        <time>2023-06-18T00:20:14.963Z</time>
      </trkpt>
      <trkpt lat="37.575246" lon="-122.058521">
        <ele>8.891849</ele>
        <time>2023-06-18T00:20:17.963Z</time>
      </trkpt>
      <trkpt lat="37.575339" lon="-122.058446">
        <ele>8.997256</ele>
        <time>2023-06-18T00:20:20.963Z</time>
      </trkpt>
      <trkpt lat="37.575432" lon="-122.058374">
        <ele>9.032069</ele>
        <time>2023-06-18T00:20:23.963Z</time>
      </trkpt>
      <trkpt lat="37.575517" lon="-122.058297">
        <ele>9.020136</ele>
        <time>2023-06-18T00:20:26.963Z</time>
      </trkpt>
      <trkpt lat="37.575612" lon="-122.058236">
        <ele>9.007981</ele>
        <time>2023-06-18T00:20:29.963Z</time>
      </trkpt>
      <trkpt lat="37.575700" lon="-122.058170">
        <ele>8.996307</ele>
        <time>2023-06-18T00:20:32.963Z</time>
      </trkpt>
      <trkpt lat="37.575787" lon="-122.058117">
        <ele>8.985291</ele>
        <time>2023-06-18T00:20:35.963Z</time>
      </trkpt>
      <trkpt lat="37.575875" lon="-122.058031">
        <ele>8.972598</ele>
        <time>2023-06-18T00:20:38.963Z</time>
      </trkpt>
      <trkpt lat="37.575962" lon="-122.057942">
        <ele>8.959826</ele>
        <time>2023-06-18T00:20:41.963Z</time>
      </trkpt>
      <trkpt lat="37.576042" lon="-122.057873">
        <ele>8.948775</ele>
        <time>2023-06-18T00:20:44.963Z</time>
      </trkpt>
      <trkpt lat="37.576133" lon="-122.057798">
        <ele>8.936381</ele>
        <time>2023-06-18T00:20:47.963Z</time>
      </trkpt>
      <trkpt lat="37.576224" lon="-122.057712">
        <ele>8.923416</ele>
        <time>2023-06-18T00:20:50.963Z</time>
      </trkpt>
      <trkpt lat="37.576336" lon="-122.057636">
        <ele>8.908914</ele>
        <time>2023-06-18T00:20:53.963Z</time>
      </trkpt>
      <trkpt lat="37.576418" lon="-122.057558">
        <ele>8.897204</ele>
        <time>2023-06-18T00:20:56.963Z</time>
      </trkpt>
      <trkpt lat="37.576503" lon="-122.057489">
        <ele>8.885679</ele>
        <time>2023-06-18T00:20:59.963Z</time>
      </trkpt>
      <trkpt lat="37.576590" lon="-122.057423">
        <ele>8.874103</ele>
        <time>2023-06-18T00:21:02.963Z</time>
      </trkpt>
      <trkpt lat="37.576670" lon="-122.057346">
        <ele>8.862629</ele>
        <time>2023-06-18T00:21:05.963Z</time>
      </trkpt>
      <trkpt lat="37.576750" lon="-122.057267">
        <ele>8.851044</ele>
        <time>2023-06-18T00:21:08.963Z</time>
      </trkpt>
      <trkpt lat="37.576821" lon="-122.057182">
        <ele>8.839884</ele>
        <time>2023-06-18T00:21:11.963Z</time>
      </trkpt>
      <trkpt lat="37.576903" lon="-122.057082">
        <ele>8.811532</ele>
        <time>2023-06-18T00:21:14.963Z</time>
      </trkpt>
      <trkpt lat="37.576976" lon="-122.057001">
        <ele>8.777720</ele>
        <time>2023-06-18T00:21:17.963Z</time>
      </trkpt>
      <trkpt lat="37.577052" lon="-122.056917">
        <ele>8.742579</ele>
        <time>2023-06-18T00:21:20.963Z</time>
      </trkpt>
      <trkpt lat="37.577137" lon="-122.056837">
        <ele>8.705696</ele>
        <time>2023-06-18T00:21:23.963Z</time>
      </trkpt>
      <trkpt lat="37.577203" lon="-122.056754">
        <ele>8.673286</ele>
        <time>2023-06-18T00:21:26.963Z</time>
      </trkpt>
      <trkpt lat="37.577295" lon="-122.056662">
        <ele>8.632456</ele>
        <time>2023-06-18T00:21:30.963Z</time>
      </trkpt>
      <trkpt lat="37.577366" lon="-122.056576">
        <ele>8.598224</ele>
        <time>2023-06-18T00:21:33.963Z</time>
      </trkpt>
      <trkpt lat="37.577436" lon="-122.056469">
        <ele>8.559979</ele>
        <time>2023-06-18T00:21:36.963Z</time>
      </trkpt>
      <trkpt lat="37.577504" lon="-122.056368">
        <ele>8.523448</ele>
        <time>2023-06-18T00:21:39.963Z</time>
      </trkpt>
      <trkpt lat="37.577569" lon="-122.056260">
        <ele>8.486066</ele>
        <time>2023-06-18T00:21:42.963Z</time>
      </trkpt>
      <trkpt lat="37.577638" lon="-122.056152">
        <ele>8.447827</ele>
        <time>2023-06-18T00:21:45.963Z</time>
      </trkpt>
      <trkpt lat="37.577693" lon="-122.056042">
        <ele>8.411975</ele>
        <time>2023-06-18T00:21:48.963Z</time>
      </trkpt>
      <trkpt lat="37.577740" lon="-122.055922">
        <ele>8.375078</ele>
        <time>2023-06-18T00:21:51.963Z</time>
      </trkpt>
      <trkpt lat="37.577810" lon="-122.055818">
        <ele>8.337466</ele>
        <time>2023-06-18T00:21:54.963Z</time>
      </trkpt>
      <trkpt lat="37.577867" lon="-122.055723">
        <ele>8.304621</ele>
        <time>2023-06-18T00:21:57.963Z</time>
      </trkpt>
      <trkpt lat="37.577934" lon="-122.055619">
        <ele>8.267677</ele>
        <time>2023-06-18T00:22:00.963Z</time>
      </trkpt>
      <trkpt lat="37.577996" lon="-122.055505">
        <ele>8.229565</ele>
        <time>2023-06-18T00:22:03.963Z</time>
      </trkpt>
      <trkpt lat="37.578047" lon="-122.055398">
        <ele>8.238358</ele>
        <time>2023-06-18T00:22:06.963Z</time>
      </trkpt>
      <trkpt lat="37.578110" lon="-122.055287">
        <ele>8.320081</ele>
        <time>2023-06-18T00:22:09.963Z</time>
      </trkpt>
      <trkpt lat="37.578164" lon="-122.055174">
        <ele>8.399066</ele>
        <time>2023-06-18T00:22:12.963Z</time>
      </trkpt>
      <trkpt lat="37.578224" lon="-122.055066">
        <ele>8.478014</ele>
        <time>2023-06-18T00:22:15.963Z</time>
      </trkpt>
      <trkpt lat="37.578299" lon="-122.054952">
        <ele>8.566700</ele>
        <time>2023-06-18T00:22:18.963Z</time>
      </trkpt>
      <trkpt lat="37.578367" lon="-122.054836">
        <ele>8.653065</ele>
        <time>2023-06-18T00:22:21.963Z</time>
      </trkpt>
      <trkpt lat="37.578426" lon="-122.054732">
        <ele>8.729622</ele>
        <time>2023-06-18T00:22:24.963Z</time>
      </trkpt>
      <trkpt lat="37.578490" lon="-122.054622">
        <ele>8.811304</ele>
        <time>2023-06-18T00:22:27.963Z</time>
      </trkpt>
      <trkpt lat="37.578550" lon="-122.054509">
        <ele>8.892721</ele>
        <time>2023-06-18T00:22:30.963Z</time>
      </trkpt>
      <trkpt lat="37.578604" lon="-122.054409">
        <ele>8.965153</ele>
        <time>2023-06-18T00:22:33.963Z</time>
      </trkpt>
      <trkpt lat="37.578664" lon="-122.054305">
        <ele>9.042152</ele>
        <time>2023-06-18T00:22:36.963Z</time>
      </trkpt>
      <trkpt lat="37.578723" lon="-122.054202">
        <ele>9.118223</ele>
        <time>2023-06-18T00:22:39.963Z</time>
      </trkpt>
      <trkpt lat="37.578778" lon="-122.054104">
        <ele>9.190103</ele>
        <time>2023-06-18T00:22:42.963Z</time>
      </trkpt>
      <trkpt lat="37.578839" lon="-122.053992">
        <ele>9.271448</ele>
        <time>2023-06-18T00:22:45.963Z</time>
      </trkpt>
      <trkpt lat="37.578902" lon="-122.053881">
        <ele>9.353171</ele>
        <time>2023-06-18T00:22:48.963Z</time>
      </trkpt>
      <trkpt lat="37.578972" lon="-122.053771">
        <ele>9.437613</ele>
        <time>2023-06-18T00:22:51.963Z</time>
      </trkpt>
      <trkpt lat="37.579045" lon="-122.053665">
        <ele>9.521671</ele>
        <time>2023-06-18T00:22:54.963Z</time>
      </trkpt>
      <trkpt lat="37.579112" lon="-122.053569">
        <ele>9.575048</ele>
        <time>2023-06-18T00:22:57.963Z</time>
      </trkpt>
      <trkpt lat="37.579184" lon="-122.053480">
        <ele>9.594193</ele>
        <time>2023-06-18T00:23:00.963Z</time>
      </trkpt>
      <trkpt lat="37.579250" lon="-122.053390">
        <ele>9.612651</ele>
        <time>2023-06-18T00:23:03.963Z</time>
      </trkpt>
      <trkpt lat="37.579320" lon="-122.053316">
        <ele>9.629996</ele>
        <time>2023-06-18T00:23:06.962Z</time>
      </trkpt>
      <trkpt lat="37.579395" lon="-122.053210">
        <ele>9.651386</ele>
        <time>2023-06-18T00:23:10.962Z</time>
      </trkpt>
      <trkpt lat="37.579482" lon="-122.053099">
        <ele>9.674887</ele>
        <time>2023-06-18T00:23:14.962Z</time>
      </trkpt>
      <trkpt lat="37.579550" lon="-122.053014">
        <ele>9.693068</ele>
        <time>2023-06-18T00:23:17.962Z</time>
      </trkpt>
      <trkpt lat="37.579633" lon="-122.052928">
        <ele>9.713467</ele>
        <time>2023-06-18T00:23:20.962Z</time>
      </trkpt>
      <trkpt lat="37.579713" lon="-122.052846">
        <ele>9.733044</ele>
        <time>2023-06-18T00:23:23.962Z</time>
      </trkpt>
      <trkpt lat="37.579795" lon="-122.052751">
        <ele>9.754189</ele>
        <time>2023-06-18T00:23:27.962Z</time>
      </trkpt>
      <trkpt lat="37.579876" lon="-122.052686">
        <ele>9.772422</ele>
        <time>2023-06-18T00:23:30.962Z</time>
      </trkpt>
      <trkpt lat="37.579952" lon="-122.052582">
        <ele>9.793717</ele>
        <time>2023-06-18T00:23:34.963Z</time>
      </trkpt>
      <trkpt lat="37.580043" lon="-122.052514">
        <ele>9.813805</ele>
        <time>2023-06-18T00:23:37.963Z</time>
      </trkpt>
      <trkpt lat="37.580125" lon="-122.052438">
        <ele>9.833130</ele>
        <time>2023-06-18T00:23:40.963Z</time>
      </trkpt>
      <trkpt lat="37.580208" lon="-122.052387">
        <ele>9.850665</ele>
        <time>2023-06-18T00:23:43.963Z</time>
      </trkpt>
      <trkpt lat="37.580301" lon="-122.052334">
        <ele>9.870048</ele>
        <time>2023-06-18T00:23:46.963Z</time>
      </trkpt>
      <trkpt lat="37.580405" lon="-122.052277">
        <ele>9.891585</ele>
        <time>2023-06-18T00:23:48.963Z</time>
      </trkpt>
      <trkpt lat="37.580515" lon="-122.052207">
        <ele>9.893450</ele>
        <time>2023-06-18T00:23:50.963Z</time>
      </trkpt>
      <trkpt lat="37.580620" lon="-122.052126">
        <ele>9.834165</ele>
        <time>2023-06-18T00:23:52.963Z</time>
      </trkpt>
      <trkpt lat="37.580693" lon="-122.052056">
        <ele>9.789998</ele>
        <time>2023-06-18T00:23:54.963Z</time>
      </trkpt>
      <trkpt lat="37.580771" lon="-122.051961">
        <ele>9.737775</ele>
        <time>2023-06-18T00:23:56.963Z</time>
      </trkpt>
      <trkpt lat="37.580860" lon="-122.051862">
        <ele>9.680622</ele>
        <time>2023-06-18T00:23:59.963Z</time>
      </trkpt>
      <trkpt lat="37.580930" lon="-122.051771">
        <ele>9.632207</ele>
        <time>2023-06-18T00:24:02.963Z</time>
      </trkpt>
      <trkpt lat="37.580999" lon="-122.051668">
        <ele>9.580719</ele>
        <time>2023-06-18T00:24:06.962Z</time>
      </trkpt>
      <trkpt lat="37.581080" lon="-122.051587">
        <ele>9.530932</ele>
        <time>2023-06-18T00:24:10.962Z</time>
      </trkpt>
      <trkpt lat="37.581169" lon="-122.051535">
        <ele>9.483686</ele>
        <time>2023-06-18T00:24:13.962Z</time>
      </trkpt>
      <trkpt lat="37.581245" lon="-122.051463">
        <ele>9.437905</ele>
        <time>2023-06-18T00:24:16.962Z</time>
      </trkpt>
      <trkpt lat="37.581324" lon="-122.051402">
        <ele>9.393289</ele>
        <time>2023-06-18T00:24:19.962Z</time>
      </trkpt>
      <trkpt lat="37.581401" lon="-122.051334">
        <ele>9.348014</ele>
        <time>2023-06-18T00:24:22.962Z</time>
      </trkpt>
      <trkpt lat="37.581490" lon="-122.051279">
        <ele>9.300276</ele>
        <time>2023-06-18T00:24:25.962Z</time>
      </trkpt>
      <trkpt lat="37.581570" lon="-122.051215">
        <ele>9.254645</ele>
        <time>2023-06-18T00:24:28.962Z</time>
      </trkpt>
      <trkpt lat="37.581654" lon="-122.051155">
        <ele>9.208147</ele>
        <time>2023-06-18T00:24:31.962Z</time>
      </trkpt>
      <trkpt lat="37.581735" lon="-122.051088">
        <ele>9.161492</ele>
        <time>2023-06-18T00:24:34.962Z</time>
      </trkpt>
      <trkpt lat="37.581816" lon="-122.051006">
        <ele>9.111467</ele>
        <time>2023-06-18T00:24:37.962Z</time>
      </trkpt>
      <trkpt lat="37.581894" lon="-122.050947">
        <ele>9.067659</ele>
        <time>2023-06-18T00:24:40.962Z</time>
      </trkpt>
      <trkpt lat="37.581973" lon="-122.050885">
        <ele>9.073594</ele>
        <time>2023-06-18T00:24:43.962Z</time>
      </trkpt>
      <trkpt lat="37.582060" lon="-122.050825">
        <ele>9.149480</ele>
        <time>2023-06-18T00:24:46.962Z</time>
      </trkpt>
      <trkpt lat="37.582134" lon="-122.050759">
        <ele>9.218838</ele>
        <time>2023-06-18T00:24:49.962Z</time>
      </trkpt>
      <trkpt lat="37.582217" lon="-122.050691">
        <ele>9.294581</ele>
        <time>2023-06-18T00:24:52.962Z</time>
      </trkpt>
      <trkpt lat="37.582296" lon="-122.050618">
        <ele>9.369526</ele>
        <time>2023-06-18T00:24:55.962Z</time>
      </trkpt>
      <trkpt lat="37.582367" lon="-122.050544">
        <ele>9.440009</ele>
        <time>2023-06-18T00:24:58.962Z</time>
      </trkpt>
      <trkpt lat="37.582454" lon="-122.050473">
        <ele>9.519311</ele>
        <time>2023-06-18T00:25:01.962Z</time>
      </trkpt>
      <trkpt lat="37.582537" lon="-122.050398">
        <ele>9.597447</ele>
        <time>2023-06-18T00:25:04.962Z</time>
      </trkpt>
      <trkpt lat="37.582633" lon="-122.050329">
        <ele>9.682008</ele>
        <time>2023-06-18T00:25:08.962Z</time>
      </trkpt>
      <trkpt lat="37.582731" lon="-122.050283">
        <ele>9.762038</ele>
        <time>2023-06-18T00:25:12.962Z</time>
      </trkpt>
      <trkpt lat="37.582854" lon="-122.050250">
        <ele>9.858286</ele>
        <time>2023-06-18T00:25:15.962Z</time>
      </trkpt>
      <trkpt lat="37.582983" lon="-122.050198">
        <ele>9.961937</ele>
        <time>2023-06-18T00:25:17.962Z</time>
      </trkpt>
      <trkpt lat="37.583106" lon="-122.050137">
        <ele>10.063090</ele>
        <time>2023-06-18T00:25:19.962Z</time>
      </trkpt>
      <trkpt lat="37.583221" lon="-122.050079">
        <ele>10.157880</ele>
        <time>2023-06-18T00:25:21.962Z</time>
      </trkpt>
      <trkpt lat="37.583337" lon="-122.050007">
        <ele>10.256825</ele>
        <time>2023-06-18T00:25:23.962Z</time>
      </trkpt>
      <trkpt lat="37.583472" lon="-122.049892">
        <ele>10.381493</ele>
        <time>2023-06-18T00:25:25.962Z</time>
      </trkpt>
      <trkpt lat="37.583450" lon="-122.049768">
        <ele>10.434739</ele>
        <time>2023-06-18T00:25:26.962Z</time>
      </trkpt>
      <trkpt lat="37.583501" lon="-122.049643">
        <ele>10.468511</ele>
        <time>2023-06-18T00:25:29.961Z</time>
      </trkpt>
      <trkpt lat="37.583577" lon="-122.049564">
        <ele>10.498357</ele>
        <time>2023-06-18T00:25:33.962Z</time>
      </trkpt>
      <trkpt lat="37.583649" lon="-122.049472">
        <ele>10.529415</ele>
        <time>2023-06-18T00:25:37.961Z</time>
      </trkpt>
      <trkpt lat="37.583747" lon="-122.049386">
        <ele>10.565597</ele>
        <time>2023-06-18T00:25:41.962Z</time>
      </trkpt>
      <trkpt lat="37.583849" lon="-122.049316">
        <ele>10.600791</ele>
        <time>2023-06-18T00:25:45.962Z</time>
      </trkpt>
      <trkpt lat="37.583936" lon="-122.049243">
        <ele>10.632459</ele>
        <time>2023-06-18T00:25:48.962Z</time>
      </trkpt>
      <trkpt lat="37.584016" lon="-122.049165">
        <ele>10.663103</ele>
        <time>2023-06-18T00:25:51.962Z</time>
      </trkpt>
      <trkpt lat="37.584098" lon="-122.049106">
        <ele>10.691714</ele>
        <time>2023-06-18T00:25:54.962Z</time>
      </trkpt>
      <trkpt lat="37.584196" lon="-122.049022">
        <ele>10.727624</ele>
        <time>2023-06-18T00:25:58.962Z</time>
      </trkpt>
      <trkpt lat="37.584278" lon="-122.048957">
        <ele>10.756976</ele>
        <time>2023-06-18T00:26:01.962Z</time>
      </trkpt>
      <trkpt lat="37.584360" lon="-122.048884">
        <ele>10.787394</ele>
        <time>2023-06-18T00:26:04.962Z</time>
      </trkpt>
      <trkpt lat="37.584444" lon="-122.048809">
        <ele>10.818584</ele>
        <time>2023-06-18T00:26:07.962Z</time>
      </trkpt>
      <trkpt lat="37.584529" lon="-122.048746">
        <ele>10.848464</ele>
        <time>2023-06-18T00:26:10.962Z</time>
      </trkpt>
      <trkpt lat="37.584620" lon="-122.048671">
        <ele>10.881409</ele>
        <time>2023-06-18T00:26:13.962Z</time>
      </trkpt>
      <trkpt lat="37.584714" lon="-122.048606">
        <ele>10.913899</ele>
        <time>2023-06-18T00:26:16.962Z</time>
      </trkpt>
      <trkpt lat="37.584803" lon="-122.048528">
        <ele>10.946743</ele>
        <time>2023-06-18T00:26:19.962Z</time>
      </trkpt>
      <trkpt lat="37.584893" lon="-122.048448">
        <ele>10.982112</ele>
        <time>2023-06-18T00:26:22.962Z</time>
      </trkpt>
      <trkpt lat="37.584981" lon="-122.048371">
        <ele>11.018677</ele>
        <time>2023-06-18T00:26:25.962Z</time>
      </trkpt>
      <trkpt lat="37.585058" lon="-122.048304">
        <ele>11.050614</ele>
        <time>2023-06-18T00:26:28.962Z</time>
      </trkpt>
      <trkpt lat="37.585136" lon="-122.048215">
        <ele>11.086521</ele>
        <time>2023-06-18T00:26:31.962Z</time>
      </trkpt>
      <trkpt lat="37.585213" lon="-122.048143">
        <ele>11.119245</ele>
        <time>2023-06-18T00:26:34.962Z</time>
      </trkpt>
      <trkpt lat="37.585295" lon="-122.048065">
        <ele>11.154308</ele>
        <time>2023-06-18T00:26:37.961Z</time>
      </trkpt>
      <trkpt lat="37.585377" lon="-122.047976">
        <ele>11.191240</ele>
        <time>2023-06-18T00:26:40.961Z</time>
      </trkpt>
      <trkpt lat="37.585453" lon="-122.047873">
        <ele>11.229322</ele>
        <time>2023-06-18T00:26:43.961Z</time>
      </trkpt>
      <trkpt lat="37.585527" lon="-122.047789">
        <ele>11.263308</ele>
        <time>2023-06-18T00:26:46.961Z</time>
      </trkpt>
      <trkpt lat="37.585598" lon="-122.047698">
        <ele>11.297864</ele>
        <time>2023-06-18T00:26:49.961Z</time>
      </trkpt>
      <trkpt lat="37.585667" lon="-122.047604">
        <ele>11.332534</ele>
        <time>2023-06-18T00:26:52.961Z</time>
      </trkpt>
      <trkpt lat="37.585741" lon="-122.047515">
        <ele>11.367440</ele>
        <time>2023-06-18T00:26:55.961Z</time>
      </trkpt>
      <trkpt lat="37.585811" lon="-122.047390">
        <ele>11.408857</ele>
        <time>2023-06-18T00:26:58.961Z</time>
      </trkpt>
      <trkpt lat="37.585890" lon="-122.047277">
        <ele>11.449632</ele>
        <time>2023-06-18T00:27:01.961Z</time>
      </trkpt>
      <trkpt lat="37.585960" lon="-122.047170">
        <ele>11.487176</ele>
        <time>2023-06-18T00:27:04.961Z</time>
      </trkpt>
      <trkpt lat="37.586036" lon="-122.047040">
        <ele>11.530889</ele>
        <time>2023-06-18T00:27:07.961Z</time>
      </trkpt>
      <trkpt lat="37.586091" lon="-122.046906">
        <ele>11.571722</ele>
        <time>2023-06-18T00:27:10.961Z</time>
      </trkpt>
      <trkpt lat="37.586160" lon="-122.046796">
        <ele>11.592757</ele>
        <time>2023-06-18T00:27:13.961Z</time>
      </trkpt>
      <trkpt lat="37.586231" lon="-122.046663">
        <ele>11.612619</ele>
        <time>2023-06-18T00:27:16.961Z</time>
      </trkpt>
      <trkpt lat="37.586298" lon="-122.046535">
        <ele>11.631619</ele>
        <time>2023-06-18T00:27:19.961Z</time>
      </trkpt>
      <trkpt lat="37.586358" lon="-122.046408">
        <ele>11.649932</ele>
        <time>2023-06-18T00:27:22.961Z</time>
      </trkpt>
      <trkpt lat="37.586405" lon="-122.046279">
        <ele>11.667517</ele>
        <time>2023-06-18T00:27:25.961Z</time>
      </trkpt>
      <trkpt lat="37.586462" lon="-122.046158">
        <ele>11.684952</ele>
        <time>2023-06-18T00:27:28.961Z</time>
      </trkpt>
      <trkpt lat="37.586502" lon="-122.046031">
        <ele>11.701879</ele>
        <time>2023-06-18T00:27:31.961Z</time>
      </trkpt>
      <trkpt lat="37.586551" lon="-122.045899">
        <ele>11.719933</ele>
        <time>2023-06-18T00:27:34.961Z</time>
      </trkpt>
      <trkpt lat="37.586593" lon="-122.045783">
        <ele>11.735729</ele>
        <time>2023-06-18T00:27:37.961Z</time>
      </trkpt>
      <trkpt lat="37.586634" lon="-122.045667">
        <ele>11.751460</ele>
        <time>2023-06-18T00:27:40.961Z</time>
      </trkpt>
      <trkpt lat="37.586669" lon="-122.045548">
        <ele>11.767182</ele>
        <time>2023-06-18T00:27:43.961Z</time>
      </trkpt>
      <trkpt lat="37.586705" lon="-122.045431">
        <ele>11.782727</ele>
        <time>2023-06-18T00:27:46.961Z</time>
      </trkpt>
      <trkpt lat="37.586739" lon="-122.045323">
        <ele>11.797120</ele>
        <time>2023-06-18T00:27:49.961Z</time>
      </trkpt>
      <trkpt lat="37.586774" lon="-122.045211">
        <ele>11.812032</ele>
        <time>2023-06-18T00:27:52.961Z</time>
      </trkpt>
      <trkpt lat="37.586805" lon="-122.045072">
        <ele>11.829917</ele>
        <time>2023-06-18T00:27:55.961Z</time>
      </trkpt>
      <trkpt lat="37.586832" lon="-122.044923">
        <ele>11.848848</ele>
        <time>2023-06-18T00:27:58.961Z</time>
      </trkpt>
      <trkpt lat="37.586855" lon="-122.044778">
        <ele>11.887431</ele>
        <time>2023-06-18T00:28:01.961Z</time>
      </trkpt>
      <trkpt lat="37.586880" lon="-122.044644">
        <ele>11.950139</ele>
        <time>2023-06-18T00:28:04.961Z</time>
      </trkpt>
      <trkpt lat="37.586898" lon="-122.044492">
        <ele>12.020146</ele>
        <time>2023-06-18T00:28:07.961Z</time>
      </trkpt>
      <trkpt lat="37.586929" lon="-122.044336">
        <ele>12.093406</ele>
        <time>2023-06-18T00:28:10.960Z</time>
      </trkpt>
      <trkpt lat="37.586958" lon="-122.044170">
        <ele>12.170838</ele>
        <time>2023-06-18T00:28:13.960Z</time>
      </trkpt>
      <trkpt lat="37.586984" lon="-122.044013">
        <ele>12.243898</ele>
        <time>2023-06-18T00:28:16.960Z</time>
      </trkpt>
      <trkpt lat="37.587019" lon="-122.043854">
        <ele>12.319068</ele>
        <time>2023-06-18T00:28:19.960Z</time>
      </trkpt>
      <trkpt lat="37.587050" lon="-122.043694">
        <ele>12.394097</ele>
        <time>2023-06-18T00:28:22.960Z</time>
      </trkpt>
      <trkpt lat="37.587087" lon="-122.043535">
        <ele>12.469582</ele>
        <time>2023-06-18T00:28:25.960Z</time>
      </trkpt>
      <trkpt lat="37.587120" lon="-122.043380">
        <ele>12.542690</ele>
        <time>2023-06-18T00:28:28.960Z</time>
      </trkpt>
      <trkpt lat="37.587154" lon="-122.043246">
        <ele>12.606782</ele>
        <time>2023-06-18T00:28:31.960Z</time>
      </trkpt>
      <trkpt lat="37.587186" lon="-122.043101">
        <ele>12.675345</ele>
        <time>2023-06-18T00:28:34.960Z</time>
      </trkpt>
      <trkpt lat="37.587215" lon="-122.042968">
        <ele>12.738179</ele>
        <time>2023-06-18T00:28:37.960Z</time>
      </trkpt>
      <trkpt lat="37.587239" lon="-122.042829">
        <ele>12.802981</ele>
        <time>2023-06-18T00:28:40.960Z</time>
      </trkpt>
      <trkpt lat="37.587281" lon="-122.042700">
        <ele>12.866509</ele>
        <time>2023-06-18T00:28:43.960Z</time>
      </trkpt>
      <trkpt lat="37.587301" lon="-122.042558">
        <ele>12.866464</ele>
        <time>2023-06-18T00:28:46.960Z</time>
      </trkpt>
      <trkpt lat="37.587330" lon="-122.042425">
        <ele>12.822534</ele>
        <time>2023-06-18T00:28:49.960Z</time>
      </trkpt>
      <trkpt lat="37.587353" lon="-122.042281">
        <ele>12.775753</ele>
        <time>2023-06-18T00:28:52.960Z</time>
      </trkpt>
      <trkpt lat="37.587377" lon="-122.042139">
        <ele>12.729514</ele>
        <time>2023-06-18T00:28:55.960Z</time>
      </trkpt>
      <trkpt lat="37.587406" lon="-122.042030">
        <ele>12.692897</ele>
        <time>2023-06-18T00:28:57.960Z</time>
      </trkpt>
      <trkpt lat="37.587422" lon="-122.041917">
        <ele>12.656340</ele>
        <time>2023-06-18T00:28:59.960Z</time>
      </trkpt>
      <trkpt lat="37.587453" lon="-122.041773">
        <ele>12.608819</ele>
        <time>2023-06-18T00:29:02.960Z</time>
      </trkpt>
      <trkpt lat="37.587479" lon="-122.041630">
        <ele>12.562095</ele>
        <time>2023-06-18T00:29:05.958Z</time>
      </trkpt>
      <trkpt lat="37.587506" lon="-122.041482">
        <ele>12.513730</ele>
        <time>2023-06-18T00:29:08.957Z</time>
      </trkpt>
      <trkpt lat="37.587527" lon="-122.041320">
        <ele>12.461453</ele>
        <time>2023-06-18T00:29:11.956Z</time>
      </trkpt>
      <trkpt lat="37.587543" lon="-122.041170">
        <ele>12.413252</ele>
        <time>2023-06-18T00:29:14.955Z</time>
      </trkpt>
      <trkpt lat="37.587551" lon="-122.041023">
        <ele>12.366328</ele>
        <time>2023-06-18T00:29:17.954Z</time>
      </trkpt>
      <trkpt lat="37.587566" lon="-122.040866">
        <ele>12.315967</ele>
        <time>2023-06-18T00:29:20.954Z</time>
      </trkpt>
      <trkpt lat="37.587571" lon="-122.040718">
        <ele>12.268791</ele>
        <time>2023-06-18T00:29:23.953Z</time>
      </trkpt>
      <trkpt lat="37.587569" lon="-122.040568">
        <ele>12.221015</ele>
        <time>2023-06-18T00:29:26.953Z</time>
      </trkpt>
      <trkpt lat="37.587571" lon="-122.040437">
        <ele>12.179288</ele>
        <time>2023-06-18T00:29:29.953Z</time>
      </trkpt>
      <trkpt lat="37.587586" lon="-122.040288">
        <ele>12.154879</ele>
        <time>2023-06-18T00:29:32.952Z</time>
      </trkpt>
      <trkpt lat="37.587577" lon="-122.040134">
        <ele>12.135082</ele>
        <time>2023-06-18T00:29:35.952Z</time>
      </trkpt>
      <trkpt lat="37.587569" lon="-122.039974">
        <ele>12.114529</ele>
        <time>2023-06-18T00:29:38.952Z</time>
      </trkpt>
      <trkpt lat="37.587569" lon="-122.039831">
        <ele>12.096196</ele>
        <time>2023-06-18T00:29:41.952Z</time>
      </trkpt>
      <trkpt lat="37.587568" lon="-122.039686">
        <ele>12.077606</ele>
        <time>2023-06-18T00:29:44.952Z</time>
      </trkpt>
      <trkpt lat="37.587566" lon="-122.039531">
        <ele>12.057732</ele>
        <time>2023-06-18T00:29:47.952Z</time>
      </trkpt>
      <trkpt lat="37.587564" lon="-122.039389">
        <ele>12.039524</ele>
        <time>2023-06-18T00:29:50.952Z</time>
      </trkpt>
      <trkpt lat="37.587552" lon="-122.039249">
        <ele>12.021471</ele>
        <time>2023-06-18T00:29:53.952Z</time>
      </trkpt>
      <trkpt lat="37.587546" lon="-122.039098">
        <ele>12.002088</ele>
        <time>2023-06-18T00:29:56.952Z</time>
      </trkpt>
      <trkpt lat="37.587537" lon="-122.038953">
        <ele>11.983441</ele>
        <time>2023-06-18T00:29:59.952Z</time>
      </trkpt>
      <trkpt lat="37.587501" lon="-122.038810">
        <ele>11.964205</ele>
        <time>2023-06-18T00:30:02.952Z</time>
      </trkpt>
      <trkpt lat="37.587472" lon="-122.038667">
        <ele>11.945281</ele>
        <time>2023-06-18T00:30:05.952Z</time>
      </trkpt>
      <trkpt lat="37.587440" lon="-122.038512">
        <ele>11.924746</ele>
        <time>2023-06-18T00:30:08.952Z</time>
      </trkpt>
      <trkpt lat="37.587405" lon="-122.038371">
        <ele>11.905804</ele>
        <time>2023-06-18T00:30:11.952Z</time>
      </trkpt>
      <trkpt lat="37.587368" lon="-122.038225">
        <ele>11.886152</ele>
        <time>2023-06-18T00:30:14.951Z</time>
      </trkpt>
      <trkpt lat="37.587322" lon="-122.038083">
        <ele>11.856263</ele>
        <time>2023-06-18T00:30:17.951Z</time>
      </trkpt>
      <trkpt lat="37.587282" lon="-122.037933">
        <ele>11.820238</ele>
        <time>2023-06-18T00:30:20.951Z</time>
      </trkpt>
      <trkpt lat="37.587240" lon="-122.037788">
        <ele>11.785098</ele>
        <time>2023-06-18T00:30:23.951Z</time>
      </trkpt>
      <trkpt lat="37.587201" lon="-122.037656">
        <ele>11.753031</ele>
        <time>2023-06-18T00:30:26.951Z</time>
      </trkpt>
      <trkpt lat="37.587143" lon="-122.037516">
        <ele>11.717072</ele>
        <time>2023-06-18T00:30:29.951Z</time>
      </trkpt>
      <trkpt lat="37.587099" lon="-122.037390">
        <ele>11.685731</ele>
        <time>2023-06-18T00:30:32.951Z</time>
      </trkpt>
      <trkpt lat="37.587049" lon="-122.037250">
        <ele>11.650777</ele>
        <time>2023-06-18T00:30:36.951Z</time>
      </trkpt>
      <trkpt lat="37.587006" lon="-122.037141">
        <ele>11.623062</ele>
        <time>2023-06-18T00:30:39.951Z</time>
      </trkpt>
      <trkpt lat="37.586973" lon="-122.037011">
        <ele>11.591990</ele>
        <time>2023-06-18T00:30:42.951Z</time>
      </trkpt>
      <trkpt lat="37.586930" lon="-122.036881">
        <ele>11.559925</ele>
        <time>2023-06-18T00:30:45.951Z</time>
      </trkpt>
      <trkpt lat="37.586875" lon="-122.036729">
        <ele>11.521891</ele>
        <time>2023-06-18T00:30:48.951Z</time>
      </trkpt>
      <trkpt lat="37.586822" lon="-122.036587">
        <ele>11.486163</ele>
        <time>2023-06-18T00:30:51.951Z</time>
      </trkpt>
      <trkpt lat="37.586772" lon="-122.036443">
        <ele>11.450377</ele>
        <time>2023-06-18T00:30:54.951Z</time>
      </trkpt>
      <trkpt lat="37.586717" lon="-122.036310">
        <ele>11.416229</ele>
        <time>2023-06-18T00:30:57.951Z</time>
      </trkpt>
      <trkpt lat="37.586661" lon="-122.036175">
        <ele>11.381544</ele>
        <time>2023-06-18T00:31:00.951Z</time>
      </trkpt>
      <trkpt lat="37.586610" lon="-122.036043">
        <ele>11.388145</ele>
        <time>2023-06-18T00:31:03.951Z</time>
      </trkpt>
      <trkpt lat="37.586567" lon="-122.035918">
        <ele>11.440457</ele>
        <time>2023-06-18T00:31:06.951Z</time>
      </trkpt>
      <trkpt lat="37.586520" lon="-122.035791">
        <ele>11.494265</ele>
        <time>2023-06-18T00:31:09.951Z</time>
      </trkpt>
      <trkpt lat="37.586479" lon="-122.035653">
        <ele>11.550842</ele>
        <time>2023-06-18T00:31:12.951Z</time>
      </trkpt>
      <trkpt lat="37.586433" lon="-122.035509">
        <ele>11.610444</ele>
        <time>2023-06-18T00:31:15.951Z</time>
      </trkpt>
      <trkpt lat="37.586385" lon="-122.035376">
        <ele>11.666547</ele>
        <time>2023-06-18T00:31:18.951Z</time>
      </trkpt>
      <trkpt lat="37.586342" lon="-122.035245">
        <ele>11.720979</ele>
        <time>2023-06-18T00:31:21.951Z</time>
      </trkpt>
      <trkpt lat="37.586296" lon="-122.035117">
        <ele>11.774934</ele>
        <time>2023-06-18T00:31:24.951Z</time>
      </trkpt>
      <trkpt lat="37.586258" lon="-122.034987">
        <ele>11.828126</ele>
        <time>2023-06-18T00:31:27.951Z</time>
      </trkpt>
      <trkpt lat="37.586212" lon="-122.034838">
        <ele>11.889513</ele>
        <time>2023-06-18T00:31:30.951Z</time>
      </trkpt>
      <trkpt lat="37.586166" lon="-122.034702">
        <ele>11.946278</ele>
        <time>2023-06-18T00:31:33.950Z</time>
      </trkpt>
      <trkpt lat="37.586113" lon="-122.034575">
        <ele>12.001379</ele>
        <time>2023-06-18T00:31:36.950Z</time>
      </trkpt>
      <trkpt lat="37.586066" lon="-122.034445">
        <ele>12.056233</ele>
        <time>2023-06-18T00:31:39.950Z</time>
      </trkpt>
      <trkpt lat="37.586018" lon="-122.034313">
        <ele>12.111987</ele>
        <time>2023-06-18T00:31:42.950Z</time>
      </trkpt>
      <trkpt lat="37.585957" lon="-122.034191">
        <ele>12.167365</ele>
        <time>2023-06-18T00:31:45.951Z</time>
      </trkpt>
      <trkpt lat="37.585908" lon="-122.034063">
        <ele>12.221936</ele>
        <time>2023-06-18T00:31:48.951Z</time>
      </trkpt>
      <trkpt lat="37.585846" lon="-122.033934">
        <ele>12.220467</ele>
        <time>2023-06-18T00:31:51.951Z</time>
      </trkpt>
      <trkpt lat="37.585785" lon="-122.033826">
        <ele>12.204934</ele>
        <time>2023-06-18T00:31:53.951Z</time>
      </trkpt>
      <trkpt lat="37.585731" lon="-122.033712">
        <ele>12.189380</ele>
        <time>2023-06-18T00:31:56.951Z</time>
      </trkpt>
      <trkpt lat="37.585677" lon="-122.033616">
        <ele>12.175592</ele>
        <time>2023-06-18T00:31:58.951Z</time>
      </trkpt>
      <trkpt lat="37.585598" lon="-122.033488">
        <ele>12.156591</ele>
        <time>2023-06-18T00:32:01.951Z</time>
      </trkpt>
      <trkpt lat="37.585526" lon="-122.033373">
        <ele>12.139427</ele>
        <time>2023-06-18T00:32:04.951Z</time>
      </trkpt>
      <trkpt lat="37.585457" lon="-122.033265">
        <ele>12.123179</ele>
        <time>2023-06-18T00:32:07.951Z</time>
      </trkpt>
      <trkpt lat="37.585384" lon="-122.033138">
        <ele>12.104805</ele>
        <time>2023-06-18T00:32:10.951Z</time>
      </trkpt>
      <trkpt lat="37.585314" lon="-122.033045">
        <ele>12.089783</ele>
        <time>2023-06-18T00:32:13.951Z</time>
      </trkpt>
      <trkpt lat="37.585246" lon="-122.032950">
        <ele>12.074790</ele>
        <time>2023-06-18T00:32:16.951Z</time>
      </trkpt>
      <trkpt lat="37.585181" lon="-122.032844">
        <ele>12.059093</ele>
        <time>2023-06-18T00:32:19.951Z</time>
      </trkpt>
      <trkpt lat="37.585124" lon="-122.032753">
        <ele>12.045508</ele>
        <time>2023-06-18T00:32:21.950Z</time>
      </trkpt>
      <trkpt lat="37.585050" lon="-122.032666">
        <ele>12.030561</ele>
        <time>2023-06-18T00:32:23.950Z</time>
      </trkpt>
      <trkpt lat="37.584959" lon="-122.032571">
        <ele>12.013106</ele>
        <time>2023-06-18T00:32:26.950Z</time>
      </trkpt>
      <trkpt lat="37.584873" lon="-122.032494">
        <ele>11.997522</ele>
        <time>2023-06-18T00:32:29.950Z</time>
      </trkpt>
      <trkpt lat="37.584787" lon="-122.032395">
        <ele>11.980318</ele>
        <time>2023-06-18T00:32:32.950Z</time>
      </trkpt>
      <trkpt lat="37.584714" lon="-122.032325">
        <ele>11.972299</ele>
        <time>2023-06-18T00:32:35.950Z</time>
      </trkpt>
      <trkpt lat="37.584626" lon="-122.032226">
        <ele>12.009654</ele>
        <time>2023-06-18T00:32:38.950Z</time>
      </trkpt>
      <trkpt lat="37.584533" lon="-122.032130">
        <ele>12.047724</ele>
        <time>2023-06-18T00:32:41.950Z</time>
      </trkpt>
      <trkpt lat="37.584441" lon="-122.032042">
        <ele>12.084303</ele>
        <time>2023-06-18T00:32:44.950Z</time>
      </trkpt>
      <trkpt lat="37.584350" lon="-122.031943">
        <ele>12.122372</ele>
        <time>2023-06-18T00:32:47.950Z</time>
      </trkpt>
      <trkpt lat="37.584259" lon="-122.031856">
        <ele>12.158547</ele>
        <time>2023-06-18T00:32:50.950Z</time>
      </trkpt>
      <trkpt lat="37.584175" lon="-122.031767">
        <ele>12.193300</ele>
        <time>2023-06-18T00:32:53.950Z</time>
      </trkpt>
      <trkpt lat="37.584072" lon="-122.031666">
        <ele>12.234631</ele>
        <time>2023-06-18T00:32:56.950Z</time>
      </trkpt>
      <trkpt lat="37.583969" lon="-122.031577">
        <ele>12.274184</ele>
        <time>2023-06-18T00:32:59.950Z</time>
      </trkpt>
      <trkpt lat="37.583875" lon="-122.031485">
        <ele>12.311877</ele>
        <time>2023-06-18T00:33:02.950Z</time>
      </trkpt>
      <trkpt lat="37.583787" lon="-122.031394">
        <ele>12.347926</ele>
        <time>2023-06-18T00:33:05.950Z</time>
      </trkpt>
      <trkpt lat="37.583710" lon="-122.031326">
        <ele>12.377705</ele>
        <time>2023-06-18T00:33:08.950Z</time>
      </trkpt>
      <trkpt lat="37.583635" lon="-122.031238">
        <ele>12.410155</ele>
        <time>2023-06-18T00:33:11.950Z</time>
      </trkpt>
      <trkpt lat="37.583537" lon="-122.031141">
        <ele>12.449619</ele>
        <time>2023-06-18T00:33:14.950Z</time>
      </trkpt>
      <trkpt lat="37.583466" lon="-122.031071">
        <ele>12.478168</ele>
        <time>2023-06-18T00:33:16.950Z</time>
      </trkpt>
      <trkpt lat="37.583367" lon="-122.030982">
        <ele>12.516682</ele>
        <time>2023-06-18T00:33:19.950Z</time>
      </trkpt>
      <trkpt lat="37.583271" lon="-122.030888">
        <ele>12.559018</ele>
        <time>2023-06-18T00:33:22.950Z</time>
      </trkpt>
      <trkpt lat="37.583189" lon="-122.030795">
        <ele>12.601947</ele>
        <time>2023-06-18T00:33:25.950Z</time>
      </trkpt>
      <trkpt lat="37.583118" lon="-122.030714">
        <ele>12.639216</ele>
        <time>2023-06-18T00:33:28.950Z</time>
      </trkpt>
      <trkpt lat="37.583032" lon="-122.030621">
        <ele>12.683316</ele>
        <time>2023-06-18T00:33:32.950Z</time>
      </trkpt>
      <trkpt lat="37.582956" lon="-122.030542">
        <ele>12.721655</ele>
        <time>2023-06-18T00:33:35.950Z</time>
      </trkpt>
      <trkpt lat="37.582863" lon="-122.030439">
        <ele>12.769836</ele>
        <time>2023-06-18T00:33:38.950Z</time>
      </trkpt>
      <trkpt lat="37.582761" lon="-122.030358">
        <ele>12.816762</ele>
        <time>2023-06-18T00:33:41.950Z</time>
      </trkpt>
      <trkpt lat="37.582672" lon="-122.030279">
        <ele>12.859131</ele>
        <time>2023-06-18T00:33:44.950Z</time>
      </trkpt>
      <trkpt lat="37.582590" lon="-122.030198">
        <ele>12.899679</ele>
        <time>2023-06-18T00:33:47.949Z</time>
      </trkpt>
      <trkpt lat="37.582495" lon="-122.030099">
        <ele>12.947653</ele>
        <time>2023-06-18T00:33:50.950Z</time>
      </trkpt>
      <trkpt lat="37.582400" lon="-122.030002">
        <ele>12.995236</ele>
        <time>2023-06-18T00:33:53.950Z</time>
      </trkpt>
      <trkpt lat="37.582308" lon="-122.029915">
        <ele>13.040001</ele>
        <time>2023-06-18T00:33:56.950Z</time>
      </trkpt>
      <trkpt lat="37.582226" lon="-122.029836">
        <ele>13.080172</ele>
        <time>2023-06-18T00:33:59.950Z</time>
      </trkpt>
      <trkpt lat="37.582154" lon="-122.029761">
        <ele>13.116525</ele>
        <time>2023-06-18T00:34:02.950Z</time>
      </trkpt>
      <trkpt lat="37.582065" lon="-122.029680">
        <ele>13.159252</ele>
        <time>2023-06-18T00:34:05.950Z</time>
      </trkpt>
      <trkpt lat="37.581978" lon="-122.029579">
        <ele>13.205283</ele>
        <time>2023-06-18T00:34:08.950Z</time>
      </trkpt>
      <trkpt lat="37.581872" lon="-122.029484">
        <ele>13.260296</ele>
        <time>2023-06-18T00:34:11.950Z</time>
      </trkpt>
      <trkpt lat="37.581786" lon="-122.029410">
        <ele>13.311208</ele>
        <time>2023-06-18T00:34:14.950Z</time>
      </trkpt>
      <trkpt lat="37.581699" lon="-122.029321">
        <ele>13.365988</ele>
        <time>2023-06-18T00:34:17.949Z</time>
      </trkpt>
      <trkpt lat="37.581602" lon="-122.029222">
        <ele>13.427008</ele>
        <time>2023-06-18T00:34:20.949Z</time>
      </trkpt>
      <trkpt lat="37.581500" lon="-122.029129">
        <ele>13.488557</ele>
        <time>2023-06-18T00:34:23.949Z</time>
      </trkpt>
      <trkpt lat="37.581405" lon="-122.029044">
        <ele>13.545518</ele>
        <time>2023-06-18T00:34:26.949Z</time>
      </trkpt>
      <trkpt lat="37.581307" lon="-122.028952">
        <ele>13.605261</ele>
        <time>2023-06-18T00:34:29.949Z</time>
      </trkpt>
      <trkpt lat="37.581223" lon="-122.028861">
        <ele>13.659411</ele>
        <time>2023-06-18T00:34:32.949Z</time>
      </trkpt>
      <trkpt lat="37.581142" lon="-122.028783">
        <ele>13.709247</ele>
        <time>2023-06-18T00:34:35.949Z</time>
      </trkpt>
      <trkpt lat="37.581069" lon="-122.028716">
        <ele>13.753398</ele>
        <time>2023-06-18T00:34:38.949Z</time>
      </trkpt>
      <trkpt lat="37.580992" lon="-122.028634">
        <ele>13.802679</ele>
        <time>2023-06-18T00:34:54.949Z</time>
      </trkpt>
      <trkpt lat="37.580907" lon="-122.028566">
        <ele>13.851905</ele>
        <time>2023-06-18T00:34:57.949Z</time>
      </trkpt>
      <trkpt lat="37.580833" lon="-122.028482">
        <ele>13.900589</ele>
        <time>2023-06-18T00:35:00.949Z</time>
      </trkpt>
      <trkpt lat="37.580750" lon="-122.028382">
        <ele>13.956718</ele>
        <time>2023-06-18T00:35:03.949Z</time>
      </trkpt>
      <trkpt lat="37.580653" lon="-122.028279">
        <ele>14.018725</ele>
        <time>2023-06-18T00:35:06.949Z</time>
      </trkpt>
      <trkpt lat="37.580566" lon="-122.028180">
        <ele>14.076025</ele>
        <time>2023-06-18T00:35:09.949Z</time>
      </trkpt>
      <trkpt lat="37.580464" lon="-122.028103">
        <ele>14.118003</ele>
        <time>2023-06-18T00:35:12.949Z</time>
      </trkpt>
      <trkpt lat="37.580378" lon="-122.028017">
        <ele>14.116273</ele>
        <time>2023-06-18T00:35:15.949Z</time>
      </trkpt>
      <trkpt lat="37.580289" lon="-122.027936">
        <ele>14.114543</ele>
        <time>2023-06-18T00:35:18.949Z</time>
      </trkpt>
      <trkpt lat="37.580198" lon="-122.027843">
        <ele>14.112697</ele>
        <time>2023-06-18T00:35:21.949Z</time>
      </trkpt>
      <trkpt lat="37.580108" lon="-122.027753">
        <ele>14.110887</ele>
        <time>2023-06-18T00:35:24.949Z</time>
      </trkpt>
      <trkpt lat="37.580013" lon="-122.027669">
        <ele>14.109058</ele>
        <time>2023-06-18T00:35:27.949Z</time>
      </trkpt>
      <trkpt lat="37.579923" lon="-122.027591">
        <ele>14.107337</ele>
        <time>2023-06-18T00:35:30.949Z</time>
      </trkpt>
      <trkpt lat="37.579700" lon="-122.027370">
        <ele>14.102867</ele>
        <time>2023-06-18T00:37:51.948Z</time>
      </trkpt>
      <trkpt lat="37.579625" lon="-122.027288">
        <ele>14.101303</ele>
        <time>2023-06-18T00:37:54.948Z</time>
      </trkpt>
      <trkpt lat="37.579555" lon="-122.027211">
        <ele>14.099839</ele>
        <time>2023-06-18T00:37:57.947Z</time>
      </trkpt>
      <trkpt lat="37.579479" lon="-122.027135">
        <ele>14.098310</ele>
        <time>2023-06-18T00:38:00.947Z</time>
      </trkpt>
      <trkpt lat="37.579392" lon="-122.027060">
        <ele>14.096649</ele>
        <time>2023-06-18T00:38:03.948Z</time>
      </trkpt>
      <trkpt lat="37.579313" lon="-122.026980">
        <ele>14.095053</ele>
        <time>2023-06-18T00:38:06.948Z</time>
      </trkpt>
      <trkpt lat="37.579218" lon="-122.026895">
        <ele>14.093217</ele>
        <time>2023-06-18T00:38:09.948Z</time>
      </trkpt>
      <trkpt lat="37.579137" lon="-122.026808">
        <ele>14.091540</ele>
        <time>2023-06-18T00:38:12.948Z</time>
      </trkpt>
      <trkpt lat="37.579049" lon="-122.026724">
        <ele>14.096037</ele>
        <time>2023-06-18T00:38:15.948Z</time>
      </trkpt>
      <trkpt lat="37.578960" lon="-122.026637">
        <ele>14.125580</ele>
        <time>2023-06-18T00:38:18.948Z</time>
      </trkpt>
      <trkpt lat="37.578877" lon="-122.026554">
        <ele>14.153370</ele>
        <time>2023-06-18T00:38:21.948Z</time>
      </trkpt>
      <trkpt lat="37.578777" lon="-122.026464">
        <ele>14.185602</ele>
        <time>2023-06-18T00:38:24.948Z</time>
      </trkpt>
      <trkpt lat="37.578693" lon="-122.026383">
        <ele>14.213344</ele>
        <time>2023-06-18T00:38:27.948Z</time>
      </trkpt>
      <trkpt lat="37.578607" lon="-122.026292">
        <ele>14.242796</ele>
        <time>2023-06-18T00:38:30.948Z</time>
      </trkpt>
      <trkpt lat="37.578560" lon="-122.026190">
        <ele>14.267333</ele>
        <time>2023-06-18T00:38:33.948Z</time>
      </trkpt>
      <trkpt lat="37.578471" lon="-122.026058">
        <ele>14.303374</ele>
        <time>2023-06-18T00:38:36.948Z</time>
      </trkpt>
      <trkpt lat="37.578390" lon="-122.025956">
        <ele>14.333403</ele>
        <time>2023-06-18T00:38:38.948Z</time>
      </trkpt>
      <trkpt lat="37.578299" lon="-122.025845">
        <ele>14.366616</ele>
        <time>2023-06-18T00:38:40.948Z</time>
      </trkpt>
      <trkpt lat="37.578195" lon="-122.025759">
        <ele>14.399245</ele>
        <time>2023-06-18T00:38:42.948Z</time>
      </trkpt>
      <trkpt lat="37.578072" lon="-122.025666">
        <ele>14.436872</ele>
        <time>2023-06-18T00:38:44.948Z</time>
      </trkpt>
      <trkpt lat="37.577978" lon="-122.025578">
        <ele>14.467586</ele>
        <time>2023-06-18T00:38:46.948Z</time>
      </trkpt>
      <trkpt lat="37.577897" lon="-122.025525">
        <ele>14.491529</ele>
        <time>2023-06-18T00:38:48.948Z</time>
      </trkpt>
      <trkpt lat="37.577799" lon="-122.025482">
        <ele>14.518756</ele>
        <time>2023-06-18T00:38:51.948Z</time>
      </trkpt>
      <trkpt lat="37.577716" lon="-122.025437">
        <ele>14.542461</ele>
        <time>2023-06-18T00:38:54.948Z</time>
      </trkpt>
      <trkpt lat="37.577625" lon="-122.025342">
        <ele>14.541938</ele>
        <time>2023-06-18T00:38:57.948Z</time>
      </trkpt>
      <trkpt lat="37.577550" lon="-122.025243">
        <ele>14.491129</ele>
        <time>2023-06-18T00:39:00.948Z</time>
      </trkpt>
      <trkpt lat="37.577455" lon="-122.025161">
        <ele>14.437249</ele>
        <time>2023-06-18T00:39:03.947Z</time>
      </trkpt>
      <trkpt lat="37.577377" lon="-122.025067">
        <ele>14.386758</ele>
        <time>2023-06-18T00:39:06.947Z</time>
      </trkpt>
      <trkpt lat="37.577291" lon="-122.024978">
        <ele>14.334692</ele>
        <time>2023-06-18T00:39:09.947Z</time>
      </trkpt>
      <trkpt lat="37.577225" lon="-122.024895">
        <ele>14.291072</ele>
        <time>2023-06-18T00:39:12.947Z</time>
      </trkpt>
      <trkpt lat="37.577146" lon="-122.024794">
        <ele>14.238427</ele>
        <time>2023-06-18T00:39:15.947Z</time>
      </trkpt>
      <trkpt lat="37.577071" lon="-122.024704">
        <ele>14.189976</ele>
        <time>2023-06-18T00:39:18.947Z</time>
      </trkpt>
      <trkpt lat="37.576996" lon="-122.024614">
        <ele>14.141526</ele>
        <time>2023-06-18T00:39:21.947Z</time>
      </trkpt>
      <trkpt lat="37.576918" lon="-122.024518">
        <ele>14.090520</ele>
        <time>2023-06-18T00:39:24.947Z</time>
      </trkpt>
      <trkpt lat="37.576853" lon="-122.024422">
        <ele>14.043677</ele>
        <time>2023-06-18T00:39:27.947Z</time>
      </trkpt>
      <trkpt lat="37.576783" lon="-122.024327">
        <ele>13.995553</ele>
        <time>2023-06-18T00:39:30.947Z</time>
      </trkpt>
      <trkpt lat="37.576710" lon="-122.024222">
        <ele>13.943734</ele>
        <time>2023-06-18T00:39:33.947Z</time>
      </trkpt>
      <trkpt lat="37.576636" lon="-122.024122">
        <ele>13.892977</ele>
        <time>2023-06-18T00:39:36.947Z</time>
      </trkpt>
      <trkpt lat="37.576566" lon="-122.024013">
        <ele>13.840929</ele>
        <time>2023-06-18T00:39:39.947Z</time>
      </trkpt>
      <trkpt lat="37.576497" lon="-122.023899">
        <ele>13.787712</ele>
        <time>2023-06-18T00:39:42.947Z</time>
      </trkpt>
      <trkpt lat="37.576434" lon="-122.023785">
        <ele>13.736152</ele>
        <time>2023-06-18T00:39:45.947Z</time>
      </trkpt>
      <trkpt lat="37.576381" lon="-122.023655">
        <ele>13.770832</ele>
        <time>2023-06-18T00:39:48.947Z</time>
      </trkpt>
      <trkpt lat="37.576316" lon="-122.023545">
        <ele>13.838247</ele>
        <time>2023-06-18T00:39:51.947Z</time>
      </trkpt>
      <trkpt lat="37.576255" lon="-122.023414">
        <ele>13.912898</ele>
        <time>2023-06-18T00:39:54.947Z</time>
      </trkpt>
      <trkpt lat="37.576197" lon="-122.023290">
        <ele>13.983642</ele>
        <time>2023-06-18T00:39:57.947Z</time>
      </trkpt>
      <trkpt lat="37.576147" lon="-122.023160">
        <ele>14.054638</ele>
        <time>2023-06-18T00:40:00.947Z</time>
      </trkpt>
      <trkpt lat="37.576107" lon="-122.023029">
        <ele>14.123614</ele>
        <time>2023-06-18T00:40:03.947Z</time>
      </trkpt>
      <trkpt lat="37.576062" lon="-122.022905">
        <ele>14.190622</ele>
        <time>2023-06-18T00:40:06.947Z</time>
      </trkpt>
      <trkpt lat="37.576009" lon="-122.022787">
        <ele>14.257262</ele>
        <time>2023-06-18T00:40:09.947Z</time>
      </trkpt>
      <trkpt lat="37.575970" lon="-122.022679">
        <ele>14.315574</ele>
        <time>2023-06-18T00:40:12.947Z</time>
      </trkpt>
      <trkpt lat="37.575926" lon="-122.022558">
        <ele>14.380984</ele>
        <time>2023-06-18T00:40:15.947Z</time>
      </trkpt>
      <trkpt lat="37.575874" lon="-122.022439">
        <ele>14.447751</ele>
        <time>2023-06-18T00:40:18.947Z</time>
      </trkpt>
      <trkpt lat="37.575825" lon="-122.022312">
        <ele>14.517151</ele>
        <time>2023-06-18T00:40:21.947Z</time>
      </trkpt>
      <trkpt lat="37.575767" lon="-122.022184">
        <ele>14.589595</ele>
        <time>2023-06-18T00:40:24.947Z</time>
      </trkpt>
      <trkpt lat="37.575716" lon="-122.022046">
        <ele>14.664408</ele>
        <time>2023-06-18T00:40:27.947Z</time>
      </trkpt>
      <trkpt lat="37.575649" lon="-122.021901">
        <ele>14.746875</ele>
        <time>2023-06-18T00:40:30.947Z</time>
      </trkpt>
      <trkpt lat="37.575582" lon="-122.021777">
        <ele>14.820612</ele>
        <time>2023-06-18T00:40:33.947Z</time>
      </trkpt>
      <trkpt lat="37.575533" lon="-122.021637">
        <ele>14.821168</ele>
        <time>2023-06-18T00:40:36.947Z</time>
      </trkpt>
      <trkpt lat="37.575480" lon="-122.021484">
        <ele>14.802142</ele>
        <time>2023-06-18T00:40:39.947Z</time>
      </trkpt>
      <trkpt lat="37.575445" lon="-122.021379">
        <ele>14.789163</ele>
        <time>2023-06-18T00:40:41.947Z</time>
      </trkpt>
      <trkpt lat="37.575401" lon="-122.021274">
        <ele>14.775629</ele>
        <time>2023-06-18T00:40:43.947Z</time>
      </trkpt>
      <trkpt lat="37.575344" lon="-122.021164">
        <ele>14.760654</ele>
        <time>2023-06-18T00:40:45.947Z</time>
      </trkpt>
      <trkpt lat="37.575296" lon="-122.021056">
        <ele>14.746545</ele>
        <time>2023-06-18T00:40:47.947Z</time>
      </trkpt>
      <trkpt lat="37.575251" lon="-122.020957">
        <ele>14.733540</ele>
        <time>2023-06-18T00:40:49.947Z</time>
      </trkpt>
      <trkpt lat="37.575186" lon="-122.020803">
        <ele>14.713659</ele>
        <time>2023-06-18T00:40:52.947Z</time>
      </trkpt>
      <trkpt lat="37.575126" lon="-122.020665">
        <ele>14.695724</ele>
        <time>2023-06-18T00:40:55.947Z</time>
      </trkpt>
      <trkpt lat="37.575070" lon="-122.020534">
        <ele>14.678764</ele>
        <time>2023-06-18T00:40:58.947Z</time>
      </trkpt>
      <trkpt lat="37.575021" lon="-122.020432">
        <ele>14.665173</ele>
        <time>2023-06-18T00:41:00.947Z</time>
      </trkpt>
      <trkpt lat="37.574974" lon="-122.020278">
        <ele>14.646369</ele>
        <time>2023-06-18T00:41:03.947Z</time>
      </trkpt>
      <trkpt lat="37.574935" lon="-122.020166">
        <ele>14.632430</ele>
        <time>2023-06-18T00:41:05.947Z</time>
      </trkpt>
      <trkpt lat="37.574884" lon="-122.020065">
        <ele>14.618784</ele>
        <time>2023-06-18T00:41:07.947Z</time>
      </trkpt>
      <trkpt lat="37.574825" lon="-122.019908">
        <ele>14.598985</ele>
        <time>2023-06-18T00:41:10.946Z</time>
      </trkpt>
      <trkpt lat="37.574784" lon="-122.019803">
        <ele>14.585647</ele>
        <time>2023-06-18T00:41:12.946Z</time>
      </trkpt>
      <trkpt lat="37.574734" lon="-122.019702">
        <ele>14.570028</ele>
        <time>2023-06-18T00:41:14.946Z</time>
      </trkpt>
      <trkpt lat="37.574689" lon="-122.019594">
        <ele>14.549858</ele>
        <time>2023-06-18T00:41:16.946Z</time>
      </trkpt>
      <trkpt lat="37.574628" lon="-122.019449">
        <ele>14.522721</ele>
        <time>2023-06-18T00:41:19.946Z</time>
      </trkpt>
      <trkpt lat="37.574583" lon="-122.019349">
        <ele>14.503711</ele>
        <time>2023-06-18T00:41:21.946Z</time>
      </trkpt>
      <trkpt lat="37.574518" lon="-122.019205">
        <ele>14.476317</ele>
        <time>2023-06-18T00:41:24.946Z</time>
      </trkpt>
      <trkpt lat="37.574453" lon="-122.019062">
        <ele>14.449066</ele>
        <time>2023-06-18T00:41:27.946Z</time>
      </trkpt>
      <trkpt lat="37.574415" lon="-122.018954">
        <ele>14.429532</ele>
        <time>2023-06-18T00:41:29.946Z</time>
      </trkpt>
      <trkpt lat="37.574350" lon="-122.018813">
        <ele>14.402567</ele>
        <time>2023-06-18T00:41:32.946Z</time>
      </trkpt>
      <trkpt lat="37.574289" lon="-122.018663">
        <ele>14.374697</ele>
        <time>2023-06-18T00:41:35.946Z</time>
      </trkpt>
      <trkpt lat="37.574235" lon="-122.018563">
        <ele>14.354694</ele>
        <time>2023-06-18T00:41:37.946Z</time>
      </trkpt>
      <trkpt lat="37.574165" lon="-122.018422">
        <ele>14.327190</ele>
        <time>2023-06-18T00:41:40.946Z</time>
      </trkpt>
      <trkpt lat="37.574099" lon="-122.018277">
        <ele>14.299548</ele>
        <time>2023-06-18T00:41:43.946Z</time>
      </trkpt>
      <trkpt lat="37.574026" lon="-122.018134">
        <ele>14.271430</ele>
        <time>2023-06-18T00:41:46.946Z</time>
      </trkpt>
      <trkpt lat="37.573968" lon="-122.018046">
        <ele>14.252510</ele>
        <time>2023-06-18T00:41:48.946Z</time>
      </trkpt>
      <trkpt lat="37.573913" lon="-122.017953">
        <ele>14.233328</ele>
        <time>2023-06-18T00:41:50.946Z</time>
      </trkpt>
      <trkpt lat="37.573830" lon="-122.017826">
        <ele>14.206116</ele>
        <time>2023-06-18T00:41:53.946Z</time>
      </trkpt>
      <trkpt lat="37.573757" lon="-122.017696">
        <ele>14.268475</ele>
        <time>2023-06-18T00:41:56.946Z</time>
      </trkpt>
      <trkpt lat="37.573679" lon="-122.017571">
        <ele>14.349702</ele>
        <time>2023-06-18T00:41:59.946Z</time>
      </trkpt>
      <trkpt lat="37.573609" lon="-122.017445">
        <ele>14.428262</ele>
        <time>2023-06-18T00:42:02.946Z</time>
      </trkpt>
      <trkpt lat="37.573558" lon="-122.017350">
        <ele>14.486845</ele>
        <time>2023-06-18T00:42:04.946Z</time>
      </trkpt>
      <trkpt lat="37.573485" lon="-122.017216">
        <ele>14.569863</ele>
        <time>2023-06-18T00:42:07.946Z</time>
      </trkpt>
      <trkpt lat="37.573415" lon="-122.017077">
        <ele>14.653946</ele>
        <time>2023-06-18T00:42:10.946Z</time>
      </trkpt>
      <trkpt lat="37.573335" lon="-122.016947">
        <ele>14.737977</ele>
        <time>2023-06-18T00:42:13.946Z</time>
      </trkpt>
      <trkpt lat="37.573285" lon="-122.016850">
        <ele>14.797054</ele>
        <time>2023-06-18T00:42:15.946Z</time>
      </trkpt>
      <trkpt lat="37.573225" lon="-122.016758">
        <ele>14.857884</ele>
        <time>2023-06-18T00:42:17.946Z</time>
      </trkpt>
      <trkpt lat="37.573166" lon="-122.016661">
        <ele>14.920311</ele>
        <time>2023-06-18T00:42:19.946Z</time>
      </trkpt>
      <trkpt lat="37.573117" lon="-122.016561">
        <ele>14.980337</ele>
        <time>2023-06-18T00:42:21.946Z</time>
      </trkpt>
      <trkpt lat="37.573066" lon="-122.016459">
        <ele>15.041912</ele>
        <time>2023-06-18T00:42:23.946Z</time>
      </trkpt>
      <trkpt lat="37.573007" lon="-122.016362">
        <ele>15.104339</ele>
        <time>2023-06-18T00:42:25.946Z</time>
      </trkpt>
      <trkpt lat="37.572954" lon="-122.016258">
        <ele>15.167467</ele>
        <time>2023-06-18T00:42:27.946Z</time>
      </trkpt>
      <trkpt lat="37.572894" lon="-122.016154">
        <ele>15.233144</ele>
        <time>2023-06-18T00:42:29.946Z</time>
      </trkpt>
      <trkpt lat="37.572834" lon="-122.016051">
        <ele>15.298408</ele>
        <time>2023-06-18T00:42:31.946Z</time>
      </trkpt>
      <trkpt lat="37.572777" lon="-122.015951">
        <ele>15.359642</ele>
        <time>2023-06-18T00:42:33.946Z</time>
      </trkpt>
      <trkpt lat="37.572712" lon="-122.015845">
        <ele>15.331091</ele>
        <time>2023-06-18T00:42:35.946Z</time>
      </trkpt>
      <trkpt lat="37.572652" lon="-122.015743">
        <ele>15.304031</ele>
        <time>2023-06-18T00:42:37.946Z</time>
      </trkpt>
      <trkpt lat="37.572584" lon="-122.015649">
        <ele>15.276919</ele>
        <time>2023-06-18T00:42:39.946Z</time>
      </trkpt>
      <trkpt lat="37.572535" lon="-122.015551">
        <ele>15.252235</ele>
        <time>2023-06-18T00:42:41.946Z</time>
      </trkpt>
      <trkpt lat="37.572481" lon="-122.015456">
        <ele>15.227330</ele>
        <time>2023-06-18T00:42:43.946Z</time>
      </trkpt>
      <trkpt lat="37.572430" lon="-122.015361">
        <ele>15.202887</ele>
        <time>2023-06-18T00:42:45.946Z</time>
      </trkpt>
      <trkpt lat="37.572368" lon="-122.015250">
        <ele>15.173958</ele>
        <time>2023-06-18T00:42:47.946Z</time>
      </trkpt>
      <trkpt lat="37.572309" lon="-122.015142">
        <ele>15.146015</ele>
        <time>2023-06-18T00:42:49.946Z</time>
      </trkpt>
      <trkpt lat="37.572250" lon="-122.015036">
        <ele>15.118421</ele>
        <time>2023-06-18T00:42:51.946Z</time>
      </trkpt>
      <trkpt lat="37.572196" lon="-122.014937">
        <ele>15.092819</ele>
        <time>2023-06-18T00:42:53.946Z</time>
      </trkpt>
      <trkpt lat="37.572147" lon="-122.014842">
        <ele>15.068673</ele>
        <time>2023-06-18T00:42:55.946Z</time>
      </trkpt>
      <trkpt lat="37.572096" lon="-122.014696">
        <ele>15.034683</ele>
        <time>2023-06-18T00:42:58.946Z</time>
      </trkpt>
      <trkpt lat="37.572053" lon="-122.014579">
        <ele>15.007209</ele>
        <time>2023-06-18T00:43:00.946Z</time>
      </trkpt>
      <trkpt lat="37.571992" lon="-122.014408">
        <ele>14.967260</ele>
        <time>2023-06-18T00:43:02.946Z</time>
      </trkpt>
      <trkpt lat="37.571900" lon="-122.014246">
        <ele>14.924804</ele>
        <time>2023-06-18T00:43:04.946Z</time>
      </trkpt>
      <trkpt lat="37.571788" lon="-122.014129">
        <ele>14.885721</ele>
        <time>2023-06-18T00:43:06.946Z</time>
      </trkpt>
      <trkpt lat="37.571713" lon="-122.014035">
        <ele>14.902648</ele>
        <time>2023-06-18T00:43:08.946Z</time>
      </trkpt>
      <trkpt lat="37.571624" lon="-122.013933">
        <ele>14.945948</ele>
        <time>2023-06-18T00:43:11.946Z</time>
      </trkpt>
      <trkpt lat="37.571553" lon="-122.013813">
        <ele>14.988691</ele>
        <time>2023-06-18T00:43:14.946Z</time>
      </trkpt>
      <trkpt lat="37.571477" lon="-122.013691">
        <ele>15.032982</ele>
        <time>2023-06-18T00:43:17.946Z</time>
      </trkpt>
      <trkpt lat="37.571397" lon="-122.013570">
        <ele>15.077958</ele>
        <time>2023-06-18T00:43:20.945Z</time>
      </trkpt>
      <trkpt lat="37.571324" lon="-122.013444">
        <ele>15.122507</ele>
        <time>2023-06-18T00:43:23.945Z</time>
      </trkpt>
      <trkpt lat="37.571240" lon="-122.013317">
        <ele>15.169721</ele>
        <time>2023-06-18T00:43:26.945Z</time>
      </trkpt>
      <trkpt lat="37.571164" lon="-122.013180">
        <ele>15.217452</ele>
        <time>2023-06-18T00:43:29.945Z</time>
      </trkpt>
      <trkpt lat="37.571101" lon="-122.013059">
        <ele>15.258774</ele>
        <time>2023-06-18T00:43:32.945Z</time>
      </trkpt>
      <trkpt lat="37.571020" lon="-122.012917">
        <ele>15.308711</ele>
        <time>2023-06-18T00:43:35.945Z</time>
      </trkpt>
      <trkpt lat="37.570951" lon="-122.012792">
        <ele>15.352191</ele>
        <time>2023-06-18T00:43:38.945Z</time>
      </trkpt>
      <trkpt lat="37.570882" lon="-122.012652">
        <ele>15.399247</ele>
        <time>2023-06-18T00:43:41.945Z</time>
      </trkpt>
      <trkpt lat="37.570813" lon="-122.012514">
        <ele>15.445820</ele>
        <time>2023-06-18T00:43:44.945Z</time>
      </trkpt>
      <trkpt lat="37.570750" lon="-122.012404">
        <ele>15.484557</ele>
        <time>2023-06-18T00:43:47.945Z</time>
      </trkpt>
      <trkpt lat="37.570700" lon="-122.012309">
        <ele>15.517107</ele>
        <time>2023-06-18T00:43:49.945Z</time>
      </trkpt>
      <trkpt lat="37.570621" lon="-122.012172">
        <ele>15.593874</ele>
        <time>2023-06-18T00:43:52.945Z</time>
      </trkpt>
      <trkpt lat="37.570549" lon="-122.012048">
        <ele>15.668115</ele>
        <time>2023-06-18T00:43:55.945Z</time>
      </trkpt>
      <trkpt lat="37.570475" lon="-122.011921">
        <ele>15.744245</ele>
        <time>2023-06-18T00:43:58.945Z</time>
      </trkpt>
      <trkpt lat="37.570411" lon="-122.011795">
        <ele>15.816525</ele>
        <time>2023-06-18T00:44:01.945Z</time>
      </trkpt>
      <trkpt lat="37.570337" lon="-122.011662">
        <ele>15.895010</ele>
        <time>2023-06-18T00:44:04.945Z</time>
      </trkpt>
      <trkpt lat="37.570252" lon="-122.011538">
        <ele>15.974191</ele>
        <time>2023-06-18T00:44:07.945Z</time>
      </trkpt>
      <trkpt lat="37.570183" lon="-122.011412">
        <ele>16.048159</ele>
        <time>2023-06-18T00:44:10.945Z</time>
      </trkpt>
      <trkpt lat="37.570121" lon="-122.011299">
        <ele>16.114538</ele>
        <time>2023-06-18T00:44:13.945Z</time>
      </trkpt>
      <trkpt lat="37.570057" lon="-122.011174">
        <ele>16.186412</ele>
        <time>2023-06-18T00:44:16.945Z</time>
      </trkpt>
      <trkpt lat="37.569997" lon="-122.011068">
        <ele>16.249323</ele>
        <time>2023-06-18T00:44:19.945Z</time>
      </trkpt>
      <trkpt lat="37.569948" lon="-122.010960">
        <ele>16.309427</ele>
        <time>2023-06-18T00:44:22.946Z</time>
      </trkpt>
      <trkpt lat="37.569870" lon="-122.010830">
        <ele>16.388177</ele>
        <time>2023-06-18T00:44:25.945Z</time>
      </trkpt>
      <trkpt lat="37.569812" lon="-122.010702">
        <ele>16.459389</ele>
        <time>2023-06-18T00:44:28.945Z</time>
      </trkpt>
      <trkpt lat="37.569742" lon="-122.010565">
        <ele>16.538116</ele>
        <time>2023-06-18T00:44:31.945Z</time>
      </trkpt>
      <trkpt lat="37.569678" lon="-122.010424">
        <ele>16.616594</ele>
        <time>2023-06-18T00:44:34.945Z</time>
      </trkpt>
      <trkpt lat="37.569623" lon="-122.010285">
        <ele>16.629445</ele>
        <time>2023-06-18T00:44:37.945Z</time>
      </trkpt>
      <trkpt lat="37.569566" lon="-122.010151">
        <ele>16.638728</ele>
        <time>2023-06-18T00:44:40.945Z</time>
      </trkpt>
      <trkpt lat="37.569505" lon="-122.010013">
        <ele>16.648374</ele>
        <time>2023-06-18T00:44:43.945Z</time>
      </trkpt>
      <trkpt lat="37.569445" lon="-122.009870">
        <ele>16.658251</ele>
        <time>2023-06-18T00:44:46.945Z</time>
      </trkpt>
      <trkpt lat="37.569387" lon="-122.009727">
        <ele>16.668057</ele>
        <time>2023-06-18T00:44:49.945Z</time>
      </trkpt>
      <trkpt lat="37.569327" lon="-122.009585">
        <ele>16.677880</ele>
        <time>2023-06-18T00:44:52.945Z</time>
      </trkpt>
      <trkpt lat="37.569260" lon="-122.009451">
        <ele>16.687552</ele>
        <time>2023-06-18T00:44:55.945Z</time>
      </trkpt>
      <trkpt lat="37.569207" lon="-122.009319">
        <ele>16.696584</ele>
        <time>2023-06-18T00:44:58.945Z</time>
      </trkpt>
      <trkpt lat="37.569167" lon="-122.009174">
        <ele>16.705957</ele>
        <time>2023-06-18T00:45:01.945Z</time>
      </trkpt>
      <trkpt lat="37.569105" lon="-122.009032">
        <ele>16.715853</ele>
        <time>2023-06-18T00:45:04.945Z</time>
      </trkpt>
      <trkpt lat="37.569059" lon="-122.008932">
        <ele>16.722911</ele>
        <time>2023-06-18T00:45:06.945Z</time>
      </trkpt>
      <trkpt lat="37.568991" lon="-122.008789">
        <ele>16.733091</ele>
        <time>2023-06-18T00:45:09.945Z</time>
      </trkpt>
      <trkpt lat="37.568941" lon="-122.008644">
        <ele>16.742744</ele>
        <time>2023-06-18T00:45:12.945Z</time>
      </trkpt>
      <trkpt lat="37.568884" lon="-122.008508">
        <ele>16.752135</ele>
        <time>2023-06-18T00:45:15.945Z</time>
      </trkpt>
      <trkpt lat="37.568826" lon="-122.008370">
        <ele>16.747194</ele>
        <time>2023-06-18T00:45:18.945Z</time>
      </trkpt>
      <trkpt lat="37.568767" lon="-122.008230">
        <ele>16.704912</ele>
        <time>2023-06-18T00:45:21.943Z</time>
      </trkpt>
      <trkpt lat="37.568711" lon="-122.008090">
        <ele>16.663095</ele>
        <time>2023-06-18T00:45:24.943Z</time>
      </trkpt>
      <trkpt lat="37.568651" lon="-122.007947">
        <ele>16.619949</ele>
        <time>2023-06-18T00:45:27.943Z</time>
      </trkpt>
      <trkpt lat="37.568597" lon="-122.007813">
        <ele>16.579863</ele>
        <time>2023-06-18T00:45:30.943Z</time>
      </trkpt>
      <trkpt lat="37.568548" lon="-122.007671">
        <ele>16.538564</ele>
        <time>2023-06-18T00:45:33.943Z</time>
      </trkpt>
      <trkpt lat="37.568496" lon="-122.007527">
        <ele>16.496368</ele>
        <time>2023-06-18T00:45:36.943Z</time>
      </trkpt>
      <trkpt lat="37.568436" lon="-122.007382">
        <ele>16.452750</ele>
        <time>2023-06-18T00:45:39.943Z</time>
      </trkpt>
      <trkpt lat="37.568393" lon="-122.007276">
        <ele>16.420996</ele>
        <time>2023-06-18T00:45:41.943Z</time>
      </trkpt>
      <trkpt lat="37.568342" lon="-122.007128">
        <ele>16.377962</ele>
        <time>2023-06-18T00:45:44.943Z</time>
      </trkpt>
      <trkpt lat="37.568291" lon="-122.007028">
        <ele>16.346252</ele>
        <time>2023-06-18T00:45:46.943Z</time>
      </trkpt>
      <trkpt lat="37.568232" lon="-122.006875">
        <ele>16.300881</ele>
        <time>2023-06-18T00:45:49.943Z</time>
      </trkpt>
      <trkpt lat="37.568179" lon="-122.006724">
        <ele>16.256843</ele>
        <time>2023-06-18T00:45:52.943Z</time>
      </trkpt>
      <trkpt lat="37.568126" lon="-122.006578">
        <ele>16.214021</ele>
        <time>2023-06-18T00:45:55.943Z</time>
      </trkpt>
      <trkpt lat="37.568085" lon="-122.006469">
        <ele>16.181848</ele>
        <time>2023-06-18T00:45:57.943Z</time>
      </trkpt>
      <trkpt lat="37.568047" lon="-122.006352">
        <ele>16.154652</ele>
        <time>2023-06-18T00:45:59.943Z</time>
      </trkpt>
      <trkpt lat="37.568000" lon="-122.006228">
        <ele>16.159745</ele>
        <time>2023-06-18T00:46:01.943Z</time>
      </trkpt>
      <trkpt lat="37.567954" lon="-122.006115">
        <ele>16.164452</ele>
        <time>2023-06-18T00:46:03.943Z</time>
      </trkpt>
      <trkpt lat="37.567905" lon="-122.005995">
        <ele>16.169454</ele>
        <time>2023-06-18T00:46:05.943Z</time>
      </trkpt>
      <trkpt lat="37.567866" lon="-122.005886">
        <ele>16.173885</ele>
        <time>2023-06-18T00:46:07.943Z</time>
      </trkpt>
      <trkpt lat="37.567820" lon="-122.005779">
        <ele>16.178396</ele>
        <time>2023-06-18T00:46:09.943Z</time>
      </trkpt>
      <trkpt lat="37.567761" lon="-122.005622">
        <ele>16.184834</ele>
        <time>2023-06-18T00:46:12.943Z</time>
      </trkpt>
      <trkpt lat="37.567720" lon="-122.005507">
        <ele>16.189506</ele>
        <time>2023-06-18T00:46:14.943Z</time>
      </trkpt>
      <trkpt lat="37.567669" lon="-122.005397">
        <ele>16.194229</ele>
        <time>2023-06-18T00:46:16.943Z</time>
      </trkpt>
      <trkpt lat="37.567622" lon="-122.005291">
        <ele>16.198729</ele>
        <time>2023-06-18T00:46:18.943Z</time>
      </trkpt>
      <trkpt lat="37.567579" lon="-122.005180">
        <ele>16.203307</ele>
        <time>2023-06-18T00:46:20.943Z</time>
      </trkpt>
      <trkpt lat="37.567541" lon="-122.005064">
        <ele>16.207958</ele>
        <time>2023-06-18T00:46:22.943Z</time>
      </trkpt>
      <trkpt lat="37.567493" lon="-122.004959">
        <ele>16.212449</ele>
        <time>2023-06-18T00:46:24.943Z</time>
      </trkpt>
      <trkpt lat="37.567448" lon="-122.004856">
        <ele>16.216807</ele>
        <time>2023-06-18T00:46:26.943Z</time>
      </trkpt>
      <trkpt lat="37.567400" lon="-122.004705">
        <ele>16.222836</ele>
        <time>2023-06-18T00:46:29.943Z</time>
      </trkpt>
      <trkpt lat="37.567362" lon="-122.004593">
        <ele>16.227350</ele>
        <time>2023-06-18T00:46:31.943Z</time>
      </trkpt>
      <trkpt lat="37.567310" lon="-122.004486">
        <ele>16.232001</ele>
        <time>2023-06-18T00:46:33.943Z</time>
      </trkpt>
      <trkpt lat="37.567266" lon="-122.004384">
        <ele>16.236304</ele>
        <time>2023-06-18T00:46:35.943Z</time>
      </trkpt>
      <trkpt lat="37.567226" lon="-122.004281">
        <ele>16.301571</ele>
        <time>2023-06-18T00:46:37.943Z</time>
      </trkpt>
      <trkpt lat="37.567180" lon="-122.004130">
        <ele>16.447491</ele>
        <time>2023-06-18T00:46:40.945Z</time>
      </trkpt>
      <trkpt lat="37.567133" lon="-122.004027">
        <ele>16.554696</ele>
        <time>2023-06-18T00:46:42.945Z</time>
      </trkpt>
      <trkpt lat="37.567074" lon="-122.003880">
        <ele>16.703326</ele>
        <time>2023-06-18T00:46:45.945Z</time>
      </trkpt>
      <trkpt lat="37.567025" lon="-122.003769">
        <ele>16.817932</ele>
        <time>2023-06-18T00:46:47.943Z</time>
      </trkpt>
      <trkpt lat="37.566958" lon="-122.003614">
        <ele>16.977187</ele>
        <time>2023-06-18T00:46:50.943Z</time>
      </trkpt>
      <trkpt lat="37.566915" lon="-122.003510">
        <ele>17.082994</ele>
        <time>2023-06-18T00:46:52.943Z</time>
      </trkpt>
      <trkpt lat="37.566855" lon="-122.003360">
        <ele>17.234552</ele>
        <time>2023-06-18T00:46:55.943Z</time>
      </trkpt>
      <trkpt lat="37.566811" lon="-122.003257">
        <ele>17.340096</ele>
        <time>2023-06-18T00:46:57.943Z</time>
      </trkpt>
      <trkpt lat="37.566773" lon="-122.003148">
        <ele>17.447508</ele>
        <time>2023-06-18T00:46:59.943Z</time>
      </trkpt>
      <trkpt lat="37.566715" lon="-122.003001">
        <ele>17.595628</ele>
        <time>2023-06-18T00:47:02.943Z</time>
      </trkpt>
      <trkpt lat="37.566665" lon="-122.002861">
        <ele>17.734140</ele>
        <time>2023-06-18T00:47:05.943Z</time>
      </trkpt>
      <trkpt lat="37.566611" lon="-122.002723">
        <ele>17.872964</ele>
        <time>2023-06-18T00:47:08.943Z</time>
      </trkpt>
      <trkpt lat="37.566560" lon="-122.002577">
        <ele>18.016884</ele>
        <time>2023-06-18T00:47:11.943Z</time>
      </trkpt>
      <trkpt lat="37.566501" lon="-122.002445">
        <ele>18.153579</ele>
        <time>2023-06-18T00:47:14.943Z</time>
      </trkpt>
      <trkpt lat="37.566444" lon="-122.002310">
        <ele>18.277248</ele>
        <time>2023-06-18T00:47:17.943Z</time>
      </trkpt>
      <trkpt lat="37.566387" lon="-122.002181">
        <ele>18.127466</ele>
        <time>2023-06-18T00:47:20.943Z</time>
      </trkpt>
      <trkpt lat="37.566318" lon="-122.002061">
        <ele>17.977117</ele>
        <time>2023-06-18T00:47:23.943Z</time>
      </trkpt>
      <trkpt lat="37.566257" lon="-122.001961">
        <ele>17.849145</ele>
        <time>2023-06-18T00:47:26.943Z</time>
      </trkpt>
      <trkpt lat="37.566187" lon="-122.001843">
        <ele>17.699669</ele>
        <time>2023-06-18T00:47:30.943Z</time>
      </trkpt>
      <trkpt lat="37.566142" lon="-122.001724">
        <ele>17.565952</ele>
        <time>2023-06-18T00:47:33.943Z</time>
      </trkpt>
      <trkpt lat="37.566098" lon="-122.001589">
        <ele>17.417917</ele>
        <time>2023-06-18T00:47:36.943Z</time>
      </trkpt>
      <trkpt lat="37.566057" lon="-122.001485">
        <ele>17.300117</ele>
        <time>2023-06-18T00:47:38.943Z</time>
      </trkpt>
      <trkpt lat="37.566014" lon="-122.001358">
        <ele>17.160059</ele>
        <time>2023-06-18T00:47:40.943Z</time>
      </trkpt>
      <trkpt lat="37.565973" lon="-122.001221">
        <ele>17.011544</ele>
        <time>2023-06-18T00:47:42.943Z</time>
      </trkpt>
      <trkpt lat="37.565931" lon="-122.001077">
        <ele>16.855930</ele>
        <time>2023-06-18T00:47:44.943Z</time>
      </trkpt>
      <trkpt lat="37.565894" lon="-122.000935">
        <ele>16.704335</ele>
        <time>2023-06-18T00:47:46.943Z</time>
      </trkpt>
      <trkpt lat="37.565848" lon="-122.000785">
        <ele>16.541221</ele>
        <time>2023-06-18T00:47:48.943Z</time>
      </trkpt>
      <trkpt lat="37.565798" lon="-122.000629">
        <ele>16.370565</ele>
        <time>2023-06-18T00:47:50.943Z</time>
      </trkpt>
      <trkpt lat="37.565751" lon="-122.000473">
        <ele>16.201310</ele>
        <time>2023-06-18T00:47:52.943Z</time>
      </trkpt>
      <trkpt lat="37.565707" lon="-122.000330">
        <ele>16.045739</ele>
        <time>2023-06-18T00:47:54.943Z</time>
      </trkpt>
      <trkpt lat="37.565661" lon="-122.000185">
        <ele>15.804029</ele>
        <time>2023-06-18T00:47:56.944Z</time>
      </trkpt>
      <trkpt lat="37.565622" lon="-122.000041">
        <ele>15.515993</ele>
        <time>2023-06-18T00:47:58.944Z</time>
      </trkpt>
      <trkpt lat="37.565591" lon="-121.999902">
        <ele>15.242676</ele>
        <time>2023-06-18T00:48:00.944Z</time>
      </trkpt>
      <trkpt lat="37.565564" lon="-121.999773">
        <ele>14.990134</ele>
        <time>2023-06-18T00:48:02.944Z</time>
      </trkpt>
      <trkpt lat="37.565534" lon="-121.999641">
        <ele>14.730215</ele>
        <time>2023-06-18T00:48:04.944Z</time>
      </trkpt>
      <trkpt lat="37.565499" lon="-121.999509">
        <ele>14.466754</ele>
        <time>2023-06-18T00:48:06.944Z</time>
      </trkpt>
      <trkpt lat="37.565469" lon="-121.999380">
        <ele>14.212289</ele>
        <time>2023-06-18T00:48:08.944Z</time>
      </trkpt>
      <trkpt lat="37.565441" lon="-121.999251">
        <ele>13.959126</ele>
        <time>2023-06-18T00:48:10.944Z</time>
      </trkpt>
      <trkpt lat="37.565419" lon="-121.999120">
        <ele>13.705663</ele>
        <time>2023-06-18T00:48:12.943Z</time>
      </trkpt>
      <trkpt lat="37.565399" lon="-121.998993">
        <ele>13.460576</ele>
        <time>2023-06-18T00:48:14.943Z</time>
      </trkpt>
      <trkpt lat="37.565376" lon="-121.998860">
        <ele>13.202910</ele>
        <time>2023-06-18T00:48:16.943Z</time>
      </trkpt>
      <trkpt lat="37.565367" lon="-121.998730">
        <ele>12.955906</ele>
        <time>2023-06-18T00:48:18.943Z</time>
      </trkpt>
      <trkpt lat="37.565351" lon="-121.998598">
        <ele>12.703149</ele>
        <time>2023-06-18T00:48:20.943Z</time>
      </trkpt>
      <trkpt lat="37.565340" lon="-121.998466">
        <ele>12.451920</ele>
        <time>2023-06-18T00:48:22.943Z</time>
      </trkpt>
      <trkpt lat="37.565323" lon="-121.998336">
        <ele>12.202527</ele>
        <time>2023-06-18T00:48:24.943Z</time>
      </trkpt>
      <trkpt lat="37.565318" lon="-121.998203">
        <ele>11.950499</ele>
        <time>2023-06-18T00:48:26.943Z</time>
      </trkpt>
      <trkpt lat="37.565312" lon="-121.998067">
        <ele>11.692677</ele>
        <time>2023-06-18T00:48:28.943Z</time>
      </trkpt>
      <trkpt lat="37.565314" lon="-121.997928">
        <ele>11.739905</ele>
        <time>2023-06-18T00:48:30.943Z</time>
      </trkpt>
      <trkpt lat="37.565315" lon="-121.997791">
        <ele>11.791435</ele>
        <time>2023-06-18T00:48:32.943Z</time>
      </trkpt>
      <trkpt lat="37.565321" lon="-121.997652">
        <ele>11.843792</ele>
        <time>2023-06-18T00:48:34.943Z</time>
      </trkpt>
      <trkpt lat="37.565326" lon="-121.997513">
        <ele>11.896126</ele>
        <time>2023-06-18T00:48:36.944Z</time>
      </trkpt>
      <trkpt lat="37.565327" lon="-121.997366">
        <ele>11.951416</ele>
        <time>2023-06-18T00:48:38.943Z</time>
      </trkpt>
      <trkpt lat="37.565331" lon="-121.997228">
        <ele>12.003354</ele>
        <time>2023-06-18T00:48:40.943Z</time>
      </trkpt>
      <trkpt lat="37.565338" lon="-121.997097">
        <ele>12.052737</ele>
        <time>2023-06-18T00:48:42.943Z</time>
      </trkpt>
      <trkpt lat="37.565335" lon="-121.996962">
        <ele>12.103532</ele>
        <time>2023-06-18T00:48:44.943Z</time>
      </trkpt>
      <trkpt lat="37.565355" lon="-121.996835">
        <ele>12.152232</ele>
        <time>2023-06-18T00:48:46.943Z</time>
      </trkpt>
      <trkpt lat="37.565366" lon="-121.996702">
        <ele>12.202527</ele>
        <time>2023-06-18T00:48:48.943Z</time>
      </trkpt>
      <trkpt lat="37.565373" lon="-121.996574">
        <ele>12.250783</ele>
        <time>2023-06-18T00:48:50.943Z</time>
      </trkpt>
      <trkpt lat="37.565382" lon="-121.996443">
        <ele>12.300239</ele>
        <time>2023-06-18T00:48:52.943Z</time>
      </trkpt>
      <trkpt lat="37.565395" lon="-121.996310">
        <ele>12.350641</ele>
        <time>2023-06-18T00:48:54.943Z</time>
      </trkpt>
      <trkpt lat="37.565402" lon="-121.996188">
        <ele>12.396646</ele>
        <time>2023-06-18T00:48:56.943Z</time>
      </trkpt>
      <trkpt lat="37.565410" lon="-121.996057">
        <ele>12.446063</ele>
        <time>2023-06-18T00:48:58.943Z</time>
      </trkpt>
      <trkpt lat="37.565418" lon="-121.995925">
        <ele>12.495855</ele>
        <time>2023-06-18T00:49:00.943Z</time>
      </trkpt>
      <trkpt lat="37.565428" lon="-121.995794">
        <ele>12.550605</ele>
        <time>2023-06-18T00:49:02.943Z</time>
      </trkpt>
      <trkpt lat="37.565432" lon="-121.995659">
        <ele>12.678741</ele>
        <time>2023-06-18T00:49:04.943Z</time>
      </trkpt>
      <trkpt lat="37.565444" lon="-121.995523">
        <ele>12.808532</ele>
        <time>2023-06-18T00:49:06.943Z</time>
      </trkpt>
      <trkpt lat="37.565447" lon="-121.995390">
        <ele>12.934733</ele>
        <time>2023-06-18T00:49:08.943Z</time>
      </trkpt>
      <trkpt lat="37.565461" lon="-121.995255">
        <ele>13.063871</ele>
        <time>2023-06-18T00:49:10.943Z</time>
      </trkpt>
      <trkpt lat="37.565472" lon="-121.995123">
        <ele>13.189762</ele>
        <time>2023-06-18T00:49:12.943Z</time>
      </trkpt>
      <trkpt lat="37.565480" lon="-121.994985">
        <ele>13.321003</ele>
        <time>2023-06-18T00:49:14.943Z</time>
      </trkpt>
      <trkpt lat="37.565488" lon="-121.994849">
        <ele>13.450353</ele>
        <time>2023-06-18T00:49:16.942Z</time>
      </trkpt>
      <trkpt lat="37.565495" lon="-121.994708">
        <ele>13.584353</ele>
        <time>2023-06-18T00:49:18.942Z</time>
      </trkpt>
      <trkpt lat="37.565495" lon="-121.994577">
        <ele>13.708605</ele>
        <time>2023-06-18T00:49:20.942Z</time>
      </trkpt>
      <trkpt lat="37.565514" lon="-121.994445">
        <ele>13.835854</ele>
        <time>2023-06-18T00:49:22.942Z</time>
      </trkpt>
      <trkpt lat="37.565521" lon="-121.994308">
        <ele>13.966067</ele>
        <time>2023-06-18T00:49:24.942Z</time>
      </trkpt>
      <trkpt lat="37.565531" lon="-121.994186">
        <ele>14.082400</ele>
        <time>2023-06-18T00:49:26.942Z</time>
      </trkpt>
      <trkpt lat="37.565540" lon="-121.994053">
        <ele>14.209008</ele>
        <time>2023-06-18T00:49:28.942Z</time>
      </trkpt>
      <trkpt lat="37.565547" lon="-121.993921">
        <ele>14.334489</ele>
        <time>2023-06-18T00:49:30.942Z</time>
      </trkpt>
      <trkpt lat="37.565564" lon="-121.993790">
        <ele>14.460395</ele>
        <time>2023-06-18T00:49:32.942Z</time>
      </trkpt>
      <trkpt lat="37.565578" lon="-121.993660">
        <ele>14.584832</ele>
        <time>2023-06-18T00:49:34.942Z</time>
      </trkpt>
      <trkpt lat="37.565601" lon="-121.993540">
        <ele>14.695088</ele>
        <time>2023-06-18T00:49:36.942Z</time>
      </trkpt>
      <trkpt lat="37.565614" lon="-121.993421">
        <ele>14.708719</ele>
        <time>2023-06-18T00:49:38.942Z</time>
      </trkpt>
      <trkpt lat="37.565629" lon="-121.993303">
        <ele>14.722281</ele>
        <time>2023-06-18T00:49:40.942Z</time>
      </trkpt>
      <trkpt lat="37.565652" lon="-121.993189">
        <ele>14.735629</ele>
        <time>2023-06-18T00:49:42.942Z</time>
      </trkpt>
      <trkpt lat="37.565666" lon="-121.993068">
        <ele>14.749506</ele>
        <time>2023-06-18T00:49:44.942Z</time>
      </trkpt>
      <trkpt lat="37.565689" lon="-121.992951">
        <ele>14.763185</ele>
        <time>2023-06-18T00:49:46.942Z</time>
      </trkpt>
      <trkpt lat="37.565711" lon="-121.992834">
        <ele>14.776830</ele>
        <time>2023-06-18T00:49:48.942Z</time>
      </trkpt>
      <trkpt lat="37.565742" lon="-121.992716">
        <ele>14.790937</ele>
        <time>2023-06-18T00:49:50.942Z</time>
      </trkpt>
      <trkpt lat="37.565780" lon="-121.992603">
        <ele>14.804866</ele>
        <time>2023-06-18T00:49:52.942Z</time>
      </trkpt>
      <trkpt lat="37.565809" lon="-121.992485">
        <ele>14.818885</ele>
        <time>2023-06-18T00:49:54.942Z</time>
      </trkpt>
      <trkpt lat="37.565830" lon="-121.992367">
        <ele>14.832609</ele>
        <time>2023-06-18T00:49:56.942Z</time>
      </trkpt>
      <trkpt lat="37.565870" lon="-121.992242">
        <ele>14.847906</ele>
        <time>2023-06-18T00:49:58.942Z</time>
      </trkpt>
      <trkpt lat="37.565905" lon="-121.992127">
        <ele>14.861884</ele>
        <time>2023-06-18T00:50:00.942Z</time>
      </trkpt>
      <trkpt lat="37.565939" lon="-121.992006">
        <ele>14.876452</ele>
        <time>2023-06-18T00:50:02.942Z</time>
      </trkpt>
      <trkpt lat="37.565976" lon="-121.991896">
        <ele>14.890012</ele>
        <time>2023-06-18T00:50:04.942Z</time>
      </trkpt>
      <trkpt lat="37.566016" lon="-121.991780">
        <ele>14.904367</ele>
        <time>2023-06-18T00:50:06.942Z</time>
      </trkpt>
      <trkpt lat="37.566060" lon="-121.991669">
        <ele>14.918450</ele>
        <time>2023-06-18T00:50:08.942Z</time>
      </trkpt>
      <trkpt lat="37.566109" lon="-121.991557">
        <ele>14.932967</ele>
        <time>2023-06-18T00:50:10.942Z</time>
      </trkpt>
      <trkpt lat="37.566155" lon="-121.991447">
        <ele>14.947080</ele>
        <time>2023-06-18T00:50:12.942Z</time>
      </trkpt>
      <trkpt lat="37.566199" lon="-121.991336">
        <ele>14.995044</ele>
        <time>2023-06-18T00:50:14.942Z</time>
      </trkpt>
      <trkpt lat="37.566246" lon="-121.991233">
        <ele>15.056577</ele>
        <time>2023-06-18T00:50:16.942Z</time>
      </trkpt>
      <trkpt lat="37.566287" lon="-121.991127">
        <ele>15.117645</ele>
        <time>2023-06-18T00:50:18.942Z</time>
      </trkpt>
      <trkpt lat="37.566332" lon="-121.991025">
        <ele>15.178084</ele>
        <time>2023-06-18T00:50:20.942Z</time>
      </trkpt>
      <trkpt lat="37.566400" lon="-121.990882">
        <ele>15.264423</ele>
        <time>2023-06-18T00:50:23.942Z</time>
      </trkpt>
      <trkpt lat="37.566444" lon="-121.990782">
        <ele>15.323640</ele>
        <time>2023-06-18T00:50:25.942Z</time>
      </trkpt>
      <trkpt lat="37.566520" lon="-121.990648">
        <ele>15.408950</ele>
        <time>2023-06-18T00:50:28.942Z</time>
      </trkpt>
      <trkpt lat="37.566573" lon="-121.990555">
        <ele>15.468254</ele>
        <time>2023-06-18T00:50:30.942Z</time>
      </trkpt>
      <trkpt lat="37.566655" lon="-121.990425">
        <ele>15.554272</ele>
        <time>2023-06-18T00:50:33.942Z</time>
      </trkpt>
      <trkpt lat="37.566738" lon="-121.990294">
        <ele>15.641102</ele>
        <time>2023-06-18T00:50:36.942Z</time>
      </trkpt>
      <trkpt lat="37.566814" lon="-121.990155">
        <ele>15.728530</ele>
        <time>2023-06-18T00:50:39.942Z</time>
      </trkpt>
      <trkpt lat="37.566869" lon="-121.990064">
        <ele>15.787779</ele>
        <time>2023-06-18T00:50:41.943Z</time>
      </trkpt>
      <trkpt lat="37.566934" lon="-121.989982">
        <ele>15.847821</ele>
        <time>2023-06-18T00:50:43.942Z</time>
      </trkpt>
      <trkpt lat="37.566997" lon="-121.989894">
        <ele>15.909215</ele>
        <time>2023-06-18T00:50:45.942Z</time>
      </trkpt>
      <trkpt lat="37.567065" lon="-121.989815">
        <ele>15.969596</ele>
        <time>2023-06-18T00:50:47.942Z</time>
      </trkpt>
      <trkpt lat="37.567158" lon="-121.989692">
        <ele>16.057605</ele>
        <time>2023-06-18T00:50:50.942Z</time>
      </trkpt>
      <trkpt lat="37.567244" lon="-121.989571">
        <ele>16.149449</ele>
        <time>2023-06-18T00:50:53.942Z</time>
      </trkpt>
      <trkpt lat="37.567345" lon="-121.989464">
        <ele>16.279120</ele>
        <time>2023-06-18T00:50:56.942Z</time>
      </trkpt>
      <trkpt lat="37.567435" lon="-121.989346">
        <ele>16.406740</ele>
        <time>2023-06-18T00:50:59.942Z</time>
      </trkpt>
      <trkpt lat="37.567505" lon="-121.989272">
        <ele>16.496532</ele>
        <time>2023-06-18T00:51:01.942Z</time>
      </trkpt>
      <trkpt lat="37.567596" lon="-121.989170">
        <ele>16.616215</ele>
        <time>2023-06-18T00:51:04.942Z</time>
      </trkpt>
      <trkpt lat="37.567683" lon="-121.989064">
        <ele>16.735131</ele>
        <time>2023-06-18T00:51:07.942Z</time>
      </trkpt>
      <trkpt lat="37.567767" lon="-121.988962">
        <ele>16.849760</ele>
        <time>2023-06-18T00:51:10.942Z</time>
      </trkpt>
      <trkpt lat="37.567853" lon="-121.988853">
        <ele>16.969616</ele>
        <time>2023-06-18T00:51:13.942Z</time>
      </trkpt>
      <trkpt lat="37.567932" lon="-121.988736">
        <ele>17.089394</ele>
        <time>2023-06-18T00:51:16.942Z</time>
      </trkpt>
      <trkpt lat="37.568014" lon="-121.988623">
        <ele>17.208789</ele>
        <time>2023-06-18T00:51:19.942Z</time>
      </trkpt>
      <trkpt lat="37.568086" lon="-121.988522">
        <ele>17.314651</ele>
        <time>2023-06-18T00:51:22.942Z</time>
      </trkpt>
      <trkpt lat="37.568172" lon="-121.988448">
        <ele>17.417001</ele>
        <time>2023-06-18T00:51:25.941Z</time>
      </trkpt>
      <trkpt lat="37.568273" lon="-121.988334">
        <ele>17.550245</ele>
        <time>2023-06-18T00:51:28.941Z</time>
      </trkpt>
      <trkpt lat="37.568377" lon="-121.988221">
        <ele>17.685192</ele>
        <time>2023-06-18T00:51:30.941Z</time>
      </trkpt>
      <trkpt lat="37.568490" lon="-121.988112">
        <ele>17.825047</ele>
        <time>2023-06-18T00:51:32.941Z</time>
      </trkpt>
      <trkpt lat="37.568568" lon="-121.988004">
        <ele>17.948876</ele>
        <time>2023-06-18T00:51:34.941Z</time>
      </trkpt>
      <trkpt lat="37.568647" lon="-121.987929">
        <ele>18.068112</ele>
        <time>2023-06-18T00:51:36.941Z</time>
      </trkpt>
      <trkpt lat="37.568711" lon="-121.987804">
        <ele>18.210362</ele>
        <time>2023-06-18T00:51:39.941Z</time>
      </trkpt>
      <trkpt lat="37.568744" lon="-121.987678">
        <ele>18.337211</ele>
        <time>2023-06-18T00:51:43.941Z</time>
      </trkpt>
      <trkpt lat="37.568814" lon="-121.987577">
        <ele>18.465462</ele>
        <time>2023-06-18T00:51:48.941Z</time>
      </trkpt>
      <trkpt lat="37.568878" lon="-121.987481">
        <ele>18.585373</ele>
        <time>2023-06-18T00:51:53.941Z</time>
      </trkpt>
      <trkpt lat="37.568944" lon="-121.987387">
        <ele>18.705413</ele>
        <time>2023-06-18T00:51:58.941Z</time>
      </trkpt>
      <trkpt lat="37.569016" lon="-121.987309">
        <ele>18.819865</ele>
        <time>2023-06-18T00:52:02.941Z</time>
      </trkpt>
      <trkpt lat="37.569093" lon="-121.987221">
        <ele>18.945163</ele>
        <time>2023-06-18T00:52:06.941Z</time>
      </trkpt>
      <trkpt lat="37.569171" lon="-121.987131">
        <ele>19.072640</ele>
        <time>2023-06-18T00:52:10.941Z</time>
      </trkpt>
      <trkpt lat="37.569316" lon="-121.986935">
        <ele>19.328926</ele>
        <time>2023-06-18T00:53:17.925Z</time>
      </trkpt>
      <trkpt lat="37.569386" lon="-121.986853">
        <ele>19.444125</ele>
        <time>2023-06-18T00:53:21.924Z</time>
      </trkpt>
      <trkpt lat="37.569459" lon="-121.986766">
        <ele>19.565233</ele>
        <time>2023-06-18T00:53:25.924Z</time>
      </trkpt>
      <trkpt lat="37.569538" lon="-121.986680">
        <ele>19.691071</ele>
        <time>2023-06-18T00:53:29.923Z</time>
      </trkpt>
      <trkpt lat="37.569623" lon="-121.986576">
        <ele>19.833870</ele>
        <time>2023-06-18T00:53:33.922Z</time>
      </trkpt>
      <trkpt lat="37.569698" lon="-121.986495">
        <ele>19.952935</ele>
        <time>2023-06-18T00:53:36.922Z</time>
      </trkpt>
      <trkpt lat="37.569774" lon="-121.986407">
        <ele>20.060300</ele>
        <time>2023-06-18T00:53:39.922Z</time>
      </trkpt>
      <trkpt lat="37.569846" lon="-121.986325">
        <ele>20.026461</ele>
        <time>2023-06-18T00:53:42.922Z</time>
      </trkpt>
      <trkpt lat="37.569911" lon="-121.986241">
        <ele>19.993999</ele>
        <time>2023-06-18T00:53:45.921Z</time>
      </trkpt>
      <trkpt lat="37.569978" lon="-121.986150">
        <ele>19.959655</ele>
        <time>2023-06-18T00:53:48.921Z</time>
      </trkpt>
      <trkpt lat="37.570064" lon="-121.986050">
        <ele>19.918853</ele>
        <time>2023-06-18T00:53:51.921Z</time>
      </trkpt>
      <trkpt lat="37.570144" lon="-121.985956">
        <ele>19.880714</ele>
        <time>2023-06-18T00:53:54.921Z</time>
      </trkpt>
      <trkpt lat="37.570221" lon="-121.985865">
        <ele>19.843906</ele>
        <time>2023-06-18T00:53:57.921Z</time>
      </trkpt>
      <trkpt lat="37.570306" lon="-121.985767">
        <ele>19.803735</ele>
        <time>2023-06-18T00:54:00.921Z</time>
      </trkpt>
      <trkpt lat="37.570383" lon="-121.985668">
        <ele>19.765381</ele>
        <time>2023-06-18T00:54:03.921Z</time>
      </trkpt>
      <trkpt lat="37.570448" lon="-121.985568">
        <ele>19.729620</ele>
        <time>2023-06-18T00:54:06.921Z</time>
      </trkpt>
      <trkpt lat="37.570519" lon="-121.985457">
        <ele>19.690179</ele>
        <time>2023-06-18T00:54:09.920Z</time>
      </trkpt>
      <trkpt lat="37.570602" lon="-121.985349">
        <ele>19.648582</ele>
        <time>2023-06-18T00:54:12.920Z</time>
      </trkpt>
      <trkpt lat="37.570678" lon="-121.985251">
        <ele>19.610670</ele>
        <time>2023-06-18T00:54:15.920Z</time>
      </trkpt>
      <trkpt lat="37.570744" lon="-121.985141">
        <ele>19.572521</ele>
        <time>2023-06-18T00:54:18.920Z</time>
      </trkpt>
      <trkpt lat="37.570807" lon="-121.985034">
        <ele>19.535663</ele>
        <time>2023-06-18T00:54:21.920Z</time>
      </trkpt>
      <trkpt lat="37.570867" lon="-121.984921">
        <ele>19.498053</ele>
        <time>2023-06-18T00:54:24.920Z</time>
      </trkpt>
      <trkpt lat="37.570928" lon="-121.984811">
        <ele>19.460931</ele>
        <time>2023-06-18T00:54:27.920Z</time>
      </trkpt>
      <trkpt lat="37.570986" lon="-121.984700">
        <ele>19.426219</ele>
        <time>2023-06-18T00:54:30.920Z</time>
      </trkpt>
      <trkpt lat="37.571048" lon="-121.984597">
        <ele>19.396339</ele>
        <time>2023-06-18T00:54:33.920Z</time>
      </trkpt>
      <trkpt lat="37.571101" lon="-121.984485">
        <ele>19.366205</ele>
        <time>2023-06-18T00:54:36.920Z</time>
      </trkpt>
      <trkpt lat="37.571168" lon="-121.984363">
        <ele>19.331916</ele>
        <time>2023-06-18T00:54:39.920Z</time>
      </trkpt>
      <trkpt lat="37.571221" lon="-121.984250">
        <ele>19.301583</ele>
        <time>2023-06-18T00:54:42.920Z</time>
      </trkpt>
      <trkpt lat="37.571274" lon="-121.984129">
        <ele>19.269645</ele>
        <time>2023-06-18T00:54:45.920Z</time>
      </trkpt>
      <trkpt lat="37.571317" lon="-121.984000">
        <ele>19.237316</ele>
        <time>2023-06-18T00:54:48.920Z</time>
      </trkpt>
      <trkpt lat="37.571372" lon="-121.983883">
        <ele>19.205890</ele>
        <time>2023-06-18T00:54:51.920Z</time>
      </trkpt>
      <trkpt lat="37.571417" lon="-121.983755">
        <ele>19.173542</ele>
        <time>2023-06-18T00:54:54.920Z</time>
      </trkpt>
      <trkpt lat="37.571444" lon="-121.983616">
        <ele>19.140480</ele>
        <time>2023-06-18T00:54:57.919Z</time>
      </trkpt>
      <trkpt lat="37.571478" lon="-121.983491">
        <ele>19.109950</ele>
        <time>2023-06-18T00:55:00.920Z</time>
      </trkpt>
      <trkpt lat="37.571504" lon="-121.983362">
        <ele>19.079200</ele>
        <time>2023-06-18T00:55:03.920Z</time>
      </trkpt>
      <trkpt lat="37.571534" lon="-121.983239">
        <ele>19.049470</ele>
        <time>2023-06-18T00:55:06.920Z</time>
      </trkpt>
      <trkpt lat="37.571571" lon="-121.983112">
        <ele>19.018212</ele>
        <time>2023-06-18T00:55:09.920Z</time>
      </trkpt>
      <trkpt lat="37.571604" lon="-121.982965">
        <ele>18.982917</ele>
        <time>2023-06-18T00:55:12.920Z</time>
      </trkpt>
      <trkpt lat="37.571635" lon="-121.982828">
        <ele>18.950003</ele>
        <time>2023-06-18T00:55:15.920Z</time>
      </trkpt>
      <trkpt lat="37.571661" lon="-121.982679">
        <ele>18.914757</ele>
        <time>2023-06-18T00:55:18.920Z</time>
      </trkpt>
      <trkpt lat="37.571687" lon="-121.982535">
        <ele>19.019145</ele>
        <time>2023-06-18T00:55:21.920Z</time>
      </trkpt>
      <trkpt lat="37.571707" lon="-121.982393">
        <ele>19.131219</ele>
        <time>2023-06-18T00:55:24.920Z</time>
      </trkpt>
      <trkpt lat="37.571723" lon="-121.982266">
        <ele>19.231147</ele>
        <time>2023-06-18T00:55:27.920Z</time>
      </trkpt>
      <trkpt lat="37.571730" lon="-121.982126">
        <ele>19.340154</ele>
        <time>2023-06-18T00:55:30.920Z</time>
      </trkpt>
      <trkpt lat="37.571734" lon="-121.981998">
        <ele>19.439697</ele>
        <time>2023-06-18T00:55:33.920Z</time>
      </trkpt>
      <trkpt lat="37.571728" lon="-121.981849">
        <ele>19.555631</ele>
        <time>2023-06-18T00:55:36.920Z</time>
      </trkpt>
      <trkpt lat="37.571719" lon="-121.981685">
        <ele>19.683377</ele>
        <time>2023-06-18T00:55:39.919Z</time>
      </trkpt>
      <trkpt lat="37.571711" lon="-121.981539">
        <ele>19.797101</ele>
        <time>2023-06-18T00:55:42.919Z</time>
      </trkpt>
      <trkpt lat="37.571695" lon="-121.981424">
        <ele>19.887831</ele>
        <time>2023-06-18T00:55:44.919Z</time>
      </trkpt>
      <trkpt lat="37.571673" lon="-121.981269">
        <ele>20.010194</ele>
        <time>2023-06-18T00:55:47.919Z</time>
      </trkpt>
      <trkpt lat="37.571655" lon="-121.981118">
        <ele>20.128853</ele>
        <time>2023-06-18T00:55:50.919Z</time>
      </trkpt>
      <trkpt lat="37.571631" lon="-121.980971">
        <ele>20.245482</ele>
        <time>2023-06-18T00:55:53.919Z</time>
      </trkpt>
      <trkpt lat="37.571581" lon="-121.980845">
        <ele>20.354980</ele>
        <time>2023-06-18T00:55:56.919Z</time>
      </trkpt>
      <trkpt lat="37.571535" lon="-121.980721">
        <ele>20.461370</ele>
        <time>2023-06-18T00:55:59.919Z</time>
      </trkpt>
      <trkpt lat="37.571511" lon="-121.980583">
        <ele>20.571158</ele>
        <time>2023-06-18T00:56:02.919Z</time>
      </trkpt>
      <trkpt lat="37.571490" lon="-121.980439">
        <ele>20.678979</ele>
        <time>2023-06-18T00:56:05.919Z</time>
      </trkpt>
      <trkpt lat="37.571477" lon="-121.980281">
        <ele>20.721782</ele>
        <time>2023-06-18T00:56:08.919Z</time>
      </trkpt>
      <trkpt lat="37.571441" lon="-121.980132">
        <ele>20.763755</ele>
        <time>2023-06-18T00:56:11.919Z</time>
      </trkpt>
      <trkpt lat="37.571400" lon="-121.979990">
        <ele>20.804478</ele>
        <time>2023-06-18T00:56:14.919Z</time>
      </trkpt>
      <trkpt lat="37.571362" lon="-121.979852">
        <ele>20.843844</ele>
        <time>2023-06-18T00:56:17.919Z</time>
      </trkpt>
      <trkpt lat="37.571315" lon="-121.979719">
        <ele>20.883082</ele>
        <time>2023-06-18T00:56:20.919Z</time>
      </trkpt>
      <trkpt lat="37.571275" lon="-121.979580">
        <ele>20.922929</ele>
        <time>2023-06-18T00:56:23.919Z</time>
      </trkpt>
      <trkpt lat="37.571227" lon="-121.979433">
        <ele>20.965769</ele>
        <time>2023-06-18T00:56:26.919Z</time>
      </trkpt>
      <trkpt lat="37.571178" lon="-121.979277">
        <ele>21.010985</ele>
        <time>2023-06-18T00:56:29.919Z</time>
      </trkpt>
      <trkpt lat="37.571136" lon="-121.979131">
        <ele>21.052837</ele>
        <time>2023-06-18T00:56:32.919Z</time>
      </trkpt>
      <trkpt lat="37.571102" lon="-121.978986">
        <ele>21.093583</ele>
        <time>2023-06-18T00:56:35.919Z</time>
      </trkpt>
      <trkpt lat="37.571070" lon="-121.978834">
        <ele>21.135961</ele>
        <time>2023-06-18T00:56:38.918Z</time>
      </trkpt>
      <trkpt lat="37.571038" lon="-121.978682">
        <ele>21.178339</ele>
        <time>2023-06-18T00:56:41.918Z</time>
      </trkpt>
      <trkpt lat="37.571006" lon="-121.978531">
        <ele>21.220456</ele>
        <time>2023-06-18T00:56:44.918Z</time>
      </trkpt>
      <trkpt lat="37.570977" lon="-121.978385">
        <ele>21.261014</ele>
        <time>2023-06-18T00:56:47.918Z</time>
      </trkpt>
      <trkpt lat="37.570950" lon="-121.978233">
        <ele>21.289674</ele>
        <time>2023-06-18T00:56:50.918Z</time>
      </trkpt>
      <trkpt lat="37.570921" lon="-121.978074">
        <ele>21.296323</ele>
        <time>2023-06-18T00:56:53.918Z</time>
      </trkpt>
      <trkpt lat="37.570897" lon="-121.977911">
        <ele>21.303080</ele>
        <time>2023-06-18T00:56:56.918Z</time>
      </trkpt>
      <trkpt lat="37.570877" lon="-121.977753">
        <ele>21.309601</ele>
        <time>2023-06-18T00:56:59.918Z</time>
      </trkpt>
      <trkpt lat="37.570865" lon="-121.977612">
        <ele>21.315380</ele>
        <time>2023-06-18T00:57:02.918Z</time>
      </trkpt>
      <trkpt lat="37.570856" lon="-121.977464">
        <ele>21.321429</ele>
        <time>2023-06-18T00:57:05.918Z</time>
      </trkpt>
      <trkpt lat="37.570851" lon="-121.977319">
        <ele>21.327344</ele>
        <time>2023-06-18T00:57:08.918Z</time>
      </trkpt>
      <trkpt lat="37.570858" lon="-121.977168">
        <ele>21.333509</ele>
        <time>2023-06-18T00:57:11.918Z</time>
      </trkpt>
      <trkpt lat="37.570857" lon="-121.977004">
        <ele>21.340193</ele>
        <time>2023-06-18T00:57:14.918Z</time>
      </trkpt>
      <trkpt lat="37.570867" lon="-121.976842">
        <ele>21.346815</ele>
        <time>2023-06-18T00:57:17.918Z</time>
      </trkpt>
      <trkpt lat="37.570879" lon="-121.976690">
        <ele>21.353041</ele>
        <time>2023-06-18T00:57:20.918Z</time>
      </trkpt>
      <trkpt lat="37.570902" lon="-121.976535">
        <ele>21.359467</ele>
        <time>2023-06-18T00:57:23.918Z</time>
      </trkpt>
      <trkpt lat="37.570919" lon="-121.976377">
        <ele>21.365966</ele>
        <time>2023-06-18T00:57:26.918Z</time>
      </trkpt>
      <trkpt lat="37.570950" lon="-121.976227">
        <ele>21.372283</ele>
        <time>2023-06-18T00:57:29.918Z</time>
      </trkpt>
      <trkpt lat="37.570979" lon="-121.976089">
        <ele>21.378102</ele>
        <time>2023-06-18T00:57:32.918Z</time>
      </trkpt>
      <trkpt lat="37.570999" lon="-121.975947">
        <ele>21.410483</ele>
        <time>2023-06-18T00:57:35.918Z</time>
      </trkpt>
      <trkpt lat="37.571038" lon="-121.975811">
        <ele>21.453627</ele>
        <time>2023-06-18T00:57:38.918Z</time>
      </trkpt>
      <trkpt lat="37.571079" lon="-121.975654">
        <ele>21.502938</ele>
        <time>2023-06-18T00:57:41.917Z</time>
      </trkpt>
      <trkpt lat="37.571120" lon="-121.975498">
        <ele>21.551965</ele>
        <time>2023-06-18T00:57:44.917Z</time>
      </trkpt>
      <trkpt lat="37.571165" lon="-121.975348">
        <ele>21.599810</ele>
        <time>2023-06-18T00:57:47.917Z</time>
      </trkpt>
      <trkpt lat="37.571207" lon="-121.975194">
        <ele>21.648392</ele>
        <time>2023-06-18T00:57:50.917Z</time>
      </trkpt>
      <trkpt lat="37.571252" lon="-121.975047">
        <ele>21.695401</ele>
        <time>2023-06-18T00:57:53.917Z</time>
      </trkpt>
      <trkpt lat="37.571289" lon="-121.974940">
        <ele>21.730225</ele>
        <time>2023-06-18T00:57:55.917Z</time>
      </trkpt>
      <trkpt lat="37.571328" lon="-121.974823">
        <ele>21.768088</ele>
        <time>2023-06-18T00:57:57.917Z</time>
      </trkpt>
      <trkpt lat="37.571373" lon="-121.974707">
        <ele>21.806614</ele>
        <time>2023-06-18T00:57:59.917Z</time>
      </trkpt>
      <trkpt lat="37.571416" lon="-121.974591">
        <ele>21.844815</ele>
        <time>2023-06-18T00:58:01.917Z</time>
      </trkpt>
      <trkpt lat="37.571454" lon="-121.974478">
        <ele>21.881432</ele>
        <time>2023-06-18T00:58:03.917Z</time>
      </trkpt>
      <trkpt lat="37.571490" lon="-121.974364">
        <ele>21.918039</ele>
        <time>2023-06-18T00:58:05.917Z</time>
      </trkpt>
      <trkpt lat="37.571534" lon="-121.974256">
        <ele>21.954263</ele>
        <time>2023-06-18T00:58:07.917Z</time>
      </trkpt>
      <trkpt lat="37.571570" lon="-121.974140">
        <ele>21.991425</ele>
        <time>2023-06-18T00:58:09.917Z</time>
      </trkpt>
      <trkpt lat="37.571607" lon="-121.974028">
        <ele>22.027621</ele>
        <time>2023-06-18T00:58:11.917Z</time>
      </trkpt>
      <trkpt lat="37.571646" lon="-121.973915">
        <ele>22.068169</ele>
        <time>2023-06-18T00:58:13.917Z</time>
      </trkpt>
      <trkpt lat="37.571682" lon="-121.973799">
        <ele>22.123705</ele>
        <time>2023-06-18T00:58:15.917Z</time>
      </trkpt>
      <trkpt lat="37.571723" lon="-121.973683">
        <ele>22.180326</ele>
        <time>2023-06-18T00:58:17.917Z</time>
      </trkpt>
      <trkpt lat="37.571756" lon="-121.973566">
        <ele>22.235689</ele>
        <time>2023-06-18T00:58:19.917Z</time>
      </trkpt>
      <trkpt lat="37.571797" lon="-121.973457">
        <ele>22.289475</ele>
        <time>2023-06-18T00:58:21.917Z</time>
      </trkpt>
      <trkpt lat="37.571837" lon="-121.973351">
        <ele>22.341812</ele>
        <time>2023-06-18T00:58:23.917Z</time>
      </trkpt>
      <trkpt lat="37.571876" lon="-121.973230">
        <ele>22.400044</ele>
        <time>2023-06-18T00:58:25.917Z</time>
      </trkpt>
      <trkpt lat="37.571909" lon="-121.973116">
        <ele>22.454148</ele>
        <time>2023-06-18T00:58:27.917Z</time>
      </trkpt>
      <trkpt lat="37.571947" lon="-121.973001">
        <ele>22.509692</ele>
        <time>2023-06-18T00:58:29.917Z</time>
      </trkpt>
      <trkpt lat="37.571988" lon="-121.972889">
        <ele>22.564689</ele>
        <time>2023-06-18T00:58:31.917Z</time>
      </trkpt>
      <trkpt lat="37.572027" lon="-121.972778">
        <ele>22.618817</ele>
        <time>2023-06-18T00:58:33.917Z</time>
      </trkpt>
      <trkpt lat="37.572076" lon="-121.972627">
        <ele>22.691556</ele>
        <time>2023-06-18T00:58:36.917Z</time>
      </trkpt>
      <trkpt lat="37.572113" lon="-121.972516">
        <ele>22.745237</ele>
        <time>2023-06-18T00:58:38.917Z</time>
      </trkpt>
      <trkpt lat="37.572144" lon="-121.972407">
        <ele>22.796863</ele>
        <time>2023-06-18T00:58:40.916Z</time>
      </trkpt>
      <trkpt lat="37.572191" lon="-121.972246">
        <ele>22.873349</ele>
        <time>2023-06-18T00:58:43.916Z</time>
      </trkpt>
      <trkpt lat="37.572249" lon="-121.972085">
        <ele>22.952189</ele>
        <time>2023-06-18T00:58:46.916Z</time>
      </trkpt>
      <trkpt lat="37.572289" lon="-121.971981">
        <ele>23.003722</ele>
        <time>2023-06-18T00:58:48.916Z</time>
      </trkpt>
      <trkpt lat="37.572352" lon="-121.971836">
        <ele>23.062492</ele>
        <time>2023-06-18T00:58:51.916Z</time>
      </trkpt>
      <trkpt lat="37.572398" lon="-121.971737">
        <ele>23.029066</ele>
        <time>2023-06-18T00:58:53.916Z</time>
      </trkpt>
      <trkpt lat="37.572440" lon="-121.971633">
        <ele>22.995068</ele>
        <time>2023-06-18T00:58:55.916Z</time>
      </trkpt>
      <trkpt lat="37.572485" lon="-121.971528">
        <ele>22.960299</ele>
        <time>2023-06-18T00:58:57.916Z</time>
      </trkpt>
      <trkpt lat="37.572555" lon="-121.971385">
        <ele>22.911343</ele>
        <time>2023-06-18T00:59:00.916Z</time>
      </trkpt>
      <trkpt lat="37.572636" lon="-121.971265">
        <ele>22.865433</ele>
        <time>2023-06-18T00:59:03.916Z</time>
      </trkpt>
      <trkpt lat="37.572742" lon="-121.971178">
        <ele>22.818961</ele>
        <time>2023-06-18T00:59:06.917Z</time>
      </trkpt>
      <trkpt lat="37.572821" lon="-121.971098">
        <ele>22.781734</ele>
        <time>2023-06-18T00:59:08.916Z</time>
      </trkpt>
      <trkpt lat="37.572909" lon="-121.970991">
        <ele>22.736820</ele>
        <time>2023-06-18T00:59:10.916Z</time>
      </trkpt>
      <trkpt lat="37.573001" lon="-121.970867">
        <ele>22.687347</ele>
        <time>2023-06-18T00:59:12.916Z</time>
      </trkpt>
      <trkpt lat="37.573050" lon="-121.970747">
        <ele>22.648029</ele>
        <time>2023-06-18T00:59:14.917Z</time>
      </trkpt>
      <trkpt lat="37.573108" lon="-121.970625">
        <ele>22.606591</ele>
        <time>2023-06-18T00:59:17.917Z</time>
      </trkpt>
      <trkpt lat="37.573186" lon="-121.970513">
        <ele>22.563164</ele>
        <time>2023-06-18T00:59:20.917Z</time>
      </trkpt>
      <trkpt lat="37.573272" lon="-121.970398">
        <ele>22.517111</ele>
        <time>2023-06-18T00:59:23.916Z</time>
      </trkpt>
      <trkpt lat="37.573362" lon="-121.970293">
        <ele>22.472064</ele>
        <time>2023-06-18T00:59:26.916Z</time>
      </trkpt>
      <trkpt lat="37.573446" lon="-121.970193">
        <ele>22.429621</ele>
        <time>2023-06-18T00:59:29.916Z</time>
      </trkpt>
      <trkpt lat="37.573546" lon="-121.970104">
        <ele>22.443053</ele>
        <time>2023-06-18T00:59:32.916Z</time>
      </trkpt>
      <trkpt lat="37.573644" lon="-121.970027">
        <ele>22.509550</ele>
        <time>2023-06-18T00:59:35.916Z</time>
      </trkpt>
      <trkpt lat="37.573739" lon="-121.969938">
        <ele>22.577702</ele>
        <time>2023-06-18T00:59:38.916Z</time>
      </trkpt>
      <trkpt lat="37.573832" lon="-121.969869">
        <ele>22.639844</ele>
        <time>2023-06-18T00:59:41.916Z</time>
      </trkpt>
      <trkpt lat="37.573920" lon="-121.969806">
        <ele>22.698121</ele>
        <time>2023-06-18T00:59:44.916Z</time>
      </trkpt>
      <trkpt lat="37.574026" lon="-121.969761">
        <ele>22.762538</ele>
        <time>2023-06-18T00:59:47.916Z</time>
      </trkpt>
      <trkpt lat="37.574132" lon="-121.969722">
        <ele>22.826135</ele>
        <time>2023-06-18T00:59:49.916Z</time>
      </trkpt>
      <trkpt lat="37.574261" lon="-121.969687">
        <ele>22.902135</ele>
        <time>2023-06-18T00:59:51.916Z</time>
      </trkpt>
      <trkpt lat="37.574401" lon="-121.969612">
        <ele>22.989740</ele>
        <time>2023-06-18T00:59:53.916Z</time>
      </trkpt>
      <trkpt lat="37.574528" lon="-121.969550">
        <ele>23.068175</ele>
        <time>2023-06-18T00:59:55.916Z</time>
      </trkpt>
      <trkpt lat="37.574651" lon="-121.969510">
        <ele>23.141336</ele>
        <time>2023-06-18T00:59:57.916Z</time>
      </trkpt>
      <trkpt lat="37.574766" lon="-121.969435">
        <ele>23.215899</ele>
        <time>2023-06-18T01:00:00.916Z</time>
      </trkpt>
      <trkpt lat="37.574846" lon="-121.969351">
        <ele>23.275846</ele>
        <time>2023-06-18T01:00:04.916Z</time>
      </trkpt>
      <trkpt lat="37.574923" lon="-121.969266">
        <ele>23.334775</ele>
        <time>2023-06-18T01:00:08.916Z</time>
      </trkpt>
      <trkpt lat="37.575017" lon="-121.969208">
        <ele>23.395044</ele>
        <time>2023-06-18T01:00:12.916Z</time>
      </trkpt>
      <trkpt lat="37.575110" lon="-121.969150">
        <ele>23.434852</ele>
        <time>2023-06-18T01:00:16.916Z</time>
      </trkpt>
      <trkpt lat="37.575209" lon="-121.969085">
        <ele>23.386793</ele>
        <time>2023-06-18T01:00:20.916Z</time>
      </trkpt>
      <trkpt lat="37.575307" lon="-121.969025">
        <ele>23.339886</ele>
        <time>2023-06-18T01:00:24.915Z</time>
      </trkpt>
      <trkpt lat="37.575389" lon="-121.968978">
        <ele>23.301102</ele>
        <time>2023-06-18T01:00:27.915Z</time>
      </trkpt>
      <trkpt lat="37.575478" lon="-121.968915">
        <ele>23.257157</ele>
        <time>2023-06-18T01:00:31.915Z</time>
      </trkpt>
      <trkpt lat="37.575596" lon="-121.968859">
        <ele>23.202867</ele>
        <time>2023-06-18T01:00:35.915Z</time>
      </trkpt>
      <trkpt lat="37.575703" lon="-121.968793">
        <ele>23.151579</ele>
        <time>2023-06-18T01:00:38.915Z</time>
      </trkpt>
      <trkpt lat="37.575811" lon="-121.968731">
        <ele>23.100484</ele>
        <time>2023-06-18T01:00:41.915Z</time>
      </trkpt>
      <trkpt lat="37.575912" lon="-121.968669">
        <ele>23.052116</ele>
        <time>2023-06-18T01:00:44.915Z</time>
      </trkpt>
      <trkpt lat="37.576010" lon="-121.968609">
        <ele>23.005209</ele>
        <time>2023-06-18T01:00:47.915Z</time>
      </trkpt>
      <trkpt lat="37.576100" lon="-121.968553">
        <ele>22.961997</ele>
        <time>2023-06-18T01:00:50.915Z</time>
      </trkpt>
      <trkpt lat="37.576194" lon="-121.968498">
        <ele>22.917377</ele>
        <time>2023-06-18T01:00:53.915Z</time>
      </trkpt>
      <trkpt lat="37.576288" lon="-121.968445">
        <ele>22.873041</ele>
        <time>2023-06-18T01:00:56.915Z</time>
      </trkpt>
      <trkpt lat="37.576399" lon="-121.968391">
        <ele>22.821811</ele>
        <time>2023-06-18T01:01:00.915Z</time>
      </trkpt>
      <trkpt lat="37.576490" lon="-121.968356">
        <ele>22.780844</ele>
        <time>2023-06-18T01:01:03.915Z</time>
      </trkpt>
      <trkpt lat="37.576585" lon="-121.968320">
        <ele>22.738129</ele>
        <time>2023-06-18T01:01:06.915Z</time>
      </trkpt>
      <trkpt lat="37.576680" lon="-121.968282">
        <ele>22.695213</ele>
        <time>2023-06-18T01:01:09.915Z</time>
      </trkpt>
      <trkpt lat="37.576774" lon="-121.968247">
        <ele>22.736368</ele>
        <time>2023-06-18T01:01:12.915Z</time>
      </trkpt>
      <trkpt lat="37.576875" lon="-121.968221">
        <ele>22.925699</ele>
        <time>2023-06-18T01:01:15.915Z</time>
      </trkpt>
      <trkpt lat="37.576979" lon="-121.968181">
        <ele>23.125396</ele>
        <time>2023-06-18T01:01:18.915Z</time>
      </trkpt>
      <trkpt lat="37.577086" lon="-121.968149">
        <ele>23.327371</ele>
        <time>2023-06-18T01:01:21.915Z</time>
      </trkpt>
      <trkpt lat="37.577184" lon="-121.968117">
        <ele>23.513300</ele>
        <time>2023-06-18T01:01:24.915Z</time>
      </trkpt>
      <trkpt lat="37.577282" lon="-121.968085">
        <ele>23.699229</ele>
        <time>2023-06-18T01:01:27.915Z</time>
      </trkpt>
      <trkpt lat="37.577377" lon="-121.968064">
        <ele>23.876375</ele>
        <time>2023-06-18T01:01:30.915Z</time>
      </trkpt>
      <trkpt lat="37.577473" lon="-121.968031">
        <ele>24.059127</ele>
        <time>2023-06-18T01:01:33.915Z</time>
      </trkpt>
      <trkpt lat="37.577563" lon="-121.968016">
        <ele>24.225868</ele>
        <time>2023-06-18T01:01:36.915Z</time>
      </trkpt>
      <trkpt lat="37.577654" lon="-121.968014">
        <ele>24.393036</ele>
        <time>2023-06-18T01:01:39.915Z</time>
      </trkpt>
      <trkpt lat="37.577750" lon="-121.967990">
        <ele>24.572789</ele>
        <time>2023-06-18T01:01:42.915Z</time>
      </trkpt>
      <trkpt lat="37.577846" lon="-121.967972">
        <ele>24.751051</ele>
        <time>2023-06-18T01:01:45.915Z</time>
      </trkpt>
      <trkpt lat="37.577946" lon="-121.967963">
        <ele>24.935191</ele>
        <time>2023-06-18T01:01:48.915Z</time>
      </trkpt>
      <trkpt lat="37.578054" lon="-121.967961">
        <ele>25.133578</ele>
        <time>2023-06-18T01:01:51.915Z</time>
      </trkpt>
      <trkpt lat="37.578147" lon="-121.967983">
        <ele>25.307370</ele>
        <time>2023-06-18T01:01:54.915Z</time>
      </trkpt>
      <trkpt lat="37.578253" lon="-121.968035">
        <ele>25.516260</ele>
        <time>2023-06-18T01:01:58.914Z</time>
      </trkpt>
      <trkpt lat="37.578362" lon="-121.968114">
        <ele>25.747139</ele>
        <time>2023-06-18T01:02:01.914Z</time>
      </trkpt>
      <trkpt lat="37.578456" lon="-121.968173">
        <ele>25.939973</ele>
        <time>2023-06-18T01:02:03.914Z</time>
      </trkpt>
      <trkpt lat="37.578561" lon="-121.968229">
        <ele>25.972457</ele>
        <time>2023-06-18T01:02:05.914Z</time>
      </trkpt>
      <trkpt lat="37.578647" lon="-121.968179">
        <ele>25.972457</ele>
        <time>2023-06-18T01:02:07.914Z</time>
      </trkpt>
      <trkpt lat="37.578700" lon="-121.968070">
        <ele>25.972457</ele>
        <time>2023-06-18T01:02:11.914Z</time>
      </trkpt>
      <trkpt lat="37.578750" lon="-121.967965">
        <ele>25.972457</ele>
        <time>2023-06-18T01:02:17.914Z</time>
      </trkpt>
      <trkpt lat="37.578774" lon="-121.967851">
        <ele>25.972457</ele>
        <time>2023-06-18T01:02:21.914Z</time>
      </trkpt>
      <trkpt lat="37.578809" lon="-121.967726">
        <ele>25.972457</ele>
        <time>2023-06-18T01:02:25.914Z</time>
      </trkpt>
      <trkpt lat="37.578854" lon="-121.967614">
        <ele>25.972457</ele>
        <time>2023-06-18T01:02:28.914Z</time>
      </trkpt>
      <trkpt lat="37.578896" lon="-121.967499">
        <ele>25.972457</ele>
        <time>2023-06-18T01:02:31.914Z</time>
      </trkpt>
      <trkpt lat="37.578954" lon="-121.967372">
        <ele>25.972457</ele>
        <time>2023-06-18T01:02:34.914Z</time>
      </trkpt>
      <trkpt lat="37.579006" lon="-121.967227">
        <ele>25.972457</ele>
        <time>2023-06-18T01:02:37.914Z</time>
      </trkpt>
      <trkpt lat="37.579069" lon="-121.967070">
        <ele>25.972457</ele>
        <time>2023-06-18T01:02:40.914Z</time>
      </trkpt>
      <trkpt lat="37.579133" lon="-121.966929">
        <ele>25.972457</ele>
        <time>2023-06-18T01:02:43.914Z</time>
      </trkpt>
      <trkpt lat="37.579193" lon="-121.966794">
        <ele>25.972457</ele>
        <time>2023-06-18T01:02:46.914Z</time>
      </trkpt>
      <trkpt lat="37.579233" lon="-121.966679">
        <ele>25.972457</ele>
        <time>2023-06-18T01:02:48.914Z</time>
      </trkpt>
      <trkpt lat="37.579282" lon="-121.966574">
        <ele>25.972457</ele>
        <time>2023-06-18T01:02:50.914Z</time>
      </trkpt>
      <trkpt lat="37.579323" lon="-121.966468">
        <ele>25.972457</ele>
        <time>2023-06-18T01:02:52.914Z</time>
      </trkpt>
      <trkpt lat="37.579326" lon="-121.966350">
        <ele>25.972457</ele>
        <time>2023-06-18T01:02:54.913Z</time>
      </trkpt>
      <trkpt lat="37.579397" lon="-121.966234">
        <ele>25.972457</ele>
        <time>2023-06-18T01:02:57.913Z</time>
      </trkpt>
      <trkpt lat="37.579464" lon="-121.966120">
        <ele>25.972457</ele>
        <time>2023-06-18T01:03:00.913Z</time>
      </trkpt>
      <trkpt lat="37.579386" lon="-121.966060">
        <ele>25.972457</ele>
        <time>2023-06-18T01:03:08.913Z</time>
      </trkpt>
    </trkseg>
  </trk>
</gpx>