<?xml version="1.0"?>
<gpx xmlns="http://www.topografix.com/GPX/1/1" xmlns:xsi="http://www.w3.org/2001/XMLSchema-instance" version="1.1" creator="AllTrails.com" xsi:schemaLocation="http://www.topografix.com/GPX/1/1 http://www.topografix.com/GPX/1/1/gpx.xsd">
  <metadata>
    <name><![CDATA[Afternoon hike]]></name>
    <desc><![CDATA[]]></desc>
    <link href="http://www.alltrails.com">
      <text>AllTrails, LLC</text>
    </link>
    <bounds minlat="37.28059" minlon="-122.09115" maxlat="37.2942" maxlon="-122.07318"/>
  </metadata>
  <trk>
    <name><![CDATA[Afternoon hike]]></name>
    <src>AllTrails</src>
    <trkseg>
      <trkpt lat="37.28068" lon="-122.07338">
        <ele>175.0</ele>
        <time>2026-03-22T22:19:56Z</time>
      </trkpt>
      <trkpt lat="37.28074" lon="-122.07356">
        <ele>175.0</ele>
        <time>2026-03-22T22:20:24Z</time>
      </trkpt>
      <trkpt lat="37.28075" lon="-122.0736">
        <ele>174.91</ele>
        <time>2026-03-22T22:20:27Z</time>
      </trkpt>
      <trkpt lat="37.28078" lon="-122.07374">
        <ele>174.83</ele>
        <time>2026-03-22T22:20:37Z</time>
      </trkpt>
      <trkpt lat="37.28079" lon="-122.07375">
        <ele>174.73</ele>
        <time>2026-03-22T22:20:38Z</time>
      </trkpt>
      <trkpt lat="37.2808" lon="-122.07378">
        <ele>174.47</ele>
        <time>2026-03-22T22:20:40Z</time>
      </trkpt>
      <trkpt lat="37.28082" lon="-122.07384">
        <ele>174.55</ele>
        <time>2026-03-22T22:20:45Z</time>
      </trkpt>
      <trkpt lat="37.28082" lon="-122.07372">
        <ele>174.85</ele>
        <time>2026-03-22T22:20:53Z</time>
      </trkpt>
      <trkpt lat="37.28076" lon="-122.07364">
        <ele>174.86</ele>
        <time>2026-03-22T22:20:59Z</time>
      </trkpt>
      <trkpt lat="37.28068" lon="-122.07363">
        <ele>175.0</ele>
        <time>2026-03-22T22:21:02Z</time>
      </trkpt>
      <trkpt lat="37.28068" lon="-122.07366">
        <ele>175.0</ele>
        <time>2026-03-22T22:21:12Z</time>
      </trkpt>
      <trkpt lat="37.28068" lon="-122.07367">
        <ele>175.0</ele>
        <time>2026-03-22T22:21:14Z</time>
      </trkpt>
      <trkpt lat="37.28065" lon="-122.07369">
        <ele>175.0</ele>
        <time>2026-03-22T22:21:18Z</time>
      </trkpt>
      <trkpt lat="37.28061" lon="-122.07371">
        <ele>175.89</ele>
        <time>2026-03-22T22:21:22Z</time>
      </trkpt>
      <trkpt lat="37.2806" lon="-122.07371">
        <ele>176.11</ele>
        <time>2026-03-22T22:21:26Z</time>
      </trkpt>
      <trkpt lat="37.28059" lon="-122.0737">
        <ele>176.26</ele>
        <time>2026-03-22T22:21:31Z</time>
      </trkpt>
      <trkpt lat="37.28068" lon="-122.07366">
        <ele>175.0</ele>
        <time>2026-03-22T22:21:48Z</time>
      </trkpt>
      <trkpt lat="37.28074" lon="-122.07374">
        <ele>175.0</ele>
        <time>2026-03-22T22:21:54Z</time>
      </trkpt>
      <trkpt lat="37.28077" lon="-122.07385">
        <ele>174.87</ele>
        <time>2026-03-22T22:21:57Z</time>
      </trkpt>
      <trkpt lat="37.28081" lon="-122.07393">
        <ele>175.11</ele>
        <time>2026-03-22T22:22:01Z</time>
      </trkpt>
      <trkpt lat="37.28086" lon="-122.07401">
        <ele>174.34</ele>
        <time>2026-03-22T22:22:08Z</time>
      </trkpt>
      <trkpt lat="37.28088" lon="-122.07411">
        <ele>173.29</ele>
        <time>2026-03-22T22:22:14Z</time>
      </trkpt>
      <trkpt lat="37.2809" lon="-122.07422">
        <ele>172.12</ele>
        <time>2026-03-22T22:22:23Z</time>
      </trkpt>
      <trkpt lat="37.28092" lon="-122.07433">
        <ele>171.26</ele>
        <time>2026-03-22T22:22:29Z</time>
      </trkpt>
      <trkpt lat="37.28094" lon="-122.07442">
        <ele>170.78</ele>
        <time>2026-03-22T22:22:35Z</time>
      </trkpt>
      <trkpt lat="37.28095" lon="-122.0745">
        <ele>171.52</ele>
        <time>2026-03-22T22:22:40Z</time>
      </trkpt>
      <trkpt lat="37.28096" lon="-122.07458">
        <ele>172.36</ele>
        <time>2026-03-22T22:22:46Z</time>
      </trkpt>
      <trkpt lat="37.28098" lon="-122.0747">
        <ele>172.69</ele>
        <time>2026-03-22T22:22:58Z</time>
      </trkpt>
      <trkpt lat="37.28099" lon="-122.07481">
        <ele>173.86</ele>
        <time>2026-03-22T22:23:08Z</time>
      </trkpt>
      <trkpt lat="37.28099" lon="-122.07493">
        <ele>177.66</ele>
        <time>2026-03-22T22:23:17Z</time>
      </trkpt>
      <trkpt lat="37.28103" lon="-122.07507">
        <ele>178.72</ele>
        <time>2026-03-22T22:23:29Z</time>
      </trkpt>
      <trkpt lat="37.28109" lon="-122.07526">
        <ele>185.6</ele>
        <time>2026-03-22T22:23:49Z</time>
      </trkpt>
      <trkpt lat="37.28117" lon="-122.07538">
        <ele>186.4</ele>
        <time>2026-03-22T22:24:07Z</time>
      </trkpt>
      <trkpt lat="37.28125" lon="-122.07548">
        <ele>188.46</ele>
        <time>2026-03-22T22:24:21Z</time>
      </trkpt>
      <trkpt lat="37.28131" lon="-122.0756">
        <ele>190.26</ele>
        <time>2026-03-22T22:24:38Z</time>
      </trkpt>
      <trkpt lat="37.28139" lon="-122.07554">
        <ele>190.66</ele>
        <time>2026-03-22T22:24:59Z</time>
      </trkpt>
      <trkpt lat="37.2814" lon="-122.07559">
        <ele>191.74</ele>
        <time>2026-03-22T22:25:01Z</time>
      </trkpt>
      <trkpt lat="37.28144" lon="-122.07561">
        <ele>192.18</ele>
        <time>2026-03-22T22:25:03Z</time>
      </trkpt>
      <trkpt lat="37.28148" lon="-122.07562">
        <ele>192.39</ele>
        <time>2026-03-22T22:25:04Z</time>
      </trkpt>
      <trkpt lat="37.28152" lon="-122.07563">
        <ele>191.2</ele>
        <time>2026-03-22T22:25:05Z</time>
      </trkpt>
      <trkpt lat="37.28155" lon="-122.07565">
        <ele>190.85</ele>
        <time>2026-03-22T22:25:06Z</time>
      </trkpt>
      <trkpt lat="37.2816" lon="-122.07567">
        <ele>189.68</ele>
        <time>2026-03-22T22:25:08Z</time>
      </trkpt>
      <trkpt lat="37.28166" lon="-122.07574">
        <ele>191.17</ele>
        <time>2026-03-22T22:25:13Z</time>
      </trkpt>
      <trkpt lat="37.28171" lon="-122.07581">
        <ele>194.27</ele>
        <time>2026-03-22T22:25:20Z</time>
      </trkpt>
      <trkpt lat="37.28178" lon="-122.07585">
        <ele>194.87</ele>
        <time>2026-03-22T22:25:27Z</time>
      </trkpt>
      <trkpt lat="37.28184" lon="-122.07589">
        <ele>193.95</ele>
        <time>2026-03-22T22:25:34Z</time>
      </trkpt>
      <trkpt lat="37.28189" lon="-122.07598">
        <ele>192.94</ele>
        <time>2026-03-22T22:25:41Z</time>
      </trkpt>
      <trkpt lat="37.28192" lon="-122.07608">
        <ele>192.9</ele>
        <time>2026-03-22T22:25:49Z</time>
      </trkpt>
      <trkpt lat="37.28193" lon="-122.07613">
        <ele>193.36</ele>
        <time>2026-03-22T22:25:53Z</time>
      </trkpt>
      <trkpt lat="37.28196" lon="-122.07622">
        <ele>194.88</ele>
        <time>2026-03-22T22:25:59Z</time>
      </trkpt>
      <trkpt lat="37.28199" lon="-122.07631">
        <ele>196.53</ele>
        <time>2026-03-22T22:26:05Z</time>
      </trkpt>
      <trkpt lat="37.28202" lon="-122.07639">
        <ele>199.23</ele>
        <time>2026-03-22T22:26:11Z</time>
      </trkpt>
      <trkpt lat="37.28209" lon="-122.07649">
        <ele>203.41</ele>
        <time>2026-03-22T22:26:20Z</time>
      </trkpt>
      <trkpt lat="37.28217" lon="-122.07655">
        <ele>206.83</ele>
        <time>2026-03-22T22:26:29Z</time>
      </trkpt>
      <trkpt lat="37.28224" lon="-122.0766">
        <ele>209.43</ele>
        <time>2026-03-22T22:26:36Z</time>
      </trkpt>
      <trkpt lat="37.28228" lon="-122.07664">
        <ele>210.6</ele>
        <time>2026-03-22T22:26:41Z</time>
      </trkpt>
      <trkpt lat="37.28234" lon="-122.07669">
        <ele>211.33</ele>
        <time>2026-03-22T22:26:48Z</time>
      </trkpt>
      <trkpt lat="37.28238" lon="-122.07663">
        <ele>205.4</ele>
        <time>2026-03-22T22:26:54Z</time>
      </trkpt>
      <trkpt lat="37.28235" lon="-122.0766">
        <ele>205.4</ele>
        <time>2026-03-22T22:27:02Z</time>
      </trkpt>
      <trkpt lat="37.28235" lon="-122.07665">
        <ele>208.64</ele>
        <time>2026-03-22T22:27:11Z</time>
      </trkpt>
      <trkpt lat="37.28237" lon="-122.0767">
        <ele>210.15</ele>
        <time>2026-03-22T22:27:13Z</time>
      </trkpt>
      <trkpt lat="37.28238" lon="-122.07674">
        <ele>211.82</ele>
        <time>2026-03-22T22:27:16Z</time>
      </trkpt>
      <trkpt lat="37.2824" lon="-122.07677">
        <ele>212.8</ele>
        <time>2026-03-22T22:27:21Z</time>
      </trkpt>
      <trkpt lat="37.28246" lon="-122.0768">
        <ele>210.47</ele>
        <time>2026-03-22T22:27:29Z</time>
      </trkpt>
      <trkpt lat="37.28251" lon="-122.07685">
        <ele>210.23</ele>
        <time>2026-03-22T22:27:35Z</time>
      </trkpt>
      <trkpt lat="37.28256" lon="-122.07693">
        <ele>211.88</ele>
        <time>2026-03-22T22:27:43Z</time>
      </trkpt>
      <trkpt lat="37.28267" lon="-122.07712">
        <ele>206.27</ele>
        <time>2026-03-22T22:27:59Z</time>
      </trkpt>
      <trkpt lat="37.28273" lon="-122.07726">
        <ele>200.08</ele>
        <time>2026-03-22T22:28:24Z</time>
      </trkpt>
      <trkpt lat="37.28275" lon="-122.07746">
        <ele>200.59</ele>
        <time>2026-03-22T22:28:47Z</time>
      </trkpt>
      <trkpt lat="37.28261" lon="-122.07758">
        <ele>199.98</ele>
        <time>2026-03-22T22:29:07Z</time>
      </trkpt>
      <trkpt lat="37.28247" lon="-122.07769">
        <ele>203.13</ele>
        <time>2026-03-22T22:29:27Z</time>
      </trkpt>
      <trkpt lat="37.28242" lon="-122.07782">
        <ele>208.96</ele>
        <time>2026-03-22T22:29:45Z</time>
      </trkpt>
      <trkpt lat="37.28236" lon="-122.07784">
        <ele>210.53</ele>
        <time>2026-03-22T22:29:47Z</time>
      </trkpt>
      <trkpt lat="37.2823" lon="-122.07784">
        <ele>211.18</ele>
        <time>2026-03-22T22:29:48Z</time>
      </trkpt>
      <trkpt lat="37.28225" lon="-122.07785">
        <ele>212.04</ele>
        <time>2026-03-22T22:29:49Z</time>
      </trkpt>
      <trkpt lat="37.2822" lon="-122.07786">
        <ele>212.96</ele>
        <time>2026-03-22T22:29:50Z</time>
      </trkpt>
      <trkpt lat="37.28214" lon="-122.07787">
        <ele>213.88</ele>
        <time>2026-03-22T22:29:52Z</time>
      </trkpt>
      <trkpt lat="37.28204" lon="-122.07793">
        <ele>214.6</ele>
        <time>2026-03-22T22:30:07Z</time>
      </trkpt>
      <trkpt lat="37.28204" lon="-122.07787">
        <ele>214.0</ele>
        <time>2026-03-22T22:30:13Z</time>
      </trkpt>
      <trkpt lat="37.28204" lon="-122.07781">
        <ele>214.61</ele>
        <time>2026-03-22T22:30:16Z</time>
      </trkpt>
      <trkpt lat="37.28204" lon="-122.07777">
        <ele>215.02</ele>
        <time>2026-03-22T22:30:47Z</time>
      </trkpt>
      <trkpt lat="37.28203" lon="-122.07771">
        <ele>215.79</ele>
        <time>2026-03-22T22:30:50Z</time>
      </trkpt>
      <trkpt lat="37.282" lon="-122.07766">
        <ele>216.94</ele>
        <time>2026-03-22T22:30:55Z</time>
      </trkpt>
      <trkpt lat="37.28195" lon="-122.07764">
        <ele>217.92</ele>
        <time>2026-03-22T22:30:57Z</time>
      </trkpt>
      <trkpt lat="37.28189" lon="-122.07762">
        <ele>218.76</ele>
        <time>2026-03-22T22:30:59Z</time>
      </trkpt>
      <trkpt lat="37.28183" lon="-122.07761">
        <ele>219.52</ele>
        <time>2026-03-22T22:31:03Z</time>
      </trkpt>
      <trkpt lat="37.28176" lon="-122.07759">
        <ele>221.04</ele>
        <time>2026-03-22T22:31:11Z</time>
      </trkpt>
      <trkpt lat="37.28169" lon="-122.07756">
        <ele>222.19</ele>
        <time>2026-03-22T22:31:18Z</time>
      </trkpt>
      <trkpt lat="37.28163" lon="-122.07752">
        <ele>222.87</ele>
        <time>2026-03-22T22:31:25Z</time>
      </trkpt>
      <trkpt lat="37.28166" lon="-122.07752">
        <ele>222.8</ele>
        <time>2026-03-22T22:31:36Z</time>
      </trkpt>
      <trkpt lat="37.28167" lon="-122.07756">
        <ele>222.33</ele>
        <time>2026-03-22T22:31:41Z</time>
      </trkpt>
      <trkpt lat="37.28167" lon="-122.07761">
        <ele>222.15</ele>
        <time>2026-03-22T22:31:44Z</time>
      </trkpt>
      <trkpt lat="37.28164" lon="-122.07765">
        <ele>222.91</ele>
        <time>2026-03-22T22:31:47Z</time>
      </trkpt>
      <trkpt lat="37.28162" lon="-122.07767">
        <ele>223.34</ele>
        <time>2026-03-22T22:31:50Z</time>
      </trkpt>
      <trkpt lat="37.28158" lon="-122.07769">
        <ele>223.83</ele>
        <time>2026-03-22T22:31:53Z</time>
      </trkpt>
      <trkpt lat="37.28154" lon="-122.07769">
        <ele>224.24</ele>
        <time>2026-03-22T22:31:56Z</time>
      </trkpt>
      <trkpt lat="37.28149" lon="-122.0777">
        <ele>224.44</ele>
        <time>2026-03-22T22:32:00Z</time>
      </trkpt>
      <trkpt lat="37.28141" lon="-122.07773">
        <ele>225.44</ele>
        <time>2026-03-22T22:32:07Z</time>
      </trkpt>
      <trkpt lat="37.28137" lon="-122.07774">
        <ele>226.0</ele>
        <time>2026-03-22T22:32:11Z</time>
      </trkpt>
      <trkpt lat="37.2814" lon="-122.07772">
        <ele>225.74</ele>
        <time>2026-03-22T22:32:18Z</time>
      </trkpt>
      <trkpt lat="37.28143" lon="-122.0777">
        <ele>225.34</ele>
        <time>2026-03-22T22:32:20Z</time>
      </trkpt>
      <trkpt lat="37.28147" lon="-122.07768">
        <ele>225.06</ele>
        <time>2026-03-22T22:32:23Z</time>
      </trkpt>
      <trkpt lat="37.28152" lon="-122.07767">
        <ele>224.42</ele>
        <time>2026-03-22T22:32:26Z</time>
      </trkpt>
      <trkpt lat="37.28157" lon="-122.07766">
        <ele>223.77</ele>
        <time>2026-03-22T22:32:29Z</time>
      </trkpt>
      <trkpt lat="37.2816" lon="-122.07765">
        <ele>223.34</ele>
        <time>2026-03-22T22:32:32Z</time>
      </trkpt>
      <trkpt lat="37.28164" lon="-122.07763">
        <ele>222.69</ele>
        <time>2026-03-22T22:32:35Z</time>
      </trkpt>
      <trkpt lat="37.28167" lon="-122.07762">
        <ele>222.26</ele>
        <time>2026-03-22T22:32:38Z</time>
      </trkpt>
      <trkpt lat="37.28172" lon="-122.07758">
        <ele>221.64</ele>
        <time>2026-03-22T22:32:44Z</time>
      </trkpt>
      <trkpt lat="37.2818" lon="-122.07756">
        <ele>221.13</ele>
        <time>2026-03-22T22:32:52Z</time>
      </trkpt>
      <trkpt lat="37.28188" lon="-122.07757">
        <ele>219.9</ele>
        <time>2026-03-22T22:33:00Z</time>
      </trkpt>
      <trkpt lat="37.28196" lon="-122.07761">
        <ele>218.46</ele>
        <time>2026-03-22T22:33:09Z</time>
      </trkpt>
      <trkpt lat="37.28204" lon="-122.07767">
        <ele>216.23</ele>
        <time>2026-03-22T22:33:17Z</time>
      </trkpt>
      <trkpt lat="37.28211" lon="-122.07773">
        <ele>213.53</ele>
        <time>2026-03-22T22:33:24Z</time>
      </trkpt>
      <trkpt lat="37.28206" lon="-122.07778">
        <ele>214.49</ele>
        <time>2026-03-22T22:33:31Z</time>
      </trkpt>
      <trkpt lat="37.28201" lon="-122.07781">
        <ele>214.75</ele>
        <time>2026-03-22T22:33:37Z</time>
      </trkpt>
      <trkpt lat="37.28193" lon="-122.07782">
        <ele>215.24</ele>
        <time>2026-03-22T22:33:42Z</time>
      </trkpt>
      <trkpt lat="37.28186" lon="-122.07784">
        <ele>216.21</ele>
        <time>2026-03-22T22:33:49Z</time>
      </trkpt>
      <trkpt lat="37.2818" lon="-122.0779">
        <ele>216.74</ele>
        <time>2026-03-22T22:33:58Z</time>
      </trkpt>
      <trkpt lat="37.28178" lon="-122.07802">
        <ele>218.17</ele>
        <time>2026-03-22T22:34:09Z</time>
      </trkpt>
      <trkpt lat="37.28179" lon="-122.07815">
        <ele>219.73</ele>
        <time>2026-03-22T22:34:12Z</time>
      </trkpt>
      <trkpt lat="37.28181" lon="-122.07825">
        <ele>222.7</ele>
        <time>2026-03-22T22:34:16Z</time>
      </trkpt>
      <trkpt lat="37.28184" lon="-122.07833">
        <ele>224.18</ele>
        <time>2026-03-22T22:34:22Z</time>
      </trkpt>
      <trkpt lat="37.28193" lon="-122.07844">
        <ele>225.46</ele>
        <time>2026-03-22T22:34:31Z</time>
      </trkpt>
      <trkpt lat="37.28202" lon="-122.07851">
        <ele>226.0</ele>
        <time>2026-03-22T22:34:40Z</time>
      </trkpt>
      <trkpt lat="37.28211" lon="-122.0786">
        <ele>227.85</ele>
        <time>2026-03-22T22:34:51Z</time>
      </trkpt>
      <trkpt lat="37.28219" lon="-122.07867">
        <ele>228.62</ele>
        <time>2026-03-22T22:34:59Z</time>
      </trkpt>
      <trkpt lat="37.28228" lon="-122.0787">
        <ele>228.3</ele>
        <time>2026-03-22T22:35:03Z</time>
      </trkpt>
      <trkpt lat="37.28238" lon="-122.07871">
        <ele>227.57</ele>
        <time>2026-03-22T22:35:05Z</time>
      </trkpt>
      <trkpt lat="37.28247" lon="-122.07873">
        <ele>228.62</ele>
        <time>2026-03-22T22:35:08Z</time>
      </trkpt>
      <trkpt lat="37.28257" lon="-122.07877">
        <ele>229.93</ele>
        <time>2026-03-22T22:35:14Z</time>
      </trkpt>
      <trkpt lat="37.28267" lon="-122.0788">
        <ele>230.28</ele>
        <time>2026-03-22T22:35:20Z</time>
      </trkpt>
      <trkpt lat="37.28275" lon="-122.07884">
        <ele>231.01</ele>
        <time>2026-03-22T22:35:26Z</time>
      </trkpt>
      <trkpt lat="37.28282" lon="-122.07889">
        <ele>232.23</ele>
        <time>2026-03-22T22:35:34Z</time>
      </trkpt>
      <trkpt lat="37.28289" lon="-122.07894">
        <ele>232.77</ele>
        <time>2026-03-22T22:35:43Z</time>
      </trkpt>
      <trkpt lat="37.28295" lon="-122.07899">
        <ele>233.85</ele>
        <time>2026-03-22T22:35:50Z</time>
      </trkpt>
      <trkpt lat="37.28301" lon="-122.07903">
        <ele>234.6</ele>
        <time>2026-03-22T22:35:57Z</time>
      </trkpt>
      <trkpt lat="37.28307" lon="-122.07907">
        <ele>235.16</ele>
        <time>2026-03-22T22:36:04Z</time>
      </trkpt>
      <trkpt lat="37.28312" lon="-122.07911">
        <ele>234.89</ele>
        <time>2026-03-22T22:36:10Z</time>
      </trkpt>
      <trkpt lat="37.28317" lon="-122.07917">
        <ele>235.2</ele>
        <time>2026-03-22T22:36:16Z</time>
      </trkpt>
      <trkpt lat="37.28321" lon="-122.07921">
        <ele>235.2</ele>
        <time>2026-03-22T22:36:21Z</time>
      </trkpt>
      <trkpt lat="37.28327" lon="-122.07927">
        <ele>235.8</ele>
        <time>2026-03-22T22:36:27Z</time>
      </trkpt>
      <trkpt lat="37.28332" lon="-122.07933">
        <ele>236.69</ele>
        <time>2026-03-22T22:36:33Z</time>
      </trkpt>
      <trkpt lat="37.28337" lon="-122.07938">
        <ele>237.7</ele>
        <time>2026-03-22T22:36:38Z</time>
      </trkpt>
      <trkpt lat="37.28343" lon="-122.07944">
        <ele>238.72</ele>
        <time>2026-03-22T22:36:44Z</time>
      </trkpt>
      <trkpt lat="37.28348" lon="-122.0795">
        <ele>238.8</ele>
        <time>2026-03-22T22:36:51Z</time>
      </trkpt>
      <trkpt lat="37.28354" lon="-122.07958">
        <ele>238.98</ele>
        <time>2026-03-22T22:36:59Z</time>
      </trkpt>
      <trkpt lat="37.28359" lon="-122.07965">
        <ele>239.34</ele>
        <time>2026-03-22T22:37:06Z</time>
      </trkpt>
      <trkpt lat="37.28364" lon="-122.07973">
        <ele>239.97</ele>
        <time>2026-03-22T22:37:13Z</time>
      </trkpt>
      <trkpt lat="37.2836" lon="-122.0798">
        <ele>243.04</ele>
        <time>2026-03-22T22:37:20Z</time>
      </trkpt>
      <trkpt lat="37.28359" lon="-122.07991">
        <ele>245.48</ele>
        <time>2026-03-22T22:37:30Z</time>
      </trkpt>
      <trkpt lat="37.28356" lon="-122.0799">
        <ele>245.99</ele>
        <time>2026-03-22T22:37:35Z</time>
      </trkpt>
      <trkpt lat="37.28354" lon="-122.07987">
        <ele>246.04</ele>
        <time>2026-03-22T22:37:37Z</time>
      </trkpt>
      <trkpt lat="37.2835" lon="-122.07984">
        <ele>246.58</ele>
        <time>2026-03-22T22:37:40Z</time>
      </trkpt>
      <trkpt lat="37.28348" lon="-122.0798">
        <ele>246.23</ele>
        <time>2026-03-22T22:37:43Z</time>
      </trkpt>
      <trkpt lat="37.28345" lon="-122.07977">
        <ele>246.49</ele>
        <time>2026-03-22T22:37:46Z</time>
      </trkpt>
      <trkpt lat="37.28341" lon="-122.07975">
        <ele>247.28</ele>
        <time>2026-03-22T22:37:50Z</time>
      </trkpt>
      <trkpt lat="37.28338" lon="-122.07974">
        <ele>247.69</ele>
        <time>2026-03-22T22:37:52Z</time>
      </trkpt>
      <trkpt lat="37.28335" lon="-122.07972">
        <ele>247.79</ele>
        <time>2026-03-22T22:37:54Z</time>
      </trkpt>
      <trkpt lat="37.2833" lon="-122.0797">
        <ele>248.57</ele>
        <time>2026-03-22T22:37:57Z</time>
      </trkpt>
      <trkpt lat="37.28328" lon="-122.07969">
        <ele>249.0</ele>
        <time>2026-03-22T22:37:59Z</time>
      </trkpt>
      <trkpt lat="37.28324" lon="-122.07965">
        <ele>250.01</ele>
        <time>2026-03-22T22:38:03Z</time>
      </trkpt>
      <trkpt lat="37.28321" lon="-122.07962">
        <ele>250.09</ele>
        <time>2026-03-22T22:38:06Z</time>
      </trkpt>
      <trkpt lat="37.28317" lon="-122.0796">
        <ele>250.29</ele>
        <time>2026-03-22T22:38:09Z</time>
      </trkpt>
      <trkpt lat="37.28314" lon="-122.07958">
        <ele>250.68</ele>
        <time>2026-03-22T22:38:12Z</time>
      </trkpt>
      <trkpt lat="37.28311" lon="-122.07955">
        <ele>251.02</ele>
        <time>2026-03-22T22:38:16Z</time>
      </trkpt>
      <trkpt lat="37.28307" lon="-122.07954">
        <ele>251.75</ele>
        <time>2026-03-22T22:38:19Z</time>
      </trkpt>
      <trkpt lat="37.28304" lon="-122.07952">
        <ele>251.62</ele>
        <time>2026-03-22T22:38:22Z</time>
      </trkpt>
      <trkpt lat="37.28302" lon="-122.07952">
        <ele>251.83</ele>
        <time>2026-03-22T22:38:25Z</time>
      </trkpt>
      <trkpt lat="37.28299" lon="-122.07954">
        <ele>252.82</ele>
        <time>2026-03-22T22:38:28Z</time>
      </trkpt>
      <trkpt lat="37.28296" lon="-122.07957">
        <ele>254.55</ele>
        <time>2026-03-22T22:38:34Z</time>
      </trkpt>
      <trkpt lat="37.28297" lon="-122.07961">
        <ele>255.96</ele>
        <time>2026-03-22T22:38:38Z</time>
      </trkpt>
      <trkpt lat="37.28298" lon="-122.07965">
        <ele>257.25</ele>
        <time>2026-03-22T22:38:45Z</time>
      </trkpt>
      <trkpt lat="37.28301" lon="-122.07967">
        <ele>256.78</ele>
        <time>2026-03-22T22:38:47Z</time>
      </trkpt>
      <trkpt lat="37.28302" lon="-122.07969">
        <ele>256.96</ele>
        <time>2026-03-22T22:38:50Z</time>
      </trkpt>
      <trkpt lat="37.28304" lon="-122.07972">
        <ele>256.78</ele>
        <time>2026-03-22T22:38:53Z</time>
      </trkpt>
      <trkpt lat="37.28306" lon="-122.07975">
        <ele>257.04</ele>
        <time>2026-03-22T22:38:56Z</time>
      </trkpt>
      <trkpt lat="37.28308" lon="-122.07977">
        <ele>257.14</ele>
        <time>2026-03-22T22:38:59Z</time>
      </trkpt>
      <trkpt lat="37.28309" lon="-122.0798">
        <ele>257.93</ele>
        <time>2026-03-22T22:39:02Z</time>
      </trkpt>
      <trkpt lat="37.28311" lon="-122.07985">
        <ele>258.94</ele>
        <time>2026-03-22T22:39:07Z</time>
      </trkpt>
      <trkpt lat="37.28313" lon="-122.07988">
        <ele>259.03</ele>
        <time>2026-03-22T22:39:10Z</time>
      </trkpt>
      <trkpt lat="37.28315" lon="-122.07991">
        <ele>259.08</ele>
        <time>2026-03-22T22:39:13Z</time>
      </trkpt>
      <trkpt lat="37.28318" lon="-122.07995">
        <ele>259.95</ele>
        <time>2026-03-22T22:39:17Z</time>
      </trkpt>
      <trkpt lat="37.2832" lon="-122.07998">
        <ele>260.36</ele>
        <time>2026-03-22T22:39:20Z</time>
      </trkpt>
      <trkpt lat="37.28321" lon="-122.08001">
        <ele>261.31</ele>
        <time>2026-03-22T22:39:23Z</time>
      </trkpt>
      <trkpt lat="37.28323" lon="-122.08004">
        <ele>261.89</ele>
        <time>2026-03-22T22:39:26Z</time>
      </trkpt>
      <trkpt lat="37.28325" lon="-122.08007">
        <ele>262.4</ele>
        <time>2026-03-22T22:39:29Z</time>
      </trkpt>
      <trkpt lat="37.28327" lon="-122.0801">
        <ele>263.06</ele>
        <time>2026-03-22T22:39:32Z</time>
      </trkpt>
      <trkpt lat="37.28329" lon="-122.08013">
        <ele>263.49</ele>
        <time>2026-03-22T22:39:35Z</time>
      </trkpt>
      <trkpt lat="37.28331" lon="-122.08016">
        <ele>263.92</ele>
        <time>2026-03-22T22:39:38Z</time>
      </trkpt>
      <trkpt lat="37.28334" lon="-122.0802">
        <ele>264.29</ele>
        <time>2026-03-22T22:39:43Z</time>
      </trkpt>
      <trkpt lat="37.28336" lon="-122.08023">
        <ele>264.64</ele>
        <time>2026-03-22T22:39:46Z</time>
      </trkpt>
      <trkpt lat="37.28337" lon="-122.08025">
        <ele>265.1</ele>
        <time>2026-03-22T22:39:48Z</time>
      </trkpt>
      <trkpt lat="37.28339" lon="-122.08029">
        <ele>266.13</ele>
        <time>2026-03-22T22:39:52Z</time>
      </trkpt>
      <trkpt lat="37.28341" lon="-122.08032">
        <ele>266.59</ele>
        <time>2026-03-22T22:39:55Z</time>
      </trkpt>
      <trkpt lat="37.28343" lon="-122.08035">
        <ele>266.98</ele>
        <time>2026-03-22T22:39:58Z</time>
      </trkpt>
      <trkpt lat="37.28345" lon="-122.08038">
        <ele>267.71</ele>
        <time>2026-03-22T22:40:01Z</time>
      </trkpt>
      <trkpt lat="37.28347" lon="-122.08042">
        <ele>269.0</ele>
        <time>2026-03-22T22:40:05Z</time>
      </trkpt>
      <trkpt lat="37.28352" lon="-122.08044">
        <ele>267.96</ele>
        <time>2026-03-22T22:40:08Z</time>
      </trkpt>
      <trkpt lat="37.28356" lon="-122.08046">
        <ele>267.51</ele>
        <time>2026-03-22T22:40:10Z</time>
      </trkpt>
      <trkpt lat="37.28358" lon="-122.08048">
        <ele>267.44</ele>
        <time>2026-03-22T22:40:12Z</time>
      </trkpt>
      <trkpt lat="37.2836" lon="-122.08051">
        <ele>267.44</ele>
        <time>2026-03-22T22:40:15Z</time>
      </trkpt>
      <trkpt lat="37.28362" lon="-122.08054">
        <ele>267.34</ele>
        <time>2026-03-22T22:40:18Z</time>
      </trkpt>
      <trkpt lat="37.28362" lon="-122.08058">
        <ele>268.48</ele>
        <time>2026-03-22T22:40:22Z</time>
      </trkpt>
      <trkpt lat="37.28363" lon="-122.08062">
        <ele>269.33</ele>
        <time>2026-03-22T22:40:26Z</time>
      </trkpt>
      <trkpt lat="37.28364" lon="-122.08066">
        <ele>270.01</ele>
        <time>2026-03-22T22:40:29Z</time>
      </trkpt>
      <trkpt lat="37.28366" lon="-122.0807">
        <ele>270.01</ele>
        <time>2026-03-22T22:40:31Z</time>
      </trkpt>
      <trkpt lat="37.28367" lon="-122.08074">
        <ele>270.44</ele>
        <time>2026-03-22T22:40:33Z</time>
      </trkpt>
      <trkpt lat="37.28368" lon="-122.08077">
        <ele>270.74</ele>
        <time>2026-03-22T22:40:35Z</time>
      </trkpt>
      <trkpt lat="37.2837" lon="-122.08081">
        <ele>270.69</ele>
        <time>2026-03-22T22:40:38Z</time>
      </trkpt>
      <trkpt lat="37.28371" lon="-122.08084">
        <ele>271.07</ele>
        <time>2026-03-22T22:40:40Z</time>
      </trkpt>
      <trkpt lat="37.28374" lon="-122.08089">
        <ele>271.57</ele>
        <time>2026-03-22T22:40:44Z</time>
      </trkpt>
      <trkpt lat="37.28376" lon="-122.08093">
        <ele>271.59</ele>
        <time>2026-03-22T22:40:47Z</time>
      </trkpt>
      <trkpt lat="37.28378" lon="-122.08097">
        <ele>271.1</ele>
        <time>2026-03-22T22:40:50Z</time>
      </trkpt>
      <trkpt lat="37.28379" lon="-122.08101">
        <ele>271.12</ele>
        <time>2026-03-22T22:40:53Z</time>
      </trkpt>
      <trkpt lat="37.28377" lon="-122.08106">
        <ele>270.76</ele>
        <time>2026-03-22T22:40:57Z</time>
      </trkpt>
      <trkpt lat="37.28374" lon="-122.08106">
        <ele>272.02</ele>
        <time>2026-03-22T22:40:59Z</time>
      </trkpt>
      <trkpt lat="37.28372" lon="-122.08105">
        <ele>273.01</ele>
        <time>2026-03-22T22:41:01Z</time>
      </trkpt>
      <trkpt lat="37.28369" lon="-122.08101">
        <ele>274.86</ele>
        <time>2026-03-22T22:41:05Z</time>
      </trkpt>
      <trkpt lat="37.28366" lon="-122.08103">
        <ele>276.71</ele>
        <time>2026-03-22T22:41:09Z</time>
      </trkpt>
      <trkpt lat="37.28365" lon="-122.08107">
        <ele>276.92</ele>
        <time>2026-03-22T22:41:14Z</time>
      </trkpt>
      <trkpt lat="37.28364" lon="-122.0811">
        <ele>277.25</ele>
        <time>2026-03-22T22:41:16Z</time>
      </trkpt>
      <trkpt lat="37.28363" lon="-122.08114">
        <ele>276.9</ele>
        <time>2026-03-22T22:41:18Z</time>
      </trkpt>
      <trkpt lat="37.28362" lon="-122.08118">
        <ele>276.26</ele>
        <time>2026-03-22T22:41:21Z</time>
      </trkpt>
      <trkpt lat="37.2836" lon="-122.0812">
        <ele>276.72</ele>
        <time>2026-03-22T22:41:24Z</time>
      </trkpt>
      <trkpt lat="37.28358" lon="-122.08122">
        <ele>277.15</ele>
        <time>2026-03-22T22:41:27Z</time>
      </trkpt>
      <trkpt lat="37.28355" lon="-122.08125">
        <ele>277.31</ele>
        <time>2026-03-22T22:41:30Z</time>
      </trkpt>
      <trkpt lat="37.28353" lon="-122.08128">
        <ele>276.57</ele>
        <time>2026-03-22T22:41:33Z</time>
      </trkpt>
      <trkpt lat="37.2835" lon="-122.0813">
        <ele>277.42</ele>
        <time>2026-03-22T22:41:36Z</time>
      </trkpt>
      <trkpt lat="37.28348" lon="-122.08132">
        <ele>278.09</ele>
        <time>2026-03-22T22:41:39Z</time>
      </trkpt>
      <trkpt lat="37.28345" lon="-122.08135">
        <ele>278.74</ele>
        <time>2026-03-22T22:41:42Z</time>
      </trkpt>
      <trkpt lat="37.28343" lon="-122.08137">
        <ele>278.94</ele>
        <time>2026-03-22T22:41:45Z</time>
      </trkpt>
      <trkpt lat="37.28341" lon="-122.0814">
        <ele>279.01</ele>
        <time>2026-03-22T22:41:48Z</time>
      </trkpt>
      <trkpt lat="37.28338" lon="-122.08144">
        <ele>280.92</ele>
        <time>2026-03-22T22:41:51Z</time>
      </trkpt>
      <trkpt lat="37.28336" lon="-122.08147">
        <ele>282.48</ele>
        <time>2026-03-22T22:41:54Z</time>
      </trkpt>
      <trkpt lat="37.28339" lon="-122.08151">
        <ele>280.93</ele>
        <time>2026-03-22T22:41:58Z</time>
      </trkpt>
      <trkpt lat="37.28342" lon="-122.08152">
        <ele>279.33</ele>
        <time>2026-03-22T22:41:59Z</time>
      </trkpt>
      <trkpt lat="37.28345" lon="-122.08153">
        <ele>279.67</ele>
        <time>2026-03-22T22:42:01Z</time>
      </trkpt>
      <trkpt lat="37.28349" lon="-122.08155">
        <ele>281.18</ele>
        <time>2026-03-22T22:42:04Z</time>
      </trkpt>
      <trkpt lat="37.28352" lon="-122.08155">
        <ele>281.17</ele>
        <time>2026-03-22T22:42:08Z</time>
      </trkpt>
      <trkpt lat="37.28356" lon="-122.08155">
        <ele>280.85</ele>
        <time>2026-03-22T22:42:12Z</time>
      </trkpt>
      <trkpt lat="37.28359" lon="-122.08156">
        <ele>281.28</ele>
        <time>2026-03-22T22:42:15Z</time>
      </trkpt>
      <trkpt lat="37.28363" lon="-122.08155">
        <ele>280.14</ele>
        <time>2026-03-22T22:42:24Z</time>
      </trkpt>
      <trkpt lat="37.28368" lon="-122.08154">
        <ele>278.85</ele>
        <time>2026-03-22T22:42:28Z</time>
      </trkpt>
      <trkpt lat="37.28372" lon="-122.08154">
        <ele>278.11</ele>
        <time>2026-03-22T22:42:33Z</time>
      </trkpt>
      <trkpt lat="37.28377" lon="-122.08154">
        <ele>276.83</ele>
        <time>2026-03-22T22:42:38Z</time>
      </trkpt>
      <trkpt lat="37.28383" lon="-122.08156">
        <ele>276.51</ele>
        <time>2026-03-22T22:42:45Z</time>
      </trkpt>
      <trkpt lat="37.28388" lon="-122.08157">
        <ele>275.97</ele>
        <time>2026-03-22T22:42:49Z</time>
      </trkpt>
      <trkpt lat="37.28393" lon="-122.08158">
        <ele>275.05</ele>
        <time>2026-03-22T22:42:51Z</time>
      </trkpt>
      <trkpt lat="37.28398" lon="-122.08159">
        <ele>274.08</ele>
        <time>2026-03-22T22:42:53Z</time>
      </trkpt>
      <trkpt lat="37.28404" lon="-122.0816">
        <ele>273.06</ele>
        <time>2026-03-22T22:42:55Z</time>
      </trkpt>
      <trkpt lat="37.28411" lon="-122.08162">
        <ele>271.82</ele>
        <time>2026-03-22T22:42:58Z</time>
      </trkpt>
      <trkpt lat="37.28416" lon="-122.08166">
        <ele>271.93</ele>
        <time>2026-03-22T22:43:00Z</time>
      </trkpt>
      <trkpt lat="37.28419" lon="-122.0817">
        <ele>272.43</ele>
        <time>2026-03-22T22:43:02Z</time>
      </trkpt>
      <trkpt lat="37.28423" lon="-122.08174">
        <ele>272.43</ele>
        <time>2026-03-22T22:43:05Z</time>
      </trkpt>
      <trkpt lat="37.28426" lon="-122.08179">
        <ele>273.63</ele>
        <time>2026-03-22T22:43:09Z</time>
      </trkpt>
      <trkpt lat="37.28428" lon="-122.08183">
        <ele>274.98</ele>
        <time>2026-03-22T22:43:13Z</time>
      </trkpt>
      <trkpt lat="37.28424" lon="-122.08187">
        <ele>278.53</ele>
        <time>2026-03-22T22:43:18Z</time>
      </trkpt>
      <trkpt lat="37.28427" lon="-122.08185">
        <ele>276.44</ele>
        <time>2026-03-22T22:43:25Z</time>
      </trkpt>
      <trkpt lat="37.28428" lon="-122.08181">
        <ele>273.95</ele>
        <time>2026-03-22T22:43:29Z</time>
      </trkpt>
      <trkpt lat="37.28432" lon="-122.08183">
        <ele>273.35</ele>
        <time>2026-03-22T22:43:34Z</time>
      </trkpt>
      <trkpt lat="37.28435" lon="-122.08185">
        <ele>273.0</ele>
        <time>2026-03-22T22:43:37Z</time>
      </trkpt>
      <trkpt lat="37.28438" lon="-122.08186">
        <ele>272.17</ele>
        <time>2026-03-22T22:43:39Z</time>
      </trkpt>
      <trkpt lat="37.28441" lon="-122.08189">
        <ele>272.03</ele>
        <time>2026-03-22T22:43:42Z</time>
      </trkpt>
      <trkpt lat="37.28443" lon="-122.08193">
        <ele>272.42</ele>
        <time>2026-03-22T22:43:48Z</time>
      </trkpt>
      <trkpt lat="37.28441" lon="-122.08195">
        <ele>274.23</ele>
        <time>2026-03-22T22:44:02Z</time>
      </trkpt>
      <trkpt lat="37.28442" lon="-122.08198">
        <ele>273.58</ele>
        <time>2026-03-22T22:44:10Z</time>
      </trkpt>
      <trkpt lat="37.28442" lon="-122.08202">
        <ele>273.58</ele>
        <time>2026-03-22T22:44:17Z</time>
      </trkpt>
      <trkpt lat="37.28442" lon="-122.08206">
        <ele>273.83</ele>
        <time>2026-03-22T22:44:21Z</time>
      </trkpt>
      <trkpt lat="37.28443" lon="-122.08211">
        <ele>273.72</ele>
        <time>2026-03-22T22:44:24Z</time>
      </trkpt>
      <trkpt lat="37.28443" lon="-122.08215">
        <ele>274.34</ele>
        <time>2026-03-22T22:44:26Z</time>
      </trkpt>
      <trkpt lat="37.28443" lon="-122.08218">
        <ele>274.94</ele>
        <time>2026-03-22T22:44:28Z</time>
      </trkpt>
      <trkpt lat="37.28443" lon="-122.08223">
        <ele>275.85</ele>
        <time>2026-03-22T22:44:31Z</time>
      </trkpt>
      <trkpt lat="37.28443" lon="-122.08228">
        <ele>276.31</ele>
        <time>2026-03-22T22:44:34Z</time>
      </trkpt>
      <trkpt lat="37.28444" lon="-122.08233">
        <ele>276.36</ele>
        <time>2026-03-22T22:44:37Z</time>
      </trkpt>
      <trkpt lat="37.28445" lon="-122.08238">
        <ele>276.4</ele>
        <time>2026-03-22T22:44:40Z</time>
      </trkpt>
      <trkpt lat="37.28446" lon="-122.08244">
        <ele>276.8</ele>
        <time>2026-03-22T22:44:44Z</time>
      </trkpt>
      <trkpt lat="37.28451" lon="-122.08248">
        <ele>274.47</ele>
        <time>2026-03-22T22:44:47Z</time>
      </trkpt>
      <trkpt lat="37.28455" lon="-122.0825">
        <ele>272.3</ele>
        <time>2026-03-22T22:44:49Z</time>
      </trkpt>
      <trkpt lat="37.2846" lon="-122.08254">
        <ele>270.46</ele>
        <time>2026-03-22T22:44:52Z</time>
      </trkpt>
      <trkpt lat="37.28463" lon="-122.08258">
        <ele>269.71</ele>
        <time>2026-03-22T22:44:56Z</time>
      </trkpt>
      <trkpt lat="37.28466" lon="-122.08263">
        <ele>268.49</ele>
        <time>2026-03-22T22:45:00Z</time>
      </trkpt>
      <trkpt lat="37.28468" lon="-122.08269">
        <ele>267.72</ele>
        <time>2026-03-22T22:45:05Z</time>
      </trkpt>
      <trkpt lat="37.28466" lon="-122.08276">
        <ele>266.79</ele>
        <time>2026-03-22T22:45:12Z</time>
      </trkpt>
      <trkpt lat="37.2846" lon="-122.08283">
        <ele>266.02</ele>
        <time>2026-03-22T22:45:18Z</time>
      </trkpt>
      <trkpt lat="37.28454" lon="-122.08286">
        <ele>267.32</ele>
        <time>2026-03-22T22:45:21Z</time>
      </trkpt>
      <trkpt lat="37.28448" lon="-122.0829">
        <ele>267.13</ele>
        <time>2026-03-22T22:45:24Z</time>
      </trkpt>
      <trkpt lat="37.28442" lon="-122.08291">
        <ele>268.92</ele>
        <time>2026-03-22T22:45:29Z</time>
      </trkpt>
      <trkpt lat="37.28437" lon="-122.08285">
        <ele>274.32</ele>
        <time>2026-03-22T22:45:32Z</time>
      </trkpt>
      <trkpt lat="37.28432" lon="-122.08292">
        <ele>272.35</ele>
        <time>2026-03-22T22:45:39Z</time>
      </trkpt>
      <trkpt lat="37.28426" lon="-122.08299">
        <ele>270.22</ele>
        <time>2026-03-22T22:45:44Z</time>
      </trkpt>
      <trkpt lat="37.2842" lon="-122.08305">
        <ele>269.52</ele>
        <time>2026-03-22T22:45:49Z</time>
      </trkpt>
      <trkpt lat="37.28415" lon="-122.08311">
        <ele>268.55</ele>
        <time>2026-03-22T22:45:53Z</time>
      </trkpt>
      <trkpt lat="37.28411" lon="-122.08317">
        <ele>267.49</ele>
        <time>2026-03-22T22:45:57Z</time>
      </trkpt>
      <trkpt lat="37.28407" lon="-122.08325">
        <ele>265.72</ele>
        <time>2026-03-22T22:46:01Z</time>
      </trkpt>
      <trkpt lat="37.28403" lon="-122.08332">
        <ele>264.51</ele>
        <time>2026-03-22T22:46:05Z</time>
      </trkpt>
      <trkpt lat="37.284" lon="-122.08339">
        <ele>262.74</ele>
        <time>2026-03-22T22:46:09Z</time>
      </trkpt>
      <trkpt lat="37.28396" lon="-122.08344">
        <ele>262.75</ele>
        <time>2026-03-22T22:46:13Z</time>
      </trkpt>
      <trkpt lat="37.28391" lon="-122.08352">
        <ele>261.8</ele>
        <time>2026-03-22T22:46:19Z</time>
      </trkpt>
      <trkpt lat="37.28387" lon="-122.08359">
        <ele>260.98</ele>
        <time>2026-03-22T22:46:25Z</time>
      </trkpt>
      <trkpt lat="37.28383" lon="-122.08366">
        <ele>259.54</ele>
        <time>2026-03-22T22:46:31Z</time>
      </trkpt>
      <trkpt lat="37.28378" lon="-122.08372">
        <ele>259.15</ele>
        <time>2026-03-22T22:46:37Z</time>
      </trkpt>
      <trkpt lat="37.28373" lon="-122.08377">
        <ele>259.2</ele>
        <time>2026-03-22T22:46:42Z</time>
      </trkpt>
      <trkpt lat="37.28367" lon="-122.08384">
        <ele>258.29</ele>
        <time>2026-03-22T22:46:48Z</time>
      </trkpt>
      <trkpt lat="37.28363" lon="-122.08389">
        <ele>257.12</ele>
        <time>2026-03-22T22:46:53Z</time>
      </trkpt>
      <trkpt lat="37.28358" lon="-122.08396">
        <ele>256.18</ele>
        <time>2026-03-22T22:46:58Z</time>
      </trkpt>
      <trkpt lat="37.28354" lon="-122.08402">
        <ele>255.43</ele>
        <time>2026-03-22T22:47:03Z</time>
      </trkpt>
      <trkpt lat="37.28349" lon="-122.08409">
        <ele>255.04</ele>
        <time>2026-03-22T22:47:08Z</time>
      </trkpt>
      <trkpt lat="37.28344" lon="-122.08415">
        <ele>255.68</ele>
        <time>2026-03-22T22:47:13Z</time>
      </trkpt>
      <trkpt lat="37.2834" lon="-122.08421">
        <ele>254.05</ele>
        <time>2026-03-22T22:47:18Z</time>
      </trkpt>
      <trkpt lat="37.28335" lon="-122.08428">
        <ele>250.15</ele>
        <time>2026-03-22T22:47:24Z</time>
      </trkpt>
      <trkpt lat="37.28329" lon="-122.08434">
        <ele>246.83</ele>
        <time>2026-03-22T22:47:31Z</time>
      </trkpt>
      <trkpt lat="37.28324" lon="-122.08427">
        <ele>253.21</ele>
        <time>2026-03-22T22:47:37Z</time>
      </trkpt>
      <trkpt lat="37.28319" lon="-122.08419">
        <ele>260.33</ele>
        <time>2026-03-22T22:47:42Z</time>
      </trkpt>
      <trkpt lat="37.28312" lon="-122.08424">
        <ele>258.91</ele>
        <time>2026-03-22T22:47:50Z</time>
      </trkpt>
      <trkpt lat="37.28306" lon="-122.08433">
        <ele>256.21</ele>
        <time>2026-03-22T22:47:56Z</time>
      </trkpt>
      <trkpt lat="37.28302" lon="-122.08442">
        <ele>253.24</ele>
        <time>2026-03-22T22:48:01Z</time>
      </trkpt>
      <trkpt lat="37.28298" lon="-122.08451">
        <ele>251.12</ele>
        <time>2026-03-22T22:48:05Z</time>
      </trkpt>
      <trkpt lat="37.28295" lon="-122.0846">
        <ele>250.38</ele>
        <time>2026-03-22T22:48:09Z</time>
      </trkpt>
      <trkpt lat="37.28291" lon="-122.08469">
        <ele>250.56</ele>
        <time>2026-03-22T22:48:14Z</time>
      </trkpt>
      <trkpt lat="37.28288" lon="-122.08478">
        <ele>250.79</ele>
        <time>2026-03-22T22:48:19Z</time>
      </trkpt>
      <trkpt lat="37.28285" lon="-122.08486">
        <ele>251.34</ele>
        <time>2026-03-22T22:48:24Z</time>
      </trkpt>
      <trkpt lat="37.2829" lon="-122.08492">
        <ele>246.98</ele>
        <time>2026-03-22T22:48:28Z</time>
      </trkpt>
      <trkpt lat="37.28296" lon="-122.08495">
        <ele>244.05</ele>
        <time>2026-03-22T22:48:31Z</time>
      </trkpt>
      <trkpt lat="37.283" lon="-122.08498">
        <ele>245.68</ele>
        <time>2026-03-22T22:48:37Z</time>
      </trkpt>
      <trkpt lat="37.28301" lon="-122.08495">
        <ele>245.17</ele>
        <time>2026-03-22T22:48:44Z</time>
      </trkpt>
      <trkpt lat="37.28302" lon="-122.08499">
        <ele>246.57</ele>
        <time>2026-03-22T22:48:46Z</time>
      </trkpt>
      <trkpt lat="37.28303" lon="-122.08501">
        <ele>247.5</ele>
        <time>2026-03-22T22:48:51Z</time>
      </trkpt>
      <trkpt lat="37.28302" lon="-122.085">
        <ele>246.85</ele>
        <time>2026-03-22T22:49:03Z</time>
      </trkpt>
      <trkpt lat="37.28302" lon="-122.085">
        <ele>246.85</ele>
        <time>2026-03-22T22:49:06Z</time>
      </trkpt>
      <trkpt lat="37.28301" lon="-122.08495">
        <ele>245.17</ele>
        <time>2026-03-22T22:49:32Z</time>
      </trkpt>
      <trkpt lat="37.28301" lon="-122.08493">
        <ele>244.63</ele>
        <time>2026-03-22T22:49:47Z</time>
      </trkpt>
      <trkpt lat="37.28301" lon="-122.08493">
        <ele>244.63</ele>
        <time>2026-03-22T22:49:50Z</time>
      </trkpt>
      <trkpt lat="37.28301" lon="-122.08494">
        <ele>244.9</ele>
        <time>2026-03-22T22:50:00Z</time>
      </trkpt>
      <trkpt lat="37.283" lon="-122.08496">
        <ele>245.16</ele>
        <time>2026-03-22T22:50:44Z</time>
      </trkpt>
      <trkpt lat="37.283" lon="-122.08496">
        <ele>245.16</ele>
        <time>2026-03-22T22:50:58Z</time>
      </trkpt>
      <trkpt lat="37.283" lon="-122.08496">
        <ele>245.16</ele>
        <time>2026-03-22T22:51:44Z</time>
      </trkpt>
      <trkpt lat="37.28301" lon="-122.08494">
        <ele>244.9</ele>
        <time>2026-03-22T22:51:52Z</time>
      </trkpt>
      <trkpt lat="37.28302" lon="-122.08494">
        <ele>245.15</ele>
        <time>2026-03-22T22:51:58Z</time>
      </trkpt>
      <trkpt lat="37.28302" lon="-122.08493">
        <ele>244.87</ele>
        <time>2026-03-22T22:52:01Z</time>
      </trkpt>
      <trkpt lat="37.28306" lon="-122.08493">
        <ele>245.92</ele>
        <time>2026-03-22T22:52:15Z</time>
      </trkpt>
      <trkpt lat="37.2831" lon="-122.08492">
        <ele>247.33</ele>
        <time>2026-03-22T22:52:26Z</time>
      </trkpt>
      <trkpt lat="37.28311" lon="-122.08492">
        <ele>247.76</ele>
        <time>2026-03-22T22:52:34Z</time>
      </trkpt>
      <trkpt lat="37.28317" lon="-122.08491">
        <ele>250.04</ele>
        <time>2026-03-22T22:53:39Z</time>
      </trkpt>
      <trkpt lat="37.28324" lon="-122.0849">
        <ele>252.65</ele>
        <time>2026-03-22T22:53:43Z</time>
      </trkpt>
      <trkpt lat="37.28331" lon="-122.0849">
        <ele>254.06</ele>
        <time>2026-03-22T22:53:46Z</time>
      </trkpt>
      <trkpt lat="37.28337" lon="-122.08489">
        <ele>253.95</ele>
        <time>2026-03-22T22:53:50Z</time>
      </trkpt>
      <trkpt lat="37.28343" lon="-122.08489">
        <ele>254.1</ele>
        <time>2026-03-22T22:53:53Z</time>
      </trkpt>
      <trkpt lat="37.2835" lon="-122.08489">
        <ele>254.71</ele>
        <time>2026-03-22T22:53:56Z</time>
      </trkpt>
      <trkpt lat="37.28356" lon="-122.08484">
        <ele>253.3</ele>
        <time>2026-03-22T22:54:01Z</time>
      </trkpt>
      <trkpt lat="37.28357" lon="-122.08473">
        <ele>249.07</ele>
        <time>2026-03-22T22:54:04Z</time>
      </trkpt>
      <trkpt lat="37.28363" lon="-122.08472">
        <ele>251.12</ele>
        <time>2026-03-22T22:54:11Z</time>
      </trkpt>
      <trkpt lat="37.2837" lon="-122.08473">
        <ele>252.29</ele>
        <time>2026-03-22T22:54:18Z</time>
      </trkpt>
      <trkpt lat="37.28375" lon="-122.08468">
        <ele>250.49</ele>
        <time>2026-03-22T22:54:25Z</time>
      </trkpt>
      <trkpt lat="37.2838" lon="-122.08464">
        <ele>248.83</ele>
        <time>2026-03-22T22:54:30Z</time>
      </trkpt>
      <trkpt lat="37.28385" lon="-122.08458">
        <ele>247.64</ele>
        <time>2026-03-22T22:54:37Z</time>
      </trkpt>
      <trkpt lat="37.28391" lon="-122.08454">
        <ele>247.85</ele>
        <time>2026-03-22T22:54:43Z</time>
      </trkpt>
      <trkpt lat="37.28398" lon="-122.08453">
        <ele>249.57</ele>
        <time>2026-03-22T22:54:48Z</time>
      </trkpt>
      <trkpt lat="37.28404" lon="-122.08452">
        <ele>252.12</ele>
        <time>2026-03-22T22:54:52Z</time>
      </trkpt>
      <trkpt lat="37.2841" lon="-122.08452">
        <ele>254.79</ele>
        <time>2026-03-22T22:54:54Z</time>
      </trkpt>
      <trkpt lat="37.28417" lon="-122.08451">
        <ele>256.64</ele>
        <time>2026-03-22T22:54:56Z</time>
      </trkpt>
      <trkpt lat="37.28424" lon="-122.0845">
        <ele>258.06</ele>
        <time>2026-03-22T22:54:59Z</time>
      </trkpt>
      <trkpt lat="37.28431" lon="-122.08449">
        <ele>259.33</ele>
        <time>2026-03-22T22:55:05Z</time>
      </trkpt>
      <trkpt lat="37.28437" lon="-122.08449">
        <ele>260.95</ele>
        <time>2026-03-22T22:55:09Z</time>
      </trkpt>
      <trkpt lat="37.28442" lon="-122.08449">
        <ele>262.29</ele>
        <time>2026-03-22T22:55:13Z</time>
      </trkpt>
      <trkpt lat="37.28447" lon="-122.08453">
        <ele>265.84</ele>
        <time>2026-03-22T22:55:17Z</time>
      </trkpt>
      <trkpt lat="37.28453" lon="-122.08453">
        <ele>266.54</ele>
        <time>2026-03-22T22:55:24Z</time>
      </trkpt>
      <trkpt lat="37.28458" lon="-122.0845">
        <ele>265.93</ele>
        <time>2026-03-22T22:55:30Z</time>
      </trkpt>
      <trkpt lat="37.28464" lon="-122.08448">
        <ele>266.26</ele>
        <time>2026-03-22T22:55:35Z</time>
      </trkpt>
      <trkpt lat="37.2847" lon="-122.08447">
        <ele>267.66</ele>
        <time>2026-03-22T22:55:40Z</time>
      </trkpt>
      <trkpt lat="37.28474" lon="-122.08445">
        <ele>268.07</ele>
        <time>2026-03-22T22:55:44Z</time>
      </trkpt>
      <trkpt lat="37.28479" lon="-122.08443">
        <ele>269.19</ele>
        <time>2026-03-22T22:55:49Z</time>
      </trkpt>
      <trkpt lat="37.28484" lon="-122.08441">
        <ele>270.5</ele>
        <time>2026-03-22T22:55:54Z</time>
      </trkpt>
      <trkpt lat="37.28489" lon="-122.08438">
        <ele>271.58</ele>
        <time>2026-03-22T22:55:59Z</time>
      </trkpt>
      <trkpt lat="37.28495" lon="-122.08436">
        <ele>272.86</ele>
        <time>2026-03-22T22:56:04Z</time>
      </trkpt>
      <trkpt lat="37.28499" lon="-122.08434">
        <ele>272.92</ele>
        <time>2026-03-22T22:56:09Z</time>
      </trkpt>
      <trkpt lat="37.28504" lon="-122.08433">
        <ele>273.02</ele>
        <time>2026-03-22T22:56:14Z</time>
      </trkpt>
      <trkpt lat="37.2851" lon="-122.08432">
        <ele>273.02</ele>
        <time>2026-03-22T22:56:19Z</time>
      </trkpt>
      <trkpt lat="37.28516" lon="-122.08432">
        <ele>273.66</ele>
        <time>2026-03-22T22:56:25Z</time>
      </trkpt>
      <trkpt lat="37.28522" lon="-122.08432">
        <ele>274.56</ele>
        <time>2026-03-22T22:56:30Z</time>
      </trkpt>
      <trkpt lat="37.28528" lon="-122.08433">
        <ele>276.31</ele>
        <time>2026-03-22T22:56:36Z</time>
      </trkpt>
      <trkpt lat="37.28534" lon="-122.08433">
        <ele>275.16</ele>
        <time>2026-03-22T22:56:43Z</time>
      </trkpt>
      <trkpt lat="37.28539" lon="-122.08434">
        <ele>274.62</ele>
        <time>2026-03-22T22:56:49Z</time>
      </trkpt>
      <trkpt lat="37.28544" lon="-122.08439">
        <ele>276.32</ele>
        <time>2026-03-22T22:56:53Z</time>
      </trkpt>
      <trkpt lat="37.28546" lon="-122.08445">
        <ele>279.55</ele>
        <time>2026-03-22T22:56:55Z</time>
      </trkpt>
      <trkpt lat="37.28548" lon="-122.08453">
        <ele>284.36</ele>
        <time>2026-03-22T22:56:57Z</time>
      </trkpt>
      <trkpt lat="37.28552" lon="-122.08459">
        <ele>285.52</ele>
        <time>2026-03-22T22:57:00Z</time>
      </trkpt>
      <trkpt lat="37.28558" lon="-122.08462">
        <ele>284.06</ele>
        <time>2026-03-22T22:57:05Z</time>
      </trkpt>
      <trkpt lat="37.28564" lon="-122.08462">
        <ele>280.82</ele>
        <time>2026-03-22T22:57:11Z</time>
      </trkpt>
      <trkpt lat="37.28569" lon="-122.08463">
        <ele>279.22</ele>
        <time>2026-03-22T22:57:16Z</time>
      </trkpt>
      <trkpt lat="37.28575" lon="-122.08464">
        <ele>278.17</ele>
        <time>2026-03-22T22:57:21Z</time>
      </trkpt>
      <trkpt lat="37.2858" lon="-122.08464">
        <ele>279.07</ele>
        <time>2026-03-22T22:57:26Z</time>
      </trkpt>
      <trkpt lat="37.28585" lon="-122.0846">
        <ele>279.04</ele>
        <time>2026-03-22T22:57:31Z</time>
      </trkpt>
      <trkpt lat="37.28589" lon="-122.08452">
        <ele>279.23</ele>
        <time>2026-03-22T22:57:35Z</time>
      </trkpt>
      <trkpt lat="37.28592" lon="-122.08445">
        <ele>278.79</ele>
        <time>2026-03-22T22:57:39Z</time>
      </trkpt>
      <trkpt lat="37.28589" lon="-122.08436">
        <ele>274.26</ele>
        <time>2026-03-22T22:57:45Z</time>
      </trkpt>
      <trkpt lat="37.28592" lon="-122.08429">
        <ele>273.68</ele>
        <time>2026-03-22T22:57:51Z</time>
      </trkpt>
      <trkpt lat="37.28597" lon="-122.08425">
        <ele>274.93</ele>
        <time>2026-03-22T22:57:55Z</time>
      </trkpt>
      <trkpt lat="37.28602" lon="-122.08421">
        <ele>275.37</ele>
        <time>2026-03-22T22:57:59Z</time>
      </trkpt>
      <trkpt lat="37.28607" lon="-122.08417">
        <ele>274.29</ele>
        <time>2026-03-22T22:58:03Z</time>
      </trkpt>
      <trkpt lat="37.28614" lon="-122.08412">
        <ele>272.95</ele>
        <time>2026-03-22T22:58:08Z</time>
      </trkpt>
      <trkpt lat="37.28618" lon="-122.0841">
        <ele>272.68</ele>
        <time>2026-03-22T22:58:11Z</time>
      </trkpt>
      <trkpt lat="37.28623" lon="-122.08408">
        <ele>272.27</ele>
        <time>2026-03-22T22:58:15Z</time>
      </trkpt>
      <trkpt lat="37.28628" lon="-122.08406">
        <ele>271.52</ele>
        <time>2026-03-22T22:58:20Z</time>
      </trkpt>
      <trkpt lat="37.28634" lon="-122.08401">
        <ele>270.07</ele>
        <time>2026-03-22T22:58:26Z</time>
      </trkpt>
      <trkpt lat="37.28639" lon="-122.08397">
        <ele>268.5</ele>
        <time>2026-03-22T22:58:32Z</time>
      </trkpt>
      <trkpt lat="37.28634" lon="-122.08394">
        <ele>267.21</ele>
        <time>2026-03-22T22:58:38Z</time>
      </trkpt>
      <trkpt lat="37.28639" lon="-122.08389">
        <ele>265.04</ele>
        <time>2026-03-22T22:58:45Z</time>
      </trkpt>
      <trkpt lat="37.28645" lon="-122.08387">
        <ele>263.32</ele>
        <time>2026-03-22T22:58:49Z</time>
      </trkpt>
      <trkpt lat="37.28652" lon="-122.08387">
        <ele>263.48</ele>
        <time>2026-03-22T22:58:53Z</time>
      </trkpt>
      <trkpt lat="37.28656" lon="-122.08393">
        <ele>266.69</ele>
        <time>2026-03-22T22:58:55Z</time>
      </trkpt>
      <trkpt lat="37.2866" lon="-122.08399">
        <ele>269.71</ele>
        <time>2026-03-22T22:58:57Z</time>
      </trkpt>
      <trkpt lat="37.28666" lon="-122.08404">
        <ele>272.5</ele>
        <time>2026-03-22T22:59:00Z</time>
      </trkpt>
      <trkpt lat="37.28672" lon="-122.08408">
        <ele>273.1</ele>
        <time>2026-03-22T22:59:03Z</time>
      </trkpt>
      <trkpt lat="37.28678" lon="-122.08413">
        <ele>273.74</ele>
        <time>2026-03-22T22:59:06Z</time>
      </trkpt>
      <trkpt lat="37.28683" lon="-122.08418">
        <ele>274.43</ele>
        <time>2026-03-22T22:59:09Z</time>
      </trkpt>
      <trkpt lat="37.28689" lon="-122.08422">
        <ele>274.64</ele>
        <time>2026-03-22T22:59:13Z</time>
      </trkpt>
      <trkpt lat="37.28694" lon="-122.08425">
        <ele>274.64</ele>
        <time>2026-03-22T22:59:16Z</time>
      </trkpt>
      <trkpt lat="37.28699" lon="-122.08428">
        <ele>274.42</ele>
        <time>2026-03-22T22:59:19Z</time>
      </trkpt>
      <trkpt lat="37.28704" lon="-122.08428">
        <ele>272.86</ele>
        <time>2026-03-22T22:59:22Z</time>
      </trkpt>
      <trkpt lat="37.28709" lon="-122.0843">
        <ele>272.94</ele>
        <time>2026-03-22T22:59:25Z</time>
      </trkpt>
      <trkpt lat="37.28715" lon="-122.08432">
        <ele>272.38</ele>
        <time>2026-03-22T22:59:28Z</time>
      </trkpt>
      <trkpt lat="37.2872" lon="-122.08435">
        <ele>271.68</ele>
        <time>2026-03-22T22:59:31Z</time>
      </trkpt>
      <trkpt lat="37.28725" lon="-122.08438">
        <ele>271.01</ele>
        <time>2026-03-22T22:59:34Z</time>
      </trkpt>
      <trkpt lat="37.28729" lon="-122.08441">
        <ele>270.69</ele>
        <time>2026-03-22T22:59:37Z</time>
      </trkpt>
      <trkpt lat="37.28731" lon="-122.08445">
        <ele>271.22</ele>
        <time>2026-03-22T22:59:41Z</time>
      </trkpt>
      <trkpt lat="37.28731" lon="-122.08452">
        <ele>272.01</ele>
        <time>2026-03-22T22:59:46Z</time>
      </trkpt>
      <trkpt lat="37.2873" lon="-122.08458">
        <ele>273.18</ele>
        <time>2026-03-22T22:59:52Z</time>
      </trkpt>
      <trkpt lat="37.28731" lon="-122.08465">
        <ele>273.26</ele>
        <time>2026-03-22T22:59:57Z</time>
      </trkpt>
      <trkpt lat="37.2873" lon="-122.08472">
        <ele>273.8</ele>
        <time>2026-03-22T23:00:02Z</time>
      </trkpt>
      <trkpt lat="37.28729" lon="-122.08481">
        <ele>275.29</ele>
        <time>2026-03-22T23:00:08Z</time>
      </trkpt>
      <trkpt lat="37.28727" lon="-122.08488">
        <ele>276.42</ele>
        <time>2026-03-22T23:00:14Z</time>
      </trkpt>
      <trkpt lat="37.28726" lon="-122.08496">
        <ele>276.73</ele>
        <time>2026-03-22T23:00:19Z</time>
      </trkpt>
      <trkpt lat="37.28731" lon="-122.08502">
        <ele>274.14</ele>
        <time>2026-03-22T23:00:24Z</time>
      </trkpt>
      <trkpt lat="37.28736" lon="-122.08506">
        <ele>273.64</ele>
        <time>2026-03-22T23:00:27Z</time>
      </trkpt>
      <trkpt lat="37.28742" lon="-122.0851">
        <ele>272.78</ele>
        <time>2026-03-22T23:00:30Z</time>
      </trkpt>
      <trkpt lat="37.28745" lon="-122.08516">
        <ele>274.07</ele>
        <time>2026-03-22T23:00:35Z</time>
      </trkpt>
      <trkpt lat="37.28748" lon="-122.08521">
        <ele>274.94</ele>
        <time>2026-03-22T23:00:40Z</time>
      </trkpt>
      <trkpt lat="37.28752" lon="-122.08525">
        <ele>275.09</ele>
        <time>2026-03-22T23:00:43Z</time>
      </trkpt>
      <trkpt lat="37.28756" lon="-122.08529">
        <ele>275.58</ele>
        <time>2026-03-22T23:00:47Z</time>
      </trkpt>
      <trkpt lat="37.28759" lon="-122.08535">
        <ele>277.2</ele>
        <time>2026-03-22T23:00:52Z</time>
      </trkpt>
      <trkpt lat="37.28762" lon="-122.0854">
        <ele>278.78</ele>
        <time>2026-03-22T23:00:57Z</time>
      </trkpt>
      <trkpt lat="37.28766" lon="-122.08543">
        <ele>279.59</ele>
        <time>2026-03-22T23:01:00Z</time>
      </trkpt>
      <trkpt lat="37.28771" lon="-122.08546">
        <ele>281.37</ele>
        <time>2026-03-22T23:01:03Z</time>
      </trkpt>
      <trkpt lat="37.28776" lon="-122.08544">
        <ele>281.18</ele>
        <time>2026-03-22T23:01:07Z</time>
      </trkpt>
      <trkpt lat="37.2878" lon="-122.08539">
        <ele>278.65</ele>
        <time>2026-03-22T23:01:10Z</time>
      </trkpt>
      <trkpt lat="37.28784" lon="-122.08535">
        <ele>277.24</ele>
        <time>2026-03-22T23:01:13Z</time>
      </trkpt>
      <trkpt lat="37.28787" lon="-122.0853">
        <ele>275.19</ele>
        <time>2026-03-22T23:01:16Z</time>
      </trkpt>
      <trkpt lat="37.28791" lon="-122.08526">
        <ele>274.01</ele>
        <time>2026-03-22T23:01:20Z</time>
      </trkpt>
      <trkpt lat="37.28796" lon="-122.08523">
        <ele>273.37</ele>
        <time>2026-03-22T23:01:24Z</time>
      </trkpt>
      <trkpt lat="37.288" lon="-122.08522">
        <ele>273.13</ele>
        <time>2026-03-22T23:01:28Z</time>
      </trkpt>
      <trkpt lat="37.28805" lon="-122.08522">
        <ele>273.47</ele>
        <time>2026-03-22T23:01:33Z</time>
      </trkpt>
      <trkpt lat="37.28811" lon="-122.08523">
        <ele>274.52</ele>
        <time>2026-03-22T23:01:40Z</time>
      </trkpt>
      <trkpt lat="37.28815" lon="-122.08529">
        <ele>277.38</ele>
        <time>2026-03-22T23:01:45Z</time>
      </trkpt>
      <trkpt lat="37.28818" lon="-122.08536">
        <ele>279.32</ele>
        <time>2026-03-22T23:01:49Z</time>
      </trkpt>
      <trkpt lat="37.28822" lon="-122.08541">
        <ele>280.51</ele>
        <time>2026-03-22T23:01:53Z</time>
      </trkpt>
      <trkpt lat="37.28827" lon="-122.08545">
        <ele>280.68</ele>
        <time>2026-03-22T23:01:58Z</time>
      </trkpt>
      <trkpt lat="37.28831" lon="-122.08547">
        <ele>279.98</ele>
        <time>2026-03-22T23:02:02Z</time>
      </trkpt>
      <trkpt lat="37.28836" lon="-122.08549">
        <ele>279.3</ele>
        <time>2026-03-22T23:02:05Z</time>
      </trkpt>
      <trkpt lat="37.28842" lon="-122.08551">
        <ele>278.65</ele>
        <time>2026-03-22T23:02:07Z</time>
      </trkpt>
      <trkpt lat="37.28847" lon="-122.08554">
        <ele>278.07</ele>
        <time>2026-03-22T23:02:09Z</time>
      </trkpt>
      <trkpt lat="37.2885" lon="-122.08557">
        <ele>278.04</ele>
        <time>2026-03-22T23:02:12Z</time>
      </trkpt>
      <trkpt lat="37.28855" lon="-122.08563">
        <ele>278.46</ele>
        <time>2026-03-22T23:02:17Z</time>
      </trkpt>
      <trkpt lat="37.28858" lon="-122.08565">
        <ele>278.06</ele>
        <time>2026-03-22T23:02:20Z</time>
      </trkpt>
      <trkpt lat="37.2886" lon="-122.08568">
        <ele>278.35</ele>
        <time>2026-03-22T23:02:23Z</time>
      </trkpt>
      <trkpt lat="37.28862" lon="-122.08571">
        <ele>278.84</ele>
        <time>2026-03-22T23:02:26Z</time>
      </trkpt>
      <trkpt lat="37.28864" lon="-122.08573">
        <ele>279.06</ele>
        <time>2026-03-22T23:02:29Z</time>
      </trkpt>
      <trkpt lat="37.28867" lon="-122.08573">
        <ele>278.45</ele>
        <time>2026-03-22T23:02:34Z</time>
      </trkpt>
      <trkpt lat="37.28869" lon="-122.08571">
        <ele>277.58</ele>
        <time>2026-03-22T23:02:37Z</time>
      </trkpt>
      <trkpt lat="37.28872" lon="-122.08567">
        <ele>276.65</ele>
        <time>2026-03-22T23:02:40Z</time>
      </trkpt>
      <trkpt lat="37.28877" lon="-122.08564">
        <ele>276.54</ele>
        <time>2026-03-22T23:02:44Z</time>
      </trkpt>
      <trkpt lat="37.28884" lon="-122.08565">
        <ele>277.97</ele>
        <time>2026-03-22T23:02:51Z</time>
      </trkpt>
      <trkpt lat="37.28889" lon="-122.08566">
        <ele>279.13</ele>
        <time>2026-03-22T23:02:54Z</time>
      </trkpt>
      <trkpt lat="37.28893" lon="-122.08566">
        <ele>279.18</ele>
        <time>2026-03-22T23:02:57Z</time>
      </trkpt>
      <trkpt lat="37.28897" lon="-122.08566">
        <ele>279.24</ele>
        <time>2026-03-22T23:03:00Z</time>
      </trkpt>
      <trkpt lat="37.28901" lon="-122.08565">
        <ele>279.35</ele>
        <time>2026-03-22T23:03:02Z</time>
      </trkpt>
      <trkpt lat="37.28905" lon="-122.08565">
        <ele>279.78</ele>
        <time>2026-03-22T23:03:05Z</time>
      </trkpt>
      <trkpt lat="37.28909" lon="-122.08564">
        <ele>280.08</ele>
        <time>2026-03-22T23:03:07Z</time>
      </trkpt>
      <trkpt lat="37.28912" lon="-122.08563">
        <ele>280.3</ele>
        <time>2026-03-22T23:03:09Z</time>
      </trkpt>
      <trkpt lat="37.28917" lon="-122.08562">
        <ele>280.71</ele>
        <time>2026-03-22T23:03:12Z</time>
      </trkpt>
      <trkpt lat="37.2892" lon="-122.08562">
        <ele>280.81</ele>
        <time>2026-03-22T23:03:14Z</time>
      </trkpt>
      <trkpt lat="37.28923" lon="-122.08561">
        <ele>280.87</ele>
        <time>2026-03-22T23:03:16Z</time>
      </trkpt>
      <trkpt lat="37.28926" lon="-122.08561">
        <ele>281.0</ele>
        <time>2026-03-22T23:03:18Z</time>
      </trkpt>
      <trkpt lat="37.28929" lon="-122.08561">
        <ele>281.0</ele>
        <time>2026-03-22T23:03:20Z</time>
      </trkpt>
      <trkpt lat="37.28932" lon="-122.08561">
        <ele>281.0</ele>
        <time>2026-03-22T23:03:22Z</time>
      </trkpt>
      <trkpt lat="37.28935" lon="-122.08562">
        <ele>281.0</ele>
        <time>2026-03-22T23:03:24Z</time>
      </trkpt>
      <trkpt lat="37.28937" lon="-122.08563">
        <ele>280.8</ele>
        <time>2026-03-22T23:03:26Z</time>
      </trkpt>
      <trkpt lat="37.2894" lon="-122.08566">
        <ele>280.54</ele>
        <time>2026-03-22T23:03:28Z</time>
      </trkpt>
      <trkpt lat="37.28942" lon="-122.08568">
        <ele>280.35</ele>
        <time>2026-03-22T23:03:30Z</time>
      </trkpt>
      <trkpt lat="37.28945" lon="-122.0857">
        <ele>279.94</ele>
        <time>2026-03-22T23:03:32Z</time>
      </trkpt>
      <trkpt lat="37.28947" lon="-122.08572">
        <ele>279.72</ele>
        <time>2026-03-22T23:03:34Z</time>
      </trkpt>
      <trkpt lat="37.2895" lon="-122.08574">
        <ele>279.4</ele>
        <time>2026-03-22T23:03:37Z</time>
      </trkpt>
      <trkpt lat="37.28953" lon="-122.08575">
        <ele>279.08</ele>
        <time>2026-03-22T23:03:42Z</time>
      </trkpt>
      <trkpt lat="37.28957" lon="-122.08576">
        <ele>278.64</ele>
        <time>2026-03-22T23:03:46Z</time>
      </trkpt>
      <trkpt lat="37.28961" lon="-122.08578">
        <ele>278.21</ele>
        <time>2026-03-22T23:03:50Z</time>
      </trkpt>
      <trkpt lat="37.28965" lon="-122.0858">
        <ele>277.78</ele>
        <time>2026-03-22T23:03:54Z</time>
      </trkpt>
      <trkpt lat="37.28969" lon="-122.08582">
        <ele>277.35</ele>
        <time>2026-03-22T23:03:58Z</time>
      </trkpt>
      <trkpt lat="37.28972" lon="-122.08584">
        <ele>277.1</ele>
        <time>2026-03-22T23:04:01Z</time>
      </trkpt>
      <trkpt lat="37.28975" lon="-122.08586">
        <ele>277.2</ele>
        <time>2026-03-22T23:04:04Z</time>
      </trkpt>
      <trkpt lat="37.28987" lon="-122.08592">
        <ele>276.4</ele>
        <time>2026-03-22T23:04:16Z</time>
      </trkpt>
      <trkpt lat="37.2899" lon="-122.08594">
        <ele>276.37</ele>
        <time>2026-03-22T23:04:18Z</time>
      </trkpt>
      <trkpt lat="37.28996" lon="-122.08597">
        <ele>276.68</ele>
        <time>2026-03-22T23:04:22Z</time>
      </trkpt>
      <trkpt lat="37.29" lon="-122.086">
        <ele>276.8</ele>
        <time>2026-03-22T23:04:25Z</time>
      </trkpt>
      <trkpt lat="37.29005" lon="-122.08604">
        <ele>276.69</ele>
        <time>2026-03-22T23:04:30Z</time>
      </trkpt>
      <trkpt lat="37.29009" lon="-122.08608">
        <ele>276.69</ele>
        <time>2026-03-22T23:04:34Z</time>
      </trkpt>
      <trkpt lat="37.29013" lon="-122.08612">
        <ele>276.69</ele>
        <time>2026-03-22T23:04:38Z</time>
      </trkpt>
      <trkpt lat="37.29016" lon="-122.08618">
        <ele>277.02</ele>
        <time>2026-03-22T23:04:41Z</time>
      </trkpt>
      <trkpt lat="37.29018" lon="-122.08624">
        <ele>277.82</ele>
        <time>2026-03-22T23:04:43Z</time>
      </trkpt>
      <trkpt lat="37.2902" lon="-122.0863">
        <ele>279.07</ele>
        <time>2026-03-22T23:04:46Z</time>
      </trkpt>
      <trkpt lat="37.29023" lon="-122.08636">
        <ele>280.04</ele>
        <time>2026-03-22T23:04:50Z</time>
      </trkpt>
      <trkpt lat="37.29027" lon="-122.08641">
        <ele>280.52</ele>
        <time>2026-03-22T23:04:55Z</time>
      </trkpt>
      <trkpt lat="37.2903" lon="-122.08645">
        <ele>281.24</ele>
        <time>2026-03-22T23:04:59Z</time>
      </trkpt>
      <trkpt lat="37.2903" lon="-122.08658">
        <ele>282.05</ele>
        <time>2026-03-22T23:05:14Z</time>
      </trkpt>
      <trkpt lat="37.29034" lon="-122.08657">
        <ele>281.97</ele>
        <time>2026-03-22T23:05:16Z</time>
      </trkpt>
      <trkpt lat="37.29038" lon="-122.08656">
        <ele>281.86</ele>
        <time>2026-03-22T23:05:18Z</time>
      </trkpt>
      <trkpt lat="37.29041" lon="-122.08656">
        <ele>281.91</ele>
        <time>2026-03-22T23:05:20Z</time>
      </trkpt>
      <trkpt lat="37.29045" lon="-122.08658">
        <ele>282.0</ele>
        <time>2026-03-22T23:05:23Z</time>
      </trkpt>
      <trkpt lat="37.2905" lon="-122.08661">
        <ele>282.0</ele>
        <time>2026-03-22T23:05:26Z</time>
      </trkpt>
      <trkpt lat="37.29052" lon="-122.08664">
        <ele>282.0</ele>
        <time>2026-03-22T23:05:28Z</time>
      </trkpt>
      <trkpt lat="37.29055" lon="-122.08667">
        <ele>282.03</ele>
        <time>2026-03-22T23:05:30Z</time>
      </trkpt>
      <trkpt lat="37.29057" lon="-122.08669">
        <ele>282.21</ele>
        <time>2026-03-22T23:05:32Z</time>
      </trkpt>
      <trkpt lat="37.2906" lon="-122.08671">
        <ele>282.24</ele>
        <time>2026-03-22T23:05:34Z</time>
      </trkpt>
      <trkpt lat="37.29063" lon="-122.08674">
        <ele>282.16</ele>
        <time>2026-03-22T23:05:37Z</time>
      </trkpt>
      <trkpt lat="37.29065" lon="-122.08676">
        <ele>281.97</ele>
        <time>2026-03-22T23:05:39Z</time>
      </trkpt>
      <trkpt lat="37.29068" lon="-122.08679">
        <ele>281.32</ele>
        <time>2026-03-22T23:05:42Z</time>
      </trkpt>
      <trkpt lat="37.29071" lon="-122.08681">
        <ele>280.78</ele>
        <time>2026-03-22T23:05:45Z</time>
      </trkpt>
      <trkpt lat="37.29074" lon="-122.08684">
        <ele>280.14</ele>
        <time>2026-03-22T23:05:48Z</time>
      </trkpt>
      <trkpt lat="37.29077" lon="-122.08687">
        <ele>279.23</ele>
        <time>2026-03-22T23:05:51Z</time>
      </trkpt>
      <trkpt lat="37.2908" lon="-122.08689">
        <ele>278.57</ele>
        <time>2026-03-22T23:05:55Z</time>
      </trkpt>
      <trkpt lat="37.29084" lon="-122.08692">
        <ele>277.93</ele>
        <time>2026-03-22T23:06:01Z</time>
      </trkpt>
      <trkpt lat="37.29088" lon="-122.08694">
        <ele>277.5</ele>
        <time>2026-03-22T23:06:06Z</time>
      </trkpt>
      <trkpt lat="37.29088" lon="-122.08689">
        <ele>277.5</ele>
        <time>2026-03-22T23:06:11Z</time>
      </trkpt>
      <trkpt lat="37.29088" lon="-122.08685">
        <ele>277.51</ele>
        <time>2026-03-22T23:06:16Z</time>
      </trkpt>
      <trkpt lat="37.29091" lon="-122.08685">
        <ele>277.18</ele>
        <time>2026-03-22T23:06:20Z</time>
      </trkpt>
      <trkpt lat="37.29091" lon="-122.0869">
        <ele>277.17</ele>
        <time>2026-03-22T23:06:23Z</time>
      </trkpt>
      <trkpt lat="37.2909" lon="-122.08693">
        <ele>277.28</ele>
        <time>2026-03-22T23:06:25Z</time>
      </trkpt>
      <trkpt lat="37.29092" lon="-122.0869">
        <ele>277.06</ele>
        <time>2026-03-22T23:06:32Z</time>
      </trkpt>
      <trkpt lat="37.29092" lon="-122.08686">
        <ele>277.06</ele>
        <time>2026-03-22T23:06:34Z</time>
      </trkpt>
      <trkpt lat="37.29092" lon="-122.08681">
        <ele>277.09</ele>
        <time>2026-03-22T23:06:36Z</time>
      </trkpt>
      <trkpt lat="37.29092" lon="-122.08677">
        <ele>277.12</ele>
        <time>2026-03-22T23:06:38Z</time>
      </trkpt>
      <trkpt lat="37.29093" lon="-122.08674">
        <ele>276.96</ele>
        <time>2026-03-22T23:06:41Z</time>
      </trkpt>
      <trkpt lat="37.29093" lon="-122.08669">
        <ele>276.96</ele>
        <time>2026-03-22T23:06:43Z</time>
      </trkpt>
      <trkpt lat="37.29094" lon="-122.08664">
        <ele>276.85</ele>
        <time>2026-03-22T23:06:45Z</time>
      </trkpt>
      <trkpt lat="37.29095" lon="-122.0866">
        <ele>276.74</ele>
        <time>2026-03-22T23:06:47Z</time>
      </trkpt>
      <trkpt lat="37.29096" lon="-122.08656">
        <ele>276.78</ele>
        <time>2026-03-22T23:06:49Z</time>
      </trkpt>
      <trkpt lat="37.29098" lon="-122.08652">
        <ele>277.0</ele>
        <time>2026-03-22T23:06:51Z</time>
      </trkpt>
      <trkpt lat="37.291" lon="-122.08649">
        <ele>277.11</ele>
        <time>2026-03-22T23:06:53Z</time>
      </trkpt>
      <trkpt lat="37.29104" lon="-122.08647">
        <ele>276.8</ele>
        <time>2026-03-22T23:06:55Z</time>
      </trkpt>
      <trkpt lat="37.29109" lon="-122.08645">
        <ele>276.49</ele>
        <time>2026-03-22T23:06:58Z</time>
      </trkpt>
      <trkpt lat="37.29113" lon="-122.08645">
        <ele>276.27</ele>
        <time>2026-03-22T23:07:01Z</time>
      </trkpt>
      <trkpt lat="37.29116" lon="-122.08642">
        <ele>276.31</ele>
        <time>2026-03-22T23:07:04Z</time>
      </trkpt>
      <trkpt lat="37.29119" lon="-122.0864">
        <ele>276.13</ele>
        <time>2026-03-22T23:07:07Z</time>
      </trkpt>
      <trkpt lat="37.29122" lon="-122.08637">
        <ele>276.0</ele>
        <time>2026-03-22T23:07:10Z</time>
      </trkpt>
      <trkpt lat="37.29124" lon="-122.08635">
        <ele>276.0</ele>
        <time>2026-03-22T23:07:12Z</time>
      </trkpt>
      <trkpt lat="37.29127" lon="-122.08633">
        <ele>276.0</ele>
        <time>2026-03-22T23:07:14Z</time>
      </trkpt>
      <trkpt lat="37.29129" lon="-122.0863">
        <ele>276.0</ele>
        <time>2026-03-22T23:07:16Z</time>
      </trkpt>
      <trkpt lat="37.29132" lon="-122.08628">
        <ele>276.43</ele>
        <time>2026-03-22T23:07:19Z</time>
      </trkpt>
      <trkpt lat="37.29133" lon="-122.08623">
        <ele>277.08</ele>
        <time>2026-03-22T23:07:23Z</time>
      </trkpt>
      <trkpt lat="37.29133" lon="-122.08619">
        <ele>277.32</ele>
        <time>2026-03-22T23:07:26Z</time>
      </trkpt>
      <trkpt lat="37.29133" lon="-122.08616">
        <ele>277.24</ele>
        <time>2026-03-22T23:07:29Z</time>
      </trkpt>
      <trkpt lat="37.29134" lon="-122.08612">
        <ele>277.42</ele>
        <time>2026-03-22T23:07:32Z</time>
      </trkpt>
      <trkpt lat="37.29136" lon="-122.08609">
        <ele>278.06</ele>
        <time>2026-03-22T23:07:34Z</time>
      </trkpt>
      <trkpt lat="37.29138" lon="-122.08606">
        <ele>278.71</ele>
        <time>2026-03-22T23:07:36Z</time>
      </trkpt>
      <trkpt lat="37.2914" lon="-122.08602">
        <ele>279.24</ele>
        <time>2026-03-22T23:07:39Z</time>
      </trkpt>
      <trkpt lat="37.29142" lon="-122.08599">
        <ele>279.36</ele>
        <time>2026-03-22T23:07:42Z</time>
      </trkpt>
      <trkpt lat="37.29145" lon="-122.08596">
        <ele>279.69</ele>
        <time>2026-03-22T23:07:45Z</time>
      </trkpt>
      <trkpt lat="37.29148" lon="-122.08593">
        <ele>280.01</ele>
        <time>2026-03-22T23:07:48Z</time>
      </trkpt>
      <trkpt lat="37.29151" lon="-122.08589">
        <ele>279.57</ele>
        <time>2026-03-22T23:07:51Z</time>
      </trkpt>
      <trkpt lat="37.29154" lon="-122.08587">
        <ele>279.83</ele>
        <time>2026-03-22T23:07:53Z</time>
      </trkpt>
      <trkpt lat="37.2916" lon="-122.08584">
        <ele>281.0</ele>
        <time>2026-03-22T23:07:56Z</time>
      </trkpt>
      <trkpt lat="37.29162" lon="-122.08583">
        <ele>281.36</ele>
        <time>2026-03-22T23:07:58Z</time>
      </trkpt>
      <trkpt lat="37.29165" lon="-122.08582">
        <ele>281.91</ele>
        <time>2026-03-22T23:08:01Z</time>
      </trkpt>
      <trkpt lat="37.29168" lon="-122.08584">
        <ele>283.92</ele>
        <time>2026-03-22T23:08:04Z</time>
      </trkpt>
      <trkpt lat="37.29171" lon="-122.08584">
        <ele>285.49</ele>
        <time>2026-03-22T23:08:07Z</time>
      </trkpt>
      <trkpt lat="37.29174" lon="-122.08581">
        <ele>285.75</ele>
        <time>2026-03-22T23:08:10Z</time>
      </trkpt>
      <trkpt lat="37.29176" lon="-122.08579">
        <ele>285.68</ele>
        <time>2026-03-22T23:08:12Z</time>
      </trkpt>
      <trkpt lat="37.29179" lon="-122.08577">
        <ele>285.47</ele>
        <time>2026-03-22T23:08:15Z</time>
      </trkpt>
      <trkpt lat="37.29183" lon="-122.08575">
        <ele>285.72</ele>
        <time>2026-03-22T23:08:18Z</time>
      </trkpt>
      <trkpt lat="37.29186" lon="-122.08574">
        <ele>286.15</ele>
        <time>2026-03-22T23:08:21Z</time>
      </trkpt>
      <trkpt lat="37.2919" lon="-122.08573">
        <ele>286.63</ele>
        <time>2026-03-22T23:08:24Z</time>
      </trkpt>
      <trkpt lat="37.29194" lon="-122.08572">
        <ele>287.02</ele>
        <time>2026-03-22T23:08:27Z</time>
      </trkpt>
      <trkpt lat="37.29197" lon="-122.08572">
        <ele>287.38</ele>
        <time>2026-03-22T23:08:30Z</time>
      </trkpt>
      <trkpt lat="37.29201" lon="-122.08572">
        <ele>287.81</ele>
        <time>2026-03-22T23:08:33Z</time>
      </trkpt>
      <trkpt lat="37.29205" lon="-122.08572">
        <ele>288.03</ele>
        <time>2026-03-22T23:08:36Z</time>
      </trkpt>
      <trkpt lat="37.29209" lon="-122.08573">
        <ele>288.1</ele>
        <time>2026-03-22T23:08:39Z</time>
      </trkpt>
      <trkpt lat="37.29212" lon="-122.08576">
        <ele>288.94</ele>
        <time>2026-03-22T23:08:42Z</time>
      </trkpt>
      <trkpt lat="37.29214" lon="-122.08579">
        <ele>290.12</ele>
        <time>2026-03-22T23:08:44Z</time>
      </trkpt>
      <trkpt lat="37.29217" lon="-122.08582">
        <ele>291.11</ele>
        <time>2026-03-22T23:08:47Z</time>
      </trkpt>
      <trkpt lat="37.2922" lon="-122.08583">
        <ele>291.15</ele>
        <time>2026-03-22T23:08:49Z</time>
      </trkpt>
      <trkpt lat="37.29223" lon="-122.08585">
        <ele>291.36</ele>
        <time>2026-03-22T23:08:52Z</time>
      </trkpt>
      <trkpt lat="37.29227" lon="-122.08588">
        <ele>292.01</ele>
        <time>2026-03-22T23:08:55Z</time>
      </trkpt>
      <trkpt lat="37.29228" lon="-122.0859">
        <ele>292.44</ele>
        <time>2026-03-22T23:08:57Z</time>
      </trkpt>
      <trkpt lat="37.29225" lon="-122.08592">
        <ele>292.87</ele>
        <time>2026-03-22T23:09:00Z</time>
      </trkpt>
      <trkpt lat="37.29223" lon="-122.08594">
        <ele>293.44</ele>
        <time>2026-03-22T23:09:03Z</time>
      </trkpt>
      <trkpt lat="37.2922" lon="-122.08595">
        <ele>294.02</ele>
        <time>2026-03-22T23:09:06Z</time>
      </trkpt>
      <trkpt lat="37.29216" lon="-122.08596">
        <ele>294.78</ele>
        <time>2026-03-22T23:09:09Z</time>
      </trkpt>
      <trkpt lat="37.29213" lon="-122.08594">
        <ele>294.45</ele>
        <time>2026-03-22T23:09:12Z</time>
      </trkpt>
      <trkpt lat="37.2921" lon="-122.08593">
        <ele>294.42</ele>
        <time>2026-03-22T23:09:15Z</time>
      </trkpt>
      <trkpt lat="37.29207" lon="-122.08591">
        <ele>294.3</ele>
        <time>2026-03-22T23:09:18Z</time>
      </trkpt>
      <trkpt lat="37.29204" lon="-122.08591">
        <ele>294.62</ele>
        <time>2026-03-22T23:09:21Z</time>
      </trkpt>
      <trkpt lat="37.292" lon="-122.08591">
        <ele>294.66</ele>
        <time>2026-03-22T23:09:24Z</time>
      </trkpt>
      <trkpt lat="37.29196" lon="-122.08591">
        <ele>294.66</ele>
        <time>2026-03-22T23:09:27Z</time>
      </trkpt>
      <trkpt lat="37.29193" lon="-122.08592">
        <ele>294.55</ele>
        <time>2026-03-22T23:09:30Z</time>
      </trkpt>
      <trkpt lat="37.29191" lon="-122.08596">
        <ele>294.26</ele>
        <time>2026-03-22T23:09:33Z</time>
      </trkpt>
      <trkpt lat="37.29192" lon="-122.086">
        <ele>294.47</ele>
        <time>2026-03-22T23:09:35Z</time>
      </trkpt>
      <trkpt lat="37.29194" lon="-122.08605">
        <ele>294.55</ele>
        <time>2026-03-22T23:09:37Z</time>
      </trkpt>
      <trkpt lat="37.29197" lon="-122.08608">
        <ele>294.8</ele>
        <time>2026-03-22T23:09:39Z</time>
      </trkpt>
      <trkpt lat="37.29199" lon="-122.08611">
        <ele>294.99</ele>
        <time>2026-03-22T23:09:41Z</time>
      </trkpt>
      <trkpt lat="37.29202" lon="-122.08612">
        <ele>295.5</ele>
        <time>2026-03-22T23:09:44Z</time>
      </trkpt>
      <trkpt lat="37.29206" lon="-122.08614">
        <ele>296.26</ele>
        <time>2026-03-22T23:09:47Z</time>
      </trkpt>
      <trkpt lat="37.29209" lon="-122.08617">
        <ele>296.87</ele>
        <time>2026-03-22T23:09:50Z</time>
      </trkpt>
      <trkpt lat="37.29213" lon="-122.0862">
        <ele>298.0</ele>
        <time>2026-03-22T23:09:54Z</time>
      </trkpt>
      <trkpt lat="37.29216" lon="-122.08622">
        <ele>298.39</ele>
        <time>2026-03-22T23:09:57Z</time>
      </trkpt>
      <trkpt lat="37.29219" lon="-122.08625">
        <ele>298.98</ele>
        <time>2026-03-22T23:10:00Z</time>
      </trkpt>
      <trkpt lat="37.29222" lon="-122.08629">
        <ele>299.89</ele>
        <time>2026-03-22T23:10:03Z</time>
      </trkpt>
      <trkpt lat="37.29224" lon="-122.08632">
        <ele>300.24</ele>
        <time>2026-03-22T23:10:05Z</time>
      </trkpt>
      <trkpt lat="37.29226" lon="-122.08635">
        <ele>300.64</ele>
        <time>2026-03-22T23:10:08Z</time>
      </trkpt>
      <trkpt lat="37.29228" lon="-122.08638">
        <ele>301.19</ele>
        <time>2026-03-22T23:10:11Z</time>
      </trkpt>
      <trkpt lat="37.29231" lon="-122.08641">
        <ele>301.67</ele>
        <time>2026-03-22T23:10:14Z</time>
      </trkpt>
      <trkpt lat="37.29233" lon="-122.08644">
        <ele>301.7</ele>
        <time>2026-03-22T23:10:17Z</time>
      </trkpt>
      <trkpt lat="37.29236" lon="-122.08645">
        <ele>302.15</ele>
        <time>2026-03-22T23:10:20Z</time>
      </trkpt>
      <trkpt lat="37.29239" lon="-122.08644">
        <ele>302.71</ele>
        <time>2026-03-22T23:10:23Z</time>
      </trkpt>
      <trkpt lat="37.29242" lon="-122.08644">
        <ele>303.0</ele>
        <time>2026-03-22T23:10:26Z</time>
      </trkpt>
      <trkpt lat="37.29245" lon="-122.08644">
        <ele>303.0</ele>
        <time>2026-03-22T23:10:29Z</time>
      </trkpt>
      <trkpt lat="37.29248" lon="-122.08646">
        <ele>303.0</ele>
        <time>2026-03-22T23:10:32Z</time>
      </trkpt>
      <trkpt lat="37.29251" lon="-122.08647">
        <ele>303.0</ele>
        <time>2026-03-22T23:10:35Z</time>
      </trkpt>
      <trkpt lat="37.29253" lon="-122.08647">
        <ele>303.0</ele>
        <time>2026-03-22T23:10:38Z</time>
      </trkpt>
      <trkpt lat="37.29254" lon="-122.08644">
        <ele>303.0</ele>
        <time>2026-03-22T23:11:00Z</time>
      </trkpt>
      <trkpt lat="37.29256" lon="-122.08641">
        <ele>303.0</ele>
        <time>2026-03-22T23:11:07Z</time>
      </trkpt>
      <trkpt lat="37.29257" lon="-122.08636">
        <ele>302.69</ele>
        <time>2026-03-22T23:11:10Z</time>
      </trkpt>
      <trkpt lat="37.29258" lon="-122.08631">
        <ele>302.15</ele>
        <time>2026-03-22T23:11:13Z</time>
      </trkpt>
      <trkpt lat="37.29259" lon="-122.08627">
        <ele>301.71</ele>
        <time>2026-03-22T23:11:16Z</time>
      </trkpt>
      <trkpt lat="37.29261" lon="-122.08623">
        <ele>301.1</ele>
        <time>2026-03-22T23:11:19Z</time>
      </trkpt>
      <trkpt lat="37.29262" lon="-122.08619">
        <ele>300.45</ele>
        <time>2026-03-22T23:11:22Z</time>
      </trkpt>
      <trkpt lat="37.29263" lon="-122.08613">
        <ele>299.33</ele>
        <time>2026-03-22T23:11:26Z</time>
      </trkpt>
      <trkpt lat="37.29265" lon="-122.08609">
        <ele>298.54</ele>
        <time>2026-03-22T23:11:29Z</time>
      </trkpt>
      <trkpt lat="37.29266" lon="-122.08605">
        <ele>297.68</ele>
        <time>2026-03-22T23:11:32Z</time>
      </trkpt>
      <trkpt lat="37.29267" lon="-122.08601">
        <ele>296.91</ele>
        <time>2026-03-22T23:11:35Z</time>
      </trkpt>
      <trkpt lat="37.29268" lon="-122.08598">
        <ele>296.58</ele>
        <time>2026-03-22T23:11:38Z</time>
      </trkpt>
      <trkpt lat="37.29269" lon="-122.08594">
        <ele>296.15</ele>
        <time>2026-03-22T23:11:41Z</time>
      </trkpt>
      <trkpt lat="37.2927" lon="-122.0859">
        <ele>295.72</ele>
        <time>2026-03-22T23:11:44Z</time>
      </trkpt>
      <trkpt lat="37.29271" lon="-122.08586">
        <ele>295.29</ele>
        <time>2026-03-22T23:11:47Z</time>
      </trkpt>
      <trkpt lat="37.29273" lon="-122.08582">
        <ele>294.78</ele>
        <time>2026-03-22T23:11:51Z</time>
      </trkpt>
      <trkpt lat="37.29276" lon="-122.08581">
        <ele>294.7</ele>
        <time>2026-03-22T23:11:54Z</time>
      </trkpt>
      <trkpt lat="37.29279" lon="-122.08581">
        <ele>294.48</ele>
        <time>2026-03-22T23:11:56Z</time>
      </trkpt>
      <trkpt lat="37.29282" lon="-122.08581">
        <ele>293.84</ele>
        <time>2026-03-22T23:12:01Z</time>
      </trkpt>
      <trkpt lat="37.29282" lon="-122.08577">
        <ele>293.4</ele>
        <time>2026-03-22T23:12:08Z</time>
      </trkpt>
      <trkpt lat="37.29281" lon="-122.08573">
        <ele>293.03</ele>
        <time>2026-03-22T23:12:14Z</time>
      </trkpt>
      <trkpt lat="37.29281" lon="-122.0857">
        <ele>292.27</ele>
        <time>2026-03-22T23:12:21Z</time>
      </trkpt>
      <trkpt lat="37.2928" lon="-122.08578">
        <ele>293.94</ele>
        <time>2026-03-22T23:12:31Z</time>
      </trkpt>
      <trkpt lat="37.2928" lon="-122.08583">
        <ele>294.48</ele>
        <time>2026-03-22T23:12:33Z</time>
      </trkpt>
      <trkpt lat="37.29281" lon="-122.08588">
        <ele>294.81</ele>
        <time>2026-03-22T23:12:36Z</time>
      </trkpt>
      <trkpt lat="37.29281" lon="-122.08592">
        <ele>295.24</ele>
        <time>2026-03-22T23:12:39Z</time>
      </trkpt>
      <trkpt lat="37.29283" lon="-122.08596">
        <ele>295.24</ele>
        <time>2026-03-22T23:12:43Z</time>
      </trkpt>
      <trkpt lat="37.29283" lon="-122.08597">
        <ele>295.35</ele>
        <time>2026-03-22T23:12:44Z</time>
      </trkpt>
      <trkpt lat="37.29284" lon="-122.08602">
        <ele>295.68</ele>
        <time>2026-03-22T23:12:48Z</time>
      </trkpt>
      <trkpt lat="37.29285" lon="-122.08604">
        <ele>295.85</ele>
        <time>2026-03-22T23:12:50Z</time>
      </trkpt>
      <trkpt lat="37.29286" lon="-122.08607">
        <ele>296.27</ele>
        <time>2026-03-22T23:12:52Z</time>
      </trkpt>
      <trkpt lat="37.29288" lon="-122.08609">
        <ele>296.07</ele>
        <time>2026-03-22T23:12:54Z</time>
      </trkpt>
      <trkpt lat="37.29291" lon="-122.08612">
        <ele>294.9</ele>
        <time>2026-03-22T23:12:56Z</time>
      </trkpt>
      <trkpt lat="37.29293" lon="-122.08616">
        <ele>294.12</ele>
        <time>2026-03-22T23:12:59Z</time>
      </trkpt>
      <trkpt lat="37.29295" lon="-122.0862">
        <ele>293.53</ele>
        <time>2026-03-22T23:13:02Z</time>
      </trkpt>
      <trkpt lat="37.29296" lon="-122.08623">
        <ele>293.41</ele>
        <time>2026-03-22T23:13:04Z</time>
      </trkpt>
      <trkpt lat="37.29297" lon="-122.08626">
        <ele>293.33</ele>
        <time>2026-03-22T23:13:06Z</time>
      </trkpt>
      <trkpt lat="37.29298" lon="-122.0863">
        <ele>293.29</ele>
        <time>2026-03-22T23:13:09Z</time>
      </trkpt>
      <trkpt lat="37.293" lon="-122.08635">
        <ele>292.52</ele>
        <time>2026-03-22T23:13:13Z</time>
      </trkpt>
      <trkpt lat="37.29301" lon="-122.0864">
        <ele>291.89</ele>
        <time>2026-03-22T23:13:17Z</time>
      </trkpt>
      <trkpt lat="37.29303" lon="-122.08645">
        <ele>290.77</ele>
        <time>2026-03-22T23:13:21Z</time>
      </trkpt>
      <trkpt lat="37.29305" lon="-122.08651">
        <ele>289.89</ele>
        <time>2026-03-22T23:13:25Z</time>
      </trkpt>
      <trkpt lat="37.29307" lon="-122.08656">
        <ele>288.66</ele>
        <time>2026-03-22T23:13:29Z</time>
      </trkpt>
      <trkpt lat="37.29309" lon="-122.0866">
        <ele>287.88</ele>
        <time>2026-03-22T23:13:33Z</time>
      </trkpt>
      <trkpt lat="37.29312" lon="-122.08664">
        <ele>286.91</ele>
        <time>2026-03-22T23:13:36Z</time>
      </trkpt>
      <trkpt lat="37.29315" lon="-122.08669">
        <ele>285.98</ele>
        <time>2026-03-22T23:13:40Z</time>
      </trkpt>
      <trkpt lat="37.29317" lon="-122.08674">
        <ele>285.76</ele>
        <time>2026-03-22T23:13:44Z</time>
      </trkpt>
      <trkpt lat="37.29319" lon="-122.08679">
        <ele>285.55</ele>
        <time>2026-03-22T23:13:48Z</time>
      </trkpt>
      <trkpt lat="37.2932" lon="-122.08684">
        <ele>285.44</ele>
        <time>2026-03-22T23:13:52Z</time>
      </trkpt>
      <trkpt lat="37.2932" lon="-122.08691">
        <ele>285.16</ele>
        <time>2026-03-22T23:13:57Z</time>
      </trkpt>
      <trkpt lat="37.29314" lon="-122.08696">
        <ele>285.16</ele>
        <time>2026-03-22T23:14:00Z</time>
      </trkpt>
      <trkpt lat="37.2931" lon="-122.08699">
        <ele>285.78</ele>
        <time>2026-03-22T23:14:02Z</time>
      </trkpt>
      <trkpt lat="37.29306" lon="-122.08704">
        <ele>285.92</ele>
        <time>2026-03-22T23:14:05Z</time>
      </trkpt>
      <trkpt lat="37.29304" lon="-122.08708">
        <ele>285.79</ele>
        <time>2026-03-22T23:14:08Z</time>
      </trkpt>
      <trkpt lat="37.29303" lon="-122.08713">
        <ele>285.27</ele>
        <time>2026-03-22T23:14:11Z</time>
      </trkpt>
      <trkpt lat="37.293" lon="-122.08718">
        <ele>285.06</ele>
        <time>2026-03-22T23:14:15Z</time>
      </trkpt>
      <trkpt lat="37.29299" lon="-122.08723">
        <ele>284.56</ele>
        <time>2026-03-22T23:14:18Z</time>
      </trkpt>
      <trkpt lat="37.29297" lon="-122.08727">
        <ele>283.93</ele>
        <time>2026-03-22T23:14:21Z</time>
      </trkpt>
      <trkpt lat="37.29294" lon="-122.08733">
        <ele>283.08</ele>
        <time>2026-03-22T23:14:25Z</time>
      </trkpt>
      <trkpt lat="37.29292" lon="-122.08739">
        <ele>282.65</ele>
        <time>2026-03-22T23:14:29Z</time>
      </trkpt>
      <trkpt lat="37.2929" lon="-122.08745">
        <ele>282.22</ele>
        <time>2026-03-22T23:14:34Z</time>
      </trkpt>
      <trkpt lat="37.29288" lon="-122.08752">
        <ele>281.49</ele>
        <time>2026-03-22T23:14:39Z</time>
      </trkpt>
      <trkpt lat="37.29286" lon="-122.08759">
        <ele>280.16</ele>
        <time>2026-03-22T23:14:44Z</time>
      </trkpt>
      <trkpt lat="37.29283" lon="-122.08765">
        <ele>280.44</ele>
        <time>2026-03-22T23:14:48Z</time>
      </trkpt>
      <trkpt lat="37.29281" lon="-122.08771">
        <ele>280.65</ele>
        <time>2026-03-22T23:14:52Z</time>
      </trkpt>
      <trkpt lat="37.29278" lon="-122.08776">
        <ele>280.98</ele>
        <time>2026-03-22T23:14:56Z</time>
      </trkpt>
      <trkpt lat="37.29274" lon="-122.08782">
        <ele>281.19</ele>
        <time>2026-03-22T23:15:00Z</time>
      </trkpt>
      <trkpt lat="37.29271" lon="-122.08787">
        <ele>281.73</ele>
        <time>2026-03-22T23:15:04Z</time>
      </trkpt>
      <trkpt lat="37.29269" lon="-122.08791">
        <ele>281.95</ele>
        <time>2026-03-22T23:15:07Z</time>
      </trkpt>
      <trkpt lat="37.29267" lon="-122.08796">
        <ele>282.16</ele>
        <time>2026-03-22T23:15:10Z</time>
      </trkpt>
      <trkpt lat="37.29266" lon="-122.088">
        <ele>282.27</ele>
        <time>2026-03-22T23:15:13Z</time>
      </trkpt>
      <trkpt lat="37.29268" lon="-122.08803">
        <ele>282.06</ele>
        <time>2026-03-22T23:15:15Z</time>
      </trkpt>
      <trkpt lat="37.29272" lon="-122.08806">
        <ele>281.67</ele>
        <time>2026-03-22T23:15:17Z</time>
      </trkpt>
      <trkpt lat="37.29277" lon="-122.0881">
        <ele>281.56</ele>
        <time>2026-03-22T23:15:20Z</time>
      </trkpt>
      <trkpt lat="37.2928" lon="-122.08812">
        <ele>281.29</ele>
        <time>2026-03-22T23:15:22Z</time>
      </trkpt>
      <trkpt lat="37.29282" lon="-122.08815">
        <ele>281.1</ele>
        <time>2026-03-22T23:15:24Z</time>
      </trkpt>
      <trkpt lat="37.29284" lon="-122.08818">
        <ele>280.89</ele>
        <time>2026-03-22T23:15:26Z</time>
      </trkpt>
      <trkpt lat="37.29286" lon="-122.0882">
        <ele>280.72</ele>
        <time>2026-03-22T23:15:28Z</time>
      </trkpt>
      <trkpt lat="37.29288" lon="-122.08823">
        <ele>280.69</ele>
        <time>2026-03-22T23:15:30Z</time>
      </trkpt>
      <trkpt lat="37.2929" lon="-122.08827">
        <ele>280.46</ele>
        <time>2026-03-22T23:15:33Z</time>
      </trkpt>
      <trkpt lat="37.29293" lon="-122.08829">
        <ele>280.05</ele>
        <time>2026-03-22T23:15:36Z</time>
      </trkpt>
      <trkpt lat="37.29296" lon="-122.08831">
        <ele>279.79</ele>
        <time>2026-03-22T23:15:39Z</time>
      </trkpt>
      <trkpt lat="37.29299" lon="-122.08832">
        <ele>279.02</ele>
        <time>2026-03-22T23:15:42Z</time>
      </trkpt>
      <trkpt lat="37.29302" lon="-122.08835">
        <ele>278.66</ele>
        <time>2026-03-22T23:15:45Z</time>
      </trkpt>
      <trkpt lat="37.29301" lon="-122.08832">
        <ele>278.41</ele>
        <time>2026-03-22T23:16:00Z</time>
      </trkpt>
      <trkpt lat="37.29302" lon="-122.08836">
        <ele>278.97</ele>
        <time>2026-03-22T23:16:09Z</time>
      </trkpt>
      <trkpt lat="37.29304" lon="-122.0884">
        <ele>280.02</ele>
        <time>2026-03-22T23:16:13Z</time>
      </trkpt>
      <trkpt lat="37.29305" lon="-122.0884">
        <ele>279.93</ele>
        <time>2026-03-22T23:16:17Z</time>
      </trkpt>
      <trkpt lat="37.29306" lon="-122.08838">
        <ele>278.85</ele>
        <time>2026-03-22T23:16:21Z</time>
      </trkpt>
      <trkpt lat="37.29306" lon="-122.08835">
        <ele>277.6</ele>
        <time>2026-03-22T23:16:31Z</time>
      </trkpt>
      <trkpt lat="37.29307" lon="-122.08838">
        <ele>278.47</ele>
        <time>2026-03-22T23:16:35Z</time>
      </trkpt>
      <trkpt lat="37.29307" lon="-122.08843">
        <ele>280.21</ele>
        <time>2026-03-22T23:16:38Z</time>
      </trkpt>
      <trkpt lat="37.29308" lon="-122.08847">
        <ele>279.55</ele>
        <time>2026-03-22T23:16:42Z</time>
      </trkpt>
      <trkpt lat="37.29308" lon="-122.08852">
        <ele>279.42</ele>
        <time>2026-03-22T23:16:46Z</time>
      </trkpt>
      <trkpt lat="37.29309" lon="-122.08858">
        <ele>278.77</ele>
        <time>2026-03-22T23:16:50Z</time>
      </trkpt>
      <trkpt lat="37.2931" lon="-122.08866">
        <ele>278.12</ele>
        <time>2026-03-22T23:16:55Z</time>
      </trkpt>
      <trkpt lat="37.29312" lon="-122.08873">
        <ele>277.61</ele>
        <time>2026-03-22T23:16:59Z</time>
      </trkpt>
      <trkpt lat="37.29313" lon="-122.0888">
        <ele>279.42</ele>
        <time>2026-03-22T23:17:03Z</time>
      </trkpt>
      <trkpt lat="37.29315" lon="-122.08885">
        <ele>279.46</ele>
        <time>2026-03-22T23:17:06Z</time>
      </trkpt>
      <trkpt lat="37.29319" lon="-122.0889">
        <ele>277.5</ele>
        <time>2026-03-22T23:17:09Z</time>
      </trkpt>
      <trkpt lat="37.29322" lon="-122.08893">
        <ele>276.72</ele>
        <time>2026-03-22T23:17:11Z</time>
      </trkpt>
      <trkpt lat="37.29326" lon="-122.08898">
        <ele>276.9</ele>
        <time>2026-03-22T23:17:14Z</time>
      </trkpt>
      <trkpt lat="37.29328" lon="-122.08902">
        <ele>276.23</ele>
        <time>2026-03-22T23:17:17Z</time>
      </trkpt>
      <trkpt lat="37.2933" lon="-122.08907">
        <ele>276.02</ele>
        <time>2026-03-22T23:17:20Z</time>
      </trkpt>
      <trkpt lat="37.29333" lon="-122.08911">
        <ele>275.5</ele>
        <time>2026-03-22T23:17:23Z</time>
      </trkpt>
      <trkpt lat="37.29336" lon="-122.08915">
        <ele>274.62</ele>
        <time>2026-03-22T23:17:26Z</time>
      </trkpt>
      <trkpt lat="37.29339" lon="-122.08918">
        <ele>273.87</ele>
        <time>2026-03-22T23:17:29Z</time>
      </trkpt>
      <trkpt lat="37.29342" lon="-122.08922">
        <ele>273.91</ele>
        <time>2026-03-22T23:17:32Z</time>
      </trkpt>
      <trkpt lat="37.29345" lon="-122.08926">
        <ele>273.97</ele>
        <time>2026-03-22T23:17:36Z</time>
      </trkpt>
      <trkpt lat="37.2935" lon="-122.08932">
        <ele>272.98</ele>
        <time>2026-03-22T23:17:41Z</time>
      </trkpt>
      <trkpt lat="37.29354" lon="-122.08934">
        <ele>272.31</ele>
        <time>2026-03-22T23:17:45Z</time>
      </trkpt>
      <trkpt lat="37.29358" lon="-122.08935">
        <ele>271.65</ele>
        <time>2026-03-22T23:17:49Z</time>
      </trkpt>
      <trkpt lat="37.29361" lon="-122.08937">
        <ele>271.41</ele>
        <time>2026-03-22T23:17:52Z</time>
      </trkpt>
      <trkpt lat="37.29364" lon="-122.0894">
        <ele>271.25</ele>
        <time>2026-03-22T23:17:55Z</time>
      </trkpt>
      <trkpt lat="37.29366" lon="-122.08943">
        <ele>271.19</ele>
        <time>2026-03-22T23:17:58Z</time>
      </trkpt>
      <trkpt lat="37.29369" lon="-122.08946">
        <ele>270.44</ele>
        <time>2026-03-22T23:18:01Z</time>
      </trkpt>
      <trkpt lat="37.2937" lon="-122.0895">
        <ele>270.12</ele>
        <time>2026-03-22T23:18:05Z</time>
      </trkpt>
      <trkpt lat="37.29371" lon="-122.08953">
        <ele>269.86</ele>
        <time>2026-03-22T23:18:08Z</time>
      </trkpt>
      <trkpt lat="37.29371" lon="-122.08957">
        <ele>270.53</ele>
        <time>2026-03-22T23:18:11Z</time>
      </trkpt>
      <trkpt lat="37.29371" lon="-122.08961">
        <ele>271.33</ele>
        <time>2026-03-22T23:18:14Z</time>
      </trkpt>
      <trkpt lat="37.29373" lon="-122.08966">
        <ele>270.96</ele>
        <time>2026-03-22T23:18:18Z</time>
      </trkpt>
      <trkpt lat="37.29375" lon="-122.08971">
        <ele>270.43</ele>
        <time>2026-03-22T23:18:22Z</time>
      </trkpt>
      <trkpt lat="37.29379" lon="-122.08978">
        <ele>270.41</ele>
        <time>2026-03-22T23:18:27Z</time>
      </trkpt>
      <trkpt lat="37.29382" lon="-122.08983">
        <ele>270.02</ele>
        <time>2026-03-22T23:18:31Z</time>
      </trkpt>
      <trkpt lat="37.29385" lon="-122.08988">
        <ele>269.09</ele>
        <time>2026-03-22T23:18:35Z</time>
      </trkpt>
      <trkpt lat="37.29387" lon="-122.08994">
        <ele>268.89</ele>
        <time>2026-03-22T23:18:40Z</time>
      </trkpt>
      <trkpt lat="37.2939" lon="-122.08999">
        <ele>268.53</ele>
        <time>2026-03-22T23:18:44Z</time>
      </trkpt>
      <trkpt lat="37.29393" lon="-122.09005">
        <ele>267.67</ele>
        <time>2026-03-22T23:18:51Z</time>
      </trkpt>
      <trkpt lat="37.29392" lon="-122.09014">
        <ele>268.16</ele>
        <time>2026-03-22T23:18:59Z</time>
      </trkpt>
      <trkpt lat="37.29394" lon="-122.09027">
        <ele>267.49</ele>
        <time>2026-03-22T23:19:11Z</time>
      </trkpt>
      <trkpt lat="37.29391" lon="-122.09036">
        <ele>267.77</ele>
        <time>2026-03-22T23:19:17Z</time>
      </trkpt>
      <trkpt lat="37.29391" lon="-122.09045">
        <ele>266.91</ele>
        <time>2026-03-22T23:19:23Z</time>
      </trkpt>
      <trkpt lat="37.2939" lon="-122.09054">
        <ele>266.88</ele>
        <time>2026-03-22T23:19:29Z</time>
      </trkpt>
      <trkpt lat="37.2939" lon="-122.09063">
        <ele>266.88</ele>
        <time>2026-03-22T23:19:35Z</time>
      </trkpt>
      <trkpt lat="37.29391" lon="-122.09071">
        <ele>266.62</ele>
        <time>2026-03-22T23:19:40Z</time>
      </trkpt>
      <trkpt lat="37.29392" lon="-122.09077">
        <ele>266.33</ele>
        <time>2026-03-22T23:19:44Z</time>
      </trkpt>
      <trkpt lat="37.29393" lon="-122.09082">
        <ele>266.11</ele>
        <time>2026-03-22T23:19:48Z</time>
      </trkpt>
      <trkpt lat="37.29397" lon="-122.09088">
        <ele>265.25</ele>
        <time>2026-03-22T23:19:52Z</time>
      </trkpt>
      <trkpt lat="37.29401" lon="-122.09091">
        <ele>264.44</ele>
        <time>2026-03-22T23:19:54Z</time>
      </trkpt>
      <trkpt lat="37.29406" lon="-122.09095">
        <ele>263.3</ele>
        <time>2026-03-22T23:19:57Z</time>
      </trkpt>
      <trkpt lat="37.29408" lon="-122.091">
        <ele>262.94</ele>
        <time>2026-03-22T23:20:01Z</time>
      </trkpt>
      <trkpt lat="37.29412" lon="-122.09104">
        <ele>262.62</ele>
        <time>2026-03-22T23:20:05Z</time>
      </trkpt>
      <trkpt lat="37.29415" lon="-122.09109">
        <ele>262.32</ele>
        <time>2026-03-22T23:20:09Z</time>
      </trkpt>
      <trkpt lat="37.29418" lon="-122.09115">
        <ele>261.86</ele>
        <time>2026-03-22T23:20:14Z</time>
      </trkpt>
      <trkpt lat="37.29414" lon="-122.09111">
        <ele>262.57</ele>
        <time>2026-03-22T23:20:19Z</time>
      </trkpt>
      <trkpt lat="37.29411" lon="-122.09107">
        <ele>262.95</ele>
        <time>2026-03-22T23:20:22Z</time>
      </trkpt>
      <trkpt lat="37.29412" lon="-122.09104">
        <ele>262.62</ele>
        <time>2026-03-22T23:20:48Z</time>
      </trkpt>
      <trkpt lat="37.29412" lon="-122.091">
        <ele>262.5</ele>
        <time>2026-03-22T23:20:57Z</time>
      </trkpt>
      <trkpt lat="37.29411" lon="-122.09097">
        <ele>262.61</ele>
        <time>2026-03-22T23:21:43Z</time>
      </trkpt>
      <trkpt lat="37.29411" lon="-122.09092">
        <ele>262.68</ele>
        <time>2026-03-22T23:21:46Z</time>
      </trkpt>
      <trkpt lat="37.29411" lon="-122.09087">
        <ele>263.22</ele>
        <time>2026-03-22T23:21:49Z</time>
      </trkpt>
      <trkpt lat="37.2941" lon="-122.09081">
        <ele>263.72</ele>
        <time>2026-03-22T23:21:54Z</time>
      </trkpt>
      <trkpt lat="37.2941" lon="-122.09077">
        <ele>263.72</ele>
        <time>2026-03-22T23:21:57Z</time>
      </trkpt>
      <trkpt lat="37.2941" lon="-122.09072">
        <ele>263.94</ele>
        <time>2026-03-22T23:22:00Z</time>
      </trkpt>
      <trkpt lat="37.2941" lon="-122.09068">
        <ele>264.38</ele>
        <time>2026-03-22T23:22:03Z</time>
      </trkpt>
      <trkpt lat="37.2941" lon="-122.09062">
        <ele>264.81</ele>
        <time>2026-03-22T23:22:07Z</time>
      </trkpt>
      <trkpt lat="37.2941" lon="-122.09058">
        <ele>264.93</ele>
        <time>2026-03-22T23:22:10Z</time>
      </trkpt>
      <trkpt lat="37.29412" lon="-122.09054">
        <ele>265.08</ele>
        <time>2026-03-22T23:22:14Z</time>
      </trkpt>
      <trkpt lat="37.29415" lon="-122.09055">
        <ele>265.01</ele>
        <time>2026-03-22T23:22:19Z</time>
      </trkpt>
      <trkpt lat="37.29418" lon="-122.09054">
        <ele>264.74</ele>
        <time>2026-03-22T23:22:31Z</time>
      </trkpt>
      <trkpt lat="37.29419" lon="-122.0905">
        <ele>264.65</ele>
        <time>2026-03-22T23:22:36Z</time>
      </trkpt>
      <trkpt lat="37.2942" lon="-122.09046">
        <ele>264.64</ele>
        <time>2026-03-22T23:22:41Z</time>
      </trkpt>
      <trkpt lat="37.29419" lon="-122.09039">
        <ele>264.75</ele>
        <time>2026-03-22T23:22:48Z</time>
      </trkpt>
      <trkpt lat="37.29413" lon="-122.09037">
        <ele>265.39</ele>
        <time>2026-03-22T23:22:51Z</time>
      </trkpt>
      <trkpt lat="37.29395" lon="-122.09021">
        <ele>267.59</ele>
        <time>2026-03-22T23:26:25Z</time>
      </trkpt>
      <trkpt lat="37.29402" lon="-122.09017">
        <ele>266.07</ele>
        <time>2026-03-22T23:26:38Z</time>
      </trkpt>
      <trkpt lat="37.294" lon="-122.09013">
        <ele>266.12</ele>
        <time>2026-03-22T23:27:10Z</time>
      </trkpt>
      <trkpt lat="37.29397" lon="-122.09011">
        <ele>266.54</ele>
        <time>2026-03-22T23:27:14Z</time>
      </trkpt>
      <trkpt lat="37.29394" lon="-122.09007">
        <ele>267.34</ele>
        <time>2026-03-22T23:27:20Z</time>
      </trkpt>
      <trkpt lat="37.29392" lon="-122.08999">
        <ele>267.88</ele>
        <time>2026-03-22T23:27:24Z</time>
      </trkpt>
      <trkpt lat="37.29391" lon="-122.08993">
        <ele>267.56</ele>
        <time>2026-03-22T23:27:26Z</time>
      </trkpt>
      <trkpt lat="37.29389" lon="-122.08987">
        <ele>267.56</ele>
        <time>2026-03-22T23:27:29Z</time>
      </trkpt>
      <trkpt lat="37.29386" lon="-122.08981">
        <ele>268.18</ele>
        <time>2026-03-22T23:27:34Z</time>
      </trkpt>
      <trkpt lat="37.29381" lon="-122.08977">
        <ele>269.51</ele>
        <time>2026-03-22T23:27:41Z</time>
      </trkpt>
      <trkpt lat="37.29375" lon="-122.08972">
        <ele>270.49</ele>
        <time>2026-03-22T23:27:45Z</time>
      </trkpt>
      <trkpt lat="37.29369" lon="-122.08969">
        <ele>272.44</ele>
        <time>2026-03-22T23:27:47Z</time>
      </trkpt>
      <trkpt lat="37.29364" lon="-122.08965">
        <ele>274.06</ele>
        <time>2026-03-22T23:27:49Z</time>
      </trkpt>
      <trkpt lat="37.29361" lon="-122.08959">
        <ele>274.17</ele>
        <time>2026-03-22T23:27:52Z</time>
      </trkpt>
      <trkpt lat="37.29359" lon="-122.08953">
        <ele>273.65</ele>
        <time>2026-03-22T23:27:56Z</time>
      </trkpt>
      <trkpt lat="37.29358" lon="-122.08946">
        <ele>273.45</ele>
        <time>2026-03-22T23:28:00Z</time>
      </trkpt>
      <trkpt lat="37.29356" lon="-122.08942">
        <ele>273.17</ele>
        <time>2026-03-22T23:28:03Z</time>
      </trkpt>
      <trkpt lat="37.29354" lon="-122.08937">
        <ele>272.78</ele>
        <time>2026-03-22T23:28:06Z</time>
      </trkpt>
      <trkpt lat="37.29351" lon="-122.08932">
        <ele>272.62</ele>
        <time>2026-03-22T23:28:09Z</time>
      </trkpt>
      <trkpt lat="37.29349" lon="-122.08929">
        <ele>272.79</ele>
        <time>2026-03-22T23:28:12Z</time>
      </trkpt>
      <trkpt lat="37.29346" lon="-122.08925">
        <ele>273.3</ele>
        <time>2026-03-22T23:28:15Z</time>
      </trkpt>
      <trkpt lat="37.29343" lon="-122.08921">
        <ele>273.27</ele>
        <time>2026-03-22T23:28:18Z</time>
      </trkpt>
      <trkpt lat="37.29339" lon="-122.08916">
        <ele>273.44</ele>
        <time>2026-03-22T23:28:22Z</time>
      </trkpt>
      <trkpt lat="37.29336" lon="-122.08913">
        <ele>274.34</ele>
        <time>2026-03-22T23:28:25Z</time>
      </trkpt>
      <trkpt lat="37.29333" lon="-122.0891">
        <ele>275.39</ele>
        <time>2026-03-22T23:28:28Z</time>
      </trkpt>
      <trkpt lat="37.2933" lon="-122.08909">
        <ele>276.25</ele>
        <time>2026-03-22T23:28:32Z</time>
      </trkpt>
      <trkpt lat="37.29326" lon="-122.08907">
        <ele>277.36</ele>
        <time>2026-03-22T23:28:36Z</time>
      </trkpt>
      <trkpt lat="37.29323" lon="-122.08904">
        <ele>278.31</ele>
        <time>2026-03-22T23:28:39Z</time>
      </trkpt>
      <trkpt lat="37.29321" lon="-122.089">
        <ele>278.73</ele>
        <time>2026-03-22T23:28:42Z</time>
      </trkpt>
      <trkpt lat="37.29319" lon="-122.08898">
        <ele>279.07</ele>
        <time>2026-03-22T23:28:44Z</time>
      </trkpt>
      <trkpt lat="37.29316" lon="-122.08893">
        <ele>279.46</ele>
        <time>2026-03-22T23:28:48Z</time>
      </trkpt>
      <trkpt lat="37.29314" lon="-122.08889">
        <ele>280.09</ele>
        <time>2026-03-22T23:28:51Z</time>
      </trkpt>
      <trkpt lat="37.29313" lon="-122.08886">
        <ele>279.95</ele>
        <time>2026-03-22T23:28:53Z</time>
      </trkpt>
      <trkpt lat="37.29313" lon="-122.08883">
        <ele>279.68</ele>
        <time>2026-03-22T23:28:55Z</time>
      </trkpt>
      <trkpt lat="37.29313" lon="-122.08879">
        <ele>279.17</ele>
        <time>2026-03-22T23:28:58Z</time>
      </trkpt>
      <trkpt lat="37.29312" lon="-122.08875">
        <ele>278.22</ele>
        <time>2026-03-22T23:29:01Z</time>
      </trkpt>
      <trkpt lat="37.2931" lon="-122.0887">
        <ele>278.12</ele>
        <time>2026-03-22T23:29:04Z</time>
      </trkpt>
      <trkpt lat="37.29309" lon="-122.08867">
        <ele>278.77</ele>
        <time>2026-03-22T23:29:06Z</time>
      </trkpt>
      <trkpt lat="37.29309" lon="-122.08864">
        <ele>278.77</ele>
        <time>2026-03-22T23:29:08Z</time>
      </trkpt>
      <trkpt lat="37.29307" lon="-122.0886">
        <ele>280.06</ele>
        <time>2026-03-22T23:29:10Z</time>
      </trkpt>
      <trkpt lat="37.29306" lon="-122.08854">
        <ele>280.71</ele>
        <time>2026-03-22T23:29:13Z</time>
      </trkpt>
      <trkpt lat="37.29305" lon="-122.0885">
        <ele>281.05</ele>
        <time>2026-03-22T23:29:15Z</time>
      </trkpt>
      <trkpt lat="37.29304" lon="-122.08845">
        <ele>281.04</ele>
        <time>2026-03-22T23:29:17Z</time>
      </trkpt>
      <trkpt lat="37.29303" lon="-122.08841">
        <ele>280.45</ele>
        <time>2026-03-22T23:29:19Z</time>
      </trkpt>
      <trkpt lat="37.29302" lon="-122.08837">
        <ele>279.28</ele>
        <time>2026-03-22T23:29:22Z</time>
      </trkpt>
      <trkpt lat="37.293" lon="-122.08831">
        <ele>278.65</ele>
        <time>2026-03-22T23:29:26Z</time>
      </trkpt>
      <trkpt lat="37.29298" lon="-122.08828">
        <ele>278.98</ele>
        <time>2026-03-22T23:29:29Z</time>
      </trkpt>
      <trkpt lat="37.29297" lon="-122.08823">
        <ele>278.85</ele>
        <time>2026-03-22T23:29:32Z</time>
      </trkpt>
      <trkpt lat="37.29294" lon="-122.08821">
        <ele>279.41</ele>
        <time>2026-03-22T23:29:34Z</time>
      </trkpt>
      <trkpt lat="37.29291" lon="-122.08819">
        <ele>279.83</ele>
        <time>2026-03-22T23:29:36Z</time>
      </trkpt>
      <trkpt lat="37.29287" lon="-122.08817">
        <ele>280.24</ele>
        <time>2026-03-22T23:29:38Z</time>
      </trkpt>
      <trkpt lat="37.29284" lon="-122.08815">
        <ele>280.67</ele>
        <time>2026-03-22T23:29:40Z</time>
      </trkpt>
      <trkpt lat="37.29281" lon="-122.08813">
        <ele>281.18</ele>
        <time>2026-03-22T23:29:42Z</time>
      </trkpt>
      <trkpt lat="37.29279" lon="-122.08811">
        <ele>281.38</ele>
        <time>2026-03-22T23:29:44Z</time>
      </trkpt>
      <trkpt lat="37.29276" lon="-122.08808">
        <ele>281.46</ele>
        <time>2026-03-22T23:29:47Z</time>
      </trkpt>
      <trkpt lat="37.29273" lon="-122.08805">
        <ele>281.52</ele>
        <time>2026-03-22T23:29:50Z</time>
      </trkpt>
      <trkpt lat="37.29269" lon="-122.08802">
        <ele>281.95</ele>
        <time>2026-03-22T23:29:54Z</time>
      </trkpt>
      <trkpt lat="37.29266" lon="-122.088">
        <ele>282.27</ele>
        <time>2026-03-22T23:29:57Z</time>
      </trkpt>
      <trkpt lat="37.29264" lon="-122.08797">
        <ele>282.49</ele>
        <time>2026-03-22T23:30:01Z</time>
      </trkpt>
      <trkpt lat="37.29265" lon="-122.08793">
        <ele>282.24</ele>
        <time>2026-03-22T23:30:04Z</time>
      </trkpt>
      <trkpt lat="37.29266" lon="-122.0879">
        <ele>282.09</ele>
        <time>2026-03-22T23:30:06Z</time>
      </trkpt>
      <trkpt lat="37.29267" lon="-122.08787">
        <ele>282.0</ele>
        <time>2026-03-22T23:30:08Z</time>
      </trkpt>
      <trkpt lat="37.2927" lon="-122.08784">
        <ele>281.56</ele>
        <time>2026-03-22T23:30:10Z</time>
      </trkpt>
      <trkpt lat="37.29272" lon="-122.08782">
        <ele>281.28</ele>
        <time>2026-03-22T23:30:12Z</time>
      </trkpt>
      <trkpt lat="37.29276" lon="-122.08779">
        <ele>281.03</ele>
        <time>2026-03-22T23:30:15Z</time>
      </trkpt>
      <trkpt lat="37.29278" lon="-122.08776">
        <ele>280.98</ele>
        <time>2026-03-22T23:30:17Z</time>
      </trkpt>
      <trkpt lat="37.2928" lon="-122.08774">
        <ele>280.76</ele>
        <time>2026-03-22T23:30:19Z</time>
      </trkpt>
      <trkpt lat="37.29282" lon="-122.08771">
        <ele>280.54</ele>
        <time>2026-03-22T23:30:21Z</time>
      </trkpt>
      <trkpt lat="37.29285" lon="-122.08768">
        <ele>280.22</ele>
        <time>2026-03-22T23:30:24Z</time>
      </trkpt>
      <trkpt lat="37.29288" lon="-122.08764">
        <ele>279.95</ele>
        <time>2026-03-22T23:30:27Z</time>
      </trkpt>
      <trkpt lat="37.2929" lon="-122.08762">
        <ele>279.91</ele>
        <time>2026-03-22T23:30:29Z</time>
      </trkpt>
      <trkpt lat="37.29292" lon="-122.08759">
        <ele>280.04</ele>
        <time>2026-03-22T23:30:31Z</time>
      </trkpt>
      <trkpt lat="37.29295" lon="-122.08756">
        <ele>280.4</ele>
        <time>2026-03-22T23:30:33Z</time>
      </trkpt>
      <trkpt lat="37.29297" lon="-122.08752">
        <ele>280.71</ele>
        <time>2026-03-22T23:30:36Z</time>
      </trkpt>
      <trkpt lat="37.293" lon="-122.08748">
        <ele>280.9</ele>
        <time>2026-03-22T23:30:39Z</time>
      </trkpt>
      <trkpt lat="37.29302" lon="-122.08743">
        <ele>281.61</ele>
        <time>2026-03-22T23:30:43Z</time>
      </trkpt>
      <trkpt lat="37.29304" lon="-122.08739">
        <ele>282.19</ele>
        <time>2026-03-22T23:30:46Z</time>
      </trkpt>
      <trkpt lat="37.29306" lon="-122.08735">
        <ele>282.57</ele>
        <time>2026-03-22T23:30:49Z</time>
      </trkpt>
      <trkpt lat="37.29307" lon="-122.08731">
        <ele>282.9</ele>
        <time>2026-03-22T23:30:52Z</time>
      </trkpt>
      <trkpt lat="37.29308" lon="-122.08726">
        <ele>283.33</ele>
        <time>2026-03-22T23:30:56Z</time>
      </trkpt>
      <trkpt lat="37.29305" lon="-122.08722">
        <ele>284.08</ele>
        <time>2026-03-22T23:30:59Z</time>
      </trkpt>
      <trkpt lat="37.293" lon="-122.0872">
        <ele>284.84</ele>
        <time>2026-03-22T23:31:01Z</time>
      </trkpt>
      <trkpt lat="37.29298" lon="-122.08716">
        <ele>285.49</ele>
        <time>2026-03-22T23:31:04Z</time>
      </trkpt>
      <trkpt lat="37.293" lon="-122.08712">
        <ele>285.77</ele>
        <time>2026-03-22T23:31:07Z</time>
      </trkpt>
      <trkpt lat="37.29302" lon="-122.08707">
        <ele>286.28</ele>
        <time>2026-03-22T23:31:10Z</time>
      </trkpt>
      <trkpt lat="37.29305" lon="-122.08703">
        <ele>286.2</ele>
        <time>2026-03-22T23:31:13Z</time>
      </trkpt>
      <trkpt lat="37.29307" lon="-122.087">
        <ele>286.18</ele>
        <time>2026-03-22T23:31:15Z</time>
      </trkpt>
      <trkpt lat="37.29309" lon="-122.08696">
        <ele>286.15</ele>
        <time>2026-03-22T23:31:17Z</time>
      </trkpt>
      <trkpt lat="37.2931" lon="-122.08692">
        <ele>286.17</ele>
        <time>2026-03-22T23:31:19Z</time>
      </trkpt>
      <trkpt lat="37.29312" lon="-122.08687">
        <ele>286.17</ele>
        <time>2026-03-22T23:31:21Z</time>
      </trkpt>
      <trkpt lat="37.29313" lon="-122.08683">
        <ele>286.24</ele>
        <time>2026-03-22T23:31:23Z</time>
      </trkpt>
      <trkpt lat="37.29315" lon="-122.08679">
        <ele>285.98</ele>
        <time>2026-03-22T23:31:25Z</time>
      </trkpt>
      <trkpt lat="37.29316" lon="-122.08675">
        <ele>285.87</ele>
        <time>2026-03-22T23:31:27Z</time>
      </trkpt>
      <trkpt lat="37.29316" lon="-122.08672">
        <ele>285.87</ele>
        <time>2026-03-22T23:31:29Z</time>
      </trkpt>
      <trkpt lat="37.29317" lon="-122.08667">
        <ele>285.76</ele>
        <time>2026-03-22T23:31:32Z</time>
      </trkpt>
      <trkpt lat="37.29317" lon="-122.08662">
        <ele>285.65</ele>
        <time>2026-03-22T23:31:35Z</time>
      </trkpt>
      <trkpt lat="37.29317" lon="-122.08659">
        <ele>285.57</ele>
        <time>2026-03-22T23:31:37Z</time>
      </trkpt>
      <trkpt lat="37.29314" lon="-122.08656">
        <ele>286.28</ele>
        <time>2026-03-22T23:31:39Z</time>
      </trkpt>
      <trkpt lat="37.29311" lon="-122.08654">
        <ele>287.39</ele>
        <time>2026-03-22T23:31:41Z</time>
      </trkpt>
      <trkpt lat="37.29308" lon="-122.08651">
        <ele>288.72</ele>
        <time>2026-03-22T23:31:43Z</time>
      </trkpt>
      <trkpt lat="37.29305" lon="-122.08649">
        <ele>290.09</ele>
        <time>2026-03-22T23:31:45Z</time>
      </trkpt>
      <trkpt lat="37.29304" lon="-122.08646">
        <ele>290.39</ele>
        <time>2026-03-22T23:31:47Z</time>
      </trkpt>
      <trkpt lat="37.29303" lon="-122.08645">
        <ele>290.77</ele>
        <time>2026-03-22T23:31:49Z</time>
      </trkpt>
      <trkpt lat="37.29301" lon="-122.08642">
        <ele>291.79</ele>
        <time>2026-03-22T23:31:51Z</time>
      </trkpt>
      <trkpt lat="37.29299" lon="-122.08639">
        <ele>293.23</ele>
        <time>2026-03-22T23:31:54Z</time>
      </trkpt>
      <trkpt lat="37.29298" lon="-122.08636">
        <ele>293.7</ele>
        <time>2026-03-22T23:31:57Z</time>
      </trkpt>
      <trkpt lat="37.29296" lon="-122.08633">
        <ele>294.48</ele>
        <time>2026-03-22T23:32:00Z</time>
      </trkpt>
      <trkpt lat="37.29295" lon="-122.08629">
        <ele>294.49</ele>
        <time>2026-03-22T23:32:03Z</time>
      </trkpt>
      <trkpt lat="37.29293" lon="-122.08625">
        <ele>294.92</ele>
        <time>2026-03-22T23:32:06Z</time>
      </trkpt>
      <trkpt lat="37.29291" lon="-122.08622">
        <ele>295.46</ele>
        <time>2026-03-22T23:32:09Z</time>
      </trkpt>
      <trkpt lat="37.2929" lon="-122.08618">
        <ele>295.64</ele>
        <time>2026-03-22T23:32:12Z</time>
      </trkpt>
      <trkpt lat="37.29289" lon="-122.08615">
        <ele>296.03</ele>
        <time>2026-03-22T23:32:15Z</time>
      </trkpt>
      <trkpt lat="37.29288" lon="-122.08611">
        <ele>296.46</ele>
        <time>2026-03-22T23:32:17Z</time>
      </trkpt>
      <trkpt lat="37.29287" lon="-122.08607">
        <ele>296.12</ele>
        <time>2026-03-22T23:32:20Z</time>
      </trkpt>
      <trkpt lat="37.29285" lon="-122.08602">
        <ele>295.47</ele>
        <time>2026-03-22T23:32:24Z</time>
      </trkpt>
      <trkpt lat="37.29284" lon="-122.08598">
        <ele>295.24</ele>
        <time>2026-03-22T23:32:27Z</time>
      </trkpt>
      <trkpt lat="37.29283" lon="-122.08595">
        <ele>295.13</ele>
        <time>2026-03-22T23:32:29Z</time>
      </trkpt>
      <trkpt lat="37.29282" lon="-122.08593">
        <ele>295.13</ele>
        <time>2026-03-22T23:32:31Z</time>
      </trkpt>
      <trkpt lat="37.29281" lon="-122.08588">
        <ele>294.81</ele>
        <time>2026-03-22T23:32:34Z</time>
      </trkpt>
      <trkpt lat="37.29279" lon="-122.08584">
        <ele>294.81</ele>
        <time>2026-03-22T23:32:37Z</time>
      </trkpt>
      <trkpt lat="37.29278" lon="-122.0858">
        <ele>294.59</ele>
        <time>2026-03-22T23:32:40Z</time>
      </trkpt>
      <trkpt lat="37.2928" lon="-122.08577">
        <ele>293.84</ele>
        <time>2026-03-22T23:32:45Z</time>
      </trkpt>
      <trkpt lat="37.29281" lon="-122.08574">
        <ele>293.29</ele>
        <time>2026-03-22T23:32:51Z</time>
      </trkpt>
      <trkpt lat="37.29281" lon="-122.08571">
        <ele>292.52</ele>
        <time>2026-03-22T23:32:57Z</time>
      </trkpt>
      <trkpt lat="37.29283" lon="-122.08567">
        <ele>290.91</ele>
        <time>2026-03-22T23:33:03Z</time>
      </trkpt>
      <trkpt lat="37.29284" lon="-122.08564">
        <ele>289.93</ele>
        <time>2026-03-22T23:33:08Z</time>
      </trkpt>
      <trkpt lat="37.29285" lon="-122.08561">
        <ele>289.48</ele>
        <time>2026-03-22T23:33:14Z</time>
      </trkpt>
      <trkpt lat="37.29286" lon="-122.08558">
        <ele>289.17</ele>
        <time>2026-03-22T23:33:21Z</time>
      </trkpt>
      <trkpt lat="37.29288" lon="-122.08556">
        <ele>288.7</ele>
        <time>2026-03-22T23:33:31Z</time>
      </trkpt>
      <trkpt lat="37.2929" lon="-122.08555">
        <ele>287.88</ele>
        <time>2026-03-22T23:33:57Z</time>
      </trkpt>
      <trkpt lat="37.2929" lon="-122.08552">
        <ele>287.01</ele>
        <time>2026-03-22T23:34:12Z</time>
      </trkpt>
      <trkpt lat="37.29291" lon="-122.08549">
        <ele>285.9</ele>
        <time>2026-03-22T23:34:23Z</time>
      </trkpt>
      <trkpt lat="37.29291" lon="-122.08545">
        <ele>284.8</ele>
        <time>2026-03-22T23:34:33Z</time>
      </trkpt>
      <trkpt lat="37.29291" lon="-122.08543">
        <ele>284.28</ele>
        <time>2026-03-22T23:34:39Z</time>
      </trkpt>
      <trkpt lat="37.29291" lon="-122.0854">
        <ele>283.49</ele>
        <time>2026-03-22T23:34:47Z</time>
      </trkpt>
      <trkpt lat="37.29291" lon="-122.08537">
        <ele>282.71</ele>
        <time>2026-03-22T23:34:55Z</time>
      </trkpt>
      <trkpt lat="37.29292" lon="-122.08533">
        <ele>281.32</ele>
        <time>2026-03-22T23:35:06Z</time>
      </trkpt>
      <trkpt lat="37.29292" lon="-122.08529">
        <ele>280.25</ele>
        <time>2026-03-22T23:35:15Z</time>
      </trkpt>
      <trkpt lat="37.29295" lon="-122.08526">
        <ele>279.03</ele>
        <time>2026-03-22T23:35:20Z</time>
      </trkpt>
      <trkpt lat="37.29298" lon="-122.08525">
        <ele>278.33</ele>
        <time>2026-03-22T23:35:22Z</time>
      </trkpt>
      <trkpt lat="37.29301" lon="-122.08523">
        <ele>277.47</ele>
        <time>2026-03-22T23:35:26Z</time>
      </trkpt>
      <trkpt lat="37.29303" lon="-122.0852">
        <ele>276.71</ele>
        <time>2026-03-22T23:35:31Z</time>
      </trkpt>
      <trkpt lat="37.29304" lon="-122.08516">
        <ele>275.75</ele>
        <time>2026-03-22T23:35:34Z</time>
      </trkpt>
      <trkpt lat="37.29305" lon="-122.08511">
        <ele>274.45</ele>
        <time>2026-03-22T23:35:36Z</time>
      </trkpt>
      <trkpt lat="37.29305" lon="-122.08507">
        <ele>273.56</ele>
        <time>2026-03-22T23:35:38Z</time>
      </trkpt>
      <trkpt lat="37.29307" lon="-122.08504">
        <ele>272.64</ele>
        <time>2026-03-22T23:35:41Z</time>
      </trkpt>
      <trkpt lat="37.29309" lon="-122.08501">
        <ele>271.8</ele>
        <time>2026-03-22T23:35:46Z</time>
      </trkpt>
      <trkpt lat="37.29311" lon="-122.08498">
        <ele>270.98</ele>
        <time>2026-03-22T23:35:51Z</time>
      </trkpt>
      <trkpt lat="37.29313" lon="-122.08494">
        <ele>269.9</ele>
        <time>2026-03-22T23:35:57Z</time>
      </trkpt>
      <trkpt lat="37.29315" lon="-122.08492">
        <ele>269.23</ele>
        <time>2026-03-22T23:36:04Z</time>
      </trkpt>
      <trkpt lat="37.29318" lon="-122.08486">
        <ele>267.8</ele>
        <time>2026-03-22T23:36:17Z</time>
      </trkpt>
      <trkpt lat="37.2932" lon="-122.08483">
        <ele>267.04</ele>
        <time>2026-03-22T23:36:24Z</time>
      </trkpt>
      <trkpt lat="37.29318" lon="-122.08485">
        <ele>267.69</ele>
        <time>2026-03-22T23:36:32Z</time>
      </trkpt>
      <trkpt lat="37.29317" lon="-122.08484">
        <ele>267.8</ele>
        <time>2026-03-22T23:36:37Z</time>
      </trkpt>
      <trkpt lat="37.29317" lon="-122.08482">
        <ele>267.58</ele>
        <time>2026-03-22T23:36:40Z</time>
      </trkpt>
      <trkpt lat="37.29318" lon="-122.08479">
        <ele>266.6</ele>
        <time>2026-03-22T23:36:52Z</time>
      </trkpt>
      <trkpt lat="37.2932" lon="-122.08473">
        <ele>264.64</ele>
        <time>2026-03-22T23:37:05Z</time>
      </trkpt>
      <trkpt lat="37.29324" lon="-122.08469">
        <ele>263.65</ele>
        <time>2026-03-22T23:37:12Z</time>
      </trkpt>
      <trkpt lat="37.29326" lon="-122.08467">
        <ele>263.11</ele>
        <time>2026-03-22T23:37:14Z</time>
      </trkpt>
      <trkpt lat="37.29329" lon="-122.08466">
        <ele>262.44</ele>
        <time>2026-03-22T23:37:16Z</time>
      </trkpt>
      <trkpt lat="37.29332" lon="-122.08464">
        <ele>261.5</ele>
        <time>2026-03-22T23:37:18Z</time>
      </trkpt>
      <trkpt lat="37.29334" lon="-122.08462">
        <ele>260.89</ele>
        <time>2026-03-22T23:37:20Z</time>
      </trkpt>
      <trkpt lat="37.29336" lon="-122.08459">
        <ele>260.45</ele>
        <time>2026-03-22T23:37:22Z</time>
      </trkpt>
      <trkpt lat="37.29338" lon="-122.08456">
        <ele>259.87</ele>
        <time>2026-03-22T23:37:24Z</time>
      </trkpt>
      <trkpt lat="37.29341" lon="-122.08453">
        <ele>259.16</ele>
        <time>2026-03-22T23:37:26Z</time>
      </trkpt>
      <trkpt lat="37.29343" lon="-122.08451">
        <ele>258.94</ele>
        <time>2026-03-22T23:37:28Z</time>
      </trkpt>
      <trkpt lat="37.29346" lon="-122.0845">
        <ele>258.48</ele>
        <time>2026-03-22T23:37:30Z</time>
      </trkpt>
      <trkpt lat="37.29348" lon="-122.08448">
        <ele>258.06</ele>
        <time>2026-03-22T23:37:32Z</time>
      </trkpt>
      <trkpt lat="37.29351" lon="-122.08445">
        <ele>257.24</ele>
        <time>2026-03-22T23:37:35Z</time>
      </trkpt>
      <trkpt lat="37.29354" lon="-122.08443">
        <ele>256.73</ele>
        <time>2026-03-22T23:37:38Z</time>
      </trkpt>
      <trkpt lat="37.29357" lon="-122.0844">
        <ele>256.18</ele>
        <time>2026-03-22T23:37:41Z</time>
      </trkpt>
      <trkpt lat="37.2936" lon="-122.08437">
        <ele>255.41</ele>
        <time>2026-03-22T23:37:43Z</time>
      </trkpt>
      <trkpt lat="37.29363" lon="-122.08434">
        <ele>254.54</ele>
        <time>2026-03-22T23:37:46Z</time>
      </trkpt>
      <trkpt lat="37.29365" lon="-122.08431">
        <ele>253.68</ele>
        <time>2026-03-22T23:37:49Z</time>
      </trkpt>
      <trkpt lat="37.29367" lon="-122.08427">
        <ele>252.6</ele>
        <time>2026-03-22T23:37:52Z</time>
      </trkpt>
      <trkpt lat="37.29366" lon="-122.08423">
        <ele>252.16</ele>
        <time>2026-03-22T23:37:56Z</time>
      </trkpt>
      <trkpt lat="37.29363" lon="-122.08422">
        <ele>252.37</ele>
        <time>2026-03-22T23:37:58Z</time>
      </trkpt>
      <trkpt lat="37.2936" lon="-122.08421">
        <ele>252.52</ele>
        <time>2026-03-22T23:38:00Z</time>
      </trkpt>
      <trkpt lat="37.29357" lon="-122.08419">
        <ele>252.36</ele>
        <time>2026-03-22T23:38:02Z</time>
      </trkpt>
      <trkpt lat="37.29354" lon="-122.08419">
        <ele>252.45</ele>
        <time>2026-03-22T23:38:03Z</time>
      </trkpt>
      <trkpt lat="37.29349" lon="-122.0842">
        <ele>253.03</ele>
        <time>2026-03-22T23:38:05Z</time>
      </trkpt>
      <trkpt lat="37.29345" lon="-122.0842">
        <ele>253.46</ele>
        <time>2026-03-22T23:38:07Z</time>
      </trkpt>
      <trkpt lat="37.29341" lon="-122.0842">
        <ele>253.72</ele>
        <time>2026-03-22T23:38:09Z</time>
      </trkpt>
      <trkpt lat="37.29337" lon="-122.08419">
        <ele>253.5</ele>
        <time>2026-03-22T23:38:11Z</time>
      </trkpt>
      <trkpt lat="37.29334" lon="-122.08419">
        <ele>253.5</ele>
        <time>2026-03-22T23:38:13Z</time>
      </trkpt>
      <trkpt lat="37.29329" lon="-122.08418">
        <ele>252.82</ele>
        <time>2026-03-22T23:38:16Z</time>
      </trkpt>
      <trkpt lat="37.29325" lon="-122.08418">
        <ele>252.39</ele>
        <time>2026-03-22T23:38:19Z</time>
      </trkpt>
      <trkpt lat="37.29322" lon="-122.08419">
        <ele>252.45</ele>
        <time>2026-03-22T23:38:21Z</time>
      </trkpt>
      <trkpt lat="37.29319" lon="-122.08419">
        <ele>252.37</ele>
        <time>2026-03-22T23:38:23Z</time>
      </trkpt>
      <trkpt lat="37.29317" lon="-122.08419">
        <ele>252.31</ele>
        <time>2026-03-22T23:38:25Z</time>
      </trkpt>
      <trkpt lat="37.29314" lon="-122.0842">
        <ele>252.24</ele>
        <time>2026-03-22T23:38:27Z</time>
      </trkpt>
      <trkpt lat="37.29311" lon="-122.08421">
        <ele>251.86</ele>
        <time>2026-03-22T23:38:29Z</time>
      </trkpt>
      <trkpt lat="37.29308" lon="-122.08422">
        <ele>251.42</ele>
        <time>2026-03-22T23:38:32Z</time>
      </trkpt>
      <trkpt lat="37.29311" lon="-122.08426">
        <ele>252.18</ele>
        <time>2026-03-22T23:38:36Z</time>
      </trkpt>
      <trkpt lat="37.29313" lon="-122.08429">
        <ele>252.94</ele>
        <time>2026-03-22T23:38:38Z</time>
      </trkpt>
      <trkpt lat="37.29313" lon="-122.08433">
        <ele>253.37</ele>
        <time>2026-03-22T23:38:41Z</time>
      </trkpt>
      <trkpt lat="37.29312" lon="-122.08438">
        <ele>253.79</ele>
        <time>2026-03-22T23:38:44Z</time>
      </trkpt>
      <trkpt lat="37.29311" lon="-122.08441">
        <ele>254.06</ele>
        <time>2026-03-22T23:38:47Z</time>
      </trkpt>
      <trkpt lat="37.29309" lon="-122.08445">
        <ele>254.51</ele>
        <time>2026-03-22T23:38:51Z</time>
      </trkpt>
      <trkpt lat="37.29307" lon="-122.0845">
        <ele>255.45</ele>
        <time>2026-03-22T23:38:56Z</time>
      </trkpt>
      <trkpt lat="37.29306" lon="-122.08454">
        <ele>256.19</ele>
        <time>2026-03-22T23:39:01Z</time>
      </trkpt>
      <trkpt lat="37.29303" lon="-122.08459">
        <ele>256.89</ele>
        <time>2026-03-22T23:39:05Z</time>
      </trkpt>
      <trkpt lat="37.293" lon="-122.08464">
        <ele>257.54</ele>
        <time>2026-03-22T23:39:08Z</time>
      </trkpt>
      <trkpt lat="37.29296" lon="-122.0847">
        <ele>258.22</ele>
        <time>2026-03-22T23:39:12Z</time>
      </trkpt>
      <trkpt lat="37.29292" lon="-122.08473">
        <ele>258.45</ele>
        <time>2026-03-22T23:39:14Z</time>
      </trkpt>
      <trkpt lat="37.29289" lon="-122.08475">
        <ele>258.86</ele>
        <time>2026-03-22T23:39:16Z</time>
      </trkpt>
      <trkpt lat="37.29283" lon="-122.08478">
        <ele>259.85</ele>
        <time>2026-03-22T23:39:18Z</time>
      </trkpt>
      <trkpt lat="37.29279" lon="-122.08481">
        <ele>260.92</ele>
        <time>2026-03-22T23:39:20Z</time>
      </trkpt>
      <trkpt lat="37.29276" lon="-122.08483">
        <ele>261.6</ele>
        <time>2026-03-22T23:39:22Z</time>
      </trkpt>
      <trkpt lat="37.29272" lon="-122.08485">
        <ele>262.04</ele>
        <time>2026-03-22T23:39:25Z</time>
      </trkpt>
      <trkpt lat="37.29267" lon="-122.08488">
        <ele>262.32</ele>
        <time>2026-03-22T23:39:28Z</time>
      </trkpt>
      <trkpt lat="37.29263" lon="-122.0849">
        <ele>261.89</ele>
        <time>2026-03-22T23:39:31Z</time>
      </trkpt>
      <trkpt lat="37.2926" lon="-122.08492">
        <ele>261.92</ele>
        <time>2026-03-22T23:39:34Z</time>
      </trkpt>
      <trkpt lat="37.29257" lon="-122.08496">
        <ele>263.6</ele>
        <time>2026-03-22T23:39:38Z</time>
      </trkpt>
      <trkpt lat="37.29254" lon="-122.08499">
        <ele>264.89</ele>
        <time>2026-03-22T23:39:43Z</time>
      </trkpt>
      <trkpt lat="37.29251" lon="-122.08503">
        <ele>266.73</ele>
        <time>2026-03-22T23:39:48Z</time>
      </trkpt>
      <trkpt lat="37.29246" lon="-122.08505">
        <ele>267.27</ele>
        <time>2026-03-22T23:39:52Z</time>
      </trkpt>
      <trkpt lat="37.29243" lon="-122.08507">
        <ele>268.02</ele>
        <time>2026-03-22T23:39:55Z</time>
      </trkpt>
      <trkpt lat="37.29238" lon="-122.08509">
        <ele>268.28</ele>
        <time>2026-03-22T23:39:59Z</time>
      </trkpt>
      <trkpt lat="37.29235" lon="-122.08507">
        <ele>266.69</ele>
        <time>2026-03-22T23:40:02Z</time>
      </trkpt>
      <trkpt lat="37.29232" lon="-122.08502">
        <ele>263.93</ele>
        <time>2026-03-22T23:40:04Z</time>
      </trkpt>
      <trkpt lat="37.29229" lon="-122.08501">
        <ele>263.16</ele>
        <time>2026-03-22T23:40:07Z</time>
      </trkpt>
      <trkpt lat="37.29225" lon="-122.08504">
        <ele>264.03</ele>
        <time>2026-03-22T23:40:10Z</time>
      </trkpt>
      <trkpt lat="37.29222" lon="-122.08509">
        <ele>265.84</ele>
        <time>2026-03-22T23:40:13Z</time>
      </trkpt>
      <trkpt lat="37.29219" lon="-122.08512">
        <ele>266.49</ele>
        <time>2026-03-22T23:40:16Z</time>
      </trkpt>
      <trkpt lat="37.29214" lon="-122.08516">
        <ele>267.14</ele>
        <time>2026-03-22T23:40:20Z</time>
      </trkpt>
      <trkpt lat="37.2921" lon="-122.08519">
        <ele>268.3</ele>
        <time>2026-03-22T23:40:24Z</time>
      </trkpt>
      <trkpt lat="37.29207" lon="-122.08522">
        <ele>270.01</ele>
        <time>2026-03-22T23:40:27Z</time>
      </trkpt>
      <trkpt lat="37.29204" lon="-122.08525">
        <ele>271.52</ele>
        <time>2026-03-22T23:40:30Z</time>
      </trkpt>
      <trkpt lat="37.292" lon="-122.08526">
        <ele>271.07</ele>
        <time>2026-03-22T23:40:33Z</time>
      </trkpt>
      <trkpt lat="37.29196" lon="-122.08529">
        <ele>271.12</ele>
        <time>2026-03-22T23:40:37Z</time>
      </trkpt>
      <trkpt lat="37.29193" lon="-122.0853">
        <ele>271.13</ele>
        <time>2026-03-22T23:40:40Z</time>
      </trkpt>
      <trkpt lat="37.29189" lon="-122.08532">
        <ele>271.74</ele>
        <time>2026-03-22T23:40:43Z</time>
      </trkpt>
      <trkpt lat="37.29186" lon="-122.08534">
        <ele>272.13</ele>
        <time>2026-03-22T23:40:46Z</time>
      </trkpt>
      <trkpt lat="37.29182" lon="-122.08536">
        <ele>271.98</ele>
        <time>2026-03-22T23:40:49Z</time>
      </trkpt>
      <trkpt lat="37.29177" lon="-122.08538">
        <ele>271.54</ele>
        <time>2026-03-22T23:40:53Z</time>
      </trkpt>
      <trkpt lat="37.29174" lon="-122.0854">
        <ele>271.48</ele>
        <time>2026-03-22T23:40:56Z</time>
      </trkpt>
      <trkpt lat="37.2917" lon="-122.08542">
        <ele>270.98</ele>
        <time>2026-03-22T23:40:59Z</time>
      </trkpt>
      <trkpt lat="37.29166" lon="-122.08546">
        <ele>270.65</ele>
        <time>2026-03-22T23:41:03Z</time>
      </trkpt>
      <trkpt lat="37.29162" lon="-122.08549">
        <ele>269.86</ele>
        <time>2026-03-22T23:41:07Z</time>
      </trkpt>
      <trkpt lat="37.29158" lon="-122.08554">
        <ele>270.48</ele>
        <time>2026-03-22T23:41:11Z</time>
      </trkpt>
      <trkpt lat="37.29154" lon="-122.08557">
        <ele>269.59</ele>
        <time>2026-03-22T23:41:14Z</time>
      </trkpt>
      <trkpt lat="37.29151" lon="-122.08561">
        <ele>269.53</ele>
        <time>2026-03-22T23:41:18Z</time>
      </trkpt>
      <trkpt lat="37.29148" lon="-122.08564">
        <ele>269.63</ele>
        <time>2026-03-22T23:41:21Z</time>
      </trkpt>
      <trkpt lat="37.29145" lon="-122.08569">
        <ele>271.31</ele>
        <time>2026-03-22T23:41:24Z</time>
      </trkpt>
      <trkpt lat="37.29143" lon="-122.08575">
        <ele>273.19</ele>
        <time>2026-03-22T23:41:26Z</time>
      </trkpt>
      <trkpt lat="37.29142" lon="-122.0858">
        <ele>274.59</ele>
        <time>2026-03-22T23:41:29Z</time>
      </trkpt>
      <trkpt lat="37.29144" lon="-122.08585">
        <ele>276.64</ele>
        <time>2026-03-22T23:41:32Z</time>
      </trkpt>
      <trkpt lat="37.29144" lon="-122.0859">
        <ele>278.26</ele>
        <time>2026-03-22T23:41:36Z</time>
      </trkpt>
      <trkpt lat="37.2914" lon="-122.08594">
        <ele>278.39</ele>
        <time>2026-03-22T23:41:40Z</time>
      </trkpt>
      <trkpt lat="37.29136" lon="-122.08597">
        <ele>277.54</ele>
        <time>2026-03-22T23:41:43Z</time>
      </trkpt>
      <trkpt lat="37.29133" lon="-122.08599">
        <ele>276.78</ele>
        <time>2026-03-22T23:41:46Z</time>
      </trkpt>
      <trkpt lat="37.29129" lon="-122.08602">
        <ele>275.8</ele>
        <time>2026-03-22T23:41:49Z</time>
      </trkpt>
      <trkpt lat="37.29125" lon="-122.08606">
        <ele>275.17</ele>
        <time>2026-03-22T23:41:53Z</time>
      </trkpt>
      <trkpt lat="37.29123" lon="-122.08612">
        <ele>276.03</ele>
        <time>2026-03-22T23:42:00Z</time>
      </trkpt>
      <trkpt lat="37.29125" lon="-122.08618">
        <ele>276.37</ele>
        <time>2026-03-22T23:42:06Z</time>
      </trkpt>
      <trkpt lat="37.29127" lon="-122.08625">
        <ele>276.36</ele>
        <time>2026-03-22T23:42:12Z</time>
      </trkpt>
      <trkpt lat="37.29126" lon="-122.08631">
        <ele>276.0</ele>
        <time>2026-03-22T23:42:18Z</time>
      </trkpt>
      <trkpt lat="37.29123" lon="-122.08639">
        <ele>276.0</ele>
        <time>2026-03-22T23:42:26Z</time>
      </trkpt>
      <trkpt lat="37.29119" lon="-122.08644">
        <ele>276.07</ele>
        <time>2026-03-22T23:42:32Z</time>
      </trkpt>
      <trkpt lat="37.29115" lon="-122.08649">
        <ele>276.0</ele>
        <time>2026-03-22T23:42:37Z</time>
      </trkpt>
      <trkpt lat="37.29111" lon="-122.08653">
        <ele>276.01</ele>
        <time>2026-03-22T23:42:41Z</time>
      </trkpt>
      <trkpt lat="37.29106" lon="-122.08659">
        <ele>276.0</ele>
        <time>2026-03-22T23:42:46Z</time>
      </trkpt>
      <trkpt lat="37.29103" lon="-122.08663">
        <ele>276.0</ele>
        <time>2026-03-22T23:42:50Z</time>
      </trkpt>
      <trkpt lat="37.291" lon="-122.08667">
        <ele>276.2</ele>
        <time>2026-03-22T23:42:54Z</time>
      </trkpt>
      <trkpt lat="37.29096" lon="-122.08673">
        <ele>276.63</ele>
        <time>2026-03-22T23:42:58Z</time>
      </trkpt>
      <trkpt lat="37.29093" lon="-122.08677">
        <ele>276.96</ele>
        <time>2026-03-22T23:43:01Z</time>
      </trkpt>
      <trkpt lat="37.29091" lon="-122.08681">
        <ele>277.25</ele>
        <time>2026-03-22T23:43:04Z</time>
      </trkpt>
      <trkpt lat="37.29088" lon="-122.08685">
        <ele>277.51</ele>
        <time>2026-03-22T23:43:07Z</time>
      </trkpt>
      <trkpt lat="37.29086" lon="-122.08689">
        <ele>277.71</ele>
        <time>2026-03-22T23:43:10Z</time>
      </trkpt>
      <trkpt lat="37.29082" lon="-122.08686">
        <ele>278.28</ele>
        <time>2026-03-22T23:43:15Z</time>
      </trkpt>
      <trkpt lat="37.29079" lon="-122.08682">
        <ele>279.28</ele>
        <time>2026-03-22T23:43:18Z</time>
      </trkpt>
      <trkpt lat="37.29076" lon="-122.08678">
        <ele>280.36</ele>
        <time>2026-03-22T23:43:22Z</time>
      </trkpt>
      <trkpt lat="37.29073" lon="-122.08675">
        <ele>281.12</ele>
        <time>2026-03-22T23:43:26Z</time>
      </trkpt>
      <trkpt lat="37.29069" lon="-122.08672">
        <ele>281.55</ele>
        <time>2026-03-22T23:43:31Z</time>
      </trkpt>
      <trkpt lat="37.29065" lon="-122.08668">
        <ele>281.98</ele>
        <time>2026-03-22T23:43:36Z</time>
      </trkpt>
      <trkpt lat="37.29061" lon="-122.08664">
        <ele>282.0</ele>
        <time>2026-03-22T23:43:41Z</time>
      </trkpt>
      <trkpt lat="37.29057" lon="-122.08662">
        <ele>282.0</ele>
        <time>2026-03-22T23:43:45Z</time>
      </trkpt>
      <trkpt lat="37.29053" lon="-122.0866">
        <ele>282.0</ele>
        <time>2026-03-22T23:43:49Z</time>
      </trkpt>
      <trkpt lat="37.29047" lon="-122.0866">
        <ele>282.0</ele>
        <time>2026-03-22T23:43:51Z</time>
      </trkpt>
      <trkpt lat="37.29039" lon="-122.08659">
        <ele>282.0</ele>
        <time>2026-03-22T23:43:53Z</time>
      </trkpt>
      <trkpt lat="37.29034" lon="-122.08657">
        <ele>281.97</ele>
        <time>2026-03-22T23:43:55Z</time>
      </trkpt>
      <trkpt lat="37.29029" lon="-122.08653">
        <ele>281.94</ele>
        <time>2026-03-22T23:44:01Z</time>
      </trkpt>
      <trkpt lat="37.29025" lon="-122.08647">
        <ele>281.79</ele>
        <time>2026-03-22T23:44:06Z</time>
      </trkpt>
      <trkpt lat="37.29022" lon="-122.08643">
        <ele>281.23</ele>
        <time>2026-03-22T23:44:10Z</time>
      </trkpt>
      <trkpt lat="37.29018" lon="-122.08638">
        <ele>280.81</ele>
        <time>2026-03-22T23:44:14Z</time>
      </trkpt>
      <trkpt lat="37.29016" lon="-122.08632">
        <ele>279.51</ele>
        <time>2026-03-22T23:44:19Z</time>
      </trkpt>
      <trkpt lat="37.29013" lon="-122.08628">
        <ele>278.75</ele>
        <time>2026-03-22T23:44:23Z</time>
      </trkpt>
      <trkpt lat="37.2901" lon="-122.08623">
        <ele>278.23</ele>
        <time>2026-03-22T23:44:27Z</time>
      </trkpt>
      <trkpt lat="37.29007" lon="-122.08619">
        <ele>278.3</ele>
        <time>2026-03-22T23:44:30Z</time>
      </trkpt>
      <trkpt lat="37.29004" lon="-122.08616">
        <ele>278.4</ele>
        <time>2026-03-22T23:44:33Z</time>
      </trkpt>
      <trkpt lat="37.29" lon="-122.08612">
        <ele>278.19</ele>
        <time>2026-03-22T23:44:37Z</time>
      </trkpt>
      <trkpt lat="37.28997" lon="-122.08608">
        <ele>277.99</ele>
        <time>2026-03-22T23:44:41Z</time>
      </trkpt>
      <trkpt lat="37.28992" lon="-122.08602">
        <ele>277.88</ele>
        <time>2026-03-22T23:44:45Z</time>
      </trkpt>
      <trkpt lat="37.28987" lon="-122.08597">
        <ele>277.16</ele>
        <time>2026-03-22T23:44:50Z</time>
      </trkpt>
      <trkpt lat="37.28984" lon="-122.08593">
        <ele>276.78</ele>
        <time>2026-03-22T23:44:53Z</time>
      </trkpt>
      <trkpt lat="37.28981" lon="-122.0859">
        <ele>277.04</ele>
        <time>2026-03-22T23:44:56Z</time>
      </trkpt>
      <trkpt lat="37.28978" lon="-122.08587">
        <ele>277.15</ele>
        <time>2026-03-22T23:44:59Z</time>
      </trkpt>
      <trkpt lat="37.28974" lon="-122.08584">
        <ele>277.06</ele>
        <time>2026-03-22T23:45:02Z</time>
      </trkpt>
      <trkpt lat="37.28971" lon="-122.08581">
        <ele>277.13</ele>
        <time>2026-03-22T23:45:05Z</time>
      </trkpt>
      <trkpt lat="37.28967" lon="-122.08579">
        <ele>277.56</ele>
        <time>2026-03-22T23:45:08Z</time>
      </trkpt>
      <trkpt lat="37.28963" lon="-122.08576">
        <ele>278.0</ele>
        <time>2026-03-22T23:45:11Z</time>
      </trkpt>
      <trkpt lat="37.28959" lon="-122.08574">
        <ele>278.43</ele>
        <time>2026-03-22T23:45:14Z</time>
      </trkpt>
      <trkpt lat="37.28955" lon="-122.08572">
        <ele>278.86</ele>
        <time>2026-03-22T23:45:17Z</time>
      </trkpt>
      <trkpt lat="37.2895" lon="-122.08568">
        <ele>279.4</ele>
        <time>2026-03-22T23:45:21Z</time>
      </trkpt>
      <trkpt lat="37.28947" lon="-122.08566">
        <ele>279.72</ele>
        <time>2026-03-22T23:45:24Z</time>
      </trkpt>
      <trkpt lat="37.28943" lon="-122.08563">
        <ele>280.16</ele>
        <time>2026-03-22T23:45:27Z</time>
      </trkpt>
      <trkpt lat="37.28939" lon="-122.08561">
        <ele>280.59</ele>
        <time>2026-03-22T23:45:30Z</time>
      </trkpt>
      <trkpt lat="37.28935" lon="-122.08558">
        <ele>281.0</ele>
        <time>2026-03-22T23:45:33Z</time>
      </trkpt>
      <trkpt lat="37.28931" lon="-122.08557">
        <ele>281.0</ele>
        <time>2026-03-22T23:45:36Z</time>
      </trkpt>
      <trkpt lat="37.28926" lon="-122.08558">
        <ele>281.0</ele>
        <time>2026-03-22T23:45:38Z</time>
      </trkpt>
      <trkpt lat="37.28922" lon="-122.0856">
        <ele>280.78</ele>
        <time>2026-03-22T23:45:40Z</time>
      </trkpt>
      <trkpt lat="37.28918" lon="-122.08562">
        <ele>280.74</ele>
        <time>2026-03-22T23:45:42Z</time>
      </trkpt>
      <trkpt lat="37.28915" lon="-122.08561">
        <ele>280.41</ele>
        <time>2026-03-22T23:45:44Z</time>
      </trkpt>
      <trkpt lat="37.28911" lon="-122.08561">
        <ele>279.98</ele>
        <time>2026-03-22T23:45:47Z</time>
      </trkpt>
      <trkpt lat="37.28914" lon="-122.08562">
        <ele>280.41</ele>
        <time>2026-03-22T23:45:54Z</time>
      </trkpt>
      <trkpt lat="37.28912" lon="-122.08561">
        <ele>280.08</ele>
        <time>2026-03-22T23:46:37Z</time>
      </trkpt>
      <trkpt lat="37.28909" lon="-122.08561">
        <ele>279.76</ele>
        <time>2026-03-22T23:46:40Z</time>
      </trkpt>
      <trkpt lat="37.28905" lon="-122.08562">
        <ele>279.36</ele>
        <time>2026-03-22T23:46:43Z</time>
      </trkpt>
      <trkpt lat="37.28902" lon="-122.08562">
        <ele>278.93</ele>
        <time>2026-03-22T23:46:46Z</time>
      </trkpt>
      <trkpt lat="37.28899" lon="-122.08565">
        <ele>279.13</ele>
        <time>2026-03-22T23:46:50Z</time>
      </trkpt>
      <trkpt lat="37.28897" lon="-122.08567">
        <ele>279.44</ele>
        <time>2026-03-22T23:46:52Z</time>
      </trkpt>
      <trkpt lat="37.28893" lon="-122.08569">
        <ele>279.65</ele>
        <time>2026-03-22T23:46:55Z</time>
      </trkpt>
      <trkpt lat="37.2889" lon="-122.08571">
        <ele>279.75</ele>
        <time>2026-03-22T23:46:58Z</time>
      </trkpt>
      <trkpt lat="37.28887" lon="-122.08572">
        <ele>279.53</ele>
        <time>2026-03-22T23:47:01Z</time>
      </trkpt>
      <trkpt lat="37.28883" lon="-122.08573">
        <ele>279.17</ele>
        <time>2026-03-22T23:47:05Z</time>
      </trkpt>
      <trkpt lat="37.28879" lon="-122.08576">
        <ele>279.57</ele>
        <time>2026-03-22T23:47:09Z</time>
      </trkpt>
      <trkpt lat="37.28875" lon="-122.08578">
        <ele>279.98</ele>
        <time>2026-03-22T23:47:14Z</time>
      </trkpt>
      <trkpt lat="37.28871" lon="-122.08579">
        <ele>280.16</ele>
        <time>2026-03-22T23:47:21Z</time>
      </trkpt>
      <trkpt lat="37.28867" lon="-122.08576">
        <ele>279.48</ele>
        <time>2026-03-22T23:47:26Z</time>
      </trkpt>
      <trkpt lat="37.28863" lon="-122.08572">
        <ele>278.97</ele>
        <time>2026-03-22T23:47:30Z</time>
      </trkpt>
      <trkpt lat="37.28862" lon="-122.08566">
        <ele>277.28</ele>
        <time>2026-03-22T23:47:32Z</time>
      </trkpt>
      <trkpt lat="37.28859" lon="-122.0856">
        <ele>276.53</ele>
        <time>2026-03-22T23:47:35Z</time>
      </trkpt>
      <trkpt lat="37.28854" lon="-122.08553">
        <ele>275.77</ele>
        <time>2026-03-22T23:47:40Z</time>
      </trkpt>
      <trkpt lat="37.28851" lon="-122.08548">
        <ele>274.83</ele>
        <time>2026-03-22T23:47:43Z</time>
      </trkpt>
      <trkpt lat="37.28848" lon="-122.08544">
        <ele>274.71</ele>
        <time>2026-03-22T23:47:46Z</time>
      </trkpt>
      <trkpt lat="37.28843" lon="-122.0854">
        <ele>276.13</ele>
        <time>2026-03-22T23:47:49Z</time>
      </trkpt>
      <trkpt lat="37.28839" lon="-122.08535">
        <ele>275.54</ele>
        <time>2026-03-22T23:47:52Z</time>
      </trkpt>
      <trkpt lat="37.28836" lon="-122.0853">
        <ele>274.54</ele>
        <time>2026-03-22T23:47:55Z</time>
      </trkpt>
      <trkpt lat="37.28831" lon="-122.08527">
        <ele>274.94</ele>
        <time>2026-03-22T23:47:58Z</time>
      </trkpt>
      <trkpt lat="37.28827" lon="-122.08524">
        <ele>274.33</ele>
        <time>2026-03-22T23:48:01Z</time>
      </trkpt>
      <trkpt lat="37.28823" lon="-122.08521">
        <ele>273.84</ele>
        <time>2026-03-22T23:48:04Z</time>
      </trkpt>
      <trkpt lat="37.28818" lon="-122.08518">
        <ele>272.83</ele>
        <time>2026-03-22T23:48:08Z</time>
      </trkpt>
      <trkpt lat="37.28813" lon="-122.08516">
        <ele>271.99</ele>
        <time>2026-03-22T23:48:12Z</time>
      </trkpt>
      <trkpt lat="37.28808" lon="-122.08513">
        <ele>270.48</ele>
        <time>2026-03-22T23:48:16Z</time>
      </trkpt>
      <trkpt lat="37.28803" lon="-122.08515">
        <ele>270.48</ele>
        <time>2026-03-22T23:48:19Z</time>
      </trkpt>
      <trkpt lat="37.28801" lon="-122.0852">
        <ele>272.23</ele>
        <time>2026-03-22T23:48:21Z</time>
      </trkpt>
      <trkpt lat="37.28796" lon="-122.08525">
        <ele>274.45</ele>
        <time>2026-03-22T23:48:23Z</time>
      </trkpt>
      <trkpt lat="37.28791" lon="-122.0853">
        <ele>275.95</ele>
        <time>2026-03-22T23:48:25Z</time>
      </trkpt>
      <trkpt lat="37.28786" lon="-122.08534">
        <ele>277.14</ele>
        <time>2026-03-22T23:48:27Z</time>
      </trkpt>
      <trkpt lat="37.2878" lon="-122.08537">
        <ele>277.46</ele>
        <time>2026-03-22T23:48:30Z</time>
      </trkpt>
      <trkpt lat="37.28775" lon="-122.08537">
        <ele>276.68</ele>
        <time>2026-03-22T23:48:34Z</time>
      </trkpt>
      <trkpt lat="37.2877" lon="-122.08537">
        <ele>276.14</ele>
        <time>2026-03-22T23:48:38Z</time>
      </trkpt>
      <trkpt lat="37.28765" lon="-122.08538">
        <ele>277.24</ele>
        <time>2026-03-22T23:48:42Z</time>
      </trkpt>
      <trkpt lat="37.28761" lon="-122.08537">
        <ele>277.61</ele>
        <time>2026-03-22T23:48:45Z</time>
      </trkpt>
      <trkpt lat="37.28757" lon="-122.08537">
        <ele>278.72</ele>
        <time>2026-03-22T23:48:49Z</time>
      </trkpt>
      <trkpt lat="37.28752" lon="-122.08534">
        <ele>279.04</ele>
        <time>2026-03-22T23:48:53Z</time>
      </trkpt>
      <trkpt lat="37.2875" lon="-122.08528">
        <ele>277.1</ele>
        <time>2026-03-22T23:48:56Z</time>
      </trkpt>
      <trkpt lat="37.28748" lon="-122.08524">
        <ele>276.23</ele>
        <time>2026-03-22T23:48:58Z</time>
      </trkpt>
      <trkpt lat="37.28744" lon="-122.08518">
        <ele>275.37</ele>
        <time>2026-03-22T23:49:02Z</time>
      </trkpt>
      <trkpt lat="37.28741" lon="-122.08512">
        <ele>274.07</ele>
        <time>2026-03-22T23:49:05Z</time>
      </trkpt>
      <trkpt lat="37.28738" lon="-122.08508">
        <ele>273.64</ele>
        <time>2026-03-22T23:49:08Z</time>
      </trkpt>
      <trkpt lat="37.28735" lon="-122.08504">
        <ele>273.21</ele>
        <time>2026-03-22T23:49:11Z</time>
      </trkpt>
      <trkpt lat="37.28731" lon="-122.085">
        <ele>273.31</ele>
        <time>2026-03-22T23:49:14Z</time>
      </trkpt>
      <trkpt lat="37.28728" lon="-122.08497">
        <ele>275.46</ele>
        <time>2026-03-22T23:49:17Z</time>
      </trkpt>
      <trkpt lat="37.28725" lon="-122.08495">
        <ele>277.36</ele>
        <time>2026-03-22T23:49:20Z</time>
      </trkpt>
      <trkpt lat="37.28725" lon="-122.0849">
        <ele>277.5</ele>
        <time>2026-03-22T23:49:25Z</time>
      </trkpt>
      <trkpt lat="37.28726" lon="-122.08487">
        <ele>276.96</ele>
        <time>2026-03-22T23:49:28Z</time>
      </trkpt>
      <trkpt lat="37.28727" lon="-122.08481">
        <ele>276.37</ele>
        <time>2026-03-22T23:49:32Z</time>
      </trkpt>
      <trkpt lat="37.28729" lon="-122.08475">
        <ele>274.64</ele>
        <time>2026-03-22T23:49:36Z</time>
      </trkpt>
      <trkpt lat="37.2873" lon="-122.0847">
        <ele>273.8</ele>
        <time>2026-03-22T23:49:39Z</time>
      </trkpt>
      <trkpt lat="37.28731" lon="-122.08464">
        <ele>273.26</ele>
        <time>2026-03-22T23:49:43Z</time>
      </trkpt>
      <trkpt lat="37.28732" lon="-122.08458">
        <ele>272.21</ele>
        <time>2026-03-22T23:49:47Z</time>
      </trkpt>
      <trkpt lat="37.28731" lon="-122.08452">
        <ele>272.01</ele>
        <time>2026-03-22T23:49:51Z</time>
      </trkpt>
      <trkpt lat="37.2873" lon="-122.08447">
        <ele>271.8</ele>
        <time>2026-03-22T23:49:55Z</time>
      </trkpt>
      <trkpt lat="37.28729" lon="-122.08442">
        <ele>271.01</ele>
        <time>2026-03-22T23:49:58Z</time>
      </trkpt>
      <trkpt lat="37.28727" lon="-122.08438">
        <ele>270.36</ele>
        <time>2026-03-22T23:50:01Z</time>
      </trkpt>
      <trkpt lat="37.28725" lon="-122.08434">
        <ele>269.81</ele>
        <time>2026-03-22T23:50:04Z</time>
      </trkpt>
      <trkpt lat="37.28719" lon="-122.0843">
        <ele>270.73</ele>
        <time>2026-03-22T23:50:07Z</time>
      </trkpt>
      <trkpt lat="37.28715" lon="-122.08427">
        <ele>270.88</ele>
        <time>2026-03-22T23:50:09Z</time>
      </trkpt>
      <trkpt lat="37.28712" lon="-122.08425">
        <ele>270.7</ele>
        <time>2026-03-22T23:50:11Z</time>
      </trkpt>
      <trkpt lat="37.28708" lon="-122.08421">
        <ele>269.41</ele>
        <time>2026-03-22T23:50:14Z</time>
      </trkpt>
      <trkpt lat="37.28703" lon="-122.08417">
        <ele>268.3</ele>
        <time>2026-03-22T23:50:17Z</time>
      </trkpt>
      <trkpt lat="37.287" lon="-122.08415">
        <ele>268.15</ele>
        <time>2026-03-22T23:50:19Z</time>
      </trkpt>
      <trkpt lat="37.28697" lon="-122.08412">
        <ele>267.8</ele>
        <time>2026-03-22T23:50:22Z</time>
      </trkpt>
      <trkpt lat="37.28693" lon="-122.08411">
        <ele>268.54</ele>
        <time>2026-03-22T23:50:25Z</time>
      </trkpt>
      <trkpt lat="37.28691" lon="-122.08414">
        <ele>270.14</ele>
        <time>2026-03-22T23:50:27Z</time>
      </trkpt>
      <trkpt lat="37.28687" lon="-122.08415">
        <ele>271.73</ele>
        <time>2026-03-22T23:50:30Z</time>
      </trkpt>
      <trkpt lat="37.28684" lon="-122.08414">
        <ele>272.23</ele>
        <time>2026-03-22T23:50:33Z</time>
      </trkpt>
      <trkpt lat="37.2868" lon="-122.08413">
        <ele>273.1</ele>
        <time>2026-03-22T23:50:37Z</time>
      </trkpt>
      <trkpt lat="37.28675" lon="-122.08411">
        <ele>273.75</ele>
        <time>2026-03-22T23:50:41Z</time>
      </trkpt>
      <trkpt lat="37.28672" lon="-122.08407">
        <ele>272.67</ele>
        <time>2026-03-22T23:50:44Z</time>
      </trkpt>
      <trkpt lat="37.2867" lon="-122.08404">
        <ele>271.81</ele>
        <time>2026-03-22T23:50:46Z</time>
      </trkpt>
      <trkpt lat="37.28668" lon="-122.08402">
        <ele>271.38</ele>
        <time>2026-03-22T23:50:48Z</time>
      </trkpt>
      <trkpt lat="37.28665" lon="-122.084">
        <ele>270.66</ele>
        <time>2026-03-22T23:50:51Z</time>
      </trkpt>
      <trkpt lat="37.28663" lon="-122.08399">
        <ele>270.01</ele>
        <time>2026-03-22T23:50:53Z</time>
      </trkpt>
      <trkpt lat="37.2866" lon="-122.08398">
        <ele>269.22</ele>
        <time>2026-03-22T23:50:56Z</time>
      </trkpt>
      <trkpt lat="37.28657" lon="-122.08398">
        <ele>268.94</ele>
        <time>2026-03-22T23:50:59Z</time>
      </trkpt>
      <trkpt lat="37.28653" lon="-122.08399">
        <ele>269.46</ele>
        <time>2026-03-22T23:51:02Z</time>
      </trkpt>
      <trkpt lat="37.2865" lon="-122.08399">
        <ele>269.46</ele>
        <time>2026-03-22T23:51:05Z</time>
      </trkpt>
      <trkpt lat="37.28646" lon="-122.084">
        <ele>269.95</ele>
        <time>2026-03-22T23:51:08Z</time>
      </trkpt>
      <trkpt lat="37.28643" lon="-122.084">
        <ele>269.89</ele>
        <time>2026-03-22T23:51:11Z</time>
      </trkpt>
      <trkpt lat="37.28639" lon="-122.08401">
        <ele>270.24</ele>
        <time>2026-03-22T23:51:15Z</time>
      </trkpt>
      <trkpt lat="37.28636" lon="-122.08401">
        <ele>270.14</ele>
        <time>2026-03-22T23:51:17Z</time>
      </trkpt>
      <trkpt lat="37.28633" lon="-122.08402">
        <ele>270.4</ele>
        <time>2026-03-22T23:51:20Z</time>
      </trkpt>
      <trkpt lat="37.2863" lon="-122.08404">
        <ele>270.92</ele>
        <time>2026-03-22T23:51:23Z</time>
      </trkpt>
      <trkpt lat="37.28627" lon="-122.08407">
        <ele>271.86</ele>
        <time>2026-03-22T23:51:26Z</time>
      </trkpt>
      <trkpt lat="37.28625" lon="-122.0841">
        <ele>273.26</ele>
        <time>2026-03-22T23:51:28Z</time>
      </trkpt>
      <trkpt lat="37.28621" lon="-122.08412">
        <ele>274.02</ele>
        <time>2026-03-22T23:51:31Z</time>
      </trkpt>
      <trkpt lat="37.28618" lon="-122.08413">
        <ele>274.06</ele>
        <time>2026-03-22T23:51:34Z</time>
      </trkpt>
      <trkpt lat="37.28614" lon="-122.08414">
        <ele>273.96</ele>
        <time>2026-03-22T23:51:37Z</time>
      </trkpt>
      <trkpt lat="37.28611" lon="-122.08415">
        <ele>274.08</ele>
        <time>2026-03-22T23:51:40Z</time>
      </trkpt>
      <trkpt lat="37.28608" lon="-122.08416">
        <ele>273.97</ele>
        <time>2026-03-22T23:51:43Z</time>
      </trkpt>
      <trkpt lat="37.28604" lon="-122.08416">
        <ele>273.1</ele>
        <time>2026-03-22T23:51:46Z</time>
      </trkpt>
      <trkpt lat="37.28601" lon="-122.08417">
        <ele>272.81</ele>
        <time>2026-03-22T23:51:49Z</time>
      </trkpt>
      <trkpt lat="37.28597" lon="-122.08418">
        <ele>271.55</ele>
        <time>2026-03-22T23:51:52Z</time>
      </trkpt>
      <trkpt lat="37.28594" lon="-122.08419">
        <ele>270.65</ele>
        <time>2026-03-22T23:51:55Z</time>
      </trkpt>
      <trkpt lat="37.28591" lon="-122.08422">
        <ele>270.37</ele>
        <time>2026-03-22T23:51:58Z</time>
      </trkpt>
      <trkpt lat="37.28589" lon="-122.08425">
        <ele>270.62</ele>
        <time>2026-03-22T23:52:00Z</time>
      </trkpt>
      <trkpt lat="37.28586" lon="-122.08429">
        <ele>270.44</ele>
        <time>2026-03-22T23:52:02Z</time>
      </trkpt>
      <trkpt lat="37.28584" lon="-122.08432">
        <ele>270.33</ele>
        <time>2026-03-22T23:52:04Z</time>
      </trkpt>
      <trkpt lat="37.28582" lon="-122.08435">
        <ele>269.93</ele>
        <time>2026-03-22T23:52:06Z</time>
      </trkpt>
      <trkpt lat="37.28581" lon="-122.08439">
        <ele>270.17</ele>
        <time>2026-03-22T23:52:09Z</time>
      </trkpt>
      <trkpt lat="37.28583" lon="-122.08443">
        <ele>271.74</ele>
        <time>2026-03-22T23:52:12Z</time>
      </trkpt>
      <trkpt lat="37.28583" lon="-122.08448">
        <ele>273.08</ele>
        <time>2026-03-22T23:52:16Z</time>
      </trkpt>
      <trkpt lat="37.28583" lon="-122.08453">
        <ele>274.7</ele>
        <time>2026-03-22T23:52:19Z</time>
      </trkpt>
      <trkpt lat="37.28581" lon="-122.08458">
        <ele>276.35</ele>
        <time>2026-03-22T23:52:23Z</time>
      </trkpt>
      <trkpt lat="37.28578" lon="-122.08462">
        <ele>277.43</ele>
        <time>2026-03-22T23:52:27Z</time>
      </trkpt>
      <trkpt lat="37.28573" lon="-122.08462">
        <ele>277.02</ele>
        <time>2026-03-22T23:52:29Z</time>
      </trkpt>
      <trkpt lat="37.28568" lon="-122.0846">
        <ele>277.92</ele>
        <time>2026-03-22T23:52:31Z</time>
      </trkpt>
      <trkpt lat="37.28562" lon="-122.08457">
        <ele>278.66</ele>
        <time>2026-03-22T23:52:34Z</time>
      </trkpt>
      <trkpt lat="37.28558" lon="-122.08453">
        <ele>278.19</ele>
        <time>2026-03-22T23:52:37Z</time>
      </trkpt>
      <trkpt lat="37.28556" lon="-122.08451">
        <ele>277.74</ele>
        <time>2026-03-22T23:52:39Z</time>
      </trkpt>
      <trkpt lat="37.28552" lon="-122.08448">
        <ele>277.99</ele>
        <time>2026-03-22T23:52:42Z</time>
      </trkpt>
      <trkpt lat="37.2855" lon="-122.08446">
        <ele>277.78</ele>
        <time>2026-03-22T23:52:44Z</time>
      </trkpt>
      <trkpt lat="37.28548" lon="-122.08443">
        <ele>277.02</ele>
        <time>2026-03-22T23:52:46Z</time>
      </trkpt>
      <trkpt lat="37.28545" lon="-122.0844">
        <ele>276.61</ele>
        <time>2026-03-22T23:52:49Z</time>
      </trkpt>
      <trkpt lat="37.28542" lon="-122.08437">
        <ele>275.66</ele>
        <time>2026-03-22T23:52:52Z</time>
      </trkpt>
      <trkpt lat="37.28539" lon="-122.08435">
        <ele>275.25</ele>
        <time>2026-03-22T23:52:55Z</time>
      </trkpt>
      <trkpt lat="37.28536" lon="-122.08433">
        <ele>274.78</ele>
        <time>2026-03-22T23:52:58Z</time>
      </trkpt>
      <trkpt lat="37.28532" lon="-122.0843">
        <ele>273.42</ele>
        <time>2026-03-22T23:53:01Z</time>
      </trkpt>
      <trkpt lat="37.2853" lon="-122.08429">
        <ele>273.0</ele>
        <time>2026-03-22T23:53:03Z</time>
      </trkpt>
      <trkpt lat="37.28528" lon="-122.08427">
        <ele>271.79</ele>
        <time>2026-03-22T23:53:05Z</time>
      </trkpt>
      <trkpt lat="37.28525" lon="-122.08425">
        <ele>270.07</ele>
        <time>2026-03-22T23:53:08Z</time>
      </trkpt>
      <trkpt lat="37.28521" lon="-122.08423">
        <ele>268.14</ele>
        <time>2026-03-22T23:53:11Z</time>
      </trkpt>
      <trkpt lat="37.28518" lon="-122.08421">
        <ele>266.22</ele>
        <time>2026-03-22T23:53:14Z</time>
      </trkpt>
      <trkpt lat="37.28514" lon="-122.08422">
        <ele>266.54</ele>
        <time>2026-03-22T23:53:17Z</time>
      </trkpt>
      <trkpt lat="37.28511" lon="-122.08424">
        <ele>267.73</ele>
        <time>2026-03-22T23:53:20Z</time>
      </trkpt>
      <trkpt lat="37.28508" lon="-122.08425">
        <ele>268.18</ele>
        <time>2026-03-22T23:53:23Z</time>
      </trkpt>
      <trkpt lat="37.28504" lon="-122.08426">
        <ele>268.48</ele>
        <time>2026-03-22T23:53:26Z</time>
      </trkpt>
      <trkpt lat="37.28501" lon="-122.08425">
        <ele>267.5</ele>
        <time>2026-03-22T23:53:29Z</time>
      </trkpt>
      <trkpt lat="37.28497" lon="-122.08425">
        <ele>266.75</ele>
        <time>2026-03-22T23:53:32Z</time>
      </trkpt>
      <trkpt lat="37.28494" lon="-122.08425">
        <ele>266.1</ele>
        <time>2026-03-22T23:53:35Z</time>
      </trkpt>
      <trkpt lat="37.28491" lon="-122.08425">
        <ele>265.46</ele>
        <time>2026-03-22T23:53:39Z</time>
      </trkpt>
      <trkpt lat="37.28488" lon="-122.08425">
        <ele>264.25</ele>
        <time>2026-03-22T23:53:42Z</time>
      </trkpt>
      <trkpt lat="37.28486" lon="-122.08425">
        <ele>263.4</ele>
        <time>2026-03-22T23:53:44Z</time>
      </trkpt>
      <trkpt lat="37.28483" lon="-122.08426">
        <ele>262.69</ele>
        <time>2026-03-22T23:53:47Z</time>
      </trkpt>
      <trkpt lat="37.2848" lon="-122.08428">
        <ele>262.29</ele>
        <time>2026-03-22T23:53:50Z</time>
      </trkpt>
      <trkpt lat="37.28477" lon="-122.08429">
        <ele>261.55</ele>
        <time>2026-03-22T23:53:53Z</time>
      </trkpt>
      <trkpt lat="37.28473" lon="-122.08431">
        <ele>261.03</ele>
        <time>2026-03-22T23:53:56Z</time>
      </trkpt>
      <trkpt lat="37.2847" lon="-122.08433">
        <ele>260.86</ele>
        <time>2026-03-22T23:53:59Z</time>
      </trkpt>
      <trkpt lat="37.28466" lon="-122.08435">
        <ele>260.21</ele>
        <time>2026-03-22T23:54:03Z</time>
      </trkpt>
      <trkpt lat="37.28462" lon="-122.08437">
        <ele>259.77</ele>
        <time>2026-03-22T23:54:06Z</time>
      </trkpt>
      <trkpt lat="37.28459" lon="-122.0844">
        <ele>260.74</ele>
        <time>2026-03-22T23:54:09Z</time>
      </trkpt>
      <trkpt lat="37.28456" lon="-122.08441">
        <ele>260.64</ele>
        <time>2026-03-22T23:54:12Z</time>
      </trkpt>
      <trkpt lat="37.28453" lon="-122.08443">
        <ele>261.06</ele>
        <time>2026-03-22T23:54:15Z</time>
      </trkpt>
      <trkpt lat="37.28449" lon="-122.08444">
        <ele>260.72</ele>
        <time>2026-03-22T23:54:18Z</time>
      </trkpt>
      <trkpt lat="37.28446" lon="-122.08445">
        <ele>260.69</ele>
        <time>2026-03-22T23:54:21Z</time>
      </trkpt>
      <trkpt lat="37.28443" lon="-122.08446">
        <ele>260.67</ele>
        <time>2026-03-22T23:54:24Z</time>
      </trkpt>
      <trkpt lat="37.2844" lon="-122.08447">
        <ele>260.56</ele>
        <time>2026-03-22T23:54:27Z</time>
      </trkpt>
      <trkpt lat="37.28436" lon="-122.08448">
        <ele>260.13</ele>
        <time>2026-03-22T23:54:30Z</time>
      </trkpt>
      <trkpt lat="37.28432" lon="-122.0845">
        <ele>260.17</ele>
        <time>2026-03-22T23:54:34Z</time>
      </trkpt>
      <trkpt lat="37.28428" lon="-122.08451">
        <ele>259.76</ele>
        <time>2026-03-22T23:54:37Z</time>
      </trkpt>
      <trkpt lat="37.28424" lon="-122.08452">
        <ele>259.31</ele>
        <time>2026-03-22T23:54:40Z</time>
      </trkpt>
      <trkpt lat="37.2842" lon="-122.08454">
        <ele>259.27</ele>
        <time>2026-03-22T23:54:44Z</time>
      </trkpt>
      <trkpt lat="37.28415" lon="-122.08455">
        <ele>258.27</ele>
        <time>2026-03-22T23:54:48Z</time>
      </trkpt>
      <trkpt lat="37.2841" lon="-122.08457">
        <ele>257.72</ele>
        <time>2026-03-22T23:54:52Z</time>
      </trkpt>
      <trkpt lat="37.28407" lon="-122.08458">
        <ele>257.12</ele>
        <time>2026-03-22T23:54:55Z</time>
      </trkpt>
      <trkpt lat="37.28403" lon="-122.0846">
        <ele>256.34</ele>
        <time>2026-03-22T23:54:58Z</time>
      </trkpt>
      <trkpt lat="37.28398" lon="-122.08461">
        <ele>254.67</ele>
        <time>2026-03-22T23:55:02Z</time>
      </trkpt>
      <trkpt lat="37.28395" lon="-122.08463">
        <ele>254.66</ele>
        <time>2026-03-22T23:55:05Z</time>
      </trkpt>
      <trkpt lat="37.28391" lon="-122.08464">
        <ele>253.47</ele>
        <time>2026-03-22T23:55:08Z</time>
      </trkpt>
      <trkpt lat="37.28388" lon="-122.08466">
        <ele>253.29</ele>
        <time>2026-03-22T23:55:10Z</time>
      </trkpt>
      <trkpt lat="37.28384" lon="-122.08467">
        <ele>252.3</ele>
        <time>2026-03-22T23:55:12Z</time>
      </trkpt>
      <trkpt lat="37.28378" lon="-122.08468">
        <ele>250.99</ele>
        <time>2026-03-22T23:55:14Z</time>
      </trkpt>
      <trkpt lat="37.28374" lon="-122.08469">
        <ele>250.91</ele>
        <time>2026-03-22T23:55:16Z</time>
      </trkpt>
      <trkpt lat="37.28369" lon="-122.0847">
        <ele>250.72</ele>
        <time>2026-03-22T23:55:18Z</time>
      </trkpt>
      <trkpt lat="37.28365" lon="-122.08471">
        <ele>250.91</ele>
        <time>2026-03-22T23:55:21Z</time>
      </trkpt>
      <trkpt lat="37.2836" lon="-122.08474">
        <ele>251.0</ele>
        <time>2026-03-22T23:55:26Z</time>
      </trkpt>
      <trkpt lat="37.28355" lon="-122.08476">
        <ele>249.19</ele>
        <time>2026-03-22T23:55:30Z</time>
      </trkpt>
      <trkpt lat="37.28351" lon="-122.08477">
        <ele>247.97</ele>
        <time>2026-03-22T23:55:33Z</time>
      </trkpt>
      <trkpt lat="37.28347" lon="-122.08478">
        <ele>248.1</ele>
        <time>2026-03-22T23:55:36Z</time>
      </trkpt>
      <trkpt lat="37.28342" lon="-122.0848">
        <ele>249.0</ele>
        <time>2026-03-22T23:55:39Z</time>
      </trkpt>
      <trkpt lat="37.28337" lon="-122.08481">
        <ele>249.15</ele>
        <time>2026-03-22T23:55:42Z</time>
      </trkpt>
      <trkpt lat="37.28331" lon="-122.08482">
        <ele>249.31</ele>
        <time>2026-03-22T23:55:46Z</time>
      </trkpt>
      <trkpt lat="37.28326" lon="-122.08483">
        <ele>249.72</ele>
        <time>2026-03-22T23:55:49Z</time>
      </trkpt>
      <trkpt lat="37.28319" lon="-122.08484">
        <ele>248.69</ele>
        <time>2026-03-22T23:55:53Z</time>
      </trkpt>
      <trkpt lat="37.28314" lon="-122.08484">
        <ele>247.19</ele>
        <time>2026-03-22T23:55:56Z</time>
      </trkpt>
      <trkpt lat="37.28309" lon="-122.08484">
        <ele>245.03</ele>
        <time>2026-03-22T23:55:59Z</time>
      </trkpt>
      <trkpt lat="37.28304" lon="-122.08485">
        <ele>243.84</ele>
        <time>2026-03-22T23:56:02Z</time>
      </trkpt>
      <trkpt lat="37.28299" lon="-122.08486">
        <ele>244.01</ele>
        <time>2026-03-22T23:56:06Z</time>
      </trkpt>
      <trkpt lat="37.28293" lon="-122.08488">
        <ele>245.73</ele>
        <time>2026-03-22T23:56:11Z</time>
      </trkpt>
      <trkpt lat="37.28287" lon="-122.0849">
        <ele>249.18</ele>
        <time>2026-03-22T23:56:16Z</time>
      </trkpt>
      <trkpt lat="37.28281" lon="-122.08491">
        <ele>252.86</ele>
        <time>2026-03-22T23:56:22Z</time>
      </trkpt>
      <trkpt lat="37.28283" lon="-122.08483">
        <ele>253.29</ele>
        <time>2026-03-22T23:56:28Z</time>
      </trkpt>
      <trkpt lat="37.28287" lon="-122.08476">
        <ele>251.62</ele>
        <time>2026-03-22T23:56:29Z</time>
      </trkpt>
      <trkpt lat="37.28291" lon="-122.0847">
        <ele>250.34</ele>
        <time>2026-03-22T23:56:30Z</time>
      </trkpt>
      <trkpt lat="37.28296" lon="-122.08462">
        <ele>249.37</ele>
        <time>2026-03-22T23:56:32Z</time>
      </trkpt>
      <trkpt lat="37.28301" lon="-122.08456">
        <ele>247.46</ele>
        <time>2026-03-22T23:56:35Z</time>
      </trkpt>
      <trkpt lat="37.28305" lon="-122.08453">
        <ele>245.74</ele>
        <time>2026-03-22T23:56:37Z</time>
      </trkpt>
      <trkpt lat="37.28309" lon="-122.08448">
        <ele>246.59</ele>
        <time>2026-03-22T23:56:40Z</time>
      </trkpt>
      <trkpt lat="37.28312" lon="-122.08442">
        <ele>248.54</ele>
        <time>2026-03-22T23:56:44Z</time>
      </trkpt>
      <trkpt lat="37.28313" lon="-122.08436">
        <ele>251.34</ele>
        <time>2026-03-22T23:56:50Z</time>
      </trkpt>
      <trkpt lat="37.28316" lon="-122.0843">
        <ele>253.43</ele>
        <time>2026-03-22T23:56:57Z</time>
      </trkpt>
      <trkpt lat="37.2832" lon="-122.08425">
        <ele>255.58</ele>
        <time>2026-03-22T23:57:02Z</time>
      </trkpt>
      <trkpt lat="37.28325" lon="-122.0842">
        <ele>258.34</ele>
        <time>2026-03-22T23:57:07Z</time>
      </trkpt>
      <trkpt lat="37.28329" lon="-122.08418">
        <ele>259.38</ele>
        <time>2026-03-22T23:57:11Z</time>
      </trkpt>
      <trkpt lat="37.28334" lon="-122.08415">
        <ele>260.77</ele>
        <time>2026-03-22T23:57:15Z</time>
      </trkpt>
      <trkpt lat="37.28339" lon="-122.08413">
        <ele>259.44</ele>
        <time>2026-03-22T23:57:19Z</time>
      </trkpt>
      <trkpt lat="37.28342" lon="-122.0841">
        <ele>259.23</ele>
        <time>2026-03-22T23:57:22Z</time>
      </trkpt>
      <trkpt lat="37.28347" lon="-122.08407">
        <ele>257.36</ele>
        <time>2026-03-22T23:57:26Z</time>
      </trkpt>
      <trkpt lat="37.28351" lon="-122.08403">
        <ele>256.93</ele>
        <time>2026-03-22T23:57:30Z</time>
      </trkpt>
      <trkpt lat="37.28354" lon="-122.084">
        <ele>256.56</ele>
        <time>2026-03-22T23:57:33Z</time>
      </trkpt>
      <trkpt lat="37.28356" lon="-122.08397">
        <ele>256.93</ele>
        <time>2026-03-22T23:57:36Z</time>
      </trkpt>
      <trkpt lat="37.28359" lon="-122.08393">
        <ele>257.15</ele>
        <time>2026-03-22T23:57:39Z</time>
      </trkpt>
      <trkpt lat="37.28361" lon="-122.0839">
        <ele>257.47</ele>
        <time>2026-03-22T23:57:42Z</time>
      </trkpt>
      <trkpt lat="37.28364" lon="-122.08387">
        <ele>257.91</ele>
        <time>2026-03-22T23:57:45Z</time>
      </trkpt>
      <trkpt lat="37.28367" lon="-122.08383">
        <ele>258.87</ele>
        <time>2026-03-22T23:57:48Z</time>
      </trkpt>
      <trkpt lat="37.2837" lon="-122.0838">
        <ele>259.0</ele>
        <time>2026-03-22T23:57:51Z</time>
      </trkpt>
      <trkpt lat="37.28373" lon="-122.08376">
        <ele>259.82</ele>
        <time>2026-03-22T23:57:54Z</time>
      </trkpt>
      <trkpt lat="37.28376" lon="-122.08372">
        <ele>260.4</ele>
        <time>2026-03-22T23:57:58Z</time>
      </trkpt>
      <trkpt lat="37.28379" lon="-122.08368">
        <ele>260.69</ele>
        <time>2026-03-22T23:58:01Z</time>
      </trkpt>
      <trkpt lat="37.28381" lon="-122.08364">
        <ele>261.7</ele>
        <time>2026-03-22T23:58:04Z</time>
      </trkpt>
      <trkpt lat="37.28383" lon="-122.0836">
        <ele>262.74</ele>
        <time>2026-03-22T23:58:07Z</time>
      </trkpt>
      <trkpt lat="37.28386" lon="-122.08355">
        <ele>263.41</ele>
        <time>2026-03-22T23:58:11Z</time>
      </trkpt>
      <trkpt lat="37.2839" lon="-122.0835">
        <ele>263.38</ele>
        <time>2026-03-22T23:58:15Z</time>
      </trkpt>
      <trkpt lat="37.28393" lon="-122.08347">
        <ele>263.17</ele>
        <time>2026-03-22T23:58:18Z</time>
      </trkpt>
      <trkpt lat="37.28396" lon="-122.08343">
        <ele>263.21</ele>
        <time>2026-03-22T23:58:21Z</time>
      </trkpt>
      <trkpt lat="37.284" lon="-122.08338">
        <ele>263.28</ele>
        <time>2026-03-22T23:58:25Z</time>
      </trkpt>
      <trkpt lat="37.28403" lon="-122.08334">
        <ele>263.5</ele>
        <time>2026-03-22T23:58:28Z</time>
      </trkpt>
      <trkpt lat="37.28406" lon="-122.0833">
        <ele>263.66</ele>
        <time>2026-03-22T23:58:31Z</time>
      </trkpt>
      <trkpt lat="37.2841" lon="-122.08326">
        <ele>263.28</ele>
        <time>2026-03-22T23:58:34Z</time>
      </trkpt>
      <trkpt lat="37.28413" lon="-122.08322">
        <ele>263.5</ele>
        <time>2026-03-22T23:58:37Z</time>
      </trkpt>
      <trkpt lat="37.28416" lon="-122.08318">
        <ele>263.71</ele>
        <time>2026-03-22T23:58:40Z</time>
      </trkpt>
      <trkpt lat="37.28419" lon="-122.08314">
        <ele>264.5</ele>
        <time>2026-03-22T23:58:43Z</time>
      </trkpt>
      <trkpt lat="37.28422" lon="-122.08311">
        <ele>264.93</ele>
        <time>2026-03-22T23:58:46Z</time>
      </trkpt>
      <trkpt lat="37.28425" lon="-122.08307">
        <ele>265.7</ele>
        <time>2026-03-22T23:58:49Z</time>
      </trkpt>
      <trkpt lat="37.28428" lon="-122.08303">
        <ele>266.98</ele>
        <time>2026-03-22T23:58:52Z</time>
      </trkpt>
      <trkpt lat="37.28431" lon="-122.083">
        <ele>267.96</ele>
        <time>2026-03-22T23:58:55Z</time>
      </trkpt>
      <trkpt lat="37.28434" lon="-122.08296">
        <ele>269.54</ele>
        <time>2026-03-22T23:58:58Z</time>
      </trkpt>
      <trkpt lat="37.28437" lon="-122.08293">
        <ele>270.0</ele>
        <time>2026-03-22T23:59:01Z</time>
      </trkpt>
      <trkpt lat="37.2844" lon="-122.08289">
        <ele>270.86</ele>
        <time>2026-03-22T23:59:04Z</time>
      </trkpt>
      <trkpt lat="37.28444" lon="-122.08286">
        <ele>270.75</ele>
        <time>2026-03-22T23:59:07Z</time>
      </trkpt>
      <trkpt lat="37.28447" lon="-122.08283">
        <ele>271.23</ele>
        <time>2026-03-22T23:59:10Z</time>
      </trkpt>
      <trkpt lat="37.2845" lon="-122.0828">
        <ele>271.54</ele>
        <time>2026-03-22T23:59:13Z</time>
      </trkpt>
      <trkpt lat="37.28453" lon="-122.08277">
        <ele>271.56</ele>
        <time>2026-03-22T23:59:15Z</time>
      </trkpt>
      <trkpt lat="37.28458" lon="-122.08275">
        <ele>270.04</ele>
        <time>2026-03-22T23:59:17Z</time>
      </trkpt>
      <trkpt lat="37.28462" lon="-122.08273">
        <ele>268.96</ele>
        <time>2026-03-22T23:59:19Z</time>
      </trkpt>
      <trkpt lat="37.28465" lon="-122.0827">
        <ele>268.71</ele>
        <time>2026-03-22T23:59:21Z</time>
      </trkpt>
      <trkpt lat="37.28468" lon="-122.08266">
        <ele>267.68</ele>
        <time>2026-03-22T23:59:25Z</time>
      </trkpt>
      <trkpt lat="37.28468" lon="-122.08262">
        <ele>267.44</ele>
        <time>2026-03-22T23:59:29Z</time>
      </trkpt>
      <trkpt lat="37.28464" lon="-122.08259">
        <ele>269.38</ele>
        <time>2026-03-22T23:59:31Z</time>
      </trkpt>
      <trkpt lat="37.28462" lon="-122.08258">
        <ele>270.25</ele>
        <time>2026-03-22T23:59:32Z</time>
      </trkpt>
      <trkpt lat="37.28459" lon="-122.08256">
        <ele>271.44</ele>
        <time>2026-03-22T23:59:34Z</time>
      </trkpt>
      <trkpt lat="37.28458" lon="-122.08252">
        <ele>271.11</ele>
        <time>2026-03-22T23:59:37Z</time>
      </trkpt>
      <trkpt lat="37.28457" lon="-122.08249">
        <ele>271.11</ele>
        <time>2026-03-22T23:59:40Z</time>
      </trkpt>
      <trkpt lat="37.28454" lon="-122.08245">
        <ele>272.3</ele>
        <time>2026-03-22T23:59:43Z</time>
      </trkpt>
      <trkpt lat="37.28452" lon="-122.08241">
        <ele>272.95</ele>
        <time>2026-03-22T23:59:46Z</time>
      </trkpt>
      <trkpt lat="37.28449" lon="-122.08237">
        <ele>274.14</ele>
        <time>2026-03-22T23:59:49Z</time>
      </trkpt>
      <trkpt lat="37.28447" lon="-122.08233">
        <ele>274.78</ele>
        <time>2026-03-22T23:59:52Z</time>
      </trkpt>
      <trkpt lat="37.28446" lon="-122.08229">
        <ele>274.85</ele>
        <time>2026-03-22T23:59:54Z</time>
      </trkpt>
      <trkpt lat="37.28445" lon="-122.08223">
        <ele>274.73</ele>
        <time>2026-03-22T23:59:56Z</time>
      </trkpt>
      <trkpt lat="37.28444" lon="-122.08218">
        <ele>274.35</ele>
        <time>2026-03-22T23:59:58Z</time>
      </trkpt>
      <trkpt lat="37.28443" lon="-122.08213">
        <ele>273.94</ele>
        <time>2026-03-23T00:00:01Z</time>
      </trkpt>
      <trkpt lat="37.28441" lon="-122.08209">
        <ele>274.8</ele>
        <time>2026-03-23T00:00:04Z</time>
      </trkpt>
      <trkpt lat="37.2844" lon="-122.08204">
        <ele>274.91</ele>
        <time>2026-03-23T00:00:07Z</time>
      </trkpt>
      <trkpt lat="37.28441" lon="-122.08199">
        <ele>274.23</ele>
        <time>2026-03-23T00:00:10Z</time>
      </trkpt>
      <trkpt lat="37.28443" lon="-122.08194">
        <ele>272.78</ele>
        <time>2026-03-23T00:00:13Z</time>
      </trkpt>
      <trkpt lat="37.28442" lon="-122.0819">
        <ele>271.89</ele>
        <time>2026-03-23T00:00:16Z</time>
      </trkpt>
      <trkpt lat="37.28439" lon="-122.08186">
        <ele>271.72</ele>
        <time>2026-03-23T00:00:19Z</time>
      </trkpt>
      <trkpt lat="37.28436" lon="-122.08184">
        <ele>272.15</ele>
        <time>2026-03-23T00:00:22Z</time>
      </trkpt>
      <trkpt lat="37.28434" lon="-122.08181">
        <ele>271.65</ele>
        <time>2026-03-23T00:00:24Z</time>
      </trkpt>
      <trkpt lat="37.28431" lon="-122.08179">
        <ele>271.83</ele>
        <time>2026-03-23T00:00:26Z</time>
      </trkpt>
      <trkpt lat="37.28428" lon="-122.08177">
        <ele>271.88</ele>
        <time>2026-03-23T00:00:29Z</time>
      </trkpt>
      <trkpt lat="37.28424" lon="-122.08177">
        <ele>273.41</ele>
        <time>2026-03-23T00:00:32Z</time>
      </trkpt>
      <trkpt lat="37.28419" lon="-122.08175">
        <ele>274.59</ele>
        <time>2026-03-23T00:00:36Z</time>
      </trkpt>
      <trkpt lat="37.28416" lon="-122.08173">
        <ele>275.05</ele>
        <time>2026-03-23T00:00:39Z</time>
      </trkpt>
      <trkpt lat="37.28413" lon="-122.08171">
        <ele>275.43</ele>
        <time>2026-03-23T00:00:42Z</time>
      </trkpt>
      <trkpt lat="37.2841" lon="-122.08168">
        <ele>274.94</ele>
        <time>2026-03-23T00:00:45Z</time>
      </trkpt>
      <trkpt lat="37.28407" lon="-122.08166">
        <ele>274.88</ele>
        <time>2026-03-23T00:00:47Z</time>
      </trkpt>
      <trkpt lat="37.28404" lon="-122.08164">
        <ele>275.11</ele>
        <time>2026-03-23T00:00:50Z</time>
      </trkpt>
      <trkpt lat="37.284" lon="-122.08163">
        <ele>275.98</ele>
        <time>2026-03-23T00:00:53Z</time>
      </trkpt>
      <trkpt lat="37.28397" lon="-122.08161">
        <ele>275.7</ele>
        <time>2026-03-23T00:00:56Z</time>
      </trkpt>
      <trkpt lat="37.28393" lon="-122.08158">
        <ele>275.05</ele>
        <time>2026-03-23T00:00:59Z</time>
      </trkpt>
      <trkpt lat="37.2839" lon="-122.08156">
        <ele>274.88</ele>
        <time>2026-03-23T00:01:02Z</time>
      </trkpt>
      <trkpt lat="37.28386" lon="-122.08154">
        <ele>274.78</ele>
        <time>2026-03-23T00:01:06Z</time>
      </trkpt>
      <trkpt lat="37.2838" lon="-122.08152">
        <ele>275.0</ele>
        <time>2026-03-23T00:01:10Z</time>
      </trkpt>
      <trkpt lat="37.28372" lon="-122.0815">
        <ele>276.31</ele>
        <time>2026-03-23T00:01:13Z</time>
      </trkpt>
      <trkpt lat="37.28368" lon="-122.08149">
        <ele>276.42</ele>
        <time>2026-03-23T00:01:15Z</time>
      </trkpt>
      <trkpt lat="37.28363" lon="-122.08148">
        <ele>275.96</ele>
        <time>2026-03-23T00:01:19Z</time>
      </trkpt>
      <trkpt lat="37.28359" lon="-122.08147">
        <ele>275.7</ele>
        <time>2026-03-23T00:01:24Z</time>
      </trkpt>
      <trkpt lat="37.28355" lon="-122.08146">
        <ele>275.23</ele>
        <time>2026-03-23T00:01:28Z</time>
      </trkpt>
      <trkpt lat="37.28351" lon="-122.08145">
        <ele>274.83</ele>
        <time>2026-03-23T00:01:33Z</time>
      </trkpt>
      <trkpt lat="37.28347" lon="-122.08144">
        <ele>275.62</ele>
        <time>2026-03-23T00:01:37Z</time>
      </trkpt>
      <trkpt lat="37.28343" lon="-122.08144">
        <ele>276.78</ele>
        <time>2026-03-23T00:01:40Z</time>
      </trkpt>
      <trkpt lat="37.28339" lon="-122.08144">
        <ele>280.04</ele>
        <time>2026-03-23T00:01:43Z</time>
      </trkpt>
      <trkpt lat="37.28341" lon="-122.0814">
        <ele>279.01</ele>
        <time>2026-03-23T00:01:54Z</time>
      </trkpt>
      <trkpt lat="37.28346" lon="-122.08138">
        <ele>276.3</ele>
        <time>2026-03-23T00:01:57Z</time>
      </trkpt>
      <trkpt lat="37.28352" lon="-122.08135">
        <ele>273.69</ele>
        <time>2026-03-23T00:02:01Z</time>
      </trkpt>
      <trkpt lat="37.28355" lon="-122.08131">
        <ele>274.93</ele>
        <time>2026-03-23T00:02:04Z</time>
      </trkpt>
      <trkpt lat="37.28357" lon="-122.08125">
        <ele>276.55</ele>
        <time>2026-03-23T00:02:06Z</time>
      </trkpt>
      <trkpt lat="37.28359" lon="-122.0812">
        <ele>277.26</ele>
        <time>2026-03-23T00:02:08Z</time>
      </trkpt>
      <trkpt lat="37.28361" lon="-122.08114">
        <ele>278.12</ele>
        <time>2026-03-23T00:02:11Z</time>
      </trkpt>
      <trkpt lat="37.28364" lon="-122.08111">
        <ele>277.14</ele>
        <time>2026-03-23T00:02:14Z</time>
      </trkpt>
      <trkpt lat="37.28367" lon="-122.08108">
        <ele>275.52</ele>
        <time>2026-03-23T00:02:17Z</time>
      </trkpt>
      <trkpt lat="37.28369" lon="-122.08104">
        <ele>274.66</ele>
        <time>2026-03-23T00:02:20Z</time>
      </trkpt>
      <trkpt lat="37.28372" lon="-122.081">
        <ele>273.44</ele>
        <time>2026-03-23T00:02:23Z</time>
      </trkpt>
      <trkpt lat="37.28373" lon="-122.08098">
        <ele>273.03</ele>
        <time>2026-03-23T00:02:25Z</time>
      </trkpt>
      <trkpt lat="37.28374" lon="-122.08094">
        <ele>272.49</ele>
        <time>2026-03-23T00:02:28Z</time>
      </trkpt>
      <trkpt lat="37.28377" lon="-122.08099">
        <ele>271.63</ele>
        <time>2026-03-23T00:02:35Z</time>
      </trkpt>
      <trkpt lat="37.2838" lon="-122.08096">
        <ele>270.22</ele>
        <time>2026-03-23T00:02:42Z</time>
      </trkpt>
      <trkpt lat="37.28379" lon="-122.08091">
        <ele>270.08</ele>
        <time>2026-03-23T00:02:45Z</time>
      </trkpt>
      <trkpt lat="37.28377" lon="-122.08088">
        <ele>270.36</ele>
        <time>2026-03-23T00:02:47Z</time>
      </trkpt>
      <trkpt lat="37.28374" lon="-122.08085">
        <ele>270.61</ele>
        <time>2026-03-23T00:02:49Z</time>
      </trkpt>
      <trkpt lat="37.28372" lon="-122.0808">
        <ele>269.93</ele>
        <time>2026-03-23T00:02:52Z</time>
      </trkpt>
      <trkpt lat="37.2837" lon="-122.08076">
        <ele>269.58</ele>
        <time>2026-03-23T00:02:55Z</time>
      </trkpt>
      <trkpt lat="37.28369" lon="-122.08071">
        <ele>268.93</ele>
        <time>2026-03-23T00:02:58Z</time>
      </trkpt>
      <trkpt lat="37.28367" lon="-122.08066">
        <ele>268.71</ele>
        <time>2026-03-23T00:03:02Z</time>
      </trkpt>
      <trkpt lat="37.28365" lon="-122.08061">
        <ele>268.26</ele>
        <time>2026-03-23T00:03:05Z</time>
      </trkpt>
      <trkpt lat="37.28364" lon="-122.08056">
        <ele>267.19</ele>
        <time>2026-03-23T00:03:08Z</time>
      </trkpt>
      <trkpt lat="37.28363" lon="-122.08052">
        <ele>266.46</ele>
        <time>2026-03-23T00:03:11Z</time>
      </trkpt>
      <trkpt lat="37.2836" lon="-122.08047">
        <ele>266.52</ele>
        <time>2026-03-23T00:03:14Z</time>
      </trkpt>
      <trkpt lat="37.28357" lon="-122.08043">
        <ele>265.71</ele>
        <time>2026-03-23T00:03:17Z</time>
      </trkpt>
      <trkpt lat="37.28354" lon="-122.08038">
        <ele>264.51</ele>
        <time>2026-03-23T00:03:20Z</time>
      </trkpt>
      <trkpt lat="37.28352" lon="-122.08034">
        <ele>263.3</ele>
        <time>2026-03-23T00:03:23Z</time>
      </trkpt>
      <trkpt lat="37.28349" lon="-122.0803">
        <ele>262.36</ele>
        <time>2026-03-23T00:03:27Z</time>
      </trkpt>
      <trkpt lat="37.28345" lon="-122.08024">
        <ele>260.92</ele>
        <time>2026-03-23T00:03:32Z</time>
      </trkpt>
      <trkpt lat="37.28343" lon="-122.08021">
        <ele>260.16</ele>
        <time>2026-03-23T00:03:35Z</time>
      </trkpt>
      <trkpt lat="37.28341" lon="-122.08018">
        <ele>259.64</ele>
        <time>2026-03-23T00:03:38Z</time>
      </trkpt>
      <trkpt lat="37.28338" lon="-122.08015">
        <ele>259.96</ele>
        <time>2026-03-23T00:03:41Z</time>
      </trkpt>
      <trkpt lat="37.28336" lon="-122.08012">
        <ele>259.74</ele>
        <time>2026-03-23T00:03:44Z</time>
      </trkpt>
      <trkpt lat="37.28334" lon="-122.08008">
        <ele>259.11</ele>
        <time>2026-03-23T00:03:47Z</time>
      </trkpt>
      <trkpt lat="37.28332" lon="-122.08005">
        <ele>258.67</ele>
        <time>2026-03-23T00:03:50Z</time>
      </trkpt>
      <trkpt lat="37.2833" lon="-122.08003">
        <ele>258.49</ele>
        <time>2026-03-23T00:03:52Z</time>
      </trkpt>
      <trkpt lat="37.28328" lon="-122.08">
        <ele>257.73</ele>
        <time>2026-03-23T00:03:55Z</time>
      </trkpt>
      <trkpt lat="37.28325" lon="-122.07995">
        <ele>257.08</ele>
        <time>2026-03-23T00:03:59Z</time>
      </trkpt>
      <trkpt lat="37.28323" lon="-122.07992">
        <ele>256.79</ele>
        <time>2026-03-23T00:04:02Z</time>
      </trkpt>
      <trkpt lat="37.28321" lon="-122.07989">
        <ele>256.31</ele>
        <time>2026-03-23T00:04:05Z</time>
      </trkpt>
      <trkpt lat="37.28318" lon="-122.07984">
        <ele>255.53</ele>
        <time>2026-03-23T00:04:09Z</time>
      </trkpt>
      <trkpt lat="37.28315" lon="-122.07981">
        <ele>255.77</ele>
        <time>2026-03-23T00:04:12Z</time>
      </trkpt>
      <trkpt lat="37.28312" lon="-122.07977">
        <ele>255.62</ele>
        <time>2026-03-23T00:04:16Z</time>
      </trkpt>
      <trkpt lat="37.28309" lon="-122.07974">
        <ele>255.58</ele>
        <time>2026-03-23T00:04:19Z</time>
      </trkpt>
      <trkpt lat="37.28307" lon="-122.0797">
        <ele>255.05</ele>
        <time>2026-03-23T00:04:22Z</time>
      </trkpt>
      <trkpt lat="37.28304" lon="-122.07966">
        <ele>255.27</ele>
        <time>2026-03-23T00:04:26Z</time>
      </trkpt>
      <trkpt lat="37.28302" lon="-122.07962">
        <ele>254.86</ele>
        <time>2026-03-23T00:04:29Z</time>
      </trkpt>
      <trkpt lat="37.283" lon="-122.07959">
        <ele>254.43</ele>
        <time>2026-03-23T00:04:32Z</time>
      </trkpt>
      <trkpt lat="37.28299" lon="-122.07956">
        <ele>253.56</ele>
        <time>2026-03-23T00:04:34Z</time>
      </trkpt>
      <trkpt lat="37.28298" lon="-122.07954">
        <ele>252.93</ele>
        <time>2026-03-23T00:04:36Z</time>
      </trkpt>
      <trkpt lat="37.28301" lon="-122.0795">
        <ele>251.29</ele>
        <time>2026-03-23T00:04:40Z</time>
      </trkpt>
      <trkpt lat="37.28304" lon="-122.07946">
        <ele>249.67</ele>
        <time>2026-03-23T00:04:43Z</time>
      </trkpt>
      <trkpt lat="37.28307" lon="-122.07949">
        <ele>250.08</ele>
        <time>2026-03-23T00:04:46Z</time>
      </trkpt>
      <trkpt lat="37.2831" lon="-122.07953">
        <ele>250.78</ele>
        <time>2026-03-23T00:04:48Z</time>
      </trkpt>
      <trkpt lat="37.28312" lon="-122.07956">
        <ele>250.93</ele>
        <time>2026-03-23T00:04:50Z</time>
      </trkpt>
      <trkpt lat="37.28316" lon="-122.07958">
        <ele>250.2</ele>
        <time>2026-03-23T00:04:52Z</time>
      </trkpt>
      <trkpt lat="37.28319" lon="-122.0796">
        <ele>249.94</ele>
        <time>2026-03-23T00:04:54Z</time>
      </trkpt>
      <trkpt lat="37.28321" lon="-122.07961">
        <ele>249.84</ele>
        <time>2026-03-23T00:04:56Z</time>
      </trkpt>
      <trkpt lat="37.28325" lon="-122.07963">
        <ele>249.7</ele>
        <time>2026-03-23T00:04:59Z</time>
      </trkpt>
      <trkpt lat="37.28328" lon="-122.07965">
        <ele>248.82</ele>
        <time>2026-03-23T00:05:03Z</time>
      </trkpt>
      <trkpt lat="37.28331" lon="-122.07966">
        <ele>248.0</ele>
        <time>2026-03-23T00:05:07Z</time>
      </trkpt>
      <trkpt lat="37.28334" lon="-122.07968">
        <ele>247.41</ele>
        <time>2026-03-23T00:05:11Z</time>
      </trkpt>
      <trkpt lat="37.28338" lon="-122.07971">
        <ele>247.23</ele>
        <time>2026-03-23T00:05:15Z</time>
      </trkpt>
      <trkpt lat="37.28341" lon="-122.07973">
        <ele>247.2</ele>
        <time>2026-03-23T00:05:18Z</time>
      </trkpt>
      <trkpt lat="37.28345" lon="-122.07976">
        <ele>246.43</ele>
        <time>2026-03-23T00:05:21Z</time>
      </trkpt>
      <trkpt lat="37.28349" lon="-122.0798">
        <ele>246.09</ele>
        <time>2026-03-23T00:05:25Z</time>
      </trkpt>
      <trkpt lat="37.28352" lon="-122.07983">
        <ele>246.12</ele>
        <time>2026-03-23T00:05:28Z</time>
      </trkpt>
      <trkpt lat="37.28356" lon="-122.07986">
        <ele>245.36</ele>
        <time>2026-03-23T00:05:31Z</time>
      </trkpt>
      <trkpt lat="37.2836" lon="-122.07989">
        <ele>244.89</ele>
        <time>2026-03-23T00:05:34Z</time>
      </trkpt>
      <trkpt lat="37.28364" lon="-122.07992">
        <ele>244.51</ele>
        <time>2026-03-23T00:05:37Z</time>
      </trkpt>
      <trkpt lat="37.28368" lon="-122.07989">
        <ele>243.14</ele>
        <time>2026-03-23T00:05:41Z</time>
      </trkpt>
      <trkpt lat="37.28366" lon="-122.0798">
        <ele>241.46</ele>
        <time>2026-03-23T00:05:43Z</time>
      </trkpt>
      <trkpt lat="37.28364" lon="-122.07974">
        <ele>240.26</ele>
        <time>2026-03-23T00:05:45Z</time>
      </trkpt>
      <trkpt lat="37.28361" lon="-122.0797">
        <ele>240.32</ele>
        <time>2026-03-23T00:05:47Z</time>
      </trkpt>
      <trkpt lat="37.28358" lon="-122.07966">
        <ele>239.99</ele>
        <time>2026-03-23T00:05:49Z</time>
      </trkpt>
      <trkpt lat="37.28355" lon="-122.07962">
        <ele>239.7</ele>
        <time>2026-03-23T00:05:52Z</time>
      </trkpt>
      <trkpt lat="37.28352" lon="-122.07959">
        <ele>240.08</ele>
        <time>2026-03-23T00:05:55Z</time>
      </trkpt>
      <trkpt lat="37.28349" lon="-122.07955">
        <ele>239.94</ele>
        <time>2026-03-23T00:05:58Z</time>
      </trkpt>
      <trkpt lat="37.28347" lon="-122.07952">
        <ele>239.59</ele>
        <time>2026-03-23T00:06:00Z</time>
      </trkpt>
      <trkpt lat="37.28345" lon="-122.07948">
        <ele>239.09</ele>
        <time>2026-03-23T00:06:03Z</time>
      </trkpt>
      <trkpt lat="37.28342" lon="-122.07946">
        <ele>239.47</ele>
        <time>2026-03-23T00:06:06Z</time>
      </trkpt>
      <trkpt lat="37.2834" lon="-122.07942">
        <ele>238.69</ele>
        <time>2026-03-23T00:06:09Z</time>
      </trkpt>
      <trkpt lat="37.28338" lon="-122.07938">
        <ele>237.56</ele>
        <time>2026-03-23T00:06:12Z</time>
      </trkpt>
      <trkpt lat="37.28336" lon="-122.07935">
        <ele>236.65</ele>
        <time>2026-03-23T00:06:15Z</time>
      </trkpt>
      <trkpt lat="37.28334" lon="-122.07931">
        <ele>235.54</ele>
        <time>2026-03-23T00:06:18Z</time>
      </trkpt>
      <trkpt lat="37.28331" lon="-122.07928">
        <ele>235.23</ele>
        <time>2026-03-23T00:06:21Z</time>
      </trkpt>
      <trkpt lat="37.28328" lon="-122.07925">
        <ele>234.75</ele>
        <time>2026-03-23T00:06:24Z</time>
      </trkpt>
      <trkpt lat="37.28325" lon="-122.07922">
        <ele>234.1</ele>
        <time>2026-03-23T00:06:27Z</time>
      </trkpt>
      <trkpt lat="37.28322" lon="-122.07919">
        <ele>233.9</ele>
        <time>2026-03-23T00:06:30Z</time>
      </trkpt>
      <trkpt lat="37.28319" lon="-122.07916">
        <ele>233.94</ele>
        <time>2026-03-23T00:06:33Z</time>
      </trkpt>
      <trkpt lat="37.28316" lon="-122.07913">
        <ele>233.95</ele>
        <time>2026-03-23T00:06:36Z</time>
      </trkpt>
      <trkpt lat="37.28313" lon="-122.0791">
        <ele>233.96</ele>
        <time>2026-03-23T00:06:39Z</time>
      </trkpt>
      <trkpt lat="37.28312" lon="-122.07908">
        <ele>233.49</ele>
        <time>2026-03-23T00:06:41Z</time>
      </trkpt>
      <trkpt lat="37.2831" lon="-122.07906">
        <ele>233.39</ele>
        <time>2026-03-23T00:06:43Z</time>
      </trkpt>
      <trkpt lat="37.28308" lon="-122.07903">
        <ele>232.69</ele>
        <time>2026-03-23T00:06:45Z</time>
      </trkpt>
      <trkpt lat="37.28306" lon="-122.07901">
        <ele>232.38</ele>
        <time>2026-03-23T00:06:48Z</time>
      </trkpt>
      <trkpt lat="37.28303" lon="-122.07897">
        <ele>230.84</ele>
        <time>2026-03-23T00:06:51Z</time>
      </trkpt>
      <trkpt lat="37.28301" lon="-122.07894">
        <ele>229.52</ele>
        <time>2026-03-23T00:06:54Z</time>
      </trkpt>
      <trkpt lat="37.28298" lon="-122.07891">
        <ele>228.63</ele>
        <time>2026-03-23T00:06:57Z</time>
      </trkpt>
      <trkpt lat="37.28295" lon="-122.07888">
        <ele>227.81</ele>
        <time>2026-03-23T00:07:00Z</time>
      </trkpt>
      <trkpt lat="37.28292" lon="-122.07886">
        <ele>227.51</ele>
        <time>2026-03-23T00:07:03Z</time>
      </trkpt>
      <trkpt lat="37.28289" lon="-122.07885">
        <ele>227.81</ele>
        <time>2026-03-23T00:07:06Z</time>
      </trkpt>
      <trkpt lat="37.28286" lon="-122.07884">
        <ele>228.22</ele>
        <time>2026-03-23T00:07:09Z</time>
      </trkpt>
      <trkpt lat="37.28283" lon="-122.07882">
        <ele>228.12</ele>
        <time>2026-03-23T00:07:12Z</time>
      </trkpt>
      <trkpt lat="37.2828" lon="-122.0788">
        <ele>227.74</ele>
        <time>2026-03-23T00:07:15Z</time>
      </trkpt>
      <trkpt lat="37.28276" lon="-122.07877">
        <ele>227.48</ele>
        <time>2026-03-23T00:07:19Z</time>
      </trkpt>
      <trkpt lat="37.28273" lon="-122.07875">
        <ele>227.27</ele>
        <time>2026-03-23T00:07:22Z</time>
      </trkpt>
      <trkpt lat="37.2827" lon="-122.07873">
        <ele>226.93</ele>
        <time>2026-03-23T00:07:25Z</time>
      </trkpt>
      <trkpt lat="37.28267" lon="-122.07872">
        <ele>226.87</ele>
        <time>2026-03-23T00:07:29Z</time>
      </trkpt>
      <trkpt lat="37.28265" lon="-122.07869">
        <ele>226.08</ele>
        <time>2026-03-23T00:07:32Z</time>
      </trkpt>
      <trkpt lat="37.28262" lon="-122.07867">
        <ele>225.98</ele>
        <time>2026-03-23T00:07:35Z</time>
      </trkpt>
      <trkpt lat="37.28259" lon="-122.07865">
        <ele>225.85</ele>
        <time>2026-03-23T00:07:38Z</time>
      </trkpt>
      <trkpt lat="37.28255" lon="-122.07862">
        <ele>225.24</ele>
        <time>2026-03-23T00:07:41Z</time>
      </trkpt>
      <trkpt lat="37.28251" lon="-122.0786">
        <ele>224.87</ele>
        <time>2026-03-23T00:07:43Z</time>
      </trkpt>
      <trkpt lat="37.28248" lon="-122.07859">
        <ele>224.77</ele>
        <time>2026-03-23T00:07:45Z</time>
      </trkpt>
      <trkpt lat="37.28245" lon="-122.07858">
        <ele>224.66</ele>
        <time>2026-03-23T00:07:47Z</time>
      </trkpt>
      <trkpt lat="37.2824" lon="-122.07856">
        <ele>224.48</ele>
        <time>2026-03-23T00:07:50Z</time>
      </trkpt>
      <trkpt lat="37.28235" lon="-122.07855">
        <ele>224.55</ele>
        <time>2026-03-23T00:07:54Z</time>
      </trkpt>
      <trkpt lat="37.28232" lon="-122.07853">
        <ele>224.24</ele>
        <time>2026-03-23T00:07:57Z</time>
      </trkpt>
      <trkpt lat="37.28229" lon="-122.07852">
        <ele>224.04</ele>
        <time>2026-03-23T00:08:00Z</time>
      </trkpt>
      <trkpt lat="37.28225" lon="-122.0785">
        <ele>223.66</ele>
        <time>2026-03-23T00:08:03Z</time>
      </trkpt>
      <trkpt lat="37.28222" lon="-122.07848">
        <ele>223.19</ele>
        <time>2026-03-23T00:08:06Z</time>
      </trkpt>
      <trkpt lat="37.28217" lon="-122.07845">
        <ele>223.08</ele>
        <time>2026-03-23T00:08:10Z</time>
      </trkpt>
      <trkpt lat="37.28214" lon="-122.07842">
        <ele>222.77</ele>
        <time>2026-03-23T00:08:13Z</time>
      </trkpt>
      <trkpt lat="37.28211" lon="-122.0784">
        <ele>222.65</ele>
        <time>2026-03-23T00:08:15Z</time>
      </trkpt>
      <trkpt lat="37.28208" lon="-122.07838">
        <ele>222.54</ele>
        <time>2026-03-23T00:08:18Z</time>
      </trkpt>
      <trkpt lat="37.28205" lon="-122.07835">
        <ele>222.22</ele>
        <time>2026-03-23T00:08:21Z</time>
      </trkpt>
      <trkpt lat="37.28202" lon="-122.07833">
        <ele>221.93</ele>
        <time>2026-03-23T00:08:24Z</time>
      </trkpt>
      <trkpt lat="37.28199" lon="-122.0783">
        <ele>221.28</ele>
        <time>2026-03-23T00:08:28Z</time>
      </trkpt>
      <trkpt lat="37.28196" lon="-122.07827">
        <ele>220.63</ele>
        <time>2026-03-23T00:08:32Z</time>
      </trkpt>
      <trkpt lat="37.28191" lon="-122.07823">
        <ele>220.54</ele>
        <time>2026-03-23T00:08:37Z</time>
      </trkpt>
      <trkpt lat="37.28187" lon="-122.07819">
        <ele>220.18</ele>
        <time>2026-03-23T00:08:41Z</time>
      </trkpt>
      <trkpt lat="37.28183" lon="-122.07816">
        <ele>219.62</ele>
        <time>2026-03-23T00:08:44Z</time>
      </trkpt>
      <trkpt lat="37.28181" lon="-122.0781">
        <ele>218.65</ele>
        <time>2026-03-23T00:08:46Z</time>
      </trkpt>
      <trkpt lat="37.28179" lon="-122.07803">
        <ele>218.06</ele>
        <time>2026-03-23T00:08:48Z</time>
      </trkpt>
      <trkpt lat="37.28177" lon="-122.07798">
        <ele>217.95</ele>
        <time>2026-03-23T00:08:50Z</time>
      </trkpt>
      <trkpt lat="37.28174" lon="-122.07792">
        <ele>217.95</ele>
        <time>2026-03-23T00:08:54Z</time>
      </trkpt>
      <trkpt lat="37.28175" lon="-122.07788">
        <ele>217.3</ele>
        <time>2026-03-23T00:08:57Z</time>
      </trkpt>
      <trkpt lat="37.28178" lon="-122.07785">
        <ele>217.17</ele>
        <time>2026-03-23T00:08:59Z</time>
      </trkpt>
      <trkpt lat="37.28181" lon="-122.07782">
        <ele>217.24</ele>
        <time>2026-03-23T00:09:01Z</time>
      </trkpt>
      <trkpt lat="37.28185" lon="-122.07779">
        <ele>216.91</ele>
        <time>2026-03-23T00:09:04Z</time>
      </trkpt>
      <trkpt lat="37.28189" lon="-122.07777">
        <ele>216.34</ele>
        <time>2026-03-23T00:09:07Z</time>
      </trkpt>
      <trkpt lat="37.28193" lon="-122.07775">
        <ele>215.91</ele>
        <time>2026-03-23T00:09:10Z</time>
      </trkpt>
      <trkpt lat="37.28197" lon="-122.07774">
        <ele>215.7</ele>
        <time>2026-03-23T00:09:13Z</time>
      </trkpt>
      <trkpt lat="37.28201" lon="-122.07773">
        <ele>215.67</ele>
        <time>2026-03-23T00:09:16Z</time>
      </trkpt>
      <trkpt lat="37.28204" lon="-122.07775">
        <ele>215.23</ele>
        <time>2026-03-23T00:09:18Z</time>
      </trkpt>
      <trkpt lat="37.28207" lon="-122.07779">
        <ele>214.25</ele>
        <time>2026-03-23T00:09:20Z</time>
      </trkpt>
      <trkpt lat="37.2821" lon="-122.07783">
        <ele>213.84</ele>
        <time>2026-03-23T00:09:22Z</time>
      </trkpt>
      <trkpt lat="37.28213" lon="-122.07786">
        <ele>213.88</ele>
        <time>2026-03-23T00:09:24Z</time>
      </trkpt>
      <trkpt lat="37.28216" lon="-122.07789">
        <ele>213.53</ele>
        <time>2026-03-23T00:09:26Z</time>
      </trkpt>
      <trkpt lat="37.2822" lon="-122.0779">
        <ele>213.16</ele>
        <time>2026-03-23T00:09:29Z</time>
      </trkpt>
      <trkpt lat="37.28223" lon="-122.07791">
        <ele>212.95</ele>
        <time>2026-03-23T00:09:32Z</time>
      </trkpt>
      <trkpt lat="37.28225" lon="-122.07788">
        <ele>212.73</ele>
        <time>2026-03-23T00:09:36Z</time>
      </trkpt>
      <trkpt lat="37.2822" lon="-122.07784">
        <ele>212.41</ele>
        <time>2026-03-23T00:09:38Z</time>
      </trkpt>
      <trkpt lat="37.28217" lon="-122.07782">
        <ele>212.55</ele>
        <time>2026-03-23T00:09:39Z</time>
      </trkpt>
      <trkpt lat="37.28212" lon="-122.07778">
        <ele>213.23</ele>
        <time>2026-03-23T00:09:41Z</time>
      </trkpt>
      <trkpt lat="37.2821" lon="-122.07774">
        <ele>213.77</ele>
        <time>2026-03-23T00:09:43Z</time>
      </trkpt>
      <trkpt lat="37.28209" lon="-122.0777">
        <ele>214.22</ele>
        <time>2026-03-23T00:09:46Z</time>
      </trkpt>
      <trkpt lat="37.28209" lon="-122.07764">
        <ele>215.26</ele>
        <time>2026-03-23T00:09:50Z</time>
      </trkpt>
      <trkpt lat="37.2821" lon="-122.0776">
        <ele>215.8</ele>
        <time>2026-03-23T00:09:54Z</time>
      </trkpt>
      <trkpt lat="37.28213" lon="-122.07756">
        <ele>216.04</ele>
        <time>2026-03-23T00:09:58Z</time>
      </trkpt>
      <trkpt lat="37.28216" lon="-122.07753">
        <ele>215.94</ele>
        <time>2026-03-23T00:10:01Z</time>
      </trkpt>
      <trkpt lat="37.2822" lon="-122.07749">
        <ele>216.07</ele>
        <time>2026-03-23T00:10:05Z</time>
      </trkpt>
      <trkpt lat="37.28223" lon="-122.07747">
        <ele>215.75</ele>
        <time>2026-03-23T00:10:08Z</time>
      </trkpt>
      <trkpt lat="37.28227" lon="-122.07746">
        <ele>214.97</ele>
        <time>2026-03-23T00:10:10Z</time>
      </trkpt>
      <trkpt lat="37.2823" lon="-122.07746">
        <ele>214.14</ele>
        <time>2026-03-23T00:10:11Z</time>
      </trkpt>
      <trkpt lat="37.28235" lon="-122.07746">
        <ele>212.75</ele>
        <time>2026-03-23T00:10:12Z</time>
      </trkpt>
      <trkpt lat="37.28241" lon="-122.07747">
        <ele>210.55</ele>
        <time>2026-03-23T00:10:14Z</time>
      </trkpt>
      <trkpt lat="37.28244" lon="-122.07748">
        <ele>209.22</ele>
        <time>2026-03-23T00:10:16Z</time>
      </trkpt>
      <trkpt lat="37.28249" lon="-122.07749">
        <ele>207.56</ele>
        <time>2026-03-23T00:10:19Z</time>
      </trkpt>
      <trkpt lat="37.28252" lon="-122.0775">
        <ele>206.35</ele>
        <time>2026-03-23T00:10:21Z</time>
      </trkpt>
      <trkpt lat="37.28258" lon="-122.0775">
        <ele>204.41</ele>
        <time>2026-03-23T00:10:24Z</time>
      </trkpt>
      <trkpt lat="37.28263" lon="-122.0775">
        <ele>202.79</ele>
        <time>2026-03-23T00:10:27Z</time>
      </trkpt>
      <trkpt lat="37.28267" lon="-122.07748">
        <ele>202.1</ele>
        <time>2026-03-23T00:10:30Z</time>
      </trkpt>
      <trkpt lat="37.2827" lon="-122.07746">
        <ele>201.91</ele>
        <time>2026-03-23T00:10:33Z</time>
      </trkpt>
      <trkpt lat="37.28274" lon="-122.07744">
        <ele>201.38</ele>
        <time>2026-03-23T00:10:36Z</time>
      </trkpt>
      <trkpt lat="37.28275" lon="-122.0774">
        <ele>201.82</ele>
        <time>2026-03-23T00:10:39Z</time>
      </trkpt>
      <trkpt lat="37.28274" lon="-122.07734">
        <ele>201.5</ele>
        <time>2026-03-23T00:10:41Z</time>
      </trkpt>
      <trkpt lat="37.28272" lon="-122.0773">
        <ele>201.49</ele>
        <time>2026-03-23T00:10:43Z</time>
      </trkpt>
      <trkpt lat="37.2827" lon="-122.07726">
        <ele>201.24</ele>
        <time>2026-03-23T00:10:46Z</time>
      </trkpt>
      <trkpt lat="37.28268" lon="-122.07722">
        <ele>201.49</ele>
        <time>2026-03-23T00:10:49Z</time>
      </trkpt>
      <trkpt lat="37.28267" lon="-122.07718">
        <ele>203.97</ele>
        <time>2026-03-23T00:10:52Z</time>
      </trkpt>
      <trkpt lat="37.28268" lon="-122.07715">
        <ele>204.51</ele>
        <time>2026-03-23T00:10:55Z</time>
      </trkpt>
      <trkpt lat="37.28269" lon="-122.07712">
        <ele>204.69</ele>
        <time>2026-03-23T00:10:57Z</time>
      </trkpt>
      <trkpt lat="37.2827" lon="-122.07708">
        <ele>204.34</ele>
        <time>2026-03-23T00:11:00Z</time>
      </trkpt>
      <trkpt lat="37.28271" lon="-122.07704">
        <ele>204.08</ele>
        <time>2026-03-23T00:11:03Z</time>
      </trkpt>
      <trkpt lat="37.28271" lon="-122.077">
        <ele>203.83</ele>
        <time>2026-03-23T00:11:06Z</time>
      </trkpt>
      <trkpt lat="37.28272" lon="-122.07696">
        <ele>202.85</ele>
        <time>2026-03-23T00:11:09Z</time>
      </trkpt>
      <trkpt lat="37.2827" lon="-122.07691">
        <ele>202.67</ele>
        <time>2026-03-23T00:11:13Z</time>
      </trkpt>
      <trkpt lat="37.28267" lon="-122.07688">
        <ele>202.97</ele>
        <time>2026-03-23T00:11:15Z</time>
      </trkpt>
      <trkpt lat="37.28262" lon="-122.07684">
        <ele>203.09</ele>
        <time>2026-03-23T00:11:18Z</time>
      </trkpt>
      <trkpt lat="37.28259" lon="-122.07683">
        <ele>203.75</ele>
        <time>2026-03-23T00:11:20Z</time>
      </trkpt>
      <trkpt lat="37.28256" lon="-122.07681">
        <ele>204.4</ele>
        <time>2026-03-23T00:11:23Z</time>
      </trkpt>
      <trkpt lat="37.28252" lon="-122.07679">
        <ele>205.7</ele>
        <time>2026-03-23T00:11:27Z</time>
      </trkpt>
      <trkpt lat="37.28249" lon="-122.07677">
        <ele>206.44</ele>
        <time>2026-03-23T00:11:31Z</time>
      </trkpt>
      <trkpt lat="37.28245" lon="-122.07674">
        <ele>207.63</ele>
        <time>2026-03-23T00:11:35Z</time>
      </trkpt>
      <trkpt lat="37.28242" lon="-122.07671">
        <ele>207.93</ele>
        <time>2026-03-23T00:11:38Z</time>
      </trkpt>
      <trkpt lat="37.2824" lon="-122.07669">
        <ele>207.93</ele>
        <time>2026-03-23T00:11:40Z</time>
      </trkpt>
      <trkpt lat="37.28237" lon="-122.07666">
        <ele>207.99</ele>
        <time>2026-03-23T00:11:43Z</time>
      </trkpt>
      <trkpt lat="37.28233" lon="-122.07662">
        <ele>207.99</ele>
        <time>2026-03-23T00:11:47Z</time>
      </trkpt>
      <trkpt lat="37.2823" lon="-122.07657">
        <ele>206.27</ele>
        <time>2026-03-23T00:11:51Z</time>
      </trkpt>
      <trkpt lat="37.28227" lon="-122.07654">
        <ele>205.79</ele>
        <time>2026-03-23T00:11:54Z</time>
      </trkpt>
      <trkpt lat="37.28225" lon="-122.0765">
        <ele>204.66</ele>
        <time>2026-03-23T00:11:57Z</time>
      </trkpt>
      <trkpt lat="37.28222" lon="-122.07646">
        <ele>203.57</ele>
        <time>2026-03-23T00:12:00Z</time>
      </trkpt>
      <trkpt lat="37.28208" lon="-122.0763">
        <ele>195.16</ele>
        <time>2026-03-23T00:12:18Z</time>
      </trkpt>
      <trkpt lat="37.28191" lon="-122.07621">
        <ele>196.6</ele>
        <time>2026-03-23T00:12:36Z</time>
      </trkpt>
      <trkpt lat="37.28185" lon="-122.07615">
        <ele>197.89</ele>
        <time>2026-03-23T00:12:43Z</time>
      </trkpt>
      <trkpt lat="37.28181" lon="-122.07608">
        <ele>197.84</ele>
        <time>2026-03-23T00:12:49Z</time>
      </trkpt>
      <trkpt lat="37.28176" lon="-122.076">
        <ele>198.57</ele>
        <time>2026-03-23T00:12:56Z</time>
      </trkpt>
      <trkpt lat="37.28172" lon="-122.07591">
        <ele>197.43</ele>
        <time>2026-03-23T00:13:03Z</time>
      </trkpt>
      <trkpt lat="37.28167" lon="-122.07582">
        <ele>195.24</ele>
        <time>2026-03-23T00:13:11Z</time>
      </trkpt>
      <trkpt lat="37.28155" lon="-122.07568">
        <ele>192.07</ele>
        <time>2026-03-23T00:13:25Z</time>
      </trkpt>
      <trkpt lat="37.2815" lon="-122.07561">
        <ele>191.41</ele>
        <time>2026-03-23T00:13:31Z</time>
      </trkpt>
      <trkpt lat="37.28144" lon="-122.07554">
        <ele>190.39</ele>
        <time>2026-03-23T00:13:37Z</time>
      </trkpt>
      <trkpt lat="37.28139" lon="-122.07549">
        <ele>189.56</ele>
        <time>2026-03-23T00:13:42Z</time>
      </trkpt>
      <trkpt lat="37.28133" lon="-122.07543">
        <ele>187.52</ele>
        <time>2026-03-23T00:13:49Z</time>
      </trkpt>
      <trkpt lat="37.28126" lon="-122.07537">
        <ele>185.6</ele>
        <time>2026-03-23T00:13:56Z</time>
      </trkpt>
      <trkpt lat="37.28121" lon="-122.07531">
        <ele>183.11</ele>
        <time>2026-03-23T00:14:02Z</time>
      </trkpt>
      <trkpt lat="37.28115" lon="-122.07522">
        <ele>182.35</ele>
        <time>2026-03-23T00:14:13Z</time>
      </trkpt>
      <trkpt lat="37.28111" lon="-122.07514">
        <ele>179.57</ele>
        <time>2026-03-23T00:14:23Z</time>
      </trkpt>
      <trkpt lat="37.28102" lon="-122.07501">
        <ele>178.95</ele>
        <time>2026-03-23T00:14:41Z</time>
      </trkpt>
      <trkpt lat="37.28095" lon="-122.07491">
        <ele>178.3</ele>
        <time>2026-03-23T00:14:56Z</time>
      </trkpt>
      <trkpt lat="37.28086" lon="-122.07479">
        <ele>177.27</ele>
        <time>2026-03-23T00:15:14Z</time>
      </trkpt>
      <trkpt lat="37.28078" lon="-122.07467">
        <ele>180.29</ele>
        <time>2026-03-23T00:15:27Z</time>
      </trkpt>
      <trkpt lat="37.28072" lon="-122.07454">
        <ele>182.23</ele>
        <time>2026-03-23T00:15:40Z</time>
      </trkpt>
      <trkpt lat="37.28066" lon="-122.07436">
        <ele>180.96</ele>
        <time>2026-03-23T00:15:56Z</time>
      </trkpt>
      <trkpt lat="37.28059" lon="-122.07417">
        <ele>179.66</ele>
        <time>2026-03-23T00:16:13Z</time>
      </trkpt>
      <trkpt lat="37.28068" lon="-122.07403">
        <ele>177.18</ele>
        <time>2026-03-23T00:16:16Z</time>
      </trkpt>
      <trkpt lat="37.28079" lon="-122.07388">
        <ele>174.95</ele>
        <time>2026-03-23T00:16:18Z</time>
      </trkpt>
      <trkpt lat="37.28086" lon="-122.07374">
        <ele>174.43</ele>
        <time>2026-03-23T00:16:21Z</time>
      </trkpt>
      <trkpt lat="37.28085" lon="-122.07361">
        <ele>174.01</ele>
        <time>2026-03-23T00:16:28Z</time>
      </trkpt>
      <trkpt lat="37.2808" lon="-122.07352">
        <ele>174.99</ele>
        <time>2026-03-23T00:16:35Z</time>
      </trkpt>
      <trkpt lat="37.28075" lon="-122.0734">
        <ele>175.0</ele>
        <time>2026-03-23T00:16:43Z</time>
      </trkpt>
      <trkpt lat="37.28071" lon="-122.0733">
        <ele>174.4</ele>
        <time>2026-03-23T00:16:51Z</time>
      </trkpt>
      <trkpt lat="37.28068" lon="-122.07318">
        <ele>171.91</ele>
        <time>2026-03-23T00:17:03Z</time>
      </trkpt>
    </trkseg>
  </trk>
</gpx>
